MomentArm_hip_adduction_r
version=1
nRows=1575
nColumns=10
inDegrees=no

This analysis gathers basic information about muscles during a simulation (e.g., forces, tendon lengths, moment arms, etc).
Units are S.I. units (second, meters, Newtons, ...)
If the header above contains a line with 'inDegrees', this indicates whether rotational values are in degrees (yes) or radians (no).

endheader
time	bflh_r	bfsh_r	gasmed_r	glmax2_r	iliacus_r	recfem_r	soleus_r	tibant_r	vasmed_r
      0.00100000	      0.01746718	      0.00000000	     -0.00000000	     -0.00827862	     -0.00327042	     -0.01698557	      0.00000000	      0.00000000	     -0.00000000
      0.00200000	      0.02465097	      0.00000000	      0.00013646	     -0.01332883	     -0.00472848	     -0.01883308	      0.00000000	     -0.00000000	      0.00000000
      0.00300000	      0.02701613	      0.00000000	      0.00000000	     -0.01525746	     -0.00357991	     -0.02343294	      0.00000000	      0.00000000	     -0.00000000
      0.00400000	      0.02327823	      0.00000000	      0.00018034	     -0.02022000	      0.00073877	     -0.02471533	      0.00000000	      0.00000000	      0.00000000
      0.00500000	      0.02589550	      0.00000000	     -0.00000000	     -0.01456132	     -0.00387853	     -0.02147393	     -0.00000000	     -0.00000000	      0.00000000
      0.00600000	      0.01986368	      0.00000000	      0.00015311	     -0.01405817	      0.00216979	     -0.02249692	     -0.00000000	     -0.00000000	     -0.00000000
      0.00700000	      0.01853892	     -0.00000000	      0.00017089	     -0.01092204	      0.00001277	     -0.01778228	     -0.00000000	      0.00000000	     -0.00000000
      0.00800000	      0.02317881	     -0.00000000	      0.00006472	     -0.01737445	     -0.00031462	     -0.02315932	      0.00000000	      0.00000000	      0.00000000
      0.00900000	      0.03155545	     -0.00000000	     -0.00001093	     -0.02147562	     -0.00378616	     -0.02836837	     -0.00000000	     -0.00000000	     -0.00000000
      0.01000000	      0.02059700	      0.00000000	      0.00007123	     -0.01223935	     -0.00204933	     -0.01814888	      0.00000000	     -0.00000000	     -0.00000000
      0.01100000	      0.01574223	      0.00000000	      0.00025483	     -0.00705873	     -0.00486481	     -0.01499276	      0.00000000	     -0.00000000	     -0.00000000
      0.01200000	      0.01777826	      0.00000000	     -0.00000976	     -0.01671821	     -0.00040275	     -0.01529897	      0.00000000	     -0.00000000	      0.00000000
      0.01300000	      0.01843456	      0.00000000	     -0.00000000	     -0.00868925	     -0.00217438	     -0.01796564	     -0.00000000	     -0.00000000	     -0.00000000
      0.01400000	      0.02472749	     -0.00000000	      0.00006190	     -0.01802370	     -0.00217298	     -0.02196251	      0.00000000	      0.00000000	      0.00000000
      0.01500000	      0.01754363	      0.00000000	      0.00007205	     -0.01709866	     -0.00035649	     -0.01493390	      0.00000000	      0.00000000	      0.00000000
      0.01600000	      0.01985766	     -0.00000000	      0.00006197	     -0.00935557	     -0.00159609	     -0.01955052	      0.00000000	      0.00000000	      0.00000000
      0.01700000	      0.02094684	     -0.00000000	      0.00021112	     -0.02294386	      0.00236893	     -0.02355027	      0.00000000	     -0.00000000	     -0.00000000
      0.01800000	      0.01952049	      0.00000000	     -0.00000000	     -0.00663287	     -0.00527396	     -0.01870795	     -0.00000000	     -0.00000000	      0.00000000
      0.01900000	      0.01735421	     -0.00000000	      0.00000000	     -0.00908606	     -0.00194532	     -0.01557342	      0.00000000	      0.00000000	      0.00000000
      0.02000000	      0.01788193	     -0.00000000	     -0.00000280	     -0.01608119	      0.00296195	     -0.01987174	      0.00000000	      0.00000000	     -0.00000000
      0.02100000	      0.01985388	      0.00000000	      0.00010555	     -0.01702418	      0.00191218	     -0.02158902	      0.00000000	     -0.00000000	     -0.00000000
      0.02200000	      0.01545711	      0.00000000	     -0.00000247	     -0.02831791	      0.00620623	     -0.02034388	      0.00000000	      0.00000000	     -0.00000000
      0.02300000	      0.03084308	     -0.00000000	     -0.00000599	     -0.01522912	     -0.00479701	     -0.02673019	     -0.00000000	      0.00000000	      0.00000000
      0.02400000	      0.02042339	     -0.00000000	     -0.00000000	     -0.01185596	     -0.00065954	     -0.02007646	      0.00000000	      0.00000000	      0.00000000
      0.02500000	      0.01742328	     -0.00000000	     -0.00001057	     -0.01322621	     -0.00091891	     -0.01528043	     -0.00000000	      0.00000000	      0.00000000
      0.02600000	      0.01632257	      0.00000000	     -0.00001039	     -0.00763005	     -0.00387117	     -0.01323305	     -0.00000000	      0.00000000	     -0.00000000
      0.02700000	      0.02641727	      0.00000000	      0.00002989	     -0.02200862	     -0.00194460	     -0.02411048	     -0.00000000	      0.00000000	      0.00000000
      0.02800000	      0.01722696	     -0.00000000	      0.00012270	     -0.00916335	     -0.00407691	     -0.01333500	      0.00000000	      0.00000000	      0.00000000
      0.02900000	      0.03060977	      0.00000000	     -0.00000969	     -0.02171996	     -0.00352342	     -0.02738117	     -0.00000000	     -0.00000000	     -0.00000000
      0.03000000	      0.01803806	      0.00000000	     -0.00000829	     -0.01789172	      0.00199248	     -0.01831143	      0.00000000	     -0.00000000	     -0.00000000
      0.03100000	      0.03339497	     -0.00000000	      0.00006020	     -0.01287152	     -0.00573188	     -0.02931745	      0.00000000	      0.00000000	      0.00000000
      0.03200000	      0.02901099	     -0.00000000	     -0.00000000	     -0.01448254	     -0.00231503	     -0.02866721	     -0.00000000	     -0.00000000	     -0.00000000
      0.03300000	      0.01989958	      0.00000000	     -0.00000000	     -0.01115703	     -0.00041575	     -0.01998531	      0.00000000	     -0.00000000	      0.00000000
      0.03400000	      0.01982587	     -0.00000000	      0.00010619	     -0.01122120	      0.00090796	     -0.02149528	     -0.00000000	      0.00000000	     -0.00000000
      0.03500000	      0.01371795	      0.00000000	      0.00018273	     -0.00635851	     -0.00489576	     -0.01216992	      0.00000000	     -0.00000000	      0.00000000
      0.03600000	      0.01803915	      0.00000000	      0.00000000	     -0.01783476	      0.00349359	     -0.02087044	      0.00000000	      0.00000000	      0.00000000
      0.03700000	      0.01840678	      0.00000000	      0.00022327	     -0.02064407	      0.00371037	     -0.02163806	      0.00000000	     -0.00000000	     -0.00000000
      0.03800000	      0.02430876	     -0.00000000	     -0.00000000	     -0.01666133	     -0.00297613	     -0.01968302	     -0.00000000	      0.00000000	     -0.00000000
      0.03900000	      0.02432788	      0.00000000	     -0.00000000	     -0.01887823	     -0.00182200	     -0.02158691	      0.00000000	     -0.00000000	     -0.00000000
      0.04000000	      0.01697005	     -0.00000000	     -0.00000131	     -0.01558961	      0.00442924	     -0.02061776	     -0.00000000	     -0.00000000	      0.00000000
      0.04100000	      0.01815398	     -0.00000000	      0.00008244	     -0.01181413	      0.00148027	     -0.01903227	     -0.00000000	      0.00000000	     -0.00000000
      0.04200000	      0.01820879	     -0.00000000	      0.00029317	     -0.01113900	     -0.00010844	     -0.01804364	      0.00000000	      0.00000000	      0.00000000
      0.04300000	      0.01374127	      0.00000000	      0.00010744	     -0.00871784	     -0.00559787	     -0.01350689	      0.00000000	     -0.00000000	      0.00000000
      0.04400000	      0.01520296	      0.00000000	      0.00011789	     -0.01053347	     -0.00230709	     -0.01269802	      0.00000000	      0.00000000	     -0.00000000
      0.04500000	      0.02314852	      0.00000000	     -0.00000000	     -0.01931683	      0.00069366	     -0.02447908	     -0.00000000	      0.00000000	     -0.00000000
      0.04600000	      0.01983949	      0.00000000	      0.00011561	     -0.00884430	     -0.00370422	     -0.01699875	     -0.00000000	     -0.00000000	      0.00000000
      0.04700000	      0.02290975	     -0.00000000	     -0.00000476	     -0.02011663	     -0.00047436	     -0.02178042	     -0.00000000	     -0.00000000	     -0.00000000
      0.04800000	      0.01971959	     -0.00000000	     -0.00000000	     -0.01647812	      0.00039804	     -0.01911341	      0.00000000	      0.00000000	     -0.00000000
      0.04900000	      0.02143868	      0.00000000	      0.00000238	     -0.00940535	     -0.00137475	     -0.02172626	      0.00000000	      0.00000000	      0.00000000
      0.05000000	      0.01683767	     -0.00000000	      0.00019256	     -0.01137260	     -0.00141979	     -0.01477945	     -0.00000000	     -0.00000000	      0.00000000
      0.05100000	      0.02061670	      0.00000000	      0.00000000	     -0.00951611	     -0.00087759	     -0.02128613	     -0.00000000	      0.00000000	      0.00000000
      0.05200000	      0.02661838	      0.00000000	     -0.00001104	     -0.01441086	     -0.00365544	     -0.02318808	      0.00000000	     -0.00000000	      0.00000000
      0.05300000	      0.02020786	      0.00000000	      0.00008032	     -0.00792654	     -0.00327205	     -0.01846368	     -0.00000000	     -0.00000000	      0.00000000
      0.05400000	      0.02347932	      0.00000000	     -0.00000000	     -0.01098928	     -0.00134800	     -0.02340994	     -0.00000000	      0.00000000	     -0.00000000
      0.05500000	      0.02620836	     -0.00000000	      0.00021676	     -0.01232310	     -0.00411496	     -0.02297005	     -0.00000000	     -0.00000000	     -0.00000000
      0.05600000	      0.02030058	     -0.00000000	      0.00011948	     -0.02285550	      0.00226926	     -0.02225717	     -0.00000000	     -0.00000000	     -0.00000000
      0.05700000	      0.01851406	      0.00000000	      0.00003672	     -0.01700415	     -0.00014953	     -0.01642738	      0.00000000	      0.00000000	     -0.00000000
      0.05800000	      0.01653387	      0.00000000	      0.00000000	     -0.01255728	     -0.00185883	     -0.01316667	      0.00000000	      0.00000000	      0.00000000
      0.05900000	      0.01633005	      0.00000000	      0.00016789	     -0.01072922	     -0.00247066	     -0.01337608	      0.00000000	      0.00000000	     -0.00000000
      0.06000000	      0.01680805	      0.00000000	      0.00000000	     -0.00876091	     -0.00295261	     -0.01461471	      0.00000000	      0.00000000	      0.00000000
      0.06100000	      0.03393619	      0.00000000	     -0.00000913	     -0.01471348	     -0.00508810	     -0.03059215	      0.00000000	      0.00000000	      0.00000000
      0.06200000	      0.00887106	      0.00000000	      0.00000192	      0.00044035	     -0.00654922	     -0.01067703	      0.00000000	      0.00000000	     -0.00000000
      0.06300000	      0.03284872	     -0.00000000	      0.00004907	     -0.01188224	     -0.00548269	     -0.02939413	      0.00000000	      0.00000000	     -0.00000000
      0.06400000	      0.01465242	      0.00000000	     -0.00001018	     -0.00915880	     -0.00356956	     -0.01027329	     -0.00000000	     -0.00000000	     -0.00000000
      0.06500000	      0.02451625	      0.00000000	      0.00015516	     -0.01775136	      0.00025158	     -0.02598628	     -0.00000000	      0.00000000	      0.00000000
      0.06600000	      0.01904332	      0.00000000	      0.00016776	     -0.01789601	      0.00273754	     -0.02142444	     -0.00000000	     -0.00000000	      0.00000000
      0.06700000	      0.01718365	      0.00000000	      0.00012992	     -0.00846595	     -0.00306622	     -0.01681129	      0.00000000	      0.00000000	     -0.00000000
      0.06800000	      0.01795500	     -0.00000000	     -0.00000000	     -0.01243584	      0.00231103	     -0.01959939	     -0.00000000	      0.00000000	     -0.00000000
      0.06900000	      0.01838096	     -0.00000000	     -0.00000000	     -0.01453148	      0.00325868	     -0.02154716	     -0.00000000	      0.00000000	     -0.00000000
      0.07000000	      0.01771498	      0.00000000	     -0.00000365	     -0.01853613	      0.00284917	     -0.01890447	     -0.00000000	     -0.00000000	      0.00000000
      0.07100000	      0.01812131	     -0.00000000	     -0.00000941	     -0.01656760	      0.00283037	     -0.02008303	      0.00000000	      0.00000000	      0.00000000
      0.07200000	      0.02153869	      0.00000000	     -0.00000953	     -0.02203520	      0.00156261	     -0.02313739	      0.00000000	      0.00000000	      0.00000000
      0.07300000	      0.01997076	     -0.00000000	      0.00007839	     -0.01448335	     -0.00010987	     -0.01935475	     -0.00000000	     -0.00000000	      0.00000000
      0.07400000	      0.03557245	      0.00000000	      0.00013721	     -0.01646817	     -0.00665744	     -0.02912592	      0.00000000	      0.00000000	     -0.00000000
      0.07500000	      0.01868640	      0.00000000	     -0.00000000	     -0.01715810	      0.00065444	     -0.01778075	     -0.00000000	     -0.00000000	      0.00000000
      0.07600000	      0.01880832	     -0.00000000	     -0.00000912	     -0.01617592	      0.00146446	     -0.01935830	      0.00000000	      0.00000000	     -0.00000000
      0.07700000	      0.01228930	     -0.00000000	      0.00005754	     -0.00801754	     -0.00432341	     -0.01091809	      0.00000000	      0.00000000	     -0.00000000
      0.07800000	      0.02346023	     -0.00000000	     -0.00000671	     -0.01340047	     -0.00259827	     -0.02085751	     -0.00000000	      0.00000000	      0.00000000
      0.07900000	      0.01828756	     -0.00000000	      0.00013908	     -0.01282693	      0.00139023	     -0.01905312	      0.00000000	     -0.00000000	      0.00000000
      0.08000000	      0.01819045	     -0.00000000	     -0.00000851	     -0.01383959	      0.00099439	     -0.01801020	      0.00000000	      0.00000000	     -0.00000000
      0.08100000	      0.01927108	      0.00000000	     -0.00000882	     -0.01515542	      0.00188750	     -0.02093163	     -0.00000000	      0.00000000	     -0.00000000
      0.08200000	      0.02570755	     -0.00000000	     -0.00000000	     -0.00776412	     -0.00489861	     -0.02322629	      0.00000000	      0.00000000	     -0.00000000
      0.08300000	      0.01648933	      0.00000000	      0.00011946	     -0.01130824	     -0.00159609	     -0.01439101	      0.00000000	      0.00000000	     -0.00000000
      0.08400000	      0.03632720	     -0.00000000	      0.00019742	     -0.01567570	     -0.00674049	     -0.03045694	     -0.00000000	     -0.00000000	     -0.00000000
      0.08500000	      0.01872219	      0.00000000	      0.00006309	     -0.02323449	      0.00284895	     -0.02039032	     -0.00000000	      0.00000000	      0.00000000
      0.08600000	      0.02591797	     -0.00000000	      0.00010377	     -0.01322735	     -0.00513403	     -0.01964495	     -0.00000000	     -0.00000000	     -0.00000000
      0.08700000	      0.02687840	     -0.00000000	      0.00013220	     -0.02476209	     -0.00090847	     -0.02683213	      0.00000000	      0.00000000	      0.00000000
      0.08800000	      0.01642671	     -0.00000000	      0.00006379	     -0.01084797	     -0.00233396	     -0.01350988	     -0.00000000	     -0.00000000	      0.00000000
      0.08900000	      0.02023852	      0.00000000	      0.00007054	     -0.01223845	      0.00150374	     -0.02255665	     -0.00000000	      0.00000000	      0.00000000
      0.09000000	      0.02752784	     -0.00000000	     -0.00000000	     -0.01013549	     -0.00285443	     -0.02699057	     -0.00000000	     -0.00000000	      0.00000000
      0.09100000	      0.01744951	     -0.00000000	      0.00010356	     -0.00893508	     -0.00502413	     -0.01260996	      0.00000000	      0.00000000	     -0.00000000
      0.09200000	      0.02406399	      0.00000000	      0.00000000	     -0.01318071	     -0.00070720	     -0.02456482	      0.00000000	      0.00000000	     -0.00000000
      0.09300000	      0.02199659	      0.00000000	     -0.00000000	     -0.00837615	     -0.00386796	     -0.01955167	      0.00000000	     -0.00000000	     -0.00000000
      0.09400000	      0.01495507	     -0.00000000	      0.00000000	     -0.01042784	     -0.00484162	     -0.01500707	      0.00000000	      0.00000000	     -0.00000000
      0.09500000	      0.01820483	     -0.00000000	     -0.00000000	     -0.01060381	      0.00106398	     -0.01867705	     -0.00000000	     -0.00000000	     -0.00000000
      0.09600000	      0.02022176	     -0.00000000	     -0.00000636	     -0.01350547	     -0.00194830	     -0.01706274	     -0.00000000	     -0.00000000	     -0.00000000
      0.09700000	      0.02347022	      0.00000000	      0.00000000	     -0.01494857	      0.00011745	     -0.02463384	     -0.00000000	     -0.00000000	      0.00000000
      0.09800000	      0.02936044	     -0.00000000	     -0.00000085	     -0.01639115	     -0.00329369	     -0.02722126	     -0.00000000	      0.00000000	      0.00000000
      0.09900000	      0.02069331	     -0.00000000	      0.00000697	     -0.01277572	      0.00101641	     -0.02243113	      0.00000000	      0.00000000	     -0.00000000
      0.10000000	      0.02241823	     -0.00000000	      0.00000000	     -0.02466725	      0.00148925	     -0.02423349	      0.00000000	      0.00000000	     -0.00000000
      0.10100000	      0.01507728	      0.00000000	     -0.00001534	     -0.00820646	     -0.00362868	     -0.01203907	      0.00000000	      0.00000000	     -0.00000000
      0.10200000	      0.01791334	     -0.00000000	      0.00010430	     -0.01051935	     -0.00027182	     -0.01735198	      0.00000000	     -0.00000000	      0.00000000
      0.10300000	      0.01303889	     -0.00000000	     -0.00000000	     -0.00737966	     -0.00495624	     -0.00884734	      0.00000000	      0.00000000	      0.00000000
      0.10400000	      0.02874613	      0.00000000	     -0.00000000	     -0.01789553	     -0.00230173	     -0.02774802	     -0.00000000	      0.00000000	     -0.00000000
      0.10500000	      0.01898844	      0.00000000	      0.00005065	     -0.01709257	      0.00204960	     -0.02035601	      0.00000000	      0.00000000	      0.00000000
      0.10600000	      0.03008138	     -0.00000000	      0.00000393	     -0.00748809	     -0.00558197	     -0.02774314	     -0.00000000	      0.00000000	     -0.00000000
      0.10700000	      0.02681027	     -0.00000000	      0.00000000	     -0.01079683	     -0.00436136	     -0.02379370	     -0.00000000	      0.00000000	      0.00000000
      0.10800000	      0.02665790	     -0.00000000	      0.00006170	     -0.01253083	     -0.00179688	     -0.02674207	      0.00000000	      0.00000000	     -0.00000000
      0.10900000	      0.02235598	      0.00000000	     -0.00000000	     -0.01945947	      0.00164845	     -0.02477527	     -0.00000000	     -0.00000000	     -0.00000000
      0.11000000	      0.02134774	      0.00000000	      0.00016895	     -0.00577914	     -0.00571693	     -0.01916479	      0.00000000	      0.00000000	     -0.00000000
      0.11100000	      0.01588281	      0.00000000	      0.00016436	     -0.00914522	     -0.00263638	     -0.01553798	     -0.00000000	     -0.00000000	      0.00000000
      0.11200000	      0.01957215	      0.00000000	      0.00010318	     -0.01736284	      0.00205756	     -0.02130348	      0.00000000	      0.00000000	     -0.00000000
      0.11300000	      0.02578582	      0.00000000	     -0.00000000	     -0.01939805	     -0.00134481	     -0.02484026	     -0.00000000	     -0.00000000	      0.00000000
      0.11400000	      0.01736718	     -0.00000000	     -0.00000000	     -0.00830076	     -0.00405761	     -0.01375427	     -0.00000000	     -0.00000000	     -0.00000000
      0.11500000	      0.02073341	     -0.00000000	     -0.00001018	     -0.01837692	      0.00182018	     -0.02263351	     -0.00000000	     -0.00000000	     -0.00000000
      0.11600000	      0.01853280	     -0.00000000	     -0.00000967	     -0.01640115	     -0.00036886	     -0.01628398	      0.00000000	      0.00000000	      0.00000000
      0.11700000	      0.01803471	     -0.00000000	      0.00025583	     -0.00889439	     -0.00187206	     -0.01829463	     -0.00000000	      0.00000000	      0.00000000
      0.11800000	      0.01705578	     -0.00000000	     -0.00000000	     -0.02417737	      0.00456005	     -0.02038155	     -0.00000000	      0.00000000	     -0.00000000
      0.11900000	      0.02360386	      0.00000000	      0.00005364	     -0.01567425	     -0.00292013	     -0.01957189	     -0.00000000	     -0.00000000	     -0.00000000
      0.12000000	      0.01839434	      0.00000000	     -0.00000000	     -0.01064600	      0.00109837	     -0.01950171	     -0.00000000	     -0.00000000	      0.00000000
      0.12100000	      0.02448400	      0.00000000	     -0.00000000	     -0.01281775	     -0.00328840	     -0.02135849	     -0.00000000	     -0.00000000	      0.00000000
      0.12200000	      0.02680939	     -0.00000000	      0.00015406	     -0.02209894	     -0.00151072	     -0.02586350	      0.00000000	      0.00000000	     -0.00000000
      0.12300000	      0.02294145	     -0.00000000	     -0.00000649	     -0.00618860	     -0.00479198	     -0.02105985	      0.00000000	     -0.00000000	     -0.00000000
      0.12400000	      0.01509937	      0.00000000	     -0.00000583	     -0.02188244	      0.00671667	     -0.02074590	     -0.00000000	     -0.00000000	      0.00000000
      0.12500000	      0.01941791	     -0.00000000	      0.00011836	     -0.01580245	     -0.00050191	     -0.01758589	     -0.00000000	      0.00000000	     -0.00000000
      0.12600000	      0.01502260	     -0.00000000	     -0.00000000	     -0.00711689	     -0.00455050	     -0.01369639	      0.00000000	      0.00000000	     -0.00000000
      0.12700000	      0.01701604	     -0.00000000	      0.00015531	     -0.02219610	      0.00478210	     -0.02079378	      0.00000000	      0.00000000	      0.00000000
      0.12800000	      0.03421450	      0.00000000	      0.00015344	     -0.01278097	     -0.00570938	     -0.03049506	      0.00000000	      0.00000000	      0.00000000
      0.12900000	      0.01598193	      0.00000000	      0.00008550	     -0.00641705	     -0.00454010	     -0.01417938	     -0.00000000	     -0.00000000	     -0.00000000
      0.13000000	      0.02157374	      0.00000000	      0.00000000	     -0.01102071	     -0.00056686	     -0.02204931	      0.00000000	     -0.00000000	      0.00000000
      0.13100000	      0.02807190	     -0.00000000	     -0.00000000	     -0.00631311	     -0.00550973	     -0.02611676	     -0.00000000	      0.00000000	     -0.00000000
      0.13200000	      0.02048091	      0.00000000	      0.00000000	     -0.01400569	      0.00098164	     -0.02174793	      0.00000000	      0.00000000	      0.00000000
      0.13300000	      0.02152590	      0.00000000	     -0.00000693	     -0.00893121	     -0.00528938	     -0.01699684	     -0.00000000	      0.00000000	      0.00000000
      0.13400000	      0.01826106	     -0.00000000	     -0.00000000	     -0.01540434	      0.00364392	     -0.02180424	     -0.00000000	     -0.00000000	      0.00000000
      0.13500000	      0.02233317	     -0.00000000	      0.00004182	     -0.02381036	      0.00132145	     -0.02386449	     -0.00000000	     -0.00000000	     -0.00000000
      0.13600000	      0.02052352	      0.00000000	      0.00013112	     -0.01448916	     -0.00011214	     -0.02015600	     -0.00000000	     -0.00000000	      0.00000000
      0.13700000	      0.02807129	     -0.00000000	     -0.00000000	     -0.01846012	     -0.00149272	     -0.02805382	     -0.00000000	     -0.00000000	     -0.00000000
      0.13800000	      0.01997899	      0.00000000	     -0.00000984	     -0.01489230	     -0.00147775	     -0.01682264	     -0.00000000	     -0.00000000	      0.00000000
      0.13900000	      0.01646161	      0.00000000	      0.00004486	     -0.01189112	     -0.00203927	     -0.01329765	      0.00000000	     -0.00000000	      0.00000000
      0.14000000	      0.01816831	      0.00000000	     -0.00000000	     -0.01325712	      0.00067670	     -0.01782141	     -0.00000000	      0.00000000	     -0.00000000
      0.14100000	      0.02778292	      0.00000000	      0.00009590	     -0.00907155	     -0.00647419	     -0.02289386	      0.00000000	      0.00000000	      0.00000000
      0.14200000	      0.02151276	      0.00000000	     -0.00000834	     -0.00810212	     -0.00293878	     -0.02037877	      0.00000000	      0.00000000	      0.00000000
      0.14300000	      0.01814291	     -0.00000000	      0.00007445	     -0.03061976	      0.00465551	     -0.02265855	     -0.00000000	     -0.00000000	     -0.00000000
      0.14400000	      0.01455840	      0.00000000	      0.00000000	     -0.00952716	     -0.00324937	     -0.01070604	      0.00000000	     -0.00000000	      0.00000000
      0.14500000	      0.02202998	      0.00000000	     -0.00000054	     -0.01334108	     -0.00227721	     -0.01938776	     -0.00000000	     -0.00000000	      0.00000000
      0.14600000	      0.02245660	     -0.00000000	     -0.00001179	     -0.01056418	     -0.00043553	     -0.02365224	     -0.00000000	     -0.00000000	     -0.00000000
      0.14700000	      0.02006000	      0.00000000	     -0.00000000	     -0.02025034	      0.00220630	     -0.02194297	     -0.00000000	     -0.00000000	      0.00000000
      0.14800000	      0.01740847	     -0.00000000	      0.00000000	     -0.00799943	     -0.00386048	     -0.01688234	     -0.00000000	     -0.00000000	      0.00000000
      0.14900000	      0.01861217	     -0.00000000	     -0.00000248	     -0.01001727	      0.00035212	     -0.01944924	     -0.00000000	      0.00000000	     -0.00000000
      0.15000000	      0.03176133	     -0.00000000	      0.00014573	     -0.01911582	     -0.00446433	     -0.02782624	     -0.00000000	      0.00000000	      0.00000000
      0.15100000	      0.02081375	     -0.00000000	     -0.00000000	     -0.01748450	      0.00228275	     -0.02356517	     -0.00000000	      0.00000000	     -0.00000000
      0.15200000	      0.03382787	     -0.00000000	     -0.00000000	     -0.01488099	     -0.00651093	     -0.02668994	     -0.00000000	      0.00000000	     -0.00000000
      0.15300000	      0.02633024	     -0.00000000	      0.00000000	     -0.01609434	     -0.00260229	     -0.02409798	     -0.00000000	     -0.00000000	     -0.00000000
      0.15400000	      0.01571202	      0.00000000	      0.00008855	     -0.01186338	     -0.00203840	     -0.01261720	     -0.00000000	      0.00000000	     -0.00000000
      0.15500000	      0.01810407	     -0.00000000	      0.00020559	     -0.00937650	      0.00007811	     -0.01830588	      0.00000000	     -0.00000000	      0.00000000
      0.15600000	      0.02148751	      0.00000000	     -0.00000000	     -0.00705230	     -0.00591523	     -0.01797415	     -0.00000000	      0.00000000	      0.00000000
      0.15700000	      0.03377778	     -0.00000000	      0.00011446	     -0.01433061	     -0.00455374	     -0.03139371	      0.00000000	      0.00000000	     -0.00000000
      0.15800000	      0.02204760	      0.00000000	     -0.00000552	     -0.01008228	     -0.00199347	     -0.02107601	     -0.00000000	     -0.00000000	      0.00000000
      0.15900000	      0.02136401	      0.00000000	      0.00006554	     -0.00999199	     -0.00282678	     -0.01917089	     -0.00000000	     -0.00000000	     -0.00000000
      0.16000000	      0.02756016	     -0.00000000	     -0.00000000	     -0.02091544	     -0.00212818	     -0.02571758	     -0.00000000	     -0.00000000	     -0.00000000
      0.16100000	      0.03050526	      0.00000000	     -0.00000534	     -0.01118693	     -0.00356294	     -0.02949982	     -0.00000000	     -0.00000000	     -0.00000000
      0.16200000	      0.01876213	     -0.00000000	      0.00012462	     -0.01254716	      0.00193256	     -0.02070508	     -0.00000000	     -0.00000000	      0.00000000
      0.16300000	      0.02331336	      0.00000000	      0.00000000	     -0.02793026	      0.00125059	     -0.02509213	      0.00000000	      0.00000000	     -0.00000000
      0.16400000	      0.01918618	     -0.00000000	     -0.00000718	     -0.01517718	     -0.00107906	     -0.01636565	      0.00000000	     -0.00000000	      0.00000000
      0.16500000	      0.03038656	     -0.00000000	      0.00018166	     -0.01200197	     -0.00326324	     -0.02959112	     -0.00000000	      0.00000000	      0.00000000
      0.16600000	      0.02077254	     -0.00000000	     -0.00000000	     -0.01478791	      0.00153166	     -0.02280039	     -0.00000000	      0.00000000	     -0.00000000
      0.16700000	      0.01263717	      0.00000000	      0.00008602	     -0.00073415	     -0.00645615	     -0.01403620	     -0.00000000	     -0.00000000	      0.00000000
      0.16800000	      0.01474228	      0.00000000	      0.00000000	     -0.00692272	     -0.00478734	     -0.01135907	      0.00000000	      0.00000000	      0.00000000
      0.16900000	      0.01900397	      0.00000000	     -0.00000939	     -0.01595010	      0.00154674	     -0.01984229	     -0.00000000	      0.00000000	     -0.00000000
      0.17000000	      0.02099124	     -0.00000000	      0.00004943	     -0.01104059	     -0.00143913	     -0.02010811	      0.00000000	      0.00000000	     -0.00000000
      0.17100000	      0.01688750	     -0.00000000	      0.00000000	     -0.00703309	     -0.00447536	     -0.01386060	     -0.00000000	      0.00000000	      0.00000000
      0.17200000	      0.01857122	      0.00000000	     -0.00000983	     -0.01188165	      0.00012824	     -0.01847093	      0.00000000	      0.00000000	      0.00000000
      0.17300000	      0.01773927	     -0.00000000	     -0.00000000	     -0.01481524	      0.00342429	     -0.02055030	     -0.00000000	     -0.00000000	      0.00000000
      0.17400000	      0.02093527	     -0.00000000	      0.00000000	     -0.01752926	      0.00072369	     -0.02121529	      0.00000000	      0.00000000	     -0.00000000
      0.17500000	      0.02847646	      0.00000000	      0.00000031	     -0.01465481	     -0.00461985	     -0.02382121	     -0.00000000	     -0.00000000	      0.00000000
      0.17600000	      0.01805530	      0.00000000	      0.00000000	     -0.01352678	      0.00013351	     -0.01699589	      0.00000000	      0.00000000	      0.00000000
      0.17700000	      0.01944171	      0.00000000	     -0.00000872	     -0.02286924	      0.00311143	     -0.02228469	     -0.00000000	     -0.00000000	     -0.00000000
      0.17800000	      0.03489140	     -0.00000000	     -0.00000000	     -0.01217324	     -0.00497802	     -0.03251491	     -0.00000000	      0.00000000	     -0.00000000
      0.17900000	      0.01594157	      0.00000000	      0.00000000	     -0.00788345	     -0.00475813	     -0.01181163	     -0.00000000	      0.00000000	      0.00000000
      0.18000000	      0.03376241	      0.00000000	      0.00006721	     -0.01472045	     -0.00666455	     -0.02666182	      0.00000000	     -0.00000000	      0.00000000
      0.18100000	      0.01870626	     -0.00000000	     -0.00000000	     -0.00705119	     -0.00387161	     -0.01727688	     -0.00000000	      0.00000000	      0.00000000
      0.18200000	      0.02058342	     -0.00000000	      0.00000000	     -0.01835619	      0.00054464	     -0.02017733	      0.00000000	      0.00000000	      0.00000000
      0.18300000	      0.02316686	     -0.00000000	      0.00009284	     -0.01899357	     -0.00050934	     -0.02251371	     -0.00000000	     -0.00000000	     -0.00000000
      0.18400000	      0.02406390	     -0.00000000	     -0.00000000	     -0.02019666	      0.00036618	     -0.02518993	     -0.00000000	     -0.00000000	      0.00000000
      0.18500000	      0.02424937	     -0.00000000	     -0.00000000	     -0.00648612	     -0.00624775	     -0.02120271	      0.00000000	      0.00000000	     -0.00000000
      0.18600000	      0.01995064	      0.00000000	      0.00000085	     -0.00587766	     -0.00576077	     -0.01752126	      0.00000000	      0.00000000	     -0.00000000
      0.18700000	      0.02026482	     -0.00000000	      0.00007858	     -0.01176824	      0.00080953	     -0.02183293	     -0.00000000	      0.00000000	     -0.00000000
      0.18800000	      0.01896645	     -0.00000000	     -0.00000747	     -0.01624705	      0.00248279	     -0.02111875	     -0.00000000	      0.00000000	     -0.00000000
      0.18900000	      0.02170506	     -0.00000000	      0.00004885	     -0.01485148	     -0.00244597	     -0.01796759	     -0.00000000	      0.00000000	     -0.00000000
      0.19000000	      0.02574525	      0.00000000	      0.00005051	     -0.00799766	     -0.00491615	     -0.02322691	     -0.00000000	     -0.00000000	      0.00000000
      0.19100000	      0.02116745	     -0.00000000	     -0.00000000	     -0.01031382	     -0.00299640	     -0.01836537	      0.00000000	      0.00000000	     -0.00000000
      0.19200000	      0.02613487	     -0.00000000	     -0.00000000	     -0.01506113	     -0.00059162	     -0.02725361	     -0.00000000	     -0.00000000	     -0.00000000
      0.19300000	      0.01782837	     -0.00000000	      0.00000000	     -0.01032008	     -0.00124666	     -0.01681203	      0.00000000	      0.00000000	     -0.00000000
      0.19400000	      0.02466390	     -0.00000000	      0.00000147	     -0.00928880	     -0.00183865	     -0.02505699	     -0.00000000	      0.00000000	     -0.00000000
      0.19500000	      0.01794700	     -0.00000000	     -0.00001676	     -0.02446943	      0.00434350	     -0.02176259	     -0.00000000	     -0.00000000	      0.00000000
      0.19600000	      0.02900678	     -0.00000000	     -0.00001020	     -0.02043750	     -0.00201158	     -0.02828143	      0.00000000	     -0.00000000	      0.00000000
      0.19700000	      0.01705991	     -0.00000000	     -0.00000000	     -0.00765492	     -0.00448952	     -0.01640576	      0.00000000	     -0.00000000	     -0.00000000
      0.19800000	      0.03121918	      0.00000000	      0.00013629	     -0.01670169	     -0.00392353	     -0.02866700	     -0.00000000	     -0.00000000	      0.00000000
      0.19900000	      0.01641142	      0.00000000	      0.00006452	     -0.01207941	     -0.00197948	     -0.01326576	     -0.00000000	     -0.00000000	      0.00000000
      0.20000000	      0.01908619	     -0.00000000	     -0.00000000	     -0.01026739	      0.00074285	     -0.02049877	     -0.00000000	     -0.00000000	      0.00000000
      0.20100000	      0.01665322	     -0.00000000	     -0.00000000	     -0.01942224	      0.00537409	     -0.02139830	     -0.00000000	     -0.00000000	      0.00000000
      0.20200000	      0.02154689	      0.00000000	      0.00009068	     -0.02139547	      0.00136154	     -0.02287884	     -0.00000000	     -0.00000000	      0.00000000
      0.20300000	      0.02496152	     -0.00000000	      0.00000000	     -0.01867347	     -0.00147903	     -0.02343675	      0.00000000	      0.00000000	      0.00000000
      0.20400000	      0.03408904	      0.00000000	     -0.00000367	     -0.01840592	     -0.00502306	     -0.03010298	     -0.00000000	      0.00000000	      0.00000000
      0.20500000	      0.01805052	     -0.00000000	      0.00004614	     -0.01672413	      0.00041289	     -0.01664666	      0.00000000	     -0.00000000	      0.00000000
      0.20600000	      0.01430229	      0.00000000	     -0.00000000	     -0.00723938	     -0.00441486	     -0.01272296	     -0.00000000	     -0.00000000	      0.00000000
      0.20700000	      0.01859122	      0.00000000	      0.00007243	     -0.01139494	     -0.00234075	     -0.01550094	     -0.00000000	     -0.00000000	     -0.00000000
      0.20800000	      0.02838617	     -0.00000000	     -0.00000929	     -0.00580782	     -0.00639616	     -0.02603428	     -0.00000000	      0.00000000	      0.00000000
      0.20900000	      0.03970678	     -0.00000000	     -0.00000000	     -0.01682633	     -0.00780315	     -0.03228694	      0.00000000	      0.00000000	     -0.00000000
      0.21000000	      0.03396731	     -0.00000000	      0.00007777	     -0.01834120	     -0.00568036	     -0.02839799	      0.00000000	     -0.00000000	     -0.00000000
      0.21100000	      0.02169613	      0.00000000	     -0.00000796	     -0.01314468	     -0.00286497	     -0.01797660	     -0.00000000	     -0.00000000	      0.00000000
      0.21200000	      0.02346913	     -0.00000000	     -0.00000000	     -0.01798874	     -0.00032767	     -0.02341666	      0.00000000	      0.00000000	     -0.00000000
      0.21300000	      0.01746513	     -0.00000000	     -0.00000000	     -0.00591460	     -0.00524081	     -0.01485174	     -0.00000000	     -0.00000000	      0.00000000
      0.21400000	      0.01876614	     -0.00000000	      0.00000000	     -0.00875519	     -0.00193996	     -0.01863049	     -0.00000000	      0.00000000	     -0.00000000
      0.21500000	      0.01919475	      0.00000000	      0.00000384	     -0.01453727	      0.00295227	     -0.02245483	     -0.00000000	     -0.00000000	      0.00000000
      0.21600000	      0.01945190	     -0.00000000	      0.00000000	     -0.01115853	      0.00005574	     -0.01991459	      0.00000000	     -0.00000000	     -0.00000000
      0.21700000	      0.02281448	     -0.00000000	      0.00000757	     -0.00863486	     -0.00249326	     -0.02219398	     -0.00000000	      0.00000000	      0.00000000
      0.21800000	      0.02355079	     -0.00000000	     -0.00000000	     -0.02015139	      0.00048222	     -0.02461764	     -0.00000000	      0.00000000	      0.00000000
      0.21900000	      0.01959244	      0.00000000	     -0.00000000	     -0.01265942	      0.00068287	     -0.02036862	     -0.00000000	     -0.00000000	      0.00000000
      0.22000000	      0.01891362	     -0.00000000	     -0.00001058	     -0.00794164	     -0.00323880	     -0.01716577	      0.00000000	      0.00000000	     -0.00000000
      0.22100000	      0.01641636	      0.00000000	      0.00006241	     -0.00929305	     -0.00227575	     -0.01635411	     -0.00000000	     -0.00000000	      0.00000000
      0.22200000	      0.03589962	     -0.00000000	     -0.00000450	     -0.01550103	     -0.00597396	     -0.03135790	     -0.00000000	     -0.00000000	     -0.00000000
      0.22300000	      0.02629186	      0.00000000	     -0.00000000	     -0.01358313	     -0.00370165	     -0.02280616	     -0.00000000	      0.00000000	      0.00000000
      0.22400000	      0.02530196	     -0.00000000	      0.00000000	     -0.00702717	     -0.00659827	     -0.02151883	      0.00000000	     -0.00000000	     -0.00000000
      0.22500000	      0.01947313	     -0.00000000	      0.00000000	     -0.01327738	      0.00204117	     -0.02183724	      0.00000000	     -0.00000000	     -0.00000000
      0.22600000	      0.01794343	     -0.00000000	      0.00009348	     -0.00952178	     -0.00331017	     -0.01827145	      0.00000000	      0.00000000	     -0.00000000
      0.22700000	      0.02048780	     -0.00000000	     -0.00001059	     -0.02856332	      0.00319590	     -0.02402038	     -0.00000000	      0.00000000	      0.00000000
      0.22800000	      0.02659857	     -0.00000000	      0.00000000	     -0.01550407	     -0.00392491	     -0.02184319	      0.00000000	      0.00000000	      0.00000000
      0.22900000	      0.02269537	     -0.00000000	     -0.00000000	     -0.02419540	      0.00143304	     -0.02460723	     -0.00000000	     -0.00000000	     -0.00000000
      0.23000000	      0.02236041	      0.00000000	     -0.00001076	     -0.01192386	     -0.00432740	     -0.01707561	     -0.00000000	      0.00000000	     -0.00000000
      0.23100000	      0.01958664	     -0.00000000	     -0.00000365	     -0.01846844	      0.00357593	     -0.02349184	     -0.00000000	     -0.00000000	      0.00000000
      0.23200000	      0.02690876	      0.00000000	      0.00008840	     -0.00982201	     -0.00591051	     -0.02217665	      0.00000000	      0.00000000	      0.00000000
      0.23300000	      0.02286727	     -0.00000000	     -0.00000000	     -0.01233018	     -0.00316392	     -0.01948423	     -0.00000000	      0.00000000	      0.00000000
      0.23400000	      0.02417298	      0.00000000	     -0.00000000	     -0.02579146	      0.00023625	     -0.02456519	      0.00000000	      0.00000000	      0.00000000
      0.23500000	      0.02083330	     -0.00000000	     -0.00000784	     -0.01663942	     -0.00034136	     -0.01945766	      0.00000000	     -0.00000000	     -0.00000000
      0.23600000	      0.01585287	     -0.00000000	      0.00000000	     -0.00980089	     -0.00548077	     -0.01574537	      0.00000000	     -0.00000000	      0.00000000
      0.23700000	      0.02827966	      0.00000000	      0.00006310	     -0.01415517	     -0.00286661	     -0.02699584	      0.00000000	      0.00000000	      0.00000000
      0.23800000	      0.02296189	      0.00000000	      0.00000000	     -0.00781991	     -0.00593356	     -0.01872198	     -0.00000000	     -0.00000000	      0.00000000
      0.23900000	      0.01949471	     -0.00000000	     -0.00000000	     -0.02093472	      0.00240153	     -0.02123237	     -0.00000000	     -0.00000000	     -0.00000000
      0.24000000	      0.01812357	     -0.00000000	     -0.00000289	     -0.01577654	      0.00322521	     -0.02084159	      0.00000000	      0.00000000	     -0.00000000
      0.24100000	      0.02495216	     -0.00000000	      0.00000000	     -0.00642706	     -0.00421499	     -0.02380901	     -0.00000000	      0.00000000	      0.00000000
      0.24200000	      0.01859288	      0.00000000	      0.00000000	     -0.00815674	     -0.00284388	     -0.01791792	      0.00000000	     -0.00000000	      0.00000000
      0.24300000	      0.02558466	      0.00000000	      0.00000000	     -0.01409996	     -0.00180161	     -0.02489861	      0.00000000	      0.00000000	      0.00000000
      0.24400000	      0.01360958	     -0.00000000	      0.00000000	     -0.01210046	     -0.00540093	     -0.01382961	      0.00000000	      0.00000000	     -0.00000000
      0.24500000	      0.02148676	      0.00000000	      0.00005282	     -0.01443123	      0.00179589	     -0.02426638	     -0.00000000	     -0.00000000	      0.00000000
      0.24600000	      0.01812848	     -0.00000000	      0.00000000	     -0.00925082	     -0.00196322	     -0.01708970	      0.00000000	      0.00000000	      0.00000000
      0.24700000	      0.02744813	     -0.00000000	      0.00000223	     -0.02282376	     -0.00078820	     -0.02793862	      0.00000000	      0.00000000	      0.00000000
      0.24800000	      0.03527236	     -0.00000000	     -0.00000811	     -0.01095291	     -0.00784288	     -0.02798962	     -0.00000000	     -0.00000000	     -0.00000000
      0.24900000	      0.01492926	     -0.00000000	     -0.00000000	     -0.00532815	     -0.00611207	     -0.01252908	     -0.00000000	     -0.00000000	      0.00000000
      0.25000000	      0.01875013	      0.00000000	     -0.00000000	     -0.01799947	      0.00312248	     -0.02152030	      0.00000000	      0.00000000	     -0.00000000
      0.25100000	      0.01640159	     -0.00000000	      0.00001041	     -0.00895177	     -0.00219913	     -0.01578643	     -0.00000000	     -0.00000000	     -0.00000000
      0.25200000	      0.02365507	     -0.00000000	     -0.00000934	     -0.01325618	     -0.00072888	     -0.02398012	      0.00000000	     -0.00000000	      0.00000000
      0.25300000	      0.02640568	     -0.00000000	     -0.00000000	     -0.00902311	     -0.00443831	     -0.02393007	     -0.00000000	      0.00000000	      0.00000000
      0.25400000	      0.01820756	      0.00000000	      0.00000000	     -0.01219746	      0.00023853	     -0.01782144	      0.00000000	      0.00000000	     -0.00000000
      0.25500000	      0.01983012	      0.00000000	      0.00000000	     -0.01923450	      0.00087577	     -0.01939101	      0.00000000	     -0.00000000	     -0.00000000
      0.25600000	      0.03691492	      0.00000000	      0.00005573	     -0.01685989	     -0.00596109	     -0.03250188	     -0.00000000	     -0.00000000	      0.00000000
      0.25700000	      0.02634121	      0.00000000	      0.00000000	     -0.00914186	     -0.00680663	     -0.01956846	     -0.00000000	     -0.00000000	      0.00000000
      0.25800000	      0.01692234	     -0.00000000	     -0.00000000	     -0.00900393	     -0.00196232	     -0.01674592	     -0.00000000	     -0.00000000	      0.00000000
      0.25900000	      0.01908282	     -0.00000000	     -0.00000000	     -0.01732876	      0.00074754	     -0.01846222	     -0.00000000	      0.00000000	     -0.00000000
      0.26000000	      0.01972383	      0.00000000	      0.00000000	     -0.00734873	     -0.00533620	     -0.01619655	      0.00000000	     -0.00000000	     -0.00000000
      0.26100000	      0.02889903	      0.00000000	     -0.00000000	     -0.01441889	     -0.00206450	     -0.02885461	     -0.00000000	     -0.00000000	      0.00000000
      0.26200000	      0.01773139	      0.00000000	      0.00005454	     -0.02704621	      0.00449446	     -0.02154922	      0.00000000	     -0.00000000	      0.00000000
      0.26300000	      0.02124105	     -0.00000000	      0.00000028	     -0.01035569	     -0.00224715	     -0.01949596	      0.00000000	     -0.00000000	     -0.00000000
      0.26400000	      0.01925816	     -0.00000000	     -0.00000000	     -0.01906439	      0.00346508	     -0.02280232	     -0.00000000	     -0.00000000	     -0.00000000
      0.26500000	      0.02080174	      0.00000000	      0.00000000	     -0.00857719	     -0.00494582	     -0.01683694	      0.00000000	      0.00000000	     -0.00000000
      0.26600000	      0.02826239	     -0.00000000	      0.00000000	     -0.00916713	     -0.00334783	     -0.02754865	      0.00000000	      0.00000000	      0.00000000
      0.26700000	      0.02852762	     -0.00000000	      0.00000000	     -0.00997189	     -0.00472357	     -0.02571672	      0.00000000	      0.00000000	     -0.00000000
      0.26800000	      0.04008239	     -0.00000000	      0.00000000	     -0.01274525	     -0.00854889	     -0.03203388	     -0.00000000	     -0.00000000	      0.00000000
      0.26900000	      0.02310790	     -0.00000000	     -0.00000000	     -0.01670285	     -0.00171536	     -0.02060131	      0.00000000	     -0.00000000	      0.00000000
      0.27000000	      0.03062912	      0.00000000	     -0.00000000	     -0.01627830	     -0.00455635	     -0.02628607	     -0.00000000	      0.00000000	      0.00000000
      0.27100000	      0.02241941	     -0.00000000	     -0.00000974	     -0.02492665	      0.00198718	     -0.02507202	     -0.00000000	     -0.00000000	     -0.00000000
      0.27200000	      0.02579221	      0.00000000	     -0.00000874	     -0.01786352	     -0.00071033	     -0.02626586	      0.00000000	     -0.00000000	      0.00000000
      0.27300000	      0.02347712	      0.00000000	      0.00000000	     -0.00811151	     -0.00282165	     -0.02282841	      0.00000000	      0.00000000	      0.00000000
      0.27400000	      0.02925712	     -0.00000000	     -0.00000116	     -0.00625568	     -0.00666104	     -0.02643402	     -0.00000000	      0.00000000	      0.00000000
      0.27500000	      0.01869034	      0.00000000	     -0.00000777	     -0.01157952	     -0.00328203	     -0.01399349	     -0.00000000	     -0.00000000	      0.00000000
      0.27600000	      0.02205589	      0.00000000	     -0.00000897	     -0.01373212	     -0.00313502	     -0.01766221	      0.00000000	      0.00000000	      0.00000000
      0.27700000	      0.03538918	     -0.00000000	      0.00000000	     -0.01477524	     -0.00555652	     -0.03158344	     -0.00000000	     -0.00000000	      0.00000000
      0.27800000	      0.01915012	     -0.00000000	      0.00000000	     -0.01470181	      0.00000688	     -0.01818104	     -0.00000000	      0.00000000	     -0.00000000
      0.27900000	      0.01991612	     -0.00000000	      0.00000000	     -0.00865358	     -0.00569952	     -0.01411444	     -0.00000000	      0.00000000	     -0.00000000
      0.28000000	      0.02528655	      0.00000000	      0.00000736	     -0.01269727	     -0.00039377	     -0.02674030	      0.00000000	     -0.00000000	      0.00000000
      0.28100000	      0.02666153	     -0.00000000	      0.00000000	     -0.01884391	     -0.00183631	     -0.02533157	     -0.00000000	      0.00000000	      0.00000000
      0.28200000	      0.01944824	     -0.00000000	     -0.00000000	     -0.01797685	      0.00183551	     -0.02062362	     -0.00000000	      0.00000000	     -0.00000000
      0.28300000	      0.02117400	     -0.00000000	      0.00000000	     -0.01737554	      0.00202417	     -0.02374345	      0.00000000	      0.00000000	     -0.00000000
      0.28400000	      0.01744014	     -0.00000000	     -0.00000941	     -0.00879654	     -0.00494496	     -0.01249890	      0.00000000	     -0.00000000	     -0.00000000
      0.28500000	      0.02922952	      0.00000000	     -0.00000000	     -0.02100572	     -0.00279748	     -0.02689973	      0.00000000	     -0.00000000	     -0.00000000
      0.28600000	      0.03607963	      0.00000000	     -0.00000000	     -0.02151917	     -0.00559632	     -0.03130894	      0.00000000	     -0.00000000	     -0.00000000
      0.28700000	      0.02135333	      0.00000000	      0.00005513	     -0.01175277	     -0.00137835	     -0.02032955	     -0.00000000	     -0.00000000	     -0.00000000
      0.28800000	      0.01821004	      0.00000000	     -0.00000000	     -0.01913006	      0.00467679	     -0.02288331	     -0.00000000	      0.00000000	     -0.00000000
      0.28900000	      0.01694599	      0.00000000	     -0.00000000	     -0.00599030	     -0.00592498	     -0.01572838	      0.00000000	     -0.00000000	      0.00000000
      0.29000000	      0.02666956	     -0.00000000	      0.00000000	     -0.01507692	     -0.00371753	     -0.02274901	      0.00000000	      0.00000000	      0.00000000
      0.29100000	      0.02930943	     -0.00000000	     -0.00000000	     -0.01076628	     -0.00487688	     -0.02625652	     -0.00000000	      0.00000000	     -0.00000000
      0.29200000	      0.02602043	      0.00000000	     -0.00002604	     -0.00540995	     -0.00716858	     -0.02338789	     -0.00000000	      0.00000000	      0.00000000
      0.29300000	      0.02364010	      0.00000000	     -0.00000694	     -0.01633202	     -0.00206014	     -0.02098021	      0.00000000	      0.00000000	      0.00000000
      0.29400000	      0.03071749	      0.00000000	     -0.00000753	     -0.01007393	     -0.00568789	     -0.02712964	     -0.00000000	     -0.00000000	      0.00000000
      0.29500000	      0.02356311	     -0.00000000	      0.00000000	     -0.01351033	      0.00092077	     -0.02600846	      0.00000000	      0.00000000	     -0.00000000
      0.29600000	      0.02052993	      0.00000000	     -0.00000000	     -0.01337682	     -0.00071448	     -0.01950349	     -0.00000000	     -0.00000000	      0.00000000
      0.29700000	      0.01972329	     -0.00000000	     -0.00001073	     -0.00662372	     -0.00639174	     -0.01609375	     -0.00000000	     -0.00000000	     -0.00000000
      0.29800000	      0.01719128	      0.00000000	     -0.00000000	     -0.01005501	     -0.00144104	     -0.01592571	     -0.00000000	     -0.00000000	      0.00000000
      0.29900000	      0.01928100	     -0.00000000	      0.00000000	     -0.01849210	      0.00290148	     -0.02200530	      0.00000000	      0.00000000	      0.00000000
      0.30000000	      0.02564225	     -0.00000000	      0.00000000	     -0.00891964	     -0.00290535	     -0.02478259	      0.00000000	      0.00000000	      0.00000000
      0.30100000	      0.02573147	     -0.00000000	     -0.00001147	     -0.01666123	     -0.00262287	     -0.02298804	     -0.00000000	     -0.00000000	     -0.00000000
      0.30200000	      0.03019856	      0.00000000	      0.00000000	     -0.00837412	     -0.00568880	     -0.02731292	      0.00000000	      0.00000000	     -0.00000000
      0.30300000	      0.03096125	      0.00000000	     -0.00001462	     -0.01721991	     -0.00317255	     -0.02943498	      0.00000000	     -0.00000000	      0.00000000
      0.30400000	      0.01819963	      0.00000000	     -0.00000729	     -0.00715994	     -0.00380481	     -0.01665132	      0.00000000	      0.00000000	      0.00000000
      0.30500000	      0.03866800	      0.00000000	     -0.00000000	     -0.01408270	     -0.00794753	     -0.03075838	     -0.00000000	     -0.00000000	      0.00000000
      0.30600000	      0.02231223	      0.00000000	      0.00000000	     -0.02081436	     -0.00017936	     -0.02117140	      0.00000000	     -0.00000000	      0.00000000
      0.30700000	      0.03248512	     -0.00000000	     -0.00000000	     -0.01512760	     -0.00520609	     -0.02813941	     -0.00000000	      0.00000000	      0.00000000
      0.30800000	      0.02031981	     -0.00000000	      0.00000125	     -0.00579466	     -0.00519286	     -0.01908293	      0.00000000	     -0.00000000	      0.00000000
      0.30900000	      0.02280369	     -0.00000000	     -0.00000953	     -0.00881203	     -0.00639853	     -0.01606002	      0.00000000	      0.00000000	      0.00000000
      0.31000000	      0.02019463	     -0.00000000	     -0.00000000	     -0.02299798	      0.00352747	     -0.02414369	     -0.00000000	     -0.00000000	      0.00000000
      0.31100000	      0.01711604	      0.00000000	     -0.00000000	     -0.00871515	     -0.00241996	     -0.01638973	     -0.00000000	     -0.00000000	     -0.00000000
      0.31200000	      0.02383264	     -0.00000000	      0.00000000	     -0.02486203	      0.00117608	     -0.02584736	     -0.00000000	     -0.00000000	     -0.00000000
      0.31300000	      0.02316612	     -0.00000000	     -0.00000000	     -0.01153478	     -0.00023792	     -0.02446412	      0.00000000	     -0.00000000	      0.00000000
      0.31400000	      0.02664388	      0.00000000	      0.00000000	     -0.00941671	     -0.00600791	     -0.02174242	      0.00000000	      0.00000000	      0.00000000
      0.31500000	      0.03617052	      0.00000000	      0.00000000	     -0.01289191	     -0.00783532	     -0.02710067	     -0.00000000	      0.00000000	     -0.00000000
      0.31600000	      0.01982677	      0.00000000	     -0.00000000	     -0.01757565	      0.00201044	     -0.02157998	     -0.00000000	     -0.00000000	      0.00000000
      0.31700000	      0.01587405	     -0.00000000	      0.00000000	     -0.00683753	     -0.00639103	     -0.01097216	      0.00000000	      0.00000000	      0.00000000
      0.31800000	      0.02193928	     -0.00000000	      0.00000000	     -0.02610756	      0.00170393	     -0.02377511	      0.00000000	      0.00000000	     -0.00000000
      0.31900000	      0.01961680	     -0.00000000	     -0.00000000	     -0.01129791	      0.00035758	     -0.02041494	     -0.00000000	      0.00000000	     -0.00000000
      0.32000000	      0.02383132	      0.00000000	      0.00000000	     -0.01578823	     -0.00188864	     -0.02165432	      0.00000000	     -0.00000000	     -0.00000000
      0.32100000	      0.01819321	     -0.00000000	      0.00000000	     -0.00697390	     -0.00400059	     -0.01574143	     -0.00000000	     -0.00000000	      0.00000000
      0.32200000	      0.02769942	      0.00000000	      0.00000000	     -0.01520655	     -0.00067291	     -0.02900835	     -0.00000000	      0.00000000	     -0.00000000
      0.32300000	      0.02763295	     -0.00000000	      0.00000000	     -0.01491135	     -0.00210864	     -0.02706059	      0.00000000	      0.00000000	     -0.00000000
      0.32400000	      0.01876974	      0.00000000	     -0.00000609	     -0.01201259	      0.00108546	     -0.01978060	     -0.00000000	     -0.00000000	      0.00000000
      0.32500000	      0.02256435	      0.00000000	     -0.00000821	     -0.01014730	     -0.00424147	     -0.01892950	      0.00000000	      0.00000000	      0.00000000
      0.32600000	      0.02012507	      0.00000000	     -0.00000000	     -0.00624933	     -0.00438913	     -0.01828158	      0.00000000	      0.00000000	     -0.00000000
      0.32700000	      0.02518884	      0.00000000	      0.00000000	     -0.00697131	     -0.00378914	     -0.02413173	      0.00000000	      0.00000000	     -0.00000000
      0.32800000	      0.02207403	      0.00000000	     -0.00000000	     -0.01204573	     -0.00305305	     -0.01873790	      0.00000000	     -0.00000000	     -0.00000000
      0.32900000	      0.03910823	      0.00000000	      0.00000000	     -0.01703305	     -0.00682599	     -0.03355649	      0.00000000	     -0.00000000	     -0.00000000
      0.33000000	      0.03986573	      0.00000000	     -0.00000580	     -0.01700869	     -0.00774047	     -0.03273459	      0.00000000	     -0.00000000	      0.00000000
      0.33100000	      0.01879297	      0.00000000	      0.00000000	     -0.02199954	      0.00401685	     -0.02278580	      0.00000000	     -0.00000000	     -0.00000000
      0.33200000	      0.03394162	     -0.00000000	     -0.00000000	     -0.01668326	     -0.00605350	     -0.02740068	     -0.00000000	     -0.00000000	     -0.00000000
      0.33300000	      0.03132432	     -0.00000000	     -0.00000000	     -0.01076333	     -0.00413894	     -0.02979382	     -0.00000000	     -0.00000000	      0.00000000
      0.33400000	      0.02159392	     -0.00000000	     -0.00001332	     -0.02030702	      0.00083015	     -0.02208977	      0.00000000	     -0.00000000	     -0.00000000
      0.33500000	      0.02347671	     -0.00000000	     -0.00000000	     -0.01592704	     -0.00009394	     -0.02414670	      0.00000000	     -0.00000000	     -0.00000000
      0.33600000	      0.03627480	      0.00000000	      0.00000000	     -0.01084544	     -0.00793674	     -0.02917439	     -0.00000000	      0.00000000	      0.00000000
      0.33700000	      0.03846096	      0.00000000	     -0.00000000	     -0.01379514	     -0.00823296	     -0.02956106	      0.00000000	     -0.00000000	      0.00000000
      0.33800000	      0.02831355	     -0.00000000	      0.00000000	     -0.01142291	     -0.00618392	     -0.02136086	     -0.00000000	      0.00000000	     -0.00000000
      0.33900000	      0.02476156	      0.00000000	      0.00000000	     -0.01368966	     -0.00276659	     -0.02228263	     -0.00000000	      0.00000000	     -0.00000000
      0.34000000	      0.01736947	      0.00000000	      0.00000000	     -0.00897538	     -0.00145407	     -0.01713796	     -0.00000000	      0.00000000	      0.00000000
      0.34100000	      0.01953780	     -0.00000000	      0.00000000	     -0.00896163	     -0.00183806	     -0.01911974	      0.00000000	      0.00000000	     -0.00000000
      0.34200000	      0.02205055	      0.00000000	      0.00000000	     -0.00761861	     -0.00344039	     -0.02030080	      0.00000000	      0.00000000	      0.00000000
      0.34300000	      0.02939312	     -0.00000000	     -0.00000940	     -0.02493368	     -0.00247825	     -0.02742747	      0.00000000	      0.00000000	      0.00000000
      0.34400000	      0.01884244	     -0.00000000	     -0.00001053	     -0.01195522	     -0.00204098	     -0.01589634	      0.00000000	     -0.00000000	     -0.00000000
      0.34500000	      0.01493590	     -0.00000000	     -0.00000000	     -0.00508024	     -0.00653813	     -0.01272840	     -0.00000000	      0.00000000	     -0.00000000
      0.34600000	      0.02109839	      0.00000000	     -0.00000000	     -0.02721242	      0.00284866	     -0.02442910	     -0.00000000	     -0.00000000	      0.00000000
      0.34700000	      0.01819719	     -0.00000000	     -0.00000000	     -0.00931329	     -0.00145892	     -0.01767448	     -0.00000000	      0.00000000	      0.00000000
      0.34800000	      0.02276099	      0.00000000	     -0.00000649	     -0.01041982	     -0.00109484	     -0.02316531	      0.00000000	      0.00000000	      0.00000000
      0.34900000	      0.01986803	     -0.00000000	     -0.00000000	     -0.01874004	      0.00225969	     -0.02189591	      0.00000000	     -0.00000000	      0.00000000
      0.35000000	      0.02662689	      0.00000000	     -0.00000000	     -0.00664166	     -0.00762473	     -0.02171651	      0.00000000	     -0.00000000	      0.00000000
      0.35100000	      0.01970286	      0.00000000	     -0.00000000	     -0.00729153	     -0.00358479	     -0.01851108	      0.00000000	      0.00000000	      0.00000000
      0.35200000	      0.01986803	      0.00000000	     -0.00000000	     -0.02193812	      0.00192219	     -0.02086174	      0.00000000	      0.00000000	     -0.00000000
      0.35300000	      0.03142957	     -0.00000000	     -0.00000988	     -0.01191571	     -0.00373201	     -0.03022061	      0.00000000	      0.00000000	     -0.00000000
      0.35400000	      0.03689316	     -0.00000000	     -0.00000000	     -0.01291199	     -0.00736314	     -0.03041133	      0.00000000	      0.00000000	     -0.00000000
      0.35500000	      0.02129225	      0.00000000	     -0.00000000	     -0.02935547	      0.00268580	     -0.02446370	      0.00000000	     -0.00000000	     -0.00000000
      0.35600000	      0.03940531	     -0.00000000	      0.00000000	     -0.01371501	     -0.00846393	     -0.03044917	     -0.00000000	      0.00000000	      0.00000000
      0.35700000	      0.03156836	      0.00000000	      0.00000000	     -0.01878854	     -0.00269076	     -0.03063726	      0.00000000	      0.00000000	     -0.00000000
      0.35800000	      0.02357185	     -0.00000000	     -0.00000000	     -0.01784579	     -0.00053182	     -0.02324215	     -0.00000000	     -0.00000000	     -0.00000000
      0.35900000	      0.02666738	      0.00000000	     -0.00000905	     -0.00910935	     -0.00402418	     -0.02482088	      0.00000000	      0.00000000	      0.00000000
      0.36000000	      0.03118268	      0.00000000	     -0.00000000	     -0.00936117	     -0.00772828	     -0.02317286	     -0.00000000	     -0.00000000	     -0.00000000
      0.36100000	      0.02248397	     -0.00000000	      0.00000000	     -0.01220626	     -0.00171131	     -0.02117965	     -0.00000000	     -0.00000000	      0.00000000
      0.36200000	      0.02073770	     -0.00000000	     -0.00000635	     -0.02806667	      0.00239520	     -0.02293972	      0.00000000	     -0.00000000	     -0.00000000
      0.36300000	      0.01925961	      0.00000000	      0.00000000	     -0.01047190	     -0.00166943	     -0.01781229	      0.00000000	      0.00000000	     -0.00000000
      0.36400000	      0.02683876	      0.00000000	     -0.00000000	     -0.02063905	     -0.00202386	     -0.02482671	     -0.00000000	     -0.00000000	      0.00000000
      0.36500000	      0.02270461	      0.00000000	      0.00000000	     -0.00995191	     -0.00238009	     -0.02119010	      0.00000000	     -0.00000000	      0.00000000
      0.36600000	      0.03189869	     -0.00000000	     -0.00000000	     -0.01178931	     -0.00540185	     -0.02811076	     -0.00000000	     -0.00000000	     -0.00000000
      0.36700000	      0.02109744	      0.00000000	     -0.00000000	     -0.00537804	     -0.00547198	     -0.01966117	     -0.00000000	      0.00000000	     -0.00000000
      0.36800000	      0.01751745	     -0.00000000	     -0.00000000	     -0.01127712	     -0.00145293	     -0.01564107	      0.00000000	     -0.00000000	     -0.00000000
      0.36900000	      0.03697455	     -0.00000000	      0.00000000	     -0.01671985	     -0.00641081	     -0.03140840	      0.00000000	      0.00000000	     -0.00000000
      0.37000000	      0.01793495	     -0.00000000	      0.00000000	     -0.01039348	     -0.00121319	     -0.01683823	      0.00000000	      0.00000000	     -0.00000000
      0.37100000	      0.04113861	      0.00000000	      0.00000000	     -0.01597008	     -0.00781585	     -0.03448751	     -0.00000000	     -0.00000000	     -0.00000000
      0.37200000	      0.01983393	     -0.00000000	     -0.00000000	     -0.01633003	      0.00013296	     -0.01886424	      0.00000000	      0.00000000	      0.00000000
      0.37300000	      0.01754985	     -0.00000000	     -0.00000000	     -0.00839898	     -0.00450606	     -0.01728073	     -0.00000000	     -0.00000000	      0.00000000
      0.37400000	      0.02463162	      0.00000000	      0.00000000	     -0.00614541	     -0.00685188	     -0.02122147	     -0.00000000	     -0.00000000	      0.00000000
      0.37500000	      0.03657595	     -0.00000000	      0.00000000	     -0.00934787	     -0.00895165	     -0.02609322	     -0.00000000	      0.00000000	     -0.00000000
      0.37600000	      0.02431208	      0.00000000	      0.00000000	     -0.01621697	     -0.00086410	     -0.02403463	     -0.00000000	      0.00000000	      0.00000000
      0.37700000	      0.02465005	     -0.00000000	     -0.00000000	     -0.01193445	     -0.00275962	     -0.02273408	     -0.00000000	      0.00000000	      0.00000000
      0.37800000	      0.02073471	     -0.00000000	      0.00000000	     -0.01487746	     -0.00005042	     -0.02025207	      0.00000000	      0.00000000	      0.00000000
      0.37900000	      0.04465884	     -0.00000000	      0.00000000	     -0.00995590	     -0.00937069	     -0.03721481	      0.00000000	      0.00000000	      0.00000000
      0.38000000	      0.02639814	      0.00000000	     -0.00000000	     -0.01642229	     -0.00388097	     -0.02088561	     -0.00000000	     -0.00000000	     -0.00000000
      0.38100000	      0.02476173	      0.00000000	     -0.00000000	     -0.01813352	      0.00029488	     -0.02630464	     -0.00000000	     -0.00000000	      0.00000000
      0.38200000	      0.02803158	     -0.00000000	      0.00000000	     -0.02338654	     -0.00188503	     -0.02664087	     -0.00000000	     -0.00000000	     -0.00000000
      0.38300000	      0.02222377	     -0.00000000	      0.00000000	     -0.00985956	     -0.00547315	     -0.01607176	      0.00000000	     -0.00000000	     -0.00000000
      0.38400000	      0.03165531	      0.00000000	     -0.00000000	     -0.01183417	     -0.00702479	     -0.02307193	      0.00000000	      0.00000000	     -0.00000000
      0.38500000	      0.01799774	     -0.00000000	     -0.00000000	     -0.00717537	     -0.00422425	     -0.01517238	      0.00000000	      0.00000000	     -0.00000000
      0.38600000	      0.02671517	      0.00000000	     -0.00000000	     -0.00808806	     -0.00749676	     -0.01825230	     -0.00000000	      0.00000000	     -0.00000000
      0.38700000	      0.03459983	     -0.00000000	      0.00000000	     -0.00946149	     -0.00812669	     -0.02720999	      0.00000000	      0.00000000	     -0.00000000
      0.38800000	      0.02436526	      0.00000000	      0.00000000	     -0.01101448	     -0.00455459	     -0.02007661	      0.00000000	      0.00000000	     -0.00000000
      0.38900000	      0.02746568	      0.00000000	      0.00000000	     -0.02495213	     -0.00091051	     -0.02758365	      0.00000000	     -0.00000000	      0.00000000
      0.39000000	      0.02722770	      0.00000000	     -0.00000594	     -0.01843533	     -0.00240200	     -0.02523605	      0.00000000	      0.00000000	     -0.00000000
      0.39100000	      0.02046352	      0.00000000	     -0.00000000	     -0.01548671	      0.00223941	     -0.02321964	     -0.00000000	     -0.00000000	      0.00000000
      0.39200000	      0.02421720	     -0.00000000	     -0.00000000	     -0.01214235	     -0.00498861	     -0.01765243	     -0.00000000	     -0.00000000	      0.00000000
      0.39300000	      0.02426465	     -0.00000000	     -0.00000805	     -0.02030590	      0.00134338	     -0.02685871	      0.00000000	      0.00000000	     -0.00000000
      0.39400000	      0.02849191	     -0.00000000	      0.00000000	     -0.00819218	     -0.00526356	     -0.02565499	      0.00000000	      0.00000000	     -0.00000000
      0.39500000	      0.03640935	     -0.00000000	     -0.00000000	     -0.00855828	     -0.00757581	     -0.03173772	     -0.00000000	     -0.00000000	      0.00000000
      0.39600000	      0.01788262	     -0.00000000	      0.00000000	     -0.01011333	     -0.00302139	     -0.01417758	      0.00000000	      0.00000000	      0.00000000
      0.39700000	      0.02009753	     -0.00000000	      0.00000000	     -0.00738990	     -0.00357910	     -0.01925636	      0.00000000	      0.00000000	      0.00000000
      0.39800000	      0.01870281	      0.00000000	     -0.00000000	     -0.00586075	     -0.00560184	     -0.01588722	     -0.00000000	      0.00000000	     -0.00000000
      0.39900000	      0.02196239	      0.00000000	     -0.00000000	     -0.02330123	      0.00150221	     -0.02360568	     -0.00000000	     -0.00000000	     -0.00000000
      0.40000000	      0.02149285	     -0.00000000	     -0.00000000	     -0.02112486	      0.00253096	     -0.02469221	     -0.00000000	     -0.00000000	      0.00000000
      0.40100000	      0.03449414	     -0.00000000	     -0.00000000	     -0.00922978	     -0.00729304	     -0.02910888	     -0.00000000	     -0.00000000	      0.00000000
      0.40200000	      0.02900160	     -0.00000000	      0.00000000	     -0.01371201	     -0.00562457	     -0.02187913	      0.00000000	      0.00000000	      0.00000000
      0.40300000	      0.02326037	      0.00000000	      0.00000000	     -0.02259308	     -0.00031499	     -0.02213378	     -0.00000000	     -0.00000000	      0.00000000
      0.40400000	      0.01933553	      0.00000000	      0.00000000	     -0.01881702	      0.00074899	     -0.01849039	      0.00000000	      0.00000000	      0.00000000
      0.40500000	      0.02404366	     -0.00000000	     -0.00000000	     -0.01914720	      0.00112500	     -0.02632102	     -0.00000000	     -0.00000000	      0.00000000
      0.40600000	      0.02683062	      0.00000000	      0.00000000	     -0.01121824	     -0.00597016	     -0.01997497	      0.00000000	     -0.00000000	     -0.00000000
      0.40700000	      0.01777773	     -0.00000000	     -0.00000000	     -0.00630787	     -0.00450217	     -0.01601486	      0.00000000	      0.00000000	     -0.00000000
      0.40800000	      0.02591046	     -0.00000000	      0.00000000	     -0.01432839	     -0.00082445	     -0.02670095	      0.00000000	      0.00000000	      0.00000000
      0.40900000	      0.01901958	     -0.00000000	     -0.00000000	     -0.00769816	     -0.00345764	     -0.01700688	     -0.00000000	     -0.00000000	     -0.00000000
      0.41000000	      0.02124176	     -0.00000000	      0.00000000	     -0.01103121	     -0.00393545	     -0.01676876	      0.00000000	      0.00000000	      0.00000000
      0.41100000	      0.03255515	      0.00000000	      0.00000000	     -0.02058023	     -0.00301687	     -0.03123559	      0.00000000	     -0.00000000	      0.00000000
      0.41200000	      0.02296448	      0.00000000	      0.00000000	     -0.01859257	     -0.00087973	     -0.02134642	      0.00000000	      0.00000000	     -0.00000000
      0.41300000	      0.02669237	     -0.00000000	     -0.00000000	     -0.01473961	     -0.00471907	     -0.02005390	     -0.00000000	      0.00000000	     -0.00000000
      0.41400000	      0.04057394	      0.00000000	     -0.00000000	     -0.00848917	     -0.00990663	     -0.03081742	      0.00000000	     -0.00000000	      0.00000000
      0.41500000	      0.02895266	     -0.00000000	      0.00000000	     -0.01317440	     -0.00230797	     -0.02859684	      0.00000000	      0.00000000	     -0.00000000
      0.41600000	      0.02140637	      0.00000000	      0.00000000	     -0.00485283	     -0.00618523	     -0.01960830	      0.00000000	      0.00000000	     -0.00000000
      0.41700000	      0.02964098	     -0.00000000	     -0.00000000	     -0.01311064	     -0.00383801	     -0.02744965	     -0.00000000	     -0.00000000	      0.00000000
      0.41800000	      0.02084476	     -0.00000000	     -0.00000000	     -0.01943798	      0.00106831	     -0.02133443	     -0.00000000	     -0.00000000	     -0.00000000
      0.41900000	      0.03472836	      0.00000000	      0.00000000	     -0.00858106	     -0.00829899	     -0.02803038	      0.00000000	      0.00000000	      0.00000000
      0.42000000	      0.02908683	     -0.00000000	      0.00000000	     -0.02071526	     -0.00206713	     -0.02823478	      0.00000000	      0.00000000	      0.00000000
      0.42100000	      0.01980740	      0.00000000	     -0.00000000	     -0.01353081	      0.00000946	     -0.01950165	      0.00000000	     -0.00000000	     -0.00000000
      0.42200000	      0.03150639	     -0.00000000	      0.00000000	     -0.01275263	     -0.00572566	     -0.02650089	      0.00000000	     -0.00000000	      0.00000000
      0.42300000	      0.02805520	      0.00000000	     -0.00000000	     -0.02438397	     -0.00119805	     -0.02798509	      0.00000000	      0.00000000	      0.00000000
      0.42400000	      0.01742882	     -0.00000000	     -0.00000000	     -0.00670610	     -0.00642310	     -0.01312145	      0.00000000	     -0.00000000	      0.00000000
      0.42500000	      0.04586225	     -0.00000000	     -0.00000000	     -0.01041416	     -0.01089014	     -0.03507764	     -0.00000000	     -0.00000000	     -0.00000000
      0.42600000	      0.03871737	      0.00000000	     -0.00000000	     -0.01612410	     -0.00716113	     -0.03241952	     -0.00000000	     -0.00000000	      0.00000000
      0.42700000	      0.03503665	      0.00000000	      0.00000000	     -0.01144636	     -0.00773884	     -0.02697235	      0.00000000	      0.00000000	      0.00000000
      0.42800000	      0.02100952	      0.00000000	      0.00000000	     -0.02798036	      0.00205654	     -0.02276848	      0.00000000	     -0.00000000	      0.00000000
      0.42900000	      0.03115091	      0.00000000	     -0.00000000	     -0.00916834	     -0.00788538	     -0.02143515	     -0.00000000	      0.00000000	      0.00000000
      0.43000000	      0.01763816	      0.00000000	      0.00000000	     -0.01001669	     -0.00123094	     -0.01674594	     -0.00000000	      0.00000000	     -0.00000000
      0.43100000	      0.02662231	     -0.00000000	      0.00000000	     -0.01183618	     -0.00452013	     -0.02272532	      0.00000000	      0.00000000	      0.00000000
      0.43200000	      0.03972620	     -0.00000000	     -0.00000000	     -0.01218356	     -0.00705622	     -0.03501661	     -0.00000000	      0.00000000	      0.00000000
      0.43300000	      0.02548319	     -0.00000000	     -0.00000000	     -0.01410656	     -0.00401775	     -0.02059126	     -0.00000000	     -0.00000000	     -0.00000000
      0.43400000	      0.02088057	      0.00000000	     -0.00000000	     -0.00966464	     -0.00216548	     -0.01949165	     -0.00000000	     -0.00000000	     -0.00000000
      0.43500000	      0.02219501	      0.00000000	      0.00000000	     -0.01836883	     -0.00025878	     -0.02134367	      0.00000000	      0.00000000	      0.00000000
      0.43600000	      0.02401351	     -0.00000000	      0.00000000	     -0.01470026	     -0.00335019	     -0.01948774	      0.00000000	      0.00000000	      0.00000000
      0.43700000	      0.02531224	     -0.00000000	      0.00000000	     -0.01160241	     -0.00127798	     -0.02565604	      0.00000000	     -0.00000000	     -0.00000000
      0.43800000	      0.03095071	     -0.00000000	     -0.00000000	     -0.02139345	     -0.00201502	     -0.03057657	      0.00000000	     -0.00000000	      0.00000000
      0.43900000	      0.01859431	     -0.00000000	      0.00000000	     -0.00577620	     -0.00492208	     -0.01654764	      0.00000000	      0.00000000	     -0.00000000
      0.44000000	      0.02440060	      0.00000000	      0.00000000	     -0.01564338	     -0.00119644	     -0.02366789	     -0.00000000	     -0.00000000	      0.00000000
      0.44100000	      0.03034965	      0.00000000	     -0.00000000	     -0.01873445	     -0.00331976	     -0.02792046	     -0.00000000	     -0.00000000	     -0.00000000
      0.44200000	      0.04699594	      0.00000000	      0.00000000	     -0.00778303	     -0.01174034	     -0.03510072	     -0.00000000	     -0.00000000	     -0.00000000
      0.44300000	      0.03818089	     -0.00000000	      0.00000000	     -0.01187815	     -0.00765114	     -0.03187168	      0.00000000	      0.00000000	      0.00000000
      0.44400000	      0.01828391	      0.00000000	      0.00000000	     -0.00476950	     -0.00708695	     -0.01615333	      0.00000000	      0.00000000	     -0.00000000
      0.44500000	      0.03221887	     -0.00000000	     -0.00000000	     -0.01199733	     -0.00497790	     -0.02930312	      0.00000000	      0.00000000	     -0.00000000
      0.44600000	      0.02656989	     -0.00000000	     -0.00000000	     -0.01798607	     -0.00295198	     -0.02297145	     -0.00000000	     -0.00000000	      0.00000000
      0.44700000	      0.03768594	      0.00000000	     -0.00000000	     -0.00842068	     -0.00939053	     -0.02842016	     -0.00000000	     -0.00000000	     -0.00000000
      0.44800000	      0.01989977	      0.00000000	      0.00000000	     -0.01575307	     -0.00112118	     -0.01695143	      0.00000000	      0.00000000	     -0.00000000
      0.44900000	      0.01959832	      0.00000000	     -0.00000000	     -0.01326440	     -0.00037759	     -0.01875175	     -0.00000000	      0.00000000	     -0.00000000
      0.45000000	      0.04198858	      0.00000000	      0.00000000	     -0.01326608	     -0.00946294	     -0.03182908	     -0.00000000	      0.00000000	      0.00000000
      0.45100000	      0.02783903	      0.00000000	     -0.00000000	     -0.00980417	     -0.00488814	     -0.02450625	      0.00000000	     -0.00000000	      0.00000000
      0.45200000	      0.04071820	     -0.00000000	      0.00000000	     -0.01148399	     -0.00929125	     -0.03090784	      0.00000000	     -0.00000000	     -0.00000000
      0.45300000	      0.02459538	      0.00000000	     -0.00000000	     -0.01135649	     -0.00544238	     -0.01763584	     -0.00000000	     -0.00000000	     -0.00000000
      0.45400000	      0.02501877	     -0.00000000	      0.00000000	     -0.01305300	     -0.00321455	     -0.02203918	      0.00000000	     -0.00000000	      0.00000000
      0.45500000	      0.02464256	     -0.00000000	      0.00000000	     -0.01972243	      0.00095840	     -0.02687679	      0.00000000	      0.00000000	     -0.00000000
      0.45600000	      0.02398237	      0.00000000	     -0.00000000	     -0.01936157	     -0.00074922	     -0.02314304	     -0.00000000	      0.00000000	     -0.00000000
      0.45700000	      0.02531179	     -0.00000000	     -0.00000000	     -0.01803045	     -0.00092967	     -0.02515071	     -0.00000000	      0.00000000	     -0.00000000
      0.45800000	      0.03152804	     -0.00000000	     -0.00000000	     -0.00702787	     -0.00863578	     -0.02068641	      0.00000000	      0.00000000	     -0.00000000
      0.45900000	      0.02173925	     -0.00000000	     -0.00000000	     -0.01510328	      0.00044077	     -0.02246508	      0.00000000	      0.00000000	     -0.00000000
      0.46000000	      0.02172829	     -0.00000000	      0.00000000	     -0.02898778	      0.00222813	     -0.02436761	      0.00000000	      0.00000000	     -0.00000000
      0.46100000	      0.04199792	      0.00000000	      0.00000000	     -0.01327132	     -0.00881065	     -0.03390992	      0.00000000	      0.00000000	     -0.00000000
      0.46200000	      0.02606822	      0.00000000	     -0.00000000	     -0.01657198	     -0.00171133	     -0.02503485	     -0.00000000	     -0.00000000	     -0.00000000
      0.46300000	      0.02300382	     -0.00000000	     -0.00000000	     -0.01143374	     -0.00348193	     -0.01964517	      0.00000000	      0.00000000	      0.00000000
      0.46400000	      0.01671771	     -0.00000000	     -0.00000000	     -0.00516699	     -0.00565896	     -0.01467772	     -0.00000000	      0.00000000	     -0.00000000
      0.46500000	      0.02709539	      0.00000000	     -0.00000000	     -0.00914072	     -0.00708743	     -0.01829076	     -0.00000000	     -0.00000000	     -0.00000000
      0.46600000	      0.03374467	      0.00000000	      0.00000000	     -0.01336018	     -0.00567528	     -0.02943435	     -0.00000000	      0.00000000	      0.00000000
      0.46700000	      0.03518945	     -0.00000000	      0.00000000	     -0.01326228	     -0.00755424	     -0.02610185	      0.00000000	     -0.00000000	     -0.00000000
      0.46800000	      0.03991988	      0.00000000	      0.00000000	     -0.00633771	     -0.01029911	     -0.03185703	      0.00000000	      0.00000000	      0.00000000
      0.46900000	      0.02983502	      0.00000000	     -0.00000000	     -0.01780058	     -0.00166837	     -0.02994987	      0.00000000	      0.00000000	     -0.00000000
      0.47000000	      0.02532509	      0.00000000	      0.00000000	     -0.02825007	     -0.00022966	     -0.02544186	      0.00000000	      0.00000000	      0.00000000
      0.47100000	      0.04049373	      0.00000000	      0.00000000	     -0.01823003	     -0.00727196	     -0.03452135	     -0.00000000	     -0.00000000	     -0.00000000
      0.47200000	      0.02309802	      0.00000000	      0.00000000	     -0.00686309	     -0.00385813	     -0.02159273	      0.00000000	      0.00000000	      0.00000000
      0.47300000	      0.01952988	     -0.00000000	     -0.00000000	     -0.01161087	     -0.00265832	     -0.01587840	     -0.00000000	      0.00000000	     -0.00000000
      0.47400000	      0.02138551	      0.00000000	      0.00000000	     -0.00659414	     -0.00743830	     -0.01606906	     -0.00000000	     -0.00000000	      0.00000000
      0.47500000	      0.02155615	     -0.00000000	      0.00000000	     -0.01182133	     -0.00380316	     -0.01679863	     -0.00000000	      0.00000000	     -0.00000000
      0.47600000	      0.01996139	      0.00000000	      0.00000000	     -0.00840906	     -0.00300167	     -0.01801347	      0.00000000	      0.00000000	      0.00000000
      0.47700000	      0.02438800	      0.00000000	     -0.00000000	     -0.02318600	      0.00135207	     -0.02688490	     -0.00000000	     -0.00000000	     -0.00000000
      0.47800000	      0.02004823	     -0.00000000	      0.00000000	     -0.01043491	     -0.00084147	     -0.01989865	     -0.00000000	      0.00000000	     -0.00000000
      0.47900000	      0.02939879	     -0.00000000	      0.00000000	     -0.02348309	     -0.00111468	     -0.02985252	      0.00000000	      0.00000000	     -0.00000000
      0.48000000	      0.02888629	      0.00000000	     -0.00000000	     -0.00838311	     -0.00777768	     -0.02048601	      0.00000000	     -0.00000000	      0.00000000
      0.48100000	      0.03327397	      0.00000000	      0.00000000	     -0.01387245	     -0.00602873	     -0.02786777	     -0.00000000	     -0.00000000	      0.00000000
      0.48200000	      0.03304691	      0.00000000	      0.00000000	     -0.02166232	     -0.00430036	     -0.02943571	     -0.00000000	      0.00000000	      0.00000000
      0.48300000	      0.02161788	      0.00000000	     -0.00000000	     -0.00595682	     -0.00534048	     -0.01917480	     -0.00000000	     -0.00000000	      0.00000000
      0.48400000	      0.02696875	     -0.00000000	     -0.00000000	     -0.01923214	     -0.00248598	     -0.02428539	     -0.00000000	     -0.00000000	     -0.00000000
      0.48500000	      0.02175197	     -0.00000000	      0.00000000	     -0.00680906	     -0.00738649	     -0.01582151	      0.00000000	      0.00000000	     -0.00000000
      0.48600000	      0.02245821	      0.00000000	      0.00000000	     -0.01349679	     -0.00219163	     -0.01982297	      0.00000000	      0.00000000	      0.00000000
      0.48700000	      0.04709314	      0.00000000	     -0.00000000	     -0.00553913	     -0.01196384	     -0.03582220	     -0.00000000	     -0.00000000	      0.00000000
      0.48800000	      0.02219839	     -0.00000000	      0.00000000	     -0.03053553	      0.00172378	     -0.02418182	      0.00000000	      0.00000000	     -0.00000000
      0.48900000	      0.02487810	      0.00000000	      0.00000000	     -0.00769134	     -0.00416031	     -0.02300288	     -0.00000000	     -0.00000000	     -0.00000000
      0.49000000	      0.02949754	      0.00000000	     -0.00000000	     -0.02087132	     -0.00364509	     -0.02506953	      0.00000000	      0.00000000	      0.00000000
      0.49100000	      0.03789263	     -0.00000000	     -0.00000000	     -0.00669706	     -0.01001872	     -0.02618804	      0.00000000	     -0.00000000	      0.00000000
      0.49200000	      0.02306018	      0.00000000	     -0.00000000	     -0.02238295	     -0.00062625	     -0.02103289	     -0.00000000	     -0.00000000	     -0.00000000
      0.49300000	      0.02621466	     -0.00000000	     -0.00000000	     -0.02456341	     -0.00096766	     -0.02553149	     -0.00000000	     -0.00000000	      0.00000000
      0.49400000	      0.01993168	     -0.00000000	      0.00000000	     -0.00993832	     -0.00517348	     -0.01326753	      0.00000000	     -0.00000000	     -0.00000000
      0.49500000	      0.03128467	      0.00000000	      0.00000000	     -0.00869143	     -0.00708757	     -0.02586615	      0.00000000	     -0.00000000	      0.00000000
      0.49600000	      0.02960101	      0.00000000	     -0.00000000	     -0.01562442	     -0.00510730	     -0.02327508	     -0.00000000	     -0.00000000	     -0.00000000
      0.49700000	      0.04407217	      0.00000000	      0.00000000	     -0.00984405	     -0.00964384	     -0.03586893	      0.00000000	      0.00000000	     -0.00000000
      0.49800000	      0.03826512	      0.00000000	      0.00000000	     -0.01086329	     -0.00863178	     -0.03005704	      0.00000000	      0.00000000	      0.00000000
      0.49900000	      0.01949995	     -0.00000000	      0.00000000	     -0.00820630	     -0.00568405	     -0.01438265	      0.00000000	     -0.00000000	     -0.00000000
      0.50000000	      0.03316151	      0.00000000	      0.00000000	     -0.01573676	     -0.00481054	     -0.02952478	      0.00000000	      0.00000000	      0.00000000
      0.50100000	      0.02538457	     -0.00000000	      0.00000000	     -0.02489652	      0.00001769	     -0.02617096	      0.00000000	      0.00000000	      0.00000000
      0.50200000	      0.02537975	      0.00000000	     -0.00000000	     -0.01568090	     -0.00279643	     -0.02222607	     -0.00000000	     -0.00000000	     -0.00000000
      0.50300000	      0.03738816	     -0.00000000	      0.00000000	     -0.00774971	     -0.00899126	     -0.03037108	      0.00000000	      0.00000000	     -0.00000000
      0.50400000	      0.02411846	      0.00000000	     -0.00000000	     -0.02527996	      0.00145534	     -0.02661586	     -0.00000000	     -0.00000000	     -0.00000000
      0.50500000	      0.03866607	     -0.00000000	      0.00000000	     -0.01453586	     -0.00813975	     -0.02958361	     -0.00000000	      0.00000000	      0.00000000
      0.50600000	      0.02663852	     -0.00000000	      0.00000000	     -0.01030992	     -0.00647775	     -0.01785040	      0.00000000	     -0.00000000	     -0.00000000
      0.50700000	      0.02312394	     -0.00000000	      0.00000000	     -0.01295060	     -0.00011018	     -0.02407802	      0.00000000	      0.00000000	     -0.00000000
      0.50800000	      0.02727043	     -0.00000000	      0.00000000	     -0.00676231	     -0.00804503	     -0.02108007	     -0.00000000	     -0.00000000	      0.00000000
      0.50900000	      0.01998190	     -0.00000000	     -0.00000000	     -0.01341349	     -0.00159140	     -0.01720836	     -0.00000000	     -0.00000000	      0.00000000
      0.51000000	      0.03051716	     -0.00000000	      0.00000000	     -0.00630543	     -0.00888431	     -0.02054850	      0.00000000	      0.00000000	      0.00000000
      0.51100000	      0.03274968	      0.00000000	     -0.00000000	     -0.02601447	     -0.00381290	     -0.02986981	     -0.00000000	     -0.00000000	      0.00000000
      0.51200000	      0.02571394	     -0.00000000	     -0.00000000	     -0.01932096	     -0.00254133	     -0.02202226	      0.00000000	      0.00000000	     -0.00000000
      0.51300000	      0.03241764	     -0.00000000	      0.00000000	     -0.00835082	     -0.00786971	     -0.02633750	      0.00000000	      0.00000000	     -0.00000000
      0.51400000	      0.02208858	      0.00000000	     -0.00000000	     -0.00872383	     -0.00522136	     -0.01760758	     -0.00000000	     -0.00000000	      0.00000000
      0.51500000	      0.03698849	      0.00000000	      0.00000000	     -0.01946970	     -0.00602233	     -0.03189543	      0.00000000	      0.00000000	      0.00000000
      0.51600000	      0.03397015	     -0.00000000	      0.00000000	     -0.01336773	     -0.00659495	     -0.02772928	      0.00000000	      0.00000000	      0.00000000
      0.51700000	      0.04825974	     -0.00000000	     -0.00000000	     -0.00401673	     -0.01290782	     -0.03468771	     -0.00000000	     -0.00000000	      0.00000000
      0.51800000	      0.02826133	     -0.00000000	      0.00000000	     -0.02143498	     -0.00185961	     -0.02730676	      0.00000000	      0.00000000	     -0.00000000
      0.51900000	      0.01893826	     -0.00000000	      0.00000000	     -0.00667858	     -0.00422238	     -0.01631297	      0.00000000	      0.00000000	      0.00000000
      0.52000000	      0.02086620	      0.00000000	     -0.00000000	     -0.00650480	     -0.00738832	     -0.01336121	     -0.00000000	     -0.00000000	     -0.00000000
      0.52100000	      0.02614937	     -0.00000000	     -0.00000000	     -0.01898157	     -0.00101274	     -0.02607242	      0.00000000	      0.00000000	     -0.00000000
      0.52200000	      0.02487481	     -0.00000000	     -0.00000000	     -0.01389336	     -0.00465466	     -0.01740974	     -0.00000000	      0.00000000	     -0.00000000
      0.52300000	      0.02844949	      0.00000000	     -0.00000000	     -0.01799482	     -0.00367773	     -0.02422221	      0.00000000	      0.00000000	      0.00000000
      0.52400000	      0.02724128	      0.00000000	      0.00000000	     -0.00767785	     -0.00651402	     -0.02297019	      0.00000000	      0.00000000	     -0.00000000
      0.52500000	      0.03483812	      0.00000000	      0.00000000	     -0.01819931	     -0.00403135	     -0.03274690	      0.00000000	      0.00000000	      0.00000000
      0.52600000	      0.03212947	      0.00000000	      0.00000000	     -0.01754280	     -0.00544835	     -0.02554821	     -0.00000000	      0.00000000	      0.00000000
      0.52700000	      0.02614910	      0.00000000	      0.00000000	     -0.00643546	     -0.00813627	     -0.01731741	      0.00000000	     -0.00000000	      0.00000000
      0.52800000	      0.02738600	     -0.00000000	      0.00000000	     -0.01104452	     -0.00636401	     -0.01816141	     -0.00000000	      0.00000000	      0.00000000
      0.52900000	      0.02299190	      0.00000000	     -0.00000000	     -0.01310140	     -0.00446389	     -0.01554570	     -0.00000000	     -0.00000000	      0.00000000
      0.53000000	      0.02793559	     -0.00000000	     -0.00000000	     -0.00544918	     -0.00935513	     -0.02231758	      0.00000000	      0.00000000	      0.00000000
      0.53100000	      0.02578666	      0.00000000	      0.00000000	     -0.02127207	     -0.00089820	     -0.02536439	      0.00000000	      0.00000000	     -0.00000000
      0.53200000	      0.02623266	     -0.00000000	     -0.00000000	     -0.01675677	     -0.00170865	     -0.02533936	     -0.00000000	      0.00000000	     -0.00000000
      0.53300000	      0.02929368	      0.00000000	     -0.00000000	     -0.00807233	     -0.00792805	     -0.02097310	     -0.00000000	     -0.00000000	      0.00000000
      0.53400000	      0.03442916	      0.00000000	     -0.00000000	     -0.01816473	     -0.00492987	     -0.03061357	      0.00000000	      0.00000000	      0.00000000
      0.53500000	      0.02134960	     -0.00000000	      0.00000000	     -0.00694329	     -0.00718525	     -0.01351228	      0.00000000	      0.00000000	     -0.00000000
      0.53600000	      0.02241443	      0.00000000	     -0.00000000	     -0.01417771	     -0.00022906	     -0.02257851	      0.00000000	     -0.00000000	     -0.00000000
      0.53700000	      0.01909581	     -0.00000000	      0.00000000	     -0.00762056	     -0.00540831	     -0.01492273	     -0.00000000	     -0.00000000	      0.00000000
      0.53800000	      0.02303390	     -0.00000000	      0.00000000	     -0.00526846	     -0.00934413	     -0.01917609	      0.00000000	      0.00000000	      0.00000000
      0.53900000	      0.02270299	     -0.00000000	     -0.00000000	     -0.02291673	     -0.00027098	     -0.02120765	     -0.00000000	     -0.00000000	     -0.00000000
      0.54000000	      0.04193478	      0.00000000	     -0.00000000	     -0.00896699	     -0.00944988	     -0.03421341	     -0.00000000	      0.00000000	     -0.00000000
      0.54100000	      0.03906134	      0.00000000	     -0.00000000	     -0.01577519	     -0.00641207	     -0.03425051	     -0.00000000	      0.00000000	     -0.00000000
      0.54200000	      0.03236698	      0.00000000	     -0.00000000	     -0.02291308	     -0.00429587	     -0.02800277	      0.00000000	      0.00000000	     -0.00000000
      0.54300000	      0.03651213	     -0.00000000	     -0.00000000	     -0.01276602	     -0.00700979	     -0.03045470	     -0.00000000	     -0.00000000	      0.00000000
      0.54400000	      0.03405898	      0.00000000	     -0.00000000	     -0.01239962	     -0.00741726	     -0.02525043	     -0.00000000	     -0.00000000	      0.00000000
      0.54500000	      0.02823891	      0.00000000	     -0.00000000	     -0.02202686	     -0.00244217	     -0.02586358	      0.00000000	      0.00000000	     -0.00000000
      0.54600000	      0.03438669	     -0.00000000	     -0.00000000	     -0.02053488	     -0.00467388	     -0.03082789	     -0.00000000	      0.00000000	     -0.00000000
      0.54700000	      0.02518157	     -0.00000000	     -0.00000000	     -0.01995426	     -0.00145634	     -0.02349471	     -0.00000000	      0.00000000	      0.00000000
      0.54800000	      0.03095520	     -0.00000000	      0.00000000	     -0.02149139	     -0.00242621	     -0.03004211	      0.00000000	     -0.00000000	      0.00000000
      0.54900000	      0.02557843	      0.00000000	      0.00000000	     -0.01622265	     -0.00314272	     -0.02157901	      0.00000000	     -0.00000000	     -0.00000000
      0.55000000	      0.04523836	     -0.00000000	     -0.00000000	     -0.01258838	     -0.00969565	     -0.03677449	     -0.00000000	     -0.00000000	      0.00000000
      0.55100000	      0.01894435	      0.00000000	      0.00000000	     -0.00856048	     -0.00497525	     -0.01439099	      0.00000000	     -0.00000000	     -0.00000000
      0.55200000	      0.03628633	     -0.00000000	     -0.00000000	     -0.00565191	     -0.01018102	     -0.02806298	     -0.00000000	     -0.00000000	      0.00000000
      0.55300000	      0.02243747	     -0.00000000	      0.00000000	     -0.01094742	     -0.00529238	     -0.01452280	      0.00000000	      0.00000000	     -0.00000000
      0.55400000	      0.02907950	     -0.00000000	      0.00000000	     -0.01213921	     -0.00400962	     -0.02664474	      0.00000000	      0.00000000	     -0.00000000
      0.55500000	      0.02975163	     -0.00000000	      0.00000000	     -0.02625075	     -0.00260704	     -0.02757736	     -0.00000000	      0.00000000	     -0.00000000
      0.55600000	      0.02297003	      0.00000000	      0.00000000	     -0.01553635	     -0.00244850	     -0.01929688	      0.00000000	     -0.00000000	      0.00000000
      0.55700000	      0.02489512	     -0.00000000	     -0.00000000	     -0.02430400	      0.00025336	     -0.02588474	      0.00000000	      0.00000000	      0.00000000
      0.55800000	      0.02989571	      0.00000000	      0.00000000	     -0.00655471	     -0.00873422	     -0.02297188	      0.00000000	      0.00000000	     -0.00000000
      0.55900000	      0.04554092	      0.00000000	     -0.00000000	     -0.00787412	     -0.01107658	     -0.03510727	      0.00000000	      0.00000000	     -0.00000000
      0.56000000	      0.05141982	     -0.00000000	     -0.00000000	     -0.00302808	     -0.01389047	     -0.03764336	     -0.00000000	      0.00000000	     -0.00000000
      0.56100000	      0.03979472	     -0.00000000	      0.00000000	     -0.00990279	     -0.00930336	     -0.03048614	     -0.00000000	      0.00000000	     -0.00000000
      0.56200000	      0.02306033	     -0.00000000	     -0.00000000	     -0.01910639	     -0.00062091	     -0.02191199	      0.00000000	      0.00000000	     -0.00000000
      0.56300000	      0.02111563	      0.00000000	     -0.00000000	     -0.00898166	     -0.00296570	     -0.01862984	     -0.00000000	     -0.00000000	     -0.00000000
      0.56400000	      0.04390726	      0.00000000	      0.00000000	     -0.01426538	     -0.00971355	     -0.03443688	     -0.00000000	     -0.00000000	     -0.00000000
      0.56500000	      0.02635949	     -0.00000000	      0.00000000	     -0.01863780	     -0.00155667	     -0.02541800	      0.00000000	      0.00000000	     -0.00000000
      0.56600000	      0.03713996	      0.00000000	      0.00000000	     -0.00268914	     -0.01075241	     -0.02330597	      0.00000000	     -0.00000000	      0.00000000
      0.56700000	      0.03385975	      0.00000000	      0.00000000	     -0.01294154	     -0.00593866	     -0.02912979	      0.00000000	     -0.00000000	     -0.00000000
      0.56800000	      0.04241754	      0.00000000	     -0.00000000	     -0.00901071	     -0.01040815	     -0.03040370	     -0.00000000	     -0.00000000	      0.00000000
      0.56900000	      0.03023254	      0.00000000	     -0.00000000	     -0.01699829	     -0.00495933	     -0.02406343	      0.00000000	      0.00000000	      0.00000000
      0.57000000	      0.02779727	      0.00000000	     -0.00000000	     -0.03159936	     -0.00099789	     -0.02821745	     -0.00000000	      0.00000000	      0.00000000
      0.57100000	      0.02645158	     -0.00000000	      0.00000000	     -0.00895143	     -0.00698235	     -0.01867217	      0.00000000	      0.00000000	     -0.00000000
      0.57200000	      0.03280717	      0.00000000	     -0.00000000	     -0.02009888	     -0.00361584	     -0.03059429	     -0.00000000	     -0.00000000	      0.00000000
      0.57300000	      0.02634031	     -0.00000000	      0.00000000	     -0.00781622	     -0.00647518	     -0.02143718	     -0.00000000	      0.00000000	      0.00000000
      0.57400000	      0.02150107	      0.00000000	      0.00000000	     -0.01120352	     -0.00386743	     -0.01712672	      0.00000000	     -0.00000000	     -0.00000000
      0.57500000	      0.02802831	     -0.00000000	      0.00000000	     -0.01402319	     -0.00516785	     -0.02162327	      0.00000000	      0.00000000	     -0.00000000
      0.57600000	      0.03535288	      0.00000000	      0.00000000	     -0.01386905	     -0.00660661	     -0.02931584	     -0.00000000	     -0.00000000	      0.00000000
      0.57700000	      0.02476927	      0.00000000	     -0.00000000	     -0.02025488	     -0.00047192	     -0.02475892	      0.00000000	     -0.00000000	     -0.00000000
      0.57800000	      0.04567372	      0.00000000	     -0.00000000	     -0.00323766	     -0.01245290	     -0.03479946	      0.00000000	      0.00000000	     -0.00000000
      0.57900000	      0.03375979	     -0.00000000	     -0.00000000	     -0.01357607	     -0.00688091	     -0.02603078	      0.00000000	      0.00000000	      0.00000000
      0.58000000	      0.02543571	     -0.00000000	     -0.00000000	     -0.01693244	     -0.00323961	     -0.02070241	     -0.00000000	      0.00000000	     -0.00000000
      0.58100000	      0.02712224	     -0.00000000	      0.00000000	     -0.02801190	     -0.00142378	     -0.02591190	      0.00000000	     -0.00000000	     -0.00000000
      0.58200000	      0.03530688	     -0.00000000	     -0.00000000	     -0.02124808	     -0.00521420	     -0.03093280	     -0.00000000	      0.00000000	     -0.00000000
      0.58300000	      0.04131635	      0.00000000	     -0.00000000	     -0.00406529	     -0.01160935	     -0.03127553	     -0.00000000	     -0.00000000	     -0.00000000
      0.58400000	      0.02431274	      0.00000000	      0.00000000	     -0.01981998	     -0.00201742	     -0.02078026	     -0.00000000	     -0.00000000	      0.00000000
      0.58500000	      0.02096928	     -0.00000000	      0.00000000	     -0.01735490	     -0.00127539	     -0.01756998	     -0.00000000	     -0.00000000	     -0.00000000
      0.58600000	      0.02940098	     -0.00000000	     -0.00000000	     -0.01855698	     -0.00373921	     -0.02546921	     -0.00000000	     -0.00000000	     -0.00000000
      0.58700000	      0.03851138	      0.00000000	     -0.00000000	     -0.01924066	     -0.00609935	     -0.03392915	     -0.00000000	     -0.00000000	      0.00000000
      0.58800000	      0.04212914	      0.00000000	      0.00000000	     -0.01210888	     -0.00924519	     -0.03336694	     -0.00000000	      0.00000000	      0.00000000
      0.58900000	      0.02689610	      0.00000000	      0.00000000	     -0.00727651	     -0.00788430	     -0.01801134	      0.00000000	      0.00000000	     -0.00000000
      0.59000000	      0.02255862	      0.00000000	      0.00000000	     -0.00596574	     -0.00743944	     -0.01261928	      0.00000000	      0.00000000	      0.00000000
      0.59100000	      0.04690823	     -0.00000000	      0.00000000	     -0.01027079	     -0.01121804	     -0.03604599	     -0.00000000	     -0.00000000	     -0.00000000
      0.59200000	      0.02544337	      0.00000000	      0.00000000	     -0.00712061	     -0.00744305	     -0.01548779	      0.00000000	      0.00000000	     -0.00000000
      0.59300000	      0.02954520	     -0.00000000	     -0.00000000	     -0.01953407	     -0.00223915	     -0.02856303	      0.00000000	      0.00000000	     -0.00000000
      0.59400000	      0.01932025	      0.00000000	      0.00000000	     -0.00761369	     -0.00608353	     -0.01419264	     -0.00000000	     -0.00000000	      0.00000000
      0.59500000	      0.02508061	     -0.00000000	     -0.00000000	     -0.00940315	     -0.00508765	     -0.02118139	     -0.00000000	     -0.00000000	     -0.00000000
      0.59600000	      0.02234497	     -0.00000000	     -0.00000000	     -0.01053498	     -0.00301369	     -0.01963267	     -0.00000000	     -0.00000000	     -0.00000000
      0.59700000	      0.04264231	      0.00000000	     -0.00000000	     -0.01560373	     -0.00917739	     -0.03351598	      0.00000000	     -0.00000000	      0.00000000
      0.59800000	      0.03309063	      0.00000000	     -0.00000000	     -0.00956410	     -0.00802766	     -0.02445682	     -0.00000000	     -0.00000000	      0.00000000
      0.59900000	      0.03614267	     -0.00000000	     -0.00000000	     -0.00561958	     -0.01015549	     -0.02723687	     -0.00000000	     -0.00000000	      0.00000000
      0.60000000	      0.02909846	     -0.00000000	     -0.00000000	     -0.01660445	     -0.00475632	     -0.02282462	     -0.00000000	     -0.00000000	     -0.00000000
      0.60100000	      0.04982085	     -0.00000000	     -0.00000000	     -0.00080883	     -0.01391755	     -0.03507645	     -0.00000000	     -0.00000000	     -0.00000000
      0.60200000	      0.02115325	     -0.00000000	     -0.00000000	     -0.01707110	     -0.00178356	     -0.01704851	      0.00000000	     -0.00000000	     -0.00000000
      0.60300000	      0.01877350	      0.00000000	      0.00000000	     -0.00830195	     -0.00436224	     -0.01488761	      0.00000000	     -0.00000000	     -0.00000000
      0.60400000	      0.02753848	     -0.00000000	     -0.00000000	     -0.01294396	     -0.00504451	     -0.02211103	      0.00000000	      0.00000000	     -0.00000000
      0.60500000	      0.04401590	      0.00000000	      0.00000000	     -0.01408444	     -0.00926562	     -0.03579268	      0.00000000	      0.00000000	     -0.00000000
      0.60600000	      0.03082776	      0.00000000	      0.00000000	     -0.00500518	     -0.00988920	     -0.02303586	      0.00000000	      0.00000000	     -0.00000000
      0.60700000	      0.03613398	     -0.00000000	     -0.00000000	     -0.01363810	     -0.00635621	     -0.03121761	     -0.00000000	      0.00000000	      0.00000000
      0.60800000	      0.02762451	     -0.00000000	     -0.00000000	     -0.01375392	     -0.00545565	     -0.01894225	      0.00000000	      0.00000000	      0.00000000
      0.60900000	      0.03006882	     -0.00000000	      0.00000000	     -0.01969913	     -0.00298094	     -0.02799516	      0.00000000	      0.00000000	     -0.00000000
      0.61000000	      0.02820179	     -0.00000000	      0.00000000	     -0.02047355	     -0.00324170	     -0.02407451	      0.00000000	      0.00000000	     -0.00000000
      0.61100000	      0.02978567	      0.00000000	      0.00000000	     -0.01337087	     -0.00446686	     -0.02641431	      0.00000000	      0.00000000	      0.00000000
      0.61200000	      0.04081330	     -0.00000000	      0.00000000	     -0.00966850	     -0.00985204	     -0.02927932	     -0.00000000	      0.00000000	      0.00000000
      0.61300000	      0.04359681	     -0.00000000	      0.00000000	     -0.01126634	     -0.01029505	     -0.03210281	     -0.00000000	      0.00000000	      0.00000000
      0.61400000	      0.02803888	      0.00000000	      0.00000000	     -0.01681764	     -0.00383615	     -0.02362188	      0.00000000	      0.00000000	      0.00000000
      0.61500000	      0.02256640	      0.00000000	      0.00000000	     -0.01079947	     -0.00536319	     -0.01430539	     -0.00000000	     -0.00000000	      0.00000000
      0.61600000	      0.02417863	     -0.00000000	     -0.00000000	     -0.00816464	     -0.00605532	     -0.01919009	      0.00000000	     -0.00000000	     -0.00000000
      0.61700000	      0.02133044	      0.00000000	     -0.00000000	     -0.01927615	     -0.00130382	     -0.01714769	      0.00000000	     -0.00000000	     -0.00000000
      0.61800000	      0.03239773	      0.00000000	      0.00000000	     -0.02168814	     -0.00461544	     -0.02726828	      0.00000000	     -0.00000000	     -0.00000000
      0.61900000	      0.02329676	      0.00000000	     -0.00000000	     -0.02001493	     -0.00085817	     -0.02165390	      0.00000000	     -0.00000000	      0.00000000
      0.62000000	      0.03770577	      0.00000000	     -0.00000000	     -0.00536908	     -0.01048237	     -0.02712794	     -0.00000000	     -0.00000000	      0.00000000
      0.62100000	      0.04771410	      0.00000000	      0.00000000	     -0.00643538	     -0.01215682	     -0.03549235	     -0.00000000	      0.00000000	     -0.00000000
      0.62200000	      0.02616934	      0.00000000	     -0.00000000	     -0.00806365	     -0.00695823	     -0.02023564	      0.00000000	     -0.00000000	     -0.00000000
      0.62300000	      0.02700597	     -0.00000000	     -0.00000000	     -0.01561534	     -0.00199814	     -0.02593750	     -0.00000000	     -0.00000000	     -0.00000000
      0.62400000	      0.05170423	     -0.00000000	      0.00000000	     -0.00014150	     -0.01438899	     -0.03743407	      0.00000000	     -0.00000000	     -0.00000000
      0.62500000	      0.04944159	     -0.00000000	     -0.00000000	     -0.00737979	     -0.01246933	     -0.03740456	     -0.00000000	      0.00000000	      0.00000000
      0.62600000	      0.03651549	      0.00000000	      0.00000000	     -0.00704238	     -0.00961836	     -0.02764224	     -0.00000000	      0.00000000	     -0.00000000
      0.62700000	      0.02177649	      0.00000000	     -0.00000000	     -0.01371731	     -0.00356859	     -0.01591994	     -0.00000000	      0.00000000	     -0.00000000
      0.62800000	      0.03175387	     -0.00000000	     -0.00000000	     -0.02632249	     -0.00318837	     -0.02967326	     -0.00000000	     -0.00000000	      0.00000000
      0.62900000	      0.03972201	      0.00000000	     -0.00000000	     -0.01463862	     -0.00729421	     -0.03364486	      0.00000000	     -0.00000000	      0.00000000
      0.63000000	      0.03149836	     -0.00000000	      0.00000000	     -0.02167608	     -0.00393492	     -0.02771345	      0.00000000	      0.00000000	     -0.00000000
      0.63100000	      0.02512189	     -0.00000000	     -0.00000000	     -0.01415211	     -0.00462093	     -0.01747735	     -0.00000000	      0.00000000	     -0.00000000
      0.63200000	      0.04891197	      0.00000000	     -0.00000000	     -0.00889557	     -0.01241045	     -0.03700352	      0.00000000	     -0.00000000	      0.00000000
      0.63300000	      0.01916795	     -0.00000000	     -0.00000000	     -0.01079032	     -0.00218088	     -0.01661136	     -0.00000000	     -0.00000000	     -0.00000000
      0.63400000	      0.03763198	     -0.00000000	      0.00000000	     -0.00458214	     -0.01084051	     -0.02750529	      0.00000000	     -0.00000000	      0.00000000
      0.63500000	      0.02609596	      0.00000000	     -0.00000000	     -0.01919276	     -0.00115134	     -0.02560108	     -0.00000000	      0.00000000	     -0.00000000
      0.63600000	      0.04208740	     -0.00000000	      0.00000000	     -0.01398163	     -0.00891068	     -0.03361197	      0.00000000	      0.00000000	     -0.00000000
      0.63700000	      0.02007724	      0.00000000	      0.00000000	     -0.01662653	     -0.00182635	     -0.01518894	      0.00000000	      0.00000000	      0.00000000
      0.63800000	      0.02369674	      0.00000000	      0.00000000	     -0.00565627	     -0.00857961	     -0.01868558	     -0.00000000	      0.00000000	      0.00000000
      0.63900000	      0.04303941	     -0.00000000	      0.00000000	     -0.01634300	     -0.00924932	     -0.03416153	     -0.00000000	      0.00000000	      0.00000000
      0.64000000	      0.02545204	      0.00000000	     -0.00000000	     -0.01570243	     -0.00302631	     -0.02189259	     -0.00000000	     -0.00000000	      0.00000000
      0.64100000	      0.03415400	      0.00000000	     -0.00000000	     -0.01464962	     -0.00657625	     -0.02707659	      0.00000000	      0.00000000	      0.00000000
      0.64200000	      0.03335794	     -0.00000000	      0.00000000	     -0.02224606	     -0.00481462	     -0.02842291	      0.00000000	      0.00000000	      0.00000000
      0.64300000	      0.03077424	     -0.00000000	     -0.00000000	     -0.00695240	     -0.00872631	     -0.02239654	     -0.00000000	      0.00000000	     -0.00000000
      0.64400000	      0.03288537	      0.00000000	      0.00000000	     -0.00984472	     -0.00788004	     -0.02469549	      0.00000000	     -0.00000000	     -0.00000000
      0.64500000	      0.03648121	     -0.00000000	     -0.00000000	     -0.02001820	     -0.00614862	     -0.03077376	      0.00000000	      0.00000000	     -0.00000000
      0.64600000	      0.04527815	     -0.00000000	     -0.00000000	     -0.00328574	     -0.01236992	     -0.03169834	      0.00000000	     -0.00000000	      0.00000000
      0.64700000	      0.03715397	      0.00000000	     -0.00000000	     -0.00211484	     -0.01089044	     -0.02323230	     -0.00000000	     -0.00000000	      0.00000000
      0.64800000	      0.04471309	      0.00000000	     -0.00000000	      0.00078693	     -0.01306721	     -0.02932851	      0.00000000	      0.00000000	     -0.00000000
      0.64900000	      0.02797628	      0.00000000	     -0.00000000	     -0.00731435	     -0.00764317	     -0.02174633	     -0.00000000	      0.00000000	      0.00000000
      0.65000000	      0.02525856	      0.00000000	      0.00000000	     -0.01332478	     -0.00447593	     -0.01962037	      0.00000000	     -0.00000000	      0.00000000
      0.65100000	      0.03123585	      0.00000000	     -0.00000000	     -0.00288811	     -0.01081488	     -0.02176911	     -0.00000000	     -0.00000000	     -0.00000000
      0.65200000	      0.02364539	     -0.00000000	      0.00000000	     -0.00521427	     -0.00824577	     -0.01479878	      0.00000000	      0.00000000	      0.00000000
      0.65300000	      0.04867849	     -0.00000000	     -0.00000000	     -0.00593128	     -0.01209165	     -0.03768021	     -0.00000000	     -0.00000000	     -0.00000000
      0.65400000	      0.03734388	     -0.00000000	     -0.00000000	     -0.00258243	     -0.01127974	     -0.02533248	      0.00000000	     -0.00000000	      0.00000000
      0.65500000	      0.03248450	      0.00000000	     -0.00000000	     -0.01576347	     -0.00620249	     -0.02362673	     -0.00000000	      0.00000000	     -0.00000000
      0.65600000	      0.04353125	      0.00000000	     -0.00000000	     -0.01375463	     -0.00987800	     -0.03303660	     -0.00000000	     -0.00000000	     -0.00000000
      0.65700000	      0.03712219	     -0.00000000	     -0.00000000	     -0.01771916	     -0.00667363	     -0.03073538	     -0.00000000	     -0.00000000	      0.00000000
      0.65800000	      0.03510199	      0.00000000	      0.00000000	     -0.02491956	     -0.00443881	     -0.03221799	     -0.00000000	     -0.00000000	      0.00000000
      0.65900000	      0.03289084	      0.00000000	     -0.00000000	     -0.02046068	     -0.00514511	     -0.02704986	      0.00000000	     -0.00000000	      0.00000000
      0.66000000	      0.04486429	      0.00000000	     -0.00000000	     -0.00348117	     -0.01214062	     -0.03049841	      0.00000000	      0.00000000	     -0.00000000
      0.66100000	      0.02379203	     -0.00000000	     -0.00000000	     -0.00743923	     -0.00724640	     -0.01709697	     -0.00000000	      0.00000000	      0.00000000
      0.66200000	      0.03443372	      0.00000000	      0.00000000	     -0.00238909	     -0.01149335	     -0.02462418	      0.00000000	      0.00000000	     -0.00000000
      0.66300000	      0.02772739	      0.00000000	     -0.00000000	     -0.02478651	     -0.00115280	     -0.02754142	     -0.00000000	     -0.00000000	      0.00000000
      0.66400000	      0.04469465	     -0.00000000	     -0.00000000	     -0.00938751	     -0.01095723	     -0.03189905	      0.00000000	     -0.00000000	     -0.00000000
      0.66500000	      0.02366762	     -0.00000000	     -0.00000000	     -0.01810217	     -0.00247499	     -0.01905355	     -0.00000000	      0.00000000	      0.00000000
      0.66600000	      0.02394449	      0.00000000	     -0.00000000	     -0.00917934	     -0.00593108	     -0.01815536	     -0.00000000	      0.00000000	      0.00000000
      0.66700000	      0.02420641	      0.00000000	      0.00000000	     -0.01393157	     -0.00253446	     -0.02154141	      0.00000000	      0.00000000	     -0.00000000
      0.66800000	      0.02488227	      0.00000000	     -0.00000000	     -0.02092668	     -0.00179324	     -0.02182180	     -0.00000000	     -0.00000000	      0.00000000
      0.66900000	      0.03600031	      0.00000000	      0.00000000	     -0.02210348	     -0.00492220	     -0.03253659	      0.00000000	      0.00000000	      0.00000000
      0.67000000	      0.03546900	      0.00000000	     -0.00000000	     -0.01506455	     -0.00704640	     -0.02740744	     -0.00000000	      0.00000000	     -0.00000000
      0.67100000	      0.04159180	     -0.00000000	      0.00000000	     -0.01102612	     -0.00976553	     -0.03034188	      0.00000000	      0.00000000	      0.00000000
      0.67200000	      0.03172747	     -0.00000000	     -0.00000000	     -0.01340182	     -0.00525826	     -0.02722467	      0.00000000	     -0.00000000	     -0.00000000
      0.67300000	      0.02105124	     -0.00000000	     -0.00000000	     -0.00629329	     -0.00756708	     -0.01365415	     -0.00000000	     -0.00000000	      0.00000000
      0.67400000	      0.02367229	      0.00000000	     -0.00000000	     -0.01799319	     -0.00278423	     -0.01776221	     -0.00000000	     -0.00000000	      0.00000000
      0.67500000	      0.03365693	      0.00000000	     -0.00000000	     -0.01037416	     -0.00717621	     -0.02756116	     -0.00000000	     -0.00000000	      0.00000000
      0.67600000	      0.02679050	     -0.00000000	     -0.00000000	     -0.01590276	     -0.00325075	     -0.02342933	     -0.00000000	      0.00000000	     -0.00000000
      0.67700000	      0.02027050	      0.00000000	      0.00000000	     -0.00630667	     -0.00744206	     -0.01291594	      0.00000000	      0.00000000	      0.00000000
      0.67800000	      0.04348522	      0.00000000	      0.00000000	     -0.00929521	     -0.01065363	     -0.03134621	      0.00000000	      0.00000000	      0.00000000
      0.67900000	      0.03233472	      0.00000000	     -0.00000000	     -0.00424986	     -0.01037016	     -0.02338436	     -0.00000000	     -0.00000000	      0.00000000
      0.68000000	      0.04082434	     -0.00000000	      0.00000000	     -0.01553223	     -0.00865639	     -0.03153826	      0.00000000	      0.00000000	     -0.00000000
      0.68100000	      0.02287356	     -0.00000000	     -0.00000000	     -0.01429387	     -0.00390520	     -0.01646695	     -0.00000000	      0.00000000	      0.00000000
      0.68200000	      0.02035137	     -0.00000000	     -0.00000000	     -0.01169747	     -0.00309653	     -0.01630786	     -0.00000000	     -0.00000000	     -0.00000000
      0.68300000	      0.03386780	      0.00000000	      0.00000000	     -0.01881458	     -0.00417273	     -0.03116283	      0.00000000	      0.00000000	      0.00000000
      0.68400000	      0.02662282	      0.00000000	     -0.00000000	     -0.02216417	     -0.00233737	     -0.02310074	     -0.00000000	     -0.00000000	      0.00000000
      0.68500000	      0.02851844	      0.00000000	     -0.00000000	     -0.00746421	     -0.00782599	     -0.02228598	     -0.00000000	     -0.00000000	      0.00000000
      0.68600000	      0.02461351	     -0.00000000	      0.00000000	     -0.01888849	     -0.00177624	     -0.02209146	      0.00000000	     -0.00000000	     -0.00000000
      0.68700000	      0.04233925	     -0.00000000	      0.00000000	      0.00222661	     -0.01255427	     -0.02536998	     -0.00000000	     -0.00000000	      0.00000000
      0.68800000	      0.04341142	      0.00000000	     -0.00000000	     -0.00576979	     -0.01135190	     -0.03168701	     -0.00000000	     -0.00000000	      0.00000000
      0.68900000	      0.04091505	     -0.00000000	     -0.00000000	     -0.01615234	     -0.00763151	     -0.03446188	     -0.00000000	     -0.00000000	      0.00000000
      0.69000000	      0.03875405	     -0.00000000	      0.00000000	     -0.01257499	     -0.00869568	     -0.02828769	      0.00000000	      0.00000000	      0.00000000
      0.69100000	      0.05402520	      0.00000000	     -0.00000000	      0.00166832	     -0.01498114	     -0.03992051	     -0.00000000	     -0.00000000	      0.00000000
      0.69200000	      0.03503849	     -0.00000000	      0.00000000	     -0.01918906	     -0.00499097	     -0.03117240	      0.00000000	     -0.00000000	      0.00000000
      0.69300000	      0.02641047	     -0.00000000	      0.00000000	     -0.01178062	     -0.00579768	     -0.01881599	     -0.00000000	      0.00000000	      0.00000000
      0.69400000	      0.02225682	      0.00000000	      0.00000000	     -0.01763042	     -0.00242928	     -0.01678519	     -0.00000000	      0.00000000	      0.00000000
      0.69500000	      0.04846793	     -0.00000000	     -0.00000000	     -0.00028134	     -0.01372107	     -0.03369348	      0.00000000	      0.00000000	     -0.00000000
      0.69600000	      0.03384138	     -0.00000000	      0.00000000	     -0.01617153	     -0.00634302	     -0.02623769	      0.00000000	      0.00000000	      0.00000000
      0.69700000	      0.02775796	      0.00000000	      0.00000000	     -0.00701649	     -0.00814236	     -0.01878878	      0.00000000	      0.00000000	      0.00000000
      0.69800000	      0.05145778	      0.00000000	     -0.00000000	     -0.00311662	     -0.01407644	     -0.03675559	     -0.00000000	      0.00000000	     -0.00000000
      0.69900000	      0.03356970	     -0.00000000	      0.00000000	     -0.01614522	     -0.00586155	     -0.02755027	      0.00000000	      0.00000000	     -0.00000000
      0.70000000	      0.02887560	      0.00000000	      0.00000000	     -0.01046547	     -0.00689652	     -0.01984856	      0.00000000	     -0.00000000	      0.00000000
      0.70100000	      0.04213526	      0.00000000	      0.00000000	     -0.00802221	     -0.01055763	     -0.02992741	      0.00000000	      0.00000000	     -0.00000000
      0.70200000	      0.03386778	     -0.00000000	      0.00000000	     -0.00909855	     -0.00843461	     -0.02393774	      0.00000000	     -0.00000000	      0.00000000
      0.70300000	      0.02726913	      0.00000000	      0.00000000	     -0.02204373	     -0.00261819	     -0.02359521	      0.00000000	      0.00000000	     -0.00000000
      0.70400000	      0.04063208	      0.00000000	     -0.00000000	     -0.01717856	     -0.00695061	     -0.03523647	     -0.00000000	      0.00000000	      0.00000000
      0.70500000	      0.02787427	     -0.00000000	     -0.00000000	     -0.00529832	     -0.00854560	     -0.01713406	     -0.00000000	     -0.00000000	     -0.00000000
      0.70600000	      0.02603787	     -0.00000000	     -0.00000000	     -0.01868115	     -0.00210226	     -0.02378191	     -0.00000000	     -0.00000000	      0.00000000
      0.70700000	      0.03102895	     -0.00000000	      0.00000000	     -0.01531646	     -0.00502781	     -0.02613309	      0.00000000	      0.00000000	     -0.00000000
      0.70800000	      0.04596125	      0.00000000	      0.00000000	     -0.00824505	     -0.01147193	     -0.03379027	      0.00000000	     -0.00000000	     -0.00000000
      0.70900000	      0.02516688	      0.00000000	     -0.00000000	     -0.00033675	     -0.00923518	     -0.01303895	     -0.00000000	      0.00000000	      0.00000000
      0.71000000	      0.05136270	      0.00000000	      0.00000000	     -0.00273066	     -0.01375558	     -0.03795984	     -0.00000000	     -0.00000000	      0.00000000
      0.71100000	      0.04238689	      0.00000000	     -0.00000000	     -0.00153667	     -0.01248521	     -0.02992448	      0.00000000	     -0.00000000	     -0.00000000
      0.71200000	      0.02877766	     -0.00000000	     -0.00000000	     -0.01961062	     -0.00400157	     -0.02293646	      0.00000000	     -0.00000000	     -0.00000000
      0.71300000	      0.02864650	     -0.00000000	      0.00000000	     -0.01679629	     -0.00283265	     -0.02675702	      0.00000000	     -0.00000000	      0.00000000
      0.71400000	      0.02074018	      0.00000000	     -0.00000000	     -0.01432701	     -0.00335564	     -0.01424770	     -0.00000000	     -0.00000000	      0.00000000
      0.71500000	      0.02519699	      0.00000000	     -0.00000000	     -0.01664288	     -0.00368329	     -0.01937370	      0.00000000	     -0.00000000	      0.00000000
      0.71600000	      0.02536800	      0.00000000	      0.00000000	     -0.00156449	     -0.01064676	     -0.01639506	      0.00000000	     -0.00000000	      0.00000000
      0.71700000	      0.03001169	     -0.00000000	     -0.00000000	     -0.00917439	     -0.00763096	     -0.02125332	     -0.00000000	     -0.00000000	     -0.00000000
      0.71800000	      0.03257341	     -0.00000000	     -0.00000000	     -0.02157058	     -0.00309998	     -0.03102257	     -0.00000000	     -0.00000000	     -0.00000000
      0.71900000	      0.04118009	     -0.00000000	      0.00000000	     -0.01528057	     -0.00895032	     -0.03160862	      0.00000000	      0.00000000	     -0.00000000
      0.72000000	      0.02637979	      0.00000000	      0.00000000	     -0.01225039	     -0.00561658	     -0.01854167	     -0.00000000	      0.00000000	     -0.00000000
      0.72100000	      0.02859268	      0.00000000	     -0.00000000	     -0.01331070	     -0.00527350	     -0.02277272	      0.00000000	      0.00000000	     -0.00000000
      0.72200000	      0.02540194	      0.00000000	     -0.00000000	     -0.01043725	     -0.00609990	     -0.01637565	      0.00000000	     -0.00000000	     -0.00000000
      0.72300000	      0.05062059	     -0.00000000	     -0.00000000	     -0.00131386	     -0.01384529	     -0.03720349	      0.00000000	     -0.00000000	      0.00000000
      0.72400000	      0.04511247	      0.00000000	     -0.00000000	     -0.00635351	     -0.01163402	     -0.03240948	     -0.00000000	      0.00000000	      0.00000000
      0.72500000	      0.03989619	      0.00000000	      0.00000000	     -0.01399163	     -0.00872127	     -0.02931692	      0.00000000	     -0.00000000	     -0.00000000
      0.72600000	      0.04616946	     -0.00000000	     -0.00000000	     -0.01263682	     -0.01077970	     -0.03577132	     -0.00000000	      0.00000000	      0.00000000
      0.72700000	      0.03004923	      0.00000000	      0.00000000	     -0.01214679	     -0.00624946	     -0.02319260	      0.00000000	     -0.00000000	      0.00000000
      0.72800000	      0.02266354	     -0.00000000	      0.00000000	     -0.00256727	     -0.00864245	     -0.01270848	      0.00000000	     -0.00000000	     -0.00000000
      0.72900000	      0.04130672	      0.00000000	     -0.00000000	      0.00158675	     -0.01244747	     -0.02587108	     -0.00000000	      0.00000000	     -0.00000000
      0.73000000	      0.02394608	     -0.00000000	     -0.00000000	     -0.01132532	     -0.00433243	     -0.01947541	     -0.00000000	     -0.00000000	      0.00000000
      0.73100000	      0.03258023	     -0.00000000	      0.00000000	     -0.01175202	     -0.00718724	     -0.02432592	      0.00000000	     -0.00000000	      0.00000000
      0.73200000	      0.04635989	     -0.00000000	     -0.00000000	     -0.01068867	     -0.01109781	     -0.03533990	      0.00000000	      0.00000000	     -0.00000000
      0.73300000	      0.02543383	      0.00000000	      0.00000000	     -0.01566093	     -0.00378547	     -0.01994804	      0.00000000	      0.00000000	      0.00000000
      0.73400000	      0.02647544	     -0.00000000	      0.00000000	     -0.02106503	     -0.00294775	     -0.02089225	      0.00000000	     -0.00000000	     -0.00000000
      0.73500000	      0.03866095	      0.00000000	     -0.00000000	     -0.00886163	     -0.00928897	     -0.02950764	      0.00000000	     -0.00000000	     -0.00000000
      0.73600000	      0.03526488	     -0.00000000	      0.00000000	     -0.01395804	     -0.00642177	     -0.02949249	      0.00000000	     -0.00000000	     -0.00000000
      0.73700000	      0.03831453	      0.00000000	      0.00000000	     -0.00581572	     -0.01039260	     -0.02745105	      0.00000000	     -0.00000000	      0.00000000
      0.73800000	      0.02916098	      0.00000000	      0.00000000	     -0.00085101	     -0.01014997	     -0.01736978	     -0.00000000	     -0.00000000	     -0.00000000
      0.73900000	      0.02199677	     -0.00000000	     -0.00000000	     -0.01388924	     -0.00393945	     -0.01473547	     -0.00000000	     -0.00000000	      0.00000000
      0.74000000	      0.02809240	     -0.00000000	     -0.00000000	     -0.01541194	     -0.00503022	     -0.01953481	     -0.00000000	     -0.00000000	      0.00000000
      0.74100000	      0.02261794	     -0.00000000	      0.00000000	     -0.01437649	     -0.00360313	     -0.01658571	      0.00000000	      0.00000000	     -0.00000000
      0.74200000	      0.04833414	     -0.00000000	     -0.00000000	     -0.00189072	     -0.01336866	     -0.03422345	     -0.00000000	     -0.00000000	      0.00000000
      0.74300000	      0.04971864	      0.00000000	     -0.00000000	      0.00357738	     -0.01487672	     -0.03441173	     -0.00000000	     -0.00000000	     -0.00000000
      0.74400000	      0.03352053	     -0.00000000	     -0.00000000	     -0.02425607	     -0.00382811	     -0.03105522	     -0.00000000	     -0.00000000	     -0.00000000
      0.74500000	      0.05063229	     -0.00000000	     -0.00000000	     -0.00248160	     -0.01389105	     -0.03557285	      0.00000000	     -0.00000000	      0.00000000
      0.74600000	      0.04053747	      0.00000000	      0.00000000	     -0.00871407	     -0.00999810	     -0.02926410	      0.00000000	     -0.00000000	      0.00000000
      0.74700000	      0.04219960	     -0.00000000	      0.00000000	     -0.01513625	     -0.00929742	     -0.03276350	      0.00000000	     -0.00000000	     -0.00000000
      0.74800000	      0.02049837	      0.00000000	      0.00000000	     -0.01055715	     -0.00274044	     -0.01752076	      0.00000000	      0.00000000	     -0.00000000
      0.74900000	      0.03983586	     -0.00000000	      0.00000000	     -0.00638044	     -0.01042436	     -0.02743024	      0.00000000	      0.00000000	     -0.00000000
      0.75000000	      0.02890037	      0.00000000	      0.00000000	     -0.02138959	     -0.00231342	     -0.02732349	     -0.00000000	      0.00000000	      0.00000000
      0.75100000	      0.02852393	     -0.00000000	     -0.00000000	     -0.02292377	     -0.00235439	     -0.02642889	     -0.00000000	     -0.00000000	     -0.00000000
      0.75200000	      0.04615463	      0.00000000	      0.00000000	     -0.01286739	     -0.01090300	     -0.03596213	      0.00000000	      0.00000000	     -0.00000000
      0.75300000	      0.05579590	     -0.00000000	     -0.00000000	      0.00682274	     -0.01703240	     -0.03696403	     -0.00000000	      0.00000000	     -0.00000000
      0.75400000	      0.02805677	      0.00000000	     -0.00000000	     -0.01862434	     -0.00412504	     -0.02143610	     -0.00000000	      0.00000000	     -0.00000000
      0.75500000	      0.02249613	      0.00000000	     -0.00000000	     -0.01583356	     -0.00316193	     -0.01663983	     -0.00000000	      0.00000000	      0.00000000
      0.75600000	      0.02752319	     -0.00000000	     -0.00000000	     -0.00771747	     -0.00760341	     -0.02078528	     -0.00000000	     -0.00000000	      0.00000000
      0.75700000	      0.03904475	      0.00000000	      0.00000000	     -0.01582165	     -0.00795413	     -0.03054701	      0.00000000	      0.00000000	     -0.00000000
      0.75800000	      0.02174381	      0.00000000	     -0.00000000	     -0.00821973	     -0.00596428	     -0.01646037	      0.00000000	     -0.00000000	      0.00000000
      0.75900000	      0.01896102	      0.00000000	      0.00000000	     -0.00957000	     -0.00360027	     -0.01516164	      0.00000000	      0.00000000	      0.00000000
      0.76000000	      0.02263879	      0.00000000	      0.00000000	     -0.00957544	     -0.00441323	     -0.01866766	     -0.00000000	     -0.00000000	     -0.00000000
      0.76100000	      0.04709742	      0.00000000	     -0.00000000	     -0.00587669	     -0.01226830	     -0.03389476	     -0.00000000	      0.00000000	      0.00000000
      0.76200000	      0.03738711	      0.00000000	      0.00000000	     -0.01510641	     -0.00723749	     -0.03036140	      0.00000000	      0.00000000	      0.00000000
      0.76300000	      0.03433700	     -0.00000000	     -0.00000000	     -0.01811217	     -0.00620671	     -0.02619620	     -0.00000000	     -0.00000000	     -0.00000000
      0.76400000	      0.03994583	     -0.00000000	      0.00000000	      0.00021716	     -0.01208481	     -0.02576331	     -0.00000000	      0.00000000	     -0.00000000
      0.76500000	      0.03759895	      0.00000000	      0.00000000	     -0.00823982	     -0.00940104	     -0.02784871	     -0.00000000	      0.00000000	     -0.00000000
      0.76600000	      0.03273269	      0.00000000	      0.00000000	     -0.02359453	     -0.00348534	     -0.03054375	     -0.00000000	      0.00000000	      0.00000000
      0.76700000	      0.02469296	     -0.00000000	     -0.00000000	      0.00007608	     -0.00934853	     -0.01250549	     -0.00000000	     -0.00000000	      0.00000000
      0.76800000	      0.05063432	      0.00000000	      0.00000000	      0.00090774	     -0.01448505	     -0.03494806	      0.00000000	      0.00000000	      0.00000000
      0.76900000	      0.03779337	     -0.00000000	     -0.00000000	     -0.00717566	     -0.00984507	     -0.02660051	      0.00000000	     -0.00000000	     -0.00000000
      0.77000000	      0.03105586	      0.00000000	      0.00000000	     -0.02824785	     -0.00325868	     -0.02868078	      0.00000000	     -0.00000000	     -0.00000000
      0.77100000	      0.04346372	      0.00000000	     -0.00000000	     -0.00436453	     -0.01164636	     -0.02975543	     -0.00000000	      0.00000000	      0.00000000
      0.77200000	      0.03539414	      0.00000000	      0.00000000	     -0.00265284	     -0.01044396	     -0.02215018	     -0.00000000	      0.00000000	     -0.00000000
      0.77300000	      0.03322492	     -0.00000000	     -0.00000000	     -0.01161656	     -0.00748902	     -0.02392097	      0.00000000	     -0.00000000	      0.00000000
      0.77400000	      0.02584595	      0.00000000	     -0.00000000	     -0.01296347	     -0.00501061	     -0.01958729	     -0.00000000	      0.00000000	     -0.00000000
      0.77500000	      0.03219471	      0.00000000	     -0.00000000	     -0.00489768	     -0.00972722	     -0.02194771	      0.00000000	     -0.00000000	      0.00000000
      0.77600000	      0.02947469	     -0.00000000	     -0.00000000	     -0.01648396	     -0.00506786	     -0.02208042	     -0.00000000	      0.00000000	      0.00000000
      0.77700000	      0.02489442	      0.00000000	      0.00000000	     -0.00239253	     -0.01116992	     -0.01736195	      0.00000000	      0.00000000	     -0.00000000
      0.77800000	      0.02402823	      0.00000000	      0.00000000	     -0.00770190	     -0.00696896	     -0.01476662	     -0.00000000	      0.00000000	     -0.00000000
      0.77900000	      0.03170025	     -0.00000000	      0.00000000	     -0.02480073	     -0.00412317	     -0.02708866	      0.00000000	      0.00000000	     -0.00000000
      0.78000000	      0.04285099	      0.00000000	      0.00000000	     -0.00482990	     -0.01151647	     -0.03074916	      0.00000000	      0.00000000	     -0.00000000
      0.78100000	      0.02737593	     -0.00000000	      0.00000000	     -0.01742751	     -0.00361970	     -0.02297284	     -0.00000000	     -0.00000000	      0.00000000
      0.78200000	      0.03304456	      0.00000000	      0.00000000	     -0.00181289	     -0.01007344	     -0.01993176	      0.00000000	     -0.00000000	      0.00000000
      0.78300000	      0.03493767	      0.00000000	      0.00000000	      0.00099097	     -0.01104100	     -0.02027316	     -0.00000000	     -0.00000000	     -0.00000000
      0.78400000	      0.03499431	     -0.00000000	     -0.00000000	     -0.02335487	     -0.00518311	     -0.03067154	      0.00000000	     -0.00000000	      0.00000000
      0.78500000	      0.03981822	     -0.00000000	     -0.00000000	     -0.00959104	     -0.00962281	     -0.02831413	     -0.00000000	     -0.00000000	      0.00000000
      0.78600000	      0.03961937	      0.00000000	     -0.00000000	     -0.01908997	     -0.00722297	     -0.03328268	     -0.00000000	     -0.00000000	     -0.00000000
      0.78700000	      0.02078287	      0.00000000	     -0.00000000	     -0.01055363	     -0.00493841	     -0.01218108	      0.00000000	     -0.00000000	      0.00000000
      0.78800000	      0.03070042	      0.00000000	     -0.00000000	     -0.03015766	     -0.00257636	     -0.02981581	     -0.00000000	      0.00000000	     -0.00000000
      0.78900000	      0.02207447	      0.00000000	      0.00000000	     -0.01176072	     -0.00286058	     -0.01890470	      0.00000000	      0.00000000	      0.00000000
      0.79000000	      0.05192031	      0.00000000	      0.00000000	      0.00030904	     -0.01444209	     -0.03798340	      0.00000000	     -0.00000000	     -0.00000000
      0.79100000	      0.04369945	      0.00000000	      0.00000000	     -0.00376265	     -0.01195061	     -0.03120027	      0.00000000	     -0.00000000	     -0.00000000
      0.79200000	      0.04655412	     -0.00000000	      0.00000000	     -0.00658721	     -0.01195589	     -0.03226587	      0.00000000	      0.00000000	      0.00000000
      0.79300000	      0.03445576	      0.00000000	      0.00000000	     -0.01912793	     -0.00536859	     -0.02946812	      0.00000000	      0.00000000	     -0.00000000
      0.79400000	      0.02232163	     -0.00000000	      0.00000000	     -0.00568900	     -0.00814194	     -0.01470248	     -0.00000000	     -0.00000000	      0.00000000
      0.79500000	      0.03309490	     -0.00000000	     -0.00000000	     -0.01793497	     -0.00586412	     -0.02477180	      0.00000000	     -0.00000000	     -0.00000000
      0.79600000	      0.02996529	     -0.00000000	     -0.00000000	     -0.01416597	     -0.00596763	     -0.02166371	     -0.00000000	     -0.00000000	      0.00000000
      0.79700000	      0.03480705	      0.00000000	     -0.00000000	     -0.01062228	     -0.00816255	     -0.02525956	      0.00000000	      0.00000000	      0.00000000
      0.79800000	      0.04213086	      0.00000000	     -0.00000000	      0.00313353	     -0.01324014	     -0.02714187	      0.00000000	     -0.00000000	     -0.00000000
      0.79900000	      0.04228779	     -0.00000000	     -0.00000000	     -0.01285704	     -0.00906806	     -0.03379935	     -0.00000000	      0.00000000	     -0.00000000
      0.80000000	      0.02712510	     -0.00000000	      0.00000000	     -0.01175628	     -0.00598566	     -0.01933610	      0.00000000	     -0.00000000	      0.00000000
      0.80100000	      0.02311015	     -0.00000000	     -0.00000000	     -0.01188080	     -0.00498129	     -0.01592985	     -0.00000000	     -0.00000000	      0.00000000
      0.80200000	      0.02138639	      0.00000000	      0.00000000	     -0.00734353	     -0.00676624	     -0.01568212	     -0.00000000	      0.00000000	     -0.00000000
      0.80300000	      0.04796160	     -0.00000000	      0.00000000	     -0.00784964	     -0.01224733	     -0.03461366	      0.00000000	      0.00000000	     -0.00000000
      0.80400000	      0.03316010	     -0.00000000	      0.00000000	     -0.02534774	     -0.00337081	     -0.03145885	     -0.00000000	      0.00000000	     -0.00000000
      0.80500000	      0.04739949	     -0.00000000	     -0.00000000	     -0.00236771	     -0.01302196	     -0.03276894	     -0.00000000	     -0.00000000	      0.00000000
      0.80600000	      0.04865707	      0.00000000	      0.00000000	      0.00630421	     -0.01514986	     -0.03193847	      0.00000000	     -0.00000000	     -0.00000000
      0.80700000	      0.02025579	     -0.00000000	      0.00000000	     -0.01213821	     -0.00421165	     -0.01320009	     -0.00000000	      0.00000000	     -0.00000000
      0.80800000	      0.03428485	      0.00000000	     -0.00000000	     -0.00932673	     -0.00844311	     -0.02456272	      0.00000000	     -0.00000000	     -0.00000000
      0.80900000	      0.03461364	      0.00000000	     -0.00000000	     -0.02292132	     -0.00546592	     -0.02951381	     -0.00000000	     -0.00000000	      0.00000000
      0.81000000	      0.02792054	      0.00000000	      0.00000000	     -0.01739899	     -0.00441328	     -0.02019726	      0.00000000	     -0.00000000	     -0.00000000
      0.81100000	      0.02724867	     -0.00000000	      0.00000000	     -0.01100175	     -0.00610061	     -0.02038913	     -0.00000000	     -0.00000000	      0.00000000
      0.81200000	      0.05269615	     -0.00000000	     -0.00000000	      0.00043281	     -0.01481117	     -0.03797763	      0.00000000	     -0.00000000	     -0.00000000
      0.81300000	      0.03661753	      0.00000000	      0.00000000	      0.00102349	     -0.01198280	     -0.02336466	      0.00000000	     -0.00000000	      0.00000000
      0.81400000	      0.02857622	      0.00000000	     -0.00000000	     -0.00688439	     -0.00785804	     -0.01759515	     -0.00000000	     -0.00000000	      0.00000000
      0.81500000	      0.02317599	     -0.00000000	     -0.00000000	     -0.01592616	     -0.00331076	     -0.01689997	     -0.00000000	      0.00000000	     -0.00000000
      0.81600000	      0.03744271	     -0.00000000	      0.00000000	     -0.02103132	     -0.00654237	     -0.03114971	      0.00000000	      0.00000000	     -0.00000000
      0.81700000	      0.03293595	     -0.00000000	      0.00000000	     -0.02501316	     -0.00426829	     -0.02945047	     -0.00000000	     -0.00000000	     -0.00000000
      0.81800000	      0.04058370	     -0.00000000	      0.00000000	     -0.00121429	     -0.01234678	     -0.02839394	      0.00000000	      0.00000000	     -0.00000000
      0.81900000	      0.04114050	      0.00000000	     -0.00000000	     -0.00503043	     -0.01064063	     -0.02639919	     -0.00000000	     -0.00000000	     -0.00000000
      0.82000000	      0.02564505	     -0.00000000	     -0.00000000	     -0.00962392	     -0.00632823	     -0.01899865	     -0.00000000	     -0.00000000	      0.00000000
      0.82100000	      0.02844470	     -0.00000000	      0.00000000	     -0.02173300	     -0.00280740	     -0.02550957	      0.00000000	     -0.00000000	     -0.00000000
      0.82200000	      0.03165819	      0.00000000	     -0.00000000	     -0.01283195	     -0.00636731	     -0.02482527	     -0.00000000	      0.00000000	     -0.00000000
      0.82300000	      0.04082138	     -0.00000000	     -0.00000000	     -0.01308724	     -0.00914711	     -0.02948071	      0.00000000	      0.00000000	     -0.00000000
      0.82400000	      0.04390666	     -0.00000000	      0.00000000	     -0.00323331	     -0.01166505	     -0.02831404	      0.00000000	      0.00000000	      0.00000000
      0.82500000	      0.03291335	     -0.00000000	      0.00000000	     -0.00244703	     -0.01116319	     -0.02269056	     -0.00000000	      0.00000000	      0.00000000
      0.82600000	      0.02268799	      0.00000000	      0.00000000	     -0.00286104	     -0.00882980	     -0.01292249	      0.00000000	     -0.00000000	      0.00000000
      0.82700000	      0.02980636	      0.00000000	      0.00000000	     -0.01756661	     -0.00365326	     -0.02658238	      0.00000000	      0.00000000	      0.00000000
      0.82800000	      0.02283288	      0.00000000	      0.00000000	     -0.00526570	     -0.00844079	     -0.01498920	      0.00000000	      0.00000000	     -0.00000000
      0.82900000	      0.03759124	     -0.00000000	      0.00000000	     -0.02104466	     -0.00659851	     -0.03186525	     -0.00000000	      0.00000000	      0.00000000
      0.83000000	      0.01898192	      0.00000000	      0.00000000	     -0.01143691	     -0.00243411	     -0.01545921	      0.00000000	     -0.00000000	      0.00000000
      0.83100000	      0.03466875	     -0.00000000	     -0.00000000	     -0.02301651	     -0.00546648	     -0.02873618	     -0.00000000	      0.00000000	     -0.00000000
      0.83200000	      0.05033796	      0.00000000	     -0.00000000	      0.00519502	     -0.01493939	     -0.03228776	     -0.00000000	     -0.00000000	      0.00000000
      0.83300000	      0.03224911	     -0.00000000	     -0.00000000	     -0.01977337	     -0.00525102	     -0.02544688	     -0.00000000	     -0.00000000	      0.00000000
      0.83400000	      0.03007020	     -0.00000000	     -0.00000000	     -0.01458859	     -0.00573418	     -0.02067154	     -0.00000000	     -0.00000000	      0.00000000
      0.83500000	      0.02560313	     -0.00000000	     -0.00000000	     -0.01060462	     -0.00612556	     -0.01803441	     -0.00000000	     -0.00000000	     -0.00000000
      0.83600000	      0.03469182	     -0.00000000	     -0.00000000	     -0.00600328	     -0.00974111	     -0.02486197	      0.00000000	     -0.00000000	     -0.00000000
      0.83700000	      0.03467994	     -0.00000000	     -0.00000000	     -0.00381918	     -0.01026929	     -0.02267456	     -0.00000000	     -0.00000000	      0.00000000
      0.83800000	      0.03091928	      0.00000000	      0.00000000	     -0.00054116	     -0.01040648	     -0.01873188	      0.00000000	     -0.00000000	     -0.00000000
      0.83900000	      0.03274625	     -0.00000000	     -0.00000000	     -0.01475275	     -0.00634810	     -0.02520150	     -0.00000000	      0.00000000	     -0.00000000
      0.84000000	      0.03599051	      0.00000000	     -0.00000000	     -0.01766289	     -0.00671039	     -0.02850028	     -0.00000000	      0.00000000	      0.00000000
      0.84100000	      0.04174295	      0.00000000	     -0.00000000	     -0.00132479	     -0.01236744	     -0.02894704	     -0.00000000	      0.00000000	     -0.00000000
      0.84200000	      0.02923250	     -0.00000000	      0.00000000	     -0.00936433	     -0.00737385	     -0.01973563	      0.00000000	     -0.00000000	     -0.00000000
      0.84300000	      0.04724130	      0.00000000	      0.00000000	     -0.00872027	     -0.01140311	     -0.03636161	     -0.00000000	      0.00000000	      0.00000000
      0.84400000	      0.02873537	     -0.00000000	     -0.00000000	     -0.01007571	     -0.00698083	     -0.02062491	      0.00000000	      0.00000000	     -0.00000000
      0.84500000	      0.03333445	     -0.00000000	     -0.00000000	     -0.02488457	     -0.00459951	     -0.02882820	     -0.00000000	     -0.00000000	     -0.00000000
      0.84600000	      0.05737647	     -0.00000000	      0.00000000	      0.00922604	     -0.01796464	     -0.03938699	     -0.00000000	      0.00000000	     -0.00000000
      0.84700000	      0.02199118	      0.00000000	      0.00000000	     -0.01741899	     -0.00240807	     -0.01645930	     -0.00000000	     -0.00000000	     -0.00000000
      0.84800000	      0.03343060	     -0.00000000	      0.00000000	     -0.01433196	     -0.00687322	     -0.02445302	      0.00000000	     -0.00000000	     -0.00000000
      0.84900000	      0.04500408	      0.00000000	     -0.00000000	     -0.01059606	     -0.01055725	     -0.03457008	     -0.00000000	     -0.00000000	     -0.00000000
      0.85000000	      0.04462134	     -0.00000000	     -0.00000000	     -0.00643390	     -0.01137221	     -0.03038342	     -0.00000000	      0.00000000	     -0.00000000
      0.85100000	      0.03262004	      0.00000000	     -0.00000000	     -0.01926500	     -0.00519570	     -0.02663467	      0.00000000	      0.00000000	      0.00000000
      0.85200000	      0.03127852	      0.00000000	      0.00000000	     -0.02145871	     -0.00382157	     -0.02768451	      0.00000000	      0.00000000	      0.00000000
      0.85300000	      0.05276403	     -0.00000000	      0.00000000	      0.00553541	     -0.01583937	     -0.03507008	      0.00000000	      0.00000000	      0.00000000
      0.85400000	      0.05398090	     -0.00000000	     -0.00000000	      0.00769240	     -0.01650789	     -0.03535605	     -0.00000000	     -0.00000000	      0.00000000
      0.85500000	      0.01856812	      0.00000000	      0.00000000	     -0.01223624	     -0.00236147	     -0.01482339	      0.00000000	     -0.00000000	     -0.00000000
      0.85600000	      0.03707347	      0.00000000	      0.00000000	     -0.01417846	     -0.00754100	     -0.02921492	      0.00000000	     -0.00000000	      0.00000000
      0.85700000	      0.03232322	      0.00000000	     -0.00000000	     -0.02369870	     -0.00447830	     -0.02799001	     -0.00000000	     -0.00000000	     -0.00000000
      0.85800000	      0.02261317	      0.00000000	      0.00000000	     -0.00753014	     -0.00692716	     -0.01406021	      0.00000000	     -0.00000000	     -0.00000000
      0.85900000	      0.04990238	      0.00000000	      0.00000000	      0.00061465	     -0.01418598	     -0.03340919	     -0.00000000	      0.00000000	      0.00000000
      0.86000000	      0.03116367	      0.00000000	      0.00000000	     -0.01841677	     -0.00516489	     -0.02353915	     -0.00000000	      0.00000000	     -0.00000000
      0.86100000	      0.03620149	     -0.00000000	     -0.00000000	     -0.00560683	     -0.01004844	     -0.02491871	      0.00000000	     -0.00000000	      0.00000000
      0.86200000	      0.05149218	      0.00000000	     -0.00000000	     -0.00325287	     -0.01385803	     -0.03776907	     -0.00000000	     -0.00000000	      0.00000000
      0.86300000	      0.02553173	      0.00000000	      0.00000000	     -0.00456603	     -0.00939737	     -0.01767256	     -0.00000000	      0.00000000	      0.00000000
      0.86400000	      0.02486393	      0.00000000	      0.00000000	     -0.01776592	     -0.00336730	     -0.01782625	      0.00000000	     -0.00000000	      0.00000000
      0.86500000	      0.02823707	      0.00000000	     -0.00000000	     -0.01895844	     -0.00291092	     -0.02544463	     -0.00000000	     -0.00000000	     -0.00000000
      0.86600000	      0.02491508	     -0.00000000	     -0.00000000	     -0.00186375	     -0.00960660	     -0.01446858	     -0.00000000	     -0.00000000	      0.00000000
      0.86700000	      0.03442809	      0.00000000	      0.00000000	     -0.01206930	     -0.00752498	     -0.02338585	     -0.00000000	      0.00000000	     -0.00000000
      0.86800000	      0.02396826	     -0.00000000	      0.00000000	     -0.01188983	     -0.00526599	     -0.01670463	      0.00000000	     -0.00000000	      0.00000000
      0.86900000	      0.04626542	      0.00000000	      0.00000000	     -0.00998449	     -0.01138140	     -0.03380415	      0.00000000	      0.00000000	     -0.00000000
      0.87000000	      0.03902856	     -0.00000000	      0.00000000	     -0.02021666	     -0.00691981	     -0.03335505	     -0.00000000	      0.00000000	     -0.00000000
      0.87100000	      0.02748959	     -0.00000000	      0.00000000	     -0.01438933	     -0.00515556	     -0.01889141	     -0.00000000	      0.00000000	     -0.00000000
      0.87200000	      0.02812321	     -0.00000000	     -0.00000000	     -0.01026243	     -0.00661422	     -0.02091115	      0.00000000	     -0.00000000	     -0.00000000
      0.87300000	      0.03202859	     -0.00000000	      0.00000000	     -0.01012814	     -0.00761331	     -0.02129877	      0.00000000	      0.00000000	     -0.00000000
      0.87400000	      0.03884363	      0.00000000	     -0.00000000	     -0.00698469	     -0.01001266	     -0.02658398	     -0.00000000	      0.00000000	     -0.00000000
      0.87500000	      0.03452365	      0.00000000	      0.00000000	     -0.00283564	     -0.01099393	     -0.02378209	      0.00000000	     -0.00000000	     -0.00000000
      0.87600000	      0.03531945	     -0.00000000	      0.00000000	     -0.02016223	     -0.00581090	     -0.02968834	     -0.00000000	      0.00000000	      0.00000000
      0.87700000	      0.02356419	      0.00000000	     -0.00000000	     -0.00518924	     -0.00849171	     -0.01543141	      0.00000000	     -0.00000000	      0.00000000
      0.87800000	      0.04693500	     -0.00000000	      0.00000000	     -0.00954546	     -0.01142065	     -0.03554908	      0.00000000	      0.00000000	      0.00000000
      0.87900000	      0.02951842	     -0.00000000	     -0.00000000	     -0.00641985	     -0.00804244	     -0.01815825	     -0.00000000	      0.00000000	     -0.00000000
      0.88000000	      0.02557268	     -0.00000000	     -0.00000000	     -0.01421926	     -0.00435397	     -0.02004107	      0.00000000	     -0.00000000	      0.00000000
      0.88100000	      0.02221750	      0.00000000	      0.00000000	     -0.01692331	     -0.00259909	     -0.01696197	     -0.00000000	      0.00000000	     -0.00000000
      0.88200000	      0.04200917	      0.00000000	     -0.00000000	     -0.00956768	     -0.01011865	     -0.02916884	     -0.00000000	     -0.00000000	      0.00000000
      0.88300000	      0.02830614	     -0.00000000	     -0.00000000	     -0.00930718	     -0.00712849	     -0.02063599	      0.00000000	      0.00000000	     -0.00000000
      0.88400000	      0.03666611	     -0.00000000	     -0.00000000	     -0.01102159	     -0.00825381	     -0.02487454	     -0.00000000	     -0.00000000	     -0.00000000
      0.88500000	      0.02689113	      0.00000000	     -0.00000000	     -0.01967461	     -0.00324291	     -0.02182727	      0.00000000	     -0.00000000	     -0.00000000
      0.88600000	      0.03047556	     -0.00000000	      0.00000000	     -0.02510371	     -0.00239651	     -0.02938956	     -0.00000000	      0.00000000	      0.00000000
      0.88700000	      0.03125432	      0.00000000	     -0.00000000	     -0.01326137	     -0.00630440	     -0.02048768	     -0.00000000	      0.00000000	      0.00000000
      0.88800000	      0.05216739	     -0.00000000	      0.00000000	      0.00531180	     -0.01570378	     -0.03539884	      0.00000000	     -0.00000000	      0.00000000
      0.88900000	      0.02847131	      0.00000000	     -0.00000000	     -0.00090413	     -0.01015498	     -0.01680152	     -0.00000000	      0.00000000	      0.00000000
      0.89000000	      0.03268708	     -0.00000000	      0.00000000	     -0.01595970	     -0.00613431	     -0.02319496	      0.00000000	     -0.00000000	     -0.00000000
      0.89100000	      0.02165555	      0.00000000	     -0.00000000	     -0.01331195	     -0.00404636	     -0.01392693	     -0.00000000	     -0.00000000	     -0.00000000
      0.89200000	      0.04710593	     -0.00000000	     -0.00000000	     -0.00120340	     -0.01323673	     -0.03282872	     -0.00000000	     -0.00000000	     -0.00000000
      0.89300000	      0.04224590	      0.00000000	     -0.00000000	     -0.00522846	     -0.01110000	     -0.02860818	     -0.00000000	      0.00000000	     -0.00000000
      0.89400000	      0.02589490	     -0.00000000	      0.00000000	     -0.01833906	     -0.00336802	     -0.02004450	      0.00000000	      0.00000000	      0.00000000
      0.89500000	      0.05353738	      0.00000000	      0.00000000	      0.00106608	     -0.01487952	     -0.03936573	      0.00000000	      0.00000000	      0.00000000
      0.89600000	      0.01948764	     -0.00000000	      0.00000000	     -0.00923125	     -0.00553579	     -0.01229104	     -0.00000000	      0.00000000	      0.00000000
      0.89700000	      0.04014700	     -0.00000000	      0.00000000	     -0.01626011	     -0.00785215	     -0.03292598	     -0.00000000	     -0.00000000	     -0.00000000
      0.89800000	      0.03107482	      0.00000000	     -0.00000000	     -0.02123986	     -0.00451895	     -0.02566756	      0.00000000	     -0.00000000	      0.00000000
      0.89900000	      0.04699213	     -0.00000000	      0.00000000	     -0.00166571	     -0.01282275	     -0.03073627	      0.00000000	      0.00000000	      0.00000000
      0.90000000	      0.04289618	     -0.00000000	     -0.00000000	      0.00313021	     -0.01380013	     -0.02880160	      0.00000000	      0.00000000	      0.00000000
      0.90100000	      0.03232660	      0.00000000	     -0.00000000	     -0.00732843	     -0.00878906	     -0.02315396	     -0.00000000	      0.00000000	     -0.00000000
      0.90200000	      0.02111106	      0.00000000	     -0.00000000	     -0.01285879	     -0.00412516	     -0.01361983	      0.00000000	     -0.00000000	     -0.00000000
      0.90300000	      0.02866231	     -0.00000000	      0.00000000	     -0.02107136	     -0.00364102	     -0.02331515	     -0.00000000	      0.00000000	      0.00000000
      0.90400000	      0.03029785	      0.00000000	      0.00000000	     -0.02605024	     -0.00339345	     -0.02628496	     -0.00000000	      0.00000000	     -0.00000000
      0.90500000	      0.03250158	     -0.00000000	      0.00000000	     -0.02522777	     -0.00340644	     -0.03053391	     -0.00000000	      0.00000000	      0.00000000
      0.90600000	      0.02398563	     -0.00000000	     -0.00000000	     -0.01189485	     -0.00522546	     -0.01680815	      0.00000000	     -0.00000000	     -0.00000000
      0.90700000	      0.02909614	     -0.00000000	      0.00000000	     -0.01357541	     -0.00521079	     -0.02350234	     -0.00000000	     -0.00000000	     -0.00000000
      0.90800000	      0.02995601	     -0.00000000	      0.00000000	     -0.02047973	     -0.00420858	     -0.02497395	     -0.00000000	     -0.00000000	     -0.00000000
      0.90900000	      0.03224340	     -0.00000000	     -0.00000000	     -0.01440005	     -0.00649723	     -0.02324636	     -0.00000000	      0.00000000	     -0.00000000
      0.91000000	      0.04689353	     -0.00000000	     -0.00000000	     -0.00511573	     -0.01234183	     -0.03274623	     -0.00000000	      0.00000000	      0.00000000
      0.91100000	      0.05566052	      0.00000000	     -0.00000000	      0.00617826	     -0.01688057	     -0.03731614	     -0.00000000	     -0.00000000	     -0.00000000
      0.91200000	      0.02508332	     -0.00000000	      0.00000000	     -0.00023093	     -0.01034295	     -0.01471714	     -0.00000000	     -0.00000000	      0.00000000
      0.91300000	      0.04995094	      0.00000000	      0.00000000	     -0.00173173	     -0.01372335	     -0.03389776	      0.00000000	      0.00000000	      0.00000000
      0.91400000	      0.03427488	      0.00000000	     -0.00000000	     -0.02014541	     -0.00594546	     -0.02741758	     -0.00000000	     -0.00000000	      0.00000000
      0.91500000	      0.02820903	     -0.00000000	     -0.00000000	     -0.00992164	     -0.00683625	     -0.02065839	     -0.00000000	     -0.00000000	     -0.00000000
      0.91600000	      0.02419410	     -0.00000000	     -0.00000000	     -0.00723450	     -0.00746610	     -0.01607343	     -0.00000000	     -0.00000000	     -0.00000000
      0.91700000	      0.03782113	      0.00000000	      0.00000000	     -0.01142965	     -0.00868272	     -0.02679459	      0.00000000	      0.00000000	     -0.00000000
      0.91800000	      0.03163186	     -0.00000000	     -0.00000000	     -0.00638302	     -0.00907770	     -0.02215334	     -0.00000000	     -0.00000000	      0.00000000
      0.91900000	      0.02941377	     -0.00000000	      0.00000000	     -0.00899162	     -0.00689748	     -0.01772946	     -0.00000000	      0.00000000	      0.00000000
      0.92000000	      0.05097899	      0.00000000	      0.00000000	      0.00320955	     -0.01500565	     -0.03461141	     -0.00000000	     -0.00000000	     -0.00000000
      0.92100000	      0.03564755	      0.00000000	     -0.00000000	     -0.02124354	     -0.00532105	     -0.03137992	     -0.00000000	      0.00000000	     -0.00000000
      0.92200000	      0.02778538	     -0.00000000	     -0.00000000	     -0.02419031	     -0.00227875	     -0.02529127	     -0.00000000	     -0.00000000	     -0.00000000
      0.92300000	      0.02049664	     -0.00000000	     -0.00000000	     -0.00433330	     -0.00853120	     -0.01274443	      0.00000000	      0.00000000	      0.00000000
      0.92400000	      0.02639013	      0.00000000	     -0.00000000	     -0.01080882	     -0.00621444	     -0.01871890	     -0.00000000	      0.00000000	     -0.00000000
      0.92500000	      0.04469745	     -0.00000000	     -0.00000000	     -0.00061258	     -0.01252237	     -0.02854874	     -0.00000000	     -0.00000000	     -0.00000000
      0.92600000	      0.02815962	     -0.00000000	     -0.00000000	     -0.01960387	     -0.00382463	     -0.02270813	      0.00000000	      0.00000000	      0.00000000
      0.92700000	      0.04270881	     -0.00000000	      0.00000000	     -0.00625874	     -0.01108959	     -0.02994967	     -0.00000000	      0.00000000	     -0.00000000
      0.92800000	      0.02941017	      0.00000000	      0.00000000	     -0.00121754	     -0.00929653	     -0.01589725	      0.00000000	      0.00000000	     -0.00000000
      0.92900000	      0.03044024	     -0.00000000	      0.00000000	     -0.02838610	     -0.00293024	     -0.02830133	      0.00000000	     -0.00000000	      0.00000000
      0.93000000	      0.03468348	      0.00000000	      0.00000000	     -0.01737798	     -0.00646963	     -0.02726832	      0.00000000	      0.00000000	      0.00000000
      0.93100000	      0.02183117	      0.00000000	      0.00000000	     -0.00884639	     -0.00556131	     -0.01187426	     -0.00000000	      0.00000000	      0.00000000
      0.93200000	      0.02759185	      0.00000000	     -0.00000000	     -0.01321603	     -0.00553583	     -0.01815702	     -0.00000000	     -0.00000000	      0.00000000
      0.93300000	      0.04186432	      0.00000000	     -0.00000000	     -0.00910458	     -0.01018139	     -0.03088814	     -0.00000000	     -0.00000000	      0.00000000
      0.93400000	      0.04885859	     -0.00000000	     -0.00000000	     -0.00329777	     -0.01302562	     -0.03587340	     -0.00000000	     -0.00000000	     -0.00000000
      0.93500000	      0.02221846	     -0.00000000	     -0.00000000	     -0.01239685	     -0.00433293	     -0.01602175	     -0.00000000	     -0.00000000	      0.00000000
      0.93600000	      0.01950435	     -0.00000000	      0.00000000	     -0.01123309	     -0.00446339	     -0.01200897	      0.00000000	      0.00000000	     -0.00000000
      0.93700000	      0.03577082	      0.00000000	     -0.00000000	     -0.01156469	     -0.00801246	     -0.02691835	     -0.00000000	      0.00000000	     -0.00000000
      0.93800000	      0.03027567	      0.00000000	     -0.00000000	     -0.01246957	     -0.00628205	     -0.01988128	     -0.00000000	      0.00000000	     -0.00000000
      0.93900000	      0.03324413	      0.00000000	      0.00000000	      0.00029341	     -0.01139984	     -0.02106721	      0.00000000	     -0.00000000	      0.00000000
      0.94000000	      0.02293835	     -0.00000000	     -0.00000000	     -0.01435715	     -0.00380926	     -0.01733113	     -0.00000000	      0.00000000	     -0.00000000
      0.94100000	      0.05021069	     -0.00000000	     -0.00000000	     -0.00536408	     -0.01336434	     -0.03659711	     -0.00000000	     -0.00000000	     -0.00000000
      0.94200000	      0.02660069	      0.00000000	     -0.00000000	     -0.02013954	     -0.00201957	     -0.02460139	     -0.00000000	     -0.00000000	     -0.00000000
      0.94300000	      0.02303123	      0.00000000	     -0.00000000	     -0.01125363	     -0.00509928	     -0.01429096	     -0.00000000	     -0.00000000	      0.00000000
      0.94400000	      0.04131705	      0.00000000	      0.00000000	      0.00138907	     -0.01255432	     -0.02641146	      0.00000000	     -0.00000000	      0.00000000
      0.94500000	      0.04827847	      0.00000000	     -0.00000000	     -0.00788295	     -0.01232355	     -0.03553432	      0.00000000	      0.00000000	      0.00000000
      0.94600000	      0.04919933	     -0.00000000	      0.00000000	     -0.00054402	     -0.01383210	     -0.03477321	      0.00000000	      0.00000000	      0.00000000
      0.94700000	      0.03507623	      0.00000000	     -0.00000000	     -0.02102691	     -0.00594993	     -0.02761383	     -0.00000000	     -0.00000000	     -0.00000000
      0.94800000	      0.02597411	      0.00000000	      0.00000000	     -0.01774843	     -0.00307216	     -0.02198617	      0.00000000	     -0.00000000	     -0.00000000
      0.94900000	      0.03540188	      0.00000000	     -0.00000000	     -0.00426213	     -0.00969032	     -0.02228078	      0.00000000	      0.00000000	     -0.00000000
      0.95000000	      0.03181034	     -0.00000000	      0.00000000	     -0.02080936	     -0.00383009	     -0.02875432	      0.00000000	      0.00000000	     -0.00000000
      0.95100000	      0.03322408	      0.00000000	      0.00000000	     -0.01102118	     -0.00765037	     -0.02411084	      0.00000000	     -0.00000000	     -0.00000000
      0.95200000	      0.02934273	     -0.00000000	     -0.00000000	      0.00035342	     -0.00960960	     -0.01572164	      0.00000000	     -0.00000000	      0.00000000
      0.95300000	      0.02101263	      0.00000000	      0.00000000	     -0.01842268	     -0.00169122	     -0.01602225	     -0.00000000	     -0.00000000	     -0.00000000
      0.95400000	      0.02275215	     -0.00000000	     -0.00000000	     -0.00897667	     -0.00621686	     -0.01436604	      0.00000000	     -0.00000000	     -0.00000000
      0.95500000	      0.04259286	     -0.00000000	     -0.00000000	      0.00307889	     -0.01230922	     -0.02462298	     -0.00000000	     -0.00000000	     -0.00000000
      0.95600000	      0.02702511	     -0.00000000	      0.00000000	     -0.01444400	     -0.00498760	     -0.02033326	     -0.00000000	     -0.00000000	      0.00000000
      0.95700000	      0.01929031	     -0.00000000	     -0.00000000	     -0.00993548	     -0.00518781	     -0.01250219	     -0.00000000	     -0.00000000	      0.00000000
      0.95800000	      0.03286195	      0.00000000	      0.00000000	     -0.02277541	     -0.00500363	     -0.02766758	      0.00000000	      0.00000000	     -0.00000000
      0.95900000	      0.03892204	      0.00000000	      0.00000000	     -0.00848212	     -0.00967008	     -0.02698659	      0.00000000	      0.00000000	     -0.00000000
      0.96000000	      0.03026336	     -0.00000000	     -0.00000000	     -0.00268386	     -0.01005789	     -0.01915521	     -0.00000000	      0.00000000	      0.00000000
      0.96100000	      0.04903602	     -0.00000000	      0.00000000	     -0.00052926	     -0.01376109	     -0.03342800	      0.00000000	      0.00000000	      0.00000000
      0.96200000	      0.02843820	     -0.00000000	      0.00000000	     -0.01460152	     -0.00492510	     -0.02266838	      0.00000000	     -0.00000000	     -0.00000000
      0.96300000	      0.02593125	     -0.00000000	     -0.00000000	     -0.02112440	     -0.00283069	     -0.02052330	     -0.00000000	     -0.00000000	     -0.00000000
      0.96400000	      0.02585955	     -0.00000000	      0.00000000	     -0.01361294	     -0.00425862	     -0.02086261	      0.00000000	      0.00000000	     -0.00000000
      0.96500000	      0.03750672	      0.00000000	     -0.00000000	     -0.01428450	     -0.00763283	     -0.02961104	      0.00000000	      0.00000000	      0.00000000
      0.96600000	      0.03497868	      0.00000000	     -0.00000000	     -0.01618911	     -0.00666645	     -0.02724214	     -0.00000000	     -0.00000000	     -0.00000000
      0.96700000	      0.02864496	     -0.00000000	     -0.00000000	     -0.02591542	     -0.00284947	     -0.02518186	     -0.00000000	      0.00000000	     -0.00000000
      0.96800000	      0.02088788	      0.00000000	     -0.00000000	     -0.00672625	     -0.00705956	     -0.01262851	     -0.00000000	      0.00000000	      0.00000000
      0.96900000	      0.04903096	     -0.00000000	      0.00000000	     -0.00338197	     -0.01324957	     -0.03414813	      0.00000000	      0.00000000	      0.00000000
      0.97000000	      0.03310776	     -0.00000000	      0.00000000	     -0.02180789	     -0.00403977	     -0.03020948	      0.00000000	      0.00000000	      0.00000000
      0.97100000	      0.04740695	      0.00000000	     -0.00000000	     -0.01009445	     -0.01183348	     -0.03560966	     -0.00000000	     -0.00000000	      0.00000000
      0.97200000	      0.02156972	     -0.00000000	      0.00000000	     -0.01671296	     -0.00234503	     -0.01714685	      0.00000000	     -0.00000000	     -0.00000000
      0.97300000	      0.05107626	     -0.00000000	     -0.00000000	     -0.00176585	     -0.01405783	     -0.03678027	     -0.00000000	      0.00000000	      0.00000000
      0.97400000	      0.03897750	     -0.00000000	      0.00000000	     -0.01668771	     -0.00803359	     -0.03039401	     -0.00000000	     -0.00000000	     -0.00000000
      0.97500000	      0.03798133	      0.00000000	      0.00000000	     -0.00675834	     -0.01001067	     -0.02674638	      0.00000000	      0.00000000	      0.00000000
      0.97600000	      0.03854010	      0.00000000	     -0.00000000	     -0.01121795	     -0.00893293	     -0.02789716	      0.00000000	     -0.00000000	     -0.00000000
      0.97700000	      0.04205191	      0.00000000	     -0.00000000	     -0.01713175	     -0.00910376	     -0.03354259	      0.00000000	      0.00000000	     -0.00000000
      0.97800000	      0.04861700	     -0.00000000	     -0.00000000	     -0.00410078	     -0.01307885	     -0.03458605	      0.00000000	      0.00000000	      0.00000000
      0.97900000	      0.03363536	      0.00000000	     -0.00000000	     -0.01186656	     -0.00724023	     -0.02594523	     -0.00000000	     -0.00000000	     -0.00000000
      0.98000000	      0.02998250	     -0.00000000	     -0.00000000	     -0.02602020	     -0.00331721	     -0.02643332	      0.00000000	     -0.00000000	     -0.00000000
      0.98100000	      0.04659492	     -0.00000000	      0.00000000	     -0.00947797	     -0.01136016	     -0.03548924	     -0.00000000	     -0.00000000	     -0.00000000
      0.98200000	      0.01879971	      0.00000000	     -0.00000000	     -0.01160564	     -0.00339612	     -0.01419493	     -0.00000000	      0.00000000	      0.00000000
      0.98300000	      0.03878279	     -0.00000000	     -0.00000000	     -0.00766858	     -0.00989369	     -0.02786357	     -0.00000000	      0.00000000	      0.00000000
      0.98400000	      0.03266649	      0.00000000	     -0.00000000	     -0.00645445	     -0.00918414	     -0.02265132	      0.00000000	      0.00000000	     -0.00000000
      0.98500000	      0.02341525	     -0.00000000	      0.00000000	     -0.01504368	     -0.00304008	     -0.01921226	      0.00000000	      0.00000000	      0.00000000
      0.98600000	      0.02333687	     -0.00000000	     -0.00000000	     -0.01820661	     -0.00198847	     -0.02000207	     -0.00000000	      0.00000000	      0.00000000
      0.98700000	      0.03083129	     -0.00000000	     -0.00000000	     -0.02621864	     -0.00300915	     -0.02896089	      0.00000000	      0.00000000	     -0.00000000
      0.98800000	      0.02299727	     -0.00000000	     -0.00000000	     -0.01056121	     -0.00536576	     -0.01397789	      0.00000000	     -0.00000000	      0.00000000
      0.98900000	      0.04471892	      0.00000000	     -0.00000000	     -0.00261074	     -0.01233109	     -0.03030595	     -0.00000000	      0.00000000	     -0.00000000
      0.99000000	      0.02661249	     -0.00000000	     -0.00000000	     -0.00560380	     -0.00814539	     -0.01600078	      0.00000000	      0.00000000	     -0.00000000
      0.99100000	      0.03623177	      0.00000000	     -0.00000000	     -0.02130017	     -0.00638343	     -0.02940478	     -0.00000000	      0.00000000	      0.00000000
      0.99200000	      0.01900928	     -0.00000000	     -0.00000000	     -0.00894135	     -0.00560092	     -0.01162029	     -0.00000000	     -0.00000000	     -0.00000000
      0.99300000	      0.02759990	     -0.00000000	      0.00000000	     -0.02832468	     -0.00169240	     -0.02600604	      0.00000000	     -0.00000000	      0.00000000
      0.99400000	      0.03180195	      0.00000000	      0.00000000	     -0.01542263	     -0.00621653	     -0.02349560	     -0.00000000	      0.00000000	     -0.00000000
      0.99500000	      0.02924008	     -0.00000000	      0.00000000	     -0.01597774	     -0.00525857	     -0.02191640	     -0.00000000	     -0.00000000	      0.00000000
      0.99600000	      0.02725299	      0.00000000	      0.00000000	     -0.00036087	     -0.00902432	     -0.01368732	      0.00000000	      0.00000000	     -0.00000000
      0.99700000	      0.03264830	      0.00000000	      0.00000000	     -0.02089504	     -0.00515397	     -0.02611909	     -0.00000000	      0.00000000	      0.00000000
      0.99800000	      0.03862509	     -0.00000000	      0.00000000	     -0.00051913	     -0.01119696	     -0.02336445	     -0.00000000	     -0.00000000	      0.00000000
      0.99900000	      0.02318473	     -0.00000000	      0.00000000	     -0.01248893	     -0.00392786	     -0.01853581	     -0.00000000	     -0.00000000	      0.00000000
      1.00000000	      0.03258184	     -0.00000000	      0.00000000	     -0.00157336	     -0.00984868	     -0.01951848	      0.00000000	      0.00000000	      0.00000000
      1.00100000	      0.04352705	     -0.00000000	     -0.00000000	     -0.00057872	     -0.01186249	     -0.02685392	     -0.00000000	     -0.00000000	      0.00000000
      1.00200000	      0.02559597	      0.00000000	     -0.00000000	     -0.01324895	     -0.00509056	     -0.01743403	     -0.00000000	     -0.00000000	      0.00000000
      1.00300000	      0.03411628	      0.00000000	      0.00000000	     -0.01245532	     -0.00740059	     -0.02375552	     -0.00000000	     -0.00000000	     -0.00000000
      1.00400000	      0.02260200	     -0.00000000	      0.00000000	     -0.01670798	     -0.00220783	     -0.01912669	      0.00000000	      0.00000000	      0.00000000
      1.00500000	      0.02031710	      0.00000000	      0.00000000	     -0.01231752	     -0.00399791	     -0.01439221	      0.00000000	     -0.00000000	     -0.00000000
      1.00600000	      0.02737113	      0.00000000	      0.00000000	     -0.01989404	     -0.00374736	     -0.02130889	      0.00000000	      0.00000000	      0.00000000
      1.00700000	      0.03033323	      0.00000000	     -0.00000000	     -0.01458559	     -0.00574763	     -0.02313294	     -0.00000000	      0.00000000	      0.00000000
      1.00800000	      0.04779811	     -0.00000000	     -0.00000000	     -0.00744816	     -0.01218985	     -0.03516595	     -0.00000000	     -0.00000000	     -0.00000000
      1.00900000	      0.02268116	      0.00000000	     -0.00000000	     -0.00988849	     -0.00541197	     -0.01686755	      0.00000000	     -0.00000000	     -0.00000000
      1.01000000	      0.02050048	      0.00000000	      0.00000000	     -0.01866419	     -0.00142857	     -0.01648050	      0.00000000	      0.00000000	     -0.00000000
      1.01100000	      0.03729502	      0.00000000	      0.00000000	     -0.00898302	     -0.00921025	     -0.02703037	     -0.00000000	      0.00000000	      0.00000000
      1.01200000	      0.03407906	     -0.00000000	      0.00000000	     -0.02116191	     -0.00550780	     -0.02779215	      0.00000000	     -0.00000000	      0.00000000
      1.01300000	      0.03143212	      0.00000000	     -0.00000000	     -0.00335157	     -0.00897525	     -0.01788618	     -0.00000000	      0.00000000	     -0.00000000
      1.01400000	      0.03022517	     -0.00000000	     -0.00000000	     -0.00684612	     -0.00864722	     -0.02122352	     -0.00000000	     -0.00000000	     -0.00000000
      1.01500000	      0.04472073	      0.00000000	     -0.00000000	     -0.00357136	     -0.01191049	     -0.02940511	     -0.00000000	     -0.00000000	      0.00000000
      1.01600000	      0.03627609	      0.00000000	     -0.00000000	     -0.02024264	     -0.00570421	     -0.03158090	     -0.00000000	     -0.00000000	     -0.00000000
      1.01700000	      0.02546201	     -0.00000000	     -0.00000000	     -0.02282097	     -0.00160993	     -0.02347379	      0.00000000	     -0.00000000	     -0.00000000
      1.01800000	      0.04451287	      0.00000000	     -0.00000000	     -0.01314119	     -0.01051625	     -0.03435413	     -0.00000000	      0.00000000	     -0.00000000
      1.01900000	      0.01983611	     -0.00000000	      0.00000000	     -0.00971294	     -0.00530987	     -0.01327645	      0.00000000	     -0.00000000	      0.00000000
      1.02000000	      0.03054223	     -0.00000000	      0.00000000	     -0.02282316	     -0.00398364	     -0.02564139	      0.00000000	     -0.00000000	      0.00000000
      1.02100000	      0.05075167	     -0.00000000	     -0.00000000	      0.00269877	     -0.01468036	     -0.03369112	     -0.00000000	      0.00000000	     -0.00000000
      1.02200000	      0.01808925	      0.00000000	     -0.00000000	     -0.01409859	     -0.00221229	     -0.01352435	      0.00000000	     -0.00000000	     -0.00000000
      1.02300000	      0.03293518	     -0.00000000	     -0.00000000	     -0.00570593	     -0.00943703	     -0.02228312	     -0.00000000	     -0.00000000	      0.00000000
      1.02400000	      0.04334531	      0.00000000	     -0.00000000	     -0.01029489	     -0.01046037	     -0.03151944	     -0.00000000	     -0.00000000	     -0.00000000
      1.02500000	      0.03095683	      0.00000000	      0.00000000	     -0.02498384	     -0.00355604	     -0.02773338	      0.00000000	      0.00000000	      0.00000000
      1.02600000	      0.02460649	      0.00000000	      0.00000000	     -0.00492026	     -0.00770902	     -0.01413272	      0.00000000	      0.00000000	      0.00000000
      1.02700000	      0.02988225	      0.00000000	     -0.00000000	     -0.02169873	     -0.00376300	     -0.02566101	     -0.00000000	      0.00000000	     -0.00000000
      1.02800000	      0.03339492	     -0.00000000	     -0.00000000	     -0.00783580	     -0.00876397	     -0.02307542	      0.00000000	     -0.00000000	     -0.00000000
      1.02900000	      0.02775184	      0.00000000	     -0.00000000	     -0.01623132	     -0.00468654	     -0.01956816	     -0.00000000	     -0.00000000	      0.00000000
      1.03000000	      0.02974759	     -0.00000000	     -0.00000000	     -0.01792090	     -0.00499229	     -0.02253098	     -0.00000000	     -0.00000000	      0.00000000
      1.03100000	      0.03807925	      0.00000000	     -0.00000000	     -0.01021612	     -0.00910341	     -0.02711731	     -0.00000000	      0.00000000	      0.00000000
      1.03200000	      0.05171084	      0.00000000	     -0.00000000	     -0.00129713	     -0.01416507	     -0.03784123	     -0.00000000	      0.00000000	      0.00000000
      1.03300000	      0.03178008	     -0.00000000	      0.00000000	     -0.01651671	     -0.00574903	     -0.02298603	      0.00000000	      0.00000000	      0.00000000
      1.03400000	      0.03876503	      0.00000000	      0.00000000	     -0.01396821	     -0.00848719	     -0.02901855	      0.00000000	      0.00000000	      0.00000000
      1.03500000	      0.03570250	      0.00000000	     -0.00000000	     -0.01681660	     -0.00688760	     -0.02780422	     -0.00000000	     -0.00000000	      0.00000000
      1.03600000	      0.02968021	      0.00000000	     -0.00000000	     -0.02674443	     -0.00310429	     -0.02631552	     -0.00000000	      0.00000000	      0.00000000
      1.03700000	      0.02233106	     -0.00000000	      0.00000000	     -0.01789393	     -0.00176165	     -0.01880366	      0.00000000	     -0.00000000	      0.00000000
      1.03800000	      0.02486302	     -0.00000000	     -0.00000000	     -0.01209686	     -0.00517607	     -0.01584200	     -0.00000000	     -0.00000000	      0.00000000
      1.03900000	      0.01847553	      0.00000000	     -0.00000000	     -0.01174163	     -0.00367155	     -0.01297616	      0.00000000	     -0.00000000	     -0.00000000
      1.04000000	      0.03072388	     -0.00000000	     -0.00000000	     -0.00186912	     -0.00981902	     -0.01814992	     -0.00000000	      0.00000000	     -0.00000000
      1.04100000	      0.03446628	      0.00000000	     -0.00000000	     -0.02266693	     -0.00492149	     -0.03061646	     -0.00000000	     -0.00000000	      0.00000000
      1.04200000	      0.02985533	      0.00000000	     -0.00000000	     -0.02716725	     -0.00223280	     -0.02873483	     -0.00000000	     -0.00000000	     -0.00000000
      1.04300000	      0.04025740	     -0.00000000	      0.00000000	     -0.00569368	     -0.01056715	     -0.02697281	      0.00000000	      0.00000000	      0.00000000
      1.04400000	      0.02584329	      0.00000000	     -0.00000000	     -0.03123577	     -0.00063410	     -0.02605135	     -0.00000000	     -0.00000000	      0.00000000
      1.04500000	      0.04255791	      0.00000000	      0.00000000	     -0.01163931	     -0.00993486	     -0.03082006	      0.00000000	      0.00000000	      0.00000000
      1.04600000	      0.01978784	      0.00000000	     -0.00000000	     -0.01237895	     -0.00280855	     -0.01578328	     -0.00000000	     -0.00000000	     -0.00000000
      1.04700000	      0.03553705	     -0.00000000	     -0.00000000	     -0.00898418	     -0.00881649	     -0.02584906	      0.00000000	      0.00000000	      0.00000000
      1.04800000	      0.01984654	      0.00000000	      0.00000000	     -0.01012801	     -0.00472336	     -0.01142456	     -0.00000000	      0.00000000	     -0.00000000
      1.04900000	      0.02315213	      0.00000000	     -0.00000000	     -0.01707969	     -0.00144849	     -0.02114459	     -0.00000000	     -0.00000000	     -0.00000000
      1.05000000	      0.02731173	      0.00000000	     -0.00000000	     -0.00438916	     -0.00832630	     -0.01550182	     -0.00000000	      0.00000000	     -0.00000000
      1.05100000	      0.02543346	      0.00000000	     -0.00000000	     -0.01495315	     -0.00450933	     -0.01801092	     -0.00000000	      0.00000000	      0.00000000
      1.05200000	      0.02466674	      0.00000000	     -0.00000000	     -0.02353173	     -0.00176392	     -0.02065036	      0.00000000	     -0.00000000	     -0.00000000
      1.05300000	      0.04530669	     -0.00000000	      0.00000000	     -0.00949069	     -0.01122386	     -0.03362053	      0.00000000	      0.00000000	      0.00000000
      1.05400000	      0.02122022	     -0.00000000	      0.00000000	     -0.01601332	     -0.00256293	     -0.01670554	     -0.00000000	      0.00000000	     -0.00000000
      1.05500000	      0.03375541	     -0.00000000	     -0.00000000	     -0.00953332	     -0.00819522	     -0.02293577	     -0.00000000	      0.00000000	     -0.00000000
      1.05600000	      0.01914756	     -0.00000000	     -0.00000000	     -0.01360439	     -0.00310360	     -0.01294180	     -0.00000000	      0.00000000	      0.00000000
      1.05700000	      0.02659833	      0.00000000	     -0.00000000	     -0.03128643	     -0.00119184	     -0.02628680	     -0.00000000	     -0.00000000	     -0.00000000
      1.05800000	      0.01917876	     -0.00000000	      0.00000000	     -0.00411415	     -0.00711875	     -0.00995942	      0.00000000	      0.00000000	     -0.00000000
      1.05900000	      0.03022081	      0.00000000	      0.00000000	     -0.01041217	     -0.00719900	     -0.02069798	     -0.00000000	      0.00000000	      0.00000000
      1.06000000	      0.03591607	     -0.00000000	     -0.00000000	     -0.01329330	     -0.00774705	     -0.02578519	     -0.00000000	     -0.00000000	     -0.00000000
      1.06100000	      0.01904106	      0.00000000	      0.00000000	     -0.01311762	     -0.00182231	     -0.01590939	      0.00000000	      0.00000000	     -0.00000000
      1.06200000	      0.03802925	      0.00000000	     -0.00000000	     -0.01606495	     -0.00796808	     -0.02931665	     -0.00000000	     -0.00000000	      0.00000000
      1.06300000	      0.03014760	     -0.00000000	      0.00000000	     -0.02494650	     -0.00366738	     -0.02603782	     -0.00000000	      0.00000000	     -0.00000000
      1.06400000	      0.04069395	     -0.00000000	      0.00000000	     -0.01609306	     -0.00796654	     -0.03361595	     -0.00000000	     -0.00000000	     -0.00000000
      1.06500000	      0.02416772	     -0.00000000	     -0.00000000	     -0.01579715	     -0.00384135	     -0.01689664	      0.00000000	     -0.00000000	     -0.00000000
      1.06600000	      0.02766768	      0.00000000	     -0.00000000	     -0.02332958	     -0.00263767	     -0.02412822	     -0.00000000	     -0.00000000	     -0.00000000
      1.06700000	      0.05089359	      0.00000000	     -0.00000000	     -0.00184478	     -0.01384551	     -0.03715404	      0.00000000	     -0.00000000	      0.00000000
      1.06800000	      0.03862944	      0.00000000	     -0.00000000	     -0.01202373	     -0.00870389	     -0.02882304	      0.00000000	      0.00000000	     -0.00000000
      1.06900000	      0.03070426	      0.00000000	     -0.00000000	     -0.00704775	     -0.00857362	     -0.02092466	      0.00000000	      0.00000000	      0.00000000
      1.07000000	      0.02343154	      0.00000000	     -0.00000000	     -0.02262864	     -0.00052801	     -0.02212462	      0.00000000	     -0.00000000	     -0.00000000
      1.07100000	      0.02251426	      0.00000000	     -0.00000000	     -0.00580301	     -0.00804867	     -0.01481665	      0.00000000	     -0.00000000	     -0.00000000
      1.07200000	      0.03845190	      0.00000000	      0.00000000	     -0.00499623	     -0.01049193	     -0.02576536	      0.00000000	     -0.00000000	     -0.00000000
      1.07300000	      0.03439051	      0.00000000	      0.00000000	     -0.01679417	     -0.00648560	     -0.02684663	      0.00000000	      0.00000000	      0.00000000
      1.07400000	      0.02425275	     -0.00000000	     -0.00000000	     -0.01787024	     -0.00329464	     -0.01839260	     -0.00000000	     -0.00000000	     -0.00000000
      1.07500000	      0.03451974	      0.00000000	      0.00000000	     -0.02268887	     -0.00555045	     -0.02882979	      0.00000000	     -0.00000000	      0.00000000
      1.07600000	      0.01949208	      0.00000000	     -0.00000000	     -0.02007388	     -0.00067902	     -0.01627308	     -0.00000000	     -0.00000000	     -0.00000000
      1.07700000	      0.03219631	      0.00000000	      0.00000000	     -0.00886736	     -0.00816297	     -0.02313472	      0.00000000	     -0.00000000	     -0.00000000
      1.07800000	      0.02775130	     -0.00000000	      0.00000000	     -0.01395455	     -0.00544086	     -0.01924745	     -0.00000000	      0.00000000	      0.00000000
      1.07900000	      0.02437803	     -0.00000000	      0.00000000	     -0.02361094	     -0.00160600	     -0.02000960	      0.00000000	      0.00000000	     -0.00000000
      1.08000000	      0.01970913	      0.00000000	     -0.00000000	     -0.00758159	     -0.00566292	     -0.01068073	     -0.00000000	      0.00000000	      0.00000000
      1.08100000	      0.02036922	     -0.00000000	      0.00000000	     -0.01807279	     -0.00103573	     -0.01714487	     -0.00000000	      0.00000000	      0.00000000
      1.08200000	      0.04437260	      0.00000000	      0.00000000	     -0.00681374	     -0.01141291	     -0.03174938	      0.00000000	      0.00000000	     -0.00000000
      1.08300000	      0.04013565	     -0.00000000	     -0.00000000	     -0.01089576	     -0.00934079	     -0.02814159	      0.00000000	      0.00000000	      0.00000000
      1.08400000	      0.02203661	     -0.00000000	      0.00000000	     -0.01682085	     -0.00223382	     -0.01766085	      0.00000000	     -0.00000000	      0.00000000
      1.08500000	      0.02521164	     -0.00000000	      0.00000000	     -0.01966445	     -0.00292023	     -0.02008663	      0.00000000	     -0.00000000	      0.00000000
      1.08600000	      0.04214774	     -0.00000000	      0.00000000	     -0.01380962	     -0.00896128	     -0.03372896	      0.00000000	     -0.00000000	     -0.00000000
      1.08700000	      0.03572289	      0.00000000	      0.00000000	     -0.01402123	     -0.00742300	     -0.02761125	     -0.00000000	      0.00000000	     -0.00000000
      1.08800000	      0.03357671	     -0.00000000	     -0.00000000	     -0.01593092	     -0.00646693	     -0.02539880	      0.00000000	      0.00000000	      0.00000000
      1.08900000	      0.02393044	      0.00000000	     -0.00000000	     -0.02551767	     -0.00087159	     -0.02144343	     -0.00000000	     -0.00000000	      0.00000000
      1.09000000	      0.02745932	      0.00000000	      0.00000000	     -0.02236957	     -0.00293579	     -0.02298613	      0.00000000	      0.00000000	      0.00000000
      1.09100000	      0.01999574	      0.00000000	     -0.00000000	     -0.01255068	     -0.00348530	     -0.01495415	      0.00000000	     -0.00000000	     -0.00000000
      1.09200000	      0.01773633	     -0.00000000	     -0.00000000	     -0.00576930	     -0.00701461	     -0.01009622	     -0.00000000	     -0.00000000	     -0.00000000
      1.09300000	      0.03480076	      0.00000000	      0.00000000	     -0.02132794	     -0.00545169	     -0.02953065	      0.00000000	      0.00000000	      0.00000000
      1.09400000	      0.02965400	      0.00000000	      0.00000000	     -0.02710705	     -0.00211970	     -0.02897182	      0.00000000	      0.00000000	      0.00000000
      1.09500000	      0.04389038	      0.00000000	     -0.00000000	     -0.00452509	     -0.01170572	     -0.03007639	      0.00000000	      0.00000000	      0.00000000
      1.09600000	      0.03599177	      0.00000000	      0.00000000	     -0.01944910	     -0.00674736	     -0.02881249	     -0.00000000	      0.00000000	     -0.00000000
      1.09700000	      0.04933081	      0.00000000	      0.00000000	     -0.00187119	     -0.01364812	     -0.03419155	     -0.00000000	     -0.00000000	     -0.00000000
      1.09800000	      0.03023862	      0.00000000	      0.00000000	     -0.01919120	     -0.00414749	     -0.02569158	      0.00000000	     -0.00000000	      0.00000000
      1.09900000	      0.02516933	      0.00000000	      0.00000000	     -0.01540717	     -0.00423399	     -0.01745552	      0.00000000	      0.00000000	      0.00000000
      1.10000000	      0.02699576	      0.00000000	     -0.00000000	     -0.00971843	     -0.00677415	     -0.01947923	      0.00000000	      0.00000000	      0.00000000
      1.10100000	      0.02710367	     -0.00000000	      0.00000000	     -0.02861407	     -0.00170809	     -0.02512531	     -0.00000000	     -0.00000000	      0.00000000
      1.10200000	      0.03895167	     -0.00000000	     -0.00000000	     -0.01691580	     -0.00780962	     -0.03128015	     -0.00000000	     -0.00000000	     -0.00000000
      1.10300000	      0.02330205	      0.00000000	      0.00000000	     -0.02831345	      0.00098264	     -0.02472930	      0.00000000	      0.00000000	     -0.00000000
      1.10400000	      0.03406641	      0.00000000	      0.00000000	     -0.01738539	     -0.00641629	     -0.02609419	      0.00000000	      0.00000000	      0.00000000
      1.10500000	      0.02301918	      0.00000000	      0.00000000	     -0.00929506	     -0.00618432	     -0.01593539	      0.00000000	      0.00000000	      0.00000000
      1.10600000	      0.03045740	     -0.00000000	      0.00000000	     -0.02216192	     -0.00366203	     -0.02683731	     -0.00000000	     -0.00000000	     -0.00000000
      1.10700000	      0.03634215	     -0.00000000	      0.00000000	     -0.02157519	     -0.00648686	     -0.03008167	     -0.00000000	      0.00000000	      0.00000000
      1.10800000	      0.03105175	      0.00000000	      0.00000000	     -0.01146004	     -0.00689470	     -0.02332794	     -0.00000000	      0.00000000	      0.00000000
      1.10900000	      0.01837211	      0.00000000	      0.00000000	     -0.00542488	     -0.00668621	     -0.01009853	     -0.00000000	      0.00000000	     -0.00000000
      1.11000000	      0.02401689	     -0.00000000	      0.00000000	     -0.01778839	     -0.00199572	     -0.02106823	     -0.00000000	      0.00000000	     -0.00000000
      1.11100000	      0.02578083	      0.00000000	     -0.00000000	     -0.00656083	     -0.00779801	     -0.01606292	     -0.00000000	      0.00000000	     -0.00000000
      1.11200000	      0.03412969	      0.00000000	      0.00000000	     -0.01444271	     -0.00711190	     -0.02515790	      0.00000000	     -0.00000000	      0.00000000
      1.11300000	      0.01775634	      0.00000000	      0.00000000	     -0.01731512	     -0.00105076	     -0.01396425	      0.00000000	     -0.00000000	     -0.00000000
      1.11400000	      0.03719212	     -0.00000000	      0.00000000	     -0.00528007	     -0.01012053	     -0.02479111	      0.00000000	     -0.00000000	     -0.00000000
      1.11500000	      0.02432099	     -0.00000000	     -0.00000000	     -0.02009230	     -0.00238426	     -0.01990227	     -0.00000000	     -0.00000000	      0.00000000
      1.11600000	      0.04129809	      0.00000000	     -0.00000000	     -0.00834498	     -0.01010785	     -0.02844344	      0.00000000	      0.00000000	      0.00000000
      1.11700000	      0.02461073	      0.00000000	     -0.00000000	     -0.01876486	     -0.00323209	     -0.01887796	     -0.00000000	     -0.00000000	     -0.00000000
      1.11800000	      0.03631910	     -0.00000000	     -0.00000000	     -0.02289109	     -0.00606128	     -0.03147172	      0.00000000	      0.00000000	      0.00000000
      1.11900000	      0.02786199	      0.00000000	      0.00000000	     -0.00895146	     -0.00725248	     -0.01850492	     -0.00000000	      0.00000000	      0.00000000
      1.12000000	      0.02002381	      0.00000000	     -0.00000000	     -0.01438192	     -0.00312654	     -0.01333052	      0.00000000	     -0.00000000	     -0.00000000
      1.12100000	      0.04480409	     -0.00000000	     -0.00000000	     -0.01143691	     -0.01075946	     -0.03420301	     -0.00000000	     -0.00000000	     -0.00000000
      1.12200000	      0.02237139	      0.00000000	      0.00000000	     -0.01514144	     -0.00259601	     -0.01839214	      0.00000000	      0.00000000	      0.00000000
      1.12300000	      0.02085341	     -0.00000000	     -0.00000000	     -0.01400709	     -0.00354958	     -0.01362922	     -0.00000000	     -0.00000000	      0.00000000
      1.12400000	      0.02489167	      0.00000000	     -0.00000000	     -0.02091425	     -0.00107414	     -0.02367610	      0.00000000	     -0.00000000	      0.00000000
      1.12500000	      0.02335028	      0.00000000	     -0.00000000	     -0.02541454	     -0.00064412	     -0.02108084	     -0.00000000	     -0.00000000	     -0.00000000
      1.12600000	      0.02548778	      0.00000000	     -0.00000000	     -0.01542726	     -0.00440008	     -0.01910568	      0.00000000	      0.00000000	     -0.00000000
      1.12700000	      0.02666435	      0.00000000	      0.00000000	     -0.02413652	     -0.00213299	     -0.02349179	     -0.00000000	      0.00000000	     -0.00000000
      1.12800000	      0.04111209	     -0.00000000	      0.00000000	     -0.01521439	     -0.00896969	     -0.03135708	      0.00000000	      0.00000000	      0.00000000
      1.12900000	      0.01910619	      0.00000000	      0.00000000	     -0.01978758	     -0.00005097	     -0.01689600	      0.00000000	      0.00000000	     -0.00000000
      1.13000000	      0.02701935	     -0.00000000	     -0.00000000	     -0.00772683	     -0.00768940	     -0.01858195	      0.00000000	     -0.00000000	      0.00000000
      1.13100000	      0.02025963	     -0.00000000	      0.00000000	     -0.02189933	     -0.00051622	     -0.01731747	      0.00000000	      0.00000000	     -0.00000000
      1.13200000	      0.03641980	      0.00000000	     -0.00000000	     -0.01946693	     -0.00667965	     -0.02894166	     -0.00000000	     -0.00000000	      0.00000000
      1.13300000	      0.03358552	     -0.00000000	      0.00000000	     -0.01199071	     -0.00754704	     -0.02368022	     -0.00000000	      0.00000000	      0.00000000
      1.13400000	      0.03445760	      0.00000000	     -0.00000000	     -0.02244180	     -0.00566894	     -0.02867801	     -0.00000000	     -0.00000000	      0.00000000
      1.13500000	      0.02321579	      0.00000000	      0.00000000	     -0.03022216	      0.00135106	     -0.02541595	     -0.00000000	      0.00000000	     -0.00000000
      1.13600000	      0.02654151	     -0.00000000	     -0.00000000	     -0.00696739	     -0.00784179	     -0.01733074	     -0.00000000	     -0.00000000	      0.00000000
      1.13700000	      0.01845531	      0.00000000	     -0.00000000	     -0.01700766	     -0.00121931	     -0.01455687	      0.00000000	     -0.00000000	      0.00000000
      1.13800000	      0.02816492	     -0.00000000	      0.00000000	     -0.02006855	     -0.00405170	     -0.02234587	     -0.00000000	     -0.00000000	      0.00000000
      1.13900000	      0.03840867	     -0.00000000	      0.00000000	     -0.01173312	     -0.00874043	     -0.02728426	     -0.00000000	      0.00000000	     -0.00000000
      1.14000000	      0.02542236	      0.00000000	     -0.00000000	     -0.02850410	     -0.00074207	     -0.02462500	     -0.00000000	     -0.00000000	     -0.00000000
      1.14100000	      0.01700367	      0.00000000	     -0.00000000	     -0.01056783	     -0.00301924	     -0.01301539	      0.00000000	      0.00000000	      0.00000000
      1.14200000	      0.03027365	     -0.00000000	     -0.00000000	     -0.01286920	     -0.00651059	     -0.02213558	     -0.00000000	      0.00000000	      0.00000000
      1.14300000	      0.02897697	     -0.00000000	     -0.00000000	     -0.01429562	     -0.00541180	     -0.01967055	     -0.00000000	     -0.00000000	     -0.00000000
      1.14400000	      0.04038140	     -0.00000000	     -0.00000000	     -0.01043903	     -0.00943955	     -0.03060930	      0.00000000	      0.00000000	     -0.00000000
      1.14500000	      0.03077980	      0.00000000	     -0.00000000	     -0.02712480	     -0.00266741	     -0.02937499	      0.00000000	      0.00000000	      0.00000000
      1.14600000	      0.02878098	     -0.00000000	      0.00000000	     -0.02183734	     -0.00291998	     -0.02581444	     -0.00000000	      0.00000000	     -0.00000000
      1.14700000	      0.02120116	     -0.00000000	      0.00000000	     -0.01240559	     -0.00430595	     -0.01321182	      0.00000000	      0.00000000	      0.00000000
      1.14800000	      0.03155989	     -0.00000000	      0.00000000	     -0.00621149	     -0.00910044	     -0.02174822	     -0.00000000	      0.00000000	     -0.00000000
      1.14900000	      0.01897284	      0.00000000	     -0.00000000	     -0.01919023	     -0.00132123	     -0.01434032	      0.00000000	      0.00000000	     -0.00000000
      1.15000000	      0.02914807	      0.00000000	     -0.00000000	     -0.01950680	     -0.00406997	     -0.02417578	     -0.00000000	     -0.00000000	     -0.00000000
      1.15100000	      0.02815983	     -0.00000000	      0.00000000	     -0.02118902	     -0.00332877	     -0.02344958	      0.00000000	      0.00000000	     -0.00000000
      1.15200000	      0.02462979	     -0.00000000	      0.00000000	     -0.02061894	     -0.00251861	     -0.01942370	      0.00000000	      0.00000000	      0.00000000
      1.15300000	      0.04197092	      0.00000000	     -0.00000000	     -0.01309506	     -0.00945120	     -0.03067728	     -0.00000000	      0.00000000	     -0.00000000
      1.15400000	      0.01766203	      0.00000000	      0.00000000	     -0.01396942	     -0.00204659	     -0.01332036	      0.00000000	     -0.00000000	      0.00000000
      1.15500000	      0.03869866	      0.00000000	      0.00000000	     -0.01433709	     -0.00805217	     -0.03069274	      0.00000000	      0.00000000	      0.00000000
      1.15600000	      0.03868755	      0.00000000	     -0.00000000	     -0.01008241	     -0.00903835	     -0.02627164	     -0.00000000	     -0.00000000	      0.00000000
      1.15700000	      0.02249861	      0.00000000	     -0.00000000	     -0.01388758	     -0.00374998	     -0.01713635	      0.00000000	      0.00000000	     -0.00000000
      1.15800000	      0.02562435	      0.00000000	      0.00000000	     -0.01521023	     -0.00452143	     -0.01877059	     -0.00000000	      0.00000000	      0.00000000
      1.15900000	      0.01880600	     -0.00000000	      0.00000000	     -0.01654482	     -0.00130433	     -0.01539039	     -0.00000000	      0.00000000	      0.00000000
      1.16000000	      0.02102408	     -0.00000000	      0.00000000	     -0.03312493	      0.00189230	     -0.02281812	     -0.00000000	     -0.00000000	      0.00000000
      1.16100000	      0.02569769	     -0.00000000	     -0.00000000	     -0.02104696	     -0.00226958	     -0.02223822	     -0.00000000	      0.00000000	     -0.00000000
      1.16200000	      0.03368927	     -0.00000000	     -0.00000000	     -0.02306109	     -0.00444948	     -0.03044151	     -0.00000000	     -0.00000000	      0.00000000
      1.16300000	      0.02942087	     -0.00000000	     -0.00000000	     -0.00959231	     -0.00723781	     -0.02155753	      0.00000000	      0.00000000	     -0.00000000
      1.16400000	      0.01908299	      0.00000000	      0.00000000	     -0.01837022	     -0.00086949	     -0.01591279	      0.00000000	     -0.00000000	     -0.00000000
      1.16500000	      0.02108459	      0.00000000	      0.00000000	     -0.02724885	      0.00058633	     -0.02036478	      0.00000000	      0.00000000	     -0.00000000
      1.16600000	      0.02803956	      0.00000000	     -0.00000000	     -0.02720927	     -0.00139796	     -0.02778411	     -0.00000000	     -0.00000000	     -0.00000000
      1.16700000	      0.03585413	      0.00000000	      0.00000000	     -0.01737180	     -0.00667577	     -0.02880997	     -0.00000000	      0.00000000	      0.00000000
      1.16800000	      0.02472412	      0.00000000	     -0.00000000	     -0.03231764	      0.00016739	     -0.02560511	      0.00000000	     -0.00000000	      0.00000000
      1.16900000	      0.03172558	      0.00000000	      0.00000000	     -0.02138327	     -0.00472158	     -0.02599782	     -0.00000000	     -0.00000000	      0.00000000
      1.17000000	      0.03203032	      0.00000000	     -0.00000000	     -0.01502736	     -0.00629469	     -0.02318622	     -0.00000000	      0.00000000	      0.00000000
      1.17100000	      0.01853679	     -0.00000000	     -0.00000000	     -0.01329273	     -0.00342101	     -0.01234235	      0.00000000	      0.00000000	      0.00000000
      1.17200000	      0.02320257	     -0.00000000	     -0.00000000	     -0.00693220	     -0.00745292	     -0.01526327	     -0.00000000	     -0.00000000	     -0.00000000
      1.17300000	      0.02223554	     -0.00000000	     -0.00000000	     -0.02772810	      0.00063150	     -0.02225283	     -0.00000000	     -0.00000000	     -0.00000000
      1.17400000	      0.02660727	     -0.00000000	      0.00000000	     -0.00835817	     -0.00668111	     -0.01615606	      0.00000000	      0.00000000	     -0.00000000
      1.17500000	      0.02516729	      0.00000000	      0.00000000	     -0.01013554	     -0.00607327	     -0.01854853	      0.00000000	      0.00000000	     -0.00000000
      1.17600000	      0.03101084	      0.00000000	     -0.00000000	     -0.02219720	     -0.00385282	     -0.02738212	     -0.00000000	     -0.00000000	      0.00000000
      1.17700000	      0.02930912	     -0.00000000	     -0.00000000	     -0.02400262	     -0.00313849	     -0.02587446	     -0.00000000	     -0.00000000	     -0.00000000
      1.17800000	      0.02166083	     -0.00000000	     -0.00000000	     -0.02323584	     -0.00025550	     -0.01976217	     -0.00000000	     -0.00000000	     -0.00000000
      1.17900000	      0.01688515	      0.00000000	      0.00000000	     -0.00890702	     -0.00528501	     -0.01026891	     -0.00000000	      0.00000000	     -0.00000000
      1.18000000	      0.02888144	      0.00000000	      0.00000000	     -0.02849316	     -0.00243804	     -0.02670213	      0.00000000	      0.00000000	      0.00000000
      1.18100000	      0.01800384	     -0.00000000	     -0.00000000	     -0.01801572	     -0.00163885	     -0.01328403	     -0.00000000	     -0.00000000	      0.00000000
      1.18200000	      0.02590412	     -0.00000000	      0.00000000	     -0.01430850	     -0.00489907	     -0.01804583	      0.00000000	      0.00000000	     -0.00000000
      1.18300000	      0.02151161	     -0.00000000	      0.00000000	     -0.02140383	     -0.00107448	     -0.01833914	      0.00000000	      0.00000000	      0.00000000
      1.18400000	      0.02154778	     -0.00000000	      0.00000000	     -0.01109383	     -0.00476348	     -0.01306594	      0.00000000	     -0.00000000	      0.00000000
      1.18500000	      0.03183389	     -0.00000000	     -0.00000000	     -0.01391268	     -0.00652658	     -0.02383968	     -0.00000000	      0.00000000	     -0.00000000
      1.18600000	      0.02492019	      0.00000000	     -0.00000000	     -0.00870526	     -0.00680157	     -0.01757784	      0.00000000	      0.00000000	     -0.00000000
      1.18700000	      0.03588322	     -0.00000000	     -0.00000000	     -0.02160997	     -0.00539821	     -0.03146976	      0.00000000	     -0.00000000	     -0.00000000
      1.18800000	      0.02901884	      0.00000000	     -0.00000000	     -0.01449015	     -0.00500303	     -0.02338188	      0.00000000	     -0.00000000	      0.00000000
      1.18900000	      0.02142191	     -0.00000000	     -0.00000000	     -0.03070294	      0.00124048	     -0.02190737	     -0.00000000	     -0.00000000	     -0.00000000
      1.19000000	      0.01973570	      0.00000000	      0.00000000	     -0.01912853	     -0.00026223	     -0.01755725	      0.00000000	     -0.00000000	     -0.00000000
      1.19100000	      0.02063136	      0.00000000	      0.00000000	     -0.03173326	      0.00211939	     -0.02233263	      0.00000000	     -0.00000000	     -0.00000000
      1.19200000	      0.02285385	      0.00000000	     -0.00000000	     -0.00891640	     -0.00614132	     -0.01403100	     -0.00000000	     -0.00000000	      0.00000000
      1.19300000	      0.03381515	      0.00000000	     -0.00000000	     -0.02321081	     -0.00462104	     -0.03028309	      0.00000000	     -0.00000000	      0.00000000
      1.19400000	      0.02466672	     -0.00000000	      0.00000000	     -0.03127820	     -0.00018587	     -0.02465942	      0.00000000	      0.00000000	      0.00000000
      1.19500000	      0.02574206	     -0.00000000	      0.00000000	     -0.01900408	     -0.00311685	     -0.02128355	     -0.00000000	     -0.00000000	      0.00000000
      1.19600000	      0.03934887	     -0.00000000	     -0.00000000	     -0.01777335	     -0.00788443	     -0.03103231	     -0.00000000	      0.00000000	      0.00000000
      1.19700000	      0.02865460	     -0.00000000	      0.00000000	     -0.00842803	     -0.00769611	     -0.01991468	      0.00000000	      0.00000000	     -0.00000000
      1.19800000	      0.01817960	     -0.00000000	     -0.00000000	     -0.01607138	      0.00013349	     -0.01680630	      0.00000000	     -0.00000000	      0.00000000
      1.19900000	      0.03132287	      0.00000000	     -0.00000000	     -0.01627500	     -0.00571258	     -0.02460585	      0.00000000	      0.00000000	     -0.00000000
      1.20000000	      0.02594108	     -0.00000000	      0.00000000	     -0.02579681	     -0.00163894	     -0.02346751	      0.00000000	      0.00000000	     -0.00000000
      1.20100000	      0.01937354	     -0.00000000	      0.00000000	     -0.01348152	     -0.00228195	     -0.01573422	      0.00000000	      0.00000000	      0.00000000
      1.20200000	      0.01816769	      0.00000000	      0.00000000	     -0.02064893	      0.00031638	     -0.01622025	      0.00000000	      0.00000000	      0.00000000
      1.20300000	      0.01958228	      0.00000000	     -0.00000000	     -0.02452824	      0.00264080	     -0.02160930	     -0.00000000	      0.00000000	     -0.00000000
      1.20400000	      0.01628117	      0.00000000	      0.00000000	     -0.00910378	     -0.00407435	     -0.01184687	     -0.00000000	     -0.00000000	      0.00000000
      1.20500000	      0.02073081	      0.00000000	     -0.00000000	     -0.03406756	      0.00216537	     -0.02316663	      0.00000000	     -0.00000000	     -0.00000000
      1.20600000	      0.02207969	      0.00000000	     -0.00000000	     -0.01520876	     -0.00321860	     -0.01661067	     -0.00000000	     -0.00000000	      0.00000000
      1.20700000	      0.01941287	     -0.00000000	      0.00000000	     -0.02375282	      0.00035329	     -0.01747201	      0.00000000	      0.00000000	     -0.00000000
      1.20800000	      0.01827509	      0.00000000	     -0.00000000	     -0.01243162	     -0.00344368	     -0.01055773	      0.00000000	     -0.00000000	     -0.00000000
      1.20900000	      0.02864974	     -0.00000000	     -0.00000000	     -0.01220200	     -0.00623959	     -0.01963233	      0.00000000	     -0.00000000	     -0.00000000
      1.21000000	      0.03319744	     -0.00000000	     -0.00000000	     -0.01412026	     -0.00684005	     -0.02415619	     -0.00000000	      0.00000000	      0.00000000
      1.21100000	      0.02151828	     -0.00000000	     -0.00000000	     -0.02546838	      0.00017046	     -0.02035142	     -0.00000000	      0.00000000	     -0.00000000
      1.21200000	      0.02741159	      0.00000000	      0.00000000	     -0.01088631	     -0.00614389	     -0.01784584	      0.00000000	     -0.00000000	     -0.00000000
      1.21300000	      0.02851526	      0.00000000	     -0.00000000	     -0.02152307	     -0.00313103	     -0.02484167	      0.00000000	     -0.00000000	      0.00000000
      1.21400000	      0.01848238	      0.00000000	     -0.00000000	     -0.01245201	     -0.00189828	     -0.01545855	      0.00000000	      0.00000000	     -0.00000000
      1.21500000	      0.03082847	     -0.00000000	     -0.00000000	     -0.02309240	     -0.00406340	     -0.02631689	      0.00000000	     -0.00000000	     -0.00000000
      1.21600000	      0.02545508	     -0.00000000	     -0.00000000	     -0.02232656	     -0.00248045	     -0.02110190	     -0.00000000	     -0.00000000	     -0.00000000
      1.21700000	      0.02629752	     -0.00000000	     -0.00000000	     -0.01342301	     -0.00509554	     -0.01725137	      0.00000000	      0.00000000	     -0.00000000
      1.21800000	      0.02663381	      0.00000000	     -0.00000000	     -0.03171309	     -0.00078169	     -0.02701358	     -0.00000000	      0.00000000	     -0.00000000
      1.21900000	      0.04140442	      0.00000000	     -0.00000000	     -0.01258593	     -0.00943956	     -0.03143630	      0.00000000	     -0.00000000	      0.00000000
      1.22000000	      0.02532130	      0.00000000	      0.00000000	     -0.03129683	     -0.00031605	     -0.02552638	      0.00000000	      0.00000000	     -0.00000000
      1.22100000	      0.03453074	      0.00000000	     -0.00000000	     -0.01748687	     -0.00611970	     -0.02817210	     -0.00000000	      0.00000000	      0.00000000
      1.22200000	      0.02071042	      0.00000000	     -0.00000000	     -0.01802012	      0.00040190	     -0.02024306	      0.00000000	     -0.00000000	     -0.00000000
      1.22300000	      0.02515224	      0.00000000	     -0.00000000	     -0.02144999	     -0.00191552	     -0.02198717	     -0.00000000	      0.00000000	      0.00000000
      1.22400000	      0.03942253	      0.00000000	      0.00000000	     -0.01022717	     -0.00937158	     -0.02796356	     -0.00000000	      0.00000000	     -0.00000000
      1.22500000	      0.03524445	     -0.00000000	      0.00000000	     -0.02147278	     -0.00551991	     -0.03054612	      0.00000000	      0.00000000	      0.00000000
      1.22600000	      0.02514958	      0.00000000	     -0.00000000	     -0.02020095	     -0.00292513	     -0.02033457	      0.00000000	     -0.00000000	      0.00000000
      1.22700000	      0.03513978	     -0.00000000	     -0.00000000	     -0.01189064	     -0.00776371	     -0.02450040	     -0.00000000	     -0.00000000	     -0.00000000
      1.22800000	      0.02153763	      0.00000000	      0.00000000	     -0.02135081	     -0.00095410	     -0.01827328	     -0.00000000	      0.00000000	      0.00000000
      1.22900000	      0.03164851	      0.00000000	      0.00000000	     -0.01887376	     -0.00517974	     -0.02547896	      0.00000000	      0.00000000	     -0.00000000
      1.23000000	      0.04027537	      0.00000000	      0.00000000	     -0.01537933	     -0.00842067	     -0.03177834	      0.00000000	     -0.00000000	      0.00000000
      1.23100000	      0.02643653	     -0.00000000	      0.00000000	     -0.02699340	     -0.00129275	     -0.02513586	      0.00000000	      0.00000000	      0.00000000
      1.23200000	      0.02622906	     -0.00000000	     -0.00000000	     -0.02286318	     -0.00261562	     -0.02183040	     -0.00000000	     -0.00000000	      0.00000000
      1.23300000	      0.02337212	     -0.00000000	     -0.00000000	     -0.01330149	     -0.00442290	     -0.01663650	     -0.00000000	     -0.00000000	      0.00000000
      1.23400000	      0.01982771	     -0.00000000	     -0.00000000	     -0.01335402	     -0.00376290	     -0.01323979	     -0.00000000	      0.00000000	     -0.00000000
      1.23500000	      0.03737946	     -0.00000000	     -0.00000000	     -0.01673131	     -0.00755651	     -0.02908461	     -0.00000000	     -0.00000000	     -0.00000000
      1.23600000	      0.01848304	      0.00000000	     -0.00000000	     -0.02829203	      0.00234445	     -0.01896834	     -0.00000000	     -0.00000000	      0.00000000
      1.23700000	      0.02499444	     -0.00000000	     -0.00000000	     -0.02432838	     -0.00150439	     -0.02218384	     -0.00000000	     -0.00000000	     -0.00000000
      1.23800000	      0.01816162	     -0.00000000	      0.00000000	     -0.01979580	     -0.00032539	     -0.01513734	      0.00000000	      0.00000000	      0.00000000
      1.23900000	      0.02238416	     -0.00000000	     -0.00000000	     -0.02584885	     -0.00014341	     -0.02041956	     -0.00000000	     -0.00000000	      0.00000000
      1.24000000	      0.01819270	      0.00000000	     -0.00000000	     -0.01457873	     -0.00062480	     -0.01612172	     -0.00000000	      0.00000000	      0.00000000
      1.24100000	      0.02429712	     -0.00000000	     -0.00000000	     -0.02772902	      0.00077144	     -0.02589950	     -0.00000000	     -0.00000000	      0.00000000
      1.24200000	      0.02063462	     -0.00000000	     -0.00000000	     -0.02781524	      0.00201587	     -0.02227604	      0.00000000	     -0.00000000	      0.00000000
      1.24300000	      0.01856488	     -0.00000000	      0.00000000	     -0.02743313	      0.00409550	     -0.02262232	     -0.00000000	      0.00000000	      0.00000000
      1.24400000	      0.04328280	     -0.00000000	      0.00000000	     -0.01354439	     -0.00987619	     -0.03226373	      0.00000000	      0.00000000	     -0.00000000
      1.24500000	      0.03121806	      0.00000000	      0.00000000	     -0.02029409	     -0.00434601	     -0.02647543	      0.00000000	     -0.00000000	     -0.00000000
      1.24600000	      0.02113956	     -0.00000000	      0.00000000	     -0.01204516	     -0.00454317	     -0.01416621	      0.00000000	      0.00000000	     -0.00000000
      1.24700000	      0.01892755	      0.00000000	      0.00000000	     -0.02013695	      0.00120326	     -0.01865028	      0.00000000	     -0.00000000	     -0.00000000
      1.24800000	      0.01711519	     -0.00000000	     -0.00000000	     -0.01225456	     -0.00224257	     -0.01327654	     -0.00000000	      0.00000000	     -0.00000000
      1.24900000	      0.02108561	      0.00000000	      0.00000000	     -0.01334409	     -0.00293250	     -0.01699667	      0.00000000	     -0.00000000	     -0.00000000
      1.25000000	      0.02644430	      0.00000000	     -0.00000000	     -0.01623905	     -0.00414537	     -0.02081504	     -0.00000000	     -0.00000000	      0.00000000
      1.25100000	      0.02322146	     -0.00000000	     -0.00000000	     -0.01232568	     -0.00447352	     -0.01761842	      0.00000000	     -0.00000000	      0.00000000
      1.25200000	      0.02451863	     -0.00000000	      0.00000000	     -0.02541658	     -0.00138046	     -0.02185640	     -0.00000000	     -0.00000000	     -0.00000000
      1.25300000	      0.01776587	      0.00000000	     -0.00000000	     -0.01828953	     -0.00008468	     -0.01555404	     -0.00000000	     -0.00000000	      0.00000000
      1.25400000	      0.02299836	     -0.00000000	      0.00000000	     -0.02488119	     -0.00075638	     -0.01993321	     -0.00000000	      0.00000000	      0.00000000
      1.25500000	      0.01800111	      0.00000000	     -0.00000000	     -0.02382625	      0.00272653	     -0.01911458	      0.00000000	     -0.00000000	     -0.00000000
      1.25600000	      0.01761798	     -0.00000000	      0.00000000	     -0.02871901	      0.00466861	     -0.02188782	     -0.00000000	      0.00000000	     -0.00000000
      1.25700000	      0.01982146	      0.00000000	      0.00000000	     -0.01260025	     -0.00181624	     -0.01700445	     -0.00000000	      0.00000000	     -0.00000000
      1.25800000	      0.01837411	      0.00000000	     -0.00000000	     -0.02246620	      0.00054908	     -0.01642350	     -0.00000000	     -0.00000000	     -0.00000000
      1.25900000	      0.02099951	      0.00000000	     -0.00000000	     -0.02021627	      0.00006107	     -0.01990725	     -0.00000000	     -0.00000000	     -0.00000000
      1.26000000	      0.01784534	     -0.00000000	      0.00000000	     -0.00998903	     -0.00357729	     -0.01355474	     -0.00000000	      0.00000000	     -0.00000000
      1.26100000	      0.03787852	     -0.00000000	      0.00000000	     -0.01943857	     -0.00737748	     -0.03085712	      0.00000000	     -0.00000000	      0.00000000
      1.26200000	      0.02013200	     -0.00000000	      0.00000000	     -0.02281984	      0.00216763	     -0.02193881	      0.00000000	     -0.00000000	     -0.00000000
      1.26300000	      0.03841386	     -0.00000000	     -0.00000000	     -0.01637376	     -0.00791880	     -0.02938521	     -0.00000000	     -0.00000000	     -0.00000000
      1.26400000	      0.03791169	     -0.00000000	      0.00000000	     -0.01848405	     -0.00722766	     -0.03080613	     -0.00000000	     -0.00000000	      0.00000000
      1.26500000	      0.01932614	     -0.00000000	      0.00000000	     -0.01603654	     -0.00086515	     -0.01674836	     -0.00000000	     -0.00000000	     -0.00000000
      1.26600000	      0.03475851	      0.00000000	     -0.00000000	     -0.01316438	     -0.00741463	     -0.02433428	     -0.00000000	     -0.00000000	      0.00000000
      1.26700000	      0.02445359	     -0.00000000	      0.00000000	     -0.01144481	     -0.00524442	     -0.01478208	      0.00000000	      0.00000000	     -0.00000000
      1.26800000	      0.02064014	     -0.00000000	     -0.00000000	     -0.02463772	      0.00099404	     -0.02059628	     -0.00000000	      0.00000000	     -0.00000000
      1.26900000	      0.01693417	     -0.00000000	      0.00000000	     -0.01238124	     -0.00331433	     -0.01127743	      0.00000000	      0.00000000	      0.00000000
      1.27000000	      0.02234960	      0.00000000	      0.00000000	     -0.02830395	      0.00075385	     -0.02273756	      0.00000000	      0.00000000	      0.00000000
      1.27100000	      0.02927992	      0.00000000	      0.00000000	     -0.02519872	     -0.00312134	     -0.02519736	      0.00000000	      0.00000000	      0.00000000
      1.27200000	      0.02264957	      0.00000000	      0.00000000	     -0.01681249	     -0.00225187	     -0.01889164	      0.00000000	      0.00000000	     -0.00000000
      1.27300000	      0.03077296	      0.00000000	     -0.00000000	     -0.02263099	     -0.00396302	     -0.02631793	      0.00000000	      0.00000000	     -0.00000000
      1.27400000	      0.02735543	     -0.00000000	     -0.00000000	     -0.01988870	     -0.00361534	     -0.02236087	     -0.00000000	      0.00000000	      0.00000000
      1.27500000	      0.02987514	      0.00000000	     -0.00000000	     -0.02913877	     -0.00278081	     -0.02785118	     -0.00000000	     -0.00000000	     -0.00000000
      1.27600000	      0.02084348	      0.00000000	     -0.00000000	     -0.02847753	      0.00147099	     -0.02162347	     -0.00000000	     -0.00000000	     -0.00000000
      1.27700000	      0.01753745	      0.00000000	      0.00000000	     -0.01169081	     -0.00369019	     -0.00982527	      0.00000000	      0.00000000	     -0.00000000
      1.27800000	      0.01783774	      0.00000000	     -0.00000000	     -0.02399374	      0.00364325	     -0.02030154	     -0.00000000	      0.00000000	     -0.00000000
      1.27900000	      0.02797811	      0.00000000	     -0.00000000	     -0.01575106	     -0.00456750	     -0.02209188	     -0.00000000	      0.00000000	      0.00000000
      1.28000000	      0.01860382	      0.00000000	     -0.00000000	     -0.02637585	      0.00161878	     -0.01828210	     -0.00000000	      0.00000000	      0.00000000
      1.28100000	      0.01538196	      0.00000000	      0.00000000	     -0.00786166	     -0.00503222	     -0.01081650	      0.00000000	      0.00000000	      0.00000000
      1.28200000	      0.03068390	      0.00000000	     -0.00000000	     -0.02211859	     -0.00397080	     -0.02648040	     -0.00000000	      0.00000000	      0.00000000
      1.28300000	      0.02172691	      0.00000000	     -0.00000000	     -0.01035660	     -0.00470451	     -0.01662414	     -0.00000000	     -0.00000000	     -0.00000000
      1.28400000	      0.03079785	      0.00000000	     -0.00000000	     -0.01931520	     -0.00444254	     -0.02621257	     -0.00000000	      0.00000000	     -0.00000000
      1.28500000	      0.02575993	      0.00000000	      0.00000000	     -0.03120887	     -0.00072022	     -0.02547549	      0.00000000	      0.00000000	      0.00000000
      1.28600000	      0.01829403	     -0.00000000	     -0.00000000	     -0.02546519	      0.00234136	     -0.01892886	     -0.00000000	     -0.00000000	     -0.00000000
      1.28700000	      0.01731239	      0.00000000	      0.00000000	     -0.02753249	      0.00379128	     -0.01955181	      0.00000000	      0.00000000	     -0.00000000
      1.28800000	      0.02435331	      0.00000000	      0.00000000	     -0.02945334	      0.00002231	     -0.02433079	     -0.00000000	     -0.00000000	     -0.00000000
      1.28900000	      0.02039360	      0.00000000	      0.00000000	     -0.01214775	     -0.00400248	     -0.01459258	     -0.00000000	      0.00000000	      0.00000000
      1.29000000	      0.02291023	     -0.00000000	      0.00000000	     -0.02876499	      0.00121685	     -0.02459028	     -0.00000000	      0.00000000	     -0.00000000
      1.29100000	      0.02306357	      0.00000000	      0.00000000	     -0.02187171	     -0.00147544	     -0.01935213	      0.00000000	      0.00000000	      0.00000000
      1.29200000	      0.02700511	      0.00000000	      0.00000000	     -0.02627239	     -0.00213313	     -0.02387447	      0.00000000	      0.00000000	      0.00000000
      1.29300000	      0.02621287	      0.00000000	      0.00000000	     -0.02229416	     -0.00268522	     -0.02234503	     -0.00000000	     -0.00000000	      0.00000000
      1.29400000	      0.01914606	      0.00000000	     -0.00000000	     -0.02825384	      0.00401783	     -0.02338519	     -0.00000000	      0.00000000	     -0.00000000
      1.29500000	      0.01999831	      0.00000000	     -0.00000000	     -0.01876573	     -0.00104850	     -0.01672245	     -0.00000000	     -0.00000000	      0.00000000
      1.29600000	      0.01853104	      0.00000000	      0.00000000	     -0.02194309	      0.00017750	     -0.01596135	      0.00000000	     -0.00000000	     -0.00000000
      1.29700000	      0.03453800	      0.00000000	      0.00000000	     -0.01421243	     -0.00714686	     -0.02597906	      0.00000000	     -0.00000000	      0.00000000
      1.29800000	      0.02244595	     -0.00000000	      0.00000000	     -0.02815876	      0.00176146	     -0.02478061	      0.00000000	     -0.00000000	     -0.00000000
      1.29900000	      0.01877971	     -0.00000000	     -0.00000000	     -0.01465001	     -0.00264507	     -0.01205614	     -0.00000000	      0.00000000	     -0.00000000
      1.30000000	      0.02332380	     -0.00000000	     -0.00000000	     -0.01854503	     -0.00227691	     -0.01931888	     -0.00000000	     -0.00000000	     -0.00000000
      1.30100000	      0.01760132	      0.00000000	     -0.00000000	     -0.03000105	      0.00433502	     -0.02117303	     -0.00000000	     -0.00000000	      0.00000000
      1.30200000	      0.02482617	     -0.00000000	     -0.00000000	     -0.01961500	     -0.00144387	     -0.02308402	     -0.00000000	      0.00000000	     -0.00000000
      1.30300000	      0.01892023	      0.00000000	      0.00000000	     -0.02143520	      0.00148060	     -0.01869337	      0.00000000	     -0.00000000	      0.00000000
      1.30400000	      0.02866889	     -0.00000000	      0.00000000	     -0.02558528	     -0.00165363	     -0.02811492	      0.00000000	      0.00000000	     -0.00000000
      1.30500000	      0.02882394	     -0.00000000	     -0.00000000	     -0.02350318	     -0.00333790	     -0.02414049	     -0.00000000	      0.00000000	     -0.00000000
      1.30600000	      0.01815886	     -0.00000000	     -0.00000000	     -0.02140711	      0.00252626	     -0.01924574	      0.00000000	     -0.00000000	      0.00000000
      1.30700000	      0.01874392	      0.00000000	     -0.00000000	     -0.03005582	      0.00250149	     -0.01986763	      0.00000000	     -0.00000000	      0.00000000
      1.30800000	      0.02017341	     -0.00000000	     -0.00000000	     -0.01975595	     -0.00117703	     -0.01641460	      0.00000000	      0.00000000	     -0.00000000
      1.30900000	      0.02324479	      0.00000000	     -0.00000000	     -0.02185876	     -0.00039660	     -0.02218013	     -0.00000000	      0.00000000	      0.00000000
      1.31000000	      0.01899911	      0.00000000	      0.00000000	     -0.02477237	      0.00047909	     -0.01697744	     -0.00000000	      0.00000000	     -0.00000000
      1.31100000	      0.02531390	      0.00000000	      0.00000000	     -0.01557710	     -0.00381645	     -0.02022220	     -0.00000000	      0.00000000	      0.00000000
      1.31200000	      0.01697594	      0.00000000	      0.00000000	     -0.01873681	     -0.00090906	     -0.01333948	      0.00000000	      0.00000000	      0.00000000
      1.31300000	      0.03012764	     -0.00000000	     -0.00000000	     -0.02700140	     -0.00298062	     -0.02768051	      0.00000000	     -0.00000000	      0.00000000
      1.31400000	      0.02244513	      0.00000000	     -0.00000000	     -0.03016539	      0.00114765	     -0.02353539	      0.00000000	     -0.00000000	     -0.00000000
      1.31500000	      0.01748984	     -0.00000000	     -0.00000000	     -0.01027725	     -0.00387769	     -0.01286196	      0.00000000	     -0.00000000	     -0.00000000
      1.31600000	      0.03720876	     -0.00000000	      0.00000000	     -0.01954893	     -0.00697101	     -0.02944116	      0.00000000	     -0.00000000	      0.00000000
      1.31700000	      0.01993874	      0.00000000	      0.00000000	     -0.02435284	      0.00145300	     -0.02007386	     -0.00000000	      0.00000000	      0.00000000
      1.31800000	      0.02268159	     -0.00000000	      0.00000000	     -0.01604919	     -0.00307378	     -0.01689583	      0.00000000	      0.00000000	      0.00000000
      1.31900000	      0.01804868	      0.00000000	      0.00000000	     -0.01786568	      0.00166206	     -0.01809021	     -0.00000000	      0.00000000	      0.00000000
      1.32000000	      0.01580060	      0.00000000	      0.00000000	     -0.02934492	      0.00576803	     -0.02021478	     -0.00000000	     -0.00000000	     -0.00000000
      1.32100000	      0.02645695	      0.00000000	     -0.00000000	     -0.02172676	     -0.00276776	     -0.02181963	     -0.00000000	     -0.00000000	     -0.00000000
      1.32200000	      0.03535212	      0.00000000	      0.00000000	     -0.01423227	     -0.00684202	     -0.02847162	     -0.00000000	      0.00000000	      0.00000000
      1.32300000	      0.01641873	      0.00000000	     -0.00000000	     -0.01204949	     -0.00347577	     -0.01049790	     -0.00000000	     -0.00000000	     -0.00000000
      1.32400000	      0.02408649	     -0.00000000	      0.00000000	     -0.02868774	      0.00039132	     -0.02471286	     -0.00000000	     -0.00000000	     -0.00000000
      1.32500000	      0.02003136	      0.00000000	     -0.00000000	     -0.01192655	     -0.00438216	     -0.01319238	     -0.00000000	     -0.00000000	      0.00000000
      1.32600000	      0.01673778	     -0.00000000	     -0.00000000	     -0.03725002	      0.00520318	     -0.02171517	      0.00000000	     -0.00000000	      0.00000000
      1.32700000	      0.01890353	      0.00000000	     -0.00000000	     -0.02343352	      0.00187777	     -0.01918642	     -0.00000000	      0.00000000	      0.00000000
      1.32800000	      0.01575792	      0.00000000	     -0.00000000	     -0.03744873	      0.00599565	     -0.02143576	      0.00000000	     -0.00000000	      0.00000000
      1.32900000	      0.03095051	      0.00000000	     -0.00000000	     -0.01965328	     -0.00370090	     -0.02782158	     -0.00000000	      0.00000000	     -0.00000000
      1.33000000	      0.02553224	      0.00000000	     -0.00000000	     -0.02386328	     -0.00170379	     -0.02293082	      0.00000000	      0.00000000	     -0.00000000
      1.33100000	      0.02034819	      0.00000000	      0.00000000	     -0.01708638	     -0.00159279	     -0.01682919	      0.00000000	      0.00000000	      0.00000000
      1.33200000	      0.02353554	     -0.00000000	     -0.00000000	     -0.01232600	     -0.00463519	     -0.01746695	      0.00000000	     -0.00000000	      0.00000000
      1.33300000	      0.01804121	     -0.00000000	      0.00000000	     -0.01223858	     -0.00316186	     -0.01304894	      0.00000000	      0.00000000	      0.00000000
      1.33400000	      0.01357276	      0.00000000	      0.00000000	     -0.03146374	      0.00781449	     -0.01977735	     -0.00000000	      0.00000000	      0.00000000
      1.33500000	      0.01805798	      0.00000000	     -0.00000000	     -0.02331891	      0.00016247	     -0.01624947	     -0.00000000	     -0.00000000	      0.00000000
      1.33600000	      0.01837454	     -0.00000000	     -0.00000000	     -0.01454854	     -0.00054168	     -0.01640504	     -0.00000000	     -0.00000000	     -0.00000000
      1.33700000	      0.02875390	      0.00000000	     -0.00000000	     -0.02033143	     -0.00354848	     -0.02463202	     -0.00000000	     -0.00000000	      0.00000000
      1.33800000	      0.02381778	     -0.00000000	      0.00000000	     -0.02618544	      0.00010362	     -0.02382976	      0.00000000	      0.00000000	     -0.00000000
      1.33900000	      0.02375453	      0.00000000	     -0.00000000	     -0.02539695	     -0.00069601	     -0.02160659	      0.00000000	      0.00000000	     -0.00000000
      1.34000000	      0.02658042	     -0.00000000	      0.00000000	     -0.02721178	     -0.00054382	     -0.02696986	      0.00000000	      0.00000000	     -0.00000000
      1.34100000	      0.03016800	      0.00000000	      0.00000000	     -0.01532214	     -0.00564347	     -0.02214229	      0.00000000	     -0.00000000	      0.00000000
      1.34200000	      0.01893320	     -0.00000000	      0.00000000	     -0.02306346	      0.00023268	     -0.01664941	      0.00000000	      0.00000000	      0.00000000
      1.34300000	      0.02015610	      0.00000000	     -0.00000000	     -0.03176190	      0.00222157	     -0.02156141	      0.00000000	     -0.00000000	     -0.00000000
      1.34400000	      0.02403656	      0.00000000	     -0.00000000	     -0.01626872	     -0.00368936	     -0.01707284	     -0.00000000	      0.00000000	      0.00000000
      1.34500000	      0.02694476	      0.00000000	      0.00000000	     -0.01606657	     -0.00454047	     -0.01962516	      0.00000000	      0.00000000	      0.00000000
      1.34600000	      0.01884702	      0.00000000	     -0.00000000	     -0.03225801	      0.00344604	     -0.02178108	      0.00000000	      0.00000000	      0.00000000
      1.34700000	      0.01941100	      0.00000000	     -0.00000000	     -0.01150746	     -0.00270184	     -0.01567052	      0.00000000	      0.00000000	      0.00000000
      1.34800000	      0.01684050	      0.00000000	      0.00000000	     -0.01103523	     -0.00262678	     -0.01299390	      0.00000000	     -0.00000000	     -0.00000000
      1.34900000	      0.02155725	      0.00000000	     -0.00000000	     -0.02419919	      0.00012378	     -0.02040936	      0.00000000	      0.00000000	     -0.00000000
      1.35000000	      0.01714914	      0.00000000	      0.00000000	     -0.02162978	      0.00391984	     -0.01963235	     -0.00000000	     -0.00000000	      0.00000000
      1.35100000	      0.01847830	     -0.00000000	     -0.00000000	     -0.02961218	      0.00375482	     -0.02172106	      0.00000000	     -0.00000000	     -0.00000000
      1.35200000	      0.02819955	      0.00000000	      0.00000000	     -0.01863670	     -0.00428662	     -0.02197610	      0.00000000	      0.00000000	      0.00000000
      1.35300000	      0.02306008	      0.00000000	     -0.00000000	     -0.01704463	     -0.00197500	     -0.01997257	      0.00000000	     -0.00000000	      0.00000000
      1.35400000	      0.01805330	      0.00000000	      0.00000000	     -0.02128659	      0.00042439	     -0.01620931	      0.00000000	     -0.00000000	      0.00000000
      1.35500000	      0.01801705	      0.00000000	     -0.00000000	     -0.01785053	      0.00002646	     -0.01601956	      0.00000000	     -0.00000000	      0.00000000
      1.35600000	      0.01814925	      0.00000000	      0.00000000	     -0.01916234	     -0.00020755	     -0.01525089	     -0.00000000	      0.00000000	      0.00000000
      1.35700000	      0.01719095	      0.00000000	     -0.00000000	     -0.02954443	      0.00277979	     -0.01847765	     -0.00000000	      0.00000000	     -0.00000000
      1.35800000	      0.03043679	     -0.00000000	      0.00000000	     -0.01979542	     -0.00361060	     -0.02723180	     -0.00000000	      0.00000000	     -0.00000000
      1.35900000	      0.01739211	      0.00000000	      0.00000000	     -0.01158944	     -0.00371608	     -0.01119485	      0.00000000	      0.00000000	      0.00000000
      1.36000000	      0.02100577	     -0.00000000	     -0.00000000	     -0.01707792	     -0.00155517	     -0.01780152	     -0.00000000	     -0.00000000	     -0.00000000
      1.36100000	      0.03052935	     -0.00000000	     -0.00000000	     -0.02117770	     -0.00410256	     -0.02554207	      0.00000000	      0.00000000	      0.00000000
      1.36200000	      0.01763536	     -0.00000000	      0.00000000	     -0.02269261	      0.00299062	     -0.01889398	     -0.00000000	     -0.00000000	     -0.00000000
      1.36300000	      0.01659312	     -0.00000000	      0.00000000	     -0.03236482	      0.00480314	     -0.01998682	      0.00000000	      0.00000000	     -0.00000000
      1.36400000	      0.02202238	      0.00000000	      0.00000000	     -0.02880916	      0.00100636	     -0.02231635	     -0.00000000	      0.00000000	     -0.00000000
      1.36500000	      0.02261003	      0.00000000	      0.00000000	     -0.01941152	     -0.00120404	     -0.02008864	      0.00000000	     -0.00000000	     -0.00000000
      1.36600000	      0.02102626	      0.00000000	     -0.00000000	     -0.01595040	     -0.00088624	     -0.01912169	     -0.00000000	     -0.00000000	     -0.00000000
      1.36700000	      0.02538606	     -0.00000000	      0.00000000	     -0.01862649	     -0.00223000	     -0.02264877	     -0.00000000	     -0.00000000	     -0.00000000
      1.36800000	      0.02381175	     -0.00000000	      0.00000000	     -0.02744492	      0.00092886	     -0.02537107	      0.00000000	      0.00000000	     -0.00000000
      1.36900000	      0.02823953	     -0.00000000	     -0.00000000	     -0.01647039	     -0.00480623	     -0.02042572	     -0.00000000	     -0.00000000	     -0.00000000
      1.37000000	      0.03076225	      0.00000000	      0.00000000	     -0.02777630	     -0.00319430	     -0.02823139	     -0.00000000	      0.00000000	     -0.00000000
      1.37100000	      0.01812993	     -0.00000000	     -0.00000000	     -0.02672764	      0.00161260	     -0.01772324	     -0.00000000	     -0.00000000	     -0.00000000
      1.37200000	      0.01837778	      0.00000000	     -0.00000000	     -0.01462984	      0.00005947	     -0.01716787	     -0.00000000	     -0.00000000	      0.00000000
      1.37300000	      0.02223071	      0.00000000	     -0.00000000	     -0.02105767	      0.00061627	     -0.02266847	      0.00000000	     -0.00000000	     -0.00000000
      1.37400000	      0.01355347	     -0.00000000	      0.00000000	     -0.03737073	      0.00781650	     -0.01999704	      0.00000000	      0.00000000	      0.00000000
      1.37500000	      0.03268149	      0.00000000	     -0.00000000	     -0.02284080	     -0.00457211	     -0.02804362	     -0.00000000	      0.00000000	      0.00000000
      1.37600000	      0.01540778	     -0.00000000	      0.00000000	     -0.03053977	      0.00593220	     -0.01935139	      0.00000000	     -0.00000000	      0.00000000
      1.37700000	      0.03167947	     -0.00000000	      0.00000000	     -0.02501452	     -0.00398352	     -0.02747338	      0.00000000	     -0.00000000	     -0.00000000
      1.37800000	      0.02421422	      0.00000000	      0.00000000	     -0.02815373	     -0.00004948	     -0.02395307	     -0.00000000	      0.00000000	     -0.00000000
      1.37900000	      0.01508601	     -0.00000000	     -0.00000000	     -0.00946236	     -0.00367235	     -0.01050820	     -0.00000000	     -0.00000000	      0.00000000
      1.38000000	      0.02092901	      0.00000000	      0.00000000	     -0.03142515	      0.00177580	     -0.02204250	     -0.00000000	      0.00000000	      0.00000000
      1.38100000	      0.01862828	      0.00000000	      0.00000000	     -0.02651316	      0.00223738	     -0.01910465	     -0.00000000	      0.00000000	      0.00000000
      1.38200000	      0.02225229	     -0.00000000	      0.00000000	     -0.01863637	     -0.00000161	     -0.02190239	     -0.00000000	      0.00000000	     -0.00000000
      1.38300000	      0.02001102	     -0.00000000	      0.00000000	     -0.01579526	     -0.00264268	     -0.01446788	     -0.00000000	     -0.00000000	      0.00000000
      1.38400000	      0.02025908	     -0.00000000	      0.00000000	     -0.01645421	     -0.00162818	     -0.01621488	     -0.00000000	      0.00000000	     -0.00000000
      1.38500000	      0.02045612	     -0.00000000	      0.00000000	     -0.01398289	     -0.00134510	     -0.01801756	     -0.00000000	      0.00000000	      0.00000000
      1.38600000	      0.01921437	     -0.00000000	      0.00000000	     -0.02834896	      0.00206527	     -0.01981525	     -0.00000000	      0.00000000	      0.00000000
      1.38700000	      0.01771259	     -0.00000000	     -0.00000000	     -0.01548334	     -0.00044953	     -0.01548369	     -0.00000000	      0.00000000	     -0.00000000
      1.38800000	      0.02320984	      0.00000000	     -0.00000000	     -0.02564695	      0.00095400	     -0.02447221	     -0.00000000	     -0.00000000	     -0.00000000
      1.38900000	      0.03117474	     -0.00000000	     -0.00000000	     -0.01759048	     -0.00512864	     -0.02526984	      0.00000000	      0.00000000	     -0.00000000
      1.39000000	      0.01824127	     -0.00000000	     -0.00000000	     -0.02580495	      0.00227191	     -0.01859757	     -0.00000000	     -0.00000000	     -0.00000000
      1.39100000	      0.01894663	      0.00000000	     -0.00000000	     -0.01585338	     -0.00162098	     -0.01483174	      0.00000000	     -0.00000000	     -0.00000000
      1.39200000	      0.02706460	      0.00000000	     -0.00000000	     -0.02345454	     -0.00272887	     -0.02282136	     -0.00000000	     -0.00000000	     -0.00000000
      1.39300000	      0.01809414	     -0.00000000	      0.00000000	     -0.02116779	      0.00154876	     -0.01790092	     -0.00000000	      0.00000000	     -0.00000000
      1.39400000	      0.02072629	      0.00000000	     -0.00000000	     -0.02234801	      0.00057486	     -0.01995010	      0.00000000	      0.00000000	     -0.00000000
      1.39500000	      0.02956261	     -0.00000000	      0.00000000	     -0.02140018	     -0.00242759	     -0.02806354	     -0.00000000	      0.00000000	      0.00000000
      1.39600000	      0.01824827	      0.00000000	     -0.00000000	     -0.01559302	      0.00045255	     -0.01718922	      0.00000000	     -0.00000000	      0.00000000
      1.39700000	      0.01005832	     -0.00000000	      0.00000000	     -0.03294101	      0.01064155	     -0.01818185	      0.00000000	     -0.00000000	      0.00000000
      1.39800000	      0.01674471	     -0.00000000	      0.00000000	     -0.03432729	      0.00507310	     -0.02106138	      0.00000000	      0.00000000	      0.00000000
      1.39900000	      0.01773828	      0.00000000	     -0.00000000	     -0.02425280	      0.00293846	     -0.01888461	      0.00000000	      0.00000000	     -0.00000000
      1.40000000	      0.02928393	      0.00000000	      0.00000000	     -0.01763663	     -0.00434175	     -0.02415390	      0.00000000	      0.00000000	     -0.00000000
      1.40100000	      0.01856226	      0.00000000	     -0.00000000	     -0.01542556	      0.00055236	     -0.01768365	      0.00000000	      0.00000000	      0.00000000
      1.40200000	      0.02592607	     -0.00000000	     -0.00000000	     -0.02883108	     -0.00032305	     -0.02655487	     -0.00000000	      0.00000000	      0.00000000
      1.40300000	      0.01341954	      0.00000000	      0.00000000	     -0.02502466	      0.00798540	     -0.01898973	      0.00000000	      0.00000000	     -0.00000000
      1.40400000	      0.02728808	      0.00000000	      0.00000000	     -0.01753035	     -0.00418290	     -0.01979544	     -0.00000000	     -0.00000000	      0.00000000
      1.40500000	      0.03281870	     -0.00000000	      0.00000000	     -0.01997067	     -0.00461566	     -0.02854656	      0.00000000	     -0.00000000	     -0.00000000
      1.40600000	      0.01730112	      0.00000000	      0.00000000	     -0.01799484	     -0.00066017	     -0.01403909	     -0.00000000	     -0.00000000	      0.00000000
      1.40700000	      0.02001751	     -0.00000000	     -0.00000000	     -0.01638530	     -0.00091819	     -0.01744326	      0.00000000	      0.00000000	      0.00000000
      1.40800000	      0.02217499	      0.00000000	     -0.00000000	     -0.01678887	     -0.00211830	     -0.01827161	      0.00000000	      0.00000000	      0.00000000
      1.40900000	      0.01904275	      0.00000000	      0.00000000	     -0.01351581	     -0.00189543	     -0.01535678	     -0.00000000	     -0.00000000	     -0.00000000
      1.41000000	      0.01840342	      0.00000000	     -0.00000000	     -0.02510143	      0.00132325	     -0.01744361	      0.00000000	     -0.00000000	     -0.00000000
      1.41100000	      0.01893062	     -0.00000000	     -0.00000000	     -0.03302069	      0.00353534	     -0.02220808	      0.00000000	      0.00000000	     -0.00000000
      1.41200000	      0.02693139	     -0.00000000	     -0.00000000	     -0.01680530	     -0.00361367	     -0.02236028	     -0.00000000	     -0.00000000	     -0.00000000
      1.41300000	      0.01803751	     -0.00000000	      0.00000000	     -0.01761492	      0.00170209	     -0.01813045	      0.00000000	      0.00000000	      0.00000000
      1.41400000	      0.01546693	      0.00000000	     -0.00000000	     -0.03573651	      0.00625347	     -0.02123984	     -0.00000000	      0.00000000	     -0.00000000
      1.41500000	      0.01932737	     -0.00000000	      0.00000000	     -0.02075992	      0.00069571	     -0.01803577	      0.00000000	      0.00000000	      0.00000000
      1.41600000	      0.01725785	     -0.00000000	      0.00000000	     -0.03231626	      0.00465383	     -0.02120239	     -0.00000000	      0.00000000	     -0.00000000
      1.41700000	      0.02673220	      0.00000000	      0.00000000	     -0.02801591	     -0.00168446	     -0.02488163	     -0.00000000	     -0.00000000	     -0.00000000
      1.41800000	      0.01813727	      0.00000000	     -0.00000000	     -0.01325935	     -0.00263953	     -0.01327369	      0.00000000	     -0.00000000	      0.00000000
      1.41900000	      0.01591115	     -0.00000000	      0.00000000	     -0.02456894	      0.00533040	     -0.01921367	     -0.00000000	     -0.00000000	      0.00000000
      1.42000000	      0.02160039	      0.00000000	      0.00000000	     -0.02761629	      0.00089117	     -0.02168318	     -0.00000000	     -0.00000000	      0.00000000
      1.42100000	      0.02296566	      0.00000000	     -0.00000000	     -0.02264708	      0.00043800	     -0.02328087	     -0.00000000	      0.00000000	     -0.00000000
      1.42200000	      0.02033339	     -0.00000000	     -0.00000000	     -0.01603942	      0.00014927	     -0.01966662	      0.00000000	     -0.00000000	      0.00000000
      1.42300000	      0.01666266	     -0.00000000	     -0.00000000	     -0.02750333	      0.00457739	     -0.01959620	      0.00000000	     -0.00000000	     -0.00000000
      1.42400000	      0.02654896	     -0.00000000	     -0.00000000	     -0.02302021	     -0.00252985	     -0.02180777	     -0.00000000	      0.00000000	     -0.00000000
      1.42500000	      0.01804429	     -0.00000000	      0.00000000	     -0.02476761	      0.00115509	     -0.01747056	      0.00000000	      0.00000000	     -0.00000000
      1.42600000	      0.01981831	      0.00000000	     -0.00000000	     -0.03368659	      0.00306202	     -0.02292402	     -0.00000000	      0.00000000	      0.00000000
      1.42700000	      0.02727364	      0.00000000	      0.00000000	     -0.01699036	     -0.00360966	     -0.02292115	      0.00000000	     -0.00000000	     -0.00000000
      1.42800000	      0.01826266	      0.00000000	      0.00000000	     -0.02198400	      0.00072671	     -0.01658000	      0.00000000	     -0.00000000	     -0.00000000
      1.42900000	      0.01799563	     -0.00000000	      0.00000000	     -0.01739946	      0.00201425	     -0.01842249	      0.00000000	      0.00000000	     -0.00000000
      1.43000000	      0.01816202	      0.00000000	     -0.00000000	     -0.02171941	      0.00241423	     -0.01888997	     -0.00000000	     -0.00000000	      0.00000000
      1.43100000	      0.01423531	      0.00000000	     -0.00000000	     -0.02534052	      0.00719515	     -0.01926829	     -0.00000000	      0.00000000	     -0.00000000
      1.43200000	      0.01902930	     -0.00000000	     -0.00000000	     -0.02526250	      0.00268324	     -0.02063049	      0.00000000	      0.00000000	     -0.00000000
      1.43300000	      0.01520273	     -0.00000000	      0.00000000	     -0.03126549	      0.00653355	     -0.02097079	      0.00000000	     -0.00000000	     -0.00000000
      1.43400000	      0.02242229	      0.00000000	     -0.00000000	     -0.02003468	     -0.00131534	     -0.01950435	     -0.00000000	      0.00000000	      0.00000000
      1.43500000	      0.01494856	     -0.00000000	      0.00000000	     -0.02154027	      0.00658286	     -0.01899128	      0.00000000	      0.00000000	      0.00000000
      1.43600000	      0.01765807	     -0.00000000	     -0.00000000	     -0.01606829	     -0.00135738	     -0.01336628	     -0.00000000	     -0.00000000	     -0.00000000
      1.43700000	      0.01800789	      0.00000000	      0.00000000	     -0.01342351	     -0.00266260	     -0.01279509	      0.00000000	      0.00000000	     -0.00000000
      1.43800000	      0.01816699	     -0.00000000	      0.00000000	     -0.02373241	      0.00371760	     -0.02107745	      0.00000000	     -0.00000000	     -0.00000000
      1.43900000	      0.03222917	      0.00000000	     -0.00000000	     -0.02169611	     -0.00471754	     -0.02667298	     -0.00000000	     -0.00000000	      0.00000000
      1.44000000	      0.01704356	      0.00000000	      0.00000000	     -0.02465785	      0.00386841	     -0.01913326	      0.00000000	      0.00000000	      0.00000000
      1.44100000	      0.02082402	      0.00000000	      0.00000000	     -0.02049381	     -0.00081889	     -0.01774931	      0.00000000	     -0.00000000	      0.00000000
      1.44200000	      0.02034938	      0.00000000	      0.00000000	     -0.03526505	      0.00270304	     -0.02355557	      0.00000000	     -0.00000000	      0.00000000
      1.44300000	      0.01885789	      0.00000000	      0.00000000	     -0.01858059	     -0.00021416	     -0.01626029	      0.00000000	      0.00000000	     -0.00000000
      1.44400000	      0.01840307	     -0.00000000	     -0.00000000	     -0.02381136	      0.00025166	     -0.01715320	     -0.00000000	     -0.00000000	     -0.00000000
      1.44500000	      0.02737149	      0.00000000	      0.00000000	     -0.02565057	     -0.00226401	     -0.02375661	      0.00000000	      0.00000000	      0.00000000
      1.44600000	      0.02216059	      0.00000000	      0.00000000	     -0.02453483	      0.00116426	     -0.02331218	      0.00000000	     -0.00000000	      0.00000000
      1.44700000	      0.01684979	      0.00000000	     -0.00000000	     -0.01585335	     -0.00184274	     -0.01136597	      0.00000000	     -0.00000000	     -0.00000000
      1.44800000	      0.02939740	      0.00000000	     -0.00000000	     -0.01953074	     -0.00281995	     -0.02725677	     -0.00000000	     -0.00000000	     -0.00000000
      1.44900000	      0.01986309	     -0.00000000	      0.00000000	     -0.01455450	     -0.00080243	     -0.01796559	     -0.00000000	      0.00000000	     -0.00000000
      1.45000000	      0.01435688	      0.00000000	     -0.00000000	     -0.02813836	      0.00716766	     -0.01909951	     -0.00000000	      0.00000000	      0.00000000
      1.45100000	      0.01272674	      0.00000000	      0.00000000	     -0.03683099	      0.00858289	     -0.01927288	      0.00000000	     -0.00000000	     -0.00000000
      1.45200000	      0.01877204	     -0.00000000	     -0.00000000	     -0.02234712	      0.00196919	     -0.01912021	     -0.00000000	      0.00000000	      0.00000000
      1.45300000	      0.01603216	     -0.00000000	     -0.00000000	     -0.00892936	     -0.00333600	     -0.01247204	     -0.00000000	     -0.00000000	     -0.00000000
      1.45400000	      0.01949789	      0.00000000	      0.00000000	     -0.01374898	     -0.00141891	     -0.01679805	     -0.00000000	      0.00000000	     -0.00000000
      1.45500000	      0.01554868	      0.00000000	      0.00000000	     -0.02207077	      0.00578303	     -0.01970635	      0.00000000	      0.00000000	     -0.00000000
      1.45600000	      0.01866580	      0.00000000	      0.00000000	     -0.02160190	      0.00047144	     -0.01670250	      0.00000000	      0.00000000	     -0.00000000
      1.45700000	      0.00882505	      0.00000000	     -0.00000000	     -0.03804406	      0.01199843	     -0.01774791	      0.00000000	     -0.00000000	      0.00000000
      1.45800000	      0.01749899	      0.00000000	     -0.00000000	     -0.02829319	      0.00295838	     -0.01859580	      0.00000000	      0.00000000	     -0.00000000
      1.45900000	      0.02058987	     -0.00000000	      0.00000000	     -0.02463072	      0.00066522	     -0.01923113	     -0.00000000	      0.00000000	      0.00000000
      1.46000000	      0.01963524	      0.00000000	      0.00000000	     -0.01533081	     -0.00041308	     -0.01802619	     -0.00000000	      0.00000000	     -0.00000000
      1.46100000	      0.01823722	      0.00000000	      0.00000000	     -0.02452557	      0.00186289	     -0.01815659	     -0.00000000	     -0.00000000	     -0.00000000
      1.46200000	      0.01851893	     -0.00000000	     -0.00000000	     -0.02286843	      0.00094195	     -0.01824577	     -0.00000000	     -0.00000000	     -0.00000000
      1.46300000	      0.01526409	     -0.00000000	      0.00000000	     -0.02711473	      0.00615249	     -0.01951246	     -0.00000000	     -0.00000000	     -0.00000000
      1.46400000	      0.02249073	      0.00000000	     -0.00000000	     -0.01991671	     -0.00029050	     -0.02144434	      0.00000000	      0.00000000	     -0.00000000
      1.46500000	      0.02668076	     -0.00000000	      0.00000000	     -0.01857512	     -0.00200249	     -0.02496949	     -0.00000000	      0.00000000	      0.00000000
      1.46600000	      0.01455064	     -0.00000000	      0.00000000	     -0.00882802	     -0.00336156	     -0.01140461	      0.00000000	      0.00000000	      0.00000000
      1.46700000	      0.02034086	      0.00000000	     -0.00000000	     -0.02614603	      0.00133864	     -0.02001418	     -0.00000000	     -0.00000000	     -0.00000000
      1.46800000	      0.02333814	     -0.00000000	      0.00000000	     -0.01892631	     -0.00172885	     -0.02001899	     -0.00000000	      0.00000000	     -0.00000000
      1.46900000	      0.01877204	      0.00000000	      0.00000000	     -0.01687137	     -0.00085646	     -0.01547935	      0.00000000	      0.00000000	      0.00000000
      1.47000000	      0.00999837	     -0.00000000	     -0.00000000	     -0.02744944	      0.01098649	     -0.01744889	      0.00000000	     -0.00000000	     -0.00000000
      1.47100000	      0.01909640	      0.00000000	      0.00000000	     -0.02453886	      0.00295990	     -0.02128270	      0.00000000	      0.00000000	      0.00000000
      1.47200000	      0.02915584	      0.00000000	     -0.00000000	     -0.02237818	     -0.00287276	     -0.02639318	      0.00000000	     -0.00000000	     -0.00000000
      1.47300000	      0.01623198	      0.00000000	     -0.00000000	     -0.03437536	      0.00569696	     -0.02152932	      0.00000000	     -0.00000000	     -0.00000000
      1.47400000	      0.02653360	     -0.00000000	      0.00000000	     -0.02748084	     -0.00147316	     -0.02434360	      0.00000000	      0.00000000	     -0.00000000
      1.47500000	      0.01812284	      0.00000000	     -0.00000000	     -0.02096193	      0.00113026	     -0.01732233	     -0.00000000	     -0.00000000	      0.00000000
      1.47600000	      0.01478761	      0.00000000	     -0.00000000	     -0.02585967	      0.00664384	     -0.01948692	     -0.00000000	      0.00000000	      0.00000000
      1.47700000	      0.02002127	     -0.00000000	      0.00000000	     -0.01903765	     -0.00086579	     -0.01656597	      0.00000000	     -0.00000000	     -0.00000000
      1.47800000	      0.02057623	     -0.00000000	      0.00000000	     -0.02796421	      0.00249432	     -0.02297293	      0.00000000	     -0.00000000	      0.00000000
      1.47900000	      0.01679052	      0.00000000	     -0.00000000	     -0.01219890	     -0.00214019	     -0.01313226	     -0.00000000	     -0.00000000	     -0.00000000
      1.48000000	      0.01865821	      0.00000000	      0.00000000	     -0.02019470	      0.00295596	     -0.02084898	     -0.00000000	      0.00000000	     -0.00000000
      1.48100000	      0.01521873	     -0.00000000	      0.00000000	     -0.02156345	      0.00613504	     -0.01924627	     -0.00000000	      0.00000000	     -0.00000000
      1.48200000	      0.01833081	     -0.00000000	      0.00000000	     -0.02469773	      0.00264701	     -0.01927918	      0.00000000	      0.00000000	      0.00000000
      1.48300000	      0.02193388	     -0.00000000	     -0.00000000	     -0.02233629	      0.00111382	     -0.02290408	     -0.00000000	      0.00000000	     -0.00000000
      1.48400000	      0.01636620	     -0.00000000	     -0.00000000	     -0.03392798	      0.00540256	     -0.02091804	     -0.00000000	     -0.00000000	      0.00000000
      1.48500000	      0.01293156	     -0.00000000	      0.00000000	     -0.03682169	      0.00834486	     -0.01980858	      0.00000000	      0.00000000	     -0.00000000
      1.48600000	      0.01900476	      0.00000000	     -0.00000000	     -0.02205122	      0.00024992	     -0.01641207	     -0.00000000	      0.00000000	      0.00000000
      1.48700000	      0.00967867	      0.00000000	      0.00000000	     -0.02880294	      0.01133641	     -0.01735824	      0.00000000	      0.00000000	      0.00000000
      1.48800000	      0.01813897	     -0.00000000	     -0.00000000	     -0.01562961	     -0.00146037	     -0.01393756	      0.00000000	      0.00000000	     -0.00000000
      1.48900000	      0.02210414	     -0.00000000	      0.00000000	     -0.01459709	     -0.00281060	     -0.01783208	      0.00000000	      0.00000000	      0.00000000
      1.49000000	      0.02434701	     -0.00000000	      0.00000000	     -0.01476588	     -0.00264512	     -0.02128398	     -0.00000000	      0.00000000	     -0.00000000
      1.49100000	      0.01743506	     -0.00000000	     -0.00000000	     -0.02453688	      0.00321255	     -0.01884083	     -0.00000000	     -0.00000000	      0.00000000
      1.49200000	      0.02700047	      0.00000000	      0.00000000	     -0.02180839	     -0.00241877	     -0.02381160	      0.00000000	      0.00000000	      0.00000000
      1.49300000	      0.01811940	     -0.00000000	      0.00000000	     -0.01791343	      0.00115202	     -0.01754432	      0.00000000	      0.00000000	      0.00000000
      1.49400000	      0.01634861	      0.00000000	      0.00000000	     -0.01561221	     -0.00188262	     -0.01064434	      0.00000000	      0.00000000	     -0.00000000
      1.49500000	      0.01861976	     -0.00000000	     -0.00000000	     -0.03603544	      0.00387823	     -0.02259877	     -0.00000000	     -0.00000000	     -0.00000000
      1.49600000	      0.01867325	      0.00000000	      0.00000000	     -0.02325690	      0.00092671	     -0.01856657	      0.00000000	      0.00000000	     -0.00000000
      1.49700000	      0.02291560	     -0.00000000	      0.00000000	     -0.01942940	      0.00062253	     -0.02391636	     -0.00000000	      0.00000000	      0.00000000
      1.49800000	      0.01769246	      0.00000000	      0.00000000	     -0.02314926	      0.00317020	     -0.01940818	      0.00000000	      0.00000000	      0.00000000
      1.49900000	      0.02127819	     -0.00000000	     -0.00000000	     -0.02126899	     -0.00043165	     -0.01898005	     -0.00000000	     -0.00000000	      0.00000000
      1.50000000	      0.01531835	      0.00000000	      0.00000000	     -0.02397966	      0.00607597	     -0.01916514	     -0.00000000	      0.00000000	      0.00000000
      1.50100000	      0.01411931	     -0.00000000	     -0.00000000	     -0.03256894	      0.00727817	     -0.01923416	     -0.00000000	     -0.00000000	      0.00000000
      1.50200000	      0.02444913	     -0.00000000	     -0.00000000	     -0.02062258	     -0.00203476	     -0.02049580	      0.00000000	     -0.00000000	     -0.00000000
      1.50300000	      0.02546217	     -0.00000000	      0.00000000	     -0.02179686	     -0.00233354	     -0.02069363	     -0.00000000	      0.00000000	      0.00000000
      1.50400000	      0.01151557	     -0.00000000	      0.00000000	     -0.03266801	      0.01044379	     -0.01836749	      0.00000000	      0.00000000	     -0.00000000
      1.50500000	      0.02047127	      0.00000000	      0.00000000	     -0.02701479	      0.00191800	     -0.02146205	     -0.00000000	      0.00000000	      0.00000000
      1.50600000	      0.01696726	     -0.00000000	     -0.00000000	     -0.02049616	      0.00428833	     -0.01927735	     -0.00000000	     -0.00000000	      0.00000000
      1.50700000	      0.01747326	     -0.00000000	      0.00000000	     -0.02347653	      0.00357285	     -0.01943832	      0.00000000	     -0.00000000	      0.00000000
      1.50800000	      0.01703984	     -0.00000000	     -0.00000000	     -0.03107604	      0.00502067	     -0.02153857	      0.00000000	      0.00000000	     -0.00000000
      1.50900000	      0.01404981	      0.00000000	     -0.00000000	     -0.02732081	      0.00738315	     -0.01943259	     -0.00000000	      0.00000000	     -0.00000000
      1.51000000	      0.01541917	     -0.00000000	      0.00000000	     -0.01028771	     -0.00245834	     -0.01260889	      0.00000000	      0.00000000	      0.00000000
      1.51100000	      0.02274452	     -0.00000000	     -0.00000000	     -0.02392731	      0.00066880	     -0.02323607	     -0.00000000	     -0.00000000	      0.00000000
      1.51200000	      0.01954338	     -0.00000000	      0.00000000	     -0.02272088	      0.00022487	     -0.01710892	     -0.00000000	     -0.00000000	     -0.00000000
      1.51300000	      0.01354932	     -0.00000000	     -0.00000000	     -0.02958614	      0.00778612	     -0.01997983	     -0.00000000	     -0.00000000	      0.00000000
      1.51400000	      0.01785303	     -0.00000000	      0.00000000	     -0.01793421	      0.00246123	     -0.01870396	      0.00000000	     -0.00000000	      0.00000000
      1.51500000	      0.01916142	     -0.00000000	      0.00000000	     -0.02533563	      0.00180077	     -0.01900685	      0.00000000	      0.00000000	      0.00000000
      1.51600000	      0.01674967	     -0.00000000	     -0.00000000	     -0.02716075	      0.00509729	     -0.02093267	     -0.00000000	      0.00000000	     -0.00000000
      1.51700000	      0.01868259	     -0.00000000	      0.00000000	     -0.01865063	     -0.00089792	     -0.01490314	      0.00000000	      0.00000000	     -0.00000000
      1.51800000	      0.02049308	     -0.00000000	      0.00000000	     -0.01897438	     -0.00044213	     -0.01807015	     -0.00000000	      0.00000000	     -0.00000000
      1.51900000	      0.01734054	      0.00000000	     -0.00000000	     -0.01159724	     -0.00273214	     -0.01269164	     -0.00000000	      0.00000000	     -0.00000000
      1.52000000	      0.01545941	      0.00000000	      0.00000000	     -0.00946029	     -0.00259958	     -0.01317216	      0.00000000	      0.00000000	      0.00000000
      1.52100000	      0.01814700	     -0.00000000	      0.00000000	     -0.02127463	      0.00047559	     -0.01654823	      0.00000000	      0.00000000	      0.00000000
      1.52200000	      0.01786444	      0.00000000	      0.00000000	     -0.01750812	      0.00320043	     -0.01940661	      0.00000000	     -0.00000000	      0.00000000
      1.52300000	      0.02141997	     -0.00000000	     -0.00000000	     -0.02107584	      0.00188336	     -0.02355539	      0.00000000	      0.00000000	     -0.00000000
      1.52400000	      0.01855334	     -0.00000000	     -0.00000000	     -0.02519752	      0.00419734	     -0.02264711	     -0.00000000	     -0.00000000	     -0.00000000
      1.52500000	      0.01573619	      0.00000000	     -0.00000000	     -0.02549972	      0.00561480	     -0.01915997	      0.00000000	     -0.00000000	      0.00000000
      1.52600000	      0.01687104	     -0.00000000	     -0.00000000	     -0.02134406	      0.00412598	     -0.01930061	      0.00000000	     -0.00000000	      0.00000000
      1.52700000	      0.01904373	      0.00000000	      0.00000000	     -0.02274235	      0.00129571	     -0.01835013	     -0.00000000	     -0.00000000	      0.00000000
      1.52800000	      0.02048943	     -0.00000000	      0.00000000	     -0.01587454	     -0.00173800	     -0.01652208	     -0.00000000	     -0.00000000	     -0.00000000
      1.52900000	      0.01832290	      0.00000000	     -0.00000000	     -0.01298844	     -0.00021752	     -0.01694061	     -0.00000000	      0.00000000	     -0.00000000
      1.53000000	      0.02063867	     -0.00000000	      0.00000000	     -0.01756243	     -0.00034352	     -0.01889722	      0.00000000	      0.00000000	      0.00000000
      1.53100000	      0.02582708	     -0.00000000	     -0.00000000	     -0.01494630	     -0.00247741	     -0.02368984	      0.00000000	      0.00000000	     -0.00000000
      1.53200000	      0.01675952	     -0.00000000	      0.00000000	     -0.01060318	     -0.00167165	     -0.01484895	      0.00000000	     -0.00000000	     -0.00000000
      1.53300000	      0.01397227	      0.00000000	     -0.00000000	     -0.02893689	      0.00751674	     -0.01934324	      0.00000000	      0.00000000	      0.00000000
      1.53400000	      0.01791850	     -0.00000000	      0.00000000	     -0.03282041	      0.00451697	     -0.02227603	     -0.00000000	     -0.00000000	     -0.00000000
      1.53500000	      0.01812281	      0.00000000	     -0.00000000	     -0.02226323	      0.00090595	     -0.01660620	      0.00000000	     -0.00000000	     -0.00000000
      1.53600000	      0.01718870	      0.00000000	      0.00000000	     -0.02358933	      0.00346231	     -0.01883289	      0.00000000	     -0.00000000	     -0.00000000
      1.53700000	      0.02279339	     -0.00000000	     -0.00000000	     -0.01922007	     -0.00065429	     -0.02136159	     -0.00000000	     -0.00000000	      0.00000000
      1.53800000	      0.02128852	      0.00000000	     -0.00000000	     -0.01908838	      0.00105989	     -0.02210907	      0.00000000	      0.00000000	      0.00000000
      1.53900000	      0.01805009	      0.00000000	     -0.00000000	     -0.02082735	     -0.00016475	     -0.01473557	     -0.00000000	     -0.00000000	     -0.00000000
      1.54000000	      0.01896810	     -0.00000000	     -0.00000000	     -0.02395252	      0.00002259	     -0.01828201	     -0.00000000	     -0.00000000	      0.00000000
      1.54100000	      0.00890187	      0.00000000	     -0.00000000	     -0.03219579	      0.01217295	     -0.01721316	     -0.00000000	     -0.00000000	      0.00000000
      1.54200000	      0.00871948	     -0.00000000	      0.00000000	     -0.02564571	      0.01248887	     -0.01618630	      0.00000000	     -0.00000000	     -0.00000000
      1.54300000	      0.01357716	     -0.00000000	     -0.00000000	     -0.02408648	      0.00814576	     -0.01866833	      0.00000000	      0.00000000	      0.00000000
      1.54400000	      0.01771055	     -0.00000000	      0.00000000	     -0.01836598	      0.00279084	     -0.01885262	      0.00000000	      0.00000000	     -0.00000000
      1.54500000	      0.01903288	     -0.00000000	      0.00000000	     -0.01754768	     -0.00131028	     -0.01432879	     -0.00000000	     -0.00000000	     -0.00000000
      1.54600000	      0.01729498	     -0.00000000	     -0.00000000	     -0.02729398	      0.00380127	     -0.01939820	     -0.00000000	      0.00000000	     -0.00000000
      1.54700000	      0.00970872	     -0.00000000	     -0.00000000	     -0.03211911	      0.01215286	     -0.01752597	     -0.00000000	     -0.00000000	     -0.00000000
      1.54800000	      0.01775433	     -0.00000000	     -0.00000000	     -0.03104796	      0.00448970	     -0.02181528	      0.00000000	      0.00000000	      0.00000000
      1.54900000	      0.02140667	     -0.00000000	     -0.00000000	     -0.02974827	      0.00173279	     -0.02276992	     -0.00000000	     -0.00000000	     -0.00000000
      1.55000000	      0.02334126	      0.00000000	     -0.00000000	     -0.01578769	     -0.00203232	     -0.02057897	      0.00000000	     -0.00000000	     -0.00000000
      1.55100000	      0.01966690	     -0.00000000	      0.00000000	     -0.03035779	      0.00295920	     -0.02221775	      0.00000000	      0.00000000	     -0.00000000
      1.55200000	      0.02221164	     -0.00000000	     -0.00000000	     -0.02026002	     -0.00055189	     -0.02027762	      0.00000000	     -0.00000000	     -0.00000000
      1.55300000	      0.02060176	      0.00000000	      0.00000000	     -0.02691271	      0.00146200	     -0.02060923	     -0.00000000	      0.00000000	      0.00000000
      1.55400000	      0.01674212	     -0.00000000	     -0.00000000	     -0.00961199	     -0.00261940	     -0.01411146	     -0.00000000	     -0.00000000	      0.00000000
      1.55500000	      0.01864087	     -0.00000000	     -0.00000000	     -0.01853488	      0.00018607	     -0.01723096	     -0.00000000	     -0.00000000	     -0.00000000
      1.55600000	      0.01801127	      0.00000000	     -0.00000000	     -0.02976435	      0.00382084	     -0.02075950	     -0.00000000	     -0.00000000	     -0.00000000
      1.55700000	      0.02706711	     -0.00000000	      0.00000000	     -0.02568225	     -0.00117240	     -0.02640570	     -0.00000000	      0.00000000	      0.00000000
      1.55800000	      0.01385624	      0.00000000	     -0.00000000	     -0.02540124	      0.00794109	     -0.01880899	     -0.00000000	      0.00000000	      0.00000000
      1.55900000	      0.01096009	     -0.00000000	     -0.00000000	     -0.03303321	      0.01042359	     -0.01833373	     -0.00000000	     -0.00000000	      0.00000000
      1.56000000	      0.01743282	      0.00000000	      0.00000000	     -0.02490361	      0.00323507	     -0.01886565	     -0.00000000	      0.00000000	     -0.00000000
      1.56100000	      0.01906252	     -0.00000000	      0.00000000	     -0.02218606	      0.00316225	     -0.02174661	      0.00000000	     -0.00000000	     -0.00000000
      1.56200000	      0.01803349	     -0.00000000	      0.00000000	     -0.02534562	      0.00188406	     -0.01763701	     -0.00000000	      0.00000000	      0.00000000
      1.56300000	      0.01737909	      0.00000000	     -0.00000000	     -0.01721409	     -0.00089092	     -0.01354481	     -0.00000000	      0.00000000	     -0.00000000
      1.56400000	      0.01205807	     -0.00000000	     -0.00000000	     -0.02272757	      0.00975837	     -0.01779001	      0.00000000	      0.00000000	     -0.00000000
      1.56500000	      0.01944765	     -0.00000000	     -0.00000000	     -0.01201780	     -0.00115838	     -0.01789002	     -0.00000000	     -0.00000000	     -0.00000000
      1.56600000	      0.01691912	     -0.00000000	      0.00000000	     -0.02278554	      0.00396771	     -0.01900939	     -0.00000000	      0.00000000	      0.00000000
      1.56700000	      0.01657789	      0.00000000	     -0.00000000	     -0.01696833	     -0.00122244	     -0.01215285	     -0.00000000	      0.00000000	     -0.00000000
      1.56800000	      0.01741466	      0.00000000	      0.00000000	     -0.01736033	      0.00339787	     -0.01939704	      0.00000000	      0.00000000	     -0.00000000
      1.56900000	      0.01766671	      0.00000000	      0.00000000	     -0.02484801	      0.00342915	     -0.01993903	      0.00000000	      0.00000000	      0.00000000
      1.57000000	      0.01103652	     -0.00000000	     -0.00000000	     -0.02924791	      0.01001959	     -0.01830866	     -0.00000000	      0.00000000	     -0.00000000
      1.57100000	      0.00720771	      0.00000000	      0.00000000	     -0.03060545	      0.01411468	     -0.01581944	      0.00000000	      0.00000000	      0.00000000
      1.57200000	      0.01942860	     -0.00000000	      0.00000000	     -0.01432631	      0.00099373	     -0.01998027	      0.00000000	      0.00000000	      0.00000000
      1.57300000	      0.01832497	      0.00000000	     -0.00000000	     -0.01909762	      0.00180466	     -0.01870507	     -0.00000000	     -0.00000000	     -0.00000000
      1.57400000	      0.01815513	      0.00000000	     -0.00000000	     -0.02012124	      0.00326689	     -0.02048597	     -0.00000000	     -0.00000000	     -0.00000000
      1.57500000	      0.01915428	     -0.00000000	      0.00000000	     -0.01407158	     -0.00139145	     -0.01625295	     -0.00000000	     -0.00000000	      0.00000000
