FiberPassivePower
version=1
nRows=1575
nColumns=10
inDegrees=no

This analysis gathers basic information about muscles during a simulation (e.g., forces, tendon lengths, moment arms, etc).
Units are S.I. units (second, meters, Newtons, ...)
If the header above contains a line with 'inDegrees', this indicates whether rotational values are in degrees (yes) or radians (no).

endheader
time	bflh_r	bfsh_r	gasmed_r	glmax2_r	iliacus_r	recfem_r	soleus_r	tibant_r	vasmed_r
      0.00100000	     -0.00000000	     -0.00000000	     -0.00000000	      0.00000000	      0.00000000	     -0.00000000	     -0.00000000	     -0.00000000	     -0.00000000
      0.00200000	     -0.00000000	    196.36086392	     -0.00000000	      0.00000000	     -0.00000000	     -0.00000000	     -0.00000000	      0.00000000	     -0.00000000
      0.00300000	     -0.00000000	     -0.00000000	     -0.00000000	     -0.00000000	      0.00000000	     -0.00000000	     -0.00000000	     -0.00000000	     -0.00000000
      0.00400000	     -0.00000000	    -12.30570599	     -0.00000000	     11.45202610	     -0.00000000	     -0.00000000	     -0.00000000	      0.00000000	     -0.00000000
      0.00500000	     -0.00000000	      0.00000000	     -0.00000000	      0.00000000	     -0.00000000	     -0.00000000	     -0.00000000	      0.00000000	     -0.00000000
      0.00600000	     -0.00000000	     -1.54294220	     -0.00000000	  -2725.83163322	      0.00000000	     -0.00000000	     -0.00000000	      0.00000000	     -0.00000000
      0.00700000	     -0.00000000	      6.62840522	     -0.00000000	   1482.38246296	     -0.00000000	      0.00000000	     -0.00000000	      0.00000000	     -0.00000000
      0.00800000	     -0.00000000	     -0.00000000	     -0.00000000	    165.18501297	     -0.00000000	     -0.00000000	     -0.00000000	     -0.00000000	     -0.00000000
      0.00900000	     -0.00000000	      0.00000000	     -0.00000000	     -0.00000000	      0.00000000	     -0.00000000	     -0.00000000	      0.00000000	     -0.00000000
      0.01000000	     -0.00000000	      0.00279693	     -0.00000000	     19.18252639	     -0.00000000	     -0.00000000	     -0.00000000	      0.00000000	     -0.00000000
      0.01100000	     -0.00000000	    -20.70751892	     -0.00000000	     -0.00000000	      0.00000000	     -0.00000000	     -0.00000000	     -0.00000000	     -0.00000000
      0.01200000	     -0.00000000	     -0.00000000	     -0.00000000	  -3350.07210943	      0.00000000	     -0.00000000	     -0.00000000	     -0.00000000	     -0.00000000
      0.01300000	     -0.00000000	     -0.00000000	     -0.00000000	    185.60565007	     -0.00000000	     -0.00000000	     -0.00000000	      0.00000000	     -0.00000000
      0.01400000	     -0.00000000	      0.00000000	     -0.00000000	     -0.00960005	      0.00000000	     -0.00000000	     -0.00000000	      0.00000000	     -0.00000000
      0.01500000	     -0.00000000	     -3.66513020	     -0.00000000	   1968.72873452	     -0.00000000	     -0.00000000	     -0.00000000	      0.00000000	     -0.00000000
      0.01600000	     -0.00000000	      0.00000000	     -0.00000000	     12.03453446	      0.00000000	     -0.00000000	     -0.00000000	      0.00000000	     -0.00000000
      0.01700000	     -0.00000000	     48.17825049	     -0.00000000	    336.85932649	     -0.00000000	      0.00000000	     -0.00000000	      0.00000000	     -0.00000000
      0.01800000	     -0.00000000	      0.00000000	     -0.00000000	     -0.00000000	     -0.00000000	     -0.00000000	     -0.00000000	     -0.00000000	     -0.00000000
      0.01900000	     -0.00000000	      0.00000000	     -0.00000000	  -6163.22069547	      0.00000000	     -0.00000000	     -0.00000000	      0.00000000	     -0.00000000
      0.02000000	     -0.00000000	     -0.00000000	     -0.00000000	   3628.20564610	     -0.00000000	     -0.00000000	     -0.00000000	      0.00000000	     -0.00000000
      0.02100000	     -0.00000000	     -0.00958184	     -0.00000000	   -908.02872795	      0.00000000	     -0.00000000	     -0.00000000	      0.00000000	     -0.00000000
      0.02200000	     -0.00000000	      0.00000000	     -0.00000000	   2092.84345726	     -0.00000000	     -0.00000000	     -0.00000000	      0.00000000	     -0.00000000
      0.02300000	     -0.00000000	      0.00000000	     -0.00000000	      0.00000000	     -0.00000000	     -0.00000000	     -0.00000000	      0.00000000	     -0.00000000
      0.02400000	     -0.00000000	     -0.00000000	     -0.00000000	   -932.36010587	      0.00000000	     -0.00000000	     -0.00000000	      0.00000000	     -0.00000000
      0.02500000	     -0.00000000	      0.00000000	     -0.00000000	   1672.49306969	     -0.00000000	     -0.00000000	     -0.00000000	      0.00000000	     -0.00000000
      0.02600000	     -0.00000000	      0.00000000	     -0.00000000	      0.00000000	      0.00000000	     -0.00000000	     -0.00000000	      0.00000000	     -0.00000000
      0.02700000	     -0.00000000	     -0.00000000	     -0.00000000	     -0.00000000	      0.00000000	     -0.00000000	     -0.00000000	      0.00000000	     -0.00000000
      0.02800000	     -0.00000000	     10.72879368	     -0.00000000	      0.00000000	     -0.00000000	     -0.00000000	     -0.00000000	      0.00000000	     -0.00000000
      0.02900000	     -0.00000000	      0.00000000	     -0.00000000	     -0.00000000	      0.00000000	     -0.00000000	     -0.00000000	      0.00000000	     -0.00000000
      0.03000000	     -0.00000000	     -0.00000000	     -0.00000000	   1468.62642876	     -0.00000000	     -0.00000000	     -0.00000000	      0.00000000	     -0.00000000
      0.03100000	     -0.00000000	      0.00000000	     -0.00000000	      0.00000000	     -0.00000000	     -0.00000000	     -0.00000000	      0.00000000	     -0.00000000
      0.03200000	     -0.00000000	      0.00000000	     -0.00000000	     -0.00000000	      0.00000000	     -0.00000000	     -0.00000000	     -0.00000000	     -0.00000000
      0.03300000	     -0.00000000	     -0.00000000	     -0.00000000	   -575.91697106	      0.00000000	     -0.00000000	     -0.00000000	      0.00000000	     -0.00000000
      0.03400000	     -0.00000000	     -0.00188264	     -0.00000000	   1667.61578610	     -0.00000000	     -0.00000000	     -0.00000000	     -0.00000000	     -0.00000000
      0.03500000	     -0.00000000	     61.47093629	     -0.00000000	     -0.00000000	      0.00000000	     -0.00000000	     -0.00000000	      0.00000000	     -0.00000000
      0.03600000	     -0.00000000	     -0.00000000	     -0.00000000	  -2453.97222375	      0.00000000	     -0.00000000	     -0.00000000	     -0.00000000	     -0.00000000
      0.03700000	     -0.00000000	    -17.29490434	     -0.00000000	   1571.81623157	     -0.00000000	      0.00000000	     -0.00000000	      0.00000000	     -0.00000000
      0.03800000	     -0.00000000	      0.00000000	     -0.00000000	      0.00000000	     -0.00000000	     -0.00000000	     -0.00000000	     -0.00000000	     -0.00000000
      0.03900000	     -0.00000000	     -0.00000000	     -0.00000000	    -10.08191093	      0.00000000	     -0.00000000	     -0.00000000	     -0.00000000	     -0.00000000
      0.04000000	     -0.00000000	      0.00000000	     -0.00000000	  -2263.47577559	      0.00000000	     -0.00000000	     -0.00000000	     -0.00000000	     -0.00000000
      0.04100000	     -0.00000000	     -0.00000000	     -0.00000000	   -105.81694939	      0.00000000	     -0.00000000	     -0.00000000	      0.00000000	     -0.00000000
      0.04200000	     -0.00000000	      1.64513755	     -0.00000000	   2969.65331183	     -0.00000000	     -0.00000000	     -0.00000000	      0.00000000	     -0.00000000
      0.04300000	     -0.00000000	     -0.02007412	     -0.00000000	      0.00000000	     -0.00000000	     -0.00000000	     -0.00000000	      0.00000000	     -0.00000000
      0.04400000	     -0.00000000	      0.58149784	     -0.00000000	  -1199.25954444	      0.00000000	     -0.00000000	     -0.00000000	      0.00000000	     -0.00000000
      0.04500000	     -0.00000000	      0.00000000	     -0.00000000	     88.67170740	     -0.00000000	     -0.00000000	     -0.00000000	      0.00000000	     -0.00000000
      0.04600000	     -0.00000000	     -0.44933162	     -0.00000000	     -0.00000000	     -0.00000000	     -0.00000000	     -0.00000000	      0.00000000	     -0.00000000
      0.04700000	     -0.00000000	      0.00000000	     -0.00000000	   -292.88302790	      0.00000000	     -0.00000000	     -0.00000000	      0.00000000	     -0.00000000
      0.04800000	     -0.00000000	      0.00000000	     -0.00000000	    927.32434648	     -0.00000000	     -0.00000000	     -0.00000000	     -0.00000000	     -0.00000000
      0.04900000	     -0.00000000	      0.00000000	     -0.00000000	    -30.12964013	      0.00000000	     -0.00000000	     -0.00000000	     -0.00000000	     -0.00000000
      0.05000000	     -0.00000000	      6.36296981	     -0.00000000	  -1014.38588743	      0.00000000	     -0.00000000	     -0.00000000	      0.00000000	     -0.00000000
      0.05100000	     -0.00000000	      0.00000000	     -0.00000000	    653.72833472	     -0.00000000	     -0.00000000	     -0.00000000	     -0.00000000	     -0.00000000
      0.05200000	     -0.00000000	     -0.00000000	     -0.00000000	      0.00000000	     -0.00000000	     -0.00000000	     -0.00000000	     -0.00000000	     -0.00000000
      0.05300000	     -0.00000000	      0.00000000	     -0.00000000	     -0.00000000	      0.00000000	     -0.00000000	     -0.00000000	      0.00000000	     -0.00000000
      0.05400000	     -0.00000000	     -0.00000000	     -0.00000000	      0.64755624	     -0.00000000	     -0.00000000	     -0.00000000	     -0.00000000	     -0.00000000
      0.05500000	     -0.00000000	     31.16219435	     -0.00000000	     -0.00000000	      0.00000000	     -0.00000000	     -0.00000000	      0.00000000	     -0.00000000
      0.05600000	     -0.00000000	     -8.23413623	     -0.00000000	   -973.38264954	      0.00000000	     -0.00000000	     -0.00000000	      0.00000000	     -0.00000000
      0.05700000	     -0.00000000	      0.00000000	     -0.00000000	    342.31656034	     -0.00000000	     -0.00000000	     -0.00000000	      0.00000000	     -0.00000000
      0.05800000	     -0.00000000	      0.00000000	     -0.00000000	    480.77267976	     -0.00000000	     -0.00000000	     -0.00000000	      0.00000000	     -0.00000000
      0.05900000	     -0.00000000	     -3.37098016	     -0.00000000	     22.84922267	     -0.00000000	     -0.00000000	     -0.00000000	      0.00000000	     -0.00000000
      0.06000000	     -0.00000000	      0.00000000	     -0.00000000	      0.00002703	     -0.00000000	     -0.00000000	     -0.00000000	     -0.00000000	     -0.00000000
      0.06100000	     -0.00000000	     -0.00000000	     -0.00000000	      0.00000000	     -0.00000000	     -0.00000000	     -0.00000000	      0.00000000	     -0.00000000
      0.06200000	     -0.00000000	      0.00000000	     -0.00000000	     -0.00000000	     -0.00000000	     -0.00000000	     -0.00000000	      0.00000000	     -0.00000000
      0.06300000	     -0.00000000	     -0.00000000	     -0.00000000	     -0.00000000	      0.00000000	     -0.00000000	     -0.00000000	     -0.00000000	     -0.00000000
      0.06400000	     -0.00000000	      0.00000000	     -0.00000000	     -0.00000000	      0.00000000	     -0.00000000	     -0.00000000	      0.00000000	     -0.00000000
      0.06500000	     -0.00000000	      0.75433209	     -0.00000000	     -1.07319784	      0.00000000	     -0.00000000	     -0.00000000	      0.00000000	     -0.00000000
      0.06600000	     -0.00000000	     -0.56632079	     -0.00000000	    201.32379386	     -0.00000000	      0.00000000	     -0.00000000	      0.00000000	     -0.00000000
      0.06700000	     -0.00000000	     -0.45080269	     -0.00000000	     -0.00000000	      0.00000000	     -0.00000000	     -0.00000000	      0.00000000	     -0.00000000
      0.06800000	     -0.00000000	      0.00000000	     -0.00000000	  -2208.14608487	      0.00000000	     -0.00000000	     -0.00000000	      0.00000000	     -0.00000000
      0.06900000	     -0.00000000	     -0.00000000	     -0.00000000	    991.58820057	     -0.00000000	     -0.00000000	     -0.00000000	      0.00000000	     -0.00000000
      0.07000000	     -0.00000000	      0.00000000	     -0.00000000	  -2494.23290917	      0.00000000	     -0.00000000	     -0.00000000	     -0.00000000	     -0.00000000
      0.07100000	     -0.00000000	      0.00000000	     -0.00000000	   2825.60921843	     -0.00000000	     -0.00000000	     -0.00000000	      0.00000000	     -0.00000000
      0.07200000	     -0.00000000	     -0.00000000	     -0.00000000	   -257.15247113	      0.00000000	     -0.00000000	     -0.00000000	      0.00000000	     -0.00000000
      0.07300000	     -0.00000000	     -0.04065834	     -0.00000000	   1312.11819343	     -0.00000000	     -0.00000000	     -0.00000000	     -0.00000000	     -0.00000000
      0.07400000	     -0.00000000	     57.71970624	     -0.00000000	     -0.00000000	      0.00000000	     -0.00000000	     -0.00000000	      0.00000000	     -0.00000000
      0.07500000	     -0.00000000	      0.00000000	     -0.00000000	  -4012.74655591	      0.00000000	     -0.00000000	     -0.00000000	      0.00000000	     -0.00000000
      0.07600000	     -0.00000000	     -0.00000000	     -0.00000000	   2451.53532115	     -0.00000000	     -0.00000000	     -0.00000000	     -0.00000000	     -0.00000000
      0.07700000	     -0.00000000	      0.00000000	     -0.00000000	      0.00000000	     -0.00000000	     -0.00000000	     -0.00000000	     -0.00000000	     -0.00000000
      0.07800000	     -0.00000000	     -0.00000000	     -0.00000000	     -0.00000000	      0.00000000	     -0.00000000	     -0.00000000	      0.00000000	     -0.00000000
      0.07900000	     -0.00000000	     -0.66153982	     -0.00000000	  -2198.64256588	      0.00000000	     -0.00000000	     -0.00000000	     -0.00000000	     -0.00000000
      0.08000000	     -0.00000000	      0.00000000	     -0.00000000	   -434.66541135	      0.00000000	     -0.00000000	     -0.00000000	     -0.00000000	     -0.00000000
      0.08100000	     -0.00000000	      0.00000000	     -0.00000000	   3114.98115218	     -0.00000000	     -0.00000000	     -0.00000000	      0.00000000	     -0.00000000
      0.08200000	     -0.00000000	     -0.00000000	     -0.00000000	     -0.00000000	      0.00000000	     -0.00000000	     -0.00000000	     -0.00000000	     -0.00000000
      0.08300000	     -0.00000000	    -14.32074112	     -0.00000000	    662.62709828	     -0.00000000	     -0.00000000	     -0.00000000	      0.00000000	     -0.00000000
      0.08400000	     -0.00000000	     44.97582758	     -0.00000000	     -0.00000000	      0.00000000	     -0.00000000	     -0.00000000	     -0.00000000	     -0.00000000
      0.08500000	     -0.00000000	      0.26801521	     -0.00000000	  -2060.18265085	      0.00000000	     -0.00000000	     -0.00000000	      0.00000000	     -0.00000000
      0.08600000	     -0.00000000	    -28.73666862	     -0.00000000	      0.00000000	     -0.00000000	     -0.00000000	     -0.00000000	      0.00000000	     -0.00000000
      0.08700000	     -0.00000000	     46.14010602	     -0.00000000	     -0.00000000	      0.00000000	     -0.00000000	     -0.00000000	      0.00000000	     -0.00000000
      0.08800000	     -0.00000000	     -0.00000000	     -0.00000000	     26.88650666	     -0.00000000	     -0.00000000	     -0.00000000	      0.00000000	     -0.00000000
      0.08900000	     -0.00000000	      0.00000000	     -0.00000000	   -411.30694174	     -0.00000000	     -0.00000000	     -0.00000000	      0.00000000	     -0.00000000
      0.09000000	     -0.00000000	     -0.00000000	     -0.00000000	      0.00000000	     -0.00000000	     -0.00000000	     -0.00000000	      0.00000000	     -0.00000000
      0.09100000	     -0.00000000	      6.98867971	     -0.00000000	     -0.00000000	      0.00000000	     -0.00000000	     -0.00000000	      0.00000000	     -0.00000000
      0.09200000	     -0.00000000	      0.00000000	     -0.00000000	     -3.40275109	      0.00000000	     -0.00000000	     -0.00000000	     -0.00000000	     -0.00000000
      0.09300000	     -0.00000000	     -0.00000000	     -0.00000000	      0.00000000	     -0.00000000	     -0.00000000	     -0.00000000	      0.00000000	     -0.00000000
      0.09400000	     -0.00000000	      0.00000000	     -0.00000000	     -0.00000000	      0.00000000	     -0.00000000	     -0.00000000	     -0.00000000	     -0.00000000
      0.09500000	     -0.00000000	     -0.00000000	     -0.00000000	    169.37582920	      0.00000000	     -0.00000000	     -0.00000000	      0.00000000	     -0.00000000
      0.09600000	     -0.00000000	      0.00000000	     -0.00000000	    189.88950081	     -0.00000000	     -0.00000000	     -0.00000000	     -0.00000000	     -0.00000000
      0.09700000	     -0.00000000	     -0.00000000	     -0.00000000	      6.15707104	     -0.00000000	     -0.00000000	     -0.00000000	      0.00000000	     -0.00000000
      0.09800000	     -0.00000000	     -0.00000000	     -0.00000000	      0.00000000	     -0.00000000	     -0.00000000	     -0.00000000	     -0.00000000	     -0.00000000
      0.09900000	     -0.00000000	      0.00000000	     -0.00000000	  -1140.25972265	      0.00000000	     -0.00000000	     -0.00000000	      0.00000000	     -0.00000000
      0.10000000	     -0.00000000	      0.00000000	     -0.00000000	    137.77454277	     -0.00000000	     -0.00000000	     -0.00000000	      0.00000000	     -0.00000000
      0.10100000	     -0.00000000	     -0.00000000	     -0.00000000	     -0.00000000	      0.00000000	     -0.00000000	     -0.00000000	      0.00000000	     -0.00000000
      0.10200000	     -0.00000000	     -0.00794819	     -0.00000000	    542.07326781	     -0.00000000	     -0.00000000	     -0.00000000	      0.00000000	     -0.00000000
      0.10300000	     -0.00000000	      0.00000000	     -0.00000000	      0.00000000	     -0.00000000	     -0.00000000	     -0.00000000	     -0.00000000	     -0.00000000
      0.10400000	     -0.00000000	     -0.00000000	     -0.00000000	     -0.00000000	      0.00000000	     -0.00000000	     -0.00000000	      0.00000000	     -0.00000000
      0.10500000	     -0.00000000	     -0.00000000	     -0.00000000	   1299.64525169	     -0.00000000	     -0.00000000	     -0.00000000	     -0.00000000	     -0.00000000
      0.10600000	     -0.00000000	      0.00000000	     -0.00000000	      0.00000000	     -0.00000000	     -0.00000000	     -0.00000000	      0.00000000	     -0.00000000
      0.10700000	     -0.00000000	      0.00000000	     -0.00000000	     -0.00000000	      0.00000000	     -0.00000000	     -0.00000000	     -0.00000000	     -0.00000000
      0.10800000	     -0.00000000	     -0.00000000	     -0.00000000	     -0.00000000	      0.00000000	     -0.00000000	     -0.00000000	      0.00000000	     -0.00000000
      0.10900000	     -0.00000000	      0.00000000	     -0.00000000	    114.09696214	     -0.00000000	     -0.00000000	     -0.00000000	      0.00000000	     -0.00000000
      0.11000000	     -0.00000000	    -20.00371691	     -0.00000000	      0.00000000	     -0.00000000	     -0.00000000	     -0.00000000	      0.00000000	     -0.00000000
      0.11100000	     -0.00000000	      2.23631731	     -0.00000000	  -1015.45523887	      0.00000000	     -0.00000000	     -0.00000000	      0.00000000	     -0.00000000
      0.11200000	     -0.00000000	      0.32522552	     -0.00000000	   1077.10761873	     -0.00000000	     -0.00000000	     -0.00000000	     -0.00000000	     -0.00000000
      0.11300000	     -0.00000000	      0.00000000	     -0.00000000	      0.00000000	     -0.00000000	     -0.00000000	     -0.00000000	      0.00000000	     -0.00000000
      0.11400000	     -0.00000000	      0.00000000	     -0.00000000	     -0.00000000	      0.00000000	     -0.00000000	     -0.00000000	      0.00000000	     -0.00000000
      0.11500000	     -0.00000000	     -0.00000000	     -0.00000000	   -696.35119947	      0.00000000	     -0.00000000	     -0.00000000	      0.00000000	     -0.00000000
      0.11600000	     -0.00000000	     -0.00000000	     -0.00000000	   1468.80053276	     -0.00000000	     -0.00000000	     -0.00000000	     -0.00000000	     -0.00000000
      0.11700000	     -0.00000000	     -4.78960965	     -0.00000000	   -766.26499088	      0.00000000	     -0.00000000	     -0.00000000	      0.00000000	     -0.00000000
      0.11800000	     -0.00000000	     -0.00000000	     -0.00000000	   1426.43467148	     -0.00000000	     -0.00000000	     -0.00000000	      0.00000000	     -0.00000000
      0.11900000	     -0.00000000	     -0.00013527	     -0.00000000	      0.00000000	     -0.00000000	     -0.00000000	     -0.00000000	     -0.00000000	     -0.00000000
      0.12000000	     -0.00000000	      0.00000000	     -0.00000000	   -610.76021745	      0.00000000	     -0.00000000	     -0.00000000	      0.00000000	     -0.00000000
      0.12100000	     -0.00000000	     -0.00000000	     -0.00000000	      0.00000000	     -0.00000000	     -0.00000000	     -0.00000000	     -0.00000000	     -0.00000000
      0.12200000	     -0.00000000	    -60.26674476	     -0.00000000	      0.00000000	     -0.00000000	     -0.00000000	     -0.00000000	     -0.00000000	     -0.00000000
      0.12300000	     -0.00000000	      0.00000000	     -0.00000000	     -0.00000000	      0.00000000	     -0.00000000	     -0.00000000	      0.00000000	     -0.00000000
      0.12400000	     -0.00000000	     -0.00000000	     -0.00000000	  -1563.02040447	      0.00000000	     -0.00000000	     -0.00000000	     -0.00000000	     -0.00000000
      0.12500000	     -0.00000000	     -4.92907673	     -0.00000000	   2184.74739692	     -0.00000000	     -0.00000000	     -0.00000000	      0.00000000	     -0.00000000
      0.12600000	     -0.00000000	      0.00000000	     -0.00000000	     -0.00000000	      0.00000000	     -0.00000000	     -0.00000000	      0.00000000	     -0.00000000
      0.12700000	     -0.00000000	     -5.25105812	     -0.00000000	   1075.08209282	     -0.00000000	      0.00000000	     -0.00000000	      0.00000000	     -0.00000000
      0.12800000	     -0.00000000	     -7.94882005	     -0.00000000	      0.00000000	     -0.00000000	     -0.00000000	     -0.00000000	     -0.00000000	     -0.00000000
      0.12900000	     -0.00000000	      0.00305055	     -0.00000000	     -0.00000000	      0.00000000	     -0.00000000	     -0.00000000	      0.00000000	     -0.00000000
      0.13000000	     -0.00000000	      0.00000000	     -0.00000000	    366.92214095	     -0.00000000	     -0.00000000	     -0.00000000	      0.00000000	     -0.00000000
      0.13100000	     -0.00000000	     -0.00000000	     -0.00000000	     -0.00000000	      0.00000000	     -0.00000000	     -0.00000000	      0.00000000	     -0.00000000
      0.13200000	     -0.00000000	     -0.00000000	     -0.00000000	    222.49898067	      0.00000000	     -0.00000000	     -0.00000000	     -0.00000000	     -0.00000000
      0.13300000	     -0.00000000	     -0.00000000	     -0.00000000	      0.00000000	     -0.00000000	     -0.00000000	     -0.00000000	      0.00000000	     -0.00000000
      0.13400000	     -0.00000000	     -0.00000000	     -0.00000000	  -2017.09416020	      0.00000000	     -0.00000000	     -0.00000000	      0.00000000	     -0.00000000
      0.13500000	     -0.00000000	     -0.00000000	     -0.00000000	     49.93267697	     -0.00000000	     -0.00000000	     -0.00000000	      0.00000000	     -0.00000000
      0.13600000	     -0.00000000	      2.24488712	     -0.00000000	    256.60672001	     -0.00000000	     -0.00000000	     -0.00000000	      0.00000000	     -0.00000000
      0.13700000	     -0.00000000	      0.00000000	     -0.00000000	      0.00000000	      0.00000000	     -0.00000000	     -0.00000000	      0.00000000	     -0.00000000
      0.13800000	     -0.00000000	     -0.00000000	     -0.00000000	   -340.84543300	     -0.00000000	     -0.00000000	     -0.00000000	     -0.00000000	     -0.00000000
      0.13900000	     -0.00000000	      0.00000000	     -0.00000000	   -589.79688567	      0.00000000	     -0.00000000	     -0.00000000	     -0.00000000	     -0.00000000
      0.14000000	     -0.00000000	     -0.00000000	     -0.00000000	   3018.55053448	     -0.00000000	     -0.00000000	     -0.00000000	      0.00000000	     -0.00000000
      0.14100000	     -0.00000000	     -0.00088050	     -0.00000000	      0.00000000	     -0.00000000	     -0.00000000	     -0.00000000	     -0.00000000	     -0.00000000
      0.14200000	     -0.00000000	      0.00000000	     -0.00000000	     -0.00000000	      0.00000000	     -0.00000000	     -0.00000000	     -0.00000000	     -0.00000000
      0.14300000	     -0.00000000	     -0.92888352	     -0.00000000	     64.69376794	     -0.00000000	      0.00000000	     -0.00000000	      0.00000000	     -0.00000000
      0.14400000	     -0.00000000	      0.00000000	     -0.00000000	      3.06701179	     -0.00000000	     -0.00000000	     -0.00000000	      0.00000000	     -0.00000000
      0.14500000	     -0.00000000	     -0.00000000	     -0.00000000	      0.02269845	      0.00000000	     -0.00000000	     -0.00000000	      0.00000000	     -0.00000000
      0.14600000	     -0.00000000	      0.00000000	     -0.00000000	   -249.79800507	      0.00000000	     -0.00000000	     -0.00000000	     -0.00000000	     -0.00000000
      0.14700000	     -0.00000000	      0.00000000	     -0.00000000	    714.80617065	     -0.00000000	     -0.00000000	     -0.00000000	     -0.00000000	     -0.00000000
      0.14800000	     -0.00000000	     -0.00000000	     -0.00000000	     -0.00000000	     -0.00000000	     -0.00000000	     -0.00000000	      0.00000000	     -0.00000000
      0.14900000	     -0.00000000	     -0.00000000	     -0.00000000	   1566.59067001	      0.00000000	     -0.00000000	     -0.00000000	     -0.00000000	     -0.00000000
      0.15000000	     -0.00000000	     28.13394396	     -0.00000000	      0.00000000	     -0.00000000	     -0.00000000	     -0.00000000	      0.00000000	     -0.00000000
      0.15100000	     -0.00000000	      0.00000000	     -0.00000000	    -90.18168313	      0.00000000	     -0.00000000	     -0.00000000	      0.00000000	     -0.00000000
      0.15200000	     -0.00000000	     -0.00000000	     -0.00000000	      0.00000000	     -0.00000000	     -0.00000000	     -0.00000000	      0.00000000	     -0.00000000
      0.15300000	     -0.00000000	     -0.00000000	     -0.00000000	     -0.00000000	      0.00000000	     -0.00000000	     -0.00000000	      0.00000000	     -0.00000000
      0.15400000	     -0.00000000	     -2.43120132	     -0.00000000	   -903.98415597	      0.00000000	     -0.00000000	     -0.00000000	     -0.00000000	     -0.00000000
      0.15500000	     -0.00000000	     20.85024868	     -0.00000000	   2276.54711241	     -0.00000000	     -0.00000000	     -0.00000000	     -0.00000000	     -0.00000000
      0.15600000	     -0.00000000	     -0.00000000	     -0.00000000	      0.00000000	     -0.00000000	     -0.00000000	     -0.00000000	     -0.00000000	     -0.00000000
      0.15700000	     -0.00000000	      0.00040767	     -0.00000000	     -0.00000000	      0.00000000	     -0.00000000	     -0.00000000	     -0.00000000	     -0.00000000
      0.15800000	     -0.00000000	      0.00000000	     -0.00000000	      0.00000446	     -0.00000000	     -0.00000000	     -0.00000000	     -0.00000000	     -0.00000000
      0.15900000	     -0.00000000	     -0.00000000	     -0.00000000	     -0.00000000	      0.00000000	     -0.00000000	     -0.00000000	      0.00000000	     -0.00000000
      0.16000000	     -0.00000000	      0.00000000	     -0.00000000	      0.00000000	     -0.00000000	     -0.00000000	     -0.00000000	     -0.00000000	     -0.00000000
      0.16100000	     -0.00000000	     -0.00000000	     -0.00000000	     -0.00000000	      0.00000000	     -0.00000000	     -0.00000000	      0.00000000	     -0.00000000
      0.16200000	     -0.00000000	     -0.46671802	     -0.00000000	   -387.70079803	      0.00000000	     -0.00000000	     -0.00000000	     -0.00000000	     -0.00000000
      0.16300000	     -0.00000000	      0.00000000	     -0.00000000	     -0.85016443	      0.00000000	     -0.00000000	     -0.00000000	      0.00000000	     -0.00000000
      0.16400000	     -0.00000000	     -0.00000000	     -0.00000000	   1113.05900203	     -0.00000000	     -0.00000000	     -0.00000000	     -0.00000000	     -0.00000000
      0.16500000	     -0.00000000	      3.41870798	     -0.00000000	     -0.00000000	      0.00000000	     -0.00000000	     -0.00000000	      0.00000000	     -0.00000000
      0.16600000	     -0.00000000	      0.00000000	     -0.00000000	   -283.64557212	     -0.00000000	     -0.00000000	     -0.00000000	      0.00000000	     -0.00000000
      0.16700000	     -0.00000000	     -0.00000000	     -0.00000000	      0.00000000	     -0.00000000	     -0.00000000	     -0.00000000	      0.00000000	     -0.00000000
      0.16800000	     -0.00000000	      0.00000000	     -0.00000000	     -0.00000000	      0.00000000	     -0.00000000	     -0.00000000	     -0.00000000	     -0.00000000
      0.16900000	     -0.00000000	     -0.00000000	     -0.00000000	   -879.06162594	      0.00000000	     -0.00000000	     -0.00000000	     -0.00000000	     -0.00000000
      0.17000000	     -0.00000000	      0.00000000	     -0.00000000	    113.29377343	     -0.00000000	     -0.00000000	     -0.00000000	      0.00000000	     -0.00000000
      0.17100000	     -0.00000000	     -0.00000000	     -0.00000000	     -0.00000000	      0.00000000	     -0.00000000	     -0.00000000	     -0.00000000	     -0.00000000
      0.17200000	     -0.00000000	      0.00000000	     -0.00000000	  -1965.93427998	      0.00000000	     -0.00000000	     -0.00000000	      0.00000000	     -0.00000000
      0.17300000	     -0.00000000	      0.00000000	     -0.00000000	    479.83276175	      0.00000000	     -0.00000000	     -0.00000000	      0.00000000	     -0.00000000
      0.17400000	     -0.00000000	     -0.00000000	     -0.00000000	   1208.12602137	     -0.00000000	     -0.00000000	     -0.00000000	      0.00000000	     -0.00000000
      0.17500000	     -0.00000000	      0.00000000	     -0.00000000	     -0.00000000	      0.00000000	     -0.00000000	     -0.00000000	      0.00000000	     -0.00000000
      0.17600000	     -0.00000000	     -0.00000000	     -0.00000000	  -4942.84754531	      0.00000000	     -0.00000000	     -0.00000000	      0.00000000	     -0.00000000
      0.17700000	     -0.00000000	      0.00000000	     -0.00000000	   2557.01851158	     -0.00000000	     -0.00000000	     -0.00000000	      0.00000000	     -0.00000000
      0.17800000	     -0.00000000	      0.00000000	     -0.00000000	      0.00000000	     -0.00000000	     -0.00000000	     -0.00000000	     -0.00000000	     -0.00000000
      0.17900000	     -0.00000000	     -0.00000000	     -0.00000000	     -0.00000000	      0.00000000	     -0.00000000	     -0.00000000	      0.00000000	     -0.00000000
      0.18000000	     -0.00000000	     -0.18310141	     -0.00000000	      0.00000000	     -0.00000000	     -0.00000000	     -0.00000000	      0.00000000	     -0.00000000
      0.18100000	     -0.00000000	      0.00000000	     -0.00000000	     -0.00000000	      0.00000000	     -0.00000000	     -0.00000000	     -0.00000000	     -0.00000000
      0.18200000	     -0.00000000	     -0.00000000	     -0.00000000	    -60.08408015	      0.00000000	     -0.00000000	     -0.00000000	      0.00000000	     -0.00000000
      0.18300000	     -0.00000000	      1.63488584	     -0.00000000	     34.69637689	     -0.00000000	     -0.00000000	     -0.00000000	     -0.00000000	     -0.00000000
      0.18400000	     -0.00000000	      0.00000000	     -0.00000000	      4.14114039	     -0.00000000	     -0.00000000	     -0.00000000	     -0.00000000	     -0.00000000
      0.18500000	     -0.00000000	     -0.00000000	     -0.00000000	      0.00000000	     -0.00000000	     -0.00000000	     -0.00000000	     -0.00000000	     -0.00000000
      0.18600000	     -0.00000000	      0.00000000	     -0.00000000	     -0.00000000	      0.00000000	     -0.00000000	     -0.00000000	      0.00000000	     -0.00000000
      0.18700000	     -0.00000000	     -0.00000000	     -0.00000000	  -1527.62539390	      0.00000000	     -0.00000000	     -0.00000000	     -0.00000000	     -0.00000000
      0.18800000	     -0.00000000	      0.00000000	     -0.00000000	    977.86074380	     -0.00000000	     -0.00000000	     -0.00000000	      0.00000000	     -0.00000000
      0.18900000	     -0.00000000	     -0.00000000	     -0.00000000	     18.56092008	     -0.00000000	     -0.00000000	     -0.00000000	     -0.00000000	     -0.00000000
      0.19000000	     -0.00000000	      0.00000000	     -0.00000000	     -0.00000000	     -0.00000000	     -0.00000000	     -0.00000000	      0.00000000	     -0.00000000
      0.19100000	     -0.00000000	      0.00000000	     -0.00000000	     -0.00000000	      0.00000000	     -0.00000000	     -0.00000000	      0.00000000	     -0.00000000
      0.19200000	     -0.00000000	     -0.00000000	     -0.00000000	     -0.00000000	      0.00000000	     -0.00000000	     -0.00000000	      0.00000000	     -0.00000000
      0.19300000	     -0.00000000	      0.00000000	     -0.00000000	    397.93174630	     -0.00000000	     -0.00000000	     -0.00000000	     -0.00000000	     -0.00000000
      0.19400000	     -0.00000000	      0.00000000	     -0.00000000	     -0.00000000	      0.00000000	     -0.00000000	     -0.00000000	      0.00000000	     -0.00000000
      0.19500000	     -0.00000000	     -0.00000000	     -0.00000000	    147.98005333	      0.00000000	     -0.00000000	     -0.00000000	     -0.00000000	     -0.00000000
      0.19600000	     -0.00000000	     -0.00000000	     -0.00000000	      0.00000000	     -0.00000000	     -0.00000000	     -0.00000000	      0.00000000	     -0.00000000
      0.19700000	     -0.00000000	     -0.00000000	     -0.00000000	     -0.00000000	      0.00000000	     -0.00000000	     -0.00000000	      0.00000000	     -0.00000000
      0.19800000	     -0.00000000	      3.64135215	     -0.00000000	     -0.00000000	      0.00000000	     -0.00000000	     -0.00000000	     -0.00000000	     -0.00000000
      0.19900000	     -0.00000000	     -0.30314438	     -0.00000000	   -575.37837184	      0.00000000	     -0.00000000	     -0.00000000	     -0.00000000	     -0.00000000
      0.20000000	     -0.00000000	      0.00000000	     -0.00000000	  -1214.74726493	      0.00000000	     -0.00000000	     -0.00000000	     -0.00000000	     -0.00000000
      0.20100000	     -0.00000000	     -0.00000000	     -0.00000000	   1137.00586028	      0.00000000	     -0.00000000	     -0.00000000	      0.00000000	     -0.00000000
      0.20200000	     -0.00000000	      0.13444148	     -0.00000000	     12.88709966	     -0.00000000	     -0.00000000	     -0.00000000	      0.00000000	     -0.00000000
      0.20300000	     -0.00000000	      0.00000000	     -0.00000000	      0.07066356	     -0.00000000	     -0.00000000	     -0.00000000	      0.00000000	     -0.00000000
      0.20400000	     -0.00000000	     -0.00000000	     -0.00000000	     -0.00000000	      0.00000000	     -0.00000000	     -0.00000000	      0.00000000	     -0.00000000
      0.20500000	     -0.00000000	      0.00000000	     -0.00000000	   -711.75058188	     -0.00000000	     -0.00000000	     -0.00000000	     -0.00000000	     -0.00000000
      0.20600000	     -0.00000000	      0.00000000	     -0.00000000	      0.00000000	     -0.00000000	     -0.00000000	     -0.00000000	     -0.00000000	     -0.00000000
      0.20700000	     -0.00000000	     -0.02372915	     -0.00000000	      6.33181706	      0.00000000	     -0.00000000	     -0.00000000	     -0.00000000	     -0.00000000
      0.20800000	     -0.00000000	      0.00000000	     -0.00000000	      0.00000000	     -0.00000000	     -0.00000000	     -0.00000000	     -0.00000000	     -0.00000000
      0.20900000	     -0.00000000	     -0.00000000	     -0.00000000	     -0.00000000	      0.00000000	     -0.00000000	     -0.00000000	     -0.00000000	     -0.00000000
      0.21000000	     -0.00000000	     -0.75205418	     -0.00000000	     -0.00000000	     -0.00000000	     -0.00000000	     -0.00000000	      0.00000000	     -0.00000000
      0.21100000	     -0.00000000	      0.00000000	     -0.00000000	     -0.00000000	      0.00000000	     -0.00000000	     -0.00000000	     -0.00000000	     -0.00000000
      0.21200000	     -0.00000000	      0.00000000	     -0.00000000	     44.94929056	     -0.00000000	     -0.00000000	     -0.00000000	     -0.00000000	     -0.00000000
      0.21300000	     -0.00000000	     -0.00000000	     -0.00000000	      0.00000000	     -0.00000000	     -0.00000000	     -0.00000000	     -0.00000000	     -0.00000000
      0.21400000	     -0.00000000	     -0.00000000	     -0.00000000	   -323.69654906	      0.00000000	     -0.00000000	     -0.00000000	      0.00000000	     -0.00000000
      0.21500000	     -0.00000000	      0.00000000	     -0.00000000	     70.51341096	      0.00000000	     -0.00000000	     -0.00000000	      0.00000000	     -0.00000000
      0.21600000	     -0.00000000	     -0.00000000	     -0.00000000	    661.09641530	     -0.00000000	     -0.00000000	     -0.00000000	      0.00000000	     -0.00000000
      0.21700000	     -0.00000000	      0.00000000	     -0.00000000	      0.00000000	     -0.00000000	     -0.00000000	     -0.00000000	     -0.00000000	     -0.00000000
      0.21800000	     -0.00000000	      0.00000000	     -0.00000000	    -48.56030396	      0.00000000	     -0.00000000	     -0.00000000	     -0.00000000	     -0.00000000
      0.21900000	     -0.00000000	     -0.00000000	     -0.00000000	   1108.31439635	     -0.00000000	     -0.00000000	     -0.00000000	     -0.00000000	     -0.00000000
      0.22000000	     -0.00000000	     -0.00000000	     -0.00000000	     -0.00000000	      0.00000000	     -0.00000000	     -0.00000000	     -0.00000000	     -0.00000000
      0.22100000	     -0.00000000	     -0.00000000	     -0.00000000	    735.32182809	     -0.00000000	     -0.00000000	     -0.00000000	      0.00000000	     -0.00000000
      0.22200000	     -0.00000000	      0.00000000	     -0.00000000	      0.00000000	      0.00000000	     -0.00000000	     -0.00000000	      0.00000000	     -0.00000000
      0.22300000	     -0.00000000	      0.00000000	     -0.00000000	      0.00000000	     -0.00000000	     -0.00000000	     -0.00000000	     -0.00000000	     -0.00000000
      0.22400000	     -0.00000000	     -0.00000000	     -0.00000000	     -0.00000000	      0.00000000	     -0.00000000	     -0.00000000	     -0.00000000	     -0.00000000
      0.22500000	     -0.00000000	      0.00000000	     -0.00000000	  -1515.52782980	      0.00000000	     -0.00000000	     -0.00000000	      0.00000000	     -0.00000000
      0.22600000	     -0.00000000	      0.00000000	     -0.00000000	      0.00000000	      0.00000000	     -0.00000000	     -0.00000000	      0.00000000	     -0.00000000
      0.22700000	     -0.00000000	      0.00000000	     -0.00000000	     53.86751438	      0.00000000	     -0.00000000	     -0.00000000	      0.00000000	     -0.00000000
      0.22800000	     -0.00000000	     -0.00000000	     -0.00000000	      0.00000000	     -0.00000000	     -0.00000000	     -0.00000000	     -0.00000000	     -0.00000000
      0.22900000	     -0.00000000	      0.00000000	     -0.00000000	      6.71633469	     -0.00000000	     -0.00000000	     -0.00000000	      0.00000000	     -0.00000000
      0.23000000	     -0.00000000	     -0.00000000	     -0.00000000	     -0.00000000	      0.00000000	     -0.00000000	     -0.00000000	     -0.00000000	     -0.00000000
      0.23100000	     -0.00000000	     -0.00000000	     -0.00000000	     19.05602116	     -0.00000000	     -0.00000000	     -0.00000000	      0.00000000	     -0.00000000
      0.23200000	     -0.00000000	      0.04957734	     -0.00000000	      0.00000000	     -0.00000000	     -0.00000000	     -0.00000000	     -0.00000000	     -0.00000000
      0.23300000	     -0.00000000	      0.00000000	     -0.00000000	     -0.00000000	      0.00000000	     -0.00000000	     -0.00000000	     -0.00000000	     -0.00000000
      0.23400000	     -0.00000000	     -0.00000000	     -0.00000000	    -19.46642024	      0.00000000	     -0.00000000	     -0.00000000	      0.00000000	     -0.00000000
      0.23500000	     -0.00000000	      0.00000000	     -0.00000000	    670.84100333	     -0.00000000	     -0.00000000	     -0.00000000	     -0.00000000	     -0.00000000
      0.23600000	     -0.00000000	     -0.00000000	     -0.00000000	      0.00000000	     -0.00000000	     -0.00000000	     -0.00000000	      0.00000000	     -0.00000000
      0.23700000	     -0.00000000	     -0.00000000	     -0.00000000	      0.00000000	      0.00000000	     -0.00000000	     -0.00000000	      0.00000000	     -0.00000000
      0.23800000	     -0.00000000	      0.00000000	     -0.00000000	     -0.00000000	      0.00000000	     -0.00000000	     -0.00000000	      0.00000000	     -0.00000000
      0.23900000	     -0.00000000	     -0.00000000	     -0.00000000	  -2290.14337910	      0.00000000	     -0.00000000	     -0.00000000	     -0.00000000	     -0.00000000
      0.24000000	     -0.00000000	     -0.00000000	     -0.00000000	   2764.05451788	     -0.00000000	     -0.00000000	     -0.00000000	      0.00000000	     -0.00000000
      0.24100000	     -0.00000000	     -0.00000000	     -0.00000000	      0.00000000	     -0.00000000	     -0.00000000	     -0.00000000	     -0.00000000	     -0.00000000
      0.24200000	     -0.00000000	      0.00000000	     -0.00000000	     -0.00000000	      0.00000000	     -0.00000000	     -0.00000000	     -0.00000000	     -0.00000000
      0.24300000	     -0.00000000	      0.00000000	     -0.00000000	      0.00000000	     -0.00000000	     -0.00000000	     -0.00000000	     -0.00000000	     -0.00000000
      0.24400000	     -0.00000000	     -0.00000000	     -0.00000000	     -0.00000000	      0.00000000	     -0.00000000	     -0.00000000	      0.00000000	     -0.00000000
      0.24500000	     -0.00000000	      0.00000000	     -0.00000000	   -407.79592643	      0.00000000	     -0.00000000	     -0.00000000	     -0.00000000	     -0.00000000
      0.24600000	     -0.00000000	      0.00000000	     -0.00000000	    105.50877705	     -0.00000000	     -0.00000000	     -0.00000000	     -0.00000000	     -0.00000000
      0.24700000	     -0.00000000	     -0.00000000	     -0.00000000	      0.00000000	     -0.00000000	     -0.00000000	     -0.00000000	      0.00000000	     -0.00000000
      0.24800000	     -0.00000000	      0.00000000	     -0.00000000	      0.00000000	     -0.00000000	     -0.00000000	     -0.00000000	     -0.00000000	     -0.00000000
      0.24900000	     -0.00000000	      0.00000000	     -0.00000000	     -0.00000000	      0.00000000	     -0.00000000	     -0.00000000	     -0.00000000	     -0.00000000
      0.25000000	     -0.00000000	     -0.00000000	     -0.00000000	  -1266.11610320	      0.00000000	     -0.00000000	     -0.00000000	     -0.00000000	     -0.00000000
      0.25100000	     -0.00000000	      0.00000000	     -0.00000000	    493.92727511	     -0.00000000	     -0.00000000	     -0.00000000	      0.00000000	     -0.00000000
      0.25200000	     -0.00000000	      0.00000000	     -0.00000000	     13.37917756	     -0.00000000	     -0.00000000	     -0.00000000	     -0.00000000	     -0.00000000
      0.25300000	     -0.00000000	      0.00000000	     -0.00000000	     -0.00000000	      0.00000000	     -0.00000000	     -0.00000000	      0.00000000	     -0.00000000
      0.25400000	     -0.00000000	     -0.00000000	     -0.00000000	  -3348.87834855	      0.00000000	     -0.00000000	     -0.00000000	      0.00000000	     -0.00000000
      0.25500000	     -0.00000000	     -0.00000000	     -0.00000000	   2866.67951901	     -0.00000000	     -0.00000000	     -0.00000000	     -0.00000000	     -0.00000000
      0.25600000	     -0.00000000	      0.00000000	     -0.00000000	      0.00000000	     -0.00000000	     -0.00000000	     -0.00000000	      0.00000000	     -0.00000000
      0.25700000	     -0.00000000	      0.00000000	     -0.00000000	     -0.00000000	      0.00000000	     -0.00000000	     -0.00000000	     -0.00000000	     -0.00000000
      0.25800000	     -0.00000000	      0.00000000	     -0.00000000	  -2246.89070628	      0.00000000	     -0.00000000	     -0.00000000	     -0.00000000	     -0.00000000
      0.25900000	     -0.00000000	     -0.00000000	     -0.00000000	   1749.05957878	     -0.00000000	     -0.00000000	     -0.00000000	     -0.00000000	     -0.00000000
      0.26000000	     -0.00000000	      0.00000000	     -0.00000000	      0.00000000	     -0.00000000	     -0.00000000	     -0.00000000	     -0.00000000	     -0.00000000
      0.26100000	     -0.00000000	     -0.00000000	     -0.00000000	     -0.00000000	      0.00000000	     -0.00000000	     -0.00000000	     -0.00000000	     -0.00000000
      0.26200000	     -0.00000000	     -0.00000000	     -0.00000000	   -460.93580058	     -0.00000000	     -0.00000000	     -0.00000000	      0.00000000	     -0.00000000
      0.26300000	     -0.00000000	      0.00000000	     -0.00000000	      0.00000000	     -0.00000000	     -0.00000000	     -0.00000000	     -0.00000000	     -0.00000000
      0.26400000	     -0.00000000	     -0.00000000	     -0.00000000	    286.24157384	     -0.00000000	     -0.00000000	     -0.00000000	     -0.00000000	     -0.00000000
      0.26500000	     -0.00000000	     -0.00000000	     -0.00000000	      0.00000000	     -0.00000000	     -0.00000000	     -0.00000000	     -0.00000000	     -0.00000000
      0.26600000	     -0.00000000	      0.00000000	     -0.00000000	     -0.00000000	      0.00000000	     -0.00000000	     -0.00000000	     -0.00000000	     -0.00000000
      0.26700000	     -0.00000000	      0.00000000	     -0.00000000	      0.00000000	     -0.00000000	     -0.00000000	     -0.00000000	      0.00000000	     -0.00000000
      0.26800000	     -0.00000000	     -0.00000000	     -0.00000000	     -0.00000000	      0.00000000	     -0.00000000	     -0.00000000	     -0.00000000	     -0.00000000
      0.26900000	     -0.00000000	      0.00000000	     -0.00000000	    -12.17713197	      0.00000000	     -0.00000000	     -0.00000000	     -0.00000000	     -0.00000000
      0.27000000	     -0.00000000	     -0.00000000	     -0.00000000	      0.00000000	      0.00000000	     -0.00000000	     -0.00000000	      0.00000000	     -0.00000000
      0.27100000	     -0.00000000	     -0.00000000	     -0.00000000	    -20.37858762	      0.00000000	     -0.00000000	     -0.00000000	      0.00000000	     -0.00000000
      0.27200000	     -0.00000000	      0.00000000	     -0.00000000	      0.00000000	     -0.00000000	     -0.00000000	     -0.00000000	     -0.00000000	     -0.00000000
      0.27300000	     -0.00000000	     -0.00000000	     -0.00000000	      0.00000000	     -0.00000000	     -0.00000000	     -0.00000000	      0.00000000	     -0.00000000
      0.27400000	     -0.00000000	     -0.00000000	     -0.00000000	      0.00000000	     -0.00000000	     -0.00000000	     -0.00000000	     -0.00000000	     -0.00000000
      0.27500000	     -0.00000000	      0.00000000	     -0.00000000	     -0.00000000	      0.00000000	     -0.00000000	     -0.00000000	      0.00000000	     -0.00000000
      0.27600000	     -0.00000000	     -0.00000000	     -0.00000000	      0.00000000	     -0.00000000	     -0.00000000	     -0.00000000	     -0.00000000	     -0.00000000
      0.27700000	     -0.00000000	     -0.00000000	     -0.00000000	     -0.00000000	      0.00000000	     -0.00000000	     -0.00000000	     -0.00000000	     -0.00000000
      0.27800000	     -0.00000000	      0.00000000	     -0.00000000	   -156.44277672	     -0.00000000	     -0.00000000	     -0.00000000	      0.00000000	     -0.00000000
      0.27900000	     -0.00000000	     -0.00000000	     -0.00000000	      0.00000000	     -0.00000000	     -0.00000000	     -0.00000000	      0.00000000	     -0.00000000
      0.28000000	     -0.00000000	      0.00000000	     -0.00000000	     -3.08300979	      0.00000000	     -0.00000000	     -0.00000000	     -0.00000000	     -0.00000000
      0.28100000	     -0.00000000	      0.00000000	     -0.00000000	     -0.00000000	      0.00000000	     -0.00000000	     -0.00000000	     -0.00000000	     -0.00000000
      0.28200000	     -0.00000000	     -0.00000000	     -0.00000000	  -1227.22084273	      0.00000000	     -0.00000000	     -0.00000000	     -0.00000000	     -0.00000000
      0.28300000	     -0.00000000	      0.00000000	     -0.00000000	    890.34525707	     -0.00000000	     -0.00000000	     -0.00000000	     -0.00000000	     -0.00000000
      0.28400000	     -0.00000000	      0.00000000	     -0.00000000	      0.00000000	     -0.00000000	     -0.00000000	     -0.00000000	     -0.00000000	     -0.00000000
      0.28500000	     -0.00000000	      0.00000000	     -0.00000000	      0.00000000	      0.00000000	     -0.00000000	     -0.00000000	     -0.00000000	     -0.00000000
      0.28600000	     -0.00000000	     -0.00000000	     -0.00000000	     -0.00000000	     -0.00000000	     -0.00000000	     -0.00000000	      0.00000000	     -0.00000000
      0.28700000	     -0.00000000	     -0.00000000	     -0.00000000	   -106.79266370	      0.00000000	     -0.00000000	     -0.00000000	      0.00000000	     -0.00000000
      0.28800000	     -0.00000000	      0.00000000	     -0.00000000	   1035.15316728	     -0.00000000	     -0.00000000	     -0.00000000	      0.00000000	     -0.00000000
      0.28900000	     -0.00000000	     -0.00000000	     -0.00000000	      0.00000000	     -0.00000000	     -0.00000000	     -0.00000000	     -0.00000000	     -0.00000000
      0.29000000	     -0.00000000	      0.00000000	     -0.00000000	     -0.00000000	      0.00000000	     -0.00000000	     -0.00000000	      0.00000000	     -0.00000000
      0.29100000	     -0.00000000	     -0.00000000	     -0.00000000	      0.00000000	     -0.00000000	     -0.00000000	     -0.00000000	     -0.00000000	     -0.00000000
      0.29200000	     -0.00000000	     -0.00000000	     -0.00000000	     -0.00000000	      0.00000000	     -0.00000000	     -0.00000000	     -0.00000000	     -0.00000000
      0.29300000	     -0.00000000	     -0.00000000	     -0.00000000	     -0.16153438	      0.00000000	     -0.00000000	     -0.00000000	     -0.00000000	     -0.00000000
      0.29400000	     -0.00000000	      0.00000000	     -0.00000000	      0.00000000	     -0.00000000	     -0.00000000	     -0.00000000	     -0.00000000	     -0.00000000
      0.29500000	     -0.00000000	      0.00000000	     -0.00000000	   -344.98479006	      0.00000000	     -0.00000000	     -0.00000000	      0.00000000	     -0.00000000
      0.29600000	     -0.00000000	     -0.00000000	     -0.00000000	    810.38554490	     -0.00000000	     -0.00000000	     -0.00000000	      0.00000000	     -0.00000000
      0.29700000	     -0.00000000	     -0.00000000	     -0.00000000	     -0.00000000	     -0.00000000	     -0.00000000	     -0.00000000	      0.00000000	     -0.00000000
      0.29800000	     -0.00000000	      0.00000000	     -0.00000000	  -2549.88816510	      0.00000000	     -0.00000000	     -0.00000000	      0.00000000	     -0.00000000
      0.29900000	     -0.00000000	     -0.00000000	     -0.00000000	   1652.64808581	     -0.00000000	     -0.00000000	     -0.00000000	     -0.00000000	     -0.00000000
      0.30000000	     -0.00000000	     -0.00000000	     -0.00000000	      0.00000000	     -0.00000000	     -0.00000000	     -0.00000000	     -0.00000000	     -0.00000000
      0.30100000	     -0.00000000	     -0.00000000	     -0.00000000	      0.00000000	     -0.00000000	     -0.00000000	     -0.00000000	      0.00000000	     -0.00000000
      0.30200000	     -0.00000000	     -0.00000000	     -0.00000000	      0.00000000	     -0.00000000	     -0.00000000	     -0.00000000	     -0.00000000	     -0.00000000
      0.30300000	     -0.00000000	      0.00000000	     -0.00000000	     -0.00000000	      0.00000000	     -0.00000000	     -0.00000000	      0.00000000	     -0.00000000
      0.30400000	     -0.00000000	      0.00000000	     -0.00000000	      0.00000000	     -0.00000000	     -0.00000000	     -0.00000000	     -0.00000000	     -0.00000000
      0.30500000	     -0.00000000	     -0.00000000	     -0.00000000	     -0.00000000	      0.00000000	     -0.00000000	     -0.00000000	      0.00000000	     -0.00000000
      0.30600000	     -0.00000000	     -0.00000000	     -0.00000000	   -255.02709709	      0.00000000	     -0.00000000	     -0.00000000	     -0.00000000	     -0.00000000
      0.30700000	     -0.00000000	      0.00000000	     -0.00000000	      0.00000000	     -0.00000000	     -0.00000000	     -0.00000000	      0.00000000	     -0.00000000
      0.30800000	     -0.00000000	     -0.00000000	     -0.00000000	      0.00000000	     -0.00000000	     -0.00000000	     -0.00000000	     -0.00000000	     -0.00000000
      0.30900000	     -0.00000000	      0.00000000	     -0.00000000	     -0.00000000	      0.00000000	     -0.00000000	     -0.00000000	      0.00000000	     -0.00000000
      0.31000000	     -0.00000000	      0.00000000	     -0.00000000	   -560.64698955	      0.00000000	     -0.00000000	     -0.00000000	     -0.00000000	     -0.00000000
      0.31100000	     -0.00000000	     -0.00000000	     -0.00000000	    130.06147383	     -0.00000000	     -0.00000000	     -0.00000000	     -0.00000000	     -0.00000000
      0.31200000	     -0.00000000	     -0.00000000	     -0.00000000	      0.02886500	      0.00000000	     -0.00000000	     -0.00000000	      0.00000000	     -0.00000000
      0.31300000	     -0.00000000	      0.00000000	     -0.00000000	     64.53417328	     -0.00000000	     -0.00000000	     -0.00000000	      0.00000000	     -0.00000000
      0.31400000	     -0.00000000	      0.00000000	     -0.00000000	      0.00000000	     -0.00000000	     -0.00000000	     -0.00000000	      0.00000000	     -0.00000000
      0.31500000	     -0.00000000	      0.00000000	     -0.00000000	     -0.00000000	      0.00000000	     -0.00000000	     -0.00000000	     -0.00000000	     -0.00000000
      0.31600000	     -0.00000000	      0.00000000	     -0.00000000	    115.04816275	     -0.00000000	     -0.00000000	     -0.00000000	     -0.00000000	     -0.00000000
      0.31700000	     -0.00000000	      0.00000000	     -0.00000000	      0.00000000	     -0.00000000	     -0.00000000	     -0.00000000	     -0.00000000	     -0.00000000
      0.31800000	     -0.00000000	     -0.00000000	     -0.00000000	   -449.64078515	      0.00000000	     -0.00000000	     -0.00000000	     -0.00000000	     -0.00000000
      0.31900000	     -0.00000000	      0.00000000	     -0.00000000	   1065.28741526	     -0.00000000	     -0.00000000	     -0.00000000	     -0.00000000	     -0.00000000
      0.32000000	     -0.00000000	     -0.00000000	     -0.00000000	      0.05305796	     -0.00000000	     -0.00000000	     -0.00000000	      0.00000000	     -0.00000000
      0.32100000	     -0.00000000	     -0.00000000	     -0.00000000	      0.00000000	     -0.00000000	     -0.00000000	     -0.00000000	     -0.00000000	     -0.00000000
      0.32200000	     -0.00000000	      0.00000000	     -0.00000000	      0.00000000	      0.00000000	     -0.00000000	     -0.00000000	      0.00000000	     -0.00000000
      0.32300000	     -0.00000000	     -0.00000000	     -0.00000000	     -0.00000000	      0.00000000	     -0.00000000	     -0.00000000	      0.00000000	     -0.00000000
      0.32400000	     -0.00000000	      0.00000000	     -0.00000000	    406.40621123	     -0.00000000	     -0.00000000	     -0.00000000	     -0.00000000	     -0.00000000
      0.32500000	     -0.00000000	     -0.00000000	     -0.00000000	      0.00000000	     -0.00000000	     -0.00000000	     -0.00000000	     -0.00000000	     -0.00000000
      0.32600000	     -0.00000000	      0.00000000	     -0.00000000	     -0.00000000	      0.00000000	     -0.00000000	     -0.00000000	     -0.00000000	     -0.00000000
      0.32700000	     -0.00000000	     -0.00000000	     -0.00000000	      0.00000000	      0.00000000	     -0.00000000	     -0.00000000	     -0.00000000	     -0.00000000
      0.32800000	     -0.00000000	      0.00000000	     -0.00000000	     -0.00000000	      0.00000000	     -0.00000000	     -0.00000000	      0.00000000	     -0.00000000
      0.32900000	     -0.00000000	     -0.00000000	     -0.00000000	      0.00000000	     -0.00000000	     -0.00000000	     -0.00000000	     -0.00000000	     -0.00000000
      0.33000000	     -0.00000000	     -0.00000000	     -0.00000000	     -0.00000000	      0.00000000	     -0.00000000	     -0.00000000	      0.00000000	     -0.00000000
      0.33100000	     -0.00000000	      0.00000000	     -0.00000000	   -128.89332849	      0.00000000	     -0.00000000	     -0.00000000	     -0.00000000	     -0.00000000
      0.33200000	     -0.00000000	     -0.00000000	     -0.00000000	      0.00000000	     -0.00000000	     -0.00000000	     -0.00000000	      0.00000000	     -0.00000000
      0.33300000	     -0.00000000	     -0.00000000	     -0.00000000	     -0.00000000	      0.00000000	     -0.00000000	     -0.00000000	     -0.00000000	     -0.00000000
      0.33400000	     -0.00000000	      0.00000000	     -0.00000000	   -518.17094093	      0.00000000	     -0.00000000	     -0.00000000	      0.00000000	     -0.00000000
      0.33500000	     -0.00000000	      0.00000000	     -0.00000000	     69.38933166	     -0.00000000	     -0.00000000	     -0.00000000	      0.00000000	     -0.00000000
      0.33600000	     -0.00000000	     -0.00000000	     -0.00000000	      0.00000000	     -0.00000000	     -0.00000000	     -0.00000000	      0.00000000	     -0.00000000
      0.33700000	     -0.00000000	      0.00000000	     -0.00000000	     -0.00000000	      0.00000000	     -0.00000000	     -0.00000000	      0.00000000	     -0.00000000
      0.33800000	     -0.00000000	      0.00000000	     -0.00000000	     -0.00000000	      0.00000000	     -0.00000000	     -0.00000000	     -0.00000000	     -0.00000000
      0.33900000	     -0.00000000	     -0.00000000	     -0.00000000	     -0.00000000	      0.00000000	     -0.00000000	     -0.00000000	      0.00000000	     -0.00000000
      0.34000000	     -0.00000000	      0.00000000	     -0.00000000	   -340.77039019	      0.00000000	     -0.00000000	     -0.00000000	     -0.00000000	     -0.00000000
      0.34100000	     -0.00000000	      0.00000000	     -0.00000000	     85.71916812	     -0.00000000	     -0.00000000	     -0.00000000	     -0.00000000	     -0.00000000
      0.34200000	     -0.00000000	     -0.00000000	     -0.00000000	      0.00000000	      0.00000000	     -0.00000000	     -0.00000000	     -0.00000000	     -0.00000000
      0.34300000	     -0.00000000	     -0.00000000	     -0.00000000	     -0.00000000	      0.00000000	     -0.00000000	     -0.00000000	     -0.00000000	     -0.00000000
      0.34400000	     -0.00000000	     -0.00000000	     -0.00000000	    243.56354697	     -0.00000000	     -0.00000000	     -0.00000000	      0.00000000	     -0.00000000
      0.34500000	     -0.00000000	      0.00000000	     -0.00000000	     -0.00000000	      0.00000000	     -0.00000000	     -0.00000000	     -0.00000000	     -0.00000000
      0.34600000	     -0.00000000	      0.00000000	     -0.00000000	   -178.66079550	      0.00000000	     -0.00000000	     -0.00000000	      0.00000000	     -0.00000000
      0.34700000	     -0.00000000	     -0.00000000	     -0.00000000	    851.56199157	     -0.00000000	     -0.00000000	     -0.00000000	     -0.00000000	     -0.00000000
      0.34800000	     -0.00000000	     -0.00000000	     -0.00000000	    -34.63705943	      0.00000000	     -0.00000000	     -0.00000000	     -0.00000000	     -0.00000000
      0.34900000	     -0.00000000	      0.00000000	     -0.00000000	   1150.28437116	     -0.00000000	     -0.00000000	     -0.00000000	     -0.00000000	     -0.00000000
      0.35000000	     -0.00000000	      0.00000000	     -0.00000000	      0.00000000	     -0.00000000	     -0.00000000	     -0.00000000	     -0.00000000	     -0.00000000
      0.35100000	     -0.00000000	     -0.00000000	     -0.00000000	     -0.00000000	      0.00000000	     -0.00000000	     -0.00000000	     -0.00000000	     -0.00000000
      0.35200000	     -0.00000000	      0.00000000	     -0.00000000	    922.61647333	     -0.00000000	     -0.00000000	     -0.00000000	     -0.00000000	     -0.00000000
      0.35300000	     -0.00000000	     -0.00000000	     -0.00000000	      0.00000000	     -0.00000000	     -0.00000000	     -0.00000000	     -0.00000000	     -0.00000000
      0.35400000	     -0.00000000	      0.00000000	     -0.00000000	     -0.00000000	      0.00000000	     -0.00000000	     -0.00000000	      0.00000000	     -0.00000000
      0.35500000	     -0.00000000	      0.00000000	     -0.00000000	     13.00875984	     -0.00000000	     -0.00000000	     -0.00000000	      0.00000000	     -0.00000000
      0.35600000	     -0.00000000	     -0.00000000	     -0.00000000	      0.00000000	     -0.00000000	     -0.00000000	     -0.00000000	      0.00000000	     -0.00000000
      0.35700000	     -0.00000000	      0.00000000	     -0.00000000	     -0.00000000	      0.00000000	     -0.00000000	     -0.00000000	     -0.00000000	     -0.00000000
      0.35800000	     -0.00000000	     -0.00000000	     -0.00000000	      2.67443012	     -0.00000000	     -0.00000000	     -0.00000000	     -0.00000000	     -0.00000000
      0.35900000	     -0.00000000	      0.00000000	     -0.00000000	      0.00000000	     -0.00000000	     -0.00000000	     -0.00000000	     -0.00000000	     -0.00000000
      0.36000000	     -0.00000000	     -0.00000000	     -0.00000000	     -0.00000000	      0.00000000	     -0.00000000	     -0.00000000	     -0.00000000	     -0.00000000
      0.36100000	     -0.00000000	     -0.00000000	     -0.00000000	     -1.98486350	      0.00000000	     -0.00000000	     -0.00000000	      0.00000000	     -0.00000000
      0.36200000	     -0.00000000	      0.00000000	     -0.00000000	    -98.81434666	     -0.00000000	     -0.00000000	     -0.00000000	     -0.00000000	     -0.00000000
      0.36300000	     -0.00000000	      0.00000000	     -0.00000000	    108.32849876	     -0.00000000	     -0.00000000	     -0.00000000	      0.00000000	     -0.00000000
      0.36400000	     -0.00000000	     -0.00000000	     -0.00000000	      0.00000000	      0.00000000	     -0.00000000	     -0.00000000	     -0.00000000	     -0.00000000
      0.36500000	     -0.00000000	     -0.00000000	     -0.00000000	      0.00000000	     -0.00000000	     -0.00000000	     -0.00000000	     -0.00000000	     -0.00000000
      0.36600000	     -0.00000000	      0.00000000	     -0.00000000	      0.00000000	     -0.00000000	     -0.00000000	     -0.00000000	     -0.00000000	     -0.00000000
      0.36700000	     -0.00000000	      0.00000000	     -0.00000000	     -0.00000000	      0.00000000	     -0.00000000	     -0.00000000	     -0.00000000	     -0.00000000
      0.36800000	     -0.00000000	      0.00000000	     -0.00000000	    712.19249691	     -0.00000000	     -0.00000000	     -0.00000000	     -0.00000000	     -0.00000000
      0.36900000	     -0.00000000	      0.00000000	     -0.00000000	     -0.00000000	     -0.00000000	     -0.00000000	     -0.00000000	      0.00000000	     -0.00000000
      0.37000000	     -0.00000000	     -0.00000000	     -0.00000000	    250.10860584	     -0.00000000	     -0.00000000	     -0.00000000	     -0.00000000	     -0.00000000
      0.37100000	     -0.00000000	      0.00000000	     -0.00000000	      0.00000000	      0.00000000	     -0.00000000	     -0.00000000	     -0.00000000	     -0.00000000
      0.37200000	     -0.00000000	     -0.00000000	     -0.00000000	  -1663.31721350	      0.00000000	     -0.00000000	     -0.00000000	     -0.00000000	     -0.00000000
      0.37300000	     -0.00000000	     -0.00000000	     -0.00000000	      0.00000000	     -0.00000000	     -0.00000000	     -0.00000000	      0.00000000	     -0.00000000
      0.37400000	     -0.00000000	      0.00000000	     -0.00000000	      0.00000000	     -0.00000000	     -0.00000000	     -0.00000000	      0.00000000	     -0.00000000
      0.37500000	     -0.00000000	      0.00000000	     -0.00000000	     -0.00000000	      0.00000000	     -0.00000000	     -0.00000000	      0.00000000	     -0.00000000
      0.37600000	     -0.00000000	     -0.00000000	     -0.00000000	     -0.71631127	      0.00000000	     -0.00000000	     -0.00000000	     -0.00000000	     -0.00000000
      0.37700000	     -0.00000000	      0.00000000	     -0.00000000	     -0.00000000	      0.00000000	     -0.00000000	     -0.00000000	     -0.00000000	     -0.00000000
      0.37800000	     -0.00000000	      0.00000000	     -0.00000000	    839.89039868	     -0.00000000	     -0.00000000	     -0.00000000	      0.00000000	     -0.00000000
      0.37900000	     -0.00000000	     -0.00000000	     -0.00000000	      0.00000000	     -0.00000000	     -0.00000000	     -0.00000000	     -0.00000000	     -0.00000000
      0.38000000	     -0.00000000	      0.00000000	     -0.00000000	     -0.00000000	      0.00000000	     -0.00000000	     -0.00000000	     -0.00000000	     -0.00000000
      0.38100000	     -0.00000000	     -0.00000000	     -0.00000000	      0.08811293	     -0.00000000	     -0.00000000	     -0.00000000	     -0.00000000	     -0.00000000
      0.38200000	     -0.00000000	      0.00000000	     -0.00000000	     -0.00000000	     -0.00000000	     -0.00000000	     -0.00000000	     -0.00000000	     -0.00000000
      0.38300000	     -0.00000000	      0.00000000	     -0.00000000	      0.00000000	     -0.00000000	     -0.00000000	     -0.00000000	     -0.00000000	     -0.00000000
      0.38400000	     -0.00000000	     -0.00000000	     -0.00000000	     -0.00000000	      0.00000000	     -0.00000000	     -0.00000000	      0.00000000	     -0.00000000
      0.38500000	     -0.00000000	     -0.00000000	     -0.00000000	      0.00000000	     -0.00000000	     -0.00000000	     -0.00000000	     -0.00000000	     -0.00000000
      0.38600000	     -0.00000000	     -0.00000000	     -0.00000000	      0.00000000	     -0.00000000	     -0.00000000	     -0.00000000	     -0.00000000	     -0.00000000
      0.38700000	     -0.00000000	     -0.00000000	     -0.00000000	     -0.00000000	      0.00000000	     -0.00000000	     -0.00000000	     -0.00000000	     -0.00000000
      0.38800000	     -0.00000000	      0.00000000	     -0.00000000	     -0.00000000	      0.00000000	     -0.00000000	     -0.00000000	      0.00000000	     -0.00000000
      0.38900000	     -0.00000000	      0.00000000	     -0.00000000	      0.00000000	     -0.00000000	     -0.00000000	     -0.00000000	      0.00000000	     -0.00000000
      0.39000000	     -0.00000000	      0.00000000	     -0.00000000	     -0.00000000	      0.00000000	     -0.00000000	     -0.00000000	     -0.00000000	     -0.00000000
      0.39100000	     -0.00000000	      0.00000000	     -0.00000000	    656.59075461	     -0.00000000	     -0.00000000	     -0.00000000	      0.00000000	     -0.00000000
      0.39200000	     -0.00000000	     -0.00000000	     -0.00000000	      0.00000000	     -0.00000000	     -0.00000000	     -0.00000000	      0.00000000	     -0.00000000
      0.39300000	     -0.00000000	      0.00000000	     -0.00000000	     -0.11078998	      0.00000000	     -0.00000000	     -0.00000000	     -0.00000000	     -0.00000000
      0.39400000	     -0.00000000	      0.00000000	     -0.00000000	      0.00000000	     -0.00000000	     -0.00000000	     -0.00000000	      0.00000000	     -0.00000000
      0.39500000	     -0.00000000	     -0.00000000	     -0.00000000	     -0.00000000	      0.00000000	     -0.00000000	     -0.00000000	     -0.00000000	     -0.00000000
      0.39600000	     -0.00000000	     -0.00000000	     -0.00000000	     -0.00000017	      0.00000000	     -0.00000000	     -0.00000000	      0.00000000	     -0.00000000
      0.39700000	     -0.00000000	      0.00000000	     -0.00000000	      0.00000000	     -0.00000000	     -0.00000000	     -0.00000000	     -0.00000000	     -0.00000000
      0.39800000	     -0.00000000	      0.00000000	     -0.00000000	     -0.00000000	      0.00000000	     -0.00000000	     -0.00000000	      0.00000000	     -0.00000000
      0.39900000	     -0.00000000	     -0.00000000	     -0.00000000	   -292.05880812	      0.00000000	     -0.00000000	     -0.00000000	      0.00000000	     -0.00000000
      0.40000000	     -0.00000000	     -0.00000000	     -0.00000000	    264.44610993	     -0.00000000	     -0.00000000	     -0.00000000	      0.00000000	     -0.00000000
      0.40100000	     -0.00000000	      0.00000000	     -0.00000000	      0.00000000	     -0.00000000	     -0.00000000	     -0.00000000	      0.00000000	     -0.00000000
      0.40200000	     -0.00000000	     -0.00000000	     -0.00000000	     -0.00000000	      0.00000000	     -0.00000000	     -0.00000000	     -0.00000000	     -0.00000000
      0.40300000	     -0.00000000	     -0.00000000	     -0.00000000	   -420.60062256	      0.00000000	     -0.00000000	     -0.00000000	      0.00000000	     -0.00000000
      0.40400000	     -0.00000000	      0.00000000	     -0.00000000	    632.13281893	     -0.00000000	     -0.00000000	     -0.00000000	     -0.00000000	     -0.00000000
      0.40500000	     -0.00000000	     -0.00000000	     -0.00000000	      6.88680570	     -0.00000000	     -0.00000000	     -0.00000000	     -0.00000000	     -0.00000000
      0.40600000	     -0.00000000	     -0.00000000	     -0.00000000	      0.00000000	     -0.00000000	     -0.00000000	     -0.00000000	     -0.00000000	     -0.00000000
      0.40700000	     -0.00000000	      0.00000000	     -0.00000000	     -0.00000000	      0.00000000	     -0.00000000	     -0.00000000	     -0.00000000	     -0.00000000
      0.40800000	     -0.00000000	      0.00000000	     -0.00000000	      0.00000000	      0.00000000	     -0.00000000	     -0.00000000	     -0.00000000	     -0.00000000
      0.40900000	     -0.00000000	     -0.00000000	     -0.00000000	      0.00000000	     -0.00000000	     -0.00000000	     -0.00000000	      0.00000000	     -0.00000000
      0.41000000	     -0.00000000	     -0.00000000	     -0.00000000	      0.00000000	      0.00000000	     -0.00000000	     -0.00000000	      0.00000000	     -0.00000000
      0.41100000	     -0.00000000	      0.00000000	     -0.00000000	     -0.00000000	      0.00000000	     -0.00000000	     -0.00000000	      0.00000000	     -0.00000000
      0.41200000	     -0.00000000	     -0.00000000	     -0.00000000	   -166.54920715	      0.00000000	     -0.00000000	     -0.00000000	     -0.00000000	     -0.00000000
      0.41300000	     -0.00000000	     -0.00000000	     -0.00000000	      0.00000000	     -0.00000000	     -0.00000000	     -0.00000000	     -0.00000000	     -0.00000000
      0.41400000	     -0.00000000	      0.00000000	     -0.00000000	     -0.00000000	      0.00000000	     -0.00000000	     -0.00000000	     -0.00000000	     -0.00000000
      0.41500000	     -0.00000000	     -0.00000000	     -0.00000000	     -0.00000000	      0.00000000	     -0.00000000	     -0.00000000	      0.00000000	     -0.00000000
      0.41600000	     -0.00000000	     -0.00000000	     -0.00000000	      0.00000000	     -0.00000000	     -0.00000000	     -0.00000000	     -0.00000000	     -0.00000000
      0.41700000	     -0.00000000	     -0.00000000	     -0.00000000	     -0.00000000	      0.00000000	     -0.00000000	     -0.00000000	      0.00000000	     -0.00000000
      0.41800000	     -0.00000000	      0.00000000	     -0.00000000	    723.25851869	     -0.00000000	     -0.00000000	     -0.00000000	     -0.00000000	     -0.00000000
      0.41900000	     -0.00000000	      0.00000000	     -0.00000000	      0.00000000	     -0.00000000	     -0.00000000	     -0.00000000	      0.00000000	     -0.00000000
      0.42000000	     -0.00000000	     -0.00000000	     -0.00000000	     -0.00000000	      0.00000000	     -0.00000000	     -0.00000000	     -0.00000000	     -0.00000000
      0.42100000	     -0.00000000	      0.00000000	     -0.00000000	   1180.00030985	     -0.00000000	     -0.00000000	     -0.00000000	     -0.00000000	     -0.00000000
      0.42200000	     -0.00000000	      0.00000000	     -0.00000000	      0.00000000	      0.00000000	     -0.00000000	     -0.00000000	      0.00000000	     -0.00000000
      0.42300000	     -0.00000000	     -0.00000000	     -0.00000000	     -0.00000000	      0.00000000	     -0.00000000	     -0.00000000	     -0.00000000	     -0.00000000
      0.42400000	     -0.00000000	      0.00000000	     -0.00000000	      0.00000000	     -0.00000000	     -0.00000000	     -0.00000000	     -0.00000000	     -0.00000000
      0.42500000	     -0.00000000	     -0.00000000	     -0.00000000	     -0.00000000	      0.00000000	     -0.00000000	     -0.00000000	     -0.00000000	     -0.00000000
      0.42600000	     -0.00000000	      0.00000000	     -0.00000000	      0.00000000	     -0.00000000	     -0.00000000	     -0.00000000	     -0.00000000	     -0.00000000
      0.42700000	     -0.00000000	      0.00000000	     -0.00000000	     -0.00000000	      0.00000000	     -0.00000000	     -0.00000000	     -0.00000000	     -0.00000000
      0.42800000	     -0.00000000	     -0.00000000	     -0.00000000	    251.17814471	     -0.00000000	     -0.00000000	     -0.00000000	     -0.00000000	     -0.00000000
      0.42900000	     -0.00000000	     -0.00000000	     -0.00000000	      0.00000000	     -0.00000000	     -0.00000000	     -0.00000000	      0.00000000	     -0.00000000
      0.43000000	     -0.00000000	     -0.00000000	     -0.00000000	  -1790.59514264	      0.00000000	     -0.00000000	     -0.00000000	     -0.00000000	     -0.00000000
      0.43100000	     -0.00000000	     -0.00000000	     -0.00000000	      0.00000000	     -0.00000000	     -0.00000000	     -0.00000000	      0.00000000	     -0.00000000
      0.43200000	     -0.00000000	     -0.00000000	     -0.00000000	     -0.00000000	      0.00000000	     -0.00000000	     -0.00000000	     -0.00000000	     -0.00000000
      0.43300000	     -0.00000000	      0.00000000	     -0.00000000	     -0.00000000	      0.00000000	     -0.00000000	     -0.00000000	      0.00000000	     -0.00000000
      0.43400000	     -0.00000000	      0.00000000	     -0.00000000	     -0.05088973	      0.00000000	     -0.00000000	     -0.00000000	     -0.00000000	     -0.00000000
      0.43500000	     -0.00000000	     -0.00000000	     -0.00000000	     57.48470756	      0.00000000	     -0.00000000	     -0.00000000	     -0.00000000	     -0.00000000
      0.43600000	     -0.00000000	      0.00000000	     -0.00000000	      0.00000000	     -0.00000000	     -0.00000000	     -0.00000000	     -0.00000000	     -0.00000000
      0.43700000	     -0.00000000	      0.00000000	     -0.00000000	     -0.00000000	      0.00000000	     -0.00000000	     -0.00000000	     -0.00000000	     -0.00000000
      0.43800000	     -0.00000000	     -0.00000000	     -0.00000000	      0.00000000	     -0.00000000	     -0.00000000	     -0.00000000	      0.00000000	     -0.00000000
      0.43900000	     -0.00000000	     -0.00000000	     -0.00000000	     -0.00000000	      0.00000000	     -0.00000000	     -0.00000000	      0.00000000	     -0.00000000
      0.44000000	     -0.00000000	     -0.00000000	     -0.00000000	     -0.03859093	      0.00000000	     -0.00000000	     -0.00000000	      0.00000000	     -0.00000000
      0.44100000	     -0.00000000	     -0.00000000	     -0.00000000	      0.00000000	     -0.00000000	     -0.00000000	     -0.00000000	     -0.00000000	     -0.00000000
      0.44200000	     -0.00000000	      0.00000000	     -0.00000000	      0.00000000	     -0.00000000	     -0.00000000	     -0.00000000	     -0.00000000	     -0.00000000
      0.44300000	     -0.00000000	     -0.00000000	     -0.00000000	     -0.00000000	     -0.00000000	     -0.00000000	     -0.00000000	     -0.00000000	     -0.00000000
      0.44400000	     -0.00000000	     -0.00000000	     -0.00000000	      0.00000000	     -0.00000000	     -0.00000000	     -0.00000000	      0.00000000	     -0.00000000
      0.44500000	     -0.00000000	     -0.00000000	     -0.00000000	     -0.00000000	      0.00000000	     -0.00000000	     -0.00000000	     -0.00000000	     -0.00000000
      0.44600000	     -0.00000000	      0.00000000	     -0.00000000	      0.00000000	     -0.00000000	     -0.00000000	     -0.00000000	     -0.00000000	     -0.00000000
      0.44700000	     -0.00000000	     -0.00000000	     -0.00000000	     -0.00000000	      0.00000000	     -0.00000000	     -0.00000000	      0.00000000	     -0.00000000
      0.44800000	     -0.00000000	      0.00000000	     -0.00000000	  -2112.57943706	      0.00000000	     -0.00000000	     -0.00000000	     -0.00000000	     -0.00000000
      0.44900000	     -0.00000000	     -0.00000000	     -0.00000000	   2061.99901961	     -0.00000000	     -0.00000000	     -0.00000000	      0.00000000	     -0.00000000
      0.45000000	     -0.00000000	      0.00000000	     -0.00000000	      0.00000000	     -0.00000000	     -0.00000000	     -0.00000000	      0.00000000	     -0.00000000
      0.45100000	     -0.00000000	      0.00000000	     -0.00000000	     -0.00000000	     -0.00000000	     -0.00000000	     -0.00000000	      0.00000000	     -0.00000000
      0.45200000	     -0.00000000	      0.00000000	     -0.00000000	     -0.00000000	      0.00000000	     -0.00000000	     -0.00000000	      0.00000000	     -0.00000000
      0.45300000	     -0.00000000	      0.00000000	     -0.00000000	     -0.00000000	      0.00000000	     -0.00000000	     -0.00000000	     -0.00000000	     -0.00000000
      0.45400000	     -0.00000000	     -0.00000000	     -0.00000000	     -0.00000000	      0.00000000	     -0.00000000	     -0.00000000	     -0.00000000	     -0.00000000
      0.45500000	     -0.00000000	      0.00000000	     -0.00000000	      0.00031838	      0.00000000	     -0.00000000	     -0.00000000	      0.00000000	     -0.00000000
      0.45600000	     -0.00000000	     -0.00000000	     -0.00000000	    -15.69006161	      0.00000000	     -0.00000000	     -0.00000000	     -0.00000000	     -0.00000000
      0.45700000	     -0.00000000	      0.00000000	     -0.00000000	      0.00000000	     -0.00000000	     -0.00000000	     -0.00000000	     -0.00000000	     -0.00000000
      0.45800000	     -0.00000000	      0.00000000	     -0.00000000	      0.00000000	     -0.00000000	     -0.00000000	     -0.00000000	      0.00000000	     -0.00000000
      0.45900000	     -0.00000000	     -0.00000000	     -0.00000000	  -1046.20856826	      0.00000000	     -0.00000000	     -0.00000000	     -0.00000000	     -0.00000000
      0.46000000	     -0.00000000	      0.00000000	     -0.00000000	    279.13404554	     -0.00000000	     -0.00000000	     -0.00000000	     -0.00000000	     -0.00000000
      0.46100000	     -0.00000000	      0.00000000	     -0.00000000	      0.00000000	     -0.00000000	     -0.00000000	     -0.00000000	      0.00000000	     -0.00000000
      0.46200000	     -0.00000000	     -0.00000000	     -0.00000000	     -0.00000000	      0.00000000	     -0.00000000	     -0.00000000	     -0.00000000	     -0.00000000
      0.46300000	     -0.00000000	     -0.00000000	     -0.00000000	      0.00000000	     -0.00000000	     -0.00000000	     -0.00000000	     -0.00000000	     -0.00000000
      0.46400000	     -0.00000000	      0.00000000	     -0.00000000	      0.00000000	     -0.00000000	     -0.00000000	     -0.00000000	      0.00000000	     -0.00000000
      0.46500000	     -0.00000000	     -0.00000000	     -0.00000000	      0.00000000	      0.00000000	     -0.00000000	     -0.00000000	     -0.00000000	     -0.00000000
      0.46600000	     -0.00000000	      0.00000000	     -0.00000000	     -0.00000000	      0.00000000	     -0.00000000	     -0.00000000	     -0.00000000	     -0.00000000
      0.46700000	     -0.00000000	     -0.00000000	     -0.00000000	      0.00000000	     -0.00000000	     -0.00000000	     -0.00000000	      0.00000000	     -0.00000000
      0.46800000	     -0.00000000	      0.00000000	     -0.00000000	     -0.00000000	      0.00000000	     -0.00000000	     -0.00000000	     -0.00000000	     -0.00000000
      0.46900000	     -0.00000000	      0.00000000	     -0.00000000	     -0.00000000	      0.00000000	     -0.00000000	     -0.00000000	      0.00000000	     -0.00000000
      0.47000000	     -0.00000000	     -0.00000000	     -0.00000000	      7.34984247	     -0.00000000	     -0.00000000	     -0.00000000	     -0.00000000	     -0.00000000
      0.47100000	     -0.00000000	     -0.00000000	     -0.00000000	      0.00000000	     -0.00000000	     -0.00000000	     -0.00000000	      0.00000000	     -0.00000000
      0.47200000	     -0.00000000	      0.00000000	     -0.00000000	     -0.00000000	      0.00000000	     -0.00000000	     -0.00000000	     -0.00000000	     -0.00000000
      0.47300000	     -0.00000000	     -0.00000000	     -0.00000000	      2.52166369	     -0.00000000	     -0.00000000	     -0.00000000	     -0.00000000	     -0.00000000
      0.47400000	     -0.00000000	      0.00000000	     -0.00000000	      0.00000000	     -0.00000000	     -0.00000000	     -0.00000000	     -0.00000000	     -0.00000000
      0.47500000	     -0.00000000	     -0.00000000	     -0.00000000	     -0.00000000	      0.00000000	     -0.00000000	     -0.00000000	     -0.00000000	     -0.00000000
      0.47600000	     -0.00000000	     -0.00000000	     -0.00000000	      0.00000000	      0.00000000	     -0.00000000	     -0.00000000	     -0.00000000	     -0.00000000
      0.47700000	     -0.00000000	      0.00000000	     -0.00000000	     -0.00000000	      0.00000000	     -0.00000000	     -0.00000000	     -0.00000000	     -0.00000000
      0.47800000	     -0.00000000	      0.00000000	     -0.00000000	     40.32059671	     -0.00000000	     -0.00000000	     -0.00000000	      0.00000000	     -0.00000000
      0.47900000	     -0.00000000	     -0.00000000	     -0.00000000	      0.00000000	     -0.00000000	     -0.00000000	     -0.00000000	     -0.00000000	     -0.00000000
      0.48000000	     -0.00000000	     -0.00000000	     -0.00000000	      0.00000000	     -0.00000000	     -0.00000000	     -0.00000000	     -0.00000000	     -0.00000000
      0.48100000	     -0.00000000	      0.00000000	     -0.00000000	     -0.00000000	      0.00000000	     -0.00000000	     -0.00000000	     -0.00000000	     -0.00000000
      0.48200000	     -0.00000000	     -0.00000000	     -0.00000000	      0.00000000	     -0.00000000	     -0.00000000	     -0.00000000	     -0.00000000	     -0.00000000
      0.48300000	     -0.00000000	      0.00000000	     -0.00000000	     -0.00000000	      0.00000000	     -0.00000000	     -0.00000000	      0.00000000	     -0.00000000
      0.48400000	     -0.00000000	     -0.00000000	     -0.00000000	      0.00000000	     -0.00000000	     -0.00000000	     -0.00000000	     -0.00000000	     -0.00000000
      0.48500000	     -0.00000000	     -0.00000000	     -0.00000000	     -0.00000000	      0.00000000	     -0.00000000	     -0.00000000	     -0.00000000	     -0.00000000
      0.48600000	     -0.00000000	      0.00000000	     -0.00000000	      0.12077324	     -0.00000000	     -0.00000000	     -0.00000000	     -0.00000000	     -0.00000000
      0.48700000	     -0.00000000	     -0.00000000	     -0.00000000	     -0.00000000	      0.00000000	     -0.00000000	     -0.00000000	     -0.00000000	     -0.00000000
      0.48800000	     -0.00000000	     -0.00000000	     -0.00000000	   -384.76631509	      0.00000000	     -0.00000000	     -0.00000000	     -0.00000000	     -0.00000000
      0.48900000	     -0.00000000	     -0.00000000	     -0.00000000	      0.00000000	     -0.00000000	     -0.00000000	     -0.00000000	     -0.00000000	     -0.00000000
      0.49000000	     -0.00000000	      0.00000000	     -0.00000000	      0.00000000	     -0.00000000	     -0.00000000	     -0.00000000	      0.00000000	     -0.00000000
      0.49100000	     -0.00000000	     -0.00000000	     -0.00000000	      0.00000000	     -0.00000000	     -0.00000000	     -0.00000000	      0.00000000	     -0.00000000
      0.49200000	     -0.00000000	      0.00000000	     -0.00000000	   -892.55230761	      0.00000000	     -0.00000000	     -0.00000000	      0.00000000	     -0.00000000
      0.49300000	     -0.00000000	     -0.00000000	     -0.00000000	      0.00000000	     -0.00000000	     -0.00000000	     -0.00000000	      0.00000000	     -0.00000000
      0.49400000	     -0.00000000	     -0.00000000	     -0.00000000	      0.00000000	     -0.00000000	     -0.00000000	     -0.00000000	     -0.00000000	     -0.00000000
      0.49500000	     -0.00000000	      0.00000000	     -0.00000000	     -0.00000000	      0.00000000	     -0.00000000	     -0.00000000	     -0.00000000	     -0.00000000
      0.49600000	     -0.00000000	      0.00000000	     -0.00000000	      0.00000000	     -0.00000000	     -0.00000000	     -0.00000000	     -0.00000000	     -0.00000000
      0.49700000	     -0.00000000	     -0.00000000	     -0.00000000	      0.00000000	     -0.00000000	     -0.00000000	     -0.00000000	     -0.00000000	     -0.00000000
      0.49800000	     -0.00000000	     -0.00000000	     -0.00000000	     -0.00000000	      0.00000000	     -0.00000000	     -0.00000000	      0.00000000	     -0.00000000
      0.49900000	     -0.00000000	      0.00000000	     -0.00000000	      0.00000000	      0.00000000	     -0.00000000	     -0.00000000	     -0.00000000	     -0.00000000
      0.50000000	     -0.00000000	      0.00000000	     -0.00000000	     -0.00000000	      0.00000000	     -0.00000000	     -0.00000000	      0.00000000	     -0.00000000
      0.50100000	     -0.00000000	      0.00000000	     -0.00000000	     -0.00000000	      0.00000000	     -0.00000000	     -0.00000000	     -0.00000000	     -0.00000000
      0.50200000	     -0.00000000	     -0.00000000	     -0.00000000	      0.00000000	     -0.00000000	     -0.00000000	     -0.00000000	     -0.00000000	     -0.00000000
      0.50300000	     -0.00000000	      0.00000000	     -0.00000000	     -0.00000000	      0.00000000	     -0.00000000	     -0.00000000	      0.00000000	     -0.00000000
      0.50400000	     -0.00000000	      0.00000000	     -0.00000000	     -0.00000000	      0.00000000	     -0.00000000	     -0.00000000	      0.00000000	     -0.00000000
      0.50500000	     -0.00000000	     -0.00000000	     -0.00000000	      0.00000000	     -0.00000000	     -0.00000000	     -0.00000000	     -0.00000000	     -0.00000000
      0.50600000	     -0.00000000	     -0.00000000	     -0.00000000	     -0.00000000	      0.00000000	     -0.00000000	     -0.00000000	     -0.00000000	     -0.00000000
      0.50700000	     -0.00000000	      0.00000000	     -0.00000000	    118.71634971	     -0.00000000	     -0.00000000	     -0.00000000	      0.00000000	     -0.00000000
      0.50800000	     -0.00000000	      0.00000000	     -0.00000000	     -0.00000000	      0.00000000	     -0.00000000	     -0.00000000	     -0.00000000	     -0.00000000
      0.50900000	     -0.00000000	     -0.00000000	     -0.00000000	   -108.89989276	      0.00000000	     -0.00000000	     -0.00000000	     -0.00000000	     -0.00000000
      0.51000000	     -0.00000000	     -0.00000000	     -0.00000000	      0.00000000	     -0.00000000	     -0.00000000	     -0.00000000	     -0.00000000	     -0.00000000
      0.51100000	     -0.00000000	      0.00000000	     -0.00000000	     -0.00000000	      0.00000000	     -0.00000000	     -0.00000000	     -0.00000000	     -0.00000000
      0.51200000	     -0.00000000	     -0.00000000	     -0.00000000	      0.49337558	     -0.00000000	     -0.00000000	     -0.00000000	     -0.00000000	     -0.00000000
      0.51300000	     -0.00000000	     -0.00000000	     -0.00000000	      0.00000000	     -0.00000000	     -0.00000000	     -0.00000000	     -0.00000000	     -0.00000000
      0.51400000	     -0.00000000	      0.00000000	     -0.00000000	     -0.00000000	      0.00000000	     -0.00000000	     -0.00000000	      0.00000000	     -0.00000000
      0.51500000	     -0.00000000	     -0.00000000	     -0.00000000	      0.00000000	      0.00000000	     -0.00000000	     -0.00000000	     -0.00000000	     -0.00000000
      0.51600000	     -0.00000000	      0.00000000	     -0.00000000	      0.00000000	     -0.00000000	     -0.00000000	     -0.00000000	      0.00000000	     -0.00000000
      0.51700000	     -0.00000000	     -0.00000000	     -0.00000000	     -0.00000000	      0.00000000	     -0.00000000	     -0.00000000	      0.00000000	     -0.00000000
      0.51800000	     -0.00000000	      0.00000000	     -0.00000000	     -0.00000000	      0.00000000	     -0.00000000	     -0.00000000	      0.00000000	     -0.00000000
      0.51900000	     -0.00000000	      0.00000000	     -0.00000000	      0.00000000	     -0.00000000	     -0.00000000	     -0.00000000	      0.00000000	     -0.00000000
      0.52000000	     -0.00000000	     -0.00000000	     -0.00000000	     -0.00000000	      0.00000000	     -0.00000000	     -0.00000000	     -0.00000000	     -0.00000000
      0.52100000	     -0.00000000	     -0.00000000	     -0.00000000	     -0.00000000	      0.00000000	     -0.00000000	     -0.00000000	      0.00000000	     -0.00000000
      0.52200000	     -0.00000000	      0.00000000	     -0.00000000	     -0.00000000	     -0.00000000	     -0.00000000	     -0.00000000	      0.00000000	     -0.00000000
      0.52300000	     -0.00000000	      0.00000000	     -0.00000000	      0.00000000	     -0.00000000	     -0.00000000	     -0.00000000	     -0.00000000	     -0.00000000
      0.52400000	     -0.00000000	     -0.00000000	     -0.00000000	      0.00000000	     -0.00000000	     -0.00000000	     -0.00000000	     -0.00000000	     -0.00000000
      0.52500000	     -0.00000000	      0.00000000	     -0.00000000	     -0.00000000	      0.00000000	     -0.00000000	     -0.00000000	     -0.00000000	     -0.00000000
      0.52600000	     -0.00000000	      0.00000000	     -0.00000000	      0.00000000	     -0.00000000	     -0.00000000	     -0.00000000	     -0.00000000	     -0.00000000
      0.52700000	     -0.00000000	     -0.00000000	     -0.00000000	      0.00000000	     -0.00000000	     -0.00000000	     -0.00000000	     -0.00000000	     -0.00000000
      0.52800000	     -0.00000000	     -0.00000000	     -0.00000000	     -0.00000000	      0.00000000	     -0.00000000	     -0.00000000	     -0.00000000	     -0.00000000
      0.52900000	     -0.00000000	     -0.00000000	     -0.00000000	      0.00000000	     -0.00000000	     -0.00000000	     -0.00000000	     -0.00000000	     -0.00000000
      0.53000000	     -0.00000000	      0.00000000	     -0.00000000	     -0.00000000	      0.00000000	     -0.00000000	     -0.00000000	      0.00000000	     -0.00000000
      0.53100000	     -0.00000000	      0.00000000	     -0.00000000	     -0.00000000	      0.00000000	     -0.00000000	     -0.00000000	      0.00000000	     -0.00000000
      0.53200000	     -0.00000000	      0.00000000	     -0.00000000	      0.00000000	     -0.00000000	     -0.00000000	     -0.00000000	      0.00000000	     -0.00000000
      0.53300000	     -0.00000000	      0.00000000	     -0.00000000	     -0.00000000	      0.00000000	     -0.00000000	     -0.00000000	     -0.00000000	     -0.00000000
      0.53400000	     -0.00000000	     -0.00000000	     -0.00000000	      0.00000000	     -0.00000000	     -0.00000000	     -0.00000000	     -0.00000000	     -0.00000000
      0.53500000	     -0.00000000	      0.00000000	     -0.00000000	     -0.00000000	      0.00000000	     -0.00000000	     -0.00000000	     -0.00000000	     -0.00000000
      0.53600000	     -0.00000000	     -0.00000000	     -0.00000000	   -231.35306092	      0.00000000	     -0.00000000	     -0.00000000	     -0.00000000	     -0.00000000
      0.53700000	     -0.00000000	     -0.00000000	     -0.00000000	      0.00000000	     -0.00000000	     -0.00000000	     -0.00000000	     -0.00000000	     -0.00000000
      0.53800000	     -0.00000000	      0.00000000	     -0.00000000	     -0.00000000	      0.00000000	     -0.00000000	     -0.00000000	     -0.00000000	     -0.00000000
      0.53900000	     -0.00000000	     -0.00000000	     -0.00000000	    -73.65735120	      0.00000000	     -0.00000000	     -0.00000000	      0.00000000	     -0.00000000
      0.54000000	     -0.00000000	      0.00000000	     -0.00000000	      0.00000000	     -0.00000000	     -0.00000000	     -0.00000000	     -0.00000000	     -0.00000000
      0.54100000	     -0.00000000	      0.00000000	     -0.00000000	     -0.00000000	      0.00000000	     -0.00000000	     -0.00000000	      0.00000000	     -0.00000000
      0.54200000	     -0.00000000	     -0.00000000	     -0.00000000	      0.00000000	     -0.00000000	     -0.00000000	     -0.00000000	     -0.00000000	     -0.00000000
      0.54300000	     -0.00000000	      0.00000000	     -0.00000000	      0.00000000	     -0.00000000	     -0.00000000	     -0.00000000	     -0.00000000	     -0.00000000
      0.54400000	     -0.00000000	     -0.00000000	     -0.00000000	     -0.00000000	      0.00000000	     -0.00000000	     -0.00000000	     -0.00000000	     -0.00000000
      0.54500000	     -0.00000000	     -0.00000000	     -0.00000000	      0.00000000	      0.00000000	     -0.00000000	     -0.00000000	     -0.00000000	     -0.00000000
      0.54600000	     -0.00000000	     -0.00000000	     -0.00000000	     -0.00000000	     -0.00000000	     -0.00000000	     -0.00000000	      0.00000000	     -0.00000000
      0.54700000	     -0.00000000	     -0.00000000	     -0.00000000	      0.01104091	      0.00000000	     -0.00000000	     -0.00000000	     -0.00000000	     -0.00000000
      0.54800000	     -0.00000000	      0.00000000	     -0.00000000	     -0.00000000	     -0.00000000	     -0.00000000	     -0.00000000	      0.00000000	     -0.00000000
      0.54900000	     -0.00000000	     -0.00000000	     -0.00000000	      0.00000000	     -0.00000000	     -0.00000000	     -0.00000000	      0.00000000	     -0.00000000
      0.55000000	     -0.00000000	     -0.00000000	     -0.00000000	      0.00000000	     -0.00000000	     -0.00000000	     -0.00000000	      0.00000000	     -0.00000000
      0.55100000	     -0.00000000	      0.00000000	     -0.00000000	      0.00000000	     -0.00000000	     -0.00000000	     -0.00000000	      0.00000000	     -0.00000000
      0.55200000	     -0.00000000	     -0.00000000	     -0.00000000	      0.00000000	      0.00000000	     -0.00000000	     -0.00000000	     -0.00000000	     -0.00000000
      0.55300000	     -0.00000000	      0.00000000	     -0.00000000	     -0.00000000	      0.00000000	     -0.00000000	     -0.00000000	     -0.00000000	     -0.00000000
      0.55400000	     -0.00000000	      0.00000000	     -0.00000000	     -0.00000000	      0.00000000	     -0.00000000	     -0.00000000	      0.00000000	     -0.00000000
      0.55500000	     -0.00000000	      0.00000000	     -0.00000000	     -0.00000000	      0.00000000	     -0.00000000	     -0.00000000	     -0.00000000	     -0.00000000
      0.55600000	     -0.00000000	      0.00000000	     -0.00000000	     -0.37540666	      0.00000000	     -0.00000000	     -0.00000000	     -0.00000000	     -0.00000000
      0.55700000	     -0.00000000	     -0.00000000	     -0.00000000	      0.00000000	     -0.00000000	     -0.00000000	     -0.00000000	     -0.00000000	     -0.00000000
      0.55800000	     -0.00000000	     -0.00000000	     -0.00000000	      0.00000000	     -0.00000000	     -0.00000000	     -0.00000000	     -0.00000000	     -0.00000000
      0.55900000	     -0.00000000	      0.00000000	     -0.00000000	     -0.00000000	      0.00000000	     -0.00000000	     -0.00000000	      0.00000000	     -0.00000000
      0.56000000	     -0.00000000	      0.00000000	     -0.00000000	      0.00000000	     -0.00000000	     -0.00000000	     -0.00000000	      0.00000000	     -0.00000000
      0.56100000	     -0.00000000	      0.00000000	     -0.00000000	     -0.00000000	      0.00000000	     -0.00000000	     -0.00000000	      0.00000000	     -0.00000000
      0.56200000	     -0.00000000	     -0.00000000	     -0.00000000	   -280.21387193	      0.00000000	     -0.00000000	     -0.00000000	     -0.00000000	     -0.00000000
      0.56300000	     -0.00000000	      0.00000000	     -0.00000000	      0.00000000	     -0.00000000	     -0.00000000	     -0.00000000	      0.00000000	     -0.00000000
      0.56400000	     -0.00000000	     -0.00000000	     -0.00000000	     -0.00000000	      0.00000000	     -0.00000000	     -0.00000000	     -0.00000000	     -0.00000000
      0.56500000	     -0.00000000	     -0.00000000	     -0.00000000	      0.00000000	     -0.00000000	     -0.00000000	     -0.00000000	      0.00000000	     -0.00000000
      0.56600000	     -0.00000000	      0.00000000	     -0.00000000	      0.00000000	     -0.00000000	     -0.00000000	     -0.00000000	     -0.00000000	     -0.00000000
      0.56700000	     -0.00000000	     -0.00000000	     -0.00000000	     -0.00000000	      0.00000000	     -0.00000000	     -0.00000000	     -0.00000000	     -0.00000000
      0.56800000	     -0.00000000	      0.00000000	     -0.00000000	     -0.00000000	     -0.00000000	     -0.00000000	     -0.00000000	     -0.00000000	     -0.00000000
      0.56900000	     -0.00000000	      0.00000000	     -0.00000000	     -0.00000000	      0.00000000	     -0.00000000	     -0.00000000	      0.00000000	     -0.00000000
      0.57000000	     -0.00000000	     -0.00000000	     -0.00000000	      0.00000000	     -0.00000000	     -0.00000000	     -0.00000000	     -0.00000000	     -0.00000000
      0.57100000	     -0.00000000	      0.00000000	     -0.00000000	      0.00000000	     -0.00000000	     -0.00000000	     -0.00000000	     -0.00000000	     -0.00000000
      0.57200000	     -0.00000000	      0.00000000	     -0.00000000	     -0.00000000	      0.00000000	     -0.00000000	     -0.00000000	     -0.00000000	     -0.00000000
      0.57300000	     -0.00000000	     -0.00000000	     -0.00000000	      0.00000000	     -0.00000000	     -0.00000000	     -0.00000000	     -0.00000000	     -0.00000000
      0.57400000	     -0.00000000	     -0.00000000	     -0.00000000	     -0.00000000	      0.00000000	     -0.00000000	     -0.00000000	      0.00000000	     -0.00000000
      0.57500000	     -0.00000000	      0.00000000	     -0.00000000	      0.00000000	     -0.00000000	     -0.00000000	     -0.00000000	     -0.00000000	     -0.00000000
      0.57600000	     -0.00000000	      0.00000000	     -0.00000000	     -0.00000000	      0.00000000	     -0.00000000	     -0.00000000	     -0.00000000	     -0.00000000
      0.57700000	     -0.00000000	     -0.00000000	     -0.00000000	      0.80182116	     -0.00000000	     -0.00000000	     -0.00000000	     -0.00000000	     -0.00000000
      0.57800000	     -0.00000000	      0.00000000	     -0.00000000	      0.00000000	     -0.00000000	     -0.00000000	     -0.00000000	     -0.00000000	     -0.00000000
      0.57900000	     -0.00000000	      0.00000000	     -0.00000000	     -0.00000000	      0.00000000	     -0.00000000	     -0.00000000	      0.00000000	     -0.00000000
      0.58000000	     -0.00000000	      0.00000000	     -0.00000000	     -0.00000000	      0.00000000	     -0.00000000	     -0.00000000	     -0.00000000	     -0.00000000
      0.58100000	     -0.00000000	     -0.00000000	     -0.00000000	      0.68913098	      0.00000000	     -0.00000000	     -0.00000000	      0.00000000	     -0.00000000
      0.58200000	     -0.00000000	     -0.00000000	     -0.00000000	      0.00000000	     -0.00000000	     -0.00000000	     -0.00000000	     -0.00000000	     -0.00000000
      0.58300000	     -0.00000000	      0.00000000	     -0.00000000	     -0.00000000	      0.00000000	     -0.00000000	     -0.00000000	     -0.00000000	     -0.00000000
      0.58400000	     -0.00000000	     -0.00000000	     -0.00000000	   -360.05264500	      0.00000000	     -0.00000000	     -0.00000000	     -0.00000000	     -0.00000000
      0.58500000	     -0.00000000	     -0.00000000	     -0.00000000	    865.12681762	     -0.00000000	     -0.00000000	     -0.00000000	     -0.00000000	     -0.00000000
      0.58600000	     -0.00000000	      0.00000000	     -0.00000000	      0.00000000	     -0.00000000	     -0.00000000	     -0.00000000	     -0.00000000	     -0.00000000
      0.58700000	     -0.00000000	     -0.00000000	     -0.00000000	      0.00000000	     -0.00000000	     -0.00000000	     -0.00000000	      0.00000000	     -0.00000000
      0.58800000	     -0.00000000	     -0.00000000	     -0.00000000	      0.00000000	     -0.00000000	     -0.00000000	     -0.00000000	      0.00000000	     -0.00000000
      0.58900000	     -0.00000000	     -0.00000000	     -0.00000000	     -0.00000000	     -0.00000000	     -0.00000000	     -0.00000000	     -0.00000000	     -0.00000000
      0.59000000	     -0.00000000	     -0.00000000	     -0.00000000	      0.00000000	      0.00000000	     -0.00000000	     -0.00000000	      0.00000000	     -0.00000000
      0.59100000	     -0.00000000	     -0.00000000	     -0.00000000	      0.00000000	     -0.00000000	     -0.00000000	     -0.00000000	     -0.00000000	     -0.00000000
      0.59200000	     -0.00000000	      0.00000000	     -0.00000000	     -0.00000000	      0.00000000	     -0.00000000	     -0.00000000	      0.00000000	     -0.00000000
      0.59300000	     -0.00000000	      0.00000000	     -0.00000000	     -0.00000000	      0.00000000	     -0.00000000	     -0.00000000	      0.00000000	     -0.00000000
      0.59400000	     -0.00000000	     -0.00000000	     -0.00000000	      0.00000000	     -0.00000000	     -0.00000000	     -0.00000000	     -0.00000000	     -0.00000000
      0.59500000	     -0.00000000	     -0.00000000	     -0.00000000	     -0.00000000	      0.00000000	     -0.00000000	     -0.00000000	     -0.00000000	     -0.00000000
      0.59600000	     -0.00000000	      0.00000000	     -0.00000000	      0.00000000	     -0.00000000	     -0.00000000	     -0.00000000	     -0.00000000	     -0.00000000
      0.59700000	     -0.00000000	     -0.00000000	     -0.00000000	      0.00000000	     -0.00000000	     -0.00000000	     -0.00000000	      0.00000000	     -0.00000000
      0.59800000	     -0.00000000	      0.00000000	     -0.00000000	      0.00000000	     -0.00000000	     -0.00000000	     -0.00000000	     -0.00000000	     -0.00000000
      0.59900000	     -0.00000000	     -0.00000000	     -0.00000000	     -0.00000000	      0.00000000	     -0.00000000	     -0.00000000	      0.00000000	     -0.00000000
      0.60000000	     -0.00000000	     -0.00000000	     -0.00000000	      0.00000000	     -0.00000000	     -0.00000000	     -0.00000000	     -0.00000000	     -0.00000000
      0.60100000	     -0.00000000	      0.00000000	     -0.00000000	     -0.00000000	      0.00000000	     -0.00000000	     -0.00000000	      0.00000000	     -0.00000000
      0.60200000	     -0.00000000	      0.00000000	     -0.00000000	  -1113.00589000	      0.00000000	     -0.00000000	     -0.00000000	     -0.00000000	     -0.00000000
      0.60300000	     -0.00000000	     -0.00000000	     -0.00000000	      0.00000000	     -0.00000000	     -0.00000000	     -0.00000000	      0.00000000	     -0.00000000
      0.60400000	     -0.00000000	     -0.00000000	     -0.00000000	     -0.00000000	      0.00000000	     -0.00000000	     -0.00000000	     -0.00000000	     -0.00000000
      0.60500000	     -0.00000000	      0.00000000	     -0.00000000	      0.00000000	     -0.00000000	     -0.00000000	     -0.00000000	     -0.00000000	     -0.00000000
      0.60600000	     -0.00000000	     -0.00000000	     -0.00000000	     -0.00000000	      0.00000000	     -0.00000000	     -0.00000000	     -0.00000000	     -0.00000000
      0.60700000	     -0.00000000	      0.00000000	     -0.00000000	     -0.00000000	      0.00000000	     -0.00000000	     -0.00000000	      0.00000000	     -0.00000000
      0.60800000	     -0.00000000	      0.00000000	     -0.00000000	     -0.00000000	      0.00000000	     -0.00000000	     -0.00000000	     -0.00000000	     -0.00000000
      0.60900000	     -0.00000000	      0.00000000	     -0.00000000	     -0.00000000	      0.00000000	     -0.00000000	     -0.00000000	     -0.00000000	     -0.00000000
      0.61000000	     -0.00000000	     -0.00000000	     -0.00000000	     -0.00000000	     -0.00000000	     -0.00000000	     -0.00000000	     -0.00000000	     -0.00000000
      0.61100000	     -0.00000000	     -0.00000000	     -0.00000000	      0.00000000	     -0.00000000	     -0.00000000	     -0.00000000	     -0.00000000	     -0.00000000
      0.61200000	     -0.00000000	      0.00000000	     -0.00000000	     -0.00000000	     -0.00000000	     -0.00000000	     -0.00000000	     -0.00000000	     -0.00000000
      0.61300000	     -0.00000000	      0.00000000	     -0.00000000	      0.00000000	      0.00000000	     -0.00000000	     -0.00000000	      0.00000000	     -0.00000000
      0.61400000	     -0.00000000	     -0.00000000	     -0.00000000	     -0.00000000	      0.00000000	     -0.00000000	     -0.00000000	     -0.00000000	     -0.00000000
      0.61500000	     -0.00000000	      0.00000000	     -0.00000000	      0.00000000	     -0.00000000	     -0.00000000	     -0.00000000	      0.00000000	     -0.00000000
      0.61600000	     -0.00000000	      0.00000000	     -0.00000000	     -0.00000000	      0.00000000	     -0.00000000	     -0.00000000	      0.00000000	     -0.00000000
      0.61700000	     -0.00000000	     -0.00000000	     -0.00000000	   -397.30500474	      0.00000000	     -0.00000000	     -0.00000000	     -0.00000000	     -0.00000000
      0.61800000	     -0.00000000	      0.00000000	     -0.00000000	      0.00000000	      0.00000000	     -0.00000000	     -0.00000000	      0.00000000	     -0.00000000
      0.61900000	     -0.00000000	      0.00000000	     -0.00000000	    112.13127051	     -0.00000000	     -0.00000000	     -0.00000000	     -0.00000000	     -0.00000000
      0.62000000	     -0.00000000	      0.00000000	     -0.00000000	      0.00000000	     -0.00000000	     -0.00000000	     -0.00000000	     -0.00000000	     -0.00000000
      0.62100000	     -0.00000000	     -0.00000000	     -0.00000000	     -0.00000000	      0.00000000	     -0.00000000	     -0.00000000	      0.00000000	     -0.00000000
      0.62200000	     -0.00000000	      0.00000000	     -0.00000000	     -0.00000000	      0.00000000	     -0.00000000	     -0.00000000	      0.00000000	     -0.00000000
      0.62300000	     -0.00000000	      0.00000000	     -0.00000000	      0.00000000	     -0.00000000	     -0.00000000	     -0.00000000	     -0.00000000	     -0.00000000
      0.62400000	     -0.00000000	     -0.00000000	     -0.00000000	      0.00000000	     -0.00000000	     -0.00000000	     -0.00000000	      0.00000000	     -0.00000000
      0.62500000	     -0.00000000	     -0.00000000	     -0.00000000	     -0.00000000	      0.00000000	     -0.00000000	     -0.00000000	     -0.00000000	     -0.00000000
      0.62600000	     -0.00000000	      0.00000000	     -0.00000000	     -0.00000000	     -0.00000000	     -0.00000000	     -0.00000000	     -0.00000000	     -0.00000000
      0.62700000	     -0.00000000	      0.00000000	     -0.00000000	     -0.00000000	      0.00000000	     -0.00000000	     -0.00000000	     -0.00000000	     -0.00000000
      0.62800000	     -0.00000000	      0.00000000	     -0.00000000	      0.00000000	     -0.00000000	     -0.00000000	     -0.00000000	     -0.00000000	     -0.00000000
      0.62900000	     -0.00000000	     -0.00000000	     -0.00000000	      0.00000000	     -0.00000000	     -0.00000000	     -0.00000000	     -0.00000000	     -0.00000000
      0.63000000	     -0.00000000	     -0.00000000	     -0.00000000	     -0.00000000	      0.00000000	     -0.00000000	     -0.00000000	     -0.00000000	     -0.00000000
      0.63100000	     -0.00000000	      0.00000000	     -0.00000000	      0.00000000	     -0.00000000	     -0.00000000	     -0.00000000	     -0.00000000	     -0.00000000
      0.63200000	     -0.00000000	     -0.00000000	     -0.00000000	     -0.00000000	      0.00000000	     -0.00000000	     -0.00000000	      0.00000000	     -0.00000000
      0.63300000	     -0.00000000	     -0.00000000	     -0.00000000	     40.00873633	     -0.00000000	     -0.00000000	     -0.00000000	      0.00000000	     -0.00000000
      0.63400000	     -0.00000000	      0.00000000	     -0.00000000	     -0.00000000	      0.00000000	     -0.00000000	     -0.00000000	      0.00000000	     -0.00000000
      0.63500000	     -0.00000000	      0.00000000	     -0.00000000	     -0.00000000	      0.00000000	     -0.00000000	     -0.00000000	     -0.00000000	     -0.00000000
      0.63600000	     -0.00000000	      0.00000000	     -0.00000000	     -0.00000000	      0.00000000	     -0.00000000	     -0.00000000	     -0.00000000	     -0.00000000
      0.63700000	     -0.00000000	     -0.00000000	     -0.00000000	   -169.13942723	     -0.00000000	     -0.00000000	     -0.00000000	     -0.00000000	     -0.00000000
      0.63800000	     -0.00000000	     -0.00000000	     -0.00000000	      0.00000000	     -0.00000000	     -0.00000000	     -0.00000000	      0.00000000	     -0.00000000
      0.63900000	     -0.00000000	      0.00000000	     -0.00000000	     -0.00000000	      0.00000000	     -0.00000000	     -0.00000000	      0.00000000	     -0.00000000
      0.64000000	     -0.00000000	      0.00000000	     -0.00000000	      0.00000000	     -0.00000000	     -0.00000000	     -0.00000000	     -0.00000000	     -0.00000000
      0.64100000	     -0.00000000	     -0.00000000	     -0.00000000	     -0.00000000	      0.00000000	     -0.00000000	     -0.00000000	     -0.00000000	     -0.00000000
      0.64200000	     -0.00000000	     -0.00000000	     -0.00000000	      0.00000000	     -0.00000000	     -0.00000000	     -0.00000000	      0.00000000	     -0.00000000
      0.64300000	     -0.00000000	     -0.00000000	     -0.00000000	      0.00000000	     -0.00000000	     -0.00000000	     -0.00000000	     -0.00000000	     -0.00000000
      0.64400000	     -0.00000000	      0.00000000	     -0.00000000	     -0.00000000	      0.00000000	     -0.00000000	     -0.00000000	     -0.00000000	     -0.00000000
      0.64500000	     -0.00000000	      0.00000000	     -0.00000000	      0.00000000	     -0.00000000	     -0.00000000	     -0.00000000	     -0.00000000	     -0.00000000
      0.64600000	     -0.00000000	     -0.00000000	     -0.00000000	      0.00000000	     -0.00000000	     -0.00000000	     -0.00000000	     -0.00000000	     -0.00000000
      0.64700000	     -0.00000000	      0.00000000	     -0.00000000	     -0.00000000	      0.00000000	     -0.00000000	     -0.00000000	      0.00000000	     -0.00000000
      0.64800000	     -0.00000000	      0.00000000	     -0.00000000	      0.00000000	     -0.00000000	     -0.00000000	     -0.00000000	      0.00000000	     -0.00000000
      0.64900000	     -0.00000000	      0.00000000	     -0.00000000	     -0.00000000	      0.00000000	     -0.00000000	     -0.00000000	     -0.00000000	     -0.00000000
      0.65000000	     -0.00000000	     -0.00000000	     -0.00000000	      0.00000000	     -0.00000000	     -0.00000000	     -0.00000000	      0.00000000	     -0.00000000
      0.65100000	     -0.00000000	      0.00000000	     -0.00000000	      0.00000000	     -0.00000000	     -0.00000000	     -0.00000000	      0.00000000	     -0.00000000
      0.65200000	     -0.00000000	      0.00000000	     -0.00000000	     -0.00000000	      0.00000000	     -0.00000000	     -0.00000000	     -0.00000000	     -0.00000000
      0.65300000	     -0.00000000	     -0.00000000	     -0.00000000	      0.00000000	     -0.00000000	     -0.00000000	     -0.00000000	     -0.00000000	     -0.00000000
      0.65400000	     -0.00000000	      0.00000000	     -0.00000000	     -0.00000000	      0.00000000	     -0.00000000	     -0.00000000	     -0.00000000	     -0.00000000
      0.65500000	     -0.00000000	     -0.00000000	     -0.00000000	     -0.00000000	      0.00000000	     -0.00000000	     -0.00000000	     -0.00000000	     -0.00000000
      0.65600000	     -0.00000000	      0.00000000	     -0.00000000	      0.00000000	     -0.00000000	     -0.00000000	     -0.00000000	     -0.00000000	     -0.00000000
      0.65700000	     -0.00000000	     -0.00000000	     -0.00000000	     -0.00000000	      0.00000000	     -0.00000000	     -0.00000000	      0.00000000	     -0.00000000
      0.65800000	     -0.00000000	      0.00000000	     -0.00000000	     -0.00000000	      0.00000000	     -0.00000000	     -0.00000000	     -0.00000000	     -0.00000000
      0.65900000	     -0.00000000	      0.00000000	     -0.00000000	      0.00000000	     -0.00000000	     -0.00000000	     -0.00000000	      0.00000000	     -0.00000000
      0.66000000	     -0.00000000	     -0.00000000	     -0.00000000	      0.00000000	     -0.00000000	     -0.00000000	     -0.00000000	     -0.00000000	     -0.00000000
      0.66100000	     -0.00000000	     -0.00000000	     -0.00000000	      0.00000000	     -0.00000000	     -0.00000000	     -0.00000000	     -0.00000000	     -0.00000000
      0.66200000	     -0.00000000	      0.00000000	     -0.00000000	     -0.00000000	      0.00000000	     -0.00000000	     -0.00000000	     -0.00000000	     -0.00000000
      0.66300000	     -0.00000000	      0.00000000	     -0.00000000	     -0.00000000	      0.00000000	     -0.00000000	     -0.00000000	      0.00000000	     -0.00000000
      0.66400000	     -0.00000000	     -0.00000000	     -0.00000000	     -0.00000000	     -0.00000000	     -0.00000000	     -0.00000000	     -0.00000000	     -0.00000000
      0.66500000	     -0.00000000	      0.00000000	     -0.00000000	    -82.92324767	      0.00000000	     -0.00000000	     -0.00000000	      0.00000000	     -0.00000000
      0.66600000	     -0.00000000	      0.00000000	     -0.00000000	      0.00000000	     -0.00000000	     -0.00000000	     -0.00000000	      0.00000000	     -0.00000000
      0.66700000	     -0.00000000	     -0.00000000	     -0.00000000	     -0.00000000	      0.00000000	     -0.00000000	     -0.00000000	      0.00000000	     -0.00000000
      0.66800000	     -0.00000000	     -0.00000000	     -0.00000000	     89.23696806	     -0.00000000	     -0.00000000	     -0.00000000	      0.00000000	     -0.00000000
      0.66900000	     -0.00000000	      0.00000000	     -0.00000000	      0.00000000	     -0.00000000	     -0.00000000	     -0.00000000	     -0.00000000	     -0.00000000
      0.67000000	     -0.00000000	     -0.00000000	     -0.00000000	      0.00000000	     -0.00000000	     -0.00000000	     -0.00000000	     -0.00000000	     -0.00000000
      0.67100000	     -0.00000000	      0.00000000	     -0.00000000	      0.00000000	      0.00000000	     -0.00000000	     -0.00000000	     -0.00000000	     -0.00000000
      0.67200000	     -0.00000000	      0.00000000	     -0.00000000	      0.00000000	     -0.00000000	     -0.00000000	     -0.00000000	      0.00000000	     -0.00000000
      0.67300000	     -0.00000000	     -0.00000000	     -0.00000000	     -0.00000000	      0.00000000	     -0.00000000	     -0.00000000	     -0.00000000	     -0.00000000
      0.67400000	     -0.00000000	     -0.00000000	     -0.00000000	    199.70324073	      0.00000000	     -0.00000000	     -0.00000000	     -0.00000000	     -0.00000000
      0.67500000	     -0.00000000	      0.00000000	     -0.00000000	      0.00000000	     -0.00000000	     -0.00000000	     -0.00000000	     -0.00000000	     -0.00000000
      0.67600000	     -0.00000000	     -0.00000000	     -0.00000000	     -0.00000000	      0.00000000	     -0.00000000	     -0.00000000	     -0.00000000	     -0.00000000
      0.67700000	     -0.00000000	      0.00000000	     -0.00000000	      0.00000000	     -0.00000000	     -0.00000000	     -0.00000000	     -0.00000000	     -0.00000000
      0.67800000	     -0.00000000	     -0.00000000	     -0.00000000	      0.00000000	     -0.00000000	     -0.00000000	     -0.00000000	      0.00000000	     -0.00000000
      0.67900000	     -0.00000000	     -0.00000000	     -0.00000000	      0.00000000	     -0.00000000	     -0.00000000	     -0.00000000	     -0.00000000	     -0.00000000
      0.68000000	     -0.00000000	      0.00000000	     -0.00000000	     -0.00000000	      0.00000000	     -0.00000000	     -0.00000000	     -0.00000000	     -0.00000000
      0.68100000	     -0.00000000	     -0.00000000	     -0.00000000	     -0.00000000	     -0.00000000	     -0.00000000	     -0.00000000	      0.00000000	     -0.00000000
      0.68200000	     -0.00000000	     -0.00000000	     -0.00000000	      0.00000000	     -0.00000000	     -0.00000000	     -0.00000000	     -0.00000000	     -0.00000000
      0.68300000	     -0.00000000	     -0.00000000	     -0.00000000	     -0.00000000	      0.00000000	     -0.00000000	     -0.00000000	      0.00000000	     -0.00000000
      0.68400000	     -0.00000000	     -0.00000000	     -0.00000000	      5.86811363	     -0.00000000	     -0.00000000	     -0.00000000	     -0.00000000	     -0.00000000
      0.68500000	     -0.00000000	      0.00000000	     -0.00000000	     -0.00000000	      0.00000000	     -0.00000000	     -0.00000000	     -0.00000000	     -0.00000000
      0.68600000	     -0.00000000	      0.00000000	     -0.00000000	     -1.51674167	      0.00000000	     -0.00000000	     -0.00000000	      0.00000000	     -0.00000000
      0.68700000	     -0.00000000	      0.00000000	     -0.00000000	      0.00000000	     -0.00000000	     -0.00000000	     -0.00000000	     -0.00000000	     -0.00000000
      0.68800000	     -0.00000000	     -0.00000000	     -0.00000000	     -0.00000000	      0.00000000	     -0.00000000	     -0.00000000	     -0.00000000	     -0.00000000
      0.68900000	     -0.00000000	      0.00000000	     -0.00000000	     -0.00000000	      0.00000000	     -0.00000000	     -0.00000000	     -0.00000000	     -0.00000000
      0.69000000	     -0.00000000	     -0.00000000	     -0.00000000	      0.00000000	     -0.00000000	     -0.00000000	     -0.00000000	      0.00000000	     -0.00000000
      0.69100000	     -0.00000000	     -0.00000000	     -0.00000000	     -0.00000000	      0.00000000	     -0.00000000	     -0.00000000	     -0.00000000	     -0.00000000
      0.69200000	     -0.00000000	      0.00000000	     -0.00000000	     -0.00000000	      0.00000000	     -0.00000000	     -0.00000000	     -0.00000000	     -0.00000000
      0.69300000	     -0.00000000	     -0.00000000	     -0.00000000	     -0.00000000	      0.00000000	     -0.00000000	     -0.00000000	     -0.00000000	     -0.00000000
      0.69400000	     -0.00000000	     -0.00000000	     -0.00000000	    791.12262541	     -0.00000000	     -0.00000000	     -0.00000000	      0.00000000	     -0.00000000
      0.69500000	     -0.00000000	     -0.00000000	     -0.00000000	      0.00000000	     -0.00000000	     -0.00000000	     -0.00000000	      0.00000000	     -0.00000000
      0.69600000	     -0.00000000	     -0.00000000	     -0.00000000	     -0.00000000	      0.00000000	     -0.00000000	     -0.00000000	      0.00000000	     -0.00000000
      0.69700000	     -0.00000000	      0.00000000	     -0.00000000	      0.00000000	     -0.00000000	     -0.00000000	     -0.00000000	      0.00000000	     -0.00000000
      0.69800000	     -0.00000000	      0.00000000	     -0.00000000	     -0.00000000	      0.00000000	     -0.00000000	     -0.00000000	     -0.00000000	     -0.00000000
      0.69900000	     -0.00000000	      0.00000000	     -0.00000000	     -0.00000000	     -0.00000000	     -0.00000000	     -0.00000000	     -0.00000000	     -0.00000000
      0.70000000	     -0.00000000	     -0.00000000	     -0.00000000	      0.00000000	     -0.00000000	     -0.00000000	     -0.00000000	     -0.00000000	     -0.00000000
      0.70100000	     -0.00000000	      0.00000000	     -0.00000000	      0.00000000	     -0.00000000	     -0.00000000	     -0.00000000	      0.00000000	     -0.00000000
      0.70200000	     -0.00000000	     -0.00000000	     -0.00000000	     -0.00000000	      0.00000000	     -0.00000000	     -0.00000000	      0.00000000	     -0.00000000
      0.70300000	     -0.00000000	     -0.00000000	     -0.00000000	      0.22194636	      0.00000000	     -0.00000000	     -0.00000000	     -0.00000000	     -0.00000000
      0.70400000	     -0.00000000	      0.00000000	     -0.00000000	      0.00000000	     -0.00000000	     -0.00000000	     -0.00000000	     -0.00000000	     -0.00000000
      0.70500000	     -0.00000000	     -0.00000000	     -0.00000000	     -0.00000000	      0.00000000	     -0.00000000	     -0.00000000	     -0.00000000	     -0.00000000
      0.70600000	     -0.00000000	      0.00000000	     -0.00000000	     -0.00000000	      0.00000000	     -0.00000000	     -0.00000000	     -0.00000000	     -0.00000000
      0.70700000	     -0.00000000	     -0.00000000	     -0.00000000	      0.00000000	     -0.00000000	     -0.00000000	     -0.00000000	     -0.00000000	     -0.00000000
      0.70800000	     -0.00000000	      0.00000000	     -0.00000000	     -0.00000000	     -0.00000000	     -0.00000000	     -0.00000000	     -0.00000000	     -0.00000000
      0.70900000	     -0.00000000	      0.00000000	     -0.00000000	     -0.00000000	      0.00000000	     -0.00000000	     -0.00000000	     -0.00000000	     -0.00000000
      0.71000000	     -0.00000000	      0.00000000	     -0.00000000	      0.00000000	     -0.00000000	     -0.00000000	     -0.00000000	      0.00000000	     -0.00000000
      0.71100000	     -0.00000000	      0.00000000	     -0.00000000	     -0.00000000	      0.00000000	     -0.00000000	     -0.00000000	     -0.00000000	     -0.00000000
      0.71200000	     -0.00000000	     -0.00000000	     -0.00000000	     -0.00000000	      0.00000000	     -0.00000000	     -0.00000000	     -0.00000000	     -0.00000000
      0.71300000	     -0.00000000	      0.00000000	     -0.00000000	      0.00000000	     -0.00000000	     -0.00000000	     -0.00000000	     -0.00000000	     -0.00000000
      0.71400000	     -0.00000000	      0.00000000	     -0.00000000	   -258.83909856	      0.00000000	     -0.00000000	     -0.00000000	     -0.00000000	     -0.00000000
      0.71500000	     -0.00000000	      0.00000000	     -0.00000000	      0.00000000	     -0.00000000	     -0.00000000	     -0.00000000	      0.00000000	     -0.00000000
      0.71600000	     -0.00000000	     -0.00000000	     -0.00000000	      0.00000000	     -0.00000000	     -0.00000000	     -0.00000000	     -0.00000000	     -0.00000000
      0.71700000	     -0.00000000	     -0.00000000	     -0.00000000	     -0.00000000	      0.00000000	     -0.00000000	     -0.00000000	     -0.00000000	     -0.00000000
      0.71800000	     -0.00000000	      0.00000000	     -0.00000000	      0.00000000	      0.00000000	     -0.00000000	     -0.00000000	      0.00000000	     -0.00000000
      0.71900000	     -0.00000000	      0.00000000	     -0.00000000	     -0.00000000	     -0.00000000	     -0.00000000	     -0.00000000	     -0.00000000	     -0.00000000
      0.72000000	     -0.00000000	     -0.00000000	     -0.00000000	      0.00000000	     -0.00000000	     -0.00000000	     -0.00000000	      0.00000000	     -0.00000000
      0.72100000	     -0.00000000	      0.00000000	     -0.00000000	     -0.00000000	      0.00000000	     -0.00000000	     -0.00000000	     -0.00000000	     -0.00000000
      0.72200000	     -0.00000000	      0.00000000	     -0.00000000	      0.00000000	     -0.00000000	     -0.00000000	     -0.00000000	     -0.00000000	     -0.00000000
      0.72300000	     -0.00000000	     -0.00000000	     -0.00000000	      0.00000000	     -0.00000000	     -0.00000000	     -0.00000000	     -0.00000000	     -0.00000000
      0.72400000	     -0.00000000	      0.00000000	     -0.00000000	     -0.00000000	      0.00000000	     -0.00000000	     -0.00000000	      0.00000000	     -0.00000000
      0.72500000	     -0.00000000	      0.00000000	     -0.00000000	      0.00000000	      0.00000000	     -0.00000000	     -0.00000000	     -0.00000000	     -0.00000000
      0.72600000	     -0.00000000	     -0.00000000	     -0.00000000	      0.00000000	     -0.00000000	     -0.00000000	     -0.00000000	      0.00000000	     -0.00000000
      0.72700000	     -0.00000000	      0.00000000	     -0.00000000	     -0.00000000	     -0.00000000	     -0.00000000	     -0.00000000	      0.00000000	     -0.00000000
      0.72800000	     -0.00000000	      0.00000000	     -0.00000000	      0.00000000	     -0.00000000	     -0.00000000	     -0.00000000	     -0.00000000	     -0.00000000
      0.72900000	     -0.00000000	     -0.00000000	     -0.00000000	     -0.00000000	      0.00000000	     -0.00000000	     -0.00000000	     -0.00000000	     -0.00000000
      0.73000000	     -0.00000000	      0.00000000	     -0.00000000	     -0.00000000	      0.00000000	     -0.00000000	     -0.00000000	      0.00000000	     -0.00000000
      0.73100000	     -0.00000000	      0.00000000	     -0.00000000	      0.00000000	     -0.00000000	     -0.00000000	     -0.00000000	     -0.00000000	     -0.00000000
      0.73200000	     -0.00000000	     -0.00000000	     -0.00000000	     -0.00000000	      0.00000000	     -0.00000000	     -0.00000000	     -0.00000000	     -0.00000000
      0.73300000	     -0.00000000	      0.00000000	     -0.00000000	     -0.00000000	      0.00000000	     -0.00000000	     -0.00000000	      0.00000000	     -0.00000000
      0.73400000	     -0.00000000	      0.00000000	     -0.00000000	    636.68939867	     -0.00000000	     -0.00000000	     -0.00000000	     -0.00000000	     -0.00000000
      0.73500000	     -0.00000000	     -0.00000000	     -0.00000000	      0.00000000	     -0.00000000	     -0.00000000	     -0.00000000	      0.00000000	     -0.00000000
      0.73600000	     -0.00000000	      0.00000000	     -0.00000000	     -0.00000000	      0.00000000	     -0.00000000	     -0.00000000	     -0.00000000	     -0.00000000
      0.73700000	     -0.00000000	     -0.00000000	     -0.00000000	      0.00000000	     -0.00000000	     -0.00000000	     -0.00000000	     -0.00000000	     -0.00000000
      0.73800000	     -0.00000000	      0.00000000	     -0.00000000	     -0.00000000	      0.00000000	     -0.00000000	     -0.00000000	     -0.00000000	     -0.00000000
      0.73900000	     -0.00000000	     -0.00000000	     -0.00000000	    -33.04144926	      0.00000000	     -0.00000000	     -0.00000000	      0.00000000	     -0.00000000
      0.74000000	     -0.00000000	     -0.00000000	     -0.00000000	      0.00000000	     -0.00000000	     -0.00000000	     -0.00000000	     -0.00000000	     -0.00000000
      0.74100000	     -0.00000000	     -0.00000000	     -0.00000000	      0.00000000	     -0.00000000	     -0.00000000	     -0.00000000	     -0.00000000	     -0.00000000
      0.74200000	     -0.00000000	      0.00000000	     -0.00000000	      0.00000000	     -0.00000000	     -0.00000000	     -0.00000000	      0.00000000	     -0.00000000
      0.74300000	     -0.00000000	      0.00000000	     -0.00000000	     -0.00000000	      0.00000000	     -0.00000000	     -0.00000000	      0.00000000	     -0.00000000
      0.74400000	     -0.00000000	     -0.00000000	     -0.00000000	      0.00000000	      0.00000000	     -0.00000000	     -0.00000000	      0.00000000	     -0.00000000
      0.74500000	     -0.00000000	     -0.00000000	     -0.00000000	      0.00000000	     -0.00000000	     -0.00000000	     -0.00000000	     -0.00000000	     -0.00000000
      0.74600000	     -0.00000000	      0.00000000	     -0.00000000	     -0.00000000	      0.00000000	     -0.00000000	     -0.00000000	     -0.00000000	     -0.00000000
      0.74700000	     -0.00000000	     -0.00000000	     -0.00000000	     -0.00000000	      0.00000000	     -0.00000000	     -0.00000000	     -0.00000000	     -0.00000000
      0.74800000	     -0.00000000	      0.00000000	     -0.00000000	      0.00000000	     -0.00000000	     -0.00000000	     -0.00000000	     -0.00000000	     -0.00000000
      0.74900000	     -0.00000000	      0.00000000	     -0.00000000	      0.00000000	      0.00000000	     -0.00000000	     -0.00000000	     -0.00000000	     -0.00000000
      0.75000000	     -0.00000000	     -0.00000000	     -0.00000000	     -0.00000000	      0.00000000	     -0.00000000	     -0.00000000	     -0.00000000	     -0.00000000
      0.75100000	     -0.00000000	      0.00000000	     -0.00000000	      0.00000000	     -0.00000000	     -0.00000000	     -0.00000000	      0.00000000	     -0.00000000
      0.75200000	     -0.00000000	     -0.00000000	     -0.00000000	      0.00000000	     -0.00000000	     -0.00000000	     -0.00000000	     -0.00000000	     -0.00000000
      0.75300000	     -0.00000000	     -0.00000000	     -0.00000000	      0.00000000	     -0.00000000	     -0.00000000	     -0.00000000	     -0.00000000	     -0.00000000
      0.75400000	     -0.00000000	      0.00000000	     -0.00000000	     -5.55781533	      0.00000000	     -0.00000000	     -0.00000000	     -0.00000000	     -0.00000000
      0.75500000	     -0.00000000	     -0.00000000	     -0.00000000	    168.75912968	     -0.00000000	     -0.00000000	     -0.00000000	     -0.00000000	     -0.00000000
      0.75600000	     -0.00000000	     -0.00000000	     -0.00000000	      0.00000000	      0.00000000	     -0.00000000	     -0.00000000	      0.00000000	     -0.00000000
      0.75700000	     -0.00000000	      0.00000000	     -0.00000000	     -0.00000000	      0.00000000	     -0.00000000	     -0.00000000	     -0.00000000	     -0.00000000
      0.75800000	     -0.00000000	     -0.00000000	     -0.00000000	     -0.00000000	     -0.00000000	     -0.00000000	     -0.00000000	      0.00000000	     -0.00000000
      0.75900000	     -0.00000000	     -0.00000000	     -0.00000000	     -0.00000000	      0.00000000	     -0.00000000	     -0.00000000	     -0.00000000	     -0.00000000
      0.76000000	     -0.00000000	      0.00000000	     -0.00000000	      0.00000000	     -0.00000000	     -0.00000000	     -0.00000000	     -0.00000000	     -0.00000000
      0.76100000	     -0.00000000	     -0.00000000	     -0.00000000	      0.00000000	      0.00000000	     -0.00000000	     -0.00000000	     -0.00000000	     -0.00000000
      0.76200000	     -0.00000000	     -0.00000000	     -0.00000000	     -0.00000000	      0.00000000	     -0.00000000	     -0.00000000	     -0.00000000	     -0.00000000
      0.76300000	     -0.00000000	      0.00000000	     -0.00000000	      0.00000000	     -0.00000000	     -0.00000000	     -0.00000000	      0.00000000	     -0.00000000
      0.76400000	     -0.00000000	      0.00000000	     -0.00000000	      0.00000000	     -0.00000000	     -0.00000000	     -0.00000000	     -0.00000000	     -0.00000000
      0.76500000	     -0.00000000	     -0.00000000	     -0.00000000	     -0.00000000	      0.00000000	     -0.00000000	     -0.00000000	     -0.00000000	     -0.00000000
      0.76600000	     -0.00000000	     -0.00000000	     -0.00000000	     -0.00000000	     -0.00000000	     -0.00000000	     -0.00000000	     -0.00000000	     -0.00000000
      0.76700000	     -0.00000000	     -0.00000000	     -0.00000000	      0.00000000	     -0.00000000	     -0.00000000	     -0.00000000	     -0.00000000	     -0.00000000
      0.76800000	     -0.00000000	      0.00000000	     -0.00000000	      0.00000000	      0.00000000	     -0.00000000	     -0.00000000	     -0.00000000	     -0.00000000
      0.76900000	     -0.00000000	      0.00000000	     -0.00000000	     -0.00000000	      0.00000000	     -0.00000000	     -0.00000000	     -0.00000000	     -0.00000000
      0.77000000	     -0.00000000	      0.00000000	     -0.00000000	      0.00000000	      0.00000000	     -0.00000000	     -0.00000000	     -0.00000000	     -0.00000000
      0.77100000	     -0.00000000	     -0.00000000	     -0.00000000	      0.00000000	     -0.00000000	     -0.00000000	     -0.00000000	      0.00000000	     -0.00000000
      0.77200000	     -0.00000000	     -0.00000000	     -0.00000000	     -0.00000000	      0.00000000	     -0.00000000	     -0.00000000	      0.00000000	     -0.00000000
      0.77300000	     -0.00000000	      0.00000000	     -0.00000000	     -0.00000000	      0.00000000	     -0.00000000	     -0.00000000	      0.00000000	     -0.00000000
      0.77400000	     -0.00000000	      0.00000000	     -0.00000000	      0.00000000	     -0.00000000	     -0.00000000	     -0.00000000	     -0.00000000	     -0.00000000
      0.77500000	     -0.00000000	     -0.00000000	     -0.00000000	     -0.00000000	      0.00000000	     -0.00000000	     -0.00000000	      0.00000000	     -0.00000000
      0.77600000	     -0.00000000	     -0.00000000	     -0.00000000	      0.00000000	     -0.00000000	     -0.00000000	     -0.00000000	      0.00000000	     -0.00000000
      0.77700000	     -0.00000000	      0.00000000	     -0.00000000	      0.00000000	     -0.00000000	     -0.00000000	     -0.00000000	     -0.00000000	     -0.00000000
      0.77800000	     -0.00000000	      0.00000000	     -0.00000000	     -0.00000000	      0.00000000	     -0.00000000	     -0.00000000	     -0.00000000	     -0.00000000
      0.77900000	     -0.00000000	     -0.00000000	     -0.00000000	      7.30647834	     -0.00000000	     -0.00000000	     -0.00000000	     -0.00000000	     -0.00000000
      0.78000000	     -0.00000000	      0.00000000	     -0.00000000	      0.00000000	     -0.00000000	     -0.00000000	     -0.00000000	      0.00000000	     -0.00000000
      0.78100000	     -0.00000000	      0.00000000	     -0.00000000	     -0.00000000	      0.00000000	     -0.00000000	     -0.00000000	      0.00000000	     -0.00000000
      0.78200000	     -0.00000000	     -0.00000000	     -0.00000000	      0.00000000	     -0.00000000	     -0.00000000	     -0.00000000	      0.00000000	     -0.00000000
      0.78300000	     -0.00000000	      0.00000000	     -0.00000000	     -0.00000000	      0.00000000	     -0.00000000	     -0.00000000	     -0.00000000	     -0.00000000
      0.78400000	     -0.00000000	     -0.00000000	     -0.00000000	     -0.00000000	      0.00000000	     -0.00000000	     -0.00000000	     -0.00000000	     -0.00000000
      0.78500000	     -0.00000000	     -0.00000000	     -0.00000000	      0.00000000	     -0.00000000	     -0.00000000	     -0.00000000	     -0.00000000	     -0.00000000
      0.78600000	     -0.00000000	      0.00000000	     -0.00000000	     -0.00000000	      0.00000000	     -0.00000000	     -0.00000000	      0.00000000	     -0.00000000
      0.78700000	     -0.00000000	      0.00000000	     -0.00000000	     -0.00000000	      0.00000000	     -0.00000000	     -0.00000000	     -0.00000000	     -0.00000000
      0.78800000	     -0.00000000	     -0.00000000	     -0.00000000	      0.00000000	      0.00000000	     -0.00000000	     -0.00000000	     -0.00000000	     -0.00000000
      0.78900000	     -0.00000000	     -0.00000000	     -0.00000000	      0.00000000	     -0.00000000	     -0.00000000	     -0.00000000	      0.00000000	     -0.00000000
      0.79000000	     -0.00000000	      0.00000000	     -0.00000000	      0.00000000	     -0.00000000	     -0.00000000	     -0.00000000	     -0.00000000	     -0.00000000
      0.79100000	     -0.00000000	     -0.00000000	     -0.00000000	     -0.00000000	      0.00000000	     -0.00000000	     -0.00000000	      0.00000000	     -0.00000000
      0.79200000	     -0.00000000	     -0.00000000	     -0.00000000	     -0.00000000	      0.00000000	     -0.00000000	     -0.00000000	      0.00000000	     -0.00000000
      0.79300000	     -0.00000000	      0.00000000	     -0.00000000	      0.00000000	     -0.00000000	     -0.00000000	     -0.00000000	     -0.00000000	     -0.00000000
      0.79400000	     -0.00000000	     -0.00000000	     -0.00000000	     -0.00000000	      0.00000000	     -0.00000000	     -0.00000000	     -0.00000000	     -0.00000000
      0.79500000	     -0.00000000	      0.00000000	     -0.00000000	     -0.00000000	      0.00000000	     -0.00000000	     -0.00000000	      0.00000000	     -0.00000000
      0.79600000	     -0.00000000	      0.00000000	     -0.00000000	      0.00000000	     -0.00000000	     -0.00000000	     -0.00000000	     -0.00000000	     -0.00000000
      0.79700000	     -0.00000000	      0.00000000	     -0.00000000	      0.00000000	     -0.00000000	     -0.00000000	     -0.00000000	     -0.00000000	     -0.00000000
      0.79800000	     -0.00000000	     -0.00000000	     -0.00000000	      0.00000000	      0.00000000	     -0.00000000	     -0.00000000	     -0.00000000	     -0.00000000
      0.79900000	     -0.00000000	      0.00000000	     -0.00000000	     -0.00000000	      0.00000000	     -0.00000000	     -0.00000000	      0.00000000	     -0.00000000
      0.80000000	     -0.00000000	      0.00000000	     -0.00000000	     -0.00000000	      0.00000000	     -0.00000000	     -0.00000000	      0.00000000	     -0.00000000
      0.80100000	     -0.00000000	     -0.00000000	     -0.00000000	      0.00000000	     -0.00000000	     -0.00000000	     -0.00000000	      0.00000000	     -0.00000000
      0.80200000	     -0.00000000	     -0.00000000	     -0.00000000	      0.00000000	     -0.00000000	     -0.00000000	     -0.00000000	     -0.00000000	     -0.00000000
      0.80300000	     -0.00000000	      0.00000000	     -0.00000000	     -0.00000000	      0.00000000	     -0.00000000	     -0.00000000	     -0.00000000	     -0.00000000
      0.80400000	     -0.00000000	      0.00000000	     -0.00000000	     -0.00000000	     -0.00000000	     -0.00000000	     -0.00000000	     -0.00000000	     -0.00000000
      0.80500000	     -0.00000000	     -0.00000000	     -0.00000000	      0.00000000	     -0.00000000	     -0.00000000	     -0.00000000	     -0.00000000	     -0.00000000
      0.80600000	     -0.00000000	      0.00000000	     -0.00000000	     -0.00000000	      0.00000000	     -0.00000000	     -0.00000000	     -0.00000000	     -0.00000000
      0.80700000	     -0.00000000	     -0.00000000	     -0.00000000	     -0.00000000	      0.00000000	     -0.00000000	     -0.00000000	      0.00000000	     -0.00000000
      0.80800000	     -0.00000000	      0.00000000	     -0.00000000	      0.00000000	      0.00000000	     -0.00000000	     -0.00000000	     -0.00000000	     -0.00000000
      0.80900000	     -0.00000000	     -0.00000000	     -0.00000000	     -0.00000000	      0.00000000	     -0.00000000	     -0.00000000	      0.00000000	     -0.00000000
      0.81000000	     -0.00000000	     -0.00000000	     -0.00000000	     22.04929964	     -0.00000000	     -0.00000000	     -0.00000000	     -0.00000000	     -0.00000000
      0.81100000	     -0.00000000	      0.00000000	     -0.00000000	      0.00000000	     -0.00000000	     -0.00000000	     -0.00000000	     -0.00000000	     -0.00000000
      0.81200000	     -0.00000000	     -0.00000000	     -0.00000000	      0.00000000	     -0.00000000	     -0.00000000	     -0.00000000	     -0.00000000	     -0.00000000
      0.81300000	     -0.00000000	      0.00000000	     -0.00000000	     -0.00000000	     -0.00000000	     -0.00000000	     -0.00000000	     -0.00000000	     -0.00000000
      0.81400000	     -0.00000000	     -0.00000000	     -0.00000000	     -0.00000000	      0.00000000	     -0.00000000	     -0.00000000	     -0.00000000	     -0.00000000
      0.81500000	     -0.00000000	     -0.00000000	     -0.00000000	     13.58156045	      0.00000000	     -0.00000000	     -0.00000000	     -0.00000000	     -0.00000000
      0.81600000	     -0.00000000	      0.00000000	     -0.00000000	     -0.00000000	      0.00000000	     -0.00000000	     -0.00000000	     -0.00000000	     -0.00000000
      0.81700000	     -0.00000000	     -0.00000000	     -0.00000000	      0.00000000	     -0.00000000	     -0.00000000	     -0.00000000	     -0.00000000	     -0.00000000
      0.81800000	     -0.00000000	     -0.00000000	     -0.00000000	      0.00000000	     -0.00000000	     -0.00000000	     -0.00000000	      0.00000000	     -0.00000000
      0.81900000	     -0.00000000	      0.00000000	     -0.00000000	     -0.00000000	      0.00000000	     -0.00000000	     -0.00000000	     -0.00000000	     -0.00000000
      0.82000000	     -0.00000000	      0.00000000	     -0.00000000	     -0.00000000	      0.00000000	     -0.00000000	     -0.00000000	      0.00000000	     -0.00000000
      0.82100000	     -0.00000000	      0.00000000	     -0.00000000	     -0.00000000	      0.00000000	     -0.00000000	     -0.00000000	     -0.00000000	     -0.00000000
      0.82200000	     -0.00000000	     -0.00000000	     -0.00000000	      0.00000000	     -0.00000000	     -0.00000000	     -0.00000000	      0.00000000	     -0.00000000
      0.82300000	     -0.00000000	      0.00000000	     -0.00000000	     -0.00000000	      0.00000000	     -0.00000000	     -0.00000000	     -0.00000000	     -0.00000000
      0.82400000	     -0.00000000	      0.00000000	     -0.00000000	      0.00000000	     -0.00000000	     -0.00000000	     -0.00000000	      0.00000000	     -0.00000000
      0.82500000	     -0.00000000	     -0.00000000	     -0.00000000	      0.00000000	     -0.00000000	     -0.00000000	     -0.00000000	      0.00000000	     -0.00000000
      0.82600000	     -0.00000000	     -0.00000000	     -0.00000000	     -0.00000000	      0.00000000	     -0.00000000	     -0.00000000	      0.00000000	     -0.00000000
      0.82700000	     -0.00000000	     -0.00000000	     -0.00000000	      0.00000000	     -0.00000000	     -0.00000000	     -0.00000000	     -0.00000000	     -0.00000000
      0.82800000	     -0.00000000	      0.00000000	     -0.00000000	      0.00000000	     -0.00000000	     -0.00000000	     -0.00000000	     -0.00000000	     -0.00000000
      0.82900000	     -0.00000000	      0.00000000	     -0.00000000	     -0.00000000	      0.00000000	     -0.00000000	     -0.00000000	      0.00000000	     -0.00000000
      0.83000000	     -0.00000000	     -0.00000000	     -0.00000000	    -24.39197372	      0.00000000	     -0.00000000	     -0.00000000	     -0.00000000	     -0.00000000
      0.83100000	     -0.00000000	      0.00000000	     -0.00000000	      0.00000000	     -0.00000000	     -0.00000000	     -0.00000000	      0.00000000	     -0.00000000
      0.83200000	     -0.00000000	      0.00000000	     -0.00000000	      0.00000000	     -0.00000000	     -0.00000000	     -0.00000000	     -0.00000000	     -0.00000000
      0.83300000	     -0.00000000	     -0.00000000	     -0.00000000	     -0.00000000	      0.00000000	     -0.00000000	     -0.00000000	     -0.00000000	     -0.00000000
      0.83400000	     -0.00000000	      0.00000000	     -0.00000000	      0.00000000	     -0.00000000	     -0.00000000	     -0.00000000	      0.00000000	     -0.00000000
      0.83500000	     -0.00000000	      0.00000000	     -0.00000000	      0.00000000	     -0.00000000	     -0.00000000	     -0.00000000	     -0.00000000	     -0.00000000
      0.83600000	     -0.00000000	     -0.00000000	     -0.00000000	      0.00000000	     -0.00000000	     -0.00000000	     -0.00000000	     -0.00000000	     -0.00000000
      0.83700000	     -0.00000000	      0.00000000	     -0.00000000	     -0.00000000	     -0.00000000	     -0.00000000	     -0.00000000	     -0.00000000	     -0.00000000
      0.83800000	     -0.00000000	      0.00000000	     -0.00000000	     -0.00000000	      0.00000000	     -0.00000000	     -0.00000000	      0.00000000	     -0.00000000
      0.83900000	     -0.00000000	     -0.00000000	     -0.00000000	     -0.00000000	      0.00000000	     -0.00000000	     -0.00000000	      0.00000000	     -0.00000000
      0.84000000	     -0.00000000	      0.00000000	     -0.00000000	      0.00000000	     -0.00000000	     -0.00000000	     -0.00000000	     -0.00000000	     -0.00000000
      0.84100000	     -0.00000000	     -0.00000000	     -0.00000000	      0.00000000	     -0.00000000	     -0.00000000	     -0.00000000	     -0.00000000	     -0.00000000
      0.84200000	     -0.00000000	     -0.00000000	     -0.00000000	     -0.00000000	      0.00000000	     -0.00000000	     -0.00000000	     -0.00000000	     -0.00000000
      0.84300000	     -0.00000000	      0.00000000	     -0.00000000	      0.00000000	     -0.00000000	     -0.00000000	     -0.00000000	     -0.00000000	     -0.00000000
      0.84400000	     -0.00000000	     -0.00000000	     -0.00000000	     -0.00000000	      0.00000000	     -0.00000000	     -0.00000000	     -0.00000000	     -0.00000000
      0.84500000	     -0.00000000	     -0.00000000	     -0.00000000	      0.00000000	     -0.00000000	     -0.00000000	     -0.00000000	     -0.00000000	     -0.00000000
      0.84600000	     -0.00000000	      0.00000000	     -0.00000000	      0.00000000	     -0.00000000	     -0.00000000	     -0.00000000	     -0.00000000	     -0.00000000
      0.84700000	     -0.00000000	     -0.00000000	     -0.00000000	  -1376.90851156	      0.00000000	     -0.00000000	     -0.00000000	     -0.00000000	     -0.00000000
      0.84800000	     -0.00000000	      0.00000000	     -0.00000000	      0.00000000	     -0.00000000	     -0.00000000	     -0.00000000	     -0.00000000	     -0.00000000
      0.84900000	     -0.00000000	     -0.00000000	     -0.00000000	     -0.00000000	      0.00000000	     -0.00000000	     -0.00000000	     -0.00000000	     -0.00000000
      0.85000000	     -0.00000000	      0.00000000	     -0.00000000	     -0.00000000	      0.00000000	     -0.00000000	     -0.00000000	      0.00000000	     -0.00000000
      0.85100000	     -0.00000000	     -0.00000000	     -0.00000000	     -0.00000000	      0.00000000	     -0.00000000	     -0.00000000	      0.00000000	     -0.00000000
      0.85200000	     -0.00000000	      0.00000000	     -0.00000000	      0.00000000	     -0.00000000	     -0.00000000	     -0.00000000	     -0.00000000	     -0.00000000
      0.85300000	     -0.00000000	     -0.00000000	     -0.00000000	      0.00000000	     -0.00000000	     -0.00000000	     -0.00000000	      0.00000000	     -0.00000000
      0.85400000	     -0.00000000	      0.00000000	     -0.00000000	     -0.00000000	      0.00000000	     -0.00000000	     -0.00000000	      0.00000000	     -0.00000000
      0.85500000	     -0.00000000	     -0.00000000	     -0.00000000	    -33.12882433	      0.00000000	     -0.00000000	     -0.00000000	     -0.00000000	     -0.00000000
      0.85600000	     -0.00000000	     -0.00000000	     -0.00000000	      0.00000000	      0.00000000	     -0.00000000	     -0.00000000	     -0.00000000	     -0.00000000
      0.85700000	     -0.00000000	      0.00000000	     -0.00000000	     -0.00000000	      0.00000000	     -0.00000000	     -0.00000000	     -0.00000000	     -0.00000000
      0.85800000	     -0.00000000	     -0.00000000	     -0.00000000	      0.00000000	     -0.00000000	     -0.00000000	     -0.00000000	      0.00000000	     -0.00000000
      0.85900000	     -0.00000000	      0.00000000	     -0.00000000	     -0.00000000	      0.00000000	     -0.00000000	     -0.00000000	     -0.00000000	     -0.00000000
      0.86000000	     -0.00000000	      0.00000000	     -0.00000000	      0.00000000	     -0.00000000	     -0.00000000	     -0.00000000	     -0.00000000	     -0.00000000
      0.86100000	     -0.00000000	     -0.00000000	     -0.00000000	      0.00000000	     -0.00000000	     -0.00000000	     -0.00000000	     -0.00000000	     -0.00000000
      0.86200000	     -0.00000000	      0.00000000	     -0.00000000	      0.00000000	     -0.00000000	     -0.00000000	     -0.00000000	     -0.00000000	     -0.00000000
      0.86300000	     -0.00000000	      0.00000000	     -0.00000000	     -0.00000000	      0.00000000	     -0.00000000	     -0.00000000	     -0.00000000	     -0.00000000
      0.86400000	     -0.00000000	     -0.00000000	     -0.00000000	   -882.00931425	      0.00000000	     -0.00000000	     -0.00000000	      0.00000000	     -0.00000000
      0.86500000	     -0.00000000	     -0.00000000	     -0.00000000	      0.00000000	     -0.00000000	     -0.00000000	     -0.00000000	      0.00000000	     -0.00000000
      0.86600000	     -0.00000000	     -0.00000000	     -0.00000000	     -0.00000000	     -0.00000000	     -0.00000000	     -0.00000000	     -0.00000000	     -0.00000000
      0.86700000	     -0.00000000	      0.00000000	     -0.00000000	     -0.00000000	      0.00000000	     -0.00000000	     -0.00000000	     -0.00000000	     -0.00000000
      0.86800000	     -0.00000000	     -0.00000000	     -0.00000000	      0.00000000	     -0.00000000	     -0.00000000	     -0.00000000	     -0.00000000	     -0.00000000
      0.86900000	     -0.00000000	     -0.00000000	     -0.00000000	      0.00000000	      0.00000000	     -0.00000000	     -0.00000000	      0.00000000	     -0.00000000
      0.87000000	     -0.00000000	      0.00000000	     -0.00000000	     -0.00000000	      0.00000000	     -0.00000000	     -0.00000000	     -0.00000000	     -0.00000000
      0.87100000	     -0.00000000	     -0.00000000	     -0.00000000	      0.41719372	     -0.00000000	     -0.00000000	     -0.00000000	     -0.00000000	     -0.00000000
      0.87200000	     -0.00000000	     -0.00000000	     -0.00000000	      0.00000000	     -0.00000000	     -0.00000000	     -0.00000000	     -0.00000000	     -0.00000000
      0.87300000	     -0.00000000	     -0.00000000	     -0.00000000	     -0.00000000	      0.00000000	     -0.00000000	     -0.00000000	     -0.00000000	     -0.00000000
      0.87400000	     -0.00000000	      0.00000000	     -0.00000000	      0.00000000	     -0.00000000	     -0.00000000	     -0.00000000	     -0.00000000	     -0.00000000
      0.87500000	     -0.00000000	     -0.00000000	     -0.00000000	     -0.00000000	      0.00000000	     -0.00000000	     -0.00000000	     -0.00000000	     -0.00000000
      0.87600000	     -0.00000000	      0.00000000	     -0.00000000	     -0.00000000	      0.00000000	     -0.00000000	     -0.00000000	     -0.00000000	     -0.00000000
      0.87700000	     -0.00000000	     -0.00000000	     -0.00000000	      0.00000000	     -0.00000000	     -0.00000000	     -0.00000000	     -0.00000000	     -0.00000000
      0.87800000	     -0.00000000	     -0.00000000	     -0.00000000	     -0.00000000	      0.00000000	     -0.00000000	     -0.00000000	     -0.00000000	     -0.00000000
      0.87900000	     -0.00000000	      0.00000000	     -0.00000000	     -0.00000000	     -0.00000000	     -0.00000000	     -0.00000000	     -0.00000000	     -0.00000000
      0.88000000	     -0.00000000	     -0.00000000	     -0.00000000	     -0.00000000	      0.00000000	     -0.00000000	     -0.00000000	     -0.00000000	     -0.00000000
      0.88100000	     -0.00000000	     -0.00000000	     -0.00000000	    135.68644887	     -0.00000000	     -0.00000000	     -0.00000000	     -0.00000000	     -0.00000000
      0.88200000	     -0.00000000	     -0.00000000	     -0.00000000	      0.00000000	     -0.00000000	     -0.00000000	     -0.00000000	      0.00000000	     -0.00000000
      0.88300000	     -0.00000000	      0.00000000	     -0.00000000	     -0.00000000	      0.00000000	     -0.00000000	     -0.00000000	     -0.00000000	     -0.00000000
      0.88400000	     -0.00000000	     -0.00000000	     -0.00000000	     -0.00000000	      0.00000000	     -0.00000000	     -0.00000000	     -0.00000000	     -0.00000000
      0.88500000	     -0.00000000	      0.00000000	     -0.00000000	      0.28735079	      0.00000000	     -0.00000000	     -0.00000000	      0.00000000	     -0.00000000
      0.88600000	     -0.00000000	     -0.00000000	     -0.00000000	      0.00000000	     -0.00000000	     -0.00000000	     -0.00000000	     -0.00000000	     -0.00000000
      0.88700000	     -0.00000000	     -0.00000000	     -0.00000000	      0.00000000	     -0.00000000	     -0.00000000	     -0.00000000	      0.00000000	     -0.00000000
      0.88800000	     -0.00000000	      0.00000000	     -0.00000000	      0.00000000	     -0.00000000	     -0.00000000	     -0.00000000	     -0.00000000	     -0.00000000
      0.88900000	     -0.00000000	     -0.00000000	     -0.00000000	     -0.00000000	      0.00000000	     -0.00000000	     -0.00000000	     -0.00000000	     -0.00000000
      0.89000000	     -0.00000000	     -0.00000000	     -0.00000000	     -0.00000000	      0.00000000	     -0.00000000	     -0.00000000	     -0.00000000	     -0.00000000
      0.89100000	     -0.00000000	      0.00000000	     -0.00000000	     39.38452406	     -0.00000000	     -0.00000000	     -0.00000000	     -0.00000000	     -0.00000000
      0.89200000	     -0.00000000	      0.00000000	     -0.00000000	      0.00000000	     -0.00000000	     -0.00000000	     -0.00000000	      0.00000000	     -0.00000000
      0.89300000	     -0.00000000	     -0.00000000	     -0.00000000	     -0.00000000	      0.00000000	     -0.00000000	     -0.00000000	     -0.00000000	     -0.00000000
      0.89400000	     -0.00000000	     -0.00000000	     -0.00000000	     18.92614580	     -0.00000000	     -0.00000000	     -0.00000000	      0.00000000	     -0.00000000
      0.89500000	     -0.00000000	      0.00000000	     -0.00000000	      0.00000000	     -0.00000000	     -0.00000000	     -0.00000000	     -0.00000000	     -0.00000000
      0.89600000	     -0.00000000	     -0.00000000	     -0.00000000	     -0.00000000	      0.00000000	     -0.00000000	     -0.00000000	     -0.00000000	     -0.00000000
      0.89700000	     -0.00000000	      0.00000000	     -0.00000000	      0.00000000	      0.00000000	     -0.00000000	     -0.00000000	     -0.00000000	     -0.00000000
      0.89800000	     -0.00000000	     -0.00000000	     -0.00000000	     -0.00000000	      0.00000000	     -0.00000000	     -0.00000000	      0.00000000	     -0.00000000
      0.89900000	     -0.00000000	     -0.00000000	     -0.00000000	      0.00000000	     -0.00000000	     -0.00000000	     -0.00000000	      0.00000000	     -0.00000000
      0.90000000	     -0.00000000	      0.00000000	     -0.00000000	      0.00000000	     -0.00000000	     -0.00000000	     -0.00000000	      0.00000000	     -0.00000000
      0.90100000	     -0.00000000	     -0.00000000	     -0.00000000	     -0.00000000	      0.00000000	     -0.00000000	     -0.00000000	      0.00000000	     -0.00000000
      0.90200000	     -0.00000000	     -0.00000000	     -0.00000000	     -6.88271336	      0.00000000	     -0.00000000	     -0.00000000	     -0.00000000	     -0.00000000
      0.90300000	     -0.00000000	     -0.00000000	     -0.00000000	     -0.05538411	      0.00000000	     -0.00000000	     -0.00000000	     -0.00000000	     -0.00000000
      0.90400000	     -0.00000000	      0.00000000	     -0.00000000	     86.22498602	      0.00000000	     -0.00000000	     -0.00000000	      0.00000000	     -0.00000000
      0.90500000	     -0.00000000	      0.00000000	     -0.00000000	      0.00000000	     -0.00000000	     -0.00000000	     -0.00000000	     -0.00000000	     -0.00000000
      0.90600000	     -0.00000000	     -0.00000000	     -0.00000000	      0.00000000	     -0.00000000	     -0.00000000	     -0.00000000	     -0.00000000	     -0.00000000
      0.90700000	     -0.00000000	      0.00000000	     -0.00000000	     -0.00000000	      0.00000000	     -0.00000000	     -0.00000000	     -0.00000000	     -0.00000000
      0.90800000	     -0.00000000	     -0.00000000	     -0.00000000	     -0.00000000	      0.00000000	     -0.00000000	     -0.00000000	      0.00000000	     -0.00000000
      0.90900000	     -0.00000000	     -0.00000000	     -0.00000000	      0.00000000	     -0.00000000	     -0.00000000	     -0.00000000	     -0.00000000	     -0.00000000
      0.91000000	     -0.00000000	     -0.00000000	     -0.00000000	      0.00000000	      0.00000000	     -0.00000000	     -0.00000000	     -0.00000000	     -0.00000000
      0.91100000	     -0.00000000	      0.00000000	     -0.00000000	      0.00000000	     -0.00000000	     -0.00000000	     -0.00000000	     -0.00000000	     -0.00000000
      0.91200000	     -0.00000000	     -0.00000000	     -0.00000000	      0.00000000	     -0.00000000	     -0.00000000	     -0.00000000	     -0.00000000	     -0.00000000
      0.91300000	     -0.00000000	      0.00000000	     -0.00000000	     -0.00000000	      0.00000000	     -0.00000000	     -0.00000000	      0.00000000	     -0.00000000
      0.91400000	     -0.00000000	      0.00000000	     -0.00000000	     -0.00000000	     -0.00000000	     -0.00000000	     -0.00000000	      0.00000000	     -0.00000000
      0.91500000	     -0.00000000	     -0.00000000	     -0.00000000	      0.00000000	     -0.00000000	     -0.00000000	     -0.00000000	     -0.00000000	     -0.00000000
      0.91600000	     -0.00000000	      0.00000000	     -0.00000000	     -0.00000000	      0.00000000	     -0.00000000	     -0.00000000	     -0.00000000	     -0.00000000
      0.91700000	     -0.00000000	      0.00000000	     -0.00000000	      0.00000000	     -0.00000000	     -0.00000000	     -0.00000000	     -0.00000000	     -0.00000000
      0.91800000	     -0.00000000	     -0.00000000	     -0.00000000	     -0.00000000	     -0.00000000	     -0.00000000	     -0.00000000	     -0.00000000	     -0.00000000
      0.91900000	     -0.00000000	      0.00000000	     -0.00000000	     -0.00000000	      0.00000000	     -0.00000000	     -0.00000000	     -0.00000000	     -0.00000000
      0.92000000	     -0.00000000	      0.00000000	     -0.00000000	      0.00000000	     -0.00000000	     -0.00000000	     -0.00000000	     -0.00000000	     -0.00000000
      0.92100000	     -0.00000000	     -0.00000000	     -0.00000000	     -0.00000000	      0.00000000	     -0.00000000	     -0.00000000	      0.00000000	     -0.00000000
      0.92200000	     -0.00000000	     -0.00000000	     -0.00000000	      0.00000000	     -0.00000000	     -0.00000000	     -0.00000000	      0.00000000	     -0.00000000
      0.92300000	     -0.00000000	      0.00000000	     -0.00000000	      0.00000000	     -0.00000000	     -0.00000000	     -0.00000000	     -0.00000000	     -0.00000000
      0.92400000	     -0.00000000	     -0.00000000	     -0.00000000	      0.00000000	      0.00000000	     -0.00000000	     -0.00000000	      0.00000000	     -0.00000000
      0.92500000	     -0.00000000	     -0.00000000	     -0.00000000	     -0.00000000	      0.00000000	     -0.00000000	     -0.00000000	     -0.00000000	     -0.00000000
      0.92600000	     -0.00000000	      0.00000000	     -0.00000000	     -0.00000000	      0.00000000	     -0.00000000	     -0.00000000	     -0.00000000	     -0.00000000
      0.92700000	     -0.00000000	     -0.00000000	     -0.00000000	      0.00000000	     -0.00000000	     -0.00000000	     -0.00000000	      0.00000000	     -0.00000000
      0.92800000	     -0.00000000	     -0.00000000	     -0.00000000	     -0.00000000	      0.00000000	     -0.00000000	     -0.00000000	      0.00000000	     -0.00000000
      0.92900000	     -0.00000000	      0.00000000	     -0.00000000	      0.00000000	      0.00000000	     -0.00000000	     -0.00000000	     -0.00000000	     -0.00000000
      0.93000000	     -0.00000000	     -0.00000000	     -0.00000000	      0.00000000	     -0.00000000	     -0.00000000	     -0.00000000	     -0.00000000	     -0.00000000
      0.93100000	     -0.00000000	     -0.00000000	     -0.00000000	     -0.00000000	      0.00000000	     -0.00000000	     -0.00000000	     -0.00000000	     -0.00000000
      0.93200000	     -0.00000000	     -0.00000000	     -0.00000000	      0.00000000	     -0.00000000	     -0.00000000	     -0.00000000	      0.00000000	     -0.00000000
      0.93300000	     -0.00000000	     -0.00000000	     -0.00000000	      0.00000000	     -0.00000000	     -0.00000000	     -0.00000000	      0.00000000	     -0.00000000
      0.93400000	     -0.00000000	      0.00000000	     -0.00000000	     -0.00000000	      0.00000000	     -0.00000000	     -0.00000000	     -0.00000000	     -0.00000000
      0.93500000	     -0.00000000	     -0.00000000	     -0.00000000	     -0.00000000	      0.00000000	     -0.00000000	     -0.00000000	     -0.00000000	     -0.00000000
      0.93600000	     -0.00000000	      0.00000000	     -0.00000000	      0.00000000	     -0.00000000	     -0.00000000	     -0.00000000	      0.00000000	     -0.00000000
      0.93700000	     -0.00000000	     -0.00000000	     -0.00000000	     -0.00000000	      0.00000000	     -0.00000000	     -0.00000000	     -0.00000000	     -0.00000000
      0.93800000	     -0.00000000	     -0.00000000	     -0.00000000	      0.00000000	     -0.00000000	     -0.00000000	     -0.00000000	     -0.00000000	     -0.00000000
      0.93900000	     -0.00000000	      0.00000000	     -0.00000000	      0.00000000	      0.00000000	     -0.00000000	     -0.00000000	     -0.00000000	     -0.00000000
      0.94000000	     -0.00000000	     -0.00000000	     -0.00000000	     -0.00000000	      0.00000000	     -0.00000000	     -0.00000000	      0.00000000	     -0.00000000
      0.94100000	     -0.00000000	      0.00000000	     -0.00000000	      0.00000000	      0.00000000	     -0.00000000	     -0.00000000	     -0.00000000	     -0.00000000
      0.94200000	     -0.00000000	      0.00000000	     -0.00000000	     -0.00000000	      0.00000000	     -0.00000000	     -0.00000000	     -0.00000000	     -0.00000000
      0.94300000	     -0.00000000	      0.00000000	     -0.00000000	      0.00000000	     -0.00000000	     -0.00000000	     -0.00000000	     -0.00000000	     -0.00000000
      0.94400000	     -0.00000000	     -0.00000000	     -0.00000000	     -0.00000000	      0.00000000	     -0.00000000	     -0.00000000	      0.00000000	     -0.00000000
      0.94500000	     -0.00000000	      0.00000000	     -0.00000000	      0.00000000	     -0.00000000	     -0.00000000	     -0.00000000	      0.00000000	     -0.00000000
      0.94600000	     -0.00000000	     -0.00000000	     -0.00000000	     -0.00000000	      0.00000000	     -0.00000000	     -0.00000000	     -0.00000000	     -0.00000000
      0.94700000	     -0.00000000	     -0.00000000	     -0.00000000	     -3.88003664	      0.00000000	     -0.00000000	     -0.00000000	     -0.00000000	     -0.00000000
      0.94800000	     -0.00000000	      0.00000000	     -0.00000000	      0.00000000	     -0.00000000	     -0.00000000	     -0.00000000	     -0.00000000	     -0.00000000
      0.94900000	     -0.00000000	      0.00000000	     -0.00000000	     -0.00000000	      0.00000000	     -0.00000000	     -0.00000000	     -0.00000000	     -0.00000000
      0.95000000	     -0.00000000	     -0.00000000	     -0.00000000	     -0.00000000	      0.00000000	     -0.00000000	     -0.00000000	     -0.00000000	     -0.00000000
      0.95100000	     -0.00000000	     -0.00000000	     -0.00000000	      0.00000000	     -0.00000000	     -0.00000000	     -0.00000000	      0.00000000	     -0.00000000
      0.95200000	     -0.00000000	     -0.00000000	     -0.00000000	     -0.00000000	      0.00000000	     -0.00000000	     -0.00000000	     -0.00000000	     -0.00000000
      0.95300000	     -0.00000000	      0.00000000	     -0.00000000	   -709.57557896	      0.00000000	     -0.00000000	     -0.00000000	     -0.00000000	     -0.00000000
      0.95400000	     -0.00000000	     -0.00000000	     -0.00000000	      0.00000000	     -0.00000000	     -0.00000000	     -0.00000000	      0.00000000	     -0.00000000
      0.95500000	     -0.00000000	     -0.00000000	     -0.00000000	     -0.00000000	      0.00000000	     -0.00000000	     -0.00000000	     -0.00000000	     -0.00000000
      0.95600000	     -0.00000000	      0.00000000	     -0.00000000	     -0.00000000	      0.00000000	     -0.00000000	     -0.00000000	     -0.00000000	     -0.00000000
      0.95700000	     -0.00000000	     -0.00000000	     -0.00000000	     -0.00000000	      0.00000000	     -0.00000000	     -0.00000000	     -0.00000000	     -0.00000000
      0.95800000	     -0.00000000	      0.00000000	     -0.00000000	      0.00000000	      0.00000000	     -0.00000000	     -0.00000000	      0.00000000	     -0.00000000
      0.95900000	     -0.00000000	     -0.00000000	     -0.00000000	      0.00000000	     -0.00000000	     -0.00000000	     -0.00000000	      0.00000000	     -0.00000000
      0.96000000	     -0.00000000	     -0.00000000	     -0.00000000	      0.00000000	      0.00000000	     -0.00000000	     -0.00000000	      0.00000000	     -0.00000000
      0.96100000	     -0.00000000	      0.00000000	     -0.00000000	     -0.00000000	      0.00000000	     -0.00000000	     -0.00000000	     -0.00000000	     -0.00000000
      0.96200000	     -0.00000000	      0.00000000	     -0.00000000	     -0.00000000	      0.00000000	     -0.00000000	     -0.00000000	     -0.00000000	     -0.00000000
      0.96300000	     -0.00000000	     -0.00000000	     -0.00000000	     39.57745704	     -0.00000000	     -0.00000000	     -0.00000000	     -0.00000000	     -0.00000000
      0.96400000	     -0.00000000	     -0.00000000	     -0.00000000	      0.00000000	     -0.00000000	     -0.00000000	     -0.00000000	      0.00000000	     -0.00000000
      0.96500000	     -0.00000000	     -0.00000000	     -0.00000000	      0.00000000	     -0.00000000	     -0.00000000	     -0.00000000	      0.00000000	     -0.00000000
      0.96600000	     -0.00000000	      0.00000000	     -0.00000000	     -0.00000000	      0.00000000	     -0.00000000	     -0.00000000	     -0.00000000	     -0.00000000
      0.96700000	     -0.00000000	      0.00000000	     -0.00000000	   -171.62922746	     -0.00000000	     -0.00000000	     -0.00000000	     -0.00000000	     -0.00000000
      0.96800000	     -0.00000000	     -0.00000000	     -0.00000000	      0.00000000	     -0.00000000	     -0.00000000	     -0.00000000	     -0.00000000	     -0.00000000
      0.96900000	     -0.00000000	      0.00000000	     -0.00000000	     -0.00000000	      0.00000000	     -0.00000000	     -0.00000000	     -0.00000000	     -0.00000000
      0.97000000	     -0.00000000	     -0.00000000	     -0.00000000	      0.00000000	     -0.00000000	     -0.00000000	     -0.00000000	     -0.00000000	     -0.00000000
      0.97100000	     -0.00000000	     -0.00000000	     -0.00000000	     -0.00000000	      0.00000000	     -0.00000000	     -0.00000000	      0.00000000	     -0.00000000
      0.97200000	     -0.00000000	      0.00000000	     -0.00000000	    354.99824364	     -0.00000000	     -0.00000000	     -0.00000000	     -0.00000000	     -0.00000000
      0.97300000	     -0.00000000	     -0.00000000	     -0.00000000	      0.00000000	      0.00000000	     -0.00000000	     -0.00000000	     -0.00000000	     -0.00000000
      0.97400000	     -0.00000000	      0.00000000	     -0.00000000	     -0.00000000	      0.00000000	     -0.00000000	     -0.00000000	     -0.00000000	     -0.00000000
      0.97500000	     -0.00000000	     -0.00000000	     -0.00000000	      0.00000000	     -0.00000000	     -0.00000000	     -0.00000000	     -0.00000000	     -0.00000000
      0.97600000	     -0.00000000	      0.00000000	     -0.00000000	     -0.00000000	      0.00000000	     -0.00000000	     -0.00000000	     -0.00000000	     -0.00000000
      0.97700000	     -0.00000000	      0.00000000	     -0.00000000	      0.00000000	     -0.00000000	     -0.00000000	     -0.00000000	      0.00000000	     -0.00000000
      0.97800000	     -0.00000000	     -0.00000000	     -0.00000000	      0.00000000	     -0.00000000	     -0.00000000	     -0.00000000	     -0.00000000	     -0.00000000
      0.97900000	     -0.00000000	      0.00000000	     -0.00000000	     -0.00000000	      0.00000000	     -0.00000000	     -0.00000000	     -0.00000000	     -0.00000000
      0.98000000	     -0.00000000	      0.00000000	     -0.00000000	    113.42624087	     -0.00000000	     -0.00000000	     -0.00000000	     -0.00000000	     -0.00000000
      0.98100000	     -0.00000000	      0.00000000	     -0.00000000	      0.00000000	     -0.00000000	     -0.00000000	     -0.00000000	     -0.00000000	     -0.00000000
      0.98200000	     -0.00000000	     -0.00000000	     -0.00000000	     -0.00000000	      0.00000000	     -0.00000000	     -0.00000000	     -0.00000000	     -0.00000000
      0.98300000	     -0.00000000	     -0.00000000	     -0.00000000	      0.00000000	     -0.00000000	     -0.00000000	     -0.00000000	      0.00000000	     -0.00000000
      0.98400000	     -0.00000000	      0.00000000	     -0.00000000	     -0.00000000	      0.00000000	     -0.00000000	     -0.00000000	     -0.00000000	     -0.00000000
      0.98500000	     -0.00000000	      0.00000000	     -0.00000000	     -0.00000000	      0.00000000	     -0.00000000	     -0.00000000	     -0.00000000	     -0.00000000
      0.98600000	     -0.00000000	      0.00000000	     -0.00000000	     68.09010316	      0.00000000	     -0.00000000	     -0.00000000	      0.00000000	     -0.00000000
      0.98700000	     -0.00000000	      0.00000000	     -0.00000000	     -0.00000000	     -0.00000000	     -0.00000000	     -0.00000000	     -0.00000000	     -0.00000000
      0.98800000	     -0.00000000	     -0.00000000	     -0.00000000	      0.00000000	     -0.00000000	     -0.00000000	     -0.00000000	     -0.00000000	     -0.00000000
      0.98900000	     -0.00000000	      0.00000000	     -0.00000000	      0.00000000	     -0.00000000	     -0.00000000	     -0.00000000	     -0.00000000	     -0.00000000
      0.99000000	     -0.00000000	      0.00000000	     -0.00000000	     -0.00000000	      0.00000000	     -0.00000000	     -0.00000000	     -0.00000000	     -0.00000000
      0.99100000	     -0.00000000	      0.00000000	     -0.00000000	      0.05814320	     -0.00000000	     -0.00000000	     -0.00000000	      0.00000000	     -0.00000000
      0.99200000	     -0.00000000	     -0.00000000	     -0.00000000	     -0.00000000	      0.00000000	     -0.00000000	     -0.00000000	      0.00000000	     -0.00000000
      0.99300000	     -0.00000000	      0.00000000	     -0.00000000	      6.64758341	      0.00000000	     -0.00000000	     -0.00000000	     -0.00000000	     -0.00000000
      0.99400000	     -0.00000000	      0.00000000	     -0.00000000	      0.00000000	     -0.00000000	     -0.00000000	     -0.00000000	     -0.00000000	     -0.00000000
      0.99500000	     -0.00000000	     -0.00000000	     -0.00000000	      0.00000000	     -0.00000000	     -0.00000000	     -0.00000000	     -0.00000000	     -0.00000000
      0.99600000	     -0.00000000	     -0.00000000	     -0.00000000	     -0.00000000	      0.00000000	     -0.00000000	     -0.00000000	      0.00000000	     -0.00000000
      0.99700000	     -0.00000000	      0.00000000	     -0.00000000	      0.00000000	      0.00000000	     -0.00000000	     -0.00000000	      0.00000000	     -0.00000000
      0.99800000	     -0.00000000	      0.00000000	     -0.00000000	      0.00000000	     -0.00000000	     -0.00000000	     -0.00000000	     -0.00000000	     -0.00000000
      0.99900000	     -0.00000000	      0.00000000	     -0.00000000	     -0.00000000	      0.00000000	     -0.00000000	     -0.00000000	     -0.00000000	     -0.00000000
      1.00000000	     -0.00000000	     -0.00000000	     -0.00000000	      0.00000000	     -0.00000000	     -0.00000000	     -0.00000000	     -0.00000000	     -0.00000000
      1.00100000	     -0.00000000	     -0.00000000	     -0.00000000	     -0.00000000	      0.00000000	     -0.00000000	     -0.00000000	      0.00000000	     -0.00000000
      1.00200000	     -0.00000000	      0.00000000	     -0.00000000	     -0.00000000	     -0.00000000	     -0.00000000	     -0.00000000	     -0.00000000	     -0.00000000
      1.00300000	     -0.00000000	      0.00000000	     -0.00000000	     -0.00000000	      0.00000000	     -0.00000000	     -0.00000000	     -0.00000000	     -0.00000000
      1.00400000	     -0.00000000	     -0.00000000	     -0.00000000	    -18.81458785	     -0.00000000	     -0.00000000	     -0.00000000	      0.00000000	     -0.00000000
      1.00500000	     -0.00000000	      0.00000000	     -0.00000000	     -0.00000000	      0.00000000	     -0.00000000	     -0.00000000	     -0.00000000	     -0.00000000
      1.00600000	     -0.00000000	     -0.00000000	     -0.00000000	    161.23830378	      0.00000000	     -0.00000000	     -0.00000000	     -0.00000000	     -0.00000000
      1.00700000	     -0.00000000	     -0.00000000	     -0.00000000	      0.00000000	     -0.00000000	     -0.00000000	     -0.00000000	     -0.00000000	     -0.00000000
      1.00800000	     -0.00000000	      0.00000000	     -0.00000000	      0.00000000	     -0.00000000	     -0.00000000	     -0.00000000	     -0.00000000	     -0.00000000
      1.00900000	     -0.00000000	     -0.00000000	     -0.00000000	     -0.00000000	      0.00000000	     -0.00000000	     -0.00000000	     -0.00000000	     -0.00000000
      1.01000000	     -0.00000000	      0.00000000	     -0.00000000	   1384.62981944	     -0.00000000	     -0.00000000	     -0.00000000	      0.00000000	     -0.00000000
      1.01100000	     -0.00000000	     -0.00000000	     -0.00000000	      0.00000000	     -0.00000000	     -0.00000000	     -0.00000000	     -0.00000000	     -0.00000000
      1.01200000	     -0.00000000	     -0.00000000	     -0.00000000	     -0.00000000	      0.00000000	     -0.00000000	     -0.00000000	     -0.00000000	     -0.00000000
      1.01300000	     -0.00000000	      0.00000000	     -0.00000000	      0.00000000	     -0.00000000	     -0.00000000	     -0.00000000	     -0.00000000	     -0.00000000
      1.01400000	     -0.00000000	     -0.00000000	     -0.00000000	     -0.00000000	      0.00000000	     -0.00000000	     -0.00000000	      0.00000000	     -0.00000000
      1.01500000	     -0.00000000	      0.00000000	     -0.00000000	     -0.00000000	      0.00000000	     -0.00000000	     -0.00000000	      0.00000000	     -0.00000000
      1.01600000	     -0.00000000	      0.00000000	     -0.00000000	     -0.00000000	      0.00000000	     -0.00000000	     -0.00000000	     -0.00000000	     -0.00000000
      1.01700000	     -0.00000000	      0.00000000	     -0.00000000	      9.47121841	     -0.00000000	     -0.00000000	     -0.00000000	     -0.00000000	     -0.00000000
      1.01800000	     -0.00000000	     -0.00000000	     -0.00000000	      0.00000000	     -0.00000000	     -0.00000000	     -0.00000000	     -0.00000000	     -0.00000000
      1.01900000	     -0.00000000	     -0.00000000	     -0.00000000	     -0.00000000	      0.00000000	     -0.00000000	     -0.00000000	     -0.00000000	     -0.00000000
      1.02000000	     -0.00000000	      0.00000000	     -0.00000000	      0.00000000	     -0.00000000	     -0.00000000	     -0.00000000	     -0.00000000	     -0.00000000
      1.02100000	     -0.00000000	      0.00000000	     -0.00000000	      0.00000000	     -0.00000000	     -0.00000000	     -0.00000000	      0.00000000	     -0.00000000
      1.02200000	     -0.00000000	     -0.00000000	     -0.00000000	   -293.08377968	      0.00000000	     -0.00000000	     -0.00000000	     -0.00000000	     -0.00000000
      1.02300000	     -0.00000000	      0.00000000	     -0.00000000	      0.00000000	     -0.00000000	     -0.00000000	     -0.00000000	     -0.00000000	     -0.00000000
      1.02400000	     -0.00000000	      0.00000000	     -0.00000000	     -0.00000000	      0.00000000	     -0.00000000	     -0.00000000	      0.00000000	     -0.00000000
      1.02500000	     -0.00000000	     -0.00000000	     -0.00000000	      0.00000000	     -0.00000000	     -0.00000000	     -0.00000000	      0.00000000	     -0.00000000
      1.02600000	     -0.00000000	     -0.00000000	     -0.00000000	     -0.00000000	      0.00000000	     -0.00000000	     -0.00000000	     -0.00000000	     -0.00000000
      1.02700000	     -0.00000000	     -0.00000000	     -0.00000000	      0.00000000	      0.00000000	     -0.00000000	     -0.00000000	     -0.00000000	     -0.00000000
      1.02800000	     -0.00000000	     -0.00000000	     -0.00000000	      0.00000000	     -0.00000000	     -0.00000000	     -0.00000000	     -0.00000000	     -0.00000000
      1.02900000	     -0.00000000	      0.00000000	     -0.00000000	    -21.30035377	      0.00000000	     -0.00000000	     -0.00000000	     -0.00000000	     -0.00000000
      1.03000000	     -0.00000000	      0.00000000	     -0.00000000	     14.77288969	     -0.00000000	     -0.00000000	     -0.00000000	      0.00000000	     -0.00000000
      1.03100000	     -0.00000000	      0.00000000	     -0.00000000	      0.00000000	     -0.00000000	     -0.00000000	     -0.00000000	     -0.00000000	     -0.00000000
      1.03200000	     -0.00000000	     -0.00000000	     -0.00000000	     -0.00000000	      0.00000000	     -0.00000000	     -0.00000000	     -0.00000000	     -0.00000000
      1.03300000	     -0.00000000	     -0.00000000	     -0.00000000	     -7.69625209	      0.00000000	     -0.00000000	     -0.00000000	     -0.00000000	     -0.00000000
      1.03400000	     -0.00000000	      0.00000000	     -0.00000000	      0.00000000	     -0.00000000	     -0.00000000	     -0.00000000	      0.00000000	     -0.00000000
      1.03500000	     -0.00000000	     -0.00000000	     -0.00000000	     -0.00000000	      0.00000000	     -0.00000000	     -0.00000000	     -0.00000000	     -0.00000000
      1.03600000	     -0.00000000	      0.00000000	     -0.00000000	   -149.56919704	      0.00000000	     -0.00000000	     -0.00000000	     -0.00000000	     -0.00000000
      1.03700000	     -0.00000000	      0.00000000	     -0.00000000	    279.27884943	     -0.00000000	     -0.00000000	     -0.00000000	     -0.00000000	     -0.00000000
      1.03800000	     -0.00000000	     -0.00000000	     -0.00000000	     -0.03206569	      0.00000000	     -0.00000000	     -0.00000000	     -0.00000000	     -0.00000000
      1.03900000	     -0.00000000	     -0.00000000	     -0.00000000	      0.00000000	     -0.00000000	     -0.00000000	     -0.00000000	      0.00000000	     -0.00000000
      1.04000000	     -0.00000000	      0.00000000	     -0.00000000	      0.00000000	     -0.00000000	     -0.00000000	     -0.00000000	      0.00000000	     -0.00000000
      1.04100000	     -0.00000000	      0.00000000	     -0.00000000	     -0.00000000	      0.00000000	     -0.00000000	     -0.00000000	      0.00000000	     -0.00000000
      1.04200000	     -0.00000000	     -0.00000000	     -0.00000000	      0.00000000	     -0.00000000	     -0.00000000	     -0.00000000	      0.00000000	     -0.00000000
      1.04300000	     -0.00000000	      0.00000000	     -0.00000000	     -0.00000000	      0.00000000	     -0.00000000	     -0.00000000	      0.00000000	     -0.00000000
      1.04400000	     -0.00000000	     -0.00000000	     -0.00000000	     64.04581184	      0.00000000	     -0.00000000	     -0.00000000	     -0.00000000	     -0.00000000
      1.04500000	     -0.00000000	      0.00000000	     -0.00000000	      0.00000000	     -0.00000000	     -0.00000000	     -0.00000000	     -0.00000000	     -0.00000000
      1.04600000	     -0.00000000	      0.00000000	     -0.00000000	     -0.35594109	      0.00000000	     -0.00000000	     -0.00000000	      0.00000000	     -0.00000000
      1.04700000	     -0.00000000	     -0.00000000	     -0.00000000	      0.00000000	     -0.00000000	     -0.00000000	     -0.00000000	      0.00000000	     -0.00000000
      1.04800000	     -0.00000000	      0.00000000	     -0.00000000	    -83.80742864	      0.00000000	     -0.00000000	     -0.00000000	     -0.00000000	     -0.00000000
      1.04900000	     -0.00000000	     -0.00000000	     -0.00000000	     61.69951694	     -0.00000000	     -0.00000000	     -0.00000000	     -0.00000000	     -0.00000000
      1.05000000	     -0.00000000	     -0.00000000	     -0.00000000	      0.00000000	     -0.00000000	     -0.00000000	     -0.00000000	      0.00000000	     -0.00000000
      1.05100000	     -0.00000000	      0.00000000	     -0.00000000	     -0.15324581	      0.00000000	     -0.00000000	     -0.00000000	     -0.00000000	     -0.00000000
      1.05200000	     -0.00000000	     -0.00000000	     -0.00000000	   2176.03663297	     -0.00000000	     -0.00000000	     -0.00000000	      0.00000000	     -0.00000000
      1.05300000	     -0.00000000	      0.00000000	     -0.00000000	      0.00000000	     -0.00000000	     -0.00000000	     -0.00000000	     -0.00000000	     -0.00000000
      1.05400000	     -0.00000000	      0.00000000	     -0.00000000	   -182.68307108	      0.00000000	     -0.00000000	     -0.00000000	     -0.00000000	     -0.00000000
      1.05500000	     -0.00000000	     -0.00000000	     -0.00000000	      0.00000000	     -0.00000000	     -0.00000000	     -0.00000000	     -0.00000000	     -0.00000000
      1.05600000	     -0.00000000	     -0.00000000	     -0.00000000	   -464.10195683	      0.00000000	     -0.00000000	     -0.00000000	     -0.00000000	     -0.00000000
      1.05700000	     -0.00000000	      0.00000000	     -0.00000000	    373.07509287	     -0.00000000	     -0.00000000	     -0.00000000	     -0.00000000	     -0.00000000
      1.05800000	     -0.00000000	     -0.00000000	     -0.00000000	      0.00000000	     -0.00000000	     -0.00000000	     -0.00000000	     -0.00000000	     -0.00000000
      1.05900000	     -0.00000000	     -0.00000000	     -0.00000000	     -0.00000000	      0.00000000	     -0.00000000	     -0.00000000	      0.00000000	     -0.00000000
      1.06000000	     -0.00000000	      0.00000000	     -0.00000000	     -0.00000000	      0.00000000	     -0.00000000	     -0.00000000	     -0.00000000	     -0.00000000
      1.06100000	     -0.00000000	      0.00000000	     -0.00000000	    130.80664040	     -0.00000000	     -0.00000000	     -0.00000000	     -0.00000000	     -0.00000000
      1.06200000	     -0.00000000	      0.00000000	     -0.00000000	     -0.00000000	      0.00000000	     -0.00000000	     -0.00000000	      0.00000000	     -0.00000000
      1.06300000	     -0.00000000	     -0.00000000	     -0.00000000	    359.87084398	      0.00000000	     -0.00000000	     -0.00000000	     -0.00000000	     -0.00000000
      1.06400000	     -0.00000000	      0.00000000	     -0.00000000	      0.00000000	     -0.00000000	     -0.00000000	     -0.00000000	      0.00000000	     -0.00000000
      1.06500000	     -0.00000000	     -0.00000000	     -0.00000000	  -1117.17095118	      0.00000000	     -0.00000000	     -0.00000000	     -0.00000000	     -0.00000000
      1.06600000	     -0.00000000	     -0.00000000	     -0.00000000	     26.23142260	     -0.00000000	     -0.00000000	     -0.00000000	      0.00000000	     -0.00000000
      1.06700000	     -0.00000000	      0.00000000	     -0.00000000	      0.00000000	     -0.00000000	     -0.00000000	     -0.00000000	      0.00000000	     -0.00000000
      1.06800000	     -0.00000000	      0.00000000	     -0.00000000	     -0.00000000	     -0.00000000	     -0.00000000	     -0.00000000	     -0.00000000	     -0.00000000
      1.06900000	     -0.00000000	     -0.00000000	     -0.00000000	     -0.00000000	      0.00000000	     -0.00000000	     -0.00000000	     -0.00000000	     -0.00000000
      1.07000000	     -0.00000000	     -0.00000000	     -0.00000000	   -132.77004390	      0.00000000	     -0.00000000	     -0.00000000	     -0.00000000	     -0.00000000
      1.07100000	     -0.00000000	     -0.00000000	     -0.00000000	      0.00000000	     -0.00000000	     -0.00000000	     -0.00000000	     -0.00000000	     -0.00000000
      1.07200000	     -0.00000000	      0.00000000	     -0.00000000	     -0.00000000	      0.00000000	     -0.00000000	     -0.00000000	     -0.00000000	     -0.00000000
      1.07300000	     -0.00000000	      0.00000000	     -0.00000000	     -0.00000000	      0.00000000	     -0.00000000	     -0.00000000	     -0.00000000	     -0.00000000
      1.07400000	     -0.00000000	     -0.00000000	     -0.00000000	    110.39199408	     -0.00000000	     -0.00000000	     -0.00000000	     -0.00000000	     -0.00000000
      1.07500000	     -0.00000000	      0.00000000	     -0.00000000	     -0.00000000	      0.00000000	     -0.00000000	     -0.00000000	      0.00000000	     -0.00000000
      1.07600000	     -0.00000000	     -0.00000000	     -0.00000000	   1415.66705529	     -0.00000000	     -0.00000000	     -0.00000000	     -0.00000000	     -0.00000000
      1.07700000	     -0.00000000	      0.00000000	     -0.00000000	      0.00000000	     -0.00000000	     -0.00000000	     -0.00000000	     -0.00000000	     -0.00000000
      1.07800000	     -0.00000000	     -0.00000000	     -0.00000000	     -6.95369526	      0.00000000	     -0.00000000	     -0.00000000	     -0.00000000	     -0.00000000
      1.07900000	     -0.00000000	     -0.00000000	     -0.00000000	   1570.89747899	     -0.00000000	     -0.00000000	     -0.00000000	     -0.00000000	     -0.00000000
      1.08000000	     -0.00000000	      0.00000000	     -0.00000000	     -0.00000000	      0.00000000	     -0.00000000	     -0.00000000	      0.00000000	     -0.00000000
      1.08100000	     -0.00000000	     -0.00000000	     -0.00000000	    773.79001681	      0.00000000	     -0.00000000	     -0.00000000	      0.00000000	     -0.00000000
      1.08200000	     -0.00000000	      0.00000000	     -0.00000000	      0.00000000	     -0.00000000	     -0.00000000	     -0.00000000	     -0.00000000	     -0.00000000
      1.08300000	     -0.00000000	     -0.00000000	     -0.00000000	     -0.00000000	      0.00000000	     -0.00000000	     -0.00000000	      0.00000000	     -0.00000000
      1.08400000	     -0.00000000	      0.00000000	     -0.00000000	   -253.30099852	      0.00000000	     -0.00000000	     -0.00000000	     -0.00000000	     -0.00000000
      1.08500000	     -0.00000000	      0.00000000	     -0.00000000	    496.70475963	     -0.00000000	     -0.00000000	     -0.00000000	     -0.00000000	     -0.00000000
      1.08600000	     -0.00000000	      0.00000000	     -0.00000000	      0.00000000	     -0.00000000	     -0.00000000	     -0.00000000	     -0.00000000	     -0.00000000
      1.08700000	     -0.00000000	     -0.00000000	     -0.00000000	     -0.00000000	      0.00000000	     -0.00000000	     -0.00000000	      0.00000000	     -0.00000000
      1.08800000	     -0.00000000	     -0.00000000	     -0.00000000	     -0.00000000	      0.00000000	     -0.00000000	     -0.00000000	     -0.00000000	     -0.00000000
      1.08900000	     -0.00000000	     -0.00000000	     -0.00000000	   -611.20494327	      0.00000000	     -0.00000000	     -0.00000000	      0.00000000	     -0.00000000
      1.09000000	     -0.00000000	      0.00000000	     -0.00000000	     71.67789325	     -0.00000000	     -0.00000000	     -0.00000000	     -0.00000000	     -0.00000000
      1.09100000	     -0.00000000	      0.00000000	     -0.00000000	      0.00000000	     -0.00000000	     -0.00000000	     -0.00000000	     -0.00000000	     -0.00000000
      1.09200000	     -0.00000000	     -0.00000000	     -0.00000000	      0.00000000	     -0.00000000	     -0.00000000	     -0.00000000	     -0.00000000	     -0.00000000
      1.09300000	     -0.00000000	      0.00000000	     -0.00000000	     -0.00000000	      0.00000000	     -0.00000000	     -0.00000000	     -0.00000000	     -0.00000000
      1.09400000	     -0.00000000	      0.00000000	     -0.00000000	      0.00000000	     -0.00000000	     -0.00000000	     -0.00000000	     -0.00000000	     -0.00000000
      1.09500000	     -0.00000000	     -0.00000000	     -0.00000000	     -0.00000000	      0.00000000	     -0.00000000	     -0.00000000	      0.00000000	     -0.00000000
      1.09600000	     -0.00000000	     -0.00000000	     -0.00000000	     -0.00000000	      0.00000000	     -0.00000000	     -0.00000000	     -0.00000000	     -0.00000000
      1.09700000	     -0.00000000	     -0.00000000	     -0.00000000	      0.00000000	     -0.00000000	     -0.00000000	     -0.00000000	     -0.00000000	     -0.00000000
      1.09800000	     -0.00000000	     -0.00000000	     -0.00000000	     -0.00000000	      0.00000000	     -0.00000000	     -0.00000000	     -0.00000000	     -0.00000000
      1.09900000	     -0.00000000	      0.00000000	     -0.00000000	    171.45680679	     -0.00000000	     -0.00000000	     -0.00000000	     -0.00000000	     -0.00000000
      1.10000000	     -0.00000000	     -0.00000000	     -0.00000000	     -0.00000000	      0.00000000	     -0.00000000	     -0.00000000	     -0.00000000	     -0.00000000
      1.10100000	     -0.00000000	      0.00000000	     -0.00000000	     54.54209052	      0.00000000	     -0.00000000	     -0.00000000	     -0.00000000	     -0.00000000
      1.10200000	     -0.00000000	      0.00000000	     -0.00000000	      0.00000000	     -0.00000000	     -0.00000000	     -0.00000000	     -0.00000000	     -0.00000000
      1.10300000	     -0.00000000	     -0.00000000	     -0.00000000	    -69.09771446	      0.00000000	     -0.00000000	     -0.00000000	     -0.00000000	     -0.00000000
      1.10400000	     -0.00000000	      0.00000000	     -0.00000000	      0.00000000	     -0.00000000	     -0.00000000	     -0.00000000	     -0.00000000	     -0.00000000
      1.10500000	     -0.00000000	     -0.00000000	     -0.00000000	     -0.00000000	      0.00000000	     -0.00000000	     -0.00000000	      0.00000000	     -0.00000000
      1.10600000	     -0.00000000	      0.00000000	     -0.00000000	     -0.00000000	      0.00000000	     -0.00000000	     -0.00000000	     -0.00000000	     -0.00000000
      1.10700000	     -0.00000000	     -0.00000000	     -0.00000000	      0.00539302	     -0.00000000	     -0.00000000	     -0.00000000	     -0.00000000	     -0.00000000
      1.10800000	     -0.00000000	      0.00000000	     -0.00000000	      0.00000000	     -0.00000000	     -0.00000000	     -0.00000000	     -0.00000000	     -0.00000000
      1.10900000	     -0.00000000	      0.00000000	     -0.00000000	     -0.00000000	      0.00000000	     -0.00000000	     -0.00000000	     -0.00000000	     -0.00000000
      1.11000000	     -0.00000000	     -0.00000000	     -0.00000000	      0.92737518	     -0.00000000	     -0.00000000	     -0.00000000	     -0.00000000	     -0.00000000
      1.11100000	     -0.00000000	      0.00000000	     -0.00000000	      0.00000000	     -0.00000000	     -0.00000000	     -0.00000000	      0.00000000	     -0.00000000
      1.11200000	     -0.00000000	      0.00000000	     -0.00000000	     -0.00000000	      0.00000000	     -0.00000000	     -0.00000000	     -0.00000000	     -0.00000000
      1.11300000	     -0.00000000	     -0.00000000	     -0.00000000	   2985.89438136	     -0.00000000	     -0.00000000	     -0.00000000	      0.00000000	     -0.00000000
      1.11400000	     -0.00000000	      0.00000000	     -0.00000000	      0.00000000	      0.00000000	     -0.00000000	     -0.00000000	      0.00000000	     -0.00000000
      1.11500000	     -0.00000000	     -0.00000000	     -0.00000000	   -300.65148688	      0.00000000	     -0.00000000	     -0.00000000	     -0.00000000	     -0.00000000
      1.11600000	     -0.00000000	      0.00000000	     -0.00000000	      0.00000000	     -0.00000000	     -0.00000000	     -0.00000000	     -0.00000000	     -0.00000000
      1.11700000	     -0.00000000	      0.00000000	     -0.00000000	   -799.60877486	      0.00000000	     -0.00000000	     -0.00000000	      0.00000000	     -0.00000000
      1.11800000	     -0.00000000	     -0.00000000	     -0.00000000	      0.00000000	     -0.00000000	     -0.00000000	     -0.00000000	     -0.00000000	     -0.00000000
      1.11900000	     -0.00000000	     -0.00000000	     -0.00000000	     -0.00000000	      0.00000000	     -0.00000000	     -0.00000000	      0.00000000	     -0.00000000
      1.12000000	     -0.00000000	      0.00000000	     -0.00000000	    152.02700811	      0.00000000	     -0.00000000	     -0.00000000	     -0.00000000	     -0.00000000
      1.12100000	     -0.00000000	      0.00000000	     -0.00000000	      0.00000000	     -0.00000000	     -0.00000000	     -0.00000000	     -0.00000000	     -0.00000000
      1.12200000	     -0.00000000	     -0.00000000	     -0.00000000	     -8.12107357	      0.00000000	     -0.00000000	     -0.00000000	     -0.00000000	     -0.00000000
      1.12300000	     -0.00000000	      0.00000000	     -0.00000000	    869.60534218	     -0.00000000	     -0.00000000	     -0.00000000	     -0.00000000	     -0.00000000
      1.12400000	     -0.00000000	     -0.00000000	     -0.00000000	     -6.98840447	      0.00000000	     -0.00000000	     -0.00000000	      0.00000000	     -0.00000000
      1.12500000	     -0.00000000	      0.00000000	     -0.00000000	     55.50265936	     -0.00000000	     -0.00000000	     -0.00000000	      0.00000000	     -0.00000000
      1.12600000	     -0.00000000	     -0.00000000	     -0.00000000	      0.00000000	      0.00000000	     -0.00000000	     -0.00000000	      0.00000000	     -0.00000000
      1.12700000	     -0.00000000	     -0.00000000	     -0.00000000	    133.23597887	     -0.00000000	     -0.00000000	     -0.00000000	     -0.00000000	     -0.00000000
      1.12800000	     -0.00000000	      0.00000000	     -0.00000000	     -0.00000000	      0.00000000	     -0.00000000	     -0.00000000	     -0.00000000	     -0.00000000
      1.12900000	     -0.00000000	     -0.00000000	     -0.00000000	   1432.75199006	     -0.00000000	     -0.00000000	     -0.00000000	     -0.00000000	     -0.00000000
      1.13000000	     -0.00000000	      0.00000000	     -0.00000000	      0.00000000	     -0.00000000	     -0.00000000	     -0.00000000	      0.00000000	     -0.00000000
      1.13100000	     -0.00000000	     -0.00000000	     -0.00000000	  -2709.44544412	      0.00000000	     -0.00000000	     -0.00000000	     -0.00000000	     -0.00000000
      1.13200000	     -0.00000000	     -0.00000000	     -0.00000000	      0.00000000	     -0.00000000	     -0.00000000	     -0.00000000	     -0.00000000	     -0.00000000
      1.13300000	     -0.00000000	      0.00000000	     -0.00000000	     -0.00000000	      0.00000000	     -0.00000000	     -0.00000000	     -0.00000000	     -0.00000000
      1.13400000	     -0.00000000	     -0.00000000	     -0.00000000	     -0.61169131	      0.00000000	     -0.00000000	     -0.00000000	     -0.00000000	     -0.00000000
      1.13500000	     -0.00000000	      0.00000000	     -0.00000000	      7.13727772	     -0.00000000	     -0.00000000	     -0.00000000	      0.00000000	     -0.00000000
      1.13600000	     -0.00000000	     -0.00000000	     -0.00000000	     -0.00000000	     -0.00000000	     -0.00000000	     -0.00000000	     -0.00000000	     -0.00000000
      1.13700000	     -0.00000000	      0.00000000	     -0.00000000	  -2761.72542724	      0.00000000	     -0.00000000	     -0.00000000	     -0.00000000	     -0.00000000
      1.13800000	     -0.00000000	      0.00000000	     -0.00000000	    475.96524453	     -0.00000000	     -0.00000000	     -0.00000000	     -0.00000000	     -0.00000000
      1.13900000	     -0.00000000	     -0.00000000	     -0.00000000	     -0.00000000	      0.00000000	     -0.00000000	     -0.00000000	      0.00000000	     -0.00000000
      1.14000000	     -0.00000000	      0.00000000	     -0.00000000	   -364.26213916	      0.00000000	     -0.00000000	     -0.00000000	     -0.00000000	     -0.00000000
      1.14100000	     -0.00000000	      0.00000000	     -0.00000000	      8.46687590	     -0.00000000	     -0.00000000	     -0.00000000	      0.00000000	     -0.00000000
      1.14200000	     -0.00000000	     -0.00000000	     -0.00000000	     -0.00000000	      0.00000000	     -0.00000000	     -0.00000000	     -0.00000000	     -0.00000000
      1.14300000	     -0.00000000	      0.00000000	     -0.00000000	    111.19031735	     -0.00000000	     -0.00000000	     -0.00000000	      0.00000000	     -0.00000000
      1.14400000	     -0.00000000	     -0.00000000	     -0.00000000	      0.00000000	      0.00000000	     -0.00000000	     -0.00000000	     -0.00000000	     -0.00000000
      1.14500000	     -0.00000000	     -0.00000000	     -0.00000000	     -0.00000000	      0.00000000	     -0.00000000	     -0.00000000	     -0.00000000	     -0.00000000
      1.14600000	     -0.00000000	     -0.00000000	     -0.00000000	     -0.00000000	     -0.00000000	     -0.00000000	     -0.00000000	     -0.00000000	     -0.00000000
      1.14700000	     -0.00000000	     -0.00000000	     -0.00000000	      1.39135564	     -0.00000000	     -0.00000000	     -0.00000000	     -0.00000000	     -0.00000000
      1.14800000	     -0.00000000	      0.00000000	     -0.00000000	     -0.00000000	      0.00000000	     -0.00000000	     -0.00000000	      0.00000000	     -0.00000000
      1.14900000	     -0.00000000	      0.00000000	     -0.00000000	  -3412.53688889	      0.00000000	     -0.00000000	     -0.00000000	     -0.00000000	     -0.00000000
      1.15000000	     -0.00000000	     -0.00000000	     -0.00000000	      0.00000000	     -0.00000000	     -0.00000000	     -0.00000000	     -0.00000000	     -0.00000000
      1.15100000	     -0.00000000	     -0.00000000	     -0.00000000	     -0.04765937	      0.00000000	     -0.00000000	     -0.00000000	     -0.00000000	     -0.00000000
      1.15200000	     -0.00000000	      0.00000000	     -0.00000000	   1132.98578643	     -0.00000000	     -0.00000000	     -0.00000000	     -0.00000000	     -0.00000000
      1.15300000	     -0.00000000	     -0.00000000	     -0.00000000	     -0.00000000	     -0.00000000	     -0.00000000	     -0.00000000	     -0.00000000	     -0.00000000
      1.15400000	     -0.00000000	      0.00000000	     -0.00000000	    192.39074786	     -0.00000000	     -0.00000000	     -0.00000000	     -0.00000000	     -0.00000000
      1.15500000	     -0.00000000	      0.00000000	     -0.00000000	      0.00000000	     -0.00000000	     -0.00000000	     -0.00000000	      0.00000000	     -0.00000000
      1.15600000	     -0.00000000	     -0.00000000	     -0.00000000	     -0.00000000	      0.00000000	     -0.00000000	     -0.00000000	      0.00000000	     -0.00000000
      1.15700000	     -0.00000000	      0.00000000	     -0.00000000	      0.00000000	      0.00000000	     -0.00000000	     -0.00000000	     -0.00000000	     -0.00000000
      1.15800000	     -0.00000000	     -0.00000000	     -0.00000000	     -0.00000000	      0.00000000	     -0.00000000	     -0.00000000	     -0.00000000	     -0.00000000
      1.15900000	     -0.00000000	     -0.00000000	     -0.00000000	  -1538.27747919	      0.00000000	     -0.00000000	     -0.00000000	     -0.00000000	     -0.00000000
      1.16000000	     -0.00000000	     -0.00000000	     -0.00000000	    816.20684069	     -0.00000000	     -0.00000000	     -0.00000000	      0.00000000	     -0.00000000
      1.16100000	     -0.00000000	      0.00000000	     -0.00000000	     35.38562937	     -0.00000000	     -0.00000000	     -0.00000000	     -0.00000000	     -0.00000000
      1.16200000	     -0.00000000	     -0.00000000	     -0.00000000	      0.00000000	     -0.00000000	     -0.00000000	     -0.00000000	     -0.00000000	     -0.00000000
      1.16300000	     -0.00000000	     -0.00000000	     -0.00000000	     -0.00000000	      0.00000000	     -0.00000000	     -0.00000000	     -0.00000000	     -0.00000000
      1.16400000	     -0.00000000	      0.00000000	     -0.00000000	  -3417.38711629	      0.00000000	     -0.00000000	     -0.00000000	     -0.00000000	     -0.00000000
      1.16500000	     -0.00000000	     -0.00000000	     -0.00000000	   2725.54533996	     -0.00000000	     -0.00000000	     -0.00000000	      0.00000000	     -0.00000000
      1.16600000	     -0.00000000	     -0.00000000	     -0.00000000	      0.00000000	     -0.00000000	     -0.00000000	     -0.00000000	     -0.00000000	     -0.00000000
      1.16700000	     -0.00000000	     -0.00000000	     -0.00000000	     -0.00000000	      0.00000000	     -0.00000000	     -0.00000000	     -0.00000000	     -0.00000000
      1.16800000	     -0.00000000	     -0.00000000	     -0.00000000	   -101.02502427	      0.00000000	     -0.00000000	     -0.00000000	     -0.00000000	     -0.00000000
      1.16900000	     -0.00000000	      0.00000000	     -0.00000000	      0.00000000	     -0.00000000	     -0.00000000	     -0.00000000	      0.00000000	     -0.00000000
      1.17000000	     -0.00000000	      0.00000000	     -0.00000000	     -0.00000000	      0.00000000	     -0.00000000	     -0.00000000	     -0.00000000	     -0.00000000
      1.17100000	     -0.00000000	     -0.00000000	     -0.00000000	    558.51398078	     -0.00000000	     -0.00000000	     -0.00000000	      0.00000000	     -0.00000000
      1.17200000	     -0.00000000	     -0.00000000	     -0.00000000	     -0.00000000	      0.00000000	     -0.00000000	     -0.00000000	     -0.00000000	     -0.00000000
      1.17300000	     -0.00000000	      0.00000000	     -0.00000000	   -935.31999738	      0.00000000	     -0.00000000	     -0.00000000	     -0.00000000	     -0.00000000
      1.17400000	     -0.00000000	      0.00000000	     -0.00000000	      0.00000000	     -0.00000000	     -0.00000000	     -0.00000000	      0.00000000	     -0.00000000
      1.17500000	     -0.00000000	      0.00000000	     -0.00000000	     -0.00000000	      0.00000000	     -0.00000000	     -0.00000000	     -0.00000000	     -0.00000000
      1.17600000	     -0.00000000	     -0.00000000	     -0.00000000	      0.00000000	      0.00000000	     -0.00000000	     -0.00000000	     -0.00000000	     -0.00000000
      1.17700000	     -0.00000000	     -0.00000000	     -0.00000000	     -0.00000000	      0.00000000	     -0.00000000	     -0.00000000	     -0.00000000	     -0.00000000
      1.17800000	     -0.00000000	      0.00000000	     -0.00000000	     98.03948065	     -0.00000000	     -0.00000000	     -0.00000000	      0.00000000	     -0.00000000
      1.17900000	     -0.00000000	     -0.00000000	     -0.00000000	      0.00000000	     -0.00000000	     -0.00000000	     -0.00000000	     -0.00000000	     -0.00000000
      1.18000000	     -0.00000000	      0.00000000	     -0.00000000	   -165.83883131	      0.00000000	     -0.00000000	     -0.00000000	     -0.00000000	     -0.00000000
      1.18100000	     -0.00000000	      0.00000000	     -0.00000000	   1818.14900624	     -0.00000000	     -0.00000000	     -0.00000000	     -0.00000000	     -0.00000000
      1.18200000	     -0.00000000	     -0.00000000	     -0.00000000	      0.10166037	      0.00000000	     -0.00000000	     -0.00000000	     -0.00000000	     -0.00000000
      1.18300000	     -0.00000000	     -0.00000000	     -0.00000000	   -882.70062656	     -0.00000000	     -0.00000000	     -0.00000000	     -0.00000000	     -0.00000000
      1.18400000	     -0.00000000	     -0.00000000	     -0.00000000	     39.52873921	     -0.00000000	     -0.00000000	     -0.00000000	      0.00000000	     -0.00000000
      1.18500000	     -0.00000000	      0.00000000	     -0.00000000	      0.00000000	     -0.00000000	     -0.00000000	     -0.00000000	     -0.00000000	     -0.00000000
      1.18600000	     -0.00000000	     -0.00000000	     -0.00000000	     -0.00000000	      0.00000000	     -0.00000000	     -0.00000000	     -0.00000000	     -0.00000000
      1.18700000	     -0.00000000	     -0.00000000	     -0.00000000	      0.00000000	      0.00000000	     -0.00000000	     -0.00000000	     -0.00000000	     -0.00000000
      1.18800000	     -0.00000000	      0.00000000	     -0.00000000	     -0.00000000	      0.00000000	     -0.00000000	     -0.00000000	     -0.00000000	     -0.00000000
      1.18900000	     -0.00000000	      0.00000000	     -0.00000000	  -1633.72470392	      0.00000000	     -0.00000000	     -0.00000000	      0.00000000	     -0.00000000
      1.19000000	     -0.00000000	     -0.00000000	     -0.00000000	    368.37892931	     -0.00000000	     -0.00000000	     -0.00000000	     -0.00000000	     -0.00000000
      1.19100000	     -0.00000000	     -0.00000000	     -0.00000000	    368.60139184	     -0.00000000	     -0.00000000	     -0.00000000	     -0.00000000	     -0.00000000
      1.19200000	     -0.00000000	      0.00000000	     -0.00000000	      0.00000000	     -0.00000000	     -0.00000000	     -0.00000000	      0.00000000	     -0.00000000
      1.19300000	     -0.00000000	     -0.00000000	     -0.00000000	     -0.00000000	      0.00000000	     -0.00000000	     -0.00000000	      0.00000000	     -0.00000000
      1.19400000	     -0.00000000	      0.00000000	     -0.00000000	   -747.81311146	     -0.00000000	     -0.00000000	     -0.00000000	     -0.00000000	     -0.00000000
      1.19500000	     -0.00000000	     -0.00000000	     -0.00000000	      2.32770156	     -0.00000000	     -0.00000000	     -0.00000000	     -0.00000000	     -0.00000000
      1.19600000	     -0.00000000	     -0.00000000	     -0.00000000	      0.00000000	     -0.00000000	     -0.00000000	     -0.00000000	     -0.00000000	     -0.00000000
      1.19700000	     -0.00000000	      0.00000000	     -0.00000000	     -0.00000000	      0.00000000	     -0.00000000	     -0.00000000	      0.00000000	     -0.00000000
      1.19800000	     -0.00000000	     -0.00000000	     -0.00000000	   -304.18560139	      0.00000000	     -0.00000000	     -0.00000000	      0.00000000	     -0.00000000
      1.19900000	     -0.00000000	     -0.00000000	     -0.00000000	      0.00000000	     -0.00000000	     -0.00000000	     -0.00000000	     -0.00000000	     -0.00000000
      1.20000000	     -0.00000000	      0.00000000	     -0.00000000	   -450.90307098	      0.00000000	     -0.00000000	     -0.00000000	     -0.00000000	     -0.00000000
      1.20100000	     -0.00000000	     -0.00000000	     -0.00000000	     -1.67594957	     -0.00000000	     -0.00000000	     -0.00000000	      0.00000000	     -0.00000000
      1.20200000	     -0.00000000	     -0.00000000	     -0.00000000	  -2577.49835927	      0.00000000	     -0.00000000	     -0.00000000	     -0.00000000	     -0.00000000
      1.20300000	     -0.00000000	     -0.00000000	     -0.00000000	   1794.62555190	     -0.00000000	     -0.00000000	     -0.00000000	     -0.00000000	     -0.00000000
      1.20400000	     -0.00000000	      0.00000000	     -0.00000000	     -0.00000000	      0.00000000	     -0.00000000	     -0.00000000	     -0.00000000	     -0.00000000
      1.20500000	     -0.00000000	     -0.00000000	     -0.00000000	    450.74407202	      0.00000000	     -0.00000000	     -0.00000000	      0.00000000	     -0.00000000
      1.20600000	     -0.00000000	     -0.00000000	     -0.00000000	      2.63389806	     -0.00000000	     -0.00000000	     -0.00000000	      0.00000000	     -0.00000000
      1.20700000	     -0.00000000	     -0.00000000	     -0.00000000	  -1873.40893359	      0.00000000	     -0.00000000	     -0.00000000	     -0.00000000	     -0.00000000
      1.20800000	     -0.00000000	     -0.00000000	     -0.00000000	   1358.12368360	     -0.00000000	     -0.00000000	     -0.00000000	     -0.00000000	     -0.00000000
      1.20900000	     -0.00000000	      0.00000000	     -0.00000000	      0.00000000	     -0.00000000	     -0.00000000	     -0.00000000	     -0.00000000	     -0.00000000
      1.21000000	     -0.00000000	      0.00000000	     -0.00000000	     -0.00000000	      0.00000000	     -0.00000000	     -0.00000000	     -0.00000000	     -0.00000000
      1.21100000	     -0.00000000	      0.00000000	     -0.00000000	   -855.50753310	     -0.00000000	     -0.00000000	     -0.00000000	      0.00000000	     -0.00000000
      1.21200000	     -0.00000000	     -0.00000000	     -0.00000000	      0.00000000	     -0.00000000	     -0.00000000	     -0.00000000	     -0.00000000	     -0.00000000
      1.21300000	     -0.00000000	      0.00000000	     -0.00000000	     -0.00000000	      0.00000000	     -0.00000000	     -0.00000000	      0.00000000	     -0.00000000
      1.21400000	     -0.00000000	      0.00000000	     -0.00000000	    249.72358823	     -0.00000000	     -0.00000000	     -0.00000000	     -0.00000000	     -0.00000000
      1.21500000	     -0.00000000	     -0.00000000	     -0.00000000	     -0.00000000	      0.00000000	     -0.00000000	     -0.00000000	     -0.00000000	     -0.00000000
      1.21600000	     -0.00000000	     -0.00000000	     -0.00000000	    -18.70760177	     -0.00000000	     -0.00000000	     -0.00000000	     -0.00000000	     -0.00000000
      1.21700000	     -0.00000000	     -0.00000000	     -0.00000000	     -0.33311118	      0.00000000	     -0.00000000	     -0.00000000	      0.00000000	     -0.00000000
      1.21800000	     -0.00000000	      0.00000000	     -0.00000000	      7.21814572	     -0.00000000	     -0.00000000	     -0.00000000	      0.00000000	     -0.00000000
      1.21900000	     -0.00000000	     -0.00000000	     -0.00000000	     -0.00000000	      0.00000000	     -0.00000000	     -0.00000000	     -0.00000000	     -0.00000000
      1.22000000	     -0.00000000	     -0.00000000	     -0.00000000	    -54.78189686	      0.00000000	     -0.00000000	     -0.00000000	     -0.00000000	     -0.00000000
      1.22100000	     -0.00000000	      0.00000000	     -0.00000000	      0.00000000	     -0.00000000	     -0.00000000	     -0.00000000	      0.00000000	     -0.00000000
      1.22200000	     -0.00000000	     -0.00000000	     -0.00000000	  -1495.46569624	      0.00000000	     -0.00000000	     -0.00000000	     -0.00000000	     -0.00000000
      1.22300000	     -0.00000000	     -0.00000000	     -0.00000000	    194.60318987	     -0.00000000	     -0.00000000	     -0.00000000	     -0.00000000	     -0.00000000
      1.22400000	     -0.00000000	      0.00000000	     -0.00000000	      0.00000000	     -0.00000000	     -0.00000000	     -0.00000000	     -0.00000000	     -0.00000000
      1.22500000	     -0.00000000	      0.00000000	     -0.00000000	     -0.00000000	      0.00000000	     -0.00000000	     -0.00000000	     -0.00000000	     -0.00000000
      1.22600000	     -0.00000000	     -0.00000000	     -0.00000000	     65.63765205	     -0.00000000	     -0.00000000	     -0.00000000	     -0.00000000	     -0.00000000
      1.22700000	     -0.00000000	     -0.00000000	     -0.00000000	     -0.00000000	      0.00000000	     -0.00000000	     -0.00000000	     -0.00000000	     -0.00000000
      1.22800000	     -0.00000000	     -0.00000000	     -0.00000000	   -785.81975809	      0.00000000	     -0.00000000	     -0.00000000	     -0.00000000	     -0.00000000
      1.22900000	     -0.00000000	      0.00000000	     -0.00000000	      0.00000000	     -0.00000000	     -0.00000000	     -0.00000000	     -0.00000000	     -0.00000000
      1.23000000	     -0.00000000	     -0.00000000	     -0.00000000	     -0.00000000	      0.00000000	     -0.00000000	     -0.00000000	     -0.00000000	     -0.00000000
      1.23100000	     -0.00000000	      0.00000000	     -0.00000000	    -61.71172640	      0.00000000	     -0.00000000	     -0.00000000	      0.00000000	     -0.00000000
      1.23200000	     -0.00000000	     -0.00000000	     -0.00000000	    784.39968093	     -0.00000000	     -0.00000000	     -0.00000000	     -0.00000000	     -0.00000000
      1.23300000	     -0.00000000	      0.00000000	     -0.00000000	     -0.00000000	     -0.00000000	     -0.00000000	     -0.00000000	     -0.00000000	     -0.00000000
      1.23400000	     -0.00000000	      0.00000000	     -0.00000000	    229.11921601	     -0.00000000	     -0.00000000	     -0.00000000	      0.00000000	     -0.00000000
      1.23500000	     -0.00000000	     -0.00000000	     -0.00000000	     -0.00000000	      0.00000000	     -0.00000000	     -0.00000000	     -0.00000000	     -0.00000000
      1.23600000	     -0.00000000	     -0.00000000	     -0.00000000	  -2512.21027805	      0.00000000	     -0.00000000	     -0.00000000	     -0.00000000	     -0.00000000
      1.23700000	     -0.00000000	      0.00000000	     -0.00000000	    449.09376141	     -0.00000000	     -0.00000000	     -0.00000000	     -0.00000000	     -0.00000000
      1.23800000	     -0.00000000	     -0.00000000	     -0.00000000	  -2327.93952722	      0.00000000	     -0.00000000	     -0.00000000	      0.00000000	     -0.00000000
      1.23900000	     -0.00000000	      0.00000000	     -0.00000000	    930.24480813	     -0.00000000	     -0.00000000	     -0.00000000	     -0.00000000	     -0.00000000
      1.24000000	     -0.00000000	      0.00000000	     -0.00000000	    412.05112709	     -0.00000000	     -0.00000000	     -0.00000000	      0.00000000	     -0.00000000
      1.24100000	     -0.00000000	     -0.00000000	     -0.00000000	      0.02548345	      0.00000000	     -0.00000000	     -0.00000000	     -0.00000000	     -0.00000000
      1.24200000	     -0.00000000	      0.00000000	     -0.00000000	  -1133.78937060	      0.00000000	     -0.00000000	     -0.00000000	     -0.00000000	     -0.00000000
      1.24300000	     -0.00000000	      0.00000000	     -0.00000000	   1472.28458300	     -0.00000000	     -0.00000000	     -0.00000000	      0.00000000	     -0.00000000
      1.24400000	     -0.00000000	     -0.00000000	     -0.00000000	      0.00000000	     -0.00000000	     -0.00000000	     -0.00000000	      0.00000000	     -0.00000000
      1.24500000	     -0.00000000	      0.00000000	     -0.00000000	     -0.00000000	     -0.00000000	     -0.00000000	     -0.00000000	     -0.00000000	     -0.00000000
      1.24600000	     -0.00000000	      0.00000000	     -0.00000000	     -0.00000000	      0.00000000	     -0.00000000	     -0.00000000	     -0.00000000	     -0.00000000
      1.24700000	     -0.00000000	     -0.00000000	     -0.00000000	  -1350.73083125	      0.00000000	     -0.00000000	     -0.00000000	     -0.00000000	     -0.00000000
      1.24800000	     -0.00000000	      0.00000000	     -0.00000000	    608.04395732	     -0.00000000	     -0.00000000	     -0.00000000	     -0.00000000	     -0.00000000
      1.24900000	     -0.00000000	      0.00000000	     -0.00000000	     -0.00002571	      0.00000000	     -0.00000000	     -0.00000000	     -0.00000000	     -0.00000000
      1.25000000	     -0.00000000	     -0.00000000	     -0.00000000	      0.00000000	     -0.00000000	     -0.00000000	     -0.00000000	     -0.00000000	     -0.00000000
      1.25100000	     -0.00000000	      0.00000000	     -0.00000000	     -0.00000000	      0.00000000	     -0.00000000	     -0.00000000	     -0.00000000	     -0.00000000
      1.25200000	     -0.00000000	      0.00000000	     -0.00000000	  -1637.06608549	      0.00000000	     -0.00000000	     -0.00000000	     -0.00000000	     -0.00000000
      1.25300000	     -0.00000000	     -0.00000000	     -0.00000000	    663.73379001	     -0.00000000	     -0.00000000	     -0.00000000	     -0.00000000	     -0.00000000
      1.25400000	     -0.00000000	      0.00000000	     -0.00000000	    159.74831741	      0.00000000	     -0.00000000	     -0.00000000	     -0.00000000	     -0.00000000
      1.25500000	     -0.00000000	      0.00000000	     -0.00000000	  -1029.90519391	      0.00000000	     -0.00000000	     -0.00000000	      0.00000000	     -0.00000000
      1.25600000	     -0.00000000	     -0.00000000	     -0.00000000	   1268.03754306	     -0.00000000	     -0.00000000	     -0.00000000	     -0.00000000	     -0.00000000
      1.25700000	     -0.00000000	      0.00000000	     -0.00000000	   -147.53863626	      0.00000000	     -0.00000000	     -0.00000000	     -0.00000000	     -0.00000000
      1.25800000	     -0.00000000	      0.00000000	     -0.00000000	   -829.14926533	      0.00000000	     -0.00000000	     -0.00000000	     -0.00000000	     -0.00000000
      1.25900000	     -0.00000000	     -0.00000000	     -0.00000000	   1088.22955584	     -0.00000000	     -0.00000000	     -0.00000000	      0.00000000	     -0.00000000
      1.26000000	     -0.00000000	      0.00000000	     -0.00000000	      0.00000000	     -0.00000000	     -0.00000000	     -0.00000000	     -0.00000000	     -0.00000000
      1.26100000	     -0.00000000	      0.00000000	     -0.00000000	     -0.00000000	      0.00000000	     -0.00000000	     -0.00000000	      0.00000000	     -0.00000000
      1.26200000	     -0.00000000	     -0.00000000	     -0.00000000	   -443.12745290	      0.00000000	     -0.00000000	     -0.00000000	     -0.00000000	     -0.00000000
      1.26300000	     -0.00000000	      0.00000000	     -0.00000000	      0.00000000	     -0.00000000	     -0.00000000	     -0.00000000	      0.00000000	     -0.00000000
      1.26400000	     -0.00000000	     -0.00000000	     -0.00000000	     -0.00000000	      0.00000000	     -0.00000000	     -0.00000000	     -0.00000000	     -0.00000000
      1.26500000	     -0.00000000	     -0.00000000	     -0.00000000	     12.39903512	     -0.00000000	     -0.00000000	     -0.00000000	     -0.00000000	     -0.00000000
      1.26600000	     -0.00000000	     -0.00000000	     -0.00000000	      0.00000000	     -0.00000000	     -0.00000000	     -0.00000000	      0.00000000	     -0.00000000
      1.26700000	     -0.00000000	      0.00000000	     -0.00000000	     -0.00000000	      0.00000000	     -0.00000000	     -0.00000000	     -0.00000000	     -0.00000000
      1.26800000	     -0.00000000	      0.00000000	     -0.00000000	    142.92448914	     -0.00000000	     -0.00000000	     -0.00000000	      0.00000000	     -0.00000000
      1.26900000	     -0.00000000	     -0.00000000	     -0.00000000	     26.48859854	     -0.00000000	     -0.00000000	     -0.00000000	     -0.00000000	     -0.00000000
      1.27000000	     -0.00000000	     -0.00000000	     -0.00000000	    349.56537264	      0.00000000	     -0.00000000	     -0.00000000	     -0.00000000	     -0.00000000
      1.27100000	     -0.00000000	     -0.00000000	     -0.00000000	     19.76247018	     -0.00000000	     -0.00000000	     -0.00000000	     -0.00000000	     -0.00000000
      1.27200000	     -0.00000000	      0.00000000	     -0.00000000	     13.79271740	      0.00000000	     -0.00000000	     -0.00000000	      0.00000000	     -0.00000000
      1.27300000	     -0.00000000	      0.00000000	     -0.00000000	      0.00000000	     -0.00000000	     -0.00000000	     -0.00000000	      0.00000000	     -0.00000000
      1.27400000	     -0.00000000	     -0.00000000	     -0.00000000	     -0.29600598	      0.00000000	     -0.00000000	     -0.00000000	     -0.00000000	     -0.00000000
      1.27500000	     -0.00000000	     -0.00000000	     -0.00000000	    -11.13644458	      0.00000000	     -0.00000000	     -0.00000000	     -0.00000000	     -0.00000000
      1.27600000	     -0.00000000	      0.00000000	     -0.00000000	   -303.79108188	     -0.00000000	     -0.00000000	     -0.00000000	     -0.00000000	     -0.00000000
      1.27700000	     -0.00000000	     -0.00000000	     -0.00000000	   -191.04256530	      0.00000000	     -0.00000000	     -0.00000000	     -0.00000000	     -0.00000000
      1.27800000	     -0.00000000	      0.00000000	     -0.00000000	   1219.26025973	     -0.00000000	     -0.00000000	     -0.00000000	      0.00000000	     -0.00000000
      1.27900000	     -0.00000000	      0.00000000	     -0.00000000	     -0.00000000	      0.00000000	     -0.00000000	     -0.00000000	     -0.00000000	     -0.00000000
      1.28000000	     -0.00000000	      0.00000000	     -0.00000000	  -1697.89085336	      0.00000000	     -0.00000000	     -0.00000000	      0.00000000	     -0.00000000
      1.28100000	     -0.00000000	     -0.00000000	     -0.00000000	      0.00000000	     -0.00000000	     -0.00000000	     -0.00000000	     -0.00000000	     -0.00000000
      1.28200000	     -0.00000000	      0.00000000	     -0.00000000	     -0.00000000	      0.00000000	     -0.00000000	     -0.00000000	     -0.00000000	     -0.00000000
      1.28300000	     -0.00000000	      0.00000000	     -0.00000000	      0.00000000	     -0.00000000	     -0.00000000	     -0.00000000	     -0.00000000	     -0.00000000
      1.28400000	     -0.00000000	      0.00000000	     -0.00000000	     -0.00000000	      0.00000000	     -0.00000000	     -0.00000000	      0.00000000	     -0.00000000
      1.28500000	     -0.00000000	     -0.00000000	     -0.00000000	   -708.05380699	      0.00000000	     -0.00000000	     -0.00000000	     -0.00000000	     -0.00000000
      1.28600000	     -0.00000000	      0.00000000	     -0.00000000	  -2117.25841440	      0.00000000	     -0.00000000	     -0.00000000	      0.00000000	     -0.00000000
      1.28700000	     -0.00000000	     -0.00000000	     -0.00000000	   2622.49188365	     -0.00000000	     -0.00000000	     -0.00000000	     -0.00000000	     -0.00000000
      1.28800000	     -0.00000000	     -0.00000000	     -0.00000000	    242.50906222	     -0.00000000	     -0.00000000	     -0.00000000	      0.00000000	     -0.00000000
      1.28900000	     -0.00000000	      0.00000000	     -0.00000000	     -0.00000000	      0.00000000	     -0.00000000	     -0.00000000	      0.00000000	     -0.00000000
      1.29000000	     -0.00000000	      0.00000000	     -0.00000000	    -43.46089910	      0.00000000	     -0.00000000	     -0.00000000	     -0.00000000	     -0.00000000
      1.29100000	     -0.00000000	     -0.00000000	     -0.00000000	   -383.15256202	     -0.00000000	     -0.00000000	     -0.00000000	     -0.00000000	     -0.00000000
      1.29200000	     -0.00000000	      0.00000000	     -0.00000000	    295.11299632	     -0.00000000	     -0.00000000	     -0.00000000	     -0.00000000	     -0.00000000
      1.29300000	     -0.00000000	      0.00000000	     -0.00000000	    103.59645142	      0.00000000	     -0.00000000	     -0.00000000	     -0.00000000	     -0.00000000
      1.29400000	     -0.00000000	     -0.00000000	     -0.00000000	    -22.94483212	     -0.00000000	     -0.00000000	     -0.00000000	     -0.00000000	     -0.00000000
      1.29500000	     -0.00000000	     -0.00000000	     -0.00000000	  -2189.13928834	      0.00000000	     -0.00000000	     -0.00000000	      0.00000000	     -0.00000000
      1.29600000	     -0.00000000	     -0.00000000	     -0.00000000	   4375.83904351	     -0.00000000	     -0.00000000	     -0.00000000	     -0.00000000	     -0.00000000
      1.29700000	     -0.00000000	      0.00000000	     -0.00000000	      0.00000000	     -0.00000000	     -0.00000000	     -0.00000000	     -0.00000000	     -0.00000000
      1.29800000	     -0.00000000	     -0.00000000	     -0.00000000	   -101.83919325	      0.00000000	     -0.00000000	     -0.00000000	     -0.00000000	     -0.00000000
      1.29900000	     -0.00000000	      0.00000000	     -0.00000000	    925.06075538	     -0.00000000	     -0.00000000	     -0.00000000	     -0.00000000	     -0.00000000
      1.30000000	     -0.00000000	     -0.00000000	     -0.00000000	   -225.18545656	      0.00000000	     -0.00000000	     -0.00000000	     -0.00000000	     -0.00000000
      1.30100000	     -0.00000000	     -0.00000000	     -0.00000000	    893.30115141	     -0.00000000	     -0.00000000	     -0.00000000	     -0.00000000	     -0.00000000
      1.30200000	     -0.00000000	      0.00000000	     -0.00000000	     -0.77963113	     -0.00000000	     -0.00000000	     -0.00000000	     -0.00000000	     -0.00000000
      1.30300000	     -0.00000000	     -0.00000000	     -0.00000000	    -81.15947210	      0.00000000	     -0.00000000	     -0.00000000	      0.00000000	     -0.00000000
      1.30400000	     -0.00000000	      0.00000000	     -0.00000000	      0.00000000	     -0.00000000	     -0.00000000	     -0.00000000	     -0.00000000	     -0.00000000
      1.30500000	     -0.00000000	      0.00000000	     -0.00000000	   -462.29972152	      0.00000000	     -0.00000000	     -0.00000000	     -0.00000000	     -0.00000000
      1.30600000	     -0.00000000	      0.00000000	     -0.00000000	  -1431.97955795	      0.00000000	     -0.00000000	     -0.00000000	     -0.00000000	     -0.00000000
      1.30700000	     -0.00000000	      0.00000000	     -0.00000000	  -1462.41557908	     -0.00000000	     -0.00000000	     -0.00000000	     -0.00000000	     -0.00000000
      1.30800000	     -0.00000000	     -0.00000000	     -0.00000000	   3162.15059441	     -0.00000000	     -0.00000000	     -0.00000000	     -0.00000000	     -0.00000000
      1.30900000	     -0.00000000	     -0.00000000	     -0.00000000	   -404.54355383	      0.00000000	     -0.00000000	     -0.00000000	     -0.00000000	     -0.00000000
      1.31000000	     -0.00000000	      0.00000000	     -0.00000000	   2375.96322135	     -0.00000000	     -0.00000000	     -0.00000000	     -0.00000000	     -0.00000000
      1.31100000	     -0.00000000	     -0.00000000	     -0.00000000	      0.00000000	     -0.00000000	     -0.00000000	     -0.00000000	      0.00000000	     -0.00000000
      1.31200000	     -0.00000000	     -0.00000000	     -0.00000000	  -1680.11274556	      0.00000000	     -0.00000000	     -0.00000000	      0.00000000	     -0.00000000
      1.31300000	     -0.00000000	     -0.00000000	     -0.00000000	      0.00000000	     -0.00000000	     -0.00000000	     -0.00000000	      0.00000000	     -0.00000000
      1.31400000	     -0.00000000	      0.00000000	     -0.00000000	   -951.88605510	      0.00000000	     -0.00000000	     -0.00000000	     -0.00000000	     -0.00000000
      1.31500000	     -0.00000000	     -0.00000000	     -0.00000000	      0.00000000	     -0.00000000	     -0.00000000	     -0.00000000	      0.00000000	     -0.00000000
      1.31600000	     -0.00000000	     -0.00000000	     -0.00000000	     -0.00000000	      0.00000000	     -0.00000000	     -0.00000000	     -0.00000000	     -0.00000000
      1.31700000	     -0.00000000	     -0.00000000	     -0.00000000	   -417.74555022	     -0.00000000	     -0.00000000	     -0.00000000	      0.00000000	     -0.00000000
      1.31800000	     -0.00000000	     -0.00000000	     -0.00000000	      8.93332063	     -0.00000000	     -0.00000000	     -0.00000000	     -0.00000000	     -0.00000000
      1.31900000	     -0.00000000	      0.00000000	     -0.00000000	  -4435.55515441	      0.00000000	     -0.00000000	     -0.00000000	     -0.00000000	     -0.00000000
      1.32000000	     -0.00000000	     -0.00000000	     -0.00000000	   2245.89331029	     -0.00000000	     -0.00000000	     -0.00000000	     -0.00000000	     -0.00000000
      1.32100000	     -0.00000000	      0.00000000	     -0.00000000	    537.68606065	     -0.00000000	     -0.00000000	     -0.00000000	      0.00000000	     -0.00000000
      1.32200000	     -0.00000000	      0.00000000	     -0.00000000	      0.00000000	     -0.00000000	     -0.00000000	     -0.00000000	     -0.00000000	     -0.00000000
      1.32300000	     -0.00000000	     -0.00000000	     -0.00000000	   -489.86190173	      0.00000000	     -0.00000000	     -0.00000000	     -0.00000000	     -0.00000000
      1.32400000	     -0.00000000	     -0.00000000	     -0.00000000	    106.98940282	     -0.00000000	     -0.00000000	     -0.00000000	     -0.00000000	     -0.00000000
      1.32500000	     -0.00000000	      0.00000000	     -0.00000000	     -0.00000000	      0.00000000	     -0.00000000	     -0.00000000	      0.00000000	     -0.00000000
      1.32600000	     -0.00000000	     -0.00000000	     -0.00000000	     51.69875699	      0.00000000	     -0.00000000	     -0.00000000	     -0.00000000	     -0.00000000
      1.32700000	     -0.00000000	     -0.00000000	     -0.00000000	   -367.14316446	     -0.00000000	     -0.00000000	     -0.00000000	     -0.00000000	     -0.00000000
      1.32800000	     -0.00000000	      0.00000000	     -0.00000000	   1951.32456179	     -0.00000000	     -0.00000000	     -0.00000000	     -0.00000000	     -0.00000000
      1.32900000	     -0.00000000	     -0.00000000	     -0.00000000	      0.00000000	     -0.00000000	     -0.00000000	     -0.00000000	     -0.00000000	     -0.00000000
      1.33000000	     -0.00000000	      0.00000000	     -0.00000000	   -447.01389895	      0.00000000	     -0.00000000	     -0.00000000	     -0.00000000	     -0.00000000
      1.33100000	     -0.00000000	     -0.00000000	     -0.00000000	    982.73606555	     -0.00000000	     -0.00000000	     -0.00000000	      0.00000000	     -0.00000000
      1.33200000	     -0.00000000	     -0.00000000	     -0.00000000	      0.00000000	     -0.00000000	     -0.00000000	     -0.00000000	     -0.00000000	     -0.00000000
      1.33300000	     -0.00000000	      0.00000000	     -0.00000000	    -28.85682231	      0.00000000	     -0.00000000	     -0.00000000	     -0.00000000	     -0.00000000
      1.33400000	     -0.00000000	      0.00000000	     -0.00000000	  -1636.45442203	      0.00000000	     -0.00000000	     -0.00000000	     -0.00000000	     -0.00000000
      1.33500000	     -0.00000000	     -0.00000000	     -0.00000000	   -271.09098898	     -0.00000000	     -0.00000000	     -0.00000000	     -0.00000000	     -0.00000000
      1.33600000	     -0.00000000	     -0.00000000	     -0.00000000	   2659.88283362	     -0.00000000	     -0.00000000	     -0.00000000	      0.00000000	     -0.00000000
      1.33700000	     -0.00000000	      0.00000000	     -0.00000000	      0.00000000	      0.00000000	     -0.00000000	     -0.00000000	      0.00000000	     -0.00000000
      1.33800000	     -0.00000000	     -0.00000000	     -0.00000000	   -180.33053459	      0.00000000	     -0.00000000	     -0.00000000	      0.00000000	     -0.00000000
      1.33900000	     -0.00000000	     -0.00000000	     -0.00000000	    300.39894843	     -0.00000000	     -0.00000000	     -0.00000000	     -0.00000000	     -0.00000000
      1.34000000	     -0.00000000	     -0.00000000	     -0.00000000	      0.00000000	     -0.00000000	     -0.00000000	     -0.00000000	     -0.00000000	     -0.00000000
      1.34100000	     -0.00000000	      0.00000000	     -0.00000000	     -0.00000000	      0.00000000	     -0.00000000	     -0.00000000	      0.00000000	     -0.00000000
      1.34200000	     -0.00000000	     -0.00000000	     -0.00000000	  -3123.21684234	      0.00000000	     -0.00000000	     -0.00000000	     -0.00000000	     -0.00000000
      1.34300000	     -0.00000000	      0.00000000	     -0.00000000	   1409.53825881	     -0.00000000	     -0.00000000	     -0.00000000	     -0.00000000	     -0.00000000
      1.34400000	     -0.00000000	      0.00000000	     -0.00000000	    672.72612084	     -0.00000000	     -0.00000000	     -0.00000000	     -0.00000000	     -0.00000000
      1.34500000	     -0.00000000	     -0.00000000	     -0.00000000	     -0.00000000	      0.00000000	     -0.00000000	     -0.00000000	     -0.00000000	     -0.00000000
      1.34600000	     -0.00000000	      0.00000000	     -0.00000000	   -402.20628890	      0.00000000	     -0.00000000	     -0.00000000	     -0.00000000	     -0.00000000
      1.34700000	     -0.00000000	      0.00000000	     -0.00000000	      2.83734711	     -0.00000000	     -0.00000000	     -0.00000000	     -0.00000000	     -0.00000000
      1.34800000	     -0.00000000	      0.00000000	     -0.00000000	   -142.18113967	      0.00000000	     -0.00000000	     -0.00000000	     -0.00000000	     -0.00000000
      1.34900000	     -0.00000000	      0.00000000	     -0.00000000	   -364.21916324	      0.00000000	     -0.00000000	     -0.00000000	      0.00000000	     -0.00000000
      1.35000000	     -0.00000000	     -0.00000000	     -0.00000000	  -1142.06430431	      0.00000000	     -0.00000000	     -0.00000000	      0.00000000	     -0.00000000
      1.35100000	     -0.00000000	      0.00000000	     -0.00000000	   1377.36292211	     -0.00000000	     -0.00000000	     -0.00000000	      0.00000000	     -0.00000000
      1.35200000	     -0.00000000	      0.00000000	     -0.00000000	      1.33128298	     -0.00000000	     -0.00000000	     -0.00000000	     -0.00000000	     -0.00000000
      1.35300000	     -0.00000000	      0.00000000	     -0.00000000	    -67.65429595	      0.00000000	     -0.00000000	     -0.00000000	      0.00000000	     -0.00000000
      1.35400000	     -0.00000000	     -0.00000000	     -0.00000000	  -4068.29392877	      0.00000000	     -0.00000000	     -0.00000000	      0.00000000	     -0.00000000
      1.35500000	     -0.00000000	     -0.00000000	     -0.00000000	   3519.25354392	     -0.00000000	     -0.00000000	     -0.00000000	     -0.00000000	     -0.00000000
      1.35600000	     -0.00000000	      0.00000000	     -0.00000000	  -3566.61845584	      0.00000000	     -0.00000000	     -0.00000000	     -0.00000000	     -0.00000000
      1.35700000	     -0.00000000	      0.00000000	     -0.00000000	   8277.66197411	     -0.00000000	     -0.00000000	     -0.00000000	      0.00000000	     -0.00000000
      1.35800000	     -0.00000000	     -0.00000000	     -0.00000000	      0.00000000	     -0.00000000	     -0.00000000	     -0.00000000	     -0.00000000	     -0.00000000
      1.35900000	     -0.00000000	      0.00000000	     -0.00000000	     -3.39617252	      0.00000000	     -0.00000000	     -0.00000000	     -0.00000000	     -0.00000000
      1.36000000	     -0.00000000	     -0.00000000	     -0.00000000	    689.81225422	     -0.00000000	     -0.00000000	     -0.00000000	     -0.00000000	     -0.00000000
      1.36100000	     -0.00000000	     -0.00000000	     -0.00000000	     -0.00000000	      0.00000000	     -0.00000000	     -0.00000000	     -0.00000000	     -0.00000000
      1.36200000	     -0.00000000	      0.00000000	     -0.00000000	  -4599.91678788	      0.00000000	     -0.00000000	     -0.00000000	     -0.00000000	     -0.00000000
      1.36300000	     -0.00000000	     -0.00000000	     -0.00000000	   2587.19477769	     -0.00000000	     -0.00000000	     -0.00000000	     -0.00000000	     -0.00000000
      1.36400000	     -0.00000000	      0.00000000	     -0.00000000	    581.02255697	     -0.00000000	     -0.00000000	     -0.00000000	     -0.00000000	     -0.00000000
      1.36500000	     -0.00000000	      0.00000000	     -0.00000000	      2.54274570	     -0.00000000	     -0.00000000	     -0.00000000	      0.00000000	     -0.00000000
      1.36600000	     -0.00000000	      0.00000000	     -0.00000000	    181.09909305	     -0.00000000	     -0.00000000	     -0.00000000	     -0.00000000	     -0.00000000
      1.36700000	     -0.00000000	     -0.00000000	     -0.00000000	      0.00000000	      0.00000000	     -0.00000000	     -0.00000000	     -0.00000000	     -0.00000000
      1.36800000	     -0.00000000	     -0.00000000	     -0.00000000	     -0.98718434	      0.00000000	     -0.00000000	     -0.00000000	      0.00000000	     -0.00000000
      1.36900000	     -0.00000000	      0.00000000	     -0.00000000	      9.46597531	     -0.00000000	     -0.00000000	     -0.00000000	      0.00000000	     -0.00000000
      1.37000000	     -0.00000000	      0.00000000	     -0.00000000	     -0.00000000	      0.00000000	     -0.00000000	     -0.00000000	     -0.00000000	     -0.00000000
      1.37100000	     -0.00000000	      0.00000000	     -0.00000000	  -4862.95945250	      0.00000000	     -0.00000000	     -0.00000000	     -0.00000000	     -0.00000000
      1.37200000	     -0.00000000	     -0.00000000	     -0.00000000	   3451.66130521	     -0.00000000	     -0.00000000	     -0.00000000	     -0.00000000	     -0.00000000
      1.37300000	     -0.00000000	      0.00000000	     -0.00000000	   -503.08051177	      0.00000000	     -0.00000000	     -0.00000000	     -0.00000000	     -0.00000000
      1.37400000	     -0.00000000	     -0.00000000	     -0.00000000	   2087.92115540	     -0.00000000	     -0.00000000	     -0.00000000	     -0.00000000	     -0.00000000
      1.37500000	     -0.00000000	      0.00000000	     -0.00000000	     -0.00000000	      0.00000000	     -0.00000000	     -0.00000000	     -0.00000000	     -0.00000000
      1.37600000	     -0.00000000	     -0.00000000	     -0.00000000	  -1580.74327023	      0.00000000	     -0.00000000	     -0.00000000	     -0.00000000	     -0.00000000
      1.37700000	     -0.00000000	     -0.00000000	     -0.00000000	      0.00000000	     -0.00000000	     -0.00000000	     -0.00000000	     -0.00000000	     -0.00000000
      1.37800000	     -0.00000000	      0.00000000	     -0.00000000	   -440.89735442	      0.00000000	     -0.00000000	     -0.00000000	     -0.00000000	     -0.00000000
      1.37900000	     -0.00000000	     -0.00000000	     -0.00000000	      0.00000000	     -0.00000000	     -0.00000000	     -0.00000000	      0.00000000	     -0.00000000
      1.38000000	     -0.00000000	     -0.00000000	     -0.00000000	  -1578.56328374	      0.00000000	     -0.00000000	     -0.00000000	      0.00000000	     -0.00000000
      1.38100000	     -0.00000000	      0.00000000	     -0.00000000	   2048.50495092	     -0.00000000	     -0.00000000	     -0.00000000	      0.00000000	     -0.00000000
      1.38200000	     -0.00000000	      0.00000000	     -0.00000000	    311.93724415	     -0.00000000	     -0.00000000	     -0.00000000	     -0.00000000	     -0.00000000
      1.38300000	     -0.00000000	     -0.00000000	     -0.00000000	   -757.00611672	      0.00000000	     -0.00000000	     -0.00000000	     -0.00000000	     -0.00000000
      1.38400000	     -0.00000000	     -0.00000000	     -0.00000000	    569.99111786	     -0.00000000	     -0.00000000	     -0.00000000	     -0.00000000	     -0.00000000
      1.38500000	     -0.00000000	      0.00000000	     -0.00000000	   -258.91266917	      0.00000000	     -0.00000000	     -0.00000000	     -0.00000000	     -0.00000000
      1.38600000	     -0.00000000	      0.00000000	     -0.00000000	  -1905.90916476	      0.00000000	     -0.00000000	     -0.00000000	     -0.00000000	     -0.00000000
      1.38700000	     -0.00000000	     -0.00000000	     -0.00000000	   1252.14842944	     -0.00000000	     -0.00000000	     -0.00000000	     -0.00000000	     -0.00000000
      1.38800000	     -0.00000000	      0.00000000	     -0.00000000	    154.77177148	     -0.00000000	     -0.00000000	     -0.00000000	     -0.00000000	     -0.00000000
      1.38900000	     -0.00000000	      0.00000000	     -0.00000000	     -0.00000000	      0.00000000	     -0.00000000	     -0.00000000	     -0.00000000	     -0.00000000
      1.39000000	     -0.00000000	     -0.00000000	     -0.00000000	  -3699.50668612	      0.00000000	     -0.00000000	     -0.00000000	      0.00000000	     -0.00000000
      1.39100000	     -0.00000000	      0.00000000	     -0.00000000	   1941.04540267	     -0.00000000	     -0.00000000	     -0.00000000	      0.00000000	     -0.00000000
      1.39200000	     -0.00000000	     -0.00000000	     -0.00000000	   -620.49998790	      0.00000000	     -0.00000000	     -0.00000000	     -0.00000000	     -0.00000000
      1.39300000	     -0.00000000	      0.00000000	     -0.00000000	  -3741.85725638	      0.00000000	     -0.00000000	     -0.00000000	     -0.00000000	     -0.00000000
      1.39400000	     -0.00000000	      0.00000000	     -0.00000000	   3690.57177669	     -0.00000000	     -0.00000000	     -0.00000000	     -0.00000000	     -0.00000000
      1.39500000	     -0.00000000	      0.00000000	     -0.00000000	     -0.00000000	      0.00000000	     -0.00000000	     -0.00000000	     -0.00000000	     -0.00000000
      1.39600000	     -0.00000000	     -0.00000000	     -0.00000000	  -5817.03503326	      0.00000000	     -0.00000000	     -0.00000000	     -0.00000000	     -0.00000000
      1.39700000	     -0.00000000	     -0.00000000	     -0.00000000	   3862.52651759	     -0.00000000	     -0.00000000	     -0.00000000	     -0.00000000	     -0.00000000
      1.39800000	     -0.00000000	     -0.00000000	     -0.00000000	  -3357.21497615	      0.00000000	     -0.00000000	     -0.00000000	     -0.00000000	     -0.00000000
      1.39900000	     -0.00000000	      0.00000000	     -0.00000000	   6067.15255299	     -0.00000000	     -0.00000000	     -0.00000000	     -0.00000000	     -0.00000000
      1.40000000	     -0.00000000	      0.00000000	     -0.00000000	     -0.00000000	      0.00000000	     -0.00000000	     -0.00000000	     -0.00000000	     -0.00000000
      1.40100000	     -0.00000000	      0.00000000	     -0.00000000	  -1546.18653446	      0.00000000	     -0.00000000	     -0.00000000	     -0.00000000	     -0.00000000
      1.40200000	     -0.00000000	     -0.00000000	     -0.00000000	      0.00000000	     -0.00000000	     -0.00000000	     -0.00000000	     -0.00000000	     -0.00000000
      1.40300000	     -0.00000000	     -0.00000000	     -0.00000000	  -2886.39442176	      0.00000000	     -0.00000000	     -0.00000000	     -0.00000000	     -0.00000000
      1.40400000	     -0.00000000	      0.00000000	     -0.00000000	    103.29367548	     -0.00000000	     -0.00000000	     -0.00000000	      0.00000000	     -0.00000000
      1.40500000	     -0.00000000	      0.00000000	     -0.00000000	     -0.00000000	      0.00000000	     -0.00000000	     -0.00000000	     -0.00000000	     -0.00000000
      1.40600000	     -0.00000000	      0.00000000	     -0.00000000	  -2826.28708004	      0.00000000	     -0.00000000	     -0.00000000	      0.00000000	     -0.00000000
      1.40700000	     -0.00000000	      0.00000000	     -0.00000000	   1200.91903083	     -0.00000000	     -0.00000000	     -0.00000000	     -0.00000000	     -0.00000000
      1.40800000	     -0.00000000	     -0.00000000	     -0.00000000	      1.81759884	     -0.00000000	     -0.00000000	     -0.00000000	     -0.00000000	     -0.00000000
      1.40900000	     -0.00000000	      0.00000000	     -0.00000000	   -419.57980484	      0.00000000	     -0.00000000	     -0.00000000	     -0.00000000	     -0.00000000
      1.41000000	     -0.00000000	      0.00000000	     -0.00000000	  -2303.85125838	      0.00000000	     -0.00000000	     -0.00000000	     -0.00000000	     -0.00000000
      1.41100000	     -0.00000000	     -0.00000000	     -0.00000000	   2389.06571667	     -0.00000000	     -0.00000000	     -0.00000000	     -0.00000000	     -0.00000000
      1.41200000	     -0.00000000	      0.00000000	     -0.00000000	     -0.00000000	     -0.00000000	     -0.00000000	     -0.00000000	      0.00000000	     -0.00000000
      1.41300000	     -0.00000000	      0.00000000	     -0.00000000	  -3558.65195654	      0.00000000	     -0.00000000	     -0.00000000	     -0.00000000	     -0.00000000
      1.41400000	     -0.00000000	     -0.00000000	     -0.00000000	    825.06426713	     -0.00000000	     -0.00000000	     -0.00000000	      0.00000000	     -0.00000000
      1.41500000	     -0.00000000	     -0.00000000	     -0.00000000	  -1004.99319888	      0.00000000	     -0.00000000	     -0.00000000	      0.00000000	     -0.00000000
      1.41600000	     -0.00000000	      0.00000000	     -0.00000000	   1641.21530449	     -0.00000000	     -0.00000000	     -0.00000000	     -0.00000000	     -0.00000000
      1.41700000	     -0.00000000	      0.00000000	     -0.00000000	     99.71766911	     -0.00000000	     -0.00000000	     -0.00000000	     -0.00000000	     -0.00000000
      1.41800000	     -0.00000000	     -0.00000000	     -0.00000000	   -368.70702606	      0.00000000	     -0.00000000	     -0.00000000	     -0.00000000	     -0.00000000
      1.41900000	     -0.00000000	      0.00000000	     -0.00000000	    -55.75027881	      0.00000000	     -0.00000000	     -0.00000000	     -0.00000000	     -0.00000000
      1.42000000	     -0.00000000	     -0.00000000	     -0.00000000	   1378.02715078	     -0.00000000	     -0.00000000	     -0.00000000	     -0.00000000	     -0.00000000
      1.42100000	     -0.00000000	     -0.00000000	     -0.00000000	     13.86047505	     -0.00000000	     -0.00000000	     -0.00000000	      0.00000000	     -0.00000000
      1.42200000	     -0.00000000	      0.00000000	     -0.00000000	  -1224.85256407	      0.00000000	     -0.00000000	     -0.00000000	     -0.00000000	     -0.00000000
      1.42300000	     -0.00000000	     -0.00000000	     -0.00000000	   2554.09244595	     -0.00000000	     -0.00000000	     -0.00000000	     -0.00000000	     -0.00000000
      1.42400000	     -0.00000000	      0.00000000	     -0.00000000	   -304.16276067	     -0.00000000	     -0.00000000	     -0.00000000	     -0.00000000	     -0.00000000
      1.42500000	     -0.00000000	     -0.00000000	     -0.00000000	  -4704.06812941	      0.00000000	     -0.00000000	     -0.00000000	     -0.00000000	     -0.00000000
      1.42600000	     -0.00000000	     -0.00000000	     -0.00000000	   2422.47017896	     -0.00000000	     -0.00000000	     -0.00000000	     -0.00000000	     -0.00000000
      1.42700000	     -0.00000000	      0.00000000	     -0.00000000	     -0.00000000	      0.00000000	     -0.00000000	     -0.00000000	     -0.00000000	     -0.00000000
      1.42800000	     -0.00000000	     -0.00000000	     -0.00000000	  -4084.57774077	      0.00000000	     -0.00000000	     -0.00000000	      0.00000000	     -0.00000000
      1.42900000	     -0.00000000	     -0.00000000	     -0.00000000	   1943.36203162	     -0.00000000	     -0.00000000	     -0.00000000	      0.00000000	     -0.00000000
      1.43000000	     -0.00000000	      0.00000000	     -0.00000000	   -589.27898544	      0.00000000	     -0.00000000	     -0.00000000	     -0.00000000	     -0.00000000
      1.43100000	     -0.00000000	      0.00000000	     -0.00000000	    962.54370023	     -0.00000000	     -0.00000000	     -0.00000000	     -0.00000000	     -0.00000000
      1.43200000	     -0.00000000	     -0.00000000	     -0.00000000	    332.83270785	      0.00000000	     -0.00000000	     -0.00000000	      0.00000000	     -0.00000000
      1.43300000	     -0.00000000	      0.00000000	     -0.00000000	    631.32882789	     -0.00000000	     -0.00000000	     -0.00000000	     -0.00000000	     -0.00000000
      1.43400000	     -0.00000000	     -0.00000000	     -0.00000000	   -382.04156160	      0.00000000	     -0.00000000	     -0.00000000	      0.00000000	     -0.00000000
      1.43500000	     -0.00000000	     -0.00000000	     -0.00000000	  -3104.60014089	      0.00000000	     -0.00000000	     -0.00000000	     -0.00000000	     -0.00000000
      1.43600000	     -0.00000000	      0.00000000	     -0.00000000	   2451.41621868	     -0.00000000	     -0.00000000	     -0.00000000	     -0.00000000	     -0.00000000
      1.43700000	     -0.00000000	     -0.00000000	     -0.00000000	   -360.56199543	      0.00000000	     -0.00000000	     -0.00000000	     -0.00000000	     -0.00000000
      1.43800000	     -0.00000000	     -0.00000000	     -0.00000000	   1935.48047403	     -0.00000000	     -0.00000000	     -0.00000000	     -0.00000000	     -0.00000000
      1.43900000	     -0.00000000	      0.00000000	     -0.00000000	     -0.00000000	      0.00000000	     -0.00000000	     -0.00000000	     -0.00000000	     -0.00000000
      1.44000000	     -0.00000000	     -0.00000000	     -0.00000000	  -3836.33618696	      0.00000000	     -0.00000000	     -0.00000000	     -0.00000000	     -0.00000000
      1.44100000	     -0.00000000	      0.00000000	     -0.00000000	   1227.65091791	     -0.00000000	     -0.00000000	     -0.00000000	     -0.00000000	     -0.00000000
      1.44200000	     -0.00000000	     -0.00000000	     -0.00000000	      8.80689669	      0.00000000	     -0.00000000	     -0.00000000	      0.00000000	     -0.00000000
      1.44300000	     -0.00000000	      0.00000000	     -0.00000000	  -2365.36013363	      0.00000000	     -0.00000000	     -0.00000000	     -0.00000000	     -0.00000000
      1.44400000	     -0.00000000	     -0.00000000	     -0.00000000	   2168.31353395	     -0.00000000	     -0.00000000	     -0.00000000	     -0.00000000	     -0.00000000
      1.44500000	     -0.00000000	     -0.00000000	     -0.00000000	   1049.26390400	     -0.00000000	     -0.00000000	     -0.00000000	     -0.00000000	     -0.00000000
      1.44600000	     -0.00000000	      0.00000000	     -0.00000000	   -599.28132601	      0.00000000	     -0.00000000	     -0.00000000	     -0.00000000	     -0.00000000
      1.44700000	     -0.00000000	     -0.00000000	     -0.00000000	   1811.80383926	     -0.00000000	     -0.00000000	     -0.00000000	     -0.00000000	     -0.00000000
      1.44800000	     -0.00000000	      0.00000000	     -0.00000000	      0.00000000	     -0.00000000	     -0.00000000	     -0.00000000	     -0.00000000	     -0.00000000
      1.44900000	     -0.00000000	     -0.00000000	     -0.00000000	  -1469.36176102	      0.00000000	     -0.00000000	     -0.00000000	      0.00000000	     -0.00000000
      1.45000000	     -0.00000000	     -0.00000000	     -0.00000000	    155.53561585	      0.00000000	     -0.00000000	     -0.00000000	     -0.00000000	     -0.00000000
      1.45100000	     -0.00000000	     -0.00000000	     -0.00000000	    -82.82425592	     -0.00000000	     -0.00000000	     -0.00000000	     -0.00000000	     -0.00000000
      1.45200000	     -0.00000000	      0.00000000	     -0.00000000	   2171.47975187	     -0.00000000	     -0.00000000	     -0.00000000	     -0.00000000	     -0.00000000
      1.45300000	     -0.00000000	      0.00000000	     -0.00000000	      0.00000000	     -0.00000000	     -0.00000000	     -0.00000000	     -0.00000000	     -0.00000000
      1.45400000	     -0.00000000	      0.00000000	     -0.00000000	   -751.88928322	      0.00000000	     -0.00000000	     -0.00000000	     -0.00000000	     -0.00000000
      1.45500000	     -0.00000000	     -0.00000000	     -0.00000000	   -438.23294391	      0.00000000	     -0.00000000	     -0.00000000	     -0.00000000	     -0.00000000
      1.45600000	     -0.00000000	     -0.00000000	     -0.00000000	   -538.09618631	      0.00000000	     -0.00000000	     -0.00000000	      0.00000000	     -0.00000000
      1.45700000	     -0.00000000	     -0.00000000	     -0.00000000	   -329.17659171	      0.00000000	     -0.00000000	     -0.00000000	      0.00000000	     -0.00000000
      1.45800000	     -0.00000000	     -0.00000000	     -0.00000000	   -477.96414629	     -0.00000000	     -0.00000000	     -0.00000000	     -0.00000000	     -0.00000000
      1.45900000	     -0.00000000	      0.00000000	     -0.00000000	   2176.97215861	     -0.00000000	     -0.00000000	     -0.00000000	     -0.00000000	     -0.00000000
      1.46000000	     -0.00000000	      0.00000000	     -0.00000000	   -350.82250538	      0.00000000	     -0.00000000	     -0.00000000	      0.00000000	     -0.00000000
      1.46100000	     -0.00000000	      0.00000000	     -0.00000000	  -4047.04444056	      0.00000000	     -0.00000000	     -0.00000000	     -0.00000000	     -0.00000000
      1.46200000	     -0.00000000	      0.00000000	     -0.00000000	    627.37254507	      0.00000000	     -0.00000000	     -0.00000000	     -0.00000000	     -0.00000000
      1.46300000	     -0.00000000	     -0.00000000	     -0.00000000	   3450.15100404	     -0.00000000	     -0.00000000	     -0.00000000	     -0.00000000	     -0.00000000
      1.46400000	     -0.00000000	      0.00000000	     -0.00000000	    440.85250695	     -0.00000000	     -0.00000000	     -0.00000000	     -0.00000000	     -0.00000000
      1.46500000	     -0.00000000	      0.00000000	     -0.00000000	      0.00000000	     -0.00000000	     -0.00000000	     -0.00000000	     -0.00000000	     -0.00000000
      1.46600000	     -0.00000000	     -0.00000000	     -0.00000000	     -0.00409677	      0.00000000	     -0.00000000	     -0.00000000	     -0.00000000	     -0.00000000
      1.46700000	     -0.00000000	      0.00000000	     -0.00000000	    819.68384180	      0.00000000	     -0.00000000	     -0.00000000	     -0.00000000	     -0.00000000
      1.46800000	     -0.00000000	     -0.00000000	     -0.00000000	    101.97569150	     -0.00000000	     -0.00000000	     -0.00000000	     -0.00000000	     -0.00000000
      1.46900000	     -0.00000000	      0.00000000	     -0.00000000	  -1587.78807170	      0.00000000	     -0.00000000	     -0.00000000	     -0.00000000	     -0.00000000
      1.47000000	     -0.00000000	      0.00000000	     -0.00000000	   -606.87758015	      0.00000000	     -0.00000000	     -0.00000000	      0.00000000	     -0.00000000
      1.47100000	     -0.00000000	     -0.00000000	     -0.00000000	   2189.97555867	     -0.00000000	     -0.00000000	     -0.00000000	      0.00000000	     -0.00000000
      1.47200000	     -0.00000000	      0.00000000	     -0.00000000	     -0.00000000	      0.00000000	     -0.00000000	     -0.00000000	     -0.00000000	     -0.00000000
      1.47300000	     -0.00000000	     -0.00000000	     -0.00000000	     39.55572308	      0.00000000	     -0.00000000	     -0.00000000	     -0.00000000	     -0.00000000
      1.47400000	     -0.00000000	      0.00000000	     -0.00000000	   -193.77314605	     -0.00000000	     -0.00000000	     -0.00000000	     -0.00000000	     -0.00000000
      1.47500000	     -0.00000000	      0.00000000	     -0.00000000	  -4534.52166176	      0.00000000	     -0.00000000	     -0.00000000	     -0.00000000	     -0.00000000
      1.47600000	     -0.00000000	      0.00000000	     -0.00000000	   3260.50646785	     -0.00000000	     -0.00000000	     -0.00000000	     -0.00000000	     -0.00000000
      1.47700000	     -0.00000000	     -0.00000000	     -0.00000000	    286.08121316	     -0.00000000	     -0.00000000	     -0.00000000	     -0.00000000	     -0.00000000
      1.47800000	     -0.00000000	      0.00000000	     -0.00000000	     33.62770643	     -0.00000000	     -0.00000000	     -0.00000000	     -0.00000000	     -0.00000000
      1.47900000	     -0.00000000	      0.00000000	     -0.00000000	     26.10863405	     -0.00000000	     -0.00000000	     -0.00000000	     -0.00000000	     -0.00000000
      1.48000000	     -0.00000000	     -0.00000000	     -0.00000000	  -1184.24492215	      0.00000000	     -0.00000000	     -0.00000000	      0.00000000	     -0.00000000
      1.48100000	     -0.00000000	     -0.00000000	     -0.00000000	   -768.33389032	      0.00000000	     -0.00000000	     -0.00000000	     -0.00000000	     -0.00000000
      1.48200000	     -0.00000000	     -0.00000000	     -0.00000000	   2616.59709202	     -0.00000000	     -0.00000000	     -0.00000000	     -0.00000000	     -0.00000000
      1.48300000	     -0.00000000	      0.00000000	     -0.00000000	     36.39587328	      0.00000000	     -0.00000000	     -0.00000000	     -0.00000000	     -0.00000000
      1.48400000	     -0.00000000	      0.00000000	     -0.00000000	   -782.41546679	      0.00000000	     -0.00000000	     -0.00000000	     -0.00000000	     -0.00000000
      1.48500000	     -0.00000000	     -0.00000000	     -0.00000000	   -800.73229096	     -0.00000000	     -0.00000000	     -0.00000000	     -0.00000000	     -0.00000000
      1.48600000	     -0.00000000	     -0.00000000	     -0.00000000	    -82.96665284	      0.00000000	     -0.00000000	     -0.00000000	      0.00000000	     -0.00000000
      1.48700000	     -0.00000000	      0.00000000	     -0.00000000	    392.11314225	     -0.00000000	     -0.00000000	     -0.00000000	     -0.00000000	     -0.00000000
      1.48800000	     -0.00000000	      0.00000000	     -0.00000000	    914.84004408	     -0.00000000	     -0.00000000	     -0.00000000	     -0.00000000	     -0.00000000
      1.48900000	     -0.00000000	      0.00000000	     -0.00000000	      0.79189535	     -0.00000000	     -0.00000000	     -0.00000000	      0.00000000	     -0.00000000
      1.49000000	     -0.00000000	     -0.00000000	     -0.00000000	     -0.00000000	      0.00000000	     -0.00000000	     -0.00000000	     -0.00000000	     -0.00000000
      1.49100000	     -0.00000000	     -0.00000000	     -0.00000000	   1251.45773707	     -0.00000000	     -0.00000000	     -0.00000000	     -0.00000000	     -0.00000000
      1.49200000	     -0.00000000	      0.00000000	     -0.00000000	      0.00623748	     -0.00000000	     -0.00000000	     -0.00000000	      0.00000000	     -0.00000000
      1.49300000	     -0.00000000	      0.00000000	     -0.00000000	  -4752.03342861	      0.00000000	     -0.00000000	     -0.00000000	     -0.00000000	     -0.00000000
      1.49400000	     -0.00000000	     -0.00000000	     -0.00000000	   2519.08208066	     -0.00000000	     -0.00000000	     -0.00000000	      0.00000000	     -0.00000000
      1.49500000	     -0.00000000	     -0.00000000	     -0.00000000	  -1969.57257715	      0.00000000	     -0.00000000	     -0.00000000	     -0.00000000	     -0.00000000
      1.49600000	     -0.00000000	      0.00000000	     -0.00000000	   8065.62501968	     -0.00000000	     -0.00000000	     -0.00000000	     -0.00000000	     -0.00000000
      1.49700000	     -0.00000000	     -0.00000000	     -0.00000000	    -44.57633495	      0.00000000	     -0.00000000	     -0.00000000	     -0.00000000	     -0.00000000
      1.49800000	     -0.00000000	      0.00000000	     -0.00000000	  -4878.91886158	      0.00000000	     -0.00000000	     -0.00000000	     -0.00000000	     -0.00000000
      1.49900000	     -0.00000000	      0.00000000	     -0.00000000	   2066.17083524	     -0.00000000	     -0.00000000	     -0.00000000	     -0.00000000	     -0.00000000
      1.50000000	     -0.00000000	     -0.00000000	     -0.00000000	  -5851.12300429	      0.00000000	     -0.00000000	     -0.00000000	     -0.00000000	     -0.00000000
      1.50100000	     -0.00000000	      0.00000000	     -0.00000000	   3455.54677830	     -0.00000000	     -0.00000000	     -0.00000000	     -0.00000000	     -0.00000000
      1.50200000	     -0.00000000	     -0.00000000	     -0.00000000	    471.01581727	     -0.00000000	     -0.00000000	     -0.00000000	     -0.00000000	     -0.00000000
      1.50300000	     -0.00000000	     -0.00000000	     -0.00000000	   -980.81320424	      0.00000000	     -0.00000000	     -0.00000000	     -0.00000000	     -0.00000000
      1.50400000	     -0.00000000	     -0.00000000	     -0.00000000	    683.09869783	     -0.00000000	     -0.00000000	     -0.00000000	     -0.00000000	     -0.00000000
      1.50500000	     -0.00000000	     -0.00000000	     -0.00000000	    278.82625754	     -0.00000000	     -0.00000000	     -0.00000000	     -0.00000000	     -0.00000000
      1.50600000	     -0.00000000	     -0.00000000	     -0.00000000	  -5488.22485188	      0.00000000	     -0.00000000	     -0.00000000	     -0.00000000	     -0.00000000
      1.50700000	     -0.00000000	      0.00000000	     -0.00000000	   4061.01601200	     -0.00000000	     -0.00000000	     -0.00000000	      0.00000000	     -0.00000000
      1.50800000	     -0.00000000	      0.00000000	     -0.00000000	   -256.36076011	      0.00000000	     -0.00000000	     -0.00000000	     -0.00000000	     -0.00000000
      1.50900000	     -0.00000000	     -0.00000000	     -0.00000000	  -1021.50299546	     -0.00000000	     -0.00000000	     -0.00000000	     -0.00000000	     -0.00000000
      1.51000000	     -0.00000000	     -0.00000000	     -0.00000000	    565.80274524	     -0.00000000	     -0.00000000	     -0.00000000	     -0.00000000	     -0.00000000
      1.51100000	     -0.00000000	      0.00000000	     -0.00000000	   -202.88195193	      0.00000000	     -0.00000000	     -0.00000000	     -0.00000000	     -0.00000000
      1.51200000	     -0.00000000	      0.00000000	     -0.00000000	   -392.93312521	      0.00000000	     -0.00000000	     -0.00000000	     -0.00000000	     -0.00000000
      1.51300000	     -0.00000000	      0.00000000	     -0.00000000	  -1151.00526957	      0.00000000	     -0.00000000	     -0.00000000	     -0.00000000	     -0.00000000
      1.51400000	     -0.00000000	     -0.00000000	     -0.00000000	    -75.95386840	     -0.00000000	     -0.00000000	     -0.00000000	      0.00000000	     -0.00000000
      1.51500000	     -0.00000000	     -0.00000000	     -0.00000000	   2448.42529303	     -0.00000000	     -0.00000000	     -0.00000000	      0.00000000	     -0.00000000
      1.51600000	     -0.00000000	      0.00000000	     -0.00000000	   -410.40925286	     -0.00000000	     -0.00000000	     -0.00000000	     -0.00000000	     -0.00000000
      1.51700000	     -0.00000000	      0.00000000	     -0.00000000	     36.63730101	     -0.00000000	     -0.00000000	     -0.00000000	     -0.00000000	     -0.00000000
      1.51800000	     -0.00000000	     -0.00000000	     -0.00000000	    524.22572371	     -0.00000000	     -0.00000000	     -0.00000000	     -0.00000000	     -0.00000000
      1.51900000	     -0.00000000	     -0.00000000	     -0.00000000	    113.40048692	     -0.00000000	     -0.00000000	     -0.00000000	     -0.00000000	     -0.00000000
      1.52000000	     -0.00000000	      0.00000000	     -0.00000000	   -389.09472793	      0.00000000	     -0.00000000	     -0.00000000	     -0.00000000	     -0.00000000
      1.52100000	     -0.00000000	     -0.00000000	     -0.00000000	  -6173.02518046	      0.00000000	     -0.00000000	     -0.00000000	     -0.00000000	     -0.00000000
      1.52200000	     -0.00000000	      0.00000000	     -0.00000000	   5176.61472278	     -0.00000000	     -0.00000000	     -0.00000000	      0.00000000	     -0.00000000
      1.52300000	     -0.00000000	      0.00000000	     -0.00000000	    652.29013345	     -0.00000000	     -0.00000000	     -0.00000000	     -0.00000000	     -0.00000000
      1.52400000	     -0.00000000	     -0.00000000	     -0.00000000	  -1234.99572176	      0.00000000	     -0.00000000	     -0.00000000	     -0.00000000	     -0.00000000
      1.52500000	     -0.00000000	      0.00000000	     -0.00000000	  -1784.39810682	      0.00000000	     -0.00000000	     -0.00000000	     -0.00000000	     -0.00000000
      1.52600000	     -0.00000000	      0.00000000	     -0.00000000	   1304.73887470	     -0.00000000	     -0.00000000	     -0.00000000	     -0.00000000	     -0.00000000
      1.52700000	     -0.00000000	     -0.00000000	     -0.00000000	   1534.99135852	     -0.00000000	     -0.00000000	     -0.00000000	     -0.00000000	     -0.00000000
      1.52800000	     -0.00000000	      0.00000000	     -0.00000000	    -75.12763110	      0.00000000	     -0.00000000	     -0.00000000	     -0.00000000	     -0.00000000
      1.52900000	     -0.00000000	      0.00000000	     -0.00000000	  -2115.31274571	      0.00000000	     -0.00000000	     -0.00000000	     -0.00000000	     -0.00000000
      1.53000000	     -0.00000000	      0.00000000	     -0.00000000	   1746.45411849	     -0.00000000	     -0.00000000	     -0.00000000	     -0.00000000	     -0.00000000
      1.53100000	     -0.00000000	     -0.00000000	     -0.00000000	     -0.00000000	     -0.00000000	     -0.00000000	     -0.00000000	      0.00000000	     -0.00000000
      1.53200000	     -0.00000000	     -0.00000000	     -0.00000000	  -1770.38639293	      0.00000000	     -0.00000000	     -0.00000000	     -0.00000000	     -0.00000000
      1.53300000	     -0.00000000	      0.00000000	     -0.00000000	   2626.93765430	      0.00000000	     -0.00000000	     -0.00000000	     -0.00000000	     -0.00000000
      1.53400000	     -0.00000000	     -0.00000000	     -0.00000000	   -368.71084579	     -0.00000000	     -0.00000000	     -0.00000000	     -0.00000000	     -0.00000000
      1.53500000	     -0.00000000	      0.00000000	     -0.00000000	  -4866.40782478	      0.00000000	     -0.00000000	     -0.00000000	     -0.00000000	     -0.00000000
      1.53600000	     -0.00000000	     -0.00000000	     -0.00000000	   5029.37545249	     -0.00000000	     -0.00000000	     -0.00000000	      0.00000000	     -0.00000000
      1.53700000	     -0.00000000	      0.00000000	     -0.00000000	    277.38373678	     -0.00000000	     -0.00000000	     -0.00000000	     -0.00000000	     -0.00000000
      1.53800000	     -0.00000000	      0.00000000	     -0.00000000	   -385.10342007	      0.00000000	     -0.00000000	     -0.00000000	      0.00000000	     -0.00000000
      1.53900000	     -0.00000000	     -0.00000000	     -0.00000000	  -5644.73013723	      0.00000000	     -0.00000000	     -0.00000000	     -0.00000000	     -0.00000000
      1.54000000	     -0.00000000	      0.00000000	     -0.00000000	   2614.62598672	      0.00000000	     -0.00000000	     -0.00000000	     -0.00000000	     -0.00000000
      1.54100000	     -0.00000000	     -0.00000000	     -0.00000000	   1847.49251131	     -0.00000000	     -0.00000000	     -0.00000000	     -0.00000000	     -0.00000000
      1.54200000	     -0.00000000	      0.00000000	     -0.00000000	  -1390.46124588	      0.00000000	     -0.00000000	     -0.00000000	     -0.00000000	     -0.00000000
      1.54300000	     -0.00000000	     -0.00000000	     -0.00000000	  -1160.86074530	      0.00000000	     -0.00000000	     -0.00000000	     -0.00000000	     -0.00000000
      1.54400000	     -0.00000000	     -0.00000000	     -0.00000000	   3576.09835431	     -0.00000000	     -0.00000000	     -0.00000000	     -0.00000000	     -0.00000000
      1.54500000	     -0.00000000	     -0.00000000	     -0.00000000	    381.42562933	     -0.00000000	     -0.00000000	     -0.00000000	     -0.00000000	     -0.00000000
      1.54600000	     -0.00000000	     -0.00000000	     -0.00000000	  -2726.24537212	      0.00000000	     -0.00000000	     -0.00000000	     -0.00000000	     -0.00000000
      1.54700000	     -0.00000000	      0.00000000	     -0.00000000	   2396.91177942	     -0.00000000	     -0.00000000	     -0.00000000	     -0.00000000	     -0.00000000
      1.54800000	     -0.00000000	      0.00000000	     -0.00000000	    811.18189852	     -0.00000000	     -0.00000000	     -0.00000000	     -0.00000000	     -0.00000000
      1.54900000	     -0.00000000	      0.00000000	     -0.00000000	    246.44552653	     -0.00000000	     -0.00000000	     -0.00000000	      0.00000000	     -0.00000000
      1.55000000	     -0.00000000	      0.00000000	     -0.00000000	     -0.68861436	      0.00000000	     -0.00000000	     -0.00000000	     -0.00000000	     -0.00000000
      1.55100000	     -0.00000000	     -0.00000000	     -0.00000000	   -187.14857941	      0.00000000	     -0.00000000	     -0.00000000	     -0.00000000	     -0.00000000
      1.55200000	     -0.00000000	     -0.00000000	     -0.00000000	   -123.28765459	      0.00000000	     -0.00000000	     -0.00000000	     -0.00000000	     -0.00000000
      1.55300000	     -0.00000000	      0.00000000	     -0.00000000	    539.43701658	     -0.00000000	     -0.00000000	     -0.00000000	      0.00000000	     -0.00000000
      1.55400000	     -0.00000000	      0.00000000	     -0.00000000	    -15.29781225	     -0.00000000	     -0.00000000	     -0.00000000	     -0.00000000	     -0.00000000
      1.55500000	     -0.00000000	     -0.00000000	     -0.00000000	  -6514.76403510	      0.00000000	     -0.00000000	     -0.00000000	     -0.00000000	     -0.00000000
      1.55600000	     -0.00000000	     -0.00000000	     -0.00000000	   4822.79734685	     -0.00000000	     -0.00000000	     -0.00000000	     -0.00000000	     -0.00000000
      1.55700000	     -0.00000000	      0.00000000	     -0.00000000	     -0.00000000	      0.00000000	     -0.00000000	     -0.00000000	     -0.00000000	     -0.00000000
      1.55800000	     -0.00000000	      0.00000000	     -0.00000000	  -4283.12129434	      0.00000000	     -0.00000000	     -0.00000000	     -0.00000000	     -0.00000000
      1.55900000	     -0.00000000	      0.00000000	     -0.00000000	    937.72204271	     -0.00000000	     -0.00000000	     -0.00000000	     -0.00000000	     -0.00000000
      1.56000000	     -0.00000000	     -0.00000000	     -0.00000000	   2250.96141583	     -0.00000000	     -0.00000000	     -0.00000000	     -0.00000000	     -0.00000000
      1.56100000	     -0.00000000	     -0.00000000	     -0.00000000	   -176.21246382	      0.00000000	     -0.00000000	     -0.00000000	     -0.00000000	     -0.00000000
      1.56200000	     -0.00000000	     -0.00000000	     -0.00000000	  -2829.64907285	     -0.00000000	     -0.00000000	     -0.00000000	     -0.00000000	     -0.00000000
      1.56300000	     -0.00000000	     -0.00000000	     -0.00000000	    295.68004792	      0.00000000	     -0.00000000	     -0.00000000	      0.00000000	     -0.00000000
      1.56400000	     -0.00000000	      0.00000000	     -0.00000000	   1219.75038086	     -0.00000000	     -0.00000000	     -0.00000000	     -0.00000000	     -0.00000000
      1.56500000	     -0.00000000	      0.00000000	     -0.00000000	    187.29503082	     -0.00000000	     -0.00000000	     -0.00000000	     -0.00000000	     -0.00000000
      1.56600000	     -0.00000000	      0.00000000	     -0.00000000	  -3964.44462376	      0.00000000	     -0.00000000	     -0.00000000	     -0.00000000	     -0.00000000
      1.56700000	     -0.00000000	     -0.00000000	     -0.00000000	   4215.30734695	     -0.00000000	     -0.00000000	     -0.00000000	     -0.00000000	     -0.00000000
      1.56800000	     -0.00000000	      0.00000000	     -0.00000000	  -5399.85340716	      0.00000000	     -0.00000000	     -0.00000000	     -0.00000000	     -0.00000000
      1.56900000	     -0.00000000	      0.00000000	     -0.00000000	   3097.22716383	     -0.00000000	     -0.00000000	     -0.00000000	     -0.00000000	     -0.00000000
      1.57000000	     -0.00000000	     -0.00000000	     -0.00000000	    922.76128811	     -0.00000000	     -0.00000000	     -0.00000000	     -0.00000000	     -0.00000000
      1.57100000	     -0.00000000	      0.00000000	     -0.00000000	    -15.75786612	     -0.00000000	     -0.00000000	     -0.00000000	     -0.00000000	     -0.00000000
      1.57200000	     -0.00000000	      0.00000000	     -0.00000000	    177.45542288	     -0.00000000	     -0.00000000	     -0.00000000	     -0.00000000	     -0.00000000
      1.57300000	     -0.00000000	      0.00000000	     -0.00000000	  -3775.16474193	      0.00000000	     -0.00000000	     -0.00000000	     -0.00000000	     -0.00000000
      1.57400000	     -0.00000000	      0.00000000	     -0.00000000	   3380.74354195	     -0.00000000	     -0.00000000	     -0.00000000	     -0.00000000	     -0.00000000
      1.57500000	     -0.00000000	      0.00000000	     -0.00000000	  -1049.99972628	      0.00000000	     -0.00000000	     -0.00000000	     -0.00000000	     -0.00000000
