Moment_hip_rotation_r
version=1
nRows=1575
nColumns=10
inDegrees=no

This analysis gathers basic information about muscles during a simulation (e.g., forces, tendon lengths, moment arms, etc).
Units are S.I. units (second, meters, Newtons, ...)
If the header above contains a line with 'inDegrees', this indicates whether rotational values are in degrees (yes) or radians (no).

endheader
time	bflh_r	bfsh_r	gasmed_r	glmax2_r	iliacus_r	recfem_r	soleus_r	tibant_r	vasmed_r
      0.00100000	   -482.25466963	     -0.00000000	      0.00000000	      0.00000000	      0.00000000	     12.19051633	      0.00000000	      0.00000000	     -0.00000000
      0.00200000	   -992.44182743	     -0.00000000	     33.81591551	     -0.00000000	      1.73884853	    -22.57652312	     -0.00000000	      0.00000000	     -0.00000000
      0.00300000	   -998.36948876	     -0.00000000	     -0.00000000	     -6.79042516	      0.00000000	    -42.33524124	     -0.00000000	     -0.00000000	      0.00000000
      0.00400000	  -1082.49833542	     -0.00000000	     20.12748173	      0.00000000	      1.37441080	     -0.26001422	     -0.00000000	      0.00000000	      0.00000000
      0.00500000	  -1031.13451037	     -0.00000000	      0.00000000	     -0.00000000	      2.03615854	    -40.90250406	     -0.00000000	      0.00000000	      0.00000000
      0.00600000	   -706.15393274	     -0.00000000	     13.98491240	     19.20696034	      0.00000000	      0.17385732	      0.00000000	     -0.00000000	     -0.00000000
      0.00700000	   -936.04961723	      0.00000000	     19.49658862	     -0.00000000	      2.00648050	      0.00000000	      0.00000000	      0.00000000	      0.00000000
      0.00800000	  -1089.79349106	      0.00000000	      5.39551057	     -0.00000000	      6.20367336	     -8.14254159	     -0.00000000	     -0.00000000	     -0.00000000
      0.00900000	  -1283.18819221	      0.00000000	     -1.17341271	     -8.54552545	      0.00000000	    -37.30783746	      0.00000000	     -0.00000000	      0.00000000
      0.01000000	  -1013.95708536	      0.00000000	      8.54437309	     -0.00000000	      6.36381532	    -14.35518119	     -0.00000000	     -0.00000000	      0.00000000
      0.01100000	   -504.53981817	     -0.00000000	     20.16481937	     -0.98948275	      0.00000000	      2.52863597	     -0.00000000	     -0.00000000	     -0.00000000
      0.01200000	  -1388.78118557	     -0.00000000	     -0.92598798	    -15.18490435	      0.00000000	    -17.56331188	     -0.00000000	      0.00000000	     -0.00000000
      0.01300000	   -578.72593191	     -0.00000000	     -0.00000000	      0.00000000	      8.50981735	      8.04166697	      0.00000000	      0.00000000	      0.00000000
      0.01400000	  -1194.27209188	      0.00000000	      8.38155512	    -20.89170920	      0.00000000	    -22.01540981	     -0.00000000	      0.00000000	      0.00000000
      0.01500000	  -1364.81537983	      0.00000000	     14.74811497	     -0.00000000	      5.21012952	     -6.45644467	     -0.00000000	      0.00000000	     -0.00000000
      0.01600000	   -687.28410925	      0.00000000	      4.35830552	      0.00000000	      0.00000000	      1.80624475	     -0.00000000	     -0.00000000	     -0.00000000
      0.01700000	  -1153.01330179	      0.00000000	     29.36122123	      0.00000000	      3.94922656	     -0.00000000	      0.00000000	      0.00000000	     -0.00000000
      0.01800000	   -415.94704706	     -0.00000000	      0.00000000	      1.53947030	      3.08669495	      7.22741076	      0.00000000	      0.00000000	      0.00000000
      0.01900000	   -800.91267408	      0.00000000	     -0.00000000	     -2.22664438	      0.00000000	      4.22823822	     -0.00000000	     -0.00000000	      0.00000000
      0.02000000	   -985.13686532	      0.00000000	     -0.92492588	      0.00000000	      6.66898138	     -1.14267663	     -0.00000000	      0.00000000	      0.00000000
      0.02100000	  -1029.38530099	     -0.00000000	      9.24509756	      0.95520666	      0.00000000	     -1.09237135	     -0.00000000	     -0.00000000	     -0.00000000
      0.02200000	  -1438.76764582	     -0.00000000	     -0.97419271	     -0.00000000	      5.41246575	     -5.84378175	     -0.00000000	      0.00000000	      0.00000000
      0.02300000	  -1040.04253661	      0.00000000	     -1.12178450	     -0.00000000	      6.61516437	    -27.91769447	      0.00000000	      0.00000000	     -0.00000000
      0.02400000	   -854.66868640	      0.00000000	      0.00000000	     -2.03787540	      0.00000000	     -6.91483590	     -0.00000000	      0.00000000	      0.00000000
      0.02500000	  -1107.94975032	     -0.00000000	     -1.13202763	     -0.00000000	      6.86371860	    -14.95051364	      0.00000000	      0.00000000	     -0.00000000
      0.02600000	   -768.85510972	     -0.00000000	     -1.14830501	     -0.00000000	      0.13116416	    -17.72432481	     -0.00000000	     -0.00000000	     -0.00000000
      0.02700000	  -1324.30559475	     -0.00000000	      4.27660240	     -7.44784534	      0.00000000	    -26.49463649	      0.00000000	     -0.00000000	     -0.00000000
      0.02800000	   -843.70150139	      0.00000000	     17.83426342	     -0.00000000	      6.11428513	    -17.63090039	     -0.00000000	      0.00000000	     -0.00000000
      0.02900000	  -1297.34102727	     -0.00000000	     -0.89959166	    -18.75445706	      0.00000000	    -40.86165715	      0.00000000	     -0.00000000	     -0.00000000
      0.03000000	  -1303.18022136	     -0.00000000	     -1.46606517	     -0.00000000	      4.95767138	     -5.88697716	     -0.00000000	      0.00000000	      0.00000000
      0.03100000	   -922.56043483	      0.00000000	      4.87263443	     -0.00000000	      5.63872302	    -19.26487956	     -0.00000000	     -0.00000000	     -0.00000000
      0.03200000	   -804.68489576	     -0.00000000	     -0.00000000	     12.09779064	      0.00000000	     -8.95081529	      0.00000000	      0.00000000	      0.00000000
      0.03300000	   -756.07604945	     -0.00000000	      0.00000000	      1.45141007	      0.00000000	     -0.76960476	      0.00000000	      0.00000000	     -0.00000000
      0.03400000	   -608.22075548	      0.00000000	      6.58045167	      0.00000000	      4.72161433	      2.20570527	      0.00000000	      0.00000000	     -0.00000000
      0.03500000	   -586.03516926	     -0.00000000	     22.31917649	     -3.25022467	      0.00000000	     -2.45777462	     -0.00000000	      0.00000000	      0.00000000
      0.03600000	   -954.70238981	     -0.00000000	     -0.00000000	      5.03798585	      0.00000000	     -4.91630573	     -0.00000000	     -0.00000000	      0.00000000
      0.03700000	  -1082.41496621	     -0.00000000	     30.85213017	      0.00000000	      5.30434401	     -0.00000000	     -0.00000000	      0.00000000	     -0.00000000
      0.03800000	  -1128.45234288	      0.00000000	      0.00000000	     -0.00000000	      3.14520396	    -58.22075582	      0.00000000	     -0.00000000	      0.00000000
      0.03900000	  -1217.60942415	     -0.00000000	      0.00000000	     -7.85889141	      0.00000000	    -43.21440715	     -0.00000000	      0.00000000	      0.00000000
      0.04000000	   -689.79642899	      0.00000000	     -0.59078230	     11.42586972	      0.00000000	      0.71431532	      0.00000000	      0.00000000	     -0.00000000
      0.04100000	   -800.20844483	      0.00000000	      7.07465756	      1.59872823	      0.00000000	      0.56575114	      0.00000000	      0.00000000	     -0.00000000
      0.04200000	   -832.07648064	      0.00000000	     32.42561130	      0.00000000	      8.17566259	      0.00110051	     -0.00000000	      0.00000000	     -0.00000000
      0.04300000	   -418.44849968	     -0.00000000	      8.58756596	      0.00000000	      3.06186944	      6.87900617	     -0.00000000	     -0.00000000	     -0.00000000
      0.04400000	   -939.53210418	     -0.00000000	     16.95659762	    -16.27091400	      0.00000000	     -6.37211645	     -0.00000000	     -0.00000000	     -0.00000000
      0.04500000	  -1054.46900782	     -0.00000000	      0.00000000	      0.00000000	      5.29460126	    -12.52416453	      0.00000000	      0.00000000	     -0.00000000
      0.04600000	   -811.25110460	     -0.00000000	     13.01727900	     -2.32586563	      0.73790870	    -11.86347476	      0.00000000	      0.00000000	     -0.00000000
      0.04700000	  -1266.20084373	      0.00000000	     -0.76179356	     -8.87659941	      0.00000000	    -30.22068668	      0.00000000	      0.00000000	      0.00000000
      0.04800000	  -1170.35978826	     -0.00000000	      0.00000000	     -0.00000000	      5.36918829	    -19.60376174	     -0.00000000	     -0.00000000	      0.00000000
      0.04900000	   -618.52246106	      0.00000000	     -0.50128035	      2.83410859	      0.00000000	      4.36264690	     -0.00000000	     -0.00000000	     -0.00000000
      0.05000000	  -1010.82916103	      0.00000000	     25.38314056	     -4.98427881	      0.00000000	     -1.01043821	      0.00000000	     -0.00000000	      0.00000000
      0.05100000	   -533.48246085	      0.00000000	     -0.00000000	      0.00000000	      4.37838372	     11.74424615	     -0.00000000	     -0.00000000	      0.00000000
      0.05200000	  -1009.55534490	     -0.00000000	     -1.17058459	     -0.00000000	      1.82660196	    -27.30276936	     -0.00000000	      0.00000000	     -0.00000000
      0.05300000	   -728.27418145	     -0.00000000	      6.75987036	     -2.86836659	      0.00000000	     -5.28302598	      0.00000000	     -0.00000000	     -0.00000000
      0.05400000	   -732.11184996	     -0.00000000	     -0.00000000	      0.00000000	      2.10597958	     -4.66483541	      0.00000000	     -0.00000000	      0.00000000
      0.05500000	   -904.02946160	      0.00000000	     26.11418028	     -3.17400242	      0.00000000	    -10.57687321	      0.00000000	     -0.00000000	      0.00000000
      0.05600000	  -1265.05367986	      0.00000000	     18.50248579	     -3.27911987	      0.00000000	     -0.22654508	      0.00000000	     -0.00000000	      0.00000000
      0.05700000	  -1303.48234141	     -0.00000000	      4.70730516	     -0.00000000	      4.15758529	    -16.62141419	     -0.00000000	     -0.00000000	     -0.00000000
      0.05800000	  -1075.56835566	     -0.00000000	     -0.00000000	     -0.00000000	      2.45851675	    -29.00737384	     -0.00000000	     -0.00000000	     -0.00000000
      0.05900000	   -957.53274771	     -0.00000000	     27.15714515	     -0.00000000	      2.30931327	     -8.65418519	     -0.00000000	      0.00000000	      0.00000000
      0.06000000	   -750.34389062	     -0.00000000	     -0.00000000	     -0.00000000	      1.96997418	    -11.26334184	     -0.00000000	     -0.00000000	     -0.00000000
      0.06100000	   -962.75411810	     -0.00000000	     -1.11722124	      0.00000000	      3.93034319	    -23.49827038	     -0.00000000	      0.00000000	     -0.00000000
      0.06200000	   -232.39047757	      0.00000000	     -0.87668065	      0.08293736	      1.45463245	     24.15034173	      0.00000000	      0.00000000	     -0.00000000
      0.06300000	   -848.15591200	      0.00000000	      2.73401517	      0.58762183	      0.00000000	    -15.52565571	     -0.00000000	      0.00000000	     -0.00000000
      0.06400000	   -905.64965108	     -0.00000000	     -1.09743202	     -9.38399745	      0.00000000	    -30.32920177	      0.00000000	     -0.00000000	     -0.00000000
      0.06500000	   -938.72130028	     -0.00000000	     13.92658727	      4.82083057	      0.00000000	     -0.94183771	      0.00000000	      0.00000000	      0.00000000
      0.06600000	  -1020.09636643	     -0.00000000	     16.26195673	      0.00000000	      3.26393029	     -0.00000000	      0.00000000	     -0.00000000	     -0.00000000
      0.06700000	   -534.65135721	     -0.00000000	     11.36254353	      1.74106467	      0.00000000	      6.47051989	     -0.00000000	      0.00000000	     -0.00000000
      0.06800000	   -724.17972006	      0.00000000	      0.00000000	      6.54345689	      0.00000000	      4.14138196	      0.00000000	     -0.00000000	     -0.00000000
      0.06900000	   -648.35699992	      0.00000000	     -0.00000000	      0.00000000	      1.16800359	      4.01065813	      0.00000000	     -0.00000000	     -0.00000000
      0.07000000	  -1256.60730928	     -0.00000000	     -0.14691535	     -3.59439572	      0.00000000	     -2.55263588	      0.00000000	      0.00000000	     -0.00000000
      0.07100000	  -1004.91593666	      0.00000000	     -0.81562547	      0.00000000	      5.32314586	     -3.51396154	     -0.00000000	      0.00000000	     -0.00000000
      0.07200000	  -1222.76282717	      0.00000000	     -0.81394827	     -1.20498785	      0.00000000	    -13.49837618	     -0.00000000	     -0.00000000	     -0.00000000
      0.07300000	  -1068.37215843	      0.00000000	      7.40577965	     -0.00000000	      6.69198689	     -6.20829868	      0.00000000	     -0.00000000	     -0.00000000
      0.07400000	  -1161.91564840	     -0.00000000	     26.20476267	     -5.51934174	      0.00000000	    -22.00136279	     -0.00000000	      0.00000000	     -0.00000000
      0.07500000	  -1229.20536960	     -0.00000000	      0.00000000	    -17.24260257	      0.00000000	    -27.06398946	      0.00000000	      0.00000000	     -0.00000000
      0.07600000	  -1110.51619487	      0.00000000	     -0.90464693	     -0.00000000	      7.74330354	     -7.16120000	     -0.00000000	     -0.00000000	     -0.00000000
      0.07700000	   -605.15987812	      0.00000000	      4.79982912	     -0.00000000	      4.70055752	      0.83624253	     -0.00000000	      0.00000000	      0.00000000
      0.07800000	   -981.34714086	      0.00000000	     -0.65103887	     -8.54121896	      0.00000000	    -25.53946338	      0.00000000	      0.00000000	      0.00000000
      0.07900000	   -886.86369585	      0.00000000	     11.53751677	      2.18421756	      0.00000000	     -0.01635787	     -0.00000000	      0.00000000	      0.00000000
      0.08000000	  -1075.06032152	      0.00000000	     -0.97094682	     -1.33763970	      0.00000000	     -2.61599992	     -0.00000000	     -0.00000000	      0.00000000
      0.08100000	   -921.70971944	     -0.00000000	     -1.52284661	      0.00000000	      9.32701347	     -2.28245907	      0.00000000	      0.00000000	     -0.00000000
      0.08200000	   -607.00613424	      0.00000000	     -0.00000000	      0.64384189	      0.00000000	    -11.97065702	     -0.00000000	     -0.00000000	     -0.00000000
      0.08300000	   -981.96013791	     -0.00000000	     15.35668075	     -0.00000000	      2.03503984	     -4.56758289	     -0.00000000	      0.00000000	      0.00000000
      0.08400000	  -1108.21199341	      0.00000000	     24.31606421	     -2.15023632	      0.00000000	    -14.82986112	      0.00000000	     -0.00000000	      0.00000000
      0.08500000	  -1389.77881416	     -0.00000000	     10.35993767	     -7.66924167	      0.00000000	     -1.76259514	      0.00000000	      0.00000000	     -0.00000000
      0.08600000	  -1004.27099017	      0.00000000	     20.75082695	     -0.00000000	      5.32166111	    -29.16590346	      0.00000000	     -0.00000000	      0.00000000
      0.08700000	  -1296.71101365	     -0.00000000	     21.46613019	     -6.16368155	      0.00000000	     -2.71649523	     -0.00000000	      0.00000000	      0.00000000
      0.08800000	   -976.17044320	      0.00000000	      5.71509525	     -0.00000000	      2.37075477	    -14.06012434	      0.00000000	     -0.00000000	      0.00000000
      0.08900000	   -589.69704268	     -0.00000000	      4.94157820	      5.81406467	      0.82869965	      2.35955855	     -0.00000000	      0.00000000	     -0.00000000
      0.09000000	   -645.32316444	      0.00000000	      0.00000000	      0.00000000	      5.36005754	     -1.34851367	      0.00000000	     -0.00000000	     -0.00000000
      0.09100000	   -797.93911931	      0.00000000	     18.11006978	    -14.72200755	      0.00000000	    -23.74637798	     -0.00000000	      0.00000000	     -0.00000000
      0.09200000	   -784.55219390	     -0.00000000	     -0.00000000	      2.93685643	      0.00000000	     -6.69718646	     -0.00000000	     -0.00000000	      0.00000000
      0.09300000	   -719.13857396	     -0.00000000	     -0.00000000	     -0.00000000	      7.44360994	    -14.42918350	     -0.00000000	     -0.00000000	     -0.00000000
      0.09400000	   -365.87909997	      0.00000000	     -0.00000000	     15.61549060	      0.00000000	     16.85093031	     -0.00000000	      0.00000000	     -0.00000000
      0.09500000	   -716.72350524	      0.00000000	      0.00000000	      1.13651691	      0.00000000	      6.30813273	      0.00000000	      0.00000000	      0.00000000
      0.09600000	  -1090.78438221	      0.00000000	     -0.80333700	     -0.00000000	      5.17760287	    -30.74020366	     -0.00000000	      0.00000000	      0.00000000
      0.09700000	   -859.96359819	     -0.00000000	     -0.00000000	      0.00000000	      0.64949413	     -5.27999804	      0.00000000	      0.00000000	     -0.00000000
      0.09800000	  -1029.49484724	      0.00000000	     -0.24231344	     -0.02413079	      2.20831088	    -17.19129278	      0.00000000	     -0.00000000	     -0.00000000
      0.09900000	   -722.11702621	     -0.00000000	     -0.73732750	      9.31088810	      0.00000000	      1.41453165	     -0.00000000	      0.00000000	      0.00000000
      0.10000000	  -1253.22177039	      0.00000000	      0.00000000	     -0.00000000	      5.07869492	    -25.91988209	     -0.00000000	     -0.00000000	      0.00000000
      0.10100000	   -790.32537668	      0.00000000	     -0.77654743	    -11.24402469	      0.00000000	    -17.20971861	     -0.00000000	     -0.00000000	     -0.00000000
      0.10200000	   -843.84948294	      0.00000000	      9.18477945	      0.00092945	      0.83382537	      0.51276907	     -0.00000000	      0.00000000	     -0.00000000
      0.10300000	   -672.97166539	      0.00000000	      0.00000000	     -0.00000000	      8.30449036	    -30.88167798	     -0.00000000	     -0.00000000	      0.00000000
      0.10400000	  -1006.44036049	      0.00000000	      0.00000000	      2.18885655	      0.00000000	    -23.86056551	     -0.00000000	     -0.00000000	      0.00000000
      0.10500000	  -1090.49846913	      0.00000000	      3.39735995	     -0.00000000	      5.78274311	     -2.93737544	     -0.00000000	      0.00000000	     -0.00000000
      0.10600000	   -593.83067412	      0.00000000	     -1.12465062	      0.00000000	      4.37985496	     -3.81927641	      0.00000000	     -0.00000000	      0.00000000
      0.10700000	   -787.99246668	      0.00000000	      0.00000000	     -2.30846551	      0.00000000	    -22.44977096	      0.00000000	      0.00000000	     -0.00000000
      0.10800000	   -766.56895411	      0.00000000	      4.47486900	      6.69514640	      0.00000000	     -2.04125935	     -0.00000000	     -0.00000000	      0.00000000
      0.10900000	   -970.96955291	      0.00000000	      0.00000000	      0.00000000	      3.13878601	     -6.69499791	     -0.00000000	     -0.00000000	     -0.00000000
      0.11000000	   -563.16512143	     -0.00000000	     15.06660244	     -0.00000000	      4.71048285	     -4.88721917	     -0.00000000	      0.00000000	     -0.00000000
      0.11100000	   -532.13429614	     -0.00000000	     13.42596993	      9.03262398	      0.00000000	      7.04713166	      0.00000000	     -0.00000000	      0.00000000
      0.11200000	  -1055.11764155	     -0.00000000	      8.07986318	      0.00000000	      1.77048316	     -1.09208722	     -0.00000000	     -0.00000000	     -0.00000000
      0.11300000	  -1097.30697136	      0.00000000	     -0.00000000	     -0.00000000	      5.34303715	    -35.21323908	      0.00000000	      0.00000000	     -0.00000000
      0.11400000	   -742.88562019	      0.00000000	      0.00000000	     -5.41837077	      0.00000000	    -27.17157972	      0.00000000	     -0.00000000	      0.00000000
      0.11500000	  -1067.52685879	      0.00000000	     -1.25694625	      1.05150122	      0.00000000	     -6.57094453	      0.00000000	     -0.00000000	      0.00000000
      0.11600000	  -1274.80176839	     -0.00000000	     -0.58739208	     -0.00000000	      7.60999296	    -21.10107157	     -0.00000000	     -0.00000000	      0.00000000
      0.11700000	   -501.30271322	      0.00000000	     23.88119558	     10.79364791	      0.00000000	      4.32965834	      0.00000000	      0.00000000	      0.00000000
      0.11800000	  -1337.65672952	      0.00000000	      0.00000000	     -0.00000000	      1.71325701	    -11.88813558	      0.00000000	      0.00000000	     -0.00000000
      0.11900000	  -1131.20596230	     -0.00000000	      6.16402756	     -0.00000000	      2.99176824	    -27.44454864	      0.00000000	     -0.00000000	      0.00000000
      0.12000000	   -626.43912143	     -0.00000000	     -0.00000000	      4.09242047	      0.00000000	      7.00053650	      0.00000000	      0.00000000	      0.00000000
      0.12100000	   -899.01830132	     -0.00000000	      0.00000000	     -0.00000000	      1.91621148	    -33.45586000	      0.00000000	      0.00000000	     -0.00000000
      0.12200000	  -1229.50530339	      0.00000000	     18.63586910	     -0.08355232	      2.75142778	     -3.36926737	     -0.00000000	      0.00000000	      0.00000000
      0.12300000	   -572.23862961	      0.00000000	     -0.95192293	      0.34110678	      0.00000000	     -4.28497043	     -0.00000000	     -0.00000000	      0.00000000
      0.12400000	   -847.31752123	     -0.00000000	     -0.93150092	     11.16539321	      0.00000000	     -0.00729241	     -0.00000000	      0.00000000	     -0.00000000
      0.12500000	  -1191.95354039	      0.00000000	     17.20331649	     -0.00000000	     13.65876521	     -7.21646340	     -0.00000000	      0.00000000	      0.00000000
      0.12600000	   -487.27792581	      0.00000000	      0.00000000	     -5.60882707	      0.00000000	      2.37785561	     -0.00000000	     -0.00000000	     -0.00000000
      0.12700000	  -1151.04432895	      0.00000000	     17.23673007	      0.00000000	      0.94262170	     -0.00000000	     -0.00000000	      0.00000000	      0.00000000
      0.12800000	   -901.21016374	     -0.00000000	     11.65928149	      0.00000000	     10.29588997	    -11.67893913	     -0.00000000	      0.00000000	      0.00000000
      0.12900000	   -613.58937943	     -0.00000000	      7.37207275	    -15.64170702	      0.00000000	     -3.81264477	      0.00000000	      0.00000000	      0.00000000
      0.13000000	   -671.55601143	     -0.00000000	     -0.00000000	      0.00000000	      5.49136269	      1.61058277	     -0.00000000	     -0.00000000	     -0.00000000
      0.13100000	   -499.94879375	      0.00000000	      0.00000000	      6.91612195	      0.00000000	     -0.97259395	      0.00000000	      0.00000000	     -0.00000000
      0.13200000	   -846.55673166	     -0.00000000	      0.00000000	      0.00000000	      0.00000000	     -3.39332220	      0.00000000	      0.00000000	     -0.00000000
      0.13300000	   -747.32957070	      0.00000000	     -0.60150853	     -0.00000000	      2.27446608	    -30.55599680	      0.00000000	      0.00000000	     -0.00000000
      0.13400000	   -658.43444003	      0.00000000	      0.00000000	     13.53198031	      0.00000000	      2.93392859	      0.00000000	      0.00000000	     -0.00000000
      0.13500000	  -1279.80098467	      0.00000000	      4.45832685	     -0.00000000	      2.81083788	     -7.02408071	      0.00000000	     -0.00000000	      0.00000000
      0.13600000	  -1042.06201432	     -0.00000000	     15.28299090	     -0.00000000	      2.58806812	     -3.72059066	      0.00000000	     -0.00000000	     -0.00000000
      0.13700000	   -961.30822713	      0.00000000	     -0.00000000	      0.00000000	      0.00000000	    -19.70437184	      0.00000000	      0.00000000	     -0.00000000
      0.13800000	  -1187.62828786	     -0.00000000	     -0.86980681	     -9.59063000	      0.83820049	    -31.40916683	      0.00000000	      0.00000000	     -0.00000000
      0.13900000	  -1051.58501293	     -0.00000000	      4.17327651	    -13.03414789	      0.00000000	    -17.76696971	     -0.00000000	     -0.00000000	     -0.00000000
      0.14000000	  -1024.23506118	      0.00000000	     -0.00000000	     -0.00000000	      4.98263345	     -5.23350629	      0.00000000	      0.00000000	     -0.00000000
      0.14100000	   -765.97354779	     -0.00000000	      8.06180032	     -0.00000000	      8.66066067	    -21.91874435	     -0.00000000	      0.00000000	     -0.00000000
      0.14200000	   -666.50888846	     -0.00000000	     -0.79442192	      0.79707712	      0.00000000	     -2.21530576	     -0.00000000	     -0.00000000	     -0.00000000
      0.14300000	  -1405.36639247	     -0.00000000	     11.36862805	     -0.00000000	      1.56589709	     -0.00000000	      0.00000000	      0.00000000	      0.00000000
      0.14400000	   -856.91276343	     -0.00000000	      0.00000000	     -0.00000000	      5.44510199	    -31.42783330	     -0.00000000	      0.00000000	      0.00000000
      0.14500000	  -1029.55248897	     -0.00000000	     -1.03195947	     -0.00000000	      0.00000000	    -20.36467235	      0.00000000	     -0.00000000	      0.00000000
      0.14600000	   -591.00003899	      0.00000000	     -1.05642798	      9.38524836	      0.00000000	      5.26103983	      0.00000000	     -0.00000000	     -0.00000000
      0.14700000	  -1158.87643338	     -0.00000000	      0.00000000	     -0.00000000	      3.90172116	    -17.70645291	      0.00000000	      0.00000000	      0.00000000
      0.14800000	   -465.32183420	     -0.00000000	      0.00000000	      3.15698790	      0.93333354	     10.85094937	      0.00000000	      0.00000000	      0.00000000
      0.14900000	   -603.43026321	      0.00000000	     -0.70706469	      0.00000000	      0.00000000	      5.89971171	      0.00000000	     -0.00000000	     -0.00000000
      0.15000000	  -1188.61983425	      0.00000000	     21.21016069	     -0.00000000	      0.79455200	    -12.77345982	      0.00000000	      0.00000000	      0.00000000
      0.15100000	   -877.62394259	     -0.00000000	      0.00000000	      1.90715934	      0.00298922	     -5.07470401	      0.00000000	     -0.00000000	     -0.00000000
      0.15200000	  -1027.41028801	      0.00000000	     -0.00000000	     -0.00000000	      4.02580485	    -73.37001553	      0.00000000	      0.00000000	      0.00000000
      0.15300000	  -1032.99947287	      0.00000000	      0.00000000	     -6.90660322	      0.00000000	    -29.86071596	      0.00000000	      0.00000000	     -0.00000000
      0.15400000	  -1052.18031484	      0.00000000	     10.61093915	    -14.28015470	      0.00000000	    -12.08847028	      0.00000000	      0.00000000	      0.00000000
      0.15500000	   -645.05017552	     -0.00000000	     15.23421110	      0.00000000	      4.71732276	      0.47858282	     -0.00000000	      0.00000000	     -0.00000000
      0.15600000	   -606.55715453	     -0.00000000	     -0.00000000	     -0.00000000	      6.26697698	    -20.14828846	      0.00000000	     -0.00000000	     -0.00000000
      0.15700000	   -906.41971643	      0.00000000	      7.14030114	      8.73360843	      0.00000000	     -8.20733106	     -0.00000000	      0.00000000	      0.00000000
      0.15800000	   -804.77701516	     -0.00000000	     -0.93910253	     -0.03410718	      1.86213079	     -5.70518598	      0.00000000	      0.00000000	     -0.00000000
      0.15900000	   -862.37624705	     -0.00000000	      6.03310312	     -2.29223860	      0.00000000	    -11.18165678	     -0.00000000	     -0.00000000	     -0.00000000
      0.16000000	  -1164.67318402	      0.00000000	      0.00000000	     -0.00000000	      3.32621699	    -47.67626390	      0.00000000	      0.00000000	      0.00000000
      0.16100000	   -693.09251502	      0.00000000	     -1.19997325	     14.04773613	      0.00000000	     -2.84761164	      0.00000000	      0.00000000	      0.00000000
      0.16200000	   -701.06946693	      0.00000000	      9.31783656	      3.59921101	      0.00000000	      0.49788922	      0.00000000	     -0.00000000	     -0.00000000
      0.16300000	  -1361.70730899	     -0.00000000	     -0.00000000	     -0.81802552	      0.23526519	    -35.88486174	     -0.00000000	      0.00000000	     -0.00000000
      0.16400000	  -1196.85515888	      0.00000000	     -0.43703751	     -0.00000000	      6.62959258	    -31.76711103	     -0.00000000	      0.00000000	      0.00000000
      0.16500000	   -731.28648407	      0.00000000	     14.29626249	      4.92776356	      0.00000000	     -1.36768484	      0.00000000	     -0.00000000	     -0.00000000
      0.16600000	   -796.49418248	      0.00000000	      0.00000000	      2.95742387	      0.99640261	     -1.50614375	      0.00000000	      0.00000000	     -0.00000000
      0.16700000	   -246.38652487	     -0.00000000	      5.33005497	      0.00000000	      8.55974877	     18.33049375	      0.00000000	      0.00000000	      0.00000000
      0.16800000	   -652.78491161	     -0.00000000	     -0.00000000	    -34.56729806	      0.00000000	    -22.16780616	     -0.00000000	     -0.00000000	     -0.00000000
      0.16900000	  -1062.33167185	     -0.00000000	     -0.69308248	     -1.18538613	      0.00000000	     -6.96128297	      0.00000000	     -0.00000000	      0.00000000
      0.17000000	   -866.06888886	      0.00000000	      3.77534467	     -0.00000000	      7.76104400	     -5.84175989	     -0.00000000	      0.00000000	      0.00000000
      0.17100000	   -668.90696868	      0.00000000	     -0.00000000	     -9.62116798	      0.00000000	    -18.40394465	     -0.00000000	     -0.00000000	      0.00000000
      0.17200000	   -875.90954720	     -0.00000000	     -1.11889797	     -0.50547973	      0.00000000	     -1.71925141	     -0.00000000	     -0.00000000	     -0.00000000
      0.17300000	   -752.97695848	      0.00000000	      0.00000000	      0.00000000	      0.27919972	      1.95742534	      0.00000000	     -0.00000000	      0.00000000
      0.17400000	  -1117.31526952	      0.00000000	     -0.00000000	     -0.00000000	      6.39553733	    -23.90533913	     -0.00000000	      0.00000000	     -0.00000000
      0.17500000	  -1039.32138179	     -0.00000000	     -0.48368228	     -6.17779041	      0.00000000	    -32.36366847	      0.00000000	     -0.00000000	     -0.00000000
      0.17600000	  -1060.06488946	      0.00000000	     -0.00000000	     -9.94527656	      0.00000000	    -13.16673604	     -0.00000000	     -0.00000000	      0.00000000
      0.17700000	  -1225.78463951	     -0.00000000	     -0.82593699	     -0.00000000	      9.95719110	     -8.41759374	      0.00000000	      0.00000000	      0.00000000
      0.17800000	   -732.54499712	      0.00000000	      0.00000000	      0.00000000	      4.82854024	    -13.10066958	      0.00000000	      0.00000000	      0.00000000
      0.17900000	   -682.54404310	     -0.00000000	     -0.00000000	    -14.72125911	      0.00000000	    -31.42319760	      0.00000000	      0.00000000	     -0.00000000
      0.18000000	  -1109.25920305	     -0.00000000	      9.54244958	     -0.00000000	      2.61683272	    -38.32907738	      0.00000000	     -0.00000000	     -0.00000000
      0.18100000	   -563.91538147	      0.00000000	      0.00000000	     -2.67491095	      0.00000000	     -0.68656183	      0.00000000	      0.00000000	      0.00000000
      0.18200000	  -1234.23995870	      0.00000000	     -0.00000000	     -2.10148131	      0.00000000	    -26.51230777	     -0.00000000	     -0.00000000	     -0.00000000
      0.18300000	  -1188.26836052	      0.00000000	     10.91493555	     -0.00000000	      1.74984211	     -7.43034894	      0.00000000	     -0.00000000	      0.00000000
      0.18400000	  -1026.75385742	      0.00000000	      0.00000000	      0.00000000	      3.92634333	    -22.43565966	      0.00000000	     -0.00000000	     -0.00000000
      0.18500000	   -554.81643085	     -0.00000000	      0.00000000	     -0.00000000	      7.54094919	    -14.00018233	     -0.00000000	     -0.00000000	      0.00000000
      0.18600000	   -561.54039669	      0.00000000	     -0.66440330	     -7.34073314	      0.00000000	     -8.55679344	     -0.00000000	      0.00000000	      0.00000000
      0.18700000	   -669.86288992	      0.00000000	      5.52818206	     11.26231808	      0.00000000	      1.92762054	      0.00000000	      0.00000000	      0.00000000
      0.18800000	   -938.81342874	      0.00000000	     -0.68375146	      0.00000000	      1.38503764	     -2.79591382	     -0.00000000	     -0.00000000	     -0.00000000
      0.18900000	  -1127.55632622	     -0.00000000	      5.65937985	     -0.00000000	      7.23200779	    -26.48349267	      0.00000000	     -0.00000000	     -0.00000000
      0.19000000	   -674.20141680	     -0.00000000	      4.40956515	      0.13812842	      0.76978770	     -8.66899272	      0.00000000	      0.00000000	      0.00000000
      0.19100000	   -798.83225880	      0.00000000	      0.00000000	     -3.46649230	      0.00000000	    -27.18991902	     -0.00000000	     -0.00000000	      0.00000000
      0.19200000	   -767.66180696	      0.00000000	     -0.00000000	      7.77464533	      0.00000000	     -3.39521104	      0.00000000	      0.00000000	     -0.00000000
      0.19300000	   -810.60829589	      0.00000000	      0.00000000	     -0.00000000	      3.35781516	     -2.40073609	     -0.00000000	     -0.00000000	      0.00000000
      0.19400000	   -586.51485213	      0.00000000	     -0.71596766	      4.37284136	      0.00000000	      4.28376235	      0.00000000	      0.00000000	      0.00000000
      0.19500000	  -1253.41865187	      0.00000000	     -1.03305829	      0.00000000	      0.00000000	     -4.05389075	      0.00000000	      0.00000000	      0.00000000
      0.19600000	  -1133.51285017	      0.00000000	     -1.12136364	     -0.00000000	      7.82135535	    -18.13820098	     -0.00000000	      0.00000000	     -0.00000000
      0.19700000	   -436.13379026	      0.00000000	     -0.00000000	      0.53439709	      0.00000000	      9.85450620	     -0.00000000	     -0.00000000	      0.00000000
      0.19800000	  -1043.17218457	      0.00000000	     12.33259268	     -0.58173175	      0.00000000	    -10.11992785	      0.00000000	     -0.00000000	     -0.00000000
      0.19900000	  -1063.03718468	     -0.00000000	      7.82960536	    -11.90145290	      0.00000000	    -14.85301003	      0.00000000	     -0.00000000	     -0.00000000
      0.20000000	   -493.56713931	      0.00000000	      0.00000000	      8.80932462	      0.00000000	     15.79223453	      0.00000000	      0.00000000	     -0.00000000
      0.20100000	   -783.45000869	      0.00000000	      0.00000000	      0.00000000	      0.12529054	      0.58980578	      0.00000000	      0.00000000	     -0.00000000
      0.20200000	  -1217.57324359	     -0.00000000	     10.21277721	     -0.17222474	      1.52955612	     -3.18115694	      0.00000000	      0.00000000	     -0.00000000
      0.20300000	  -1134.30962877	      0.00000000	     -0.00000000	     -0.00000000	      6.42189096	    -35.51178743	     -0.00000000	     -0.00000000	     -0.00000000
      0.20400000	  -1176.51805545	     -0.00000000	     -0.67819062	     -9.07191788	      0.00000000	    -30.53538906	      0.00000000	      0.00000000	     -0.00000000
      0.20500000	  -1312.02964987	      0.00000000	      5.03355659	     -5.60073815	      2.20201148	     -7.10277749	     -0.00000000	      0.00000000	      0.00000000
      0.20600000	   -508.45974352	      0.00000000	      0.00000000	     -0.00000000	      4.70309682	     -0.18407390	      0.00000000	      0.00000000	     -0.00000000
      0.20700000	  -1011.08525379	     -0.00000000	      6.93094121	     -0.00000000	      0.04387458	    -16.93764156	      0.00000000	     -0.00000000	      0.00000000
      0.20800000	   -498.12750912	      0.00000000	     -0.95373333	      0.00000000	      3.81345900	     -2.61955848	     -0.00000000	     -0.00000000	      0.00000000
      0.20900000	  -1260.90181246	     -0.00000000	      0.00000000	    -17.17597024	      0.00000000	    -63.95534643	     -0.00000000	     -0.00000000	      0.00000000
      0.21000000	  -1226.79229309	      0.00000000	     11.45528179	     -5.08784368	      2.94844529	    -29.34377179	      0.00000000	     -0.00000000	      0.00000000
      0.21100000	  -1019.94205072	     -0.00000000	     -0.60665999	    -13.51872464	      0.00000000	    -33.64718712	      0.00000000	      0.00000000	     -0.00000000
      0.21200000	  -1086.77601883	      0.00000000	      0.00000000	     -0.00000000	      4.41876729	    -20.16538744	      0.00000000	     -0.00000000	      0.00000000
      0.21300000	   -504.36623041	      0.00000000	      0.00000000	     -0.00000000	      3.71666178	    -13.49849763	      0.00000000	      0.00000000	      0.00000000
      0.21400000	   -535.73949671	      0.00000000	      0.00000000	      7.86785226	      0.00000000	     11.72629768	     -0.00000000	     -0.00000000	      0.00000000
      0.21500000	   -634.02513906	     -0.00000000	     -0.54125064	      1.15875633	      0.00000000	      1.65653585	      0.00000000	      0.00000000	     -0.00000000
      0.21600000	   -704.07939577	      0.00000000	     -0.00000000	      0.00000000	      3.75794353	      3.20708906	     -0.00000000	      0.00000000	      0.00000000
      0.21700000	   -669.43046455	      0.00000000	     -0.24779789	      0.00000000	      1.12584900	     -0.05645804	      0.00000000	     -0.00000000	     -0.00000000
      0.21800000	  -1050.05535551	     -0.00000000	      0.00000000	      0.52645660	      0.00000000	    -23.32249730	      0.00000000	      0.00000000	     -0.00000000
      0.21900000	   -788.91719955	     -0.00000000	     -0.00000000	      0.00000000	      4.95195556	     -1.43144273	      0.00000000	      0.00000000	     -0.00000000
      0.22000000	   -700.73025695	      0.00000000	     -0.85962294	     -2.16481081	      0.00000000	     -6.05463566	      0.00000000	     -0.00000000	      0.00000000
      0.22100000	   -451.76488955	     -0.00000000	      4.02035555	      0.00000000	      2.04973934	     12.64513952	     -0.00000000	      0.00000000	      0.00000000
      0.22200000	  -1062.61016965	      0.00000000	     -0.86489121	     -0.00000000	      0.00000000	    -29.36725331	      0.00000000	     -0.00000000	      0.00000000
      0.22300000	   -881.79655183	     -0.00000000	     -0.00000000	     -0.00000000	      4.56753664	    -40.55636443	      0.00000000	     -0.00000000	     -0.00000000
      0.22400000	   -590.59783828	     -0.00000000	     -0.00000000	     -3.57754963	      0.00000000	    -20.60659842	      0.00000000	      0.00000000	     -0.00000000
      0.22500000	   -641.12335985	      0.00000000	     -0.00000000	     10.07217441	      0.00000000	      6.39214736	     -0.00000000	      0.00000000	     -0.00000000
      0.22600000	   -391.79821744	      0.00000000	      6.84701120	      0.00000000	      0.00000000	     13.34273053	     -0.00000000	      0.00000000	      0.00000000
      0.22700000	  -1350.21883060	     -0.00000000	     -1.25930089	     -0.00000000	      0.00000000	     -7.29247314	     -0.00000000	     -0.00000000	     -0.00000000
      0.22800000	  -1053.18632727	      0.00000000	     -0.00000000	     -0.00000000	      2.22895483	    -51.55439316	     -0.00000000	     -0.00000000	     -0.00000000
      0.22900000	  -1231.28687530	      0.00000000	     -0.00000000	     -0.00000000	      0.82112137	    -18.82404583	      0.00000000	     -0.00000000	      0.00000000
      0.23000000	   -943.78020462	      0.00000000	     -0.90598933	     -2.36351818	      0.17274348	    -40.43316051	      0.00000000	     -0.00000000	      0.00000000
      0.23100000	   -824.98804310	      0.00000000	     -1.00277101	      0.92117913	      1.06012155	     -0.14848446	      0.00000000	     -0.00000000	      0.00000000
      0.23200000	   -805.54177397	     -0.00000000	      6.89805982	     -0.00000000	      7.07773060	    -22.65132450	     -0.00000000	     -0.00000000	     -0.00000000
      0.23300000	   -888.38259482	     -0.00000000	     -0.00000000	    -12.46134384	      0.00000000	    -36.70213475	      0.00000000	      0.00000000	     -0.00000000
      0.23400000	  -1320.42431486	     -0.00000000	      0.00000000	     -3.64110510	      0.00000000	    -47.57705168	     -0.00000000	     -0.00000000	     -0.00000000
      0.23500000	  -1202.06775126	     -0.00000000	     -0.54473046	     -0.00000000	      8.02011655	    -25.50214029	     -0.00000000	      0.00000000	     -0.00000000
      0.23600000	   -333.16757758	      0.00000000	     -0.00000000	      0.00000000	      1.01981138	     15.31911299	      0.00000000	     -0.00000000	     -0.00000000
      0.23700000	   -900.21603163	      0.00000000	      5.06405121	      0.00000000	      0.29877719	     -8.86643394	     -0.00000000	      0.00000000	     -0.00000000
      0.23800000	   -584.86272349	     -0.00000000	     -0.00000000	     -4.79278062	      0.00000000	    -30.91256517	      0.00000000	      0.00000000	     -0.00000000
      0.23900000	  -1178.36878452	      0.00000000	      0.00000000	     -5.76717724	      0.00000000	    -27.79640502	      0.00000000	      0.00000000	      0.00000000
      0.24000000	   -853.13462860	      0.00000000	     -0.89836405	      0.00000000	      7.87027270	      0.02372473	     -0.00000000	      0.00000000	     -0.00000000
      0.24100000	   -486.96088854	      0.00000000	     -0.00000000	      0.00000000	      3.99549463	      4.06326176	      0.00000000	     -0.00000000	     -0.00000000
      0.24200000	   -560.48106163	      0.00000000	      0.00000000	      2.22042455	      0.00000000	      6.63163147	     -0.00000000	      0.00000000	     -0.00000000
      0.24300000	   -866.83062936	     -0.00000000	     -0.00000000	      0.00000000	      5.24568227	    -16.13826722	     -0.00000000	     -0.00000000	      0.00000000
      0.24400000	   -335.60795931	      0.00000000	      0.00000000	      5.97584345	      0.00000000	     17.56995647	      0.00000000	      0.00000000	      0.00000000
      0.24500000	   -678.81709043	     -0.00000000	      3.37267033	      7.80156338	      0.00000000	      1.12413346	      0.00000000	      0.00000000	     -0.00000000
      0.24600000	   -661.30244526	      0.00000000	      0.00000000	     -0.00000000	      2.50735836	      0.22803445	     -0.00000000	     -0.00000000	     -0.00000000
      0.24700000	  -1185.86417646	      0.00000000	      0.13921165	      0.00000000	      1.75315274	     -9.51852059	     -0.00000000	      0.00000000	     -0.00000000
      0.24800000	   -928.93599815	      0.00000000	     -0.66397897	     -0.00000000	     10.14046796	    -47.84372131	      0.00000000	     -0.00000000	      0.00000000
      0.24900000	   -422.65046903	      0.00000000	      0.00000000	    -21.24449757	      0.00000000	    -11.85176745	      0.00000000	      0.00000000	      0.00000000
      0.25000000	   -977.78334920	     -0.00000000	      0.00000000	      3.54976570	      0.00000000	     -4.08331652	     -0.00000000	     -0.00000000	      0.00000000
      0.25100000	   -604.68292225	      0.00000000	     -0.45960451	      0.00000000	      3.70913973	      7.46397192	      0.00000000	      0.00000000	     -0.00000000
      0.25200000	   -857.43462192	      0.00000000	     -0.99082499	      0.00000000	      2.94986285	     -5.57006426	     -0.00000000	      0.00000000	      0.00000000
      0.25300000	   -649.81815736	      0.00000000	      0.00000000	      0.40262689	      0.00000000	    -15.58964362	      0.00000000	     -0.00000000	      0.00000000
      0.25400000	   -871.51744118	     -0.00000000	     -0.00000000	     -2.71081590	      0.00000000	     -5.17431376	     -0.00000000	     -0.00000000	      0.00000000
      0.25500000	  -1307.37862019	     -0.00000000	     -0.00000000	     -0.00000000	      8.01354869	    -24.24424904	     -0.00000000	      0.00000000	      0.00000000
      0.25600000	  -1132.95776166	     -0.00000000	      5.16760973	     -0.00000000	      5.57381495	    -22.48318421	      0.00000000	     -0.00000000	     -0.00000000
      0.25700000	   -766.00494416	     -0.00000000	      0.00000000	    -15.21081167	      0.00000000	    -49.35124401	      0.00000000	      0.00000000	     -0.00000000
      0.25800000	   -428.16409423	      0.00000000	      0.00000000	     15.03556537	      0.00000000	     24.47821424	      0.00000000	      0.00000000	     -0.00000000
      0.25900000	  -1141.93958093	      0.00000000	      0.00000000	     -0.00000000	      5.53851070	    -33.79880453	      0.00000000	     -0.00000000	     -0.00000000
      0.26000000	   -620.42070249	     -0.00000000	     -0.00000000	     -0.00000000	      7.26638072	    -23.07187515	     -0.00000000	     -0.00000000	     -0.00000000
      0.26100000	   -748.18943635	     -0.00000000	      0.00000000	     14.64417617	      0.00000000	     -7.96152170	      0.00000000	      0.00000000	     -0.00000000
      0.26200000	  -1381.24385021	     -0.00000000	      7.12664954	     -1.11109244	      1.73400575	     -0.46332247	     -0.00000000	      0.00000000	     -0.00000000
      0.26300000	   -878.63266299	     -0.00000000	     -0.60580507	     -0.00000000	      1.33152557	    -10.91447003	      0.00000000	      0.00000000	     -0.00000000
      0.26400000	   -882.42101035	      0.00000000	      0.00000000	      0.00000000	      0.68912943	     -5.62677845	      0.00000000	      0.00000000	     -0.00000000
      0.26500000	   -713.00937013	      0.00000000	     -0.00000000	     -0.00000000	      7.61994199	    -28.14397023	     -0.00000000	     -0.00000000	     -0.00000000
      0.26600000	   -588.45508421	      0.00000000	      0.00000000	     11.04487362	      0.00000000	      0.98714927	     -0.00000000	     -0.00000000	      0.00000000
      0.26700000	   -663.15504314	     -0.00000000	     -0.00000000	      0.00000000	      4.57714542	    -20.15573935	     -0.00000000	     -0.00000000	     -0.00000000
      0.26800000	  -1035.37692208	      0.00000000	     -0.00000000	    -13.09180278	      0.00000000	    -70.09790857	      0.00000000	      0.00000000	     -0.00000000
      0.26900000	  -1145.20551361	      0.00000000	      0.00000000	     -4.93877047	      0.00000000	    -34.90277868	     -0.00000000	      0.00000000	      0.00000000
      0.27000000	   -956.96518773	     -0.00000000	     -0.00000000	     -0.00000000	      0.00000000	    -57.39898265	      0.00000000	     -0.00000000	      0.00000000
      0.27100000	  -1210.10523350	      0.00000000	     -1.15347007	      1.28519674	      0.00000000	     -7.59215011	      0.00000000	      0.00000000	     -0.00000000
      0.27200000	   -989.81543001	     -0.00000000	     -0.64632752	      0.00000000	      3.65871859	    -11.08925961	     -0.00000000	     -0.00000000	      0.00000000
      0.27300000	   -576.97861014	     -0.00000000	     -0.00000000	      0.00000000	      4.26826054	      2.33095083	     -0.00000000	     -0.00000000	     -0.00000000
      0.27400000	   -538.47859220	      0.00000000	     -0.72938614	      0.00000000	      0.97591820	     -5.89263212	      0.00000000	     -0.00000000	      0.00000000
      0.27500000	   -983.19936112	     -0.00000000	     -0.81419502	    -33.45205763	      0.00000000	    -38.95673820	      0.00000000	      0.00000000	     -0.00000000
      0.27600000	  -1048.09923335	     -0.00000000	     -0.60738026	     -0.00000000	      6.74295480	    -39.86360581	     -0.00000000	     -0.00000000	      0.00000000
      0.27700000	   -946.15950272	      0.00000000	     -0.00000000	      1.45272694	      0.00000000	    -33.83422018	     -0.00000000	      0.00000000	     -0.00000000
      0.27800000	  -1003.84140879	      0.00000000	      0.00000000	     -2.39683559	      1.82780911	    -26.06813686	      0.00000000	     -0.00000000	      0.00000000
      0.27900000	   -611.75894644	      0.00000000	     -0.00000000	     -0.00000000	      4.19858001	    -50.07787427	      0.00000000	     -0.00000000	     -0.00000000
      0.28000000	   -672.62126567	     -0.00000000	     -0.58334473	     12.35015917	      0.00000000	      1.41069895	     -0.00000000	     -0.00000000	      0.00000000
      0.28100000	  -1056.10717972	     -0.00000000	      0.00000000	     -1.58467638	      0.00000000	    -37.87108409	      0.00000000	     -0.00000000	      0.00000000
      0.28200000	  -1128.41327791	      0.00000000	     -0.00000000	     -2.35858373	      0.00000000	    -13.50590975	      0.00000000	     -0.00000000	     -0.00000000
      0.28300000	   -887.33178334	     -0.00000000	     -0.00000000	      0.00000000	      6.17669638	     -5.22372186	     -0.00000000	     -0.00000000	     -0.00000000
      0.28400000	   -769.37630447	      0.00000000	     -0.76458660	     -1.52389347	      1.84614946	    -34.86983785	      0.00000000	     -0.00000000	      0.00000000
      0.28500000	  -1173.17959960	     -0.00000000	      0.00000000	     -0.00000000	      0.00000000	    -50.19326188	     -0.00000000	      0.00000000	     -0.00000000
      0.28600000	  -1335.07254766	     -0.00000000	     -0.00000000	     -4.83596359	      4.15380753	    -60.56402568	     -0.00000000	      0.00000000	     -0.00000000
      0.28700000	   -920.19710742	     -0.00000000	      4.83952313	     -5.76884746	      0.00000000	     -7.79341652	      0.00000000	     -0.00000000	      0.00000000
      0.28800000	   -681.56133263	     -0.00000000	      0.00000000	      0.00000000	      4.39072409	      2.84264337	      0.00000000	     -0.00000000	      0.00000000
      0.28900000	   -345.51247939	      0.00000000	      0.00000000	     -0.00000000	      5.46900330	      4.00622384	      0.00000000	      0.00000000	      0.00000000
      0.29000000	  -1033.42546455	      0.00000000	     -0.00000000	     -8.55249022	      0.00000000	    -38.98926646	     -0.00000000	     -0.00000000	      0.00000000
      0.29100000	   -773.04317763	      0.00000000	      0.00000000	      0.00000000	      8.34429897	    -19.68860795	      0.00000000	     -0.00000000	      0.00000000
      0.29200000	   -486.94217819	     -0.00000000	      6.73949289	      4.57858576	      0.00000000	     -6.03914390	     -0.00000000	     -0.00000000	     -0.00000000
      0.29300000	  -1134.26325994	     -0.00000000	     -1.09577955	     -3.69661534	      0.00000000	    -27.78453230	     -0.00000000	     -0.00000000	      0.00000000
      0.29400000	   -768.65897816	     -0.00000000	     -0.89864288	      0.00000000	      2.98794841	    -17.06306215	      0.00000000	      0.00000000	     -0.00000000
      0.29500000	   -565.40755114	      0.00000000	      0.00000000	     19.70208148	      0.00000000	      7.66648611	     -0.00000000	     -0.00000000	      0.00000000
      0.29600000	   -967.86391919	     -0.00000000	      0.00000000	     -0.00000000	      8.46771645	    -19.85479148	     -0.00000000	      0.00000000	     -0.00000000
      0.29700000	   -584.13863766	      0.00000000	     -1.19054387	     -1.36844595	      1.67566858	    -19.94247294	      0.00000000	      0.00000000	     -0.00000000
      0.29800000	   -745.32477210	     -0.00000000	     -0.00000000	     -6.15189120	      0.00000000	     -1.54632058	      0.00000000	      0.00000000	     -0.00000000
      0.29900000	   -973.18308022	      0.00000000	     -0.00000000	      0.00000000	      6.57094812	     -8.74913118	     -0.00000000	     -0.00000000	      0.00000000
      0.30000000	   -584.10441235	      0.00000000	     -0.00000000	      0.00000000	      1.47876436	     -2.21954940	     -0.00000000	     -0.00000000	      0.00000000
      0.30100000	  -1103.40419873	     -0.00000000	     -0.68607629	     -0.00000000	      2.16178485	    -30.79034279	      0.00000000	      0.00000000	     -0.00000000
      0.30200000	   -637.80346807	     -0.00000000	     -0.00000000	      0.00000000	      1.95765217	    -11.55035831	     -0.00000000	      0.00000000	      0.00000000
      0.30300000	  -1008.56186001	     -0.00000000	     -0.87195950	      3.07597211	      0.00000000	    -16.78218397	     -0.00000000	      0.00000000	     -0.00000000
      0.30400000	   -623.14746953	     -0.00000000	     -0.87101509	     -0.00000000	      6.13847428	     -2.30792487	     -0.00000000	      0.00000000	      0.00000000
      0.30500000	   -952.26738814	     -0.00000000	     -0.00000000	    -14.86021839	      0.00000000	    -84.93135281	      0.00000000	      0.00000000	      0.00000000
      0.30600000	  -1303.96914523	     -0.00000000	     -0.00000000	     -5.66815468	      0.00000000	    -38.04146541	     -0.00000000	      0.00000000	      0.00000000
      0.30700000	   -980.90326896	      0.00000000	     -0.00000000	     -0.00000000	      5.86634329	    -44.10163003	      0.00000000	      0.00000000	     -0.00000000
      0.30800000	   -485.59162792	      0.00000000	     -0.45356512	      0.00000000	      3.40215826	      2.10266072	     -0.00000000	     -0.00000000	      0.00000000
      0.30900000	   -762.84612607	      0.00000000	     -0.85319748	    -23.86321241	      0.00000000	    -46.64491367	     -0.00000000	      0.00000000	      0.00000000
      0.31000000	   -981.44981613	      0.00000000	     -0.00000000	     11.41755440	      0.00000000	     -8.61256858	      0.00000000	      0.00000000	     -0.00000000
      0.31100000	   -589.27642976	     -0.00000000	      0.00000000	      0.00000000	      3.31861031	      7.88488664	      0.00000000	      0.00000000	      0.00000000
      0.31200000	  -1168.42463557	      0.00000000	     -0.00000000	      0.00000000	      0.00000000	    -26.56203131	      0.00000000	     -0.00000000	      0.00000000
      0.31300000	   -632.07327174	      0.00000000	     -0.00000000	      0.00000000	      4.11046235	      4.43087157	     -0.00000000	      0.00000000	     -0.00000000
      0.31400000	   -727.39373663	     -0.00000000	     -0.00000000	     -0.00000000	      5.32435245	    -36.35483731	     -0.00000000	     -0.00000000	      0.00000000
      0.31500000	   -927.65571477	     -0.00000000	      0.00000000	    -31.11819192	      0.00000000	    -92.25745358	      0.00000000	     -0.00000000	      0.00000000
      0.31600000	   -996.45632363	     -0.00000000	     -0.00000000	      0.00536712	      3.71494920	    -14.07038213	      0.00000000	      0.00000000	      0.00000000
      0.31700000	   -512.23129411	      0.00000000	      0.00000000	     -0.00000000	      1.62614334	    -37.43650042	     -0.00000000	     -0.00000000	      0.00000000
      0.31800000	  -1228.67793220	      0.00000000	     -0.00000000	     -5.94445968	      0.00000000	    -44.57551996	     -0.00000000	     -0.00000000	      0.00000000
      0.31900000	   -642.66475884	      0.00000000	      0.00000000	      0.00000000	      4.58708665	      6.16706721	      0.00000000	     -0.00000000	     -0.00000000
      0.32000000	  -1007.82596068	     -0.00000000	      0.00000000	     -0.00000000	      2.82107582	    -38.76405347	     -0.00000000	     -0.00000000	     -0.00000000
      0.32100000	   -574.78896863	      0.00000000	      0.00000000	     -0.22171004	      1.04313048	    -13.48100733	     -0.00000000	      0.00000000	      0.00000000
      0.32200000	   -645.88968890	     -0.00000000	     -0.00000000	      0.00000000	      0.00000000	      0.30118432	      0.00000000	     -0.00000000	      0.00000000
      0.32300000	   -840.72063389	      0.00000000	      0.00000000	      4.95994224	      0.00000000	    -15.81814742	     -0.00000000	     -0.00000000	     -0.00000000
      0.32400000	   -762.57762012	     -0.00000000	     -0.42453022	      0.00000000	      1.24213730	      2.43815792	      0.00000000	      0.00000000	     -0.00000000
      0.32500000	   -837.82334261	     -0.00000000	     -0.84293279	     -0.00000000	      6.52046951	    -21.94490724	     -0.00000000	      0.00000000	     -0.00000000
      0.32600000	   -536.03706963	     -0.00000000	      0.00000000	     -1.39862158	      0.00000000	     -4.86091607	     -0.00000000	      0.00000000	      0.00000000
      0.32700000	   -559.10113954	     -0.00000000	     -0.00000000	      0.00000000	      0.00000000	      1.43116066	     -0.00000000	     -0.00000000	      0.00000000
      0.32800000	   -920.80689909	     -0.00000000	      0.00000000	     -1.79437575	      0.00000000	    -32.71788166	     -0.00000000	     -0.00000000	      0.00000000
      0.32900000	  -1030.92075418	     -0.00000000	      0.00000000	     -0.00000000	      3.14331818	    -69.03651664	     -0.00000000	      0.00000000	     -0.00000000
      0.33000000	  -1270.72524937	     -0.00000000	     -0.43962333	    -20.78574703	      0.00000000	    -57.52712165	      0.00000000	      0.00000000	     -0.00000000
      0.33100000	   -921.02992265	     -0.00000000	     -0.00000000	      1.87971700	      0.00000000	    -13.47658329	     -0.00000000	      0.00000000	      0.00000000
      0.33200000	  -1081.54359027	      0.00000000	      0.00000000	     -0.00000000	      8.15053724	    -75.73818322	      0.00000000	      0.00000000	      0.00000000
      0.33300000	   -649.62772573	      0.00000000	      0.00000000	     15.61529569	      0.00000000	     -6.42441200	      0.00000000	      0.00000000	     -0.00000000
      0.33400000	  -1240.15697200	      0.00000000	     -1.26082992	     -4.36648623	      0.00000000	    -14.59202922	     -0.00000000	      0.00000000	      0.00000000
      0.33500000	   -909.97063992	      0.00000000	      0.00000000	      0.00000000	      7.21102489	    -13.90512331	     -0.00000000	      0.00000000	     -0.00000000
      0.33600000	   -857.75005282	     -0.00000000	      0.00000000	     -0.00000000	      2.26690566	    -57.26658180	      0.00000000	     -0.00000000	     -0.00000000
      0.33700000	  -1117.53748343	     -0.00000000	     -0.00000000	    -11.17165191	      0.00000000	    -77.78860137	     -0.00000000	      0.00000000	     -0.00000000
      0.33800000	   -792.95134517	      0.00000000	      0.00000000	     -5.18939049	      0.00000000	    -65.91998887	      0.00000000	     -0.00000000	      0.00000000
      0.33900000	   -932.90520498	     -0.00000000	     -0.00000000	     -7.37067719	      0.00000000	    -29.84993630	      0.00000000	     -0.00000000	     -0.00000000
      0.34000000	   -564.72692629	     -0.00000000	     -0.00000000	      2.50699124	      0.03878311	     12.18428889	      0.00000000	     -0.00000000	      0.00000000
      0.34100000	   -563.80981560	      0.00000000	      0.00000000	      0.00000000	      3.44226689	      7.29561650	     -0.00000000	     -0.00000000	      0.00000000
      0.34200000	   -608.47422803	     -0.00000000	     -0.00000000	     -0.00000000	      0.00000000	     -8.37261132	     -0.00000000	      0.00000000	     -0.00000000
      0.34300000	  -1400.50333487	      0.00000000	     -0.84887358	     -9.65663725	      0.00000000	    -33.58618033	     -0.00000000	     -0.00000000	     -0.00000000
      0.34400000	  -1025.44111753	      0.00000000	     -1.20358118	     -0.00000000	      9.92493641	    -23.95508177	     -0.00000000	     -0.00000000	     -0.00000000
      0.34500000	   -365.01734178	      0.00000000	      0.00000000	     -4.06021165	      0.00000000	     -9.81793681	      0.00000000	     -0.00000000	      0.00000000
      0.34600000	  -1179.58946013	     -0.00000000	     -0.00000000	      1.30139340	      0.00000000	    -30.37007027	      0.00000000	      0.00000000	      0.00000000
      0.34700000	   -579.17875200	      0.00000000	     -0.00000000	      0.00000000	      7.87646935	      8.62458030	      0.00000000	     -0.00000000	      0.00000000
      0.34800000	   -676.37850327	     -0.00000000	     -0.43246178	      5.59029467	      0.00000000	      1.77209598	     -0.00000000	     -0.00000000	      0.00000000
      0.34900000	  -1087.03878990	      0.00000000	      0.00000000	      0.00000000	      5.45027733	    -10.01052024	     -0.00000000	      0.00000000	     -0.00000000
      0.35000000	   -446.50673548	     -0.00000000	     -0.00000000	     -0.00000000	      8.01890497	    -32.88251698	     -0.00000000	      0.00000000	     -0.00000000
      0.35100000	   -551.56287900	     -0.00000000	     -0.00000000	      0.73596420	      0.00000000	      1.58088932	     -0.00000000	      0.00000000	      0.00000000
      0.35200000	  -1331.08538396	     -0.00000000	      0.00000000	     -0.00000000	      2.39133153	    -28.22402405	     -0.00000000	     -0.00000000	     -0.00000000
      0.35300000	   -722.54126855	      0.00000000	     -0.92916574	      0.00000000	      7.77021663	     -4.90458156	     -0.00000000	      0.00000000	     -0.00000000
      0.35400000	   -950.77728509	      0.00000000	      0.00000000	    -12.53599264	      0.00000000	    -55.87104807	     -0.00000000	      0.00000000	      0.00000000
      0.35500000	  -1317.21453734	     -0.00000000	      0.00000000	     -0.00000000	      0.91427938	    -35.69159709	     -0.00000000	      0.00000000	     -0.00000000
      0.35600000	  -1086.28240648	      0.00000000	     -0.00000000	     -0.00000000	      6.32197635	    -86.15756026	      0.00000000	     -0.00000000	     -0.00000000
      0.35700000	   -902.40570305	     -0.00000000	     -0.00000000	      7.87996241	      0.00000000	    -30.02446923	      0.00000000	     -0.00000000	     -0.00000000
      0.35800000	  -1093.81318936	      0.00000000	      0.00000000	     -0.00000000	      2.66942938	    -21.75810473	      0.00000000	      0.00000000	      0.00000000
      0.35900000	   -697.03289540	     -0.00000000	     -0.85525728	      0.00000000	      5.20621439	     -7.51732887	     -0.00000000	     -0.00000000	     -0.00000000
      0.36000000	   -764.96135405	      0.00000000	      0.00000000	    -10.28322382	      0.00000000	    -65.95354037	      0.00000000	      0.00000000	     -0.00000000
      0.36100000	   -917.51112395	      0.00000000	     -0.00000000	     -5.74211169	      0.00000000	    -15.08180717	      0.00000000	      0.00000000	     -0.00000000
      0.36200000	  -1461.80894147	      0.00000000	     -0.48850189	     -2.00453101	      1.66973438	    -20.57995000	     -0.00000000	      0.00000000	     -0.00000000
      0.36300000	   -762.38369581	     -0.00000000	     -0.00000000	     -0.00000000	      3.56618207	    -12.68692912	     -0.00000000	     -0.00000000	     -0.00000000
      0.36400000	  -1181.81604182	     -0.00000000	      0.00000000	     -0.00000000	      0.00000000	    -47.74042831	      0.00000000	      0.00000000	      0.00000000
      0.36500000	   -683.36639318	     -0.00000000	     -0.00000000	     -0.00000000	      2.82231739	    -15.33478751	     -0.00000000	      0.00000000	     -0.00000000
      0.36600000	   -721.78199619	      0.00000000	      0.00000000	      0.00000000	      4.59696185	    -33.50030760	     -0.00000000	      0.00000000	      0.00000000
      0.36700000	   -439.37012104	     -0.00000000	     -0.00000000	      4.15846958	      0.00000000	      1.66169613	     -0.00000000	     -0.00000000	      0.00000000
      0.36800000	   -922.46451290	      0.00000000	      0.00000000	     -0.00000000	      1.49660805	    -13.52530290	     -0.00000000	      0.00000000	     -0.00000000
      0.36900000	   -968.29513023	      0.00000000	     -0.00000000	     -3.86629185	      0.93941356	    -70.27148942	     -0.00000000	     -0.00000000	     -0.00000000
      0.37000000	   -732.27678528	      0.00000000	     -0.00000000	     -0.00000000	      1.76709396	     -4.05921948	     -0.00000000	     -0.00000000	     -0.00000000
      0.37100000	   -998.62998868	     -0.00000000	     -0.00000000	     -0.00000000	      0.00000000	    -79.10031165	      0.00000000	      0.00000000	      0.00000000
      0.37200000	  -1113.22138079	      0.00000000	     -0.00000000	    -11.41185101	      0.00000000	    -31.98519790	     -0.00000000	     -0.00000000	      0.00000000
      0.37300000	   -403.12534976	      0.00000000	      0.00000000	      0.00000000	      8.12561367	     13.32330733	      0.00000000	     -0.00000000	     -0.00000000
      0.37400000	   -452.18397444	     -0.00000000	      0.00000000	     -0.00000000	      0.67534394	    -18.14993515	      0.00000000	     -0.00000000	     -0.00000000
      0.37500000	   -779.96478954	      0.00000000	      0.00000000	    -25.37409668	      0.00000000	    -95.15718396	     -0.00000000	      0.00000000	      0.00000000
      0.37600000	   -879.79179389	     -0.00000000	     -0.00000000	     -0.37082502	      0.00000000	    -25.84643825	     -0.00000000	     -0.00000000	     -0.00000000
      0.37700000	   -805.80401733	      0.00000000	      0.00000000	     -1.62317699	      0.00000000	    -22.19264374	     -0.00000000	     -0.00000000	      0.00000000
      0.37800000	   -874.92428425	      0.00000000	     -0.00000000	     -0.00000000	      5.07277080	    -27.24795177	     -0.00000000	     -0.00000000	      0.00000000
      0.37900000	   -793.90634582	      0.00000000	      0.00000000	      0.00000000	      3.40278575	    -56.90905486	      0.00000000	     -0.00000000	      0.00000000
      0.38000000	  -1080.65410994	     -0.00000000	      0.00000000	    -30.36257961	      0.00000000	    -67.41368930	      0.00000000	      0.00000000	      0.00000000
      0.38100000	   -915.98642055	     -0.00000000	     -0.00000000	      0.00000000	      1.26005564	     -8.14629452	      0.00000000	      0.00000000	     -0.00000000
      0.38200000	  -1273.47123254	      0.00000000	      0.00000000	     -2.74133120	      2.69261095	    -46.15271170	      0.00000000	      0.00000000	      0.00000000
      0.38300000	   -649.20278076	      0.00000000	     -0.00000000	     -0.00000000	      5.27353595	    -57.23131726	      0.00000000	     -0.00000000	     -0.00000000
      0.38400000	   -840.34141225	     -0.00000000	      0.00000000	    -10.40965323	      0.00000000	    -83.50540265	     -0.00000000	     -0.00000000	     -0.00000000
      0.38500000	   -678.09104277	      0.00000000	      0.00000000	     -0.00000000	      2.67955005	    -16.87101893	     -0.00000000	     -0.00000000	      0.00000000
      0.38600000	   -687.99272040	     -0.00000000	      0.00000000	     -0.00000000	      1.99913248	    -68.42808363	      0.00000000	      0.00000000	      0.00000000
      0.38700000	   -727.67330790	      0.00000000	      0.00000000	     -5.45229500	      0.00000000	    -61.09137922	     -0.00000000	     -0.00000000	      0.00000000
      0.38800000	   -821.00365577	     -0.00000000	      0.00000000	    -12.03621162	      0.00000000	    -36.99442835	     -0.00000000	     -0.00000000	     -0.00000000
      0.38900000	  -1199.89096305	     -0.00000000	     -0.00000000	     -0.00000000	      0.74481517	    -45.81125035	     -0.00000000	      0.00000000	     -0.00000000
      0.39000000	  -1128.25974811	     -0.00000000	     -0.42201519	     -4.30366211	      0.00000000	    -29.48002802	     -0.00000000	      0.00000000	     -0.00000000
      0.39100000	   -711.44671171	      0.00000000	      0.00000000	      0.00000000	      2.34629213	      1.39693525	      0.00000000	      0.00000000	      0.00000000
      0.39200000	   -896.73478505	     -0.00000000	      0.00000000	     -0.00000000	      1.26440810	    -61.84832730	      0.00000000	      0.00000000	     -0.00000000
      0.39300000	   -914.90185864	      0.00000000	     -0.67199526	      8.34823261	      0.00000000	     -3.79387253	     -0.00000000	     -0.00000000	      0.00000000
      0.39400000	   -526.69203132	      0.00000000	     -0.00000000	      0.00000000	      7.96821278	    -14.12115766	      0.00000000	     -0.00000000	     -0.00000000
      0.39500000	   -672.40235567	      0.00000000	      0.00000000	      5.35630212	      0.00000000	    -22.64909793	      0.00000000	      0.00000000	     -0.00000000
      0.39600000	   -915.95215631	      0.00000000	     -0.00000000	    -15.36789399	      0.00000000	    -30.56869941	     -0.00000000	      0.00000000	      0.00000000
      0.39700000	   -462.30267339	     -0.00000000	      0.00000000	      0.00000000	      5.61757102	      8.45814491	      0.00000000	     -0.00000000	     -0.00000000
      0.39800000	   -416.86415617	     -0.00000000	     -0.00000000	     -5.69789785	      0.00000000	    -13.80703132	      0.00000000	      0.00000000	     -0.00000000
      0.39900000	  -1134.88923514	     -0.00000000	     -0.00000000	     -2.06241749	      0.00000000	    -35.66003362	      0.00000000	      0.00000000	      0.00000000
      0.40000000	   -980.44284598	      0.00000000	      0.00000000	      0.00000000	      7.11463466	     -5.06050359	      0.00000000	     -0.00000000	     -0.00000000
      0.40100000	   -568.22853347	      0.00000000	     -0.00000000	      0.00000000	      4.59348223	    -37.83507431	     -0.00000000	      0.00000000	     -0.00000000
      0.40200000	   -857.73212316	      0.00000000	     -0.00000000	    -28.39296344	      0.00000000	    -78.67904109	     -0.00000000	      0.00000000	      0.00000000
      0.40300000	  -1215.84479066	     -0.00000000	     -0.00000000	    -11.13023547	      0.00000000	    -61.66196311	      0.00000000	     -0.00000000	     -0.00000000
      0.40400000	  -1266.75482329	     -0.00000000	     -0.00000000	     -0.00000000	      1.65637413	    -37.67357485	     -0.00000000	     -0.00000000	     -0.00000000
      0.40500000	   -769.44344615	      0.00000000	      0.00000000	      0.00000000	      4.67423497	    -10.89924708	      0.00000000	      0.00000000	      0.00000000
      0.40600000	   -839.28818936	     -0.00000000	     -0.00000000	     -0.00000000	      5.58225072	    -60.56914786	     -0.00000000	      0.00000000	     -0.00000000
      0.40700000	   -566.74036160	      0.00000000	      0.00000000	     -4.87451564	      0.00000000	     -3.95218009	     -0.00000000	     -0.00000000	     -0.00000000
      0.40800000	   -723.38983636	     -0.00000000	      0.00000000	      0.00000000	      0.00000000	     -5.50340226	      0.00000000	      0.00000000	     -0.00000000
      0.40900000	   -671.27639401	      0.00000000	      0.00000000	     -0.00000000	      2.98064150	     -9.62570916	      0.00000000	      0.00000000	      0.00000000
      0.41000000	   -819.99387592	      0.00000000	     -0.00000000	     -0.00000000	      0.00000000	    -43.68203146	     -0.00000000	     -0.00000000	      0.00000000
      0.41100000	  -1023.92720615	     -0.00000000	     -0.00000000	      1.12145944	      0.00000000	    -38.28447211	     -0.00000000	      0.00000000	      0.00000000
      0.41200000	  -1056.67335816	     -0.00000000	     -0.00000000	     -7.70355539	      0.00000000	    -51.12413565	     -0.00000000	     -0.00000000	      0.00000000
      0.41300000	  -1048.55648922	      0.00000000	      0.00000000	     -0.00000000	      8.31301506	    -65.93635989	      0.00000000	      0.00000000	      0.00000000
      0.41400000	   -733.65156278	      0.00000000	     -0.00000000	     -4.79986827	      0.00000000	    -83.89976820	      0.00000000	     -0.00000000	     -0.00000000
      0.41500000	   -592.94010193	     -0.00000000	     -0.00000000	      8.50532805	      0.00000000	     -6.67023299	     -0.00000000	     -0.00000000	      0.00000000
      0.41600000	   -445.08675999	     -0.00000000	     -0.00000000	      0.00000000	      5.00931806	     -2.61173017	     -0.00000000	     -0.00000000	     -0.00000000
      0.41700000	   -819.58241797	      0.00000000	      0.00000000	      4.04427047	      0.00000000	    -21.60267691	      0.00000000	      0.00000000	      0.00000000
      0.41800000	  -1110.47922177	      0.00000000	      0.00000000	     -0.00000000	      5.74756271	    -35.94708533	      0.00000000	      0.00000000	     -0.00000000
      0.41900000	   -720.05437370	     -0.00000000	     -0.00000000	     -0.00000000	      3.99771242	    -48.01351627	     -0.00000000	     -0.00000000	     -0.00000000
      0.42000000	  -1127.48587100	     -0.00000000	     -0.00000000	     -1.73772365	      0.00000000	    -28.04387843	     -0.00000000	     -0.00000000	      0.00000000
      0.42100000	   -917.65241663	     -0.00000000	     -0.00000000	     -0.00000000	      7.35257380	    -14.58033258	     -0.00000000	      0.00000000	     -0.00000000
      0.42200000	   -808.94363737	      0.00000000	      0.00000000	     -0.00000000	      0.00000000	    -49.79447947	      0.00000000	      0.00000000	     -0.00000000
      0.42300000	  -1276.22534296	      0.00000000	      0.00000000	     -2.37850911	      0.24668781	    -25.43891198	     -0.00000000	     -0.00000000	     -0.00000000
      0.42400000	   -498.78180644	      0.00000000	      0.00000000	     -0.00000000	      8.42375896	    -31.41889241	     -0.00000000	      0.00000000	      0.00000000
      0.42500000	  -1001.64610319	     -0.00000000	      0.00000000	    -12.86209020	      0.00000000	   -107.58288077	      0.00000000	      0.00000000	      0.00000000
      0.42600000	  -1037.76154085	     -0.00000000	      0.00000000	     -0.00000000	      5.74021916	    -72.48076933	      0.00000000	      0.00000000	      0.00000000
      0.42700000	   -727.09640483	     -0.00000000	     -0.00000000	    -26.59616507	      0.00000000	    -77.19209242	     -0.00000000	     -0.00000000	     -0.00000000
      0.42800000	  -1338.33733395	     -0.00000000	     -0.00000000	     -0.00000000	      2.42787708	    -56.31980635	     -0.00000000	      0.00000000	     -0.00000000
      0.42900000	   -791.00230440	     -0.00000000	     -0.00000000	     -0.00000000	      5.28699455	    -82.43325451	     -0.00000000	     -0.00000000	      0.00000000
      0.43000000	   -757.51637224	     -0.00000000	     -0.00000000	     -2.15180615	      0.00000000	      0.58332003	      0.00000000	     -0.00000000	     -0.00000000
      0.43100000	   -847.00244266	      0.00000000	     -0.00000000	     -0.00000000	      8.47591753	    -34.04399197	     -0.00000000	     -0.00000000	      0.00000000
      0.43200000	   -859.55808145	      0.00000000	      0.00000000	      4.35516354	      0.00000000	    -30.24035324	      0.00000000	     -0.00000000	     -0.00000000
      0.43300000	   -918.95100327	     -0.00000000	      0.00000000	    -12.64863167	      0.00000000	    -57.40626595	      0.00000000	     -0.00000000	     -0.00000000
      0.43400000	   -696.63931217	     -0.00000000	      0.00000000	     -2.00294876	      0.00000000	    -11.12860746	      0.00000000	      0.00000000	     -0.00000000
      0.43500000	  -1070.60678046	      0.00000000	     -0.00000000	     -0.00000000	      0.12606667	    -42.75699829	     -0.00000000	     -0.00000000	     -0.00000000
      0.43600000	  -1010.31942565	     -0.00000000	     -0.00000000	     -0.00000000	      4.18695265	    -53.43956150	     -0.00000000	     -0.00000000	      0.00000000
      0.43700000	   -596.00447505	      0.00000000	      0.00000000	      3.20691266	      0.00000000	     -0.98253763	     -0.00000000	     -0.00000000	      0.00000000
      0.43800000	   -886.70517009	      0.00000000	     -0.00000000	      0.00000000	      3.69793138	    -37.08966747	     -0.00000000	     -0.00000000	     -0.00000000
      0.43900000	   -401.96324418	      0.00000000	      0.00000000	     -1.52151053	      0.00000000	     -3.40286743	     -0.00000000	     -0.00000000	     -0.00000000
      0.44000000	   -797.35570859	     -0.00000000	     -0.00000000	     -0.77007756	      0.00000000	    -28.86973716	      0.00000000	      0.00000000	      0.00000000
      0.44100000	  -1008.46037277	     -0.00000000	      0.00000000	     -0.00000000	      6.09111767	    -47.19832076	      0.00000000	      0.00000000	      0.00000000
      0.44200000	   -944.82513545	     -0.00000000	     -0.00000000	     -0.00000000	      1.06024957	   -110.48754551	     -0.00000000	      0.00000000	     -0.00000000
      0.44300000	   -787.76967045	      0.00000000	     -0.00000000	     -2.19218909	      2.55066806	    -56.39682741	     -0.00000000	     -0.00000000	     -0.00000000
      0.44400000	   -294.02514817	     -0.00000000	     -0.00000000	     -0.00000000	      1.98492034	     -6.08089404	     -0.00000000	     -0.00000000	     -0.00000000
      0.44500000	   -779.56269587	     -0.00000000	      0.00000000	      4.91042099	      0.00000000	    -21.43220396	     -0.00000000	     -0.00000000	     -0.00000000
      0.44600000	  -1116.71091986	      0.00000000	      0.00000000	     -0.00000000	      5.51430768	    -54.22312716	      0.00000000	      0.00000000	     -0.00000000
      0.44700000	   -819.05753558	     -0.00000000	      0.00000000	     -3.67460913	      0.00000000	    -73.36105896	      0.00000000	      0.00000000	     -0.00000000
      0.44800000	  -1204.11944657	      0.00000000	     -0.00000000	    -31.43790477	      0.00000000	    -40.34549478	     -0.00000000	     -0.00000000	     -0.00000000
      0.44900000	   -922.03575023	     -0.00000000	      0.00000000	     -0.00000000	      8.43734741	    -18.68721325	      0.00000000	      0.00000000	      0.00000000
      0.45000000	  -1209.74172906	     -0.00000000	     -0.00000000	     -0.00000000	      2.84129446	    -83.51487956	      0.00000000	     -0.00000000	     -0.00000000
      0.45100000	   -585.91595158	      0.00000000	     -0.00000000	     -0.26706749	      0.81256836	    -25.56842243	     -0.00000000	      0.00000000	     -0.00000000
      0.45200000	   -905.77326170	     -0.00000000	     -0.00000000	     -5.95906049	      0.20037184	    -96.71254058	     -0.00000000	     -0.00000000	     -0.00000000
      0.45300000	   -634.16334916	     -0.00000000	     -0.00000000	    -15.75169516	      0.00000000	    -69.41157416	      0.00000000	      0.00000000	     -0.00000000
      0.45400000	   -819.06189783	     -0.00000000	     -0.00000000	     -2.72652465	      0.00000000	    -37.41579853	     -0.00000000	     -0.00000000	     -0.00000000
      0.45500000	   -853.97911472	      0.00000000	     -0.00000000	      0.31988146	      0.00000000	    -10.12533788	     -0.00000000	     -0.00000000	      0.00000000
      0.45600000	  -1140.06593172	     -0.00000000	     -0.00000000	     -3.22483183	      0.00000000	    -35.76199072	      0.00000000	     -0.00000000	     -0.00000000
      0.45700000	  -1021.74240680	      0.00000000	      0.00000000	     -0.00000000	      6.19486391	    -22.63787188	      0.00000000	      0.00000000	     -0.00000000
      0.45800000	   -624.89973424	      0.00000000	      0.00000000	     -0.00000000	      1.91311995	    -90.99306717	     -0.00000000	     -0.00000000	     -0.00000000
      0.45900000	   -873.88468923	      0.00000000	      0.00000000	      1.09120673	      0.00000000	    -15.67011136	     -0.00000000	     -0.00000000	      0.00000000
      0.46000000	  -1272.65618660	      0.00000000	      0.00000000	     -0.00000000	      8.00612232	    -47.36598887	     -0.00000000	     -0.00000000	      0.00000000
      0.46100000	   -862.82226393	     -0.00000000	     -0.00000000	     -0.00000000	      3.34689659	    -83.76536628	     -0.00000000	      0.00000000	     -0.00000000
      0.46200000	   -800.34403719	     -0.00000000	     -0.00000000	     -1.40567302	      0.00000000	    -32.90614830	      0.00000000	      0.00000000	      0.00000000
      0.46300000	   -832.26249987	      0.00000000	     -0.00000000	     -0.00000000	      6.41012749	    -33.61080848	     -0.00000000	     -0.00000000	     -0.00000000
      0.46400000	   -492.51398331	      0.00000000	      0.00000000	     -0.00000000	      2.08599621	     -7.30577457	     -0.00000000	      0.00000000	     -0.00000000
      0.46500000	   -749.11924451	     -0.00000000	      0.00000000	     -0.00000000	      0.00000000	    -74.46532547	      0.00000000	      0.00000000	      0.00000000
      0.46600000	   -788.95317401	      0.00000000	      0.00000000	     -0.61068241	      0.00000000	    -43.57953334	      0.00000000	     -0.00000000	      0.00000000
      0.46700000	  -1039.58033105	      0.00000000	     -0.00000000	     -0.00000000	      5.17569907	    -83.01896618	     -0.00000000	     -0.00000000	     -0.00000000
      0.46800000	   -714.46778025	     -0.00000000	     -0.00000000	     -1.34311723	      0.00000000	    -51.60104568	     -0.00000000	     -0.00000000	      0.00000000
      0.46900000	   -730.64626978	     -0.00000000	     -0.00000000	     12.31259977	      0.00000000	    -18.16614115	      0.00000000	     -0.00000000	      0.00000000
      0.47000000	  -1249.12705746	     -0.00000000	     -0.00000000	     -0.00000000	      3.16001310	    -73.32777545	     -0.00000000	     -0.00000000	     -0.00000000
      0.47100000	  -1084.38157186	     -0.00000000	     -0.00000000	     -0.00000000	      6.64231170	    -82.43525911	      0.00000000	      0.00000000	      0.00000000
      0.47200000	   -527.10961554	     -0.00000000	     -0.00000000	      2.69665805	      0.00000000	     -2.10893917	     -0.00000000	     -0.00000000	      0.00000000
      0.47300000	   -914.07293753	      0.00000000	      0.00000000	     -0.00000000	      5.62162329	    -40.42187024	      0.00000000	     -0.00000000	     -0.00000000
      0.47400000	   -566.07928959	     -0.00000000	     -0.00000000	     -0.00000000	      1.75743722	    -35.97986126	      0.00000000	      0.00000000	     -0.00000000
      0.47500000	   -835.22017261	      0.00000000	      0.00000000	    -18.37617597	      0.00000000	    -50.58756952	      0.00000000	     -0.00000000	      0.00000000
      0.47600000	   -655.67738171	     -0.00000000	      0.00000000	     -0.03141488	      0.00000000	    -12.09122788	     -0.00000000	      0.00000000	      0.00000000
      0.47700000	  -1010.08718211	      0.00000000	      0.00000000	      4.06814105	      0.00000000	    -16.55955013	      0.00000000	     -0.00000000	     -0.00000000
      0.47800000	   -641.25683756	      0.00000000	      0.00000000	      0.00000000	      1.32549898	      1.35807235	      0.00000000	     -0.00000000	     -0.00000000
      0.47900000	  -1015.09479921	     -0.00000000	     -0.00000000	      0.00000000	      3.18178276	    -36.96759109	     -0.00000000	     -0.00000000	      0.00000000
      0.48000000	   -754.49255083	      0.00000000	      0.00000000	     -0.00000000	      6.25807488	    -64.00279157	     -0.00000000	      0.00000000	      0.00000000
      0.48100000	   -919.04971932	     -0.00000000	     -0.00000000	     -7.40269170	      0.00000000	    -53.61694104	      0.00000000	      0.00000000	      0.00000000
      0.48200000	   -973.10072207	     -0.00000000	     -0.00000000	     -0.00000000	      5.34224420	    -74.93531575	      0.00000000	     -0.00000000	      0.00000000
      0.48300000	   -465.96049845	     -0.00000000	      0.00000000	     -2.09147742	      0.00000000	     -9.58213127	     -0.00000000	      0.00000000	      0.00000000
      0.48400000	   -953.57305555	      0.00000000	     -0.00000000	     -0.00000000	      3.78600087	    -60.48975288	     -0.00000000	      0.00000000	      0.00000000
      0.48500000	   -571.75550500	      0.00000000	     -0.00000000	    -11.51113005	      0.00000000	    -42.98018738	     -0.00000000	     -0.00000000	     -0.00000000
      0.48600000	   -836.34133890	     -0.00000000	     -0.00000000	     -0.00000000	      3.28548615	    -40.24495937	     -0.00000000	     -0.00000000	     -0.00000000
      0.48700000	   -717.01735500	     -0.00000000	      0.00000000	     -8.04429898	      0.00000000	    -89.74599274	      0.00000000	      0.00000000	     -0.00000000
      0.48800000	  -1373.45393013	      0.00000000	     -0.00000000	    -11.48496657	      0.00000000	    -62.32976118	     -0.00000000	      0.00000000	     -0.00000000
      0.48900000	   -594.03083950	     -0.00000000	      0.00000000	      0.00000000	      4.86943650	     -7.58746097	      0.00000000	     -0.00000000	      0.00000000
      0.49000000	  -1087.58188532	     -0.00000000	     -0.00000000	     -0.00000000	      0.90778619	    -84.22791947	     -0.00000000	     -0.00000000	      0.00000000
      0.49100000	   -796.55595563	     -0.00000000	      0.00000000	     -0.00000000	      2.30927935	    -95.46824016	     -0.00000000	      0.00000000	      0.00000000
      0.49200000	  -1248.74673662	     -0.00000000	      0.00000000	    -18.22892797	      0.00000000	    -71.11140384	      0.00000000	      0.00000000	     -0.00000000
      0.49300000	  -1131.55747002	      0.00000000	      0.00000000	     -0.00000000	      6.52664222	    -63.41500918	      0.00000000	      0.00000000	      0.00000000
      0.49400000	   -787.19039241	      0.00000000	     -0.00000000	     -0.00000000	      6.27092777	    -57.93865367	     -0.00000000	     -0.00000000	     -0.00000000
      0.49500000	   -532.09363153	     -0.00000000	     -0.00000000	     -1.57792783	      0.00000000	    -39.36213308	     -0.00000000	      0.00000000	     -0.00000000
      0.49600000	  -1010.44319020	     -0.00000000	     -0.00000000	     -0.00000000	      1.05717315	    -73.16262003	      0.00000000	     -0.00000000	     -0.00000000
      0.49700000	   -735.34713975	     -0.00000000	      0.00000000	     -0.00000000	      3.00411526	    -66.52498275	     -0.00000000	      0.00000000	      0.00000000
      0.49800000	   -947.75237342	     -0.00000000	     -0.00000000	    -12.71415209	      0.00000000	    -63.26008419	     -0.00000000	     -0.00000000	     -0.00000000
      0.49900000	   -600.24105119	      0.00000000	     -0.00000000	     -0.00000000	      0.00000000	    -42.03367122	     -0.00000000	      0.00000000	      0.00000000
      0.50000000	   -785.20241259	     -0.00000000	     -0.00000000	     -0.78396409	      0.00000000	    -47.25015186	     -0.00000000	     -0.00000000	      0.00000000
      0.50100000	  -1068.04680907	      0.00000000	     -0.00000000	     -3.26288227	      0.00000000	    -48.90413076	     -0.00000000	     -0.00000000	      0.00000000
      0.50200000	   -780.33529570	     -0.00000000	     -0.00000000	     -0.00000000	     10.53184861	    -50.18472338	      0.00000000	     -0.00000000	     -0.00000000
      0.50300000	   -583.94012645	      0.00000000	     -0.00000000	     -0.61873930	      0.00000000	    -49.52798606	     -0.00000000	     -0.00000000	     -0.00000000
      0.50400000	  -1001.91159238	     -0.00000000	      0.00000000	      2.09773727	      0.00000000	    -30.95162342	     -0.00000000	      0.00000000	      0.00000000
      0.50500000	   -931.19751440	      0.00000000	      0.00000000	     -0.00000000	      9.97371044	   -103.44581281	      0.00000000	     -0.00000000	     -0.00000000
      0.50600000	   -724.59898335	      0.00000000	     -0.00000000	    -35.40810596	      0.00000000	    -82.76218913	     -0.00000000	      0.00000000	      0.00000000
      0.50700000	   -694.68999498	      0.00000000	      0.00000000	      0.00000000	      5.54260788	     -3.74825495	     -0.00000000	      0.00000000	      0.00000000
      0.50800000	   -406.26905706	      0.00000000	      0.00000000	     -5.37498042	      0.00000000	    -43.57057116	      0.00000000	      0.00000000	      0.00000000
      0.50900000	   -810.08592362	      0.00000000	      0.00000000	     -5.17513699	      0.00000000	    -43.58578184	      0.00000000	      0.00000000	      0.00000000
      0.51000000	   -672.89262576	     -0.00000000	     -0.00000000	     -0.00000000	      3.28054807	    -76.93551504	     -0.00000000	     -0.00000000	     -0.00000000
      0.51100000	  -1348.01663682	      0.00000000	     -0.00000000	    -23.85164438	      0.00000000	    -82.23851919	      0.00000000	      0.00000000	     -0.00000000
      0.51200000	   -906.94997133	     -0.00000000	     -0.00000000	     -0.00000000	      9.20596455	    -72.47593302	     -0.00000000	     -0.00000000	     -0.00000000
      0.51300000	   -692.42927673	      0.00000000	     -0.00000000	     -0.00000000	      3.28506566	    -41.88031617	     -0.00000000	     -0.00000000	      0.00000000
      0.51400000	   -528.93721269	     -0.00000000	      0.00000000	     -9.01477454	      0.00000000	    -36.41730653	      0.00000000	     -0.00000000	     -0.00000000
      0.51500000	  -1163.63896937	      0.00000000	     -0.00000000	     -0.00000000	      0.00000000	    -71.98949017	     -0.00000000	     -0.00000000	      0.00000000
      0.51600000	   -932.17605764	      0.00000000	     -0.00000000	     -0.00000000	      5.72977431	    -58.78428904	     -0.00000000	     -0.00000000	     -0.00000000
      0.51700000	   -969.36737310	      0.00000000	      0.00000000	    -17.14915647	      0.00000000	   -111.48258566	      0.00000000	      0.00000000	      0.00000000
      0.51800000	  -1148.46978780	     -0.00000000	     -0.00000000	     -5.39522875	      0.00000000	    -37.55311486	     -0.00000000	     -0.00000000	     -0.00000000
      0.51900000	   -524.74366504	      0.00000000	      0.00000000	     -0.00000000	     10.17377897	    -14.76166678	     -0.00000000	     -0.00000000	      0.00000000
      0.52000000	   -416.68773243	      0.00000000	     -0.00000000	    -22.29026905	      0.00000000	    -58.64891841	      0.00000000	      0.00000000	     -0.00000000
      0.52100000	  -1009.83407819	      0.00000000	      0.00000000	      0.23557945	      0.00000000	    -26.58639684	     -0.00000000	     -0.00000000	     -0.00000000
      0.52200000	  -1003.76065608	      0.00000000	      0.00000000	     -5.49772401	      2.14122023	    -76.42978101	      0.00000000	     -0.00000000	      0.00000000
      0.52300000	   -992.28509984	      0.00000000	     -0.00000000	     -0.00000000	      2.67054229	    -68.18008544	     -0.00000000	     -0.00000000	     -0.00000000
      0.52400000	   -525.26230128	     -0.00000000	     -0.00000000	     -0.00000000	      2.87608464	    -28.53567844	     -0.00000000	      0.00000000	     -0.00000000
      0.52500000	   -971.84340344	     -0.00000000	     -0.00000000	      2.26047103	      0.00000000	    -32.65358737	     -0.00000000	     -0.00000000	     -0.00000000
      0.52600000	   -865.05517124	     -0.00000000	     -0.00000000	     -0.00000000	      5.59478118	    -89.47790658	     -0.00000000	     -0.00000000	     -0.00000000
      0.52700000	   -394.59918216	     -0.00000000	      0.00000000	     -0.00000000	      3.36551860	    -66.31571173	      0.00000000	      0.00000000	      0.00000000
      0.52800000	   -844.44612409	      0.00000000	      0.00000000	    -43.76346713	      0.00000000	    -85.59240669	      0.00000000	     -0.00000000	      0.00000000
      0.52900000	   -946.61351171	     -0.00000000	      0.00000000	     -0.00000000	      7.66985279	    -77.74801907	      0.00000000	      0.00000000	     -0.00000000
      0.53000000	   -485.67000651	      0.00000000	      0.00000000	     -2.49144371	      0.00000000	    -37.32231346	     -0.00000000	     -0.00000000	     -0.00000000
      0.53100000	   -965.75645936	     -0.00000000	      0.00000000	     -6.00292269	      0.00000000	    -46.87724983	      0.00000000	     -0.00000000	     -0.00000000
      0.53200000	   -923.89156546	      0.00000000	      0.00000000	     -0.00000000	      9.35879957	    -29.27438758	     -0.00000000	     -0.00000000	      0.00000000
      0.53300000	   -544.80933718	     -0.00000000	      0.00000000	     -6.63035933	      0.00000000	    -69.32200265	      0.00000000	      0.00000000	      0.00000000
      0.53400000	   -922.25559322	     -0.00000000	     -0.00000000	     -0.00000000	      1.79402320	    -59.10983894	     -0.00000000	     -0.00000000	     -0.00000000
      0.53500000	   -590.10867705	      0.00000000	     -0.00000000	    -10.57931377	      0.00000000	    -61.54180329	     -0.00000000	     -0.00000000	      0.00000000
      0.53600000	   -804.36092492	     -0.00000000	     -0.00000000	     -0.04266283	      0.00000000	    -17.84539973	     -0.00000000	      0.00000000	      0.00000000
      0.53700000	   -510.84656432	     -0.00000000	      0.00000000	     -0.00000000	     15.79989947	    -31.96829416	      0.00000000	     -0.00000000	      0.00000000
      0.53800000	   -334.08719719	      0.00000000	     -0.00000000	     -5.84920533	      0.00000000	    -26.46461294	     -0.00000000	      0.00000000	      0.00000000
      0.53900000	  -1135.37476137	     -0.00000000	      0.00000000	     -3.78328402	      0.00000000	    -73.19434073	      0.00000000	      0.00000000	      0.00000000
      0.54000000	   -756.26647702	      0.00000000	     -0.00000000	     -0.00000000	      8.01861729	    -58.46080367	      0.00000000	     -0.00000000	      0.00000000
      0.54100000	   -774.22997684	     -0.00000000	     -0.00000000	      0.08748213	      0.00000000	    -52.99317554	      0.00000000	     -0.00000000	     -0.00000000
      0.54200000	  -1243.20803873	     -0.00000000	     -0.00000000	     -0.00000000	      2.96280070	    -86.51239910	     -0.00000000	     -0.00000000	     -0.00000000
      0.54300000	   -687.07397632	      0.00000000	      0.00000000	     -0.00000000	      4.64359194	    -56.88666473	      0.00000000	      0.00000000	      0.00000000
      0.54400000	   -719.04299297	     -0.00000000	      0.00000000	    -28.38169314	      0.00000000	    -88.82106959	      0.00000000	      0.00000000	      0.00000000
      0.54500000	  -1117.33591870	     -0.00000000	     -0.00000000	     -0.00000000	      0.00247392	    -66.30353697	     -0.00000000	     -0.00000000	      0.00000000
      0.54600000	  -1190.02241264	      0.00000000	      0.00000000	     -3.06432594	      0.84238718	    -54.45037885	      0.00000000	     -0.00000000	      0.00000000
      0.54700000	  -1158.44126637	      0.00000000	      0.00000000	     -0.27088140	      0.00000000	    -45.99184727	      0.00000000	      0.00000000	      0.00000000
      0.54800000	  -1047.30193701	      0.00000000	      0.00000000	      0.16688775	      1.18671584	    -40.21622808	     -0.00000000	      0.00000000	      0.00000000
      0.54900000	   -899.73280855	     -0.00000000	     -0.00000000	     -0.00000000	      4.18585196	    -61.81739474	     -0.00000000	     -0.00000000	     -0.00000000
      0.55000000	  -1029.53323143	      0.00000000	      0.00000000	     -0.75615705	      1.92748334	    -85.18912024	      0.00000000	      0.00000000	      0.00000000
      0.55100000	   -642.78011059	     -0.00000000	     -0.00000000	     -0.00000000	      3.94432913	    -38.14257346	     -0.00000000	      0.00000000	      0.00000000
      0.55200000	   -518.12548438	      0.00000000	      0.00000000	     -0.00000000	      0.00000000	    -59.21474976	     -0.00000000	      0.00000000	     -0.00000000
      0.55300000	   -814.91607270	     -0.00000000	     -0.00000000	    -26.61619638	      0.00000000	    -75.23897852	     -0.00000000	      0.00000000	      0.00000000
      0.55400000	   -730.51763413	      0.00000000	      0.00000000	      0.37538456	      0.00000000	    -24.05373641	     -0.00000000	     -0.00000000	      0.00000000
      0.55500000	  -1274.63640377	      0.00000000	      0.00000000	    -14.89545969	      0.00000000	    -82.77791494	      0.00000000	     -0.00000000	      0.00000000
      0.55600000	   -812.99931123	     -0.00000000	      0.00000000	     -4.15867494	      0.00000000	    -57.79700714	     -0.00000000	      0.00000000	     -0.00000000
      0.55700000	  -1031.34240280	     -0.00000000	     -0.00000000	     -0.00000000	      4.74307502	    -45.10920562	     -0.00000000	     -0.00000000	      0.00000000
      0.55800000	   -560.86120469	     -0.00000000	     -0.00000000	     -0.00000000	      8.14079129	    -51.01440385	     -0.00000000	     -0.00000000	     -0.00000000
      0.55900000	   -873.40899132	      0.00000000	     -0.00000000	     -7.76937536	      0.00000000	    -89.56333143	     -0.00000000	     -0.00000000	     -0.00000000
      0.56000000	  -1098.10511276	      0.00000000	      0.00000000	     -0.00000000	      4.20867866	   -108.81121856	      0.00000000	     -0.00000000	     -0.00000000
      0.56100000	   -687.88316165	      0.00000000	      0.00000000	    -21.17339258	      0.00000000	    -82.20054553	      0.00000000	      0.00000000	      0.00000000
      0.56200000	   -932.67357568	      0.00000000	     -0.00000000	    -10.47644091	      0.00000000	    -49.96680746	     -0.00000000	     -0.00000000	      0.00000000
      0.56300000	   -549.78812638	     -0.00000000	     -0.00000000	     -0.00000000	      8.05879731	    -19.11274686	     -0.00000000	      0.00000000	     -0.00000000
      0.56400000	  -1158.44847069	      0.00000000	     -0.00000000	    -11.52091921	      0.00000000	   -105.13256175	      0.00000000	      0.00000000	      0.00000000
      0.56500000	   -974.69406621	     -0.00000000	     -0.00000000	     -0.00000000	      3.67525100	    -38.02828144	     -0.00000000	     -0.00000000	     -0.00000000
      0.56600000	   -646.12333983	     -0.00000000	      0.00000000	     -0.00000000	      3.65306629	   -105.57526786	     -0.00000000	      0.00000000	      0.00000000
      0.56700000	   -724.29245424	      0.00000000	     -0.00000000	     -1.66127703	      0.00000000	    -46.77403215	     -0.00000000	     -0.00000000	      0.00000000
      0.56800000	   -865.16093839	     -0.00000000	     -0.00000000	     -9.28678921	      3.45525997	   -113.38224968	      0.00000000	      0.00000000	     -0.00000000
      0.56900000	   -777.54909352	     -0.00000000	     -0.00000000	    -24.90627209	      0.00000000	    -80.83014858	      0.00000000	     -0.00000000	     -0.00000000
      0.57000000	  -1314.90334916	      0.00000000	     -0.00000000	     -0.00000000	      4.88151527	    -84.08490466	     -0.00000000	     -0.00000000	      0.00000000
      0.57100000	   -530.27300942	      0.00000000	      0.00000000	     -0.00000000	      3.01820809	    -66.82485834	     -0.00000000	     -0.00000000	      0.00000000
      0.57200000	   -942.73636977	      0.00000000	     -0.00000000	     -0.28815535	      0.00000000	    -50.86750223	     -0.00000000	      0.00000000	      0.00000000
      0.57300000	   -401.08743620	      0.00000000	     -0.00000000	     -0.00000000	      4.57087341	    -30.42594860	     -0.00000000	     -0.00000000	     -0.00000000
      0.57400000	   -839.53474709	     -0.00000000	     -0.00000000	    -16.13916868	      0.00000000	    -42.47139574	     -0.00000000	      0.00000000	     -0.00000000
      0.57500000	   -962.75919384	      0.00000000	     -0.00000000	     -0.00000000	      5.90120595	    -66.31080224	     -0.00000000	     -0.00000000	     -0.00000000
      0.57600000	   -735.87895091	      0.00000000	      0.00000000	    -10.31481337	      0.00000000	    -63.12846890	      0.00000000	      0.00000000	      0.00000000
      0.57700000	  -1052.19744087	     -0.00000000	     -0.00000000	     -0.00000000	      5.36136652	    -35.69828821	     -0.00000000	      0.00000000	     -0.00000000
      0.57800000	   -631.18200794	     -0.00000000	     -0.00000000	     -0.00000000	      5.35360602	    -78.00225814	     -0.00000000	     -0.00000000	     -0.00000000
      0.57900000	   -870.96200108	     -0.00000000	     -0.00000000	    -35.41198630	      0.00000000	    -82.49760097	     -0.00000000	     -0.00000000	     -0.00000000
      0.58000000	   -936.99557890	      0.00000000	      0.00000000	     -4.47319287	      0.00000000	    -73.09728346	     -0.00000000	     -0.00000000	     -0.00000000
      0.58100000	  -1129.62078454	      0.00000000	     -0.00000000	     -0.00000000	      0.00000000	    -87.32379143	      0.00000000	      0.00000000	     -0.00000000
      0.58200000	  -1178.41168397	      0.00000000	      0.00000000	     -0.00000000	     10.90761082	    -75.71702753	      0.00000000	      0.00000000	      0.00000000
      0.58300000	   -542.39648308	     -0.00000000	      0.00000000	     -5.30773561	      0.00000000	    -72.03797232	     -0.00000000	      0.00000000	     -0.00000000
      0.58400000	   -895.62968165	     -0.00000000	      0.00000000	    -35.10473248	      0.00000000	    -73.99142877	      0.00000000	     -0.00000000	     -0.00000000
      0.58500000	  -1206.28104199	      0.00000000	      0.00000000	     -0.00000000	      5.55139062	    -58.68305084	      0.00000000	      0.00000000	      0.00000000
      0.58600000	  -1000.03999239	     -0.00000000	      0.00000000	     -0.00000000	      1.87496198	    -66.62344036	      0.00000000	      0.00000000	      0.00000000
      0.58700000	  -1112.61644325	     -0.00000000	      0.00000000	     -0.00000000	      2.69316519	    -66.67524521	      0.00000000	     -0.00000000	      0.00000000
      0.58800000	   -949.44714010	     -0.00000000	     -0.00000000	     -0.00000000	      3.34728992	    -85.74240003	      0.00000000	     -0.00000000	     -0.00000000
      0.58900000	   -630.80351495	     -0.00000000	     -0.00000000	    -10.94978862	      2.99051598	    -71.75981220	     -0.00000000	     -0.00000000	     -0.00000000
      0.59000000	   -622.74033732	     -0.00000000	      0.00000000	     -0.00000000	      0.00000000	    -75.42088032	      0.00000000	     -0.00000000	     -0.00000000
      0.59100000	  -1128.84733014	      0.00000000	      0.00000000	     -0.00000000	      2.55071783	   -102.64771626	      0.00000000	     -0.00000000	     -0.00000000
      0.59200000	   -525.42236710	     -0.00000000	     -0.00000000	    -22.42190958	      0.00000000	    -82.95429325	     -0.00000000	     -0.00000000	     -0.00000000
      0.59300000	   -824.53093561	      0.00000000	     -0.00000000	      0.39344795	      0.00000000	    -38.61734888	     -0.00000000	     -0.00000000	     -0.00000000
      0.59400000	   -436.62621973	     -0.00000000	      0.00000000	     -0.00000000	      6.17739616	    -39.57948177	      0.00000000	      0.00000000	      0.00000000
      0.59500000	   -676.16876305	      0.00000000	      0.00000000	     -8.07722117	      0.00000000	    -31.13087252	      0.00000000	      0.00000000	      0.00000000
      0.59600000	   -649.84834301	      0.00000000	      0.00000000	     -0.00000000	      1.43972811	    -27.91518864	      0.00000000	      0.00000000	      0.00000000
      0.59700000	  -1099.02063597	     -0.00000000	      0.00000000	     -0.00000000	      1.01859994	   -112.44289716	      0.00000000	      0.00000000	      0.00000000
      0.59800000	   -539.41600676	     -0.00000000	      0.00000000	     -0.00000000	      7.42801632	    -71.94950335	      0.00000000	      0.00000000	     -0.00000000
      0.59900000	   -380.44976513	      0.00000000	     -0.00000000	    -10.36687655	      0.00000000	    -56.43421420	     -0.00000000	     -0.00000000	     -0.00000000
      0.60000000	   -808.37602615	      0.00000000	      0.00000000	     -0.00000000	      1.96324200	    -82.88430748	      0.00000000	      0.00000000	      0.00000000
      0.60100000	   -666.33848177	      0.00000000	      0.00000000	    -10.00511603	      0.00000000	   -114.44518923	      0.00000000	      0.00000000	      0.00000000
      0.60200000	   -908.84572507	      0.00000000	      0.00000000	    -28.11281539	      0.00000000	    -73.31767241	      0.00000000	      0.00000000	     -0.00000000
      0.60300000	   -473.72304282	     -0.00000000	     -0.00000000	     -0.00000000	      7.49574494	    -28.91746180	      0.00000000	      0.00000000	     -0.00000000
      0.60400000	   -866.37474038	      0.00000000	      0.00000000	     -3.45840104	      0.00000000	    -55.74535945	     -0.00000000	     -0.00000000	      0.00000000
      0.60500000	  -1101.44595451	     -0.00000000	     -0.00000000	     -0.00000000	      6.32616530	    -87.38651900	     -0.00000000	     -0.00000000	     -0.00000000
      0.60600000	   -504.42943710	     -0.00000000	      0.00000000	     -4.68203514	      0.00000000	    -57.23439521	     -0.00000000	     -0.00000000	      0.00000000
      0.60700000	   -827.46445057	      0.00000000	     -0.00000000	     -0.89169413	      0.00000000	    -48.88805740	      0.00000000	     -0.00000000	      0.00000000
      0.60800000	   -953.98461605	      0.00000000	     -0.00000000	     -7.93229128	      0.00000000	    -92.41390739	     -0.00000000	     -0.00000000	      0.00000000
      0.60900000	   -998.30011392	      0.00000000	     -0.00000000	     -1.33954510	      0.00000000	    -49.80701347	     -0.00000000	     -0.00000000	     -0.00000000
      0.61000000	   -973.81450808	      0.00000000	     -0.00000000	     -2.73740055	      2.22127096	    -80.87641999	     -0.00000000	     -0.00000000	     -0.00000000
      0.61100000	   -839.66514770	     -0.00000000	     -0.00000000	     -0.00000000	      3.78529540	    -35.41496652	     -0.00000000	     -0.00000000	      0.00000000
      0.61200000	   -805.14286353	      0.00000000	      0.00000000	    -12.10744510	      0.97249503	   -109.83802651	      0.00000000	     -0.00000000	     -0.00000000
      0.61300000	   -975.26997877	      0.00000000	     -0.00000000	     -0.00000000	      0.00000000	   -119.26594381	      0.00000000	     -0.00000000	     -0.00000000
      0.61400000	   -905.39754197	     -0.00000000	     -0.00000000	    -11.01231879	      0.00000000	    -66.20424555	     -0.00000000	     -0.00000000	     -0.00000000
      0.61500000	   -643.69378711	     -0.00000000	     -0.00000000	     -0.00000000	      6.52760151	    -82.64098348	      0.00000000	      0.00000000	      0.00000000
      0.61600000	   -392.48392022	      0.00000000	     -0.00000000	    -14.01860486	      0.00000000	    -32.43355262	      0.00000000	      0.00000000	     -0.00000000
      0.61700000	  -1173.07957647	     -0.00000000	     -0.00000000	     -9.70985100	      0.00000000	    -86.16863032	     -0.00000000	      0.00000000	      0.00000000
      0.61800000	  -1220.16541201	      0.00000000	     -0.00000000	     -0.00000000	      0.00000000	    -88.69441889	      0.00000000	      0.00000000	      0.00000000
      0.61900000	   -907.95533097	     -0.00000000	      0.00000000	     -0.00000000	      4.96878325	    -57.21643642	      0.00000000	      0.00000000	      0.00000000
      0.62000000	   -586.02864858	      0.00000000	     -0.00000000	     -0.00000000	      4.93545541	    -83.50755843	      0.00000000	      0.00000000	     -0.00000000
      0.62100000	   -856.21308527	     -0.00000000	     -0.00000000	    -12.01431131	      0.00000000	   -109.49019677	     -0.00000000	     -0.00000000	     -0.00000000
      0.62200000	   -461.53235723	     -0.00000000	      0.00000000	    -15.27582411	      0.00000000	    -45.02725999	     -0.00000000	      0.00000000	     -0.00000000
      0.62300000	   -652.43498572	      0.00000000	     -0.00000000	      0.00000000	      2.49255480	    -24.92983439	     -0.00000000	     -0.00000000	     -0.00000000
      0.62400000	   -727.45990053	     -0.00000000	      0.00000000	     -0.00000000	      3.40972524	   -111.57471304	     -0.00000000	      0.00000000	     -0.00000000
      0.62500000	  -1040.25320425	      0.00000000	      0.00000000	     -3.77102291	      0.00000000	   -114.08146179	      0.00000000	     -0.00000000	      0.00000000
      0.62600000	   -663.89662435	     -0.00000000	     -0.00000000	     -6.61748836	      2.29440988	    -69.66370030	      0.00000000	     -0.00000000	      0.00000000
      0.62700000	   -870.49532041	      0.00000000	      0.00000000	    -32.84185490	      0.00000000	    -72.37299202	      0.00000000	     -0.00000000	      0.00000000
      0.62800000	  -1205.23214128	     -0.00000000	     -0.00000000	     -0.00000000	      5.06855866	    -82.13678790	      0.00000000	      0.00000000	     -0.00000000
      0.62900000	   -725.19687908	     -0.00000000	      0.00000000	     -0.00000000	      1.63540004	    -60.44984327	      0.00000000	      0.00000000	      0.00000000
      0.63000000	  -1196.01369544	     -0.00000000	     -0.00000000	    -18.49643968	      0.00000000	    -71.72230714	     -0.00000000	     -0.00000000	     -0.00000000
      0.63100000	   -780.22501102	      0.00000000	      0.00000000	     -0.00000000	      7.02327161	    -90.74026519	     -0.00000000	     -0.00000000	     -0.00000000
      0.63200000	   -785.03068234	      0.00000000	      0.00000000	     -8.09118826	      0.00000000	   -114.52960038	      0.00000000	      0.00000000	     -0.00000000
      0.63300000	   -760.45407456	      0.00000000	      0.00000000	     -0.00000000	      6.76122602	    -28.46186819	      0.00000000	      0.00000000	      0.00000000
      0.63400000	   -655.50541611	     -0.00000000	     -0.00000000	     -4.36890512	      0.00000000	    -75.49120326	      0.00000000	     -0.00000000	     -0.00000000
      0.63500000	   -802.70512735	     -0.00000000	     -0.00000000	     -0.82049229	      0.00000000	    -36.91662947	     -0.00000000	     -0.00000000	     -0.00000000
      0.63600000	   -871.79377289	      0.00000000	     -0.00000000	     -7.99660441	      0.00000000	    -92.12885015	     -0.00000000	      0.00000000	     -0.00000000
      0.63700000	  -1003.31031911	     -0.00000000	      0.00000000	     -7.36973003	      1.85246289	    -83.10211773	      0.00000000	     -0.00000000	      0.00000000
      0.63800000	   -395.97125955	     -0.00000000	     -0.00000000	     -0.00000000	      5.54120602	    -35.34368154	     -0.00000000	      0.00000000	     -0.00000000
      0.63900000	  -1103.24264003	      0.00000000	      0.00000000	    -40.46004695	      0.00000000	   -116.33552854	     -0.00000000	     -0.00000000	      0.00000000
      0.64000000	   -924.44815709	     -0.00000000	      0.00000000	     -0.00000000	      5.56626123	    -53.99400995	      0.00000000	      0.00000000	      0.00000000
      0.64100000	   -759.63034337	     -0.00000000	      0.00000000	     -4.74240894	      0.00000000	    -78.84420595	     -0.00000000	     -0.00000000	     -0.00000000
      0.64200000	  -1188.68682997	     -0.00000000	      0.00000000	     -0.00000000	      2.83413034	    -92.78786881	     -0.00000000	     -0.00000000	      0.00000000
      0.64300000	   -601.71575322	      0.00000000	      0.00000000	     -0.00000000	      7.15355601	    -66.40078166	      0.00000000	     -0.00000000	     -0.00000000
      0.64400000	   -781.06930855	     -0.00000000	     -0.00000000	    -21.86139559	      0.00000000	    -70.09294062	     -0.00000000	      0.00000000	     -0.00000000
      0.64500000	   -880.41927235	      0.00000000	     -0.00000000	     -0.00000000	      2.56440799	    -86.41188933	     -0.00000000	     -0.00000000	      0.00000000
      0.64600000	   -671.13232986	     -0.00000000	      0.00000000	     -0.00000000	      5.87502063	   -109.47730243	     -0.00000000	     -0.00000000	      0.00000000
      0.64700000	   -570.51788531	     -0.00000000	     -0.00000000	    -22.81168098	      0.00000000	   -105.48581674	     -0.00000000	      0.00000000	     -0.00000000
      0.64800000	   -501.36563301	      0.00000000	      0.00000000	     -0.00000000	      2.68366266	   -108.46554442	      0.00000000	      0.00000000	     -0.00000000
      0.64900000	   -346.82337866	     -0.00000000	      0.00000000	    -13.57286645	      0.00000000	    -37.78206809	     -0.00000000	     -0.00000000	      0.00000000
      0.65000000	   -672.61583804	     -0.00000000	      0.00000000	     -0.00000000	      3.49300080	    -62.96061087	      0.00000000	      0.00000000	     -0.00000000
      0.65100000	   -398.13673153	     -0.00000000	     -0.00000000	     -0.00000000	      6.44462201	    -68.94398585	      0.00000000	      0.00000000	     -0.00000000
      0.65200000	   -289.13250976	      0.00000000	      0.00000000	    -23.45806300	      0.00000000	    -59.30911573	      0.00000000	     -0.00000000	     -0.00000000
      0.65300000	   -905.19518825	     -0.00000000	      0.00000000	     -0.00000000	      3.55822969	    -89.66187586	      0.00000000	      0.00000000	     -0.00000000
      0.65400000	   -603.57938763	      0.00000000	      0.00000000	    -35.10923939	      0.00000000	    -90.99356599	     -0.00000000	      0.00000000	     -0.00000000
      0.65500000	  -1061.25458190	     -0.00000000	      0.00000000	    -11.57107528	      0.00000000	   -100.73576885	      0.00000000	     -0.00000000	      0.00000000
      0.65600000	  -1038.23949414	     -0.00000000	      0.00000000	     -0.00000000	      2.40881294	   -121.83332339	      0.00000000	      0.00000000	      0.00000000
      0.65700000	   -853.32801960	      0.00000000	      0.00000000	     -4.98976671	      0.00000000	    -83.62285395	      0.00000000	      0.00000000	      0.00000000
      0.65800000	  -1293.29767306	     -0.00000000	     -0.00000000	     -7.37083574	      0.00000000	    -75.93718299	      0.00000000	      0.00000000	     -0.00000000
      0.65900000	   -863.36332548	     -0.00000000	      0.00000000	     -0.00000000	      5.72372392	    -92.18123601	      0.00000000	      0.00000000	      0.00000000
      0.66000000	   -562.02538623	     -0.00000000	     -0.00000000	     -0.00000000	      2.48841428	   -109.35472143	     -0.00000000	     -0.00000000	     -0.00000000
      0.66100000	   -397.38131452	      0.00000000	      0.00000000	     -0.00000000	      6.09919253	    -50.03400077	      0.00000000	     -0.00000000	      0.00000000
      0.66200000	   -504.09379644	     -0.00000000	     -0.00000000	    -22.17529713	      0.00000000	    -71.71920389	     -0.00000000	     -0.00000000	      0.00000000
      0.66300000	  -1067.82514888	     -0.00000000	     -0.00000000	     -1.12444440	      0.00000000	    -55.94928530	      0.00000000	      0.00000000	     -0.00000000
      0.66400000	   -868.58874337	      0.00000000	      0.00000000	    -10.88332536	      2.99052421	   -126.94368004	      0.00000000	      0.00000000	      0.00000000
      0.66500000	   -928.40469038	      0.00000000	     -0.00000000	    -11.69881043	      0.00000000	    -80.29378384	     -0.00000000	     -0.00000000	     -0.00000000
      0.66600000	   -414.39346790	     -0.00000000	     -0.00000000	     -0.00000000	      4.65258462	    -42.62529346	      0.00000000	     -0.00000000	     -0.00000000
      0.66700000	   -667.29933963	     -0.00000000	      0.00000000	    -10.65361381	      0.00000000	    -37.00593828	     -0.00000000	      0.00000000	      0.00000000
      0.66800000	  -1133.02402767	     -0.00000000	      0.00000000	     -0.00000000	      3.23087736	    -74.49799323	      0.00000000	      0.00000000	      0.00000000
      0.66900000	  -1025.79233055	      0.00000000	     -0.00000000	     -0.00000000	      2.49199979	    -73.15270703	     -0.00000000	     -0.00000000	      0.00000000
      0.67000000	   -884.89694770	      0.00000000	     -0.00000000	     -0.00000000	      3.62509354	    -93.81944306	      0.00000000	     -0.00000000	     -0.00000000
      0.67100000	   -942.06002457	     -0.00000000	      0.00000000	     -0.00000000	      0.00000000	   -112.29943417	     -0.00000000	     -0.00000000	      0.00000000
      0.67200000	   -627.27859807	      0.00000000	     -0.00000000	     -0.00000000	      4.95268991	    -44.60832851	     -0.00000000	      0.00000000	      0.00000000
      0.67300000	   -372.59187270	      0.00000000	     -0.00000000	    -36.65776685	      0.00000000	    -55.69976622	      0.00000000	      0.00000000	      0.00000000
      0.67400000	  -1139.73940458	     -0.00000000	      0.00000000	     -0.00000000	      0.00000000	    -89.10149595	     -0.00000000	      0.00000000	     -0.00000000
      0.67500000	   -660.12123829	     -0.00000000	     -0.00000000	     -0.00000000	      1.83905349	    -51.84610124	      0.00000000	      0.00000000	     -0.00000000
      0.67600000	   -936.16630698	      0.00000000	      0.00000000	     -4.98220130	      0.20640268	    -50.37125433	      0.00000000	     -0.00000000	      0.00000000
      0.67700000	   -416.29296549	     -0.00000000	     -0.00000000	     -0.00000000	      3.31100405	    -57.22569413	     -0.00000000	     -0.00000000	      0.00000000
      0.67800000	   -623.36248605	     -0.00000000	      0.00000000	     -0.00000000	      0.99005332	   -104.36207839	      0.00000000	      0.00000000	     -0.00000000
      0.67900000	   -463.88555704	     -0.00000000	      0.00000000	     -0.00000000	      1.58739349	    -66.72253890	      0.00000000	      0.00000000	      0.00000000
      0.68000000	  -1031.79491954	      0.00000000	      0.00000000	    -31.81012277	      0.00000000	   -112.86042223	     -0.00000000	     -0.00000000	      0.00000000
      0.68100000	   -637.79457209	      0.00000000	     -0.00000000	    -13.92835199	      0.85473540	    -74.01344137	     -0.00000000	     -0.00000000	     -0.00000000
      0.68200000	   -750.23684144	      0.00000000	      0.00000000	     -0.00000000	      2.78709995	    -47.25628444	      0.00000000	      0.00000000	      0.00000000
      0.68300000	   -897.11311630	     -0.00000000	     -0.00000000	     -0.31580449	      0.00000000	    -49.51334013	     -0.00000000	     -0.00000000	     -0.00000000
      0.68400000	  -1176.09433583	     -0.00000000	      0.00000000	     -0.00000000	      6.30549202	    -82.88980629	      0.00000000	      0.00000000	      0.00000000
      0.68500000	   -567.09442390	     -0.00000000	      0.00000000	     -4.04442930	      0.00000000	    -47.13975129	      0.00000000	      0.00000000	     -0.00000000
      0.68600000	  -1063.46314138	      0.00000000	     -0.00000000	     -3.77405287	      0.00000000	    -58.37572616	     -0.00000000	      0.00000000	      0.00000000
      0.68700000	   -624.95889186	      0.00000000	      0.00000000	     -0.00000000	      7.20693329	   -118.32716816	      0.00000000	      0.00000000	     -0.00000000
      0.68800000	   -678.86777016	     -0.00000000	     -0.00000000	    -12.20917657	      0.00000000	    -96.42582613	      0.00000000	      0.00000000	      0.00000000
      0.68900000	   -820.05734348	      0.00000000	      0.00000000	     -6.63106324	      0.00000000	    -73.72249507	      0.00000000	      0.00000000	      0.00000000
      0.69000000	   -636.86461019	      0.00000000	     -0.00000000	     -0.00000000	      6.02414271	    -98.89755086	      0.00000000	      0.00000000	      0.00000000
      0.69100000	   -674.16769209	      0.00000000	     -0.00000000	     -4.43351919	      0.00000000	   -100.33326942	      0.00000000	     -0.00000000	     -0.00000000
      0.69200000	   -839.51817571	      0.00000000	     -0.00000000	     -5.70932850	      0.00000000	    -61.62249456	     -0.00000000	     -0.00000000	      0.00000000
      0.69300000	   -545.63688756	      0.00000000	      0.00000000	    -24.89004728	      0.00000000	    -71.27268651	      0.00000000	     -0.00000000	     -0.00000000
      0.69400000	   -908.53870951	     -0.00000000	     -0.00000000	     -0.00000000	      4.30857712	    -89.76017839	      0.00000000	     -0.00000000	     -0.00000000
      0.69500000	   -640.09820221	     -0.00000000	     -0.00000000	     -0.00000000	      2.09824747	   -112.99523266	     -0.00000000	     -0.00000000	     -0.00000000
      0.69600000	  -1027.64815685	      0.00000000	     -0.00000000	    -24.74541282	      0.00000000	    -90.58007549	     -0.00000000	     -0.00000000	     -0.00000000
      0.69700000	   -538.08331723	     -0.00000000	     -0.00000000	     -0.00000000	      5.82849057	    -73.35692926	     -0.00000000	     -0.00000000	     -0.00000000
      0.69800000	   -854.62627028	     -0.00000000	     -0.00000000	    -15.30874434	      0.00000000	   -130.74147742	      0.00000000	     -0.00000000	     -0.00000000
      0.69900000	   -809.42293788	      0.00000000	      0.00000000	     -8.30990420	      1.85071013	    -74.78012736	     -0.00000000	     -0.00000000	     -0.00000000
      0.70000000	   -529.38988613	     -0.00000000	     -0.00000000	     -0.00000000	      2.09499045	    -79.96771511	      0.00000000	      0.00000000	     -0.00000000
      0.70100000	   -814.50857113	     -0.00000000	      0.00000000	     -0.00000000	      2.17481152	   -111.30850749	     -0.00000000	      0.00000000	      0.00000000
      0.70200000	   -528.55269907	      0.00000000	     -0.00000000	    -31.69298771	      0.00000000	    -82.31394040	     -0.00000000	      0.00000000	      0.00000000
      0.70300000	  -1084.85022702	      0.00000000	     -0.00000000	     -0.00000000	      0.00000000	    -85.56823032	     -0.00000000	     -0.00000000	     -0.00000000
      0.70400000	   -873.82651963	     -0.00000000	     -0.00000000	     -0.00000000	      8.10277710	    -67.41190093	     -0.00000000	      0.00000000	     -0.00000000
      0.70500000	   -449.23613590	     -0.00000000	      0.00000000	    -40.96065171	      0.00000000	    -82.63634522	     -0.00000000	      0.00000000	      0.00000000
      0.70600000	   -815.70488470	      0.00000000	     -0.00000000	     -4.98323995	      0.00000000	    -52.23699153	     -0.00000000	     -0.00000000	     -0.00000000
      0.70700000	   -895.44455786	      0.00000000	     -0.00000000	     -0.00000000	      4.91996898	    -60.40507200	     -0.00000000	     -0.00000000	      0.00000000
      0.70800000	  -1004.66139694	     -0.00000000	     -0.00000000	     -6.49775392	      4.23855002	   -111.71107721	      0.00000000	      0.00000000	      0.00000000
      0.70900000	   -300.01793119	     -0.00000000	     -0.00000000	     -5.34905811	      0.00000000	    -76.95566328	     -0.00000000	     -0.00000000	     -0.00000000
      0.71000000	   -822.80448965	     -0.00000000	      0.00000000	     -0.00000000	      1.52935502	   -112.67175991	      0.00000000	      0.00000000	      0.00000000
      0.71100000	   -359.30916043	     -0.00000000	      0.00000000	    -24.86359563	      0.00000000	    -74.15520445	      0.00000000	      0.00000000	      0.00000000
      0.71200000	   -925.87462207	      0.00000000	     -0.00000000	    -15.26722366	      0.00000000	    -95.25910547	     -0.00000000	      0.00000000	      0.00000000
      0.71300000	   -876.25771934	      0.00000000	      0.00000000	     -0.00000000	      4.17960077	    -38.21223896	     -0.00000000	     -0.00000000	      0.00000000
      0.71400000	   -675.46836195	     -0.00000000	      0.00000000	    -36.54657513	      0.00000000	    -80.00781863	      0.00000000	      0.00000000	     -0.00000000
      0.71500000	   -698.68353943	     -0.00000000	     -0.00000000	     -0.00000000	      8.37514292	    -76.02269474	      0.00000000	      0.00000000	      0.00000000
      0.71600000	   -196.52930064	     -0.00000000	     -0.00000000	     -0.00000000	      5.96114144	    -53.06008447	      0.00000000	      0.00000000	     -0.00000000
      0.71700000	   -705.89433458	      0.00000000	      0.00000000	    -30.46447770	      0.00000000	    -76.59335379	      0.00000000	     -0.00000000	      0.00000000
      0.71800000	   -952.27953573	      0.00000000	      0.00000000	     -0.00000000	      0.00000000	    -49.91373322	      0.00000000	      0.00000000	      0.00000000
      0.71900000	   -741.73279476	      0.00000000	      0.00000000	    -24.12210670	      3.15417236	   -105.52252371	     -0.00000000	      0.00000000	      0.00000000
      0.72000000	   -695.42575528	     -0.00000000	     -0.00000000	     -0.00000000	      1.05900453	    -81.91256292	      0.00000000	     -0.00000000	      0.00000000
      0.72100000	   -777.03441932	     -0.00000000	     -0.00000000	     -5.20232143	      0.00000000	    -64.42168653	     -0.00000000	     -0.00000000	     -0.00000000
      0.72200000	   -512.06983833	     -0.00000000	     -0.00000000	     -0.00000000	      4.23422172	    -81.94057959	      0.00000000	      0.00000000	     -0.00000000
      0.72300000	   -848.51855538	      0.00000000	      0.00000000	     -0.00000000	      1.23728012	   -107.34566894	     -0.00000000	      0.00000000	     -0.00000000
      0.72400000	   -807.84688136	      0.00000000	      0.00000000	    -35.36211187	      0.00000000	   -112.43680916	      0.00000000	     -0.00000000	      0.00000000
      0.72500000	  -1014.29253011	      0.00000000	      0.00000000	     -0.00000000	      0.00000000	   -118.65228969	     -0.00000000	      0.00000000	     -0.00000000
      0.72600000	  -1146.08496115	      0.00000000	     -0.00000000	     -0.00000000	      1.77981322	   -114.83644482	      0.00000000	     -0.00000000	     -0.00000000
      0.72700000	   -761.97090687	     -0.00000000	     -0.00000000	     -4.98965176	      3.12640680	    -69.18754547	     -0.00000000	      0.00000000	     -0.00000000
      0.72800000	   -217.31764581	     -0.00000000	      0.00000000	     -0.00000000	      4.78377285	    -59.71419135	      0.00000000	      0.00000000	     -0.00000000
      0.72900000	   -399.41366217	      0.00000000	     -0.00000000	     -9.36204373	      0.00000000	   -100.59421620	     -0.00000000	     -0.00000000	      0.00000000
      0.73000000	   -681.93953849	      0.00000000	      0.00000000	     -9.89201391	      0.00000000	    -46.04297468	      0.00000000	     -0.00000000	     -0.00000000
      0.73100000	   -636.19898448	      0.00000000	     -0.00000000	     -0.00000000	      2.28066964	    -78.47653227	      0.00000000	      0.00000000	      0.00000000
      0.73200000	   -889.99973377	      0.00000000	      0.00000000	     -7.65910276	      0.00000000	   -112.88563933	     -0.00000000	     -0.00000000	     -0.00000000
      0.73300000	   -945.55211390	     -0.00000000	     -0.00000000	    -29.66646287	      0.00000000	    -73.26984726	     -0.00000000	     -0.00000000	     -0.00000000
      0.73400000	  -1054.23276373	     -0.00000000	      0.00000000	     -0.00000000	      5.61499905	   -106.18469673	      0.00000000	      0.00000000	     -0.00000000
      0.73500000	   -502.30113676	     -0.00000000	     -0.00000000	     -0.00000000	      3.88184270	    -66.46166142	     -0.00000000	     -0.00000000	     -0.00000000
      0.73600000	   -649.11359713	      0.00000000	      0.00000000	     -3.24232926	      0.00000000	    -56.09062779	      0.00000000	      0.00000000	     -0.00000000
      0.73700000	   -450.65658137	      0.00000000	     -0.00000000	     -0.00000000	      7.32131801	    -76.96028407	      0.00000000	      0.00000000	     -0.00000000
      0.73800000	   -254.91919064	     -0.00000000	      0.00000000	    -55.75334410	      0.00000000	    -71.22318272	      0.00000000	      0.00000000	      0.00000000
      0.73900000	   -600.65229851	      0.00000000	     -0.00000000	    -18.70060079	      0.00000000	    -81.83594028	     -0.00000000	      0.00000000	     -0.00000000
      0.74000000	   -917.99463230	      0.00000000	     -0.00000000	     -0.00000000	      1.36289434	   -105.53547922	     -0.00000000	      0.00000000	     -0.00000000
      0.74100000	   -885.40831598	      0.00000000	     -0.00000000	     -0.00000000	      2.64801315	    -76.81555164	      0.00000000	     -0.00000000	     -0.00000000
      0.74200000	   -876.94067045	      0.00000000	      0.00000000	     -0.00000000	      6.80676713	   -113.00691699	      0.00000000	      0.00000000	     -0.00000000
      0.74300000	   -617.06660328	     -0.00000000	      0.00000000	    -33.76722872	      0.00000000	   -111.84968598	      0.00000000	     -0.00000000	     -0.00000000
      0.74400000	  -1052.71507012	      0.00000000	      0.00000000	     -0.31812671	      0.00000000	    -73.90484578	      0.00000000	      0.00000000	     -0.00000000
      0.74500000	   -861.90577903	     -0.00000000	     -0.00000000	     -0.00000000	      6.49934181	   -130.51973783	     -0.00000000	      0.00000000	     -0.00000000
      0.74600000	   -644.37827395	     -0.00000000	     -0.00000000	    -17.04709536	      0.00000000	    -97.66542496	     -0.00000000	      0.00000000	      0.00000000
      0.74700000	   -728.59700028	      0.00000000	      0.00000000	    -17.43644732	      0.00000000	   -101.36293419	      0.00000000	     -0.00000000	      0.00000000
      0.74800000	   -692.33075715	     -0.00000000	     -0.00000000	     -0.00000000	      5.12251460	    -32.54681699	     -0.00000000	     -0.00000000	     -0.00000000
      0.74900000	   -571.21958878	      0.00000000	     -0.00000000	     -0.13227970	      0.00000000	   -100.12073451	     -0.00000000	     -0.00000000	     -0.00000000
      0.75000000	   -979.62709237	     -0.00000000	     -0.00000000	     -7.67491951	      0.00000000	    -55.19968483	      0.00000000	     -0.00000000	     -0.00000000
      0.75100000	  -1060.16263638	      0.00000000	      0.00000000	     -0.00000000	      3.21998786	    -69.15382565	      0.00000000	      0.00000000	     -0.00000000
      0.75200000	   -812.49079377	     -0.00000000	     -0.00000000	     -0.00000000	      4.17000773	   -109.40165840	     -0.00000000	     -0.00000000	     -0.00000000
      0.75300000	   -814.70142854	      0.00000000	      0.00000000	     -0.74035609	      1.05193540	   -135.47714354	      0.00000000	      0.00000000	     -0.00000000
      0.75400000	   -833.91238152	     -0.00000000	     -0.00000000	    -40.62447799	      0.00000000	    -97.73395788	     -0.00000000	     -0.00000000	     -0.00000000
      0.75500000	   -737.30657280	     -0.00000000	     -0.00000000	     -0.00000000	      8.53271959	    -79.02146365	      0.00000000	     -0.00000000	     -0.00000000
      0.75600000	   -461.26298165	      0.00000000	      0.00000000	     -0.00000000	      0.00000000	    -51.63558374	      0.00000000	      0.00000000	      0.00000000
      0.75700000	  -1005.26228932	     -0.00000000	     -0.00000000	    -10.27171229	      0.00000000	   -102.75798043	     -0.00000000	     -0.00000000	     -0.00000000
      0.75800000	   -411.57488058	     -0.00000000	     -0.00000000	     -3.99587705	      1.99662999	    -38.72752833	      0.00000000	     -0.00000000	     -0.00000000
      0.75900000	   -713.53944297	     -0.00000000	     -0.00000000	     -9.89902893	      0.00000000	    -36.33687651	     -0.00000000	     -0.00000000	      0.00000000
      0.76000000	   -532.92937409	     -0.00000000	      0.00000000	     -0.00000000	      4.49689549	    -32.97000237	      0.00000000	      0.00000000	     -0.00000000
      0.76100000	   -623.40650373	     -0.00000000	      0.00000000	     -0.00000000	      0.00000000	   -105.44396501	      0.00000000	     -0.00000000	     -0.00000000
      0.76200000	   -947.48182660	     -0.00000000	     -0.00000000	    -15.17096218	      0.00000000	    -79.87359047	     -0.00000000	     -0.00000000	     -0.00000000
      0.76300000	  -1023.06960427	      0.00000000	     -0.00000000	     -0.00000000	      3.48532574	   -112.36782358	     -0.00000000	      0.00000000	     -0.00000000
      0.76400000	   -330.92774724	     -0.00000000	      0.00000000	     -0.00000000	      7.01383936	    -85.77669795	      0.00000000	     -0.00000000	     -0.00000000
      0.76500000	   -454.72154776	      0.00000000	     -0.00000000	    -26.29999198	      0.00000000	    -68.38878260	     -0.00000000	     -0.00000000	     -0.00000000
      0.76600000	  -1011.85771246	      0.00000000	      0.00000000	     -1.06110195	      2.86304969	    -67.50569384	     -0.00000000	      0.00000000	     -0.00000000
      0.76700000	   -323.76558934	      0.00000000	     -0.00000000	     -0.00000000	      5.66387231	    -77.80338538	      0.00000000	      0.00000000	      0.00000000
      0.76800000	   -826.64988022	     -0.00000000	     -0.00000000	     -0.00000000	      0.00000000	   -125.08653320	     -0.00000000	     -0.00000000	     -0.00000000
      0.76900000	   -641.29816116	     -0.00000000	     -0.00000000	    -40.82477901	      0.00000000	    -94.84806290	     -0.00000000	      0.00000000	     -0.00000000
      0.77000000	  -1142.24146226	     -0.00000000	      0.00000000	     -0.00000000	      0.00000000	   -102.09074294	      0.00000000	      0.00000000	      0.00000000
      0.77100000	   -463.27837544	      0.00000000	     -0.00000000	     -0.00000000	      9.23352347	    -94.89385850	     -0.00000000	      0.00000000	      0.00000000
      0.77200000	   -450.11732228	     -0.00000000	     -0.00000000	    -18.81224564	      0.00000000	    -96.19625584	     -0.00000000	     -0.00000000	      0.00000000
      0.77300000	   -747.43902948	     -0.00000000	     -0.00000000	    -20.72813704	      0.00000000	    -92.36182555	     -0.00000000	      0.00000000	      0.00000000
      0.77400000	   -489.73064751	     -0.00000000	     -0.00000000	     -0.00000000	      6.08765673	    -55.04780374	     -0.00000000	     -0.00000000	     -0.00000000
      0.77500000	   -349.54393727	     -0.00000000	      0.00000000	    -17.33233825	      0.00000000	    -68.93378574	      0.00000000	      0.00000000	      0.00000000
      0.77600000	   -930.97212243	      0.00000000	      0.00000000	     -0.00000000	      1.76754533	    -96.43923016	      0.00000000	     -0.00000000	      0.00000000
      0.77700000	   -223.36608186	      0.00000000	      0.00000000	     -0.00000000	     10.08963850	    -50.48528362	     -0.00000000	     -0.00000000	     -0.00000000
      0.77800000	   -418.54893227	     -0.00000000	     -0.00000000	    -97.74688561	      0.00000000	    -74.15884079	     -0.00000000	      0.00000000	     -0.00000000
      0.77900000	  -1060.99980952	     -0.00000000	      0.00000000	     -0.00000000	      5.66045217	   -110.48727508	      0.00000000	     -0.00000000	     -0.00000000
      0.78000000	   -661.48021063	     -0.00000000	     -0.00000000	     -0.00000000	      2.95794200	    -98.02983153	     -0.00000000	     -0.00000000	     -0.00000000
      0.78100000	   -665.23983940	      0.00000000	      0.00000000	    -13.41275714	      0.00000000	    -58.61442221	     -0.00000000	      0.00000000	      0.00000000
      0.78200000	   -314.38655335	     -0.00000000	      0.00000000	     -0.00000000	     10.10852700	    -83.18978444	      0.00000000	      0.00000000	      0.00000000
      0.78300000	   -397.06295353	     -0.00000000	     -0.00000000	    -47.74956074	      0.00000000	    -97.51699611	      0.00000000	      0.00000000	     -0.00000000
      0.78400000	   -919.25078853	      0.00000000	      0.00000000	     -3.31098611	      0.32711964	    -86.92861290	      0.00000000	      0.00000000	     -0.00000000
      0.78500000	   -736.35376431	      0.00000000	     -0.00000000	     -0.00000000	      2.11982435	   -107.51543401	      0.00000000	      0.00000000	     -0.00000000
      0.78600000	  -1146.41493132	     -0.00000000	     -0.00000000	    -15.49250843	      0.00000000	    -91.59095225	      0.00000000	     -0.00000000	      0.00000000
      0.78700000	   -523.28470384	     -0.00000000	      0.00000000	    -20.28527652	      0.00000000	    -84.03932783	      0.00000000	      0.00000000	      0.00000000
      0.78800000	  -1207.24185952	      0.00000000	     -0.00000000	     -0.00000000	      0.00000000	    -92.32402859	     -0.00000000	     -0.00000000	     -0.00000000
      0.78900000	   -625.60807590	     -0.00000000	     -0.00000000	     -0.00000000	     10.18376950	    -35.02960630	     -0.00000000	     -0.00000000	      0.00000000
      0.79000000	   -756.13880522	     -0.00000000	     -0.00000000	     -0.00000000	      1.10269934	   -108.26657230	     -0.00000000	      0.00000000	     -0.00000000
      0.79100000	   -413.79490812	     -0.00000000	      0.00000000	    -19.36835963	      0.00000000	    -77.05722643	      0.00000000	      0.00000000	     -0.00000000
      0.79200000	   -891.06189893	     -0.00000000	     -0.00000000	    -23.18752378	      0.00000000	   -131.99782154	     -0.00000000	     -0.00000000	     -0.00000000
      0.79300000	  -1036.06850705	     -0.00000000	     -0.00000000	     -0.00000000	      5.33063566	    -77.00479311	     -0.00000000	     -0.00000000	     -0.00000000
      0.79400000	   -461.51803882	      0.00000000	     -0.00000000	     -9.50979478	      0.00000000	    -58.42751843	      0.00000000	      0.00000000	     -0.00000000
      0.79500000	  -1001.10839674	      0.00000000	     -0.00000000	    -20.78185073	      0.00000000	   -114.49336663	     -0.00000000	      0.00000000	     -0.00000000
      0.79600000	   -567.27930330	      0.00000000	     -0.00000000	     -0.00000000	      4.00784673	    -81.67803551	      0.00000000	      0.00000000	     -0.00000000
      0.79700000	   -502.84405113	     -0.00000000	     -0.00000000	     -0.00000000	      4.57980109	    -76.88822586	     -0.00000000	     -0.00000000	     -0.00000000
      0.79800000	   -277.69508166	      0.00000000	      0.00000000	     -0.00000000	      0.00000000	    -85.95689538	      0.00000000	      0.00000000	     -0.00000000
      0.79900000	   -872.70226832	      0.00000000	      0.00000000	    -12.54514363	      0.00000000	    -87.20886509	      0.00000000	     -0.00000000	     -0.00000000
      0.80000000	   -542.20308686	      0.00000000	     -0.00000000	    -16.93545558	      0.39322827	    -72.33673839	     -0.00000000	      0.00000000	      0.00000000
      0.80100000	   -583.65296119	      0.00000000	      0.00000000	     -0.00000000	      1.98232461	    -72.33159046	      0.00000000	     -0.00000000	      0.00000000
      0.80200000	   -370.97011110	     -0.00000000	     -0.00000000	     -0.00000000	      3.31597775	    -40.72776587	     -0.00000000	     -0.00000000	     -0.00000000
      0.80300000	   -959.34678524	     -0.00000000	     -0.00000000	    -19.46203920	      0.00000000	   -131.59998459	     -0.00000000	     -0.00000000	     -0.00000000
      0.80400000	   -855.10032596	      0.00000000	      0.00000000	     -3.18064955	      2.05528300	    -60.26467213	     -0.00000000	     -0.00000000	      0.00000000
      0.80500000	   -709.85822905	      0.00000000	     -0.00000000	     -0.00000000	      8.24832618	   -119.23874939	      0.00000000	      0.00000000	      0.00000000
      0.80600000	   -454.02655580	     -0.00000000	     -0.00000000	    -36.44186107	      0.00000000	   -107.91913800	      0.00000000	     -0.00000000	     -0.00000000
      0.80700000	   -607.45756033	      0.00000000	      0.00000000	    -12.24701194	      0.00000000	    -75.91724940	      0.00000000	      0.00000000	      0.00000000
      0.80800000	   -644.74337074	      0.00000000	      0.00000000	     -0.00000000	      0.00000000	    -86.76011271	      0.00000000	      0.00000000	     -0.00000000
      0.80900000	   -770.57503138	     -0.00000000	     -0.00000000	    -30.69382250	      0.00000000	    -89.90880718	     -0.00000000	      0.00000000	     -0.00000000
      0.81000000	   -852.68072326	     -0.00000000	     -0.00000000	     -0.00000000	      4.73340160	   -106.96837844	      0.00000000	      0.00000000	      0.00000000
      0.81100000	   -425.87972797	      0.00000000	      0.00000000	     -0.00000000	      3.86177734	    -51.66625689	      0.00000000	      0.00000000	      0.00000000
      0.81200000	   -619.11666252	     -0.00000000	      0.00000000	     -0.00000000	      3.05184376	   -105.25419133	      0.00000000	      0.00000000	      0.00000000
      0.81300000	   -269.66664211	      0.00000000	      0.00000000	    -13.76431256	      1.71865444	    -76.49452749	      0.00000000	      0.00000000	     -0.00000000
      0.81400000	   -413.13644789	     -0.00000000	     -0.00000000	    -50.29442334	      0.00000000	    -84.19797500	     -0.00000000	     -0.00000000	      0.00000000
      0.81500000	   -946.65734372	      0.00000000	      0.00000000	     -0.00000000	      0.00000000	    -87.57211754	      0.00000000	     -0.00000000	     -0.00000000
      0.81600000	  -1194.46252277	      0.00000000	      0.00000000	     -2.38322518	      0.00000000	   -103.56609158	     -0.00000000	     -0.00000000	      0.00000000
      0.81700000	   -911.48595542	      0.00000000	     -0.00000000	     -0.00000000	      6.70907465	    -85.05487636	      0.00000000	      0.00000000	      0.00000000
      0.81800000	   -491.63921658	      0.00000000	     -0.00000000	     -0.00000000	      4.39092220	    -88.62319418	     -0.00000000	      0.00000000	     -0.00000000
      0.81900000	   -626.55055062	     -0.00000000	      0.00000000	    -30.67386510	      0.00000000	   -121.00030006	      0.00000000	      0.00000000	     -0.00000000
      0.82000000	   -615.69900458	      0.00000000	      0.00000000	    -10.71488081	      0.00000000	    -59.63243412	      0.00000000	      0.00000000	      0.00000000
      0.82100000	   -839.60789399	      0.00000000	      0.00000000	     -2.19891546	      0.00000000	    -67.06377502	      0.00000000	      0.00000000	     -0.00000000
      0.82200000	   -729.50962246	     -0.00000000	      0.00000000	     -0.00000000	      4.24745623	    -70.84041524	      0.00000000	      0.00000000	     -0.00000000
      0.82300000	   -935.58584806	      0.00000000	      0.00000000	    -29.72418374	      0.00000000	   -125.63258911	     -0.00000000	     -0.00000000	      0.00000000
      0.82400000	   -613.58437026	      0.00000000	      0.00000000	     -0.00000000	      4.30926298	   -123.15663327	      0.00000000	     -0.00000000	     -0.00000000
      0.82500000	   -205.09333929	      0.00000000	     -0.00000000	     -0.00000000	      5.64393476	    -54.30854416	      0.00000000	      0.00000000	      0.00000000
      0.82600000	   -277.95710897	      0.00000000	      0.00000000	    -59.38538991	      0.00000000	    -64.32933375	     -0.00000000	      0.00000000	     -0.00000000
      0.82700000	   -832.41972147	     -0.00000000	     -0.00000000	     -0.00000000	      3.04412912	    -54.52314458	     -0.00000000	     -0.00000000	     -0.00000000
      0.82800000	   -424.97101327	     -0.00000000	      0.00000000	     -0.00000000	      1.37251498	    -59.43085585	     -0.00000000	     -0.00000000	     -0.00000000
      0.82900000	   -746.85261955	      0.00000000	      0.00000000	    -16.36134737	      0.00000000	    -83.58828055	      0.00000000	     -0.00000000	      0.00000000
      0.83000000	   -762.28443957	     -0.00000000	     -0.00000000	     -8.41509166	      0.00000000	    -43.07109650	     -0.00000000	      0.00000000	      0.00000000
      0.83100000	  -1195.10089661	      0.00000000	      0.00000000	     -0.00000000	      4.54229355	   -115.41197313	      0.00000000	     -0.00000000	      0.00000000
      0.83200000	   -437.71638936	     -0.00000000	     -0.00000000	     -0.00000000	      2.34291204	   -111.74860867	      0.00000000	     -0.00000000	     -0.00000000
      0.83300000	   -780.12513966	      0.00000000	     -0.00000000	    -28.72922561	      0.00000000	    -97.30599404	     -0.00000000	     -0.00000000	      0.00000000
      0.83400000	   -674.12930232	      0.00000000	     -0.00000000	     -0.00000000	      4.55756071	   -104.88369679	     -0.00000000	     -0.00000000	      0.00000000
      0.83500000	   -412.02470159	     -0.00000000	     -0.00000000	     -0.00000000	      3.59797477	    -58.89572273	     -0.00000000	      0.00000000	     -0.00000000
      0.83600000	   -390.81335084	      0.00000000	      0.00000000	     -0.00000000	      2.23618282	    -66.78758165	     -0.00000000	      0.00000000	     -0.00000000
      0.83700000	   -521.81109392	      0.00000000	      0.00000000	    -10.99539092	      1.70032583	    -92.42628365	      0.00000000	      0.00000000	      0.00000000
      0.83800000	   -193.09673884	      0.00000000	      0.00000000	     -8.94077585	      0.00000000	    -72.04263555	      0.00000000	      0.00000000	      0.00000000
      0.83900000	   -734.23591415	      0.00000000	     -0.00000000	    -21.82967379	      0.00000000	    -84.17507867	     -0.00000000	      0.00000000	     -0.00000000
      0.84000000	   -837.67656285	     -0.00000000	      0.00000000	     -0.00000000	      6.20118890	    -96.79719492	     -0.00000000	     -0.00000000	     -0.00000000
      0.84100000	   -338.55078795	     -0.00000000	     -0.00000000	     -0.00000000	      4.19928833	    -74.49952859	     -0.00000000	     -0.00000000	     -0.00000000
      0.84200000	   -587.02339725	      0.00000000	      0.00000000	    -21.18598661	      0.00000000	    -84.96104969	      0.00000000	      0.00000000	      0.00000000
      0.84300000	   -913.57079121	     -0.00000000	     -0.00000000	     -0.00000000	      4.68101652	   -102.04125175	     -0.00000000	     -0.00000000	      0.00000000
      0.84400000	   -427.21481035	     -0.00000000	      0.00000000	    -46.60473757	      0.00000000	    -62.00776133	      0.00000000	      0.00000000	     -0.00000000
      0.84500000	  -1250.29025433	      0.00000000	      0.00000000	     -0.00000000	      4.72936571	   -106.78482363	      0.00000000	      0.00000000	     -0.00000000
      0.84600000	   -529.28769588	     -0.00000000	     -0.00000000	     -0.00000000	      4.21277580	   -112.50969734	     -0.00000000	     -0.00000000	      0.00000000
      0.84700000	   -928.15028705	      0.00000000	     -0.00000000	    -40.30747103	      0.00000000	    -90.29272410	      0.00000000	      0.00000000	     -0.00000000
      0.84800000	   -541.60841489	      0.00000000	      0.00000000	     -0.00000000	      6.56425388	    -86.71253646	     -0.00000000	     -0.00000000	     -0.00000000
      0.84900000	   -783.33210828	     -0.00000000	      0.00000000	     -5.18283966	      0.00000000	    -98.96542184	      0.00000000	      0.00000000	      0.00000000
      0.85000000	   -710.95330603	      0.00000000	     -0.00000000	    -24.17872789	      0.00000000	   -125.27591178	     -0.00000000	     -0.00000000	     -0.00000000
      0.85100000	   -913.09712155	     -0.00000000	      0.00000000	    -10.66126950	      0.00000000	    -91.15599823	     -0.00000000	     -0.00000000	      0.00000000
      0.85200000	  -1054.57613956	      0.00000000	     -0.00000000	     -0.00000000	      4.45681103	    -75.89280727	     -0.00000000	     -0.00000000	     -0.00000000
      0.85300000	   -504.91511218	      0.00000000	      0.00000000	     -0.00000000	      4.58928515	   -115.05395172	     -0.00000000	     -0.00000000	      0.00000000
      0.85400000	   -455.69168193	      0.00000000	     -0.00000000	    -12.62087281	      0.00000000	   -113.09796725	     -0.00000000	      0.00000000	     -0.00000000
      0.85500000	   -548.84263670	     -0.00000000	      0.00000000	     -5.21991401	      0.00000000	    -38.95946244	      0.00000000	      0.00000000	      0.00000000
      0.85600000	   -844.90994009	     -0.00000000	     -0.00000000	     -0.00000000	      0.00000000	    -86.41262784	     -0.00000000	      0.00000000	      0.00000000
      0.85700000	   -741.88648261	      0.00000000	     -0.00000000	    -25.54931205	      0.00000000	    -86.47639017	     -0.00000000	     -0.00000000	      0.00000000
      0.85800000	   -415.20379453	     -0.00000000	      0.00000000	     -0.00000000	      9.93181381	    -68.32035200	      0.00000000	      0.00000000	     -0.00000000
      0.85900000	   -782.56508333	     -0.00000000	      0.00000000	    -49.66835481	      0.00000000	   -130.80217735	     -0.00000000	     -0.00000000	      0.00000000
      0.86000000	   -878.92612336	     -0.00000000	     -0.00000000	     -1.62231020	      2.40346815	   -108.10346160	     -0.00000000	      0.00000000	     -0.00000000
      0.86100000	   -561.65815966	      0.00000000	      0.00000000	     -0.00000000	      3.14741163	    -90.30725012	     -0.00000000	      0.00000000	     -0.00000000
      0.86200000	   -823.43404798	     -0.00000000	      0.00000000	     -0.00000000	      2.50708250	   -118.70766833	     -0.00000000	      0.00000000	     -0.00000000
      0.86300000	   -214.58878451	     -0.00000000	     -0.00000000	    -20.93001242	      0.00000000	    -44.30195944	     -0.00000000	     -0.00000000	      0.00000000
      0.86400000	   -800.73344204	     -0.00000000	      0.00000000	    -30.39849747	      0.00000000	   -103.21832897	      0.00000000	      0.00000000	     -0.00000000
      0.86500000	   -766.44791542	     -0.00000000	     -0.00000000	     -0.00000000	     10.45337109	    -53.62537140	     -0.00000000	      0.00000000	     -0.00000000
      0.86600000	   -367.05322355	     -0.00000000	     -0.00000000	    -20.47201125	      1.55707935	    -72.55748667	     -0.00000000	      0.00000000	      0.00000000
      0.86700000	   -655.85328103	     -0.00000000	      0.00000000	    -20.28298634	      0.00000000	   -109.33921833	     -0.00000000	     -0.00000000	     -0.00000000
      0.86800000	   -429.90815265	      0.00000000	      0.00000000	     -0.00000000	      3.49130258	    -63.24654059	     -0.00000000	      0.00000000	      0.00000000
      0.86900000	   -903.78893536	     -0.00000000	      0.00000000	     -0.00000000	      0.00000000	   -129.36699946	     -0.00000000	     -0.00000000	      0.00000000
      0.87000000	   -752.26792981	      0.00000000	      0.00000000	    -16.88077159	      0.00000000	    -75.65889569	     -0.00000000	     -0.00000000	      0.00000000
      0.87100000	   -565.82581436	      0.00000000	     -0.00000000	     -0.00000000	      2.87456981	    -89.88741567	     -0.00000000	     -0.00000000	     -0.00000000
      0.87200000	   -430.83783782	      0.00000000	     -0.00000000	     -0.00000000	      3.09446139	    -54.50074816	      0.00000000	     -0.00000000	      0.00000000
      0.87300000	   -646.28646030	      0.00000000	     -0.00000000	    -24.17161054	      0.00000000	   -100.28193627	     -0.00000000	     -0.00000000	     -0.00000000
      0.87400000	   -428.77798488	      0.00000000	     -0.00000000	     -0.00000000	      6.50958616	    -87.77592118	     -0.00000000	     -0.00000000	     -0.00000000
      0.87500000	   -367.85780783	     -0.00000000	      0.00000000	    -22.12416054	      0.00000000	    -73.57284143	      0.00000000	     -0.00000000	     -0.00000000
      0.87600000	   -836.23150854	      0.00000000	      0.00000000	    -11.41989918	      0.00000000	    -84.36385622	     -0.00000000	     -0.00000000	      0.00000000
      0.87700000	   -249.24409279	     -0.00000000	     -0.00000000	     -0.00000000	      5.24466778	    -50.44349110	      0.00000000	      0.00000000	      0.00000000
      0.87800000	   -958.44671395	      0.00000000	      0.00000000	    -20.51270314	      0.00000000	   -113.71814122	     -0.00000000	     -0.00000000	      0.00000000
      0.87900000	   -355.97201167	      0.00000000	      0.00000000	     -6.01579531	      1.94946739	    -80.66459471	     -0.00000000	     -0.00000000	      0.00000000
      0.88000000	   -495.32528925	      0.00000000	     -0.00000000	    -19.92356504	      0.00000000	    -54.08879888	     -0.00000000	      0.00000000	     -0.00000000
      0.88100000	   -805.22051135	     -0.00000000	      0.00000000	     -0.00000000	      3.22713088	    -80.07450905	     -0.00000000	     -0.00000000	     -0.00000000
      0.88200000	   -817.00676312	     -0.00000000	     -0.00000000	     -0.00000000	      3.93329093	   -124.90392338	      0.00000000	      0.00000000	     -0.00000000
      0.88300000	   -451.04245173	      0.00000000	      0.00000000	     -8.52588376	      0.00000000	    -60.15408439	     -0.00000000	     -0.00000000	      0.00000000
      0.88400000	   -588.24244040	     -0.00000000	      0.00000000	    -36.93655600	      0.00000000	   -108.42137335	      0.00000000	      0.00000000	     -0.00000000
      0.88500000	   -970.37283999	      0.00000000	      0.00000000	     -0.00000000	      0.00000000	    -89.47328054	      0.00000000	      0.00000000	     -0.00000000
      0.88600000	   -779.90287863	      0.00000000	     -0.00000000	     -0.00000000	      1.14556945	    -51.53731966	     -0.00000000	     -0.00000000	      0.00000000
      0.88700000	   -811.08835082	     -0.00000000	     -0.00000000	     -0.00000000	      5.35640329	   -118.70195961	      0.00000000	     -0.00000000	     -0.00000000
      0.88800000	   -494.46619117	      0.00000000	      0.00000000	     -0.00000000	      5.49536173	   -107.57875216	     -0.00000000	      0.00000000	      0.00000000
      0.88900000	   -321.95233832	     -0.00000000	     -0.00000000	    -52.43259411	      0.00000000	    -77.24464534	     -0.00000000	     -0.00000000	      0.00000000
      0.89000000	   -847.39755811	      0.00000000	     -0.00000000	    -31.63089747	      0.00000000	   -117.43395103	     -0.00000000	      0.00000000	      0.00000000
      0.89100000	   -673.40227535	     -0.00000000	      0.00000000	     -0.00000000	      5.86407769	    -89.53694260	      0.00000000	      0.00000000	      0.00000000
      0.89200000	   -367.62696779	      0.00000000	      0.00000000	     -0.00000000	      2.39906492	    -94.59964550	      0.00000000	      0.00000000	      0.00000000
      0.89300000	   -439.29860324	      0.00000000	      0.00000000	    -67.48831240	      0.00000000	    -97.99941068	     -0.00000000	      0.00000000	     -0.00000000
      0.89400000	  -1009.71819543	      0.00000000	     -0.00000000	     -0.00000000	      5.06068098	    -92.62469309	     -0.00000000	     -0.00000000	      0.00000000
      0.89500000	   -744.51379445	      0.00000000	     -0.00000000	     -0.00000000	      5.72398300	   -108.20070890	     -0.00000000	     -0.00000000	     -0.00000000
      0.89600000	   -475.37080516	      0.00000000	     -0.00000000	    -32.97482099	      0.00000000	    -63.90348555	     -0.00000000	     -0.00000000	     -0.00000000
      0.89700000	   -692.91981966	      0.00000000	     -0.00000000	     -0.00000000	      0.00000000	    -73.75063102	     -0.00000000	      0.00000000	      0.00000000
      0.89800000	   -723.17156725	     -0.00000000	      0.00000000	    -19.30050590	      0.20151610	    -83.71918300	      0.00000000	      0.00000000	     -0.00000000
      0.89900000	   -675.75121960	      0.00000000	      0.00000000	     -0.00000000	      6.03783334	   -128.83662469	     -0.00000000	     -0.00000000	     -0.00000000
      0.90000000	   -229.61564945	      0.00000000	     -0.00000000	     -0.00000000	      1.83198926	    -78.77969266	      0.00000000	     -0.00000000	      0.00000000
      0.90100000	   -414.96656670	     -0.00000000	     -0.00000000	    -29.74658889	      0.00000000	    -66.08315517	     -0.00000000	     -0.00000000	     -0.00000000
      0.90200000	   -582.97302073	      0.00000000	      0.00000000	    -22.04888333	      0.00000000	    -81.35416134	      0.00000000	      0.00000000	      0.00000000
      0.90300000	   -958.98159855	      0.00000000	     -0.00000000	     -3.71452641	      0.00000000	    -97.71541093	     -0.00000000	     -0.00000000	      0.00000000
      0.90400000	  -1175.60550420	     -0.00000000	     -0.00000000	     -0.00000000	      0.00000000	   -114.22264825	     -0.00000000	     -0.00000000	     -0.00000000
      0.90500000	   -825.57715194	      0.00000000	     -0.00000000	     -0.00000000	      4.08078663	    -61.25681269	     -0.00000000	     -0.00000000	      0.00000000
      0.90600000	   -474.61113223	     -0.00000000	     -0.00000000	     -0.00000000	      3.48674901	    -63.89591757	     -0.00000000	      0.00000000	     -0.00000000
      0.90700000	   -447.27194190	      0.00000000	      0.00000000	     -4.55522498	      0.00000000	    -48.38847887	     -0.00000000	     -0.00000000	      0.00000000
      0.90800000	   -616.57820667	     -0.00000000	      0.00000000	    -12.10425128	      0.00000000	    -78.04803759	      0.00000000	      0.00000000	     -0.00000000
      0.90900000	   -628.64402180	      0.00000000	     -0.00000000	     -0.00000000	      4.38419543	    -92.99093378	     -0.00000000	     -0.00000000	      0.00000000
      0.91000000	   -738.01436993	      0.00000000	      0.00000000	     -0.00000000	      0.00000000	   -122.54088441	     -0.00000000	     -0.00000000	     -0.00000000
      0.91100000	   -748.69201353	      0.00000000	      0.00000000	     -0.00000000	      4.68709644	   -135.87271375	      0.00000000	      0.00000000	     -0.00000000
      0.91200000	   -249.15845802	      0.00000000	      0.00000000	     -0.00000000	      1.06470673	    -64.79292974	      0.00000000	      0.00000000	      0.00000000
      0.91300000	   -709.84373395	      0.00000000	     -0.00000000	    -51.39538538	      0.00000000	   -130.71198621	      0.00000000	      0.00000000	     -0.00000000
      0.91400000	   -636.06111523	     -0.00000000	      0.00000000	     -4.12580487	      1.03214110	   -101.53077094	      0.00000000	      0.00000000	      0.00000000
      0.91500000	   -492.39530739	      0.00000000	     -0.00000000	     -0.00000000	      7.46286347	    -62.80415356	      0.00000000	      0.00000000	     -0.00000000
      0.91600000	   -489.35624972	     -0.00000000	      0.00000000	    -27.01211150	      0.00000000	    -66.24449290	      0.00000000	      0.00000000	      0.00000000
      0.91700000	   -481.69090020	     -0.00000000	      0.00000000	     -0.00000000	      2.19621053	    -98.62559986	     -0.00000000	     -0.00000000	     -0.00000000
      0.91800000	   -470.66231490	      0.00000000	      0.00000000	     -9.97795872	      0.98193468	    -73.29703255	      0.00000000	     -0.00000000	     -0.00000000
      0.91900000	   -525.55678307	      0.00000000	     -0.00000000	    -15.78958071	      0.23356430	   -103.08747135	      0.00000000	     -0.00000000	      0.00000000
      0.92000000	   -411.68487923	      0.00000000	     -0.00000000	     -0.00000000	      0.77224638	   -105.68790465	      0.00000000	      0.00000000	     -0.00000000
      0.92100000	   -766.13653542	     -0.00000000	     -0.00000000	    -22.44145820	      0.00000000	    -66.13773248	     -0.00000000	     -0.00000000	     -0.00000000
      0.92200000	   -937.05829293	      0.00000000	      0.00000000	     -0.00000000	      8.47917132	    -77.11911796	      0.00000000	      0.00000000	      0.00000000
      0.92300000	   -215.30526165	      0.00000000	     -0.00000000	     -0.00000000	      3.61029841	    -47.19947594	      0.00000000	     -0.00000000	     -0.00000000
      0.92400000	   -414.09363560	     -0.00000000	     -0.00000000	     -1.71457341	      0.00000000	    -59.32288001	     -0.00000000	     -0.00000000	     -0.00000000
      0.92500000	   -625.62107281	      0.00000000	     -0.00000000	    -21.20937625	      0.00000000	   -123.07758047	     -0.00000000	     -0.00000000	     -0.00000000
      0.92600000	   -764.71160802	      0.00000000	      0.00000000	     -7.86683101	      0.00000000	    -82.86186748	      0.00000000	     -0.00000000	      0.00000000
      0.92700000	   -534.89547482	      0.00000000	      0.00000000	     -0.00000000	      9.35479913	    -97.12874722	     -0.00000000	     -0.00000000	     -0.00000000
      0.92800000	   -381.60990526	     -0.00000000	     -0.00000000	    -69.26405627	      0.00000000	    -91.58188252	     -0.00000000	     -0.00000000	     -0.00000000
      0.92900000	  -1167.22560990	      0.00000000	      0.00000000	     -0.00000000	      0.00000000	    -99.95188007	      0.00000000	      0.00000000	     -0.00000000
      0.93000000	   -625.77254807	     -0.00000000	      0.00000000	     -0.00000000	      7.08457911	    -82.84863762	      0.00000000	      0.00000000	      0.00000000
      0.93100000	   -502.72953774	     -0.00000000	      0.00000000	    -26.00455619	      0.00000000	    -91.19640897	     -0.00000000	     -0.00000000	     -0.00000000
      0.93200000	   -741.44010392	     -0.00000000	      0.00000000	     -0.00000000	      1.04416615	   -104.12400849	      0.00000000	      0.00000000	      0.00000000
      0.93300000	   -752.36212147	     -0.00000000	      0.00000000	     -0.00000000	      4.24673362	   -100.27666375	      0.00000000	      0.00000000	     -0.00000000
      0.93400000	   -517.23694668	     -0.00000000	     -0.00000000	    -14.14856586	      0.00000000	    -84.28431409	     -0.00000000	      0.00000000	     -0.00000000
      0.93500000	   -656.00425751	      0.00000000	      0.00000000	    -36.22599977	      0.00000000	    -67.44204813	      0.00000000	      0.00000000	     -0.00000000
      0.93600000	   -680.17648981	     -0.00000000	      0.00000000	     -0.00000000	      5.44398013	    -79.93573422	     -0.00000000	     -0.00000000	     -0.00000000
      0.93700000	   -602.03860206	     -0.00000000	     -0.00000000	    -14.24440380	      0.00000000	    -79.21048896	     -0.00000000	     -0.00000000	      0.00000000
      0.93800000	   -613.20977480	     -0.00000000	     -0.00000000	     -0.00000000	      5.42090803	   -104.91910959	      0.00000000	      0.00000000	     -0.00000000
      0.93900000	   -179.21643069	     -0.00000000	      0.00000000	     -0.00000000	      0.00000000	    -69.72405789	      0.00000000	      0.00000000	     -0.00000000
      0.94000000	   -487.53409561	      0.00000000	     -0.00000000	    -15.75408624	      0.00000000	    -60.76639888	     -0.00000000	     -0.00000000	     -0.00000000
      0.94100000	   -723.97790514	      0.00000000	      0.00000000	     -0.00000000	      0.22332091	   -118.17316460	      0.00000000	      0.00000000	      0.00000000
      0.94200000	   -713.40427319	     -0.00000000	     -0.00000000	    -15.61020613	      0.00000000	    -46.70308884	     -0.00000000	      0.00000000	      0.00000000
      0.94300000	   -467.04168440	      0.00000000	     -0.00000000	     -0.00000000	      9.98666633	    -81.31506697	     -0.00000000	     -0.00000000	      0.00000000
      0.94400000	   -364.13055831	      0.00000000	     -0.00000000	     -5.83929868	      0.00000000	    -93.45060636	      0.00000000	      0.00000000	      0.00000000
      0.94500000	   -812.02371169	     -0.00000000	     -0.00000000	     -0.00000000	      1.07993624	   -121.42926741	     -0.00000000	     -0.00000000	     -0.00000000
      0.94600000	   -374.87481271	      0.00000000	      0.00000000	    -18.19187850	      0.00000000	    -96.59884334	      0.00000000	      0.00000000	      0.00000000
      0.94700000	  -1085.59572665	      0.00000000	     -0.00000000	    -32.41499311	      0.00000000	   -126.25134332	      0.00000000	      0.00000000	      0.00000000
      0.94800000	   -639.79556952	     -0.00000000	      0.00000000	     -0.00000000	      8.88201485	    -53.91022319	      0.00000000	      0.00000000	      0.00000000
      0.94900000	   -302.43064125	     -0.00000000	      0.00000000	    -11.83434580	      0.00000000	    -91.10620550	      0.00000000	      0.00000000	      0.00000000
      0.95000000	   -618.86619421	     -0.00000000	      0.00000000	     -6.33853779	      0.00000000	    -53.84348169	      0.00000000	      0.00000000	     -0.00000000
      0.95100000	   -646.21337612	     -0.00000000	     -0.00000000	     -0.00000000	      9.61772398	    -85.57028308	     -0.00000000	      0.00000000	     -0.00000000
      0.95200000	   -290.13383436	      0.00000000	      0.00000000	    -60.71867276	      0.00000000	    -83.33840327	      0.00000000	      0.00000000	      0.00000000
      0.95300000	  -1021.06152015	     -0.00000000	     -0.00000000	    -14.67217526	      0.00000000	    -93.42029855	      0.00000000	     -0.00000000	     -0.00000000
      0.95400000	   -358.28600902	     -0.00000000	     -0.00000000	     -0.00000000	     10.59774567	    -63.99803068	     -0.00000000	      0.00000000	     -0.00000000
      0.95500000	   -489.85483724	     -0.00000000	      0.00000000	    -24.55859882	      0.00000000	   -117.59739167	      0.00000000	      0.00000000	      0.00000000
      0.95600000	   -517.80992752	      0.00000000	     -0.00000000	     -9.52801539	      0.22502670	    -64.93154078	     -0.00000000	      0.00000000	      0.00000000
      0.95700000	   -327.32564207	      0.00000000	      0.00000000	    -14.72265735	      0.00000000	    -58.20032548	      0.00000000	      0.00000000	      0.00000000
      0.95800000	   -637.88359023	     -0.00000000	      0.00000000	     -0.00000000	      0.00000000	    -99.19607044	      0.00000000	      0.00000000	     -0.00000000
      0.95900000	   -369.71200877	     -0.00000000	      0.00000000	     -0.00000000	      8.08242338	    -98.23168443	      0.00000000	      0.00000000	     -0.00000000
      0.96000000	   -351.24923568	      0.00000000	      0.00000000	     -0.22614476	      0.00000000	    -76.56608325	      0.00000000	     -0.00000000	      0.00000000
      0.96100000	   -623.63228218	      0.00000000	     -0.00000000	     -5.17675928	      0.00000000	   -118.96617414	     -0.00000000	      0.00000000	      0.00000000
      0.96200000	   -569.79386720	      0.00000000	      0.00000000	    -25.09667115	      0.00000000	    -57.60858062	      0.00000000	      0.00000000	      0.00000000
      0.96300000	   -829.44992416	      0.00000000	     -0.00000000	     -1.35887161	      1.29279190	    -97.70014727	     -0.00000000	     -0.00000000	      0.00000000
      0.96400000	   -687.06047069	      0.00000000	     -0.00000000	     -0.00000000	      4.47834545	    -57.60830136	     -0.00000000	     -0.00000000	      0.00000000
      0.96500000	   -764.02687195	     -0.00000000	      0.00000000	     -0.00000000	      1.52961093	    -84.37321620	      0.00000000	     -0.00000000	     -0.00000000
      0.96600000	   -877.67632310	     -0.00000000	      0.00000000	    -25.55540480	      0.00000000	    -95.47611520	      0.00000000	      0.00000000	     -0.00000000
      0.96700000	   -879.80030963	      0.00000000	     -0.00000000	    -10.49287722	      2.38489882	    -95.30734265	      0.00000000	      0.00000000	      0.00000000
      0.96800000	   -357.06191611	     -0.00000000	     -0.00000000	     -0.00000000	      9.26820965	    -62.42745218	      0.00000000	      0.00000000	     -0.00000000
      0.96900000	   -631.58110866	      0.00000000	      0.00000000	    -17.38912919	      0.00000000	   -118.34587514	      0.00000000	     -0.00000000	     -0.00000000
      0.97000000	   -617.46592389	     -0.00000000	      0.00000000	     -0.00000000	      2.32252926	    -56.73485663	      0.00000000	      0.00000000	      0.00000000
      0.97100000	   -743.16943097	     -0.00000000	      0.00000000	    -41.56169164	      0.00000000	   -115.83866266	     -0.00000000	      0.00000000	     -0.00000000
      0.97200000	   -630.19324620	     -0.00000000	     -0.00000000	     -0.00000000	      4.22947389	    -62.03239660	     -0.00000000	     -0.00000000	      0.00000000
      0.97300000	   -603.39732679	      0.00000000	     -0.00000000	     -1.16960140	      0.00000000	   -104.02533327	     -0.00000000	     -0.00000000	      0.00000000
      0.97400000	   -635.00274735	      0.00000000	     -0.00000000	    -20.03849779	      0.00000000	    -97.48994028	     -0.00000000	     -0.00000000	      0.00000000
      0.97500000	   -345.12603690	     -0.00000000	      0.00000000	     -0.00000000	      5.45923415	    -76.15808585	      0.00000000	     -0.00000000	      0.00000000
      0.97600000	   -603.52439448	      0.00000000	      0.00000000	    -35.93196205	      0.00000000	    -94.64501274	      0.00000000	      0.00000000	     -0.00000000
      0.97700000	   -764.04312810	     -0.00000000	      0.00000000	     -1.67892932	      1.19991311	   -107.98005783	      0.00000000	      0.00000000	     -0.00000000
      0.97800000	   -484.75364903	      0.00000000	     -0.00000000	     -0.00000000	      5.68510953	   -107.75381303	      0.00000000	     -0.00000000	     -0.00000000
      0.97900000	   -589.67648509	     -0.00000000	     -0.00000000	    -29.39317981	      0.00000000	    -69.08346915	      0.00000000	      0.00000000	      0.00000000
      0.98000000	   -922.94512842	     -0.00000000	      0.00000000	     -0.00000000	      2.65000667	    -97.60912013	      0.00000000	      0.00000000	      0.00000000
      0.98100000	   -544.96819032	      0.00000000	      0.00000000	     -0.00000000	      5.41912092	    -92.27943238	     -0.00000000	      0.00000000	      0.00000000
      0.98200000	   -433.78791085	     -0.00000000	      0.00000000	    -14.20986760	      0.00000000	    -44.04435436	     -0.00000000	      0.00000000	      0.00000000
      0.98300000	   -444.46862324	     -0.00000000	     -0.00000000	     -0.00000000	      6.33105291	    -75.79605901	      0.00000000	     -0.00000000	      0.00000000
      0.98400000	   -487.73455327	     -0.00000000	     -0.00000000	    -30.39611285	      0.00000000	    -78.32812271	     -0.00000000	     -0.00000000	     -0.00000000
      0.98500000	   -581.50418277	      0.00000000	     -0.00000000	    -16.89285093	      0.00000000	    -47.50011231	      0.00000000	      0.00000000	      0.00000000
      0.98600000	   -714.96592263	      0.00000000	      0.00000000	     -0.00000000	      0.00000000	    -56.64859487	     -0.00000000	      0.00000000	      0.00000000
      0.98700000	   -756.13654804	      0.00000000	      0.00000000	     -4.14175688	      2.32859399	    -69.95280118	      0.00000000	     -0.00000000	     -0.00000000
      0.98800000	   -476.81326218	      0.00000000	      0.00000000	     -0.00000000	      5.11060937	    -83.18556740	      0.00000000	      0.00000000	      0.00000000
      0.98900000	   -583.18434939	     -0.00000000	     -0.00000000	     -0.00000000	      4.00502030	   -110.63605834	     -0.00000000	     -0.00000000	     -0.00000000
      0.99000000	   -428.58513810	     -0.00000000	     -0.00000000	    -61.13984907	      0.00000000	    -81.43958153	     -0.00000000	     -0.00000000	      0.00000000
      0.99100000	   -883.46129395	      0.00000000	     -0.00000000	     -0.00000000	      1.68439724	   -114.15449172	     -0.00000000	     -0.00000000	      0.00000000
      0.99200000	   -455.90279238	     -0.00000000	     -0.00000000	     -9.90121775	      0.00000000	    -64.74518494	      0.00000000	      0.00000000	     -0.00000000
      0.99300000	  -1229.74610351	     -0.00000000	      0.00000000	     -0.00000000	      0.00000000	    -95.27639301	      0.00000000	     -0.00000000	     -0.00000000
      0.99400000	   -448.55220907	     -0.00000000	     -0.00000000	     -0.00000000	      3.66637574	    -94.01923474	     -0.00000000	      0.00000000	     -0.00000000
      0.99500000	   -564.70157533	      0.00000000	      0.00000000	     -0.00000000	      4.86547956	    -78.77327709	     -0.00000000	     -0.00000000	     -0.00000000
      0.99600000	   -369.05444311	     -0.00000000	      0.00000000	    -23.77864133	      0.00000000	    -88.90403124	     -0.00000000	     -0.00000000	      0.00000000
      0.99700000	   -872.83266395	     -0.00000000	     -0.00000000	     -0.00000000	      0.00000000	   -104.95199938	     -0.00000000	      0.00000000	     -0.00000000
      0.99800000	   -457.46410185	      0.00000000	      0.00000000	     -0.00000000	      3.80966407	   -106.74426906	      0.00000000	      0.00000000	      0.00000000
      0.99900000	   -397.96732460	      0.00000000	     -0.00000000	    -12.27384795	      0.00000000	    -43.64730705	     -0.00000000	      0.00000000	      0.00000000
      1.00000000	   -194.50287957	     -0.00000000	      0.00000000	     -0.00000000	      5.40051797	    -86.20734121	      0.00000000	     -0.00000000	     -0.00000000
      1.00100000	   -501.58991311	     -0.00000000	     -0.00000000	    -10.80125013	      0.00000000	   -117.74407776	     -0.00000000	     -0.00000000	      0.00000000
      1.00200000	   -706.77768757	     -0.00000000	      0.00000000	     -6.92932169	      0.85387204	    -90.39551886	     -0.00000000	      0.00000000	     -0.00000000
      1.00300000	   -418.70940008	     -0.00000000	      0.00000000	    -10.52659246	      0.00000000	   -102.80009788	     -0.00000000	     -0.00000000	      0.00000000
      1.00400000	   -543.26048235	      0.00000000	      0.00000000	     -5.73530668	      1.02413372	    -53.93051532	      0.00000000	      0.00000000	      0.00000000
      1.00500000	   -512.51572326	     -0.00000000	     -0.00000000	     -8.58493432	      0.00000000	    -57.79755167	     -0.00000000	     -0.00000000	      0.00000000
      1.00600000	   -542.91527100	      0.00000000	     -0.00000000	     -0.00000000	      0.00000000	   -102.34996835	      0.00000000	      0.00000000	      0.00000000
      1.00700000	   -679.92241141	     -0.00000000	      0.00000000	     -0.00000000	      4.68783101	    -79.00183122	      0.00000000	     -0.00000000	      0.00000000
      1.00800000	   -728.42957168	      0.00000000	     -0.00000000	     -0.00000000	      2.91986789	   -112.04130787	      0.00000000	      0.00000000	     -0.00000000
      1.00900000	   -445.08135417	     -0.00000000	      0.00000000	    -37.26024888	      0.00000000	    -46.62300187	     -0.00000000	      0.00000000	      0.00000000
      1.01000000	   -739.93732667	     -0.00000000	      0.00000000	     -0.00000000	      4.52021737	    -71.71446833	     -0.00000000	     -0.00000000	     -0.00000000
      1.01100000	   -374.81267166	      0.00000000	     -0.00000000	     -0.00000000	      1.93455294	    -74.24865172	     -0.00000000	     -0.00000000	      0.00000000
      1.01200000	   -986.84960595	      0.00000000	      0.00000000	    -26.89824428	      0.00000000	   -106.25663630	     -0.00000000	      0.00000000	      0.00000000
      1.01300000	   -433.50286036	      0.00000000	     -0.00000000	     -0.00000000	      6.63349663	    -98.54161461	     -0.00000000	     -0.00000000	     -0.00000000
      1.01400000	   -397.28731222	     -0.00000000	      0.00000000	     -9.96953014	      0.00000000	    -65.12792524	     -0.00000000	      0.00000000	      0.00000000
      1.01500000	   -661.34852702	     -0.00000000	     -0.00000000	    -15.73131810	      0.00000000	   -124.61360238	     -0.00000000	      0.00000000	      0.00000000
      1.01600000	   -674.07243209	      0.00000000	     -0.00000000	    -15.06806579	      0.00000000	    -64.07676157	     -0.00000000	      0.00000000	     -0.00000000
      1.01700000	   -633.84880094	      0.00000000	     -0.00000000	     -0.00000000	      0.98112255	    -64.82780822	      0.00000000	      0.00000000	      0.00000000
      1.01800000	   -529.31304711	      0.00000000	     -0.00000000	     -0.00000000	      5.75170374	   -113.36872554	     -0.00000000	     -0.00000000	     -0.00000000
      1.01900000	   -417.61246050	      0.00000000	      0.00000000	    -37.58926389	      0.00000000	    -54.46290828	      0.00000000	      0.00000000	      0.00000000
      1.02000000	   -907.75409156	      0.00000000	      0.00000000	     -0.00000000	      4.20484203	    -96.29965283	      0.00000000	      0.00000000	      0.00000000
      1.02100000	   -361.03800749	     -0.00000000	      0.00000000	     -0.00000000	      2.14419608	   -113.44337825	     -0.00000000	     -0.00000000	     -0.00000000
      1.02200000	   -641.02510226	     -0.00000000	      0.00000000	    -10.69435390	      0.00000000	    -56.79802632	      0.00000000	      0.00000000	     -0.00000000
      1.02300000	   -366.83652852	      0.00000000	      0.00000000	     -0.00000000	      7.21232710	    -72.60591519	     -0.00000000	     -0.00000000	      0.00000000
      1.02400000	   -559.04210283	     -0.00000000	     -0.00000000	    -44.95099292	      0.00000000	   -104.30422981	      0.00000000	      0.00000000	     -0.00000000
      1.02500000	   -880.40501526	      0.00000000	     -0.00000000	     -0.00000000	      6.07591474	    -81.46964425	     -0.00000000	     -0.00000000	     -0.00000000
      1.02600000	   -272.26234742	     -0.00000000	      0.00000000	    -16.73912314	      0.00000000	    -69.98326777	      0.00000000	      0.00000000	     -0.00000000
      1.02700000	   -749.57610693	     -0.00000000	     -0.00000000	     -0.00000000	      0.00000000	    -72.06264095	     -0.00000000	      0.00000000	     -0.00000000
      1.02800000	   -529.77227095	      0.00000000	      0.00000000	     -0.00000000	      4.53693682	    -84.69816865	      0.00000000	      0.00000000	      0.00000000
      1.02900000	   -762.11328251	      0.00000000	      0.00000000	    -35.68857449	      0.00000000	   -103.88767326	     -0.00000000	     -0.00000000	     -0.00000000
      1.03000000	   -495.11547597	      0.00000000	      0.00000000	     -0.00000000	      3.43809715	    -99.98528335	      0.00000000	     -0.00000000	     -0.00000000
      1.03100000	   -409.16114051	     -0.00000000	     -0.00000000	     -0.00000000	      4.98419257	    -92.41550182	     -0.00000000	      0.00000000	     -0.00000000
      1.03200000	   -388.34254591	     -0.00000000	     -0.00000000	    -21.25163125	      0.00000000	    -98.89967090	     -0.00000000	      0.00000000	     -0.00000000
      1.03300000	   -686.65860286	      0.00000000	     -0.00000000	    -36.37594273	      0.00000000	   -104.66500413	     -0.00000000	     -0.00000000	     -0.00000000
      1.03400000	   -511.35969579	     -0.00000000	     -0.00000000	     -0.00000000	      3.56415019	    -98.45866830	      0.00000000	     -0.00000000	      0.00000000
      1.03500000	   -675.70487876	     -0.00000000	     -0.00000000	    -26.94999082	      0.00000000	    -87.08722218	      0.00000000	     -0.00000000	     -0.00000000
      1.03600000	   -994.62290127	     -0.00000000	     -0.00000000	    -11.89608529	      0.00000000	   -105.79023951	     -0.00000000	     -0.00000000	      0.00000000
      1.03700000	   -836.55524517	      0.00000000	      0.00000000	     -0.00000000	      6.04987046	    -66.31340308	      0.00000000	      0.00000000	      0.00000000
      1.03800000	   -509.89989920	      0.00000000	     -0.00000000	    -10.73360672	      0.00000000	    -87.54029219	     -0.00000000	     -0.00000000	      0.00000000
      1.03900000	   -535.82144447	     -0.00000000	      0.00000000	     -0.00000000	      5.10443990	    -55.30077345	      0.00000000	     -0.00000000	     -0.00000000
      1.04000000	   -345.74891263	      0.00000000	      0.00000000	     -0.00000000	      0.94924167	    -84.36205535	     -0.00000000	     -0.00000000	     -0.00000000
      1.04100000	   -643.13592162	     -0.00000000	     -0.00000000	    -17.90353029	      0.00000000	    -73.11733222	     -0.00000000	      0.00000000	      0.00000000
      1.04200000	  -1077.62005714	     -0.00000000	     -0.00000000	     -0.00000000	      8.22802483	    -75.98470264	      0.00000000	      0.00000000	     -0.00000000
      1.04300000	   -517.53872374	     -0.00000000	     -0.00000000	    -32.83903101	      0.00000000	   -102.22576179	     -0.00000000	      0.00000000	      0.00000000
      1.04400000	   -891.45053208	     -0.00000000	     -0.00000000	     -0.00000000	      0.00000000	    -82.04370203	     -0.00000000	     -0.00000000	     -0.00000000
      1.04500000	   -848.23193814	     -0.00000000	     -0.00000000	     -0.00000000	      5.81670047	   -122.85758008	     -0.00000000	     -0.00000000	     -0.00000000
      1.04600000	   -522.44438564	     -0.00000000	     -0.00000000	     -5.03331576	      0.00000000	    -39.32127436	     -0.00000000	      0.00000000	      0.00000000
      1.04700000	   -329.99915539	      0.00000000	     -0.00000000	     -0.00000000	      5.22967619	    -69.14648338	      0.00000000	      0.00000000	      0.00000000
      1.04800000	   -378.54434803	     -0.00000000	     -0.00000000	    -47.98840356	      0.00000000	    -80.44057615	     -0.00000000	     -0.00000000	     -0.00000000
      1.04900000	   -533.67083850	     -0.00000000	     -0.00000000	     -0.00000000	      5.57132211	    -42.35538786	     -0.00000000	     -0.00000000	     -0.00000000
      1.05000000	   -417.36003949	     -0.00000000	     -0.00000000	     -0.00000000	      4.63396752	    -87.83943206	     -0.00000000	     -0.00000000	      0.00000000
      1.05100000	   -571.66455076	     -0.00000000	     -0.00000000	    -48.75258413	      0.00000000	    -79.92122703	     -0.00000000	     -0.00000000	     -0.00000000
      1.05200000	   -933.67843602	     -0.00000000	      0.00000000	     -0.00000000	      6.25127871	    -99.89824024	      0.00000000	      0.00000000	     -0.00000000
      1.05300000	   -471.60876615	      0.00000000	      0.00000000	     -0.00000000	      2.42910215	   -105.78122699	      0.00000000	      0.00000000	      0.00000000
      1.05400000	   -514.88993174	      0.00000000	     -0.00000000	    -15.29880678	      0.00000000	    -64.36255859	     -0.00000000	      0.00000000	     -0.00000000
      1.05500000	   -311.67555040	      0.00000000	     -0.00000000	     -0.00000000	      5.08640830	    -94.60383316	     -0.00000000	     -0.00000000	     -0.00000000
      1.05600000	   -762.78400630	      0.00000000	     -0.00000000	    -45.85844242	      0.00000000	    -79.24114663	      0.00000000	     -0.00000000	      0.00000000
      1.05700000	   -910.94144344	     -0.00000000	     -0.00000000	     -0.00000000	      5.48500872	    -94.50204773	     -0.00000000	     -0.00000000	      0.00000000
      1.05800000	   -188.08340892	      0.00000000	      0.00000000	     -0.00000000	      6.87057759	    -65.28056241	     -0.00000000	     -0.00000000	     -0.00000000
      1.05900000	   -587.46458619	      0.00000000	     -0.00000000	     -8.20447326	      0.00000000	    -87.26435734	      0.00000000	     -0.00000000	     -0.00000000
      1.06000000	   -643.72873709	     -0.00000000	      0.00000000	    -24.64282496	      0.00000000	   -100.42577890	      0.00000000	     -0.00000000	      0.00000000
      1.06100000	   -571.78295290	     -0.00000000	      0.00000000	     -0.00000000	      1.43780987	    -36.26532632	      0.00000000	     -0.00000000	      0.00000000
      1.06200000	   -437.58187285	     -0.00000000	      0.00000000	    -23.69350213	      0.00000000	   -108.63787345	     -0.00000000	     -0.00000000	     -0.00000000
      1.06300000	   -709.19289725	      0.00000000	     -0.00000000	     -0.00000000	      0.21879047	   -103.58052224	     -0.00000000	      0.00000000	      0.00000000
      1.06400000	   -508.62317122	     -0.00000000	      0.00000000	     -0.00000000	      5.16377600	    -74.03651878	     -0.00000000	     -0.00000000	      0.00000000
      1.06500000	   -575.31997366	     -0.00000000	     -0.00000000	    -59.75049736	      0.00000000	    -87.75702914	     -0.00000000	      0.00000000	     -0.00000000
      1.06600000	   -962.78100085	     -0.00000000	     -0.00000000	     -0.00000000	      8.73961701	    -87.40403554	      0.00000000	      0.00000000	      0.00000000
      1.06700000	   -712.45787747	      0.00000000	     -0.00000000	     -0.00000000	      2.36288418	   -108.25698629	     -0.00000000	      0.00000000	     -0.00000000
      1.06800000	   -666.24909981	     -0.00000000	      0.00000000	     -9.27033949	      1.85224496	    -92.39699718	      0.00000000	      0.00000000	     -0.00000000
      1.06900000	   -343.94279728	     -0.00000000	     -0.00000000	    -28.27668112	      0.00000000	    -65.07966366	      0.00000000	     -0.00000000	      0.00000000
      1.07000000	   -930.44736790	     -0.00000000	      0.00000000	     -5.34821721	      0.00000000	    -63.66583084	      0.00000000	      0.00000000	      0.00000000
      1.07100000	   -265.11577127	      0.00000000	     -0.00000000	     -0.00000000	     11.17266127	    -49.29125496	      0.00000000	      0.00000000	     -0.00000000
      1.07200000	   -515.81249628	     -0.00000000	     -0.00000000	    -30.02266513	      0.00000000	    -97.64960582	     -0.00000000	      0.00000000	      0.00000000
      1.07300000	   -630.28048530	      0.00000000	      0.00000000	    -27.68599241	      0.00000000	    -79.83821909	      0.00000000	     -0.00000000	      0.00000000
      1.07400000	   -531.56852683	      0.00000000	      0.00000000	     -0.00000000	      0.99499834	    -87.20504894	     -0.00000000	     -0.00000000	     -0.00000000
      1.07500000	   -847.21542513	     -0.00000000	     -0.00000000	    -18.91074868	      0.00000000	   -100.47363890	     -0.00000000	      0.00000000	     -0.00000000
      1.07600000	   -774.17837004	     -0.00000000	     -0.00000000	     -0.00000000	      4.86401031	    -70.76282544	     -0.00000000	     -0.00000000	     -0.00000000
      1.07700000	   -397.06551995	     -0.00000000	      0.00000000	     -0.00000000	      6.63700995	    -62.99402831	      0.00000000	      0.00000000	      0.00000000
      1.07800000	   -376.27886434	      0.00000000	     -0.00000000	    -74.21607980	      0.00000000	    -97.90623867	     -0.00000000	     -0.00000000	     -0.00000000
      1.07900000	  -1096.26260277	     -0.00000000	     -0.00000000	     -0.00000000	      6.25195434	   -113.46323551	      0.00000000	      0.00000000	      0.00000000
      1.08000000	   -301.14743229	      0.00000000	      0.00000000	     -9.86692856	      0.00000000	    -75.08942468	      0.00000000	      0.00000000	      0.00000000
      1.08100000	   -837.08107401	      0.00000000	     -0.00000000	     -0.00000000	      0.00000000	    -65.58049972	     -0.00000000	     -0.00000000	      0.00000000
      1.08200000	   -433.81031182	     -0.00000000	     -0.00000000	     -0.00000000	      5.50009883	    -97.52431536	     -0.00000000	     -0.00000000	     -0.00000000
      1.08300000	   -695.45049854	      0.00000000	      0.00000000	    -33.11922209	      0.00000000	   -115.39024378	      0.00000000	     -0.00000000	     -0.00000000
      1.08400000	   -845.37960101	      0.00000000	      0.00000000	    -16.41928537	      0.00000000	    -71.85417753	      0.00000000	      0.00000000	     -0.00000000
      1.08500000	   -726.70504932	      0.00000000	      0.00000000	     -0.00000000	      4.76253067	    -79.92342346	      0.00000000	      0.00000000	      0.00000000
      1.08600000	   -517.29313829	      0.00000000	      0.00000000	     -0.00000000	      3.06211942	    -76.03375929	      0.00000000	     -0.00000000	      0.00000000
      1.08700000	   -442.46832486	      0.00000000	      0.00000000	    -12.08696460	      0.00000000	    -75.86183711	      0.00000000	      0.00000000	      0.00000000
      1.08800000	   -683.38018633	      0.00000000	     -0.00000000	    -24.97660064	      0.00000000	    -90.80354918	      0.00000000	      0.00000000	     -0.00000000
      1.08900000	  -1070.51674638	     -0.00000000	     -0.00000000	    -12.55252108	      0.00000000	    -96.30400619	      0.00000000	      0.00000000	      0.00000000
      1.09000000	   -921.34817789	     -0.00000000	     -0.00000000	     -0.00000000	      3.83031192	    -93.11479202	     -0.00000000	     -0.00000000	      0.00000000
      1.09100000	   -504.22079329	     -0.00000000	     -0.00000000	     -0.00000000	      5.95823477	    -48.31695072	      0.00000000	      0.00000000	     -0.00000000
      1.09200000	   -238.52109710	      0.00000000	     -0.00000000	     -0.00000000	      1.40314003	    -50.78335444	     -0.00000000	     -0.00000000	      0.00000000
      1.09300000	   -958.48122352	      0.00000000	      0.00000000	    -13.32207553	      0.00000000	    -91.76977514	      0.00000000	     -0.00000000	     -0.00000000
      1.09400000	   -656.18933200	     -0.00000000	      0.00000000	     -0.00000000	      6.55801023	    -65.95948384	      0.00000000	      0.00000000	      0.00000000
      1.09500000	   -384.34435872	      0.00000000	     -0.00000000	    -19.99155819	      0.00000000	   -102.30796759	      0.00000000	     -0.00000000	      0.00000000
      1.09600000	   -478.79635803	      0.00000000	     -0.00000000	    -12.21249564	      0.00000000	   -115.43200979	      0.00000000	      0.00000000	      0.00000000
      1.09700000	   -371.46056724	     -0.00000000	      0.00000000	     -0.00000000	      2.89204253	   -117.09732626	     -0.00000000	     -0.00000000	     -0.00000000
      1.09800000	   -775.32622383	     -0.00000000	      0.00000000	    -25.61526153	      0.00000000	    -70.25302929	      0.00000000	      0.00000000	      0.00000000
      1.09900000	   -629.67039761	     -0.00000000	     -0.00000000	     -0.00000000	      8.04958477	    -90.49902453	     -0.00000000	      0.00000000	     -0.00000000
      1.10000000	   -268.00137986	      0.00000000	     -0.00000000	    -22.95995753	      0.00000000	    -57.31792524	      0.00000000	      0.00000000	     -0.00000000
      1.10100000	  -1105.38193161	      0.00000000	     -0.00000000	     -0.00000000	      0.00000000	   -104.16968897	     -0.00000000	      0.00000000	      0.00000000
      1.10200000	   -551.14217738	     -0.00000000	     -0.00000000	     -0.00000000	      2.75156092	    -87.72815162	     -0.00000000	     -0.00000000	     -0.00000000
      1.10300000	   -951.07592453	      0.00000000	      0.00000000	     -5.78000594	      0.00000000	    -55.40894899	      0.00000000	     -0.00000000	      0.00000000
      1.10400000	   -537.05349781	      0.00000000	      0.00000000	     -0.00000000	      8.78588643	    -98.87157096	      0.00000000	      0.00000000	      0.00000000
      1.10500000	   -348.38523609	     -0.00000000	      0.00000000	    -10.06065249	      0.00000000	    -50.08159488	     -0.00000000	     -0.00000000	      0.00000000
      1.10600000	   -770.03722208	      0.00000000	      0.00000000	     -5.83995208	      0.00000000	    -68.01010746	      0.00000000	      0.00000000	      0.00000000
      1.10700000	   -664.99031562	     -0.00000000	      0.00000000	     -0.00000000	      2.90544183	   -109.78415467	     -0.00000000	     -0.00000000	      0.00000000
      1.10800000	   -395.95329422	     -0.00000000	     -0.00000000	     -0.00000000	      7.36278276	    -59.03246225	     -0.00000000	     -0.00000000	      0.00000000
      1.10900000	   -145.40816157	      0.00000000	     -0.00000000	    -48.28163777	      0.00000000	    -69.62740947	      0.00000000	      0.00000000	      0.00000000
      1.11000000	   -797.58198725	      0.00000000	      0.00000000	     -0.00000000	      1.05296599	    -56.91906991	     -0.00000000	      0.00000000	     -0.00000000
      1.11100000	   -422.13861964	      0.00000000	     -0.00000000	     -0.00000000	      6.85169913	    -75.55985184	     -0.00000000	     -0.00000000	     -0.00000000
      1.11200000	   -422.62238335	      0.00000000	     -0.00000000	    -55.30613582	      0.00000000	    -96.27744731	      0.00000000	      0.00000000	      0.00000000
      1.11300000	   -861.89220212	     -0.00000000	     -0.00000000	     -0.00000000	      8.77799264	    -66.30382838	     -0.00000000	      0.00000000	     -0.00000000
      1.11400000	   -334.40207800	     -0.00000000	      0.00000000	     -0.00000000	      0.00000000	    -85.19523836	      0.00000000	      0.00000000	      0.00000000
      1.11500000	   -762.15308047	      0.00000000	     -0.00000000	    -14.79701948	      0.00000000	    -76.64877006	     -0.00000000	      0.00000000	      0.00000000
      1.11600000	   -465.55746102	     -0.00000000	     -0.00000000	     -0.00000000	      3.44592789	   -106.35257385	      0.00000000	     -0.00000000	     -0.00000000
      1.11700000	   -450.64607847	     -0.00000000	     -0.00000000	    -25.15655889	      0.00000000	   -100.74084055	     -0.00000000	     -0.00000000	     -0.00000000
      1.11800000	   -611.94159394	      0.00000000	      0.00000000	     -0.00000000	      6.90881759	    -95.14061644	      0.00000000	      0.00000000	      0.00000000
      1.11900000	   -516.59415455	     -0.00000000	     -0.00000000	    -30.91187123	      0.00000000	    -80.29448424	     -0.00000000	     -0.00000000	     -0.00000000
      1.12000000	   -748.18385306	     -0.00000000	      0.00000000	     -0.00000000	      0.00000000	    -87.11426952	      0.00000000	      0.00000000	      0.00000000
      1.12100000	   -442.57270578	      0.00000000	     -0.00000000	     -0.00000000	      1.70109579	   -107.10202045	     -0.00000000	     -0.00000000	      0.00000000
      1.12200000	   -672.67143832	     -0.00000000	      0.00000000	    -24.73800989	      0.00000000	    -53.25996274	      0.00000000	      0.00000000	      0.00000000
      1.12300000	   -432.57313673	      0.00000000	      0.00000000	     -0.00000000	      2.26064493	    -92.07804223	     -0.00000000	      0.00000000	     -0.00000000
      1.12400000	   -827.95783288	     -0.00000000	      0.00000000	     -7.84299604	      0.00000000	    -50.85103813	      0.00000000	      0.00000000	      0.00000000
      1.12500000	  -1025.75926304	     -0.00000000	     -0.00000000	     -1.98080270	      4.88400942	    -91.92150677	     -0.00000000	     -0.00000000	     -0.00000000
      1.12600000	   -430.73591218	     -0.00000000	     -0.00000000	     -0.00000000	      0.00000000	    -76.53497527	      0.00000000	      0.00000000	      0.00000000
      1.12700000	   -992.76375169	     -0.00000000	     -0.00000000	     -0.00000000	      2.59859210	    -89.43153830	     -0.00000000	     -0.00000000	     -0.00000000
      1.12800000	   -679.39467844	      0.00000000	     -0.00000000	    -23.49217904	      0.00000000	   -107.12241124	     -0.00000000	     -0.00000000	     -0.00000000
      1.12900000	   -858.52766633	     -0.00000000	      0.00000000	     -0.00000000	      5.28739625	    -58.31724170	      0.00000000	     -0.00000000	      0.00000000
      1.13000000	   -425.06328609	      0.00000000	      0.00000000	     -0.00000000	      1.92806392	    -65.26651286	      0.00000000	      0.00000000	      0.00000000
      1.13100000	   -741.04872223	      0.00000000	     -0.00000000	    -26.42698380	      0.00000000	    -81.17233249	     -0.00000000	     -0.00000000	     -0.00000000
      1.13200000	   -850.53217368	     -0.00000000	     -0.00000000	     -0.00000000	      7.62334603	   -106.45708366	     -0.00000000	      0.00000000	     -0.00000000
      1.13300000	   -368.33827140	      0.00000000	     -0.00000000	    -26.54347051	      0.00000000	    -94.89201275	     -0.00000000	     -0.00000000	      0.00000000
      1.13400000	   -664.79726566	     -0.00000000	     -0.00000000	     -4.51356713	      0.00000000	   -108.75225085	     -0.00000000	      0.00000000	     -0.00000000
      1.13500000	   -804.75998606	     -0.00000000	     -0.00000000	     -0.00000000	      7.09577122	    -53.00792358	      0.00000000	     -0.00000000	     -0.00000000
      1.13600000	   -283.50742220	      0.00000000	      0.00000000	     -7.58684933	      3.17495693	    -61.94101931	      0.00000000	      0.00000000	     -0.00000000
      1.13700000	   -846.17648195	     -0.00000000	     -0.00000000	    -31.45828940	      0.00000000	    -67.65964424	      0.00000000	      0.00000000	     -0.00000000
      1.13800000	   -459.57318574	      0.00000000	     -0.00000000	     -0.00000000	      8.39309410	   -104.47075030	     -0.00000000	     -0.00000000	      0.00000000
      1.13900000	   -520.27861537	     -0.00000000	     -0.00000000	    -12.76978614	      0.00000000	   -100.70665587	     -0.00000000	      0.00000000	      0.00000000
      1.14000000	  -1020.03102706	     -0.00000000	      0.00000000	    -17.84711247	      0.00000000	    -82.79868874	     -0.00000000	     -0.00000000	     -0.00000000
      1.14100000	   -392.58265264	     -0.00000000	      0.00000000	     -0.00000000	      9.14599708	    -39.39457020	      0.00000000	      0.00000000	      0.00000000
      1.14200000	   -348.50998467	      0.00000000	      0.00000000	    -22.36103404	      0.00000000	    -78.74544160	     -0.00000000	      0.00000000	      0.00000000
      1.14300000	   -579.30912349	     -0.00000000	     -0.00000000	     -0.00000000	      3.20852140	    -98.70010659	      0.00000000	      0.00000000	     -0.00000000
      1.14400000	   -348.76585352	      0.00000000	     -0.00000000	     -0.00000000	      0.00000000	    -78.80555575	      0.00000000	      0.00000000	     -0.00000000
      1.14500000	  -1011.42952741	     -0.00000000	     -0.00000000	     -9.42832409	      0.00000000	    -75.85016460	     -0.00000000	     -0.00000000	     -0.00000000
      1.14600000	   -811.16704657	      0.00000000	     -0.00000000	     -6.40766825	      2.37692394	    -65.42178546	     -0.00000000	     -0.00000000	      0.00000000
      1.14700000	   -650.13915583	      0.00000000	      0.00000000	     -0.00000000	      7.45978048	    -88.47255469	      0.00000000	     -0.00000000	     -0.00000000
      1.14800000	   -412.21567482	      0.00000000	     -0.00000000	    -22.24902894	      0.00000000	    -71.87450819	     -0.00000000	     -0.00000000	      0.00000000
      1.14900000	   -712.00321784	     -0.00000000	      0.00000000	    -34.97672917	      0.00000000	    -84.94189029	     -0.00000000	     -0.00000000	     -0.00000000
      1.15000000	   -623.18964982	     -0.00000000	     -0.00000000	     -0.00000000	      5.86636763	    -71.47088522	     -0.00000000	     -0.00000000	     -0.00000000
      1.15100000	   -951.72512731	      0.00000000	      0.00000000	    -30.13624116	      0.00000000	    -90.65861430	     -0.00000000	     -0.00000000	      0.00000000
      1.15200000	   -788.00379166	      0.00000000	      0.00000000	     -0.00000000	      4.73066307	    -91.60195794	      0.00000000	      0.00000000	      0.00000000
      1.15300000	   -748.05739434	      0.00000000	     -0.00000000	     -8.08840140	      0.69437237	   -121.74214799	      0.00000000	     -0.00000000	     -0.00000000
      1.15400000	   -713.67986019	      0.00000000	     -0.00000000	     -0.00000000	      0.66564093	    -57.44650078	     -0.00000000	     -0.00000000	     -0.00000000
      1.15500000	   -401.98396185	      0.00000000	      0.00000000	     -0.00000000	      3.29508533	    -79.51680748	      0.00000000	      0.00000000	      0.00000000
      1.15600000	   -651.65000410	     -0.00000000	     -0.00000000	    -31.17034642	      0.00000000	   -115.23412006	     -0.00000000	      0.00000000	     -0.00000000
      1.15700000	   -481.85305264	     -0.00000000	      0.00000000	     -1.90565466	      0.00000000	    -56.15599798	      0.00000000	      0.00000000	     -0.00000000
      1.15800000	   -473.75998782	     -0.00000000	      0.00000000	    -11.90013465	      0.00000000	    -77.93403038	      0.00000000	     -0.00000000	      0.00000000
      1.15900000	   -595.29811618	     -0.00000000	      0.00000000	    -21.96388855	      0.00000000	    -58.88682032	      0.00000000	      0.00000000	      0.00000000
      1.16000000	  -1120.56599192	      0.00000000	     -0.00000000	     -0.00000000	      2.77173952	    -86.46187921	      0.00000000	      0.00000000	     -0.00000000
      1.16100000	   -863.09742066	      0.00000000	     -0.00000000	     -0.00000000	      4.10237267	    -74.55205579	     -0.00000000	     -0.00000000	     -0.00000000
      1.16200000	   -592.00481372	      0.00000000	     -0.00000000	     -0.00000000	      4.61739668	    -71.00999320	     -0.00000000	     -0.00000000	      0.00000000
      1.16300000	   -462.45502959	      0.00000000	      0.00000000	    -14.63522451	      0.00000000	    -62.07923173	      0.00000000	     -0.00000000	     -0.00000000
      1.16400000	   -685.06320411	     -0.00000000	     -0.00000000	    -34.80063963	      0.00000000	    -63.26500529	     -0.00000000	     -0.00000000	     -0.00000000
      1.16500000	   -674.94106130	     -0.00000000	     -0.00000000	     -0.00000000	      2.87937366	    -94.63096703	     -0.00000000	      0.00000000	     -0.00000000
      1.16600000	   -738.98711323	      0.00000000	     -0.00000000	     -0.00000000	      6.64502452	    -59.64779952	     -0.00000000	     -0.00000000	      0.00000000
      1.16700000	   -649.26399691	     -0.00000000	      0.00000000	    -15.80311275	      0.00000000	    -75.76664907	      0.00000000	      0.00000000	     -0.00000000
      1.16800000	  -1202.86684567	     -0.00000000	     -0.00000000	     -8.99024754	      0.00000000	    -88.51402005	     -0.00000000	      0.00000000	      0.00000000
      1.16900000	   -805.19589002	      0.00000000	      0.00000000	     -0.00000000	      7.42256532	    -92.35615638	      0.00000000	     -0.00000000	     -0.00000000
      1.17000000	   -543.65099473	     -0.00000000	      0.00000000	    -31.52505937	      0.00000000	    -92.07041185	      0.00000000	      0.00000000	      0.00000000
      1.17100000	   -391.12531933	      0.00000000	      0.00000000	     -0.00000000	      7.35629251	    -78.40503562	      0.00000000	      0.00000000	      0.00000000
      1.17200000	   -285.81181207	      0.00000000	     -0.00000000	    -21.28453680	      0.00000000	    -51.76764710	     -0.00000000	      0.00000000	     -0.00000000
      1.17300000	   -876.74814218	      0.00000000	      0.00000000	    -13.45793591	      0.00000000	    -70.54221460	     -0.00000000	     -0.00000000	      0.00000000
      1.17400000	   -339.14809193	     -0.00000000	     -0.00000000	     -0.00000000	      9.80491917	    -84.87541657	     -0.00000000	     -0.00000000	      0.00000000
      1.17500000	   -273.87250153	     -0.00000000	     -0.00000000	    -20.63706544	      0.00000000	    -51.51418809	     -0.00000000	      0.00000000	     -0.00000000
      1.17600000	   -700.33696809	     -0.00000000	     -0.00000000	     -0.48906752	      0.00000000	    -67.18507983	     -0.00000000	     -0.00000000	      0.00000000
      1.17700000	   -865.21924812	      0.00000000	      0.00000000	    -17.66941559	      0.00000000	    -81.02135583	      0.00000000	     -0.00000000	      0.00000000
      1.17800000	   -829.14964091	      0.00000000	     -0.00000000	     -1.27292459	      5.40779051	    -70.68912019	      0.00000000	      0.00000000	      0.00000000
      1.17900000	   -294.32125305	      0.00000000	     -0.00000000	     -0.00000000	      2.30441808	    -55.81405910	     -0.00000000	     -0.00000000	     -0.00000000
      1.18000000	  -1088.03677577	     -0.00000000	     -0.00000000	    -25.39233852	      0.00000000	   -102.39077646	     -0.00000000	     -0.00000000	     -0.00000000
      1.18100000	   -473.47069435	      0.00000000	     -0.00000000	     -0.00000000	      7.75511531	    -94.49622608	     -0.00000000	     -0.00000000	      0.00000000
      1.18200000	   -411.68988033	      0.00000000	      0.00000000	     -0.00000000	      0.00000000	    -90.25463292	      0.00000000	      0.00000000	     -0.00000000
      1.18300000	   -626.88853113	     -0.00000000	      0.00000000	    -14.63742910	      0.92826203	    -84.01869523	      0.00000000	      0.00000000	      0.00000000
      1.18400000	   -413.12879300	      0.00000000	      0.00000000	     -0.00000000	      4.30802547	    -82.06319489	      0.00000000	      0.00000000	      0.00000000
      1.18500000	   -444.45607996	      0.00000000	     -0.00000000	     -0.00000000	      2.80147716	    -75.92424353	     -0.00000000	     -0.00000000	      0.00000000
      1.18600000	   -382.66871619	     -0.00000000	      0.00000000	     -8.96889510	      0.00000000	    -54.04538589	      0.00000000	      0.00000000	     -0.00000000
      1.18700000	   -967.51452761	      0.00000000	     -0.00000000	     -0.00000000	      0.28227839	    -81.69420877	      0.00000000	      0.00000000	      0.00000000
      1.18800000	   -633.69842293	     -0.00000000	     -0.00000000	    -17.70718870	      0.00000000	    -60.86622711	      0.00000000	      0.00000000	     -0.00000000
      1.18900000	  -1103.71316628	      0.00000000	     -0.00000000	    -17.55888696	      0.00000000	    -91.71176209	      0.00000000	      0.00000000	      0.00000000
      1.19000000	   -809.48322700	      0.00000000	      0.00000000	     -0.00000000	      0.70170822	    -54.44804681	      0.00000000	     -0.00000000	     -0.00000000
      1.19100000	  -1222.63133575	     -0.00000000	     -0.00000000	     -0.00000000	      4.16609105	    -83.90756119	      0.00000000	      0.00000000	     -0.00000000
      1.19200000	   -368.98818327	     -0.00000000	     -0.00000000	     -0.00000000	      7.62306881	    -69.24353436	     -0.00000000	     -0.00000000	     -0.00000000
      1.19300000	   -628.74986826	      0.00000000	     -0.00000000	    -13.83266345	      0.00000000	    -74.06106432	      0.00000000	      0.00000000	     -0.00000000
      1.19400000	  -1118.15185108	      0.00000000	      0.00000000	    -17.76515654	      2.10483534	    -95.07410632	     -0.00000000	     -0.00000000	      0.00000000
      1.19500000	   -547.43253349	      0.00000000	      0.00000000	     -0.00000000	      3.10946124	    -72.01680374	     -0.00000000	     -0.00000000	      0.00000000
      1.19600000	   -901.99469180	      0.00000000	     -0.00000000	     -0.00000000	      5.38287511	   -110.63879217	     -0.00000000	     -0.00000000	      0.00000000
      1.19700000	   -270.88175368	      0.00000000	      0.00000000	    -34.59201771	      0.00000000	    -62.62991909	      0.00000000	     -0.00000000	      0.00000000
      1.19800000	   -598.48939009	     -0.00000000	      0.00000000	     -4.28215462	      0.00000000	    -34.10571895	      0.00000000	      0.00000000	     -0.00000000
      1.19900000	   -429.35164671	      0.00000000	      0.00000000	     -0.00000000	      2.76559479	    -78.46195336	      0.00000000	      0.00000000	     -0.00000000
      1.20000000	   -909.24508194	     -0.00000000	      0.00000000	    -16.64438232	      0.00000000	    -84.57504923	     -0.00000000	     -0.00000000	      0.00000000
      1.20100000	   -437.76234351	      0.00000000	      0.00000000	     -2.49208572	      2.63784580	    -48.90483596	      0.00000000	      0.00000000	      0.00000000
      1.20200000	   -823.04155429	      0.00000000	      0.00000000	    -16.87561811	      0.00000000	    -57.72765744	      0.00000000	      0.00000000	     -0.00000000
      1.20300000	  -1057.69116851	     -0.00000000	     -0.00000000	     -0.00000000	     10.71485291	    -46.93776237	      0.00000000	     -0.00000000	      0.00000000
      1.20400000	   -403.19449093	      0.00000000	      0.00000000	    -21.34369971	      0.00000000	    -32.36840586	     -0.00000000	      0.00000000	      0.00000000
      1.20500000	   -755.07591967	     -0.00000000	     -0.00000000	     -0.00000000	      0.00000000	    -89.79360565	      0.00000000	      0.00000000	      0.00000000
      1.20600000	   -620.67264355	     -0.00000000	      0.00000000	     -0.00000000	      2.97770503	    -65.43989922	      0.00000000	      0.00000000	     -0.00000000
      1.20700000	   -814.32201086	      0.00000000	     -0.00000000	    -16.72913708	      0.00000000	    -78.51421503	     -0.00000000	      0.00000000	      0.00000000
      1.20800000	   -595.22246291	     -0.00000000	     -0.00000000	     -0.00000000	      7.30356709	    -89.75314352	      0.00000000	      0.00000000	     -0.00000000
      1.20900000	   -436.61541053	      0.00000000	     -0.00000000	     -0.00000000	      1.56851585	    -81.93943084	      0.00000000	      0.00000000	     -0.00000000
      1.21000000	   -593.80008338	      0.00000000	     -0.00000000	    -31.15629100	      0.00000000	    -88.54765766	     -0.00000000	     -0.00000000	     -0.00000000
      1.21100000	   -692.69919108	      0.00000000	     -0.00000000	    -11.97725696	      0.87997994	    -83.79512627	      0.00000000	      0.00000000	      0.00000000
      1.21200000	   -288.19911789	     -0.00000000	      0.00000000	     -0.00000000	      4.28815253	    -98.17856160	      0.00000000	      0.00000000	     -0.00000000
      1.21300000	   -839.40176255	     -0.00000000	     -0.00000000	    -17.34719858	      0.00000000	    -74.07910962	      0.00000000	      0.00000000	     -0.00000000
      1.21400000	   -484.20368845	     -0.00000000	     -0.00000000	     -0.00000000	      3.96746553	    -34.61443472	     -0.00000000	     -0.00000000	      0.00000000
      1.21500000	   -755.85839617	      0.00000000	      0.00000000	     -9.14520955	      0.00000000	    -84.85772221	      0.00000000	      0.00000000	     -0.00000000
      1.21600000	   -618.63721987	     -0.00000000	     -0.00000000	     -5.16697584	      4.86902739	    -96.61946704	      0.00000000	     -0.00000000	     -0.00000000
      1.21700000	   -616.14914481	      0.00000000	      0.00000000	    -11.80636264	      0.00000000	    -97.22450358	     -0.00000000	     -0.00000000	      0.00000000
      1.21800000	  -1054.84561474	      0.00000000	     -0.00000000	     -0.00000000	      3.78367688	    -82.59013463	     -0.00000000	     -0.00000000	      0.00000000
      1.21900000	   -495.28542581	     -0.00000000	      0.00000000	    -10.92806828	      0.38896203	    -92.53346639	     -0.00000000	      0.00000000	     -0.00000000
      1.22000000	  -1146.63435493	     -0.00000000	     -0.00000000	     -5.65247770	      0.00000000	    -90.03666500	      0.00000000	      0.00000000	     -0.00000000
      1.22100000	   -596.75931529	     -0.00000000	     -0.00000000	     -0.00000000	      5.07517427	    -70.18916957	     -0.00000000	     -0.00000000	     -0.00000000
      1.22200000	   -770.41817338	      0.00000000	     -0.00000000	    -11.64074899	      0.00000000	    -36.25568675	      0.00000000	     -0.00000000	     -0.00000000
      1.22300000	   -944.64557717	     -0.00000000	     -0.00000000	     -0.00000000	      8.59973530	    -77.46261804	     -0.00000000	     -0.00000000	     -0.00000000
      1.22400000	   -654.60201804	     -0.00000000	     -0.00000000	     -0.00000000	      1.33505878	   -104.61985923	     -0.00000000	     -0.00000000	     -0.00000000
      1.22500000	   -622.60196177	      0.00000000	      0.00000000	    -21.07901969	      0.00000000	    -76.55130866	      0.00000000	      0.00000000	      0.00000000
      1.22600000	   -515.90827869	     -0.00000000	      0.00000000	     -0.00000000	      4.42508307	    -91.18671879	      0.00000000	      0.00000000	     -0.00000000
      1.22700000	   -338.63855706	      0.00000000	     -0.00000000	    -10.18331171	      0.00000000	   -111.65287448	     -0.00000000	     -0.00000000	      0.00000000
      1.22800000	   -835.90882764	     -0.00000000	      0.00000000	    -13.24872047	      0.00000000	    -76.65141631	      0.00000000	      0.00000000	     -0.00000000
      1.22900000	   -607.42912590	      0.00000000	     -0.00000000	     -0.00000000	      6.97812424	    -80.16511112	      0.00000000	      0.00000000	      0.00000000
      1.23000000	   -692.05126809	     -0.00000000	     -0.00000000	    -13.12801055	      0.00000000	    -86.43927907	     -0.00000000	     -0.00000000	     -0.00000000
      1.23100000	   -999.63947438	      0.00000000	      0.00000000	    -18.75541791	      0.00000000	    -79.54812200	      0.00000000	      0.00000000	     -0.00000000
      1.23200000	   -670.51653372	      0.00000000	     -0.00000000	     -0.00000000	      5.39111334	    -97.34392179	     -0.00000000	     -0.00000000	     -0.00000000
      1.23300000	   -619.76528313	      0.00000000	      0.00000000	     -8.79068616	      1.14148591	    -73.19738061	      0.00000000	      0.00000000	      0.00000000
      1.23400000	   -328.72521579	     -0.00000000	     -0.00000000	     -0.00000000	      2.57726688	    -87.57288538	      0.00000000	      0.00000000	     -0.00000000
      1.23500000	   -528.78903527	      0.00000000	     -0.00000000	    -20.91663798	      0.00000000	    -98.13407788	     -0.00000000	     -0.00000000	      0.00000000
      1.23600000	  -1295.83528124	      0.00000000	     -0.00000000	    -15.54530906	      0.00000000	    -84.73973630	      0.00000000	      0.00000000	     -0.00000000
      1.23700000	   -931.63803719	     -0.00000000	      0.00000000	     -0.00000000	      4.90497148	    -85.09980094	      0.00000000	      0.00000000	      0.00000000
      1.23800000	   -929.81865879	     -0.00000000	     -0.00000000	    -19.03001557	      0.00000000	    -68.74365737	     -0.00000000	      0.00000000	     -0.00000000
      1.23900000	  -1093.13666699	      0.00000000	      0.00000000	     -0.00000000	      3.02408309	    -95.68802530	      0.00000000	      0.00000000	      0.00000000
      1.24000000	   -676.82642360	     -0.00000000	     -0.00000000	     -0.00000000	      1.51311835	    -28.87795990	     -0.00000000	     -0.00000000	     -0.00000000
      1.24100000	   -881.91900652	      0.00000000	      0.00000000	     -0.00000000	      0.00000000	    -46.78017937	     -0.00000000	      0.00000000	     -0.00000000
      1.24200000	   -887.40844553	     -0.00000000	      0.00000000	    -10.62432463	      0.00000000	    -53.88021459	      0.00000000	      0.00000000	      0.00000000
      1.24300000	   -697.94832993	     -0.00000000	      0.00000000	     -0.00000000	      6.48987156	    -33.70367453	     -0.00000000	     -0.00000000	      0.00000000
      1.24400000	   -842.03757904	      0.00000000	      0.00000000	     -0.00000000	      2.18426780	   -126.63998630	      0.00000000	     -0.00000000	      0.00000000
      1.24500000	   -871.21958244	     -0.00000000	     -0.00000000	     -6.96747711	      1.86649312	    -80.57638992	     -0.00000000	      0.00000000	     -0.00000000
      1.24600000	   -452.65347034	     -0.00000000	      0.00000000	    -26.30531028	      0.00000000	    -65.04211261	     -0.00000000	     -0.00000000	      0.00000000
      1.24700000	   -712.44994807	      0.00000000	      0.00000000	     -8.59836196	      0.00000000	    -43.73795865	      0.00000000	      0.00000000	     -0.00000000
      1.24800000	   -675.05117410	      0.00000000	      0.00000000	     -0.00000000	      7.48426639	    -44.37719012	      0.00000000	      0.00000000	      0.00000000
      1.24900000	   -460.28057748	     -0.00000000	      0.00000000	     -2.54205258	      0.00000000	    -45.50710984	      0.00000000	     -0.00000000	     -0.00000000
      1.25000000	   -530.21646628	     -0.00000000	      0.00000000	     -0.00000000	      3.81139401	    -65.36858263	      0.00000000	     -0.00000000	     -0.00000000
      1.25100000	   -444.14537287	      0.00000000	     -0.00000000	    -12.46884729	      0.00000000	    -48.78673023	      0.00000000	      0.00000000	      0.00000000
      1.25200000	   -682.49941063	     -0.00000000	     -0.00000000	    -26.69152406	      0.00000000	    -96.82833709	     -0.00000000	     -0.00000000	     -0.00000000
      1.25300000	   -838.31551059	      0.00000000	     -0.00000000	     -0.78316817	      2.29189874	    -45.02352901	     -0.00000000	     -0.00000000	     -0.00000000
      1.25400000	  -1058.93877032	      0.00000000	     -0.00000000	     -2.00408366	      0.00000000	   -104.50133631	     -0.00000000	     -0.00000000	     -0.00000000
      1.25500000	   -882.42785742	      0.00000000	      0.00000000	     -6.25036196	      0.00000000	    -45.25061770	     -0.00000000	     -0.00000000	     -0.00000000
      1.25600000	  -1025.84011901	      0.00000000	      0.00000000	     -0.00000000	      6.38215315	    -40.11938536	      0.00000000	     -0.00000000	      0.00000000
      1.25700000	   -649.82671453	     -0.00000000	      0.00000000	     -8.83811309	      0.00000000	    -35.26948913	      0.00000000	     -0.00000000	     -0.00000000
      1.25800000	  -1027.60126288	     -0.00000000	     -0.00000000	     -9.98607883	      0.00000000	    -71.54108766	      0.00000000	      0.00000000	     -0.00000000
      1.25900000	   -690.35205397	     -0.00000000	     -0.00000000	     -0.00000000	      7.34424342	    -50.96137817	     -0.00000000	      0.00000000	     -0.00000000
      1.26000000	   -493.34891673	      0.00000000	      0.00000000	     -0.00000000	      4.18308577	    -36.71192082	     -0.00000000	      0.00000000	      0.00000000
      1.26100000	   -495.34015007	     -0.00000000	     -0.00000000	     -5.76220607	      0.00000000	   -110.47909503	      0.00000000	     -0.00000000	     -0.00000000
      1.26200000	   -687.26344203	      0.00000000	      0.00000000	     -2.46747338	      0.00000000	    -36.33776335	      0.00000000	     -0.00000000	      0.00000000
      1.26300000	   -638.59326036	      0.00000000	      0.00000000	     -0.00000000	      4.64282836	   -102.40309478	      0.00000000	      0.00000000	     -0.00000000
      1.26400000	   -648.77110859	      0.00000000	      0.00000000	    -23.20220216	      0.00000000	    -86.93772605	     -0.00000000	     -0.00000000	      0.00000000
      1.26500000	   -749.00948391	      0.00000000	     -0.00000000	     -2.12281227	      1.15418624	    -45.78830036	     -0.00000000	     -0.00000000	      0.00000000
      1.26600000	   -681.06536929	     -0.00000000	      0.00000000	     -0.00000000	      6.13785851	   -107.22126545	     -0.00000000	      0.00000000	     -0.00000000
      1.26700000	   -608.97711734	      0.00000000	      0.00000000	    -41.42631745	      0.00000000	    -98.89762117	     -0.00000000	     -0.00000000	     -0.00000000
      1.26800000	   -696.52292599	     -0.00000000	     -0.00000000	     -0.56233702	      1.81988780	    -65.88455272	     -0.00000000	     -0.00000000	     -0.00000000
      1.26900000	   -428.65184609	      0.00000000	      0.00000000	     -0.00000000	      1.90019338	    -64.88735992	      0.00000000	      0.00000000	      0.00000000
      1.27000000	   -847.72875790	     -0.00000000	      0.00000000	     -0.00000000	      0.00000000	    -69.48045189	      0.00000000	      0.00000000	      0.00000000
      1.27100000	  -1087.56417324	     -0.00000000	     -0.00000000	     -0.00000000	      4.75461427	   -108.40729398	     -0.00000000	     -0.00000000	      0.00000000
      1.27200000	   -671.23225265	     -0.00000000	      0.00000000	     -0.00000000	      0.00000000	    -54.48550264	      0.00000000	     -0.00000000	     -0.00000000
      1.27300000	   -885.33783566	     -0.00000000	     -0.00000000	     -0.00000000	      0.94769889	    -87.71007360	      0.00000000	     -0.00000000	     -0.00000000
      1.27400000	   -543.43804179	     -0.00000000	      0.00000000	     -5.39698900	      0.21629310	    -82.77702656	      0.00000000	      0.00000000	      0.00000000
      1.27500000	  -1138.23160563	     -0.00000000	      0.00000000	     -7.99486268	      0.00000000	   -106.04973956	      0.00000000	      0.00000000	     -0.00000000
      1.27600000	   -787.69350671	     -0.00000000	     -0.00000000	     -6.06736980	      6.34146188	    -73.75883464	     -0.00000000	     -0.00000000	     -0.00000000
      1.27700000	   -616.24994011	     -0.00000000	     -0.00000000	    -17.11357397	      0.00000000	    -87.51586896	     -0.00000000	      0.00000000	     -0.00000000
      1.27800000	  -1079.80066598	     -0.00000000	     -0.00000000	     -0.00000000	      3.46515734	    -42.06981658	     -0.00000000	     -0.00000000	     -0.00000000
      1.27900000	   -724.37098602	     -0.00000000	      0.00000000	    -11.06801778	      0.00000000	    -73.03973030	      0.00000000	     -0.00000000	      0.00000000
      1.28000000	   -855.03711754	     -0.00000000	     -0.00000000	    -13.05595484	      0.00000000	    -75.29246357	     -0.00000000	     -0.00000000	      0.00000000
      1.28100000	   -400.54456779	     -0.00000000	      0.00000000	     -0.00000000	      8.03904721	    -34.34713815	      0.00000000	     -0.00000000	      0.00000000
      1.28200000	   -741.57334199	     -0.00000000	     -0.00000000	    -13.35039186	      0.00000000	    -72.88595286	     -0.00000000	     -0.00000000	      0.00000000
      1.28300000	   -350.51915618	     -0.00000000	     -0.00000000	     -0.00000000	      5.68653210	    -38.68714066	     -0.00000000	      0.00000000	     -0.00000000
      1.28400000	   -507.67694496	     -0.00000000	     -0.00000000	    -11.45228537	      0.00000000	    -69.15107010	     -0.00000000	     -0.00000000	     -0.00000000
      1.28500000	  -1101.00825920	      0.00000000	     -0.00000000	    -21.89958269	      0.00000000	    -96.56338394	     -0.00000000	      0.00000000	     -0.00000000
      1.28600000	   -924.42740110	     -0.00000000	     -0.00000000	    -11.97242829	      0.00000000	    -57.42457257	     -0.00000000	     -0.00000000	     -0.00000000
      1.28700000	   -828.38226967	     -0.00000000	      0.00000000	     -0.00000000	      2.16584829	    -56.46678431	      0.00000000	      0.00000000	      0.00000000
      1.28800000	  -1196.91732675	     -0.00000000	      0.00000000	     -0.00000000	      7.72553167	    -85.62930236	      0.00000000	      0.00000000	      0.00000000
      1.28900000	   -538.03436273	     -0.00000000	      0.00000000	     -4.12822582	      0.00000000	    -57.92642395	     -0.00000000	      0.00000000	      0.00000000
      1.29000000	   -887.70059252	      0.00000000	      0.00000000	     -3.23366353	      0.00000000	    -50.32528425	     -0.00000000	     -0.00000000	      0.00000000
      1.29100000	   -852.75895199	     -0.00000000	     -0.00000000	    -10.20529779	      1.94595662	    -83.65053605	     -0.00000000	     -0.00000000	      0.00000000
      1.29200000	   -928.24476539	     -0.00000000	      0.00000000	     -0.00000000	      1.56410861	    -98.94616106	     -0.00000000	      0.00000000	     -0.00000000
      1.29300000	   -551.17356847	     -0.00000000	      0.00000000	     -0.00000000	      0.00000000	    -89.49674821	      0.00000000	      0.00000000	      0.00000000
      1.29400000	   -784.96796758	     -0.00000000	     -0.00000000	      0.30441686	      0.81145245	    -28.76428524	     -0.00000000	     -0.00000000	     -0.00000000
      1.29500000	   -653.16397769	      0.00000000	     -0.00000000	    -27.47155904	      0.00000000	    -68.71420063	     -0.00000000	     -0.00000000	     -0.00000000
      1.29600000	  -1053.92921865	      0.00000000	      0.00000000	     -0.00000000	      6.71524253	    -78.84253044	      0.00000000	     -0.00000000	     -0.00000000
      1.29700000	   -564.44565241	     -0.00000000	      0.00000000	     -0.00000000	      1.50040690	    -78.47089749	      0.00000000	      0.00000000	     -0.00000000
      1.29800000	   -907.68234463	     -0.00000000	      0.00000000	     -5.65118626	      0.00000000	    -44.91792313	      0.00000000	     -0.00000000	      0.00000000
      1.29900000	   -806.81486661	      0.00000000	      0.00000000	     -0.00000000	      7.45226698	    -93.74936334	     -0.00000000	     -0.00000000	     -0.00000000
      1.30000000	   -661.17090160	      0.00000000	     -0.00000000	    -16.91272781	      0.00000000	    -64.02577307	     -0.00000000	     -0.00000000	     -0.00000000
      1.30100000	  -1164.38307741	     -0.00000000	      0.00000000	     -0.00000000	      3.27926284	    -56.75355174	      0.00000000	      0.00000000	     -0.00000000
      1.30200000	   -729.47787927	      0.00000000	     -0.00000000	     -3.00716119	      1.62049454	    -45.79779910	     -0.00000000	     -0.00000000	     -0.00000000
      1.30300000	  -1088.63671273	     -0.00000000	     -0.00000000	     -3.62231169	      0.00000000	    -55.39592177	     -0.00000000	      0.00000000	      0.00000000
      1.30400000	   -799.76740135	      0.00000000	      0.00000000	     -0.00000000	      4.49839519	    -50.58205146	      0.00000000	     -0.00000000	      0.00000000
      1.30500000	   -857.21728192	      0.00000000	     -0.00000000	    -30.69994684	      0.00000000	    -96.97735557	     -0.00000000	     -0.00000000	      0.00000000
      1.30600000	   -779.78420054	     -0.00000000	     -0.00000000	     -5.79459065	      0.00000000	    -36.01626220	      0.00000000	      0.00000000	      0.00000000
      1.30700000	   -970.97502423	     -0.00000000	      0.00000000	    -12.26827989	      2.07213632	    -78.42213984	      0.00000000	      0.00000000	      0.00000000
      1.30800000	   -640.30796877	      0.00000000	      0.00000000	     -0.00000000	      5.98846771	    -81.61556846	      0.00000000	      0.00000000	      0.00000000
      1.30900000	   -957.77353173	     -0.00000000	     -0.00000000	    -11.59843430	      0.00000000	    -59.91413789	     -0.00000000	     -0.00000000	     -0.00000000
      1.31000000	   -860.38973137	      0.00000000	     -0.00000000	     -0.00000000	      5.34242934	    -84.36700313	     -0.00000000	     -0.00000000	     -0.00000000
      1.31100000	   -519.99350173	     -0.00000000	     -0.00000000	     -0.00000000	      1.82955203	    -57.59607521	     -0.00000000	     -0.00000000	     -0.00000000
      1.31200000	   -628.59200262	     -0.00000000	      0.00000000	    -17.28137275	      0.00000000	    -72.93095488	      0.00000000	     -0.00000000	      0.00000000
      1.31300000	   -968.11108041	      0.00000000	     -0.00000000	     -0.00000000	      0.73877746	    -87.82135543	      0.00000000	      0.00000000	     -0.00000000
      1.31400000	  -1118.88338405	     -0.00000000	     -0.00000000	    -16.76497946	      0.00000000	    -75.90515332	     -0.00000000	      0.00000000	     -0.00000000
      1.31500000	   -341.98648815	      0.00000000	     -0.00000000	     -0.00000000	      8.06721976	    -41.92728289	      0.00000000	      0.00000000	     -0.00000000
      1.31600000	   -855.11857353	      0.00000000	      0.00000000	    -27.77996692	      0.00000000	   -113.32006379	     -0.00000000	      0.00000000	      0.00000000
      1.31700000	   -946.03144002	     -0.00000000	     -0.00000000	     -5.93750186	      2.44262026	    -58.97671047	     -0.00000000	     -0.00000000	     -0.00000000
      1.31800000	   -829.75838258	      0.00000000	     -0.00000000	     -0.00000000	      1.69278625	    -82.66073320	     -0.00000000	     -0.00000000	     -0.00000000
      1.31900000	   -821.27198395	     -0.00000000	     -0.00000000	    -10.28112894	      0.00000000	    -25.62281959	     -0.00000000	     -0.00000000	     -0.00000000
      1.32000000	  -1192.60400690	     -0.00000000	      0.00000000	     -0.00000000	      5.03722289	    -48.06119218	      0.00000000	      0.00000000	      0.00000000
      1.32100000	   -869.26059256	     -0.00000000	     -0.00000000	     -0.00000000	      7.15196978	    -90.79657222	     -0.00000000	      0.00000000	     -0.00000000
      1.32200000	   -579.01799259	     -0.00000000	     -0.00000000	     -0.00000000	      3.97294492	    -61.43260319	     -0.00000000	     -0.00000000	     -0.00000000
      1.32300000	   -372.37028513	     -0.00000000	      0.00000000	    -47.73890150	      0.00000000	    -71.11786425	      0.00000000	     -0.00000000	     -0.00000000
      1.32400000	  -1169.50915448	      0.00000000	      0.00000000	     -0.00000000	      5.19711656	    -72.53297700	      0.00000000	     -0.00000000	     -0.00000000
      1.32500000	   -385.68950056	     -0.00000000	     -0.00000000	    -33.61690917	      0.00000000	    -69.53277693	     -0.00000000	      0.00000000	     -0.00000000
      1.32600000	   -949.73471962	      0.00000000	      0.00000000	     -1.68591145	      0.00000000	    -72.19351236	      0.00000000	      0.00000000	     -0.00000000
      1.32700000	   -999.37031508	      0.00000000	     -0.00000000	     -5.11672422	      1.23574711	    -55.65731966	     -0.00000000	      0.00000000	     -0.00000000
      1.32800000	  -1150.15083849	     -0.00000000	     -0.00000000	     -0.00000000	      5.21593394	    -61.64632354	     -0.00000000	     -0.00000000	      0.00000000
      1.32900000	   -615.01588852	     -0.00000000	     -0.00000000	     -0.00000000	      5.82253159	    -49.16255670	     -0.00000000	      0.00000000	     -0.00000000
      1.33000000	   -837.18691430	     -0.00000000	      0.00000000	    -25.80525406	      0.00000000	    -73.00823436	      0.00000000	      0.00000000	     -0.00000000
      1.33100000	   -569.10016974	     -0.00000000	     -0.00000000	     -0.00000000	      5.83527264	    -62.60736112	      0.00000000	      0.00000000	     -0.00000000
      1.33200000	   -566.69258948	      0.00000000	      0.00000000	     -0.00000000	      3.87868907	    -60.47805229	      0.00000000	      0.00000000	      0.00000000
      1.33300000	   -529.62890174	      0.00000000	      0.00000000	    -26.26859706	      0.00000000	    -50.19506936	      0.00000000	      0.00000000	      0.00000000
      1.33400000	  -1036.86762733	     -0.00000000	     -0.00000000	     -1.48619328	      0.00000000	    -36.07647160	     -0.00000000	     -0.00000000	      0.00000000
      1.33500000	   -898.62087085	      0.00000000	     -0.00000000	     -9.14896379	      5.10296163	    -67.79894857	      0.00000000	     -0.00000000	      0.00000000
      1.33600000	   -864.71229583	      0.00000000	      0.00000000	     -0.00000000	      7.30843406	    -36.25635232	      0.00000000	      0.00000000	      0.00000000
      1.33700000	   -680.31498125	      0.00000000	      0.00000000	     -0.00000000	      0.00000000	    -64.86677012	     -0.00000000	      0.00000000	     -0.00000000
      1.33800000	   -952.04117801	      0.00000000	     -0.00000000	     -8.22058333	      0.00000000	    -62.65255008	      0.00000000	     -0.00000000	      0.00000000
      1.33900000	  -1109.35309128	     -0.00000000	      0.00000000	     -0.00000000	      0.76728318	    -92.18441379	      0.00000000	     -0.00000000	     -0.00000000
      1.34000000	   -966.60682717	      0.00000000	      0.00000000	     -0.00000000	      5.23308744	    -59.12527481	      0.00000000	      0.00000000	     -0.00000000
      1.34100000	   -730.51604151	     -0.00000000	      0.00000000	    -29.30827848	      0.00000000	    -93.44541712	     -0.00000000	     -0.00000000	      0.00000000
      1.34200000	   -859.08356755	     -0.00000000	     -0.00000000	    -22.83039861	      0.00000000	    -75.88471295	     -0.00000000	     -0.00000000	     -0.00000000
      1.34300000	  -1365.14584273	     -0.00000000	      0.00000000	     -0.00000000	      5.14117507	    -93.90748345	      0.00000000	      0.00000000	      0.00000000
      1.34400000	   -534.68260787	     -0.00000000	     -0.00000000	     -0.00000000	      7.19087527	    -90.55867741	     -0.00000000	     -0.00000000	      0.00000000
      1.34500000	   -687.46028935	     -0.00000000	     -0.00000000	    -23.33036532	      0.00000000	    -88.89455318	     -0.00000000	     -0.00000000	      0.00000000
      1.34600000	  -1337.15335096	     -0.00000000	     -0.00000000	     -5.42724776	      0.00000000	    -74.76371015	     -0.00000000	     -0.00000000	     -0.00000000
      1.34700000	   -676.05812255	     -0.00000000	     -0.00000000	     -0.00000000	      8.37921107	    -43.03225307	      0.00000000	     -0.00000000	      0.00000000
      1.34800000	   -644.22303681	     -0.00000000	      0.00000000	    -17.14566744	      0.00000000	    -40.51442167	      0.00000000	     -0.00000000	     -0.00000000
      1.34900000	   -729.82820817	     -0.00000000	      0.00000000	     -7.37600726	      0.00000000	    -71.91098415	     -0.00000000	     -0.00000000	     -0.00000000
      1.35000000	   -758.38119793	     -0.00000000	     -0.00000000	     -2.07302070	      0.00000000	    -25.92955148	     -0.00000000	     -0.00000000	     -0.00000000
      1.35100000	  -1051.70095863	      0.00000000	     -0.00000000	     -0.00000000	      5.20494677	    -53.04468155	      0.00000000	     -0.00000000	      0.00000000
      1.35200000	   -563.10740094	     -0.00000000	     -0.00000000	     -0.00000000	      4.75781940	    -87.30316887	     -0.00000000	     -0.00000000	      0.00000000
      1.35300000	   -672.34570494	     -0.00000000	     -0.00000000	    -15.29018169	      0.00000000	    -48.47091169	     -0.00000000	     -0.00000000	      0.00000000
      1.35400000	   -778.48055743	     -0.00000000	      0.00000000	    -22.26053296	      0.00000000	    -62.05236763	      0.00000000	      0.00000000	      0.00000000
      1.35500000	  -1115.21944986	     -0.00000000	      0.00000000	     -0.00000000	      5.54566273	    -48.99109789	      0.00000000	      0.00000000	      0.00000000
      1.35600000	  -1141.55695218	     -0.00000000	     -0.00000000	    -23.94104592	      0.00000000	    -70.36885154	      0.00000000	     -0.00000000	      0.00000000
      1.35700000	  -1278.60552421	     -0.00000000	     -0.00000000	     -0.00000000	      4.85814192	    -75.14222328	      0.00000000	     -0.00000000	      0.00000000
      1.35800000	   -637.09655867	      0.00000000	     -0.00000000	     -0.00000000	     10.02337393	    -50.62834681	     -0.00000000	     -0.00000000	      0.00000000
      1.35900000	   -576.16438907	      0.00000000	     -0.00000000	    -43.44384061	      0.00000000	    -66.38712822	     -0.00000000	     -0.00000000	     -0.00000000
      1.36000000	   -600.01601694	      0.00000000	     -0.00000000	     -0.00000000	      2.64822421	    -55.90667309	     -0.00000000	      0.00000000	     -0.00000000
      1.36100000	   -984.10162693	      0.00000000	     -0.00000000	    -12.89294328	      0.00000000	    -92.11630583	     -0.00000000	     -0.00000000	      0.00000000
      1.36200000	  -1098.10980319	      0.00000000	      0.00000000	    -12.38585691	      0.00000000	    -44.97244973	     -0.00000000	     -0.00000000	     -0.00000000
      1.36300000	  -1421.14062381	      0.00000000	      0.00000000	     -0.00000000	      4.31809862	    -74.48006377	     -0.00000000	      0.00000000	      0.00000000
      1.36400000	  -1222.16871104	     -0.00000000	     -0.00000000	     -0.00000000	      4.66435162	    -84.02419842	     -0.00000000	     -0.00000000	     -0.00000000
      1.36500000	   -784.15872614	     -0.00000000	      0.00000000	     -1.69862370	      1.40122865	    -57.45345484	     -0.00000000	      0.00000000	     -0.00000000
      1.36600000	   -610.37703673	     -0.00000000	     -0.00000000	     -0.00000000	      2.44320946	    -38.34477087	     -0.00000000	      0.00000000	     -0.00000000
      1.36700000	   -625.44526882	      0.00000000	     -0.00000000	     -0.00000000	      0.00000000	    -48.39517735	     -0.00000000	      0.00000000	      0.00000000
      1.36800000	  -1046.18538275	      0.00000000	      0.00000000	     -1.33462914	      0.09584571	    -54.00738473	      0.00000000	     -0.00000000	      0.00000000
      1.36900000	   -622.54132684	     -0.00000000	     -0.00000000	     -0.00000000	      3.28393163	    -90.60986770	     -0.00000000	     -0.00000000	     -0.00000000
      1.37000000	  -1105.61410445	      0.00000000	     -0.00000000	    -18.80695213	      0.00000000	   -100.15124983	     -0.00000000	     -0.00000000	     -0.00000000
      1.37100000	   -983.99187242	      0.00000000	      0.00000000	    -23.01539552	      0.00000000	    -73.29746434	      0.00000000	      0.00000000	     -0.00000000
      1.37200000	   -769.72864297	     -0.00000000	     -0.00000000	     -0.00000000	      9.00347488	    -25.63385084	     -0.00000000	     -0.00000000	      0.00000000
      1.37300000	   -746.51267854	     -0.00000000	     -0.00000000	     -5.90790088	      0.00000000	    -34.16760439	      0.00000000	      0.00000000	      0.00000000
      1.37400000	  -1203.57001802	     -0.00000000	      0.00000000	     -0.00000000	      6.56131862	    -59.71879904	     -0.00000000	      0.00000000	      0.00000000
      1.37500000	   -937.44579551	     -0.00000000	     -0.00000000	     -8.18448181	      0.00000000	    -91.88491867	     -0.00000000	     -0.00000000	      0.00000000
      1.37600000	   -955.59228986	      0.00000000	      0.00000000	     -6.21315993	      0.00000000	    -51.29143290	      0.00000000	      0.00000000	     -0.00000000
      1.37700000	  -1121.82224135	     -0.00000000	     -0.00000000	     -0.00000000	      4.59197310	   -106.03566583	     -0.00000000	      0.00000000	     -0.00000000
      1.37800000	  -1137.32386491	     -0.00000000	     -0.00000000	    -15.13190320	      0.10497759	    -80.98606361	     -0.00000000	     -0.00000000	     -0.00000000
      1.37900000	   -489.73115293	     -0.00000000	     -0.00000000	     -0.00000000	      1.69885480	    -40.57640950	     -0.00000000	      0.00000000	      0.00000000
      1.38000000	  -1291.51230218	      0.00000000	      0.00000000	    -16.71287221	      0.00000000	    -92.74980355	     -0.00000000	     -0.00000000	      0.00000000
      1.38100000	  -1148.20341004	     -0.00000000	     -0.00000000	     -0.00000000	      5.66905078	    -72.08521076	     -0.00000000	      0.00000000	      0.00000000
      1.38200000	   -671.64891900	      0.00000000	      0.00000000	     -0.00000000	      4.22139824	    -32.47250209	     -0.00000000	      0.00000000	      0.00000000
      1.38300000	   -542.32122452	      0.00000000	      0.00000000	    -22.53901374	      0.00000000	    -77.35815530	     -0.00000000	     -0.00000000	      0.00000000
      1.38400000	   -911.27657823	      0.00000000	     -0.00000000	     -0.00000000	      1.99806368	    -71.38855183	     -0.00000000	     -0.00000000	      0.00000000
      1.38500000	   -865.73612791	      0.00000000	      0.00000000	     -7.88577218	      0.00000000	    -43.58476093	      0.00000000	     -0.00000000	     -0.00000000
      1.38600000	  -1017.55895831	     -0.00000000	      0.00000000	    -14.41286084	      0.00000000	    -72.25006459	      0.00000000	      0.00000000	     -0.00000000
      1.38700000	   -830.49989830	      0.00000000	     -0.00000000	     -0.00000000	      2.73237076	    -37.74473484	     -0.00000000	     -0.00000000	     -0.00000000
      1.38800000	  -1114.71457907	     -0.00000000	      0.00000000	     -0.00000000	      5.75362107	    -51.30111436	      0.00000000	      0.00000000	     -0.00000000
      1.38900000	   -592.14530459	     -0.00000000	      0.00000000	    -20.18210729	      0.00000000	    -68.24728914	      0.00000000	      0.00000000	     -0.00000000
      1.39000000	  -1205.63353582	      0.00000000	      0.00000000	    -17.67382496	      0.00000000	    -70.69368883	      0.00000000	      0.00000000	      0.00000000
      1.39100000	   -788.36547164	     -0.00000000	     -0.00000000	     -0.00000000	      8.94700063	    -64.84101688	      0.00000000	     -0.00000000	      0.00000000
      1.39200000	   -776.58843697	      0.00000000	     -0.00000000	    -21.97316076	      0.00000000	    -91.59694752	     -0.00000000	      0.00000000	      0.00000000
      1.39300000	  -1132.88958750	      0.00000000	     -0.00000000	    -11.88621871	      0.00000000	    -47.98019541	     -0.00000000	     -0.00000000	     -0.00000000
      1.39400000	   -891.64462825	      0.00000000	     -0.00000000	     -0.00000000	      9.54307704	    -57.66093979	      0.00000000	     -0.00000000	     -0.00000000
      1.39500000	   -723.28081037	     -0.00000000	     -0.00000000	     -4.15623269	      0.00000000	    -43.30352021	     -0.00000000	     -0.00000000	     -0.00000000
      1.39600000	   -755.42735983	     -0.00000000	     -0.00000000	    -12.83797421	      0.00000000	    -22.67628057	      0.00000000	     -0.00000000	     -0.00000000
      1.39700000	  -1034.45332382	      0.00000000	     -0.00000000	      0.00000000	      5.33360788	    -25.26738266	      0.00000000	      0.00000000	      0.00000000
      1.39800000	  -1413.16566916	      0.00000000	      0.00000000	    -18.24566443	      0.00000000	    -72.11839458	      0.00000000	     -0.00000000	      0.00000000
      1.39900000	  -1257.79134138	      0.00000000	     -0.00000000	     -0.00000000	     11.25172633	    -55.00078513	     -0.00000000	     -0.00000000	     -0.00000000
      1.40000000	   -670.76171629	     -0.00000000	      0.00000000	    -11.55160319	      0.00000000	    -65.12072702	      0.00000000	     -0.00000000	     -0.00000000
      1.40100000	   -826.61784324	     -0.00000000	     -0.00000000	     -4.88093780	      0.00000000	    -20.26246001	      0.00000000	      0.00000000	     -0.00000000
      1.40200000	   -832.17308766	     -0.00000000	     -0.00000000	     -0.00000000	      1.72003952	    -58.58921367	     -0.00000000	     -0.00000000	     -0.00000000
      1.40300000	  -1023.92126911	     -0.00000000	      0.00000000	      3.97937759	      0.00000000	    -16.25187456	     -0.00000000	      0.00000000	     -0.00000000
      1.40400000	   -887.14015273	      0.00000000	     -0.00000000	     -0.00000000	      9.86086984	   -106.32092278	     -0.00000000	      0.00000000	      0.00000000
      1.40500000	   -895.26383963	      0.00000000	     -0.00000000	    -18.67925625	      0.00000000	    -73.50163566	     -0.00000000	      0.00000000	      0.00000000
      1.40600000	  -1049.80802310	     -0.00000000	     -0.00000000	    -18.75020058	      0.00000000	    -63.81680401	     -0.00000000	     -0.00000000	      0.00000000
      1.40700000	   -767.73029505	     -0.00000000	      0.00000000	     -0.00000000	      4.79041190	    -49.19238052	      0.00000000	      0.00000000	      0.00000000
      1.40800000	   -777.25177842	     -0.00000000	     -0.00000000	     -1.43739062	      1.65919896	    -63.53956865	     -0.00000000	     -0.00000000	      0.00000000
      1.40900000	   -884.94569321	     -0.00000000	     -0.00000000	    -13.89335721	      0.00000000	    -54.24528258	      0.00000000	      0.00000000	      0.00000000
      1.41000000	  -1110.64041929	     -0.00000000	      0.00000000	    -15.05444152	      0.00000000	    -76.56739179	      0.00000000	     -0.00000000	      0.00000000
      1.41100000	  -1286.82844373	      0.00000000	      0.00000000	     -0.00000000	      9.20690505	    -72.66019655	      0.00000000	     -0.00000000	     -0.00000000
      1.41200000	   -857.29783209	      0.00000000	      0.00000000	     -9.26923308	      1.40290893	    -68.79275720	     -0.00000000	      0.00000000	      0.00000000
      1.41300000	   -838.43183831	      0.00000000	      0.00000000	     -8.03878693	      0.00000000	    -25.17283597	      0.00000000	     -0.00000000	      0.00000000
      1.41400000	   -959.07646903	     -0.00000000	     -0.00000000	     -0.00000000	      4.25720420	    -50.83397802	     -0.00000000	     -0.00000000	      0.00000000
      1.41500000	  -1149.93702881	      0.00000000	      0.00000000	     -9.24065706	      0.00000000	    -63.91851451	      0.00000000	     -0.00000000	      0.00000000
      1.41600000	  -1251.02147666	     -0.00000000	      0.00000000	     -0.00000000	      0.81476971	    -64.45611588	      0.00000000	     -0.00000000	      0.00000000
      1.41700000	   -859.95675010	     -0.00000000	      0.00000000	     -0.00000000	      7.28969903	    -90.15513018	      0.00000000	      0.00000000	     -0.00000000
      1.41800000	   -614.33438674	     -0.00000000	      0.00000000	    -21.56020003	      0.00000000	    -56.69303061	      0.00000000	      0.00000000	     -0.00000000
      1.41900000	  -1033.91790140	      0.00000000	      0.00000000	     -1.56167314	      0.00000000	    -33.03294040	     -0.00000000	      0.00000000	     -0.00000000
      1.42000000	   -884.69589455	     -0.00000000	      0.00000000	     -0.00000000	      5.85440389	    -71.24972720	     -0.00000000	      0.00000000	     -0.00000000
      1.42100000	  -1078.28037744	     -0.00000000	      0.00000000	     -0.00000000	      2.51842202	    -49.84619374	      0.00000000	     -0.00000000	     -0.00000000
      1.42200000	   -785.44522124	      0.00000000	      0.00000000	     -8.41611706	      0.00000000	    -32.03690398	      0.00000000	      0.00000000	      0.00000000
      1.42300000	  -1173.23452708	     -0.00000000	     -0.00000000	     -0.00000000	      3.41752900	    -52.61656982	      0.00000000	      0.00000000	      0.00000000
      1.42400000	  -1063.18539459	      0.00000000	     -0.00000000	    -12.53738062	      1.72398923	   -107.61603705	      0.00000000	     -0.00000000	      0.00000000
      1.42500000	  -1118.45831250	      0.00000000	     -0.00000000	    -17.88328344	      0.00000000	    -64.27888531	     -0.00000000	     -0.00000000	     -0.00000000
      1.42600000	  -1331.95225065	     -0.00000000	     -0.00000000	     -0.00000000	     11.31525469	    -76.02808739	      0.00000000	     -0.00000000	     -0.00000000
      1.42700000	   -731.45136908	     -0.00000000	      0.00000000	    -12.83593929	      0.00000000	    -62.01323228	     -0.00000000	      0.00000000	     -0.00000000
      1.42800000	  -1106.15080322	     -0.00000000	     -0.00000000	    -21.32336134	      0.00000000	    -69.19476713	      0.00000000	      0.00000000	     -0.00000000
      1.42900000	  -1075.63820315	      0.00000000	      0.00000000	     -0.00000000	      4.13470019	    -25.08820649	     -0.00000000	     -0.00000000	      0.00000000
      1.43000000	  -1222.28365339	     -0.00000000	     -0.00000000	     -4.36050227	      0.00000000	    -45.58737297	      0.00000000	     -0.00000000	     -0.00000000
      1.43100000	   -960.66853914	     -0.00000000	     -0.00000000	      0.00000000	      2.40729994	    -22.78302612	      0.00000000	     -0.00000000	     -0.00000000
      1.43200000	  -1122.14281519	      0.00000000	      0.00000000	     -0.00000000	      0.00000000	    -57.03410274	     -0.00000000	      0.00000000	      0.00000000
      1.43300000	   -978.08275805	      0.00000000	     -0.00000000	     -0.00000000	      3.45923677	    -34.46791418	      0.00000000	      0.00000000	     -0.00000000
      1.43400000	   -724.95126387	     -0.00000000	     -0.00000000	    -10.63456116	      0.00000000	    -62.27548164	     -0.00000000	     -0.00000000	     -0.00000000
      1.43500000	  -1009.72948408	      0.00000000	      0.00000000	      2.11706334	      0.00000000	    -14.25613929	     -0.00000000	     -0.00000000	     -0.00000000
      1.43600000	  -1086.68198433	      0.00000000	      0.00000000	     -0.00000000	     12.16864533	    -70.20451616	      0.00000000	      0.00000000	      0.00000000
      1.43700000	   -659.63547822	     -0.00000000	      0.00000000	    -18.03545858	      0.00000000	    -64.22660173	     -0.00000000	     -0.00000000	      0.00000000
      1.43800000	  -1078.72008823	      0.00000000	      0.00000000	     -0.00000000	      4.57212173	    -36.97722132	     -0.00000000	      0.00000000	     -0.00000000
      1.43900000	   -989.67180129	     -0.00000000	     -0.00000000	    -13.85086825	      0.00000000	   -100.72389434	      0.00000000	     -0.00000000	     -0.00000000
      1.44000000	  -1223.55192536	     -0.00000000	      0.00000000	     -9.84426439	      0.00000000	    -47.38460943	      0.00000000	      0.00000000	     -0.00000000
      1.44100000	   -784.47245480	      0.00000000	      0.00000000	     -0.00000000	      3.36963475	    -71.28103523	      0.00000000	     -0.00000000	     -0.00000000
      1.44200000	  -1038.98032851	      0.00000000	      0.00000000	     -2.03931592	      0.00000000	    -72.70147528	      0.00000000	      0.00000000	     -0.00000000
      1.44300000	  -1121.41112981	     -0.00000000	      0.00000000	    -19.35016989	      0.00000000	    -65.59646830	      0.00000000	     -0.00000000	      0.00000000
      1.44400000	  -1197.22327938	      0.00000000	      0.00000000	     -2.06471486	      1.07887793	    -67.92511163	      0.00000000	      0.00000000	     -0.00000000
      1.44500000	  -1228.01577157	     -0.00000000	     -0.00000000	     -0.00000000	      5.50161704	   -107.99790405	      0.00000000	      0.00000000	     -0.00000000
      1.44600000	   -835.72389221	     -0.00000000	      0.00000000	     -8.00936232	      0.00000000	    -42.16127459	      0.00000000	     -0.00000000	     -0.00000000
      1.44700000	   -897.13701587	     -0.00000000	      0.00000000	     -0.00000000	      4.85587030	    -84.62630956	      0.00000000	     -0.00000000	     -0.00000000
      1.44800000	   -690.65031934	     -0.00000000	     -0.00000000	     -0.00000000	      1.67449019	    -42.74357232	     -0.00000000	      0.00000000	     -0.00000000
      1.44900000	   -701.46055655	      0.00000000	     -0.00000000	    -17.33189012	      0.00000000	    -33.52770510	     -0.00000000	     -0.00000000	      0.00000000
      1.45000000	  -1187.20999489	     -0.00000000	     -0.00000000	     -0.92398960	      0.00000000	    -37.81599581	     -0.00000000	      0.00000000	     -0.00000000
      1.45100000	  -1439.77619713	     -0.00000000	      0.00000000	     -3.06427221	      2.54482463	    -61.49701716	     -0.00000000	     -0.00000000	      0.00000000
      1.45200000	  -1177.46184670	      0.00000000	      0.00000000	     -0.00000000	      8.40462469	    -54.82551529	     -0.00000000	     -0.00000000	      0.00000000
      1.45300000	   -573.98146859	      0.00000000	      0.00000000	     -0.00000000	      4.89449655	    -30.01001956	      0.00000000	      0.00000000	     -0.00000000
      1.45400000	   -699.08640272	     -0.00000000	     -0.00000000	    -15.66396184	      0.00000000	    -38.92895400	     -0.00000000	      0.00000000	      0.00000000
      1.45500000	   -804.48258044	     -0.00000000	      0.00000000	      1.07662845	      0.00000000	    -14.82869582	     -0.00000000	      0.00000000	      0.00000000
      1.45600000	  -1058.77552466	      0.00000000	      0.00000000	     -8.22989246	      0.00000000	    -71.13379040	     -0.00000000	     -0.00000000	     -0.00000000
      1.45700000	  -1285.23705354	     -0.00000000	     -0.00000000	     -0.63414651	      0.00000000	    -40.48310105	     -0.00000000	      0.00000000	     -0.00000000
      1.45800000	  -1359.02189987	     -0.00000000	     -0.00000000	     -7.15660834	      4.92499255	    -76.42390107	     -0.00000000	     -0.00000000	     -0.00000000
      1.45900000	  -1228.67878825	      0.00000000	     -0.00000000	     -0.00000000	      4.63217034	    -87.01920703	     -0.00000000	      0.00000000	      0.00000000
      1.46000000	   -763.90054515	     -0.00000000	     -0.00000000	     -4.85658639	      0.00000000	    -35.74215663	     -0.00000000	     -0.00000000	      0.00000000
      1.46100000	   -987.74380029	     -0.00000000	     -0.00000000	    -18.87673098	      0.00000000	    -58.16581973	     -0.00000000	      0.00000000	      0.00000000
      1.46200000	  -1069.96402965	      0.00000000	     -0.00000000	     -3.98598463	      0.00000000	    -48.48569345	     -0.00000000	      0.00000000	      0.00000000
      1.46300000	  -1125.91885572	     -0.00000000	     -0.00000000	     -0.00000000	      6.61942571	    -38.37469797	      0.00000000	      0.00000000	     -0.00000000
      1.46400000	  -1024.02834797	     -0.00000000	     -0.00000000	     -0.00000000	      4.83355048	    -54.00878922	     -0.00000000	     -0.00000000	      0.00000000
      1.46500000	   -706.57845938	      0.00000000	      0.00000000	     -0.00000000	      3.69608716	    -40.58599904	     -0.00000000	     -0.00000000	      0.00000000
      1.46600000	   -649.23673645	     -0.00000000	      0.00000000	    -16.54330352	      0.00000000	    -23.52076158	     -0.00000000	      0.00000000	      0.00000000
      1.46700000	  -1345.54829767	      0.00000000	      0.00000000	     -0.00000000	      0.00000000	    -82.52055788	      0.00000000	      0.00000000	      0.00000000
      1.46800000	   -998.41910246	      0.00000000	     -0.00000000	     -0.00000000	      5.65873746	    -71.63132838	     -0.00000000	      0.00000000	     -0.00000000
      1.46900000	  -1089.92079747	     -0.00000000	     -0.00000000	    -17.81982782	      0.00000000	    -64.22777996	     -0.00000000	     -0.00000000	     -0.00000000
      1.47000000	   -808.09832336	      0.00000000	      0.00000000	      3.80610995	      0.00000000	     -9.86696304	     -0.00000000	      0.00000000	     -0.00000000
      1.47100000	  -1233.54164322	     -0.00000000	     -0.00000000	     -0.00000000	      9.25378824	    -43.91234906	     -0.00000000	     -0.00000000	     -0.00000000
      1.47200000	   -916.55362277	     -0.00000000	      0.00000000	     -6.68953170	      0.00000000	    -70.73176437	      0.00000000	      0.00000000	      0.00000000
      1.47300000	  -1380.63978472	     -0.00000000	     -0.00000000	     -0.59192979	      0.00000000	    -53.99391879	     -0.00000000	      0.00000000	     -0.00000000
      1.47400000	  -1353.76488363	      0.00000000	     -0.00000000	    -12.05117385	      2.81607027	    -96.44752934	     -0.00000000	     -0.00000000	     -0.00000000
      1.47500000	  -1087.50621574	     -0.00000000	     -0.00000000	    -15.93014418	      0.00000000	    -51.69740145	     -0.00000000	     -0.00000000	     -0.00000000
      1.47600000	   -951.00169813	     -0.00000000	     -0.00000000	     -0.00000000	      6.31975445	    -26.58888215	     -0.00000000	     -0.00000000	     -0.00000000
      1.47700000	   -941.93829362	      0.00000000	      0.00000000	     -0.00000000	      1.27199292	    -76.34808909	     -0.00000000	      0.00000000	      0.00000000
      1.47800000	  -1142.44315250	      0.00000000	      0.00000000	     -0.24009957	      2.02853331	    -54.54838273	     -0.00000000	      0.00000000	     -0.00000000
      1.47900000	   -715.91118916	     -0.00000000	     -0.00000000	     -0.74390313	      2.23484246	    -42.63582521	     -0.00000000	     -0.00000000	      0.00000000
      1.48000000	   -933.96799689	     -0.00000000	     -0.00000000	     -1.26690935	      0.00000000	    -26.79781657	     -0.00000000	     -0.00000000	      0.00000000
      1.48100000	   -917.63575740	      0.00000000	     -0.00000000	      1.20692214	      0.00000000	    -15.25991739	     -0.00000000	     -0.00000000	     -0.00000000
      1.48200000	  -1357.23924107	      0.00000000	      0.00000000	     -0.00000000	      5.41268373	    -57.19336964	     -0.00000000	     -0.00000000	      0.00000000
      1.48300000	  -1138.00000013	      0.00000000	      0.00000000	     -0.00000000	      0.00000000	    -40.24940194	      0.00000000	     -0.00000000	      0.00000000
      1.48400000	  -1479.69790360	      0.00000000	      0.00000000	     -5.80909847	      0.00000000	    -64.18850267	      0.00000000	      0.00000000	     -0.00000000
      1.48500000	  -1293.73474355	      0.00000000	     -0.00000000	     -3.71639173	      3.31671192	    -55.09626096	     -0.00000000	     -0.00000000	      0.00000000
      1.48600000	  -1263.59759309	      0.00000000	      0.00000000	     -6.37400407	      0.00000000	    -84.30415966	      0.00000000	     -0.00000000	      0.00000000
      1.48700000	   -997.93150502	      0.00000000	     -0.00000000	      0.65053824	      1.92351700	    -12.84146254	     -0.00000000	     -0.00000000	      0.00000000
      1.48800000	  -1069.42990189	      0.00000000	      0.00000000	     -0.00000000	      7.94221987	    -67.49035197	     -0.00000000	     -0.00000000	      0.00000000
      1.48900000	   -662.65154252	      0.00000000	     -0.00000000	     -0.00000000	      3.30290409	    -54.35870341	     -0.00000000	     -0.00000000	      0.00000000
      1.49000000	   -657.97261216	      0.00000000	      0.00000000	    -15.54431581	      0.00000000	    -41.96647760	     -0.00000000	     -0.00000000	      0.00000000
      1.49100000	  -1222.16231625	      0.00000000	      0.00000000	     -0.00000000	      1.74036609	    -53.24890496	      0.00000000	      0.00000000	     -0.00000000
      1.49200000	  -1013.88913039	     -0.00000000	     -0.00000000	     -0.00000000	      2.49195419	    -78.65951999	     -0.00000000	      0.00000000	      0.00000000
      1.49300000	   -889.92003976	      0.00000000	      0.00000000	    -13.19525483	      0.00000000	    -32.06392392	      0.00000000	     -0.00000000	     -0.00000000
      1.49400000	   -992.16854436	     -0.00000000	     -0.00000000	     -0.00000000	      5.29340437	    -86.76574691	     -0.00000000	     -0.00000000	      0.00000000
      1.49500000	  -1517.10669643	      0.00000000	     -0.00000000	    -20.18090389	      0.00000000	    -75.86525817	     -0.00000000	     -0.00000000	     -0.00000000
      1.49600000	  -1533.50911477	     -0.00000000	     -0.00000000	     -0.00000000	     10.94911174	    -49.33627353	     -0.00000000	     -0.00000000	      0.00000000
      1.49700000	   -903.04574313	      0.00000000	     -0.00000000	     -0.02171489	      0.00000000	    -29.30313618	     -0.00000000	     -0.00000000	      0.00000000
      1.49800000	  -1468.62744515	     -0.00000000	     -0.00000000	     -8.17688417	      0.00000000	    -30.79870559	     -0.00000000	     -0.00000000	     -0.00000000
      1.49900000	   -897.54670332	      0.00000000	     -0.00000000	     -0.00000000	      5.94603770	    -69.59305550	     -0.00000000	     -0.00000000	     -0.00000000
      1.50000000	  -1022.44208869	     -0.00000000	     -0.00000000	     -2.61022054	      0.00000000	    -26.80102046	      0.00000000	     -0.00000000	      0.00000000
      1.50100000	  -1466.68873256	      0.00000000	      0.00000000	     -0.00000000	      7.58410244	    -53.45083225	      0.00000000	      0.00000000	      0.00000000
      1.50200000	  -1017.92323569	      0.00000000	      0.00000000	     -0.00000000	      8.55573308	    -85.74672003	     -0.00000000	      0.00000000	      0.00000000
      1.50300000	  -1150.92624476	     -0.00000000	      0.00000000	    -34.24645221	      0.00000000	   -101.02434498	      0.00000000	     -0.00000000	     -0.00000000
      1.50400000	  -1321.14415574	      0.00000000	     -0.00000000	     -0.42328417	      0.95691867	    -36.80876590	      0.00000000	     -0.00000000	      0.00000000
      1.50500000	  -1419.71321790	     -0.00000000	     -0.00000000	     -0.00000000	      3.51153842	    -59.45081255	      0.00000000	     -0.00000000	     -0.00000000
      1.50600000	  -1271.70353207	      0.00000000	      0.00000000	     -3.18864327	      0.00000000	    -16.18464020	      0.00000000	      0.00000000	      0.00000000
      1.50700000	  -1268.94102551	      0.00000000	     -0.00000000	     -0.00000000	      6.92042759	    -40.94781799	      0.00000000	      0.00000000	      0.00000000
      1.50800000	  -1122.67318922	      0.00000000	     -0.00000000	     -1.88076001	      0.00000000	    -49.31800672	     -0.00000000	      0.00000000	      0.00000000
      1.50900000	   -981.07484112	     -0.00000000	     -0.00000000	      0.04726419	      3.20527404	    -27.50584075	     -0.00000000	     -0.00000000	     -0.00000000
      1.51000000	   -758.29767422	      0.00000000	     -0.00000000	     -0.00000000	      4.97523908	    -21.43551015	     -0.00000000	     -0.00000000	      0.00000000
      1.51100000	  -1113.49932343	      0.00000000	      0.00000000	     -4.57961656	      0.00000000	    -54.12630009	      0.00000000	      0.00000000	     -0.00000000
      1.51200000	  -1136.63863109	     -0.00000000	     -0.00000000	     -8.32224826	      0.00000000	    -86.47857073	     -0.00000000	      0.00000000	      0.00000000
      1.51300000	  -1018.42575000	      0.00000000	      0.00000000	      2.12808507	      0.00000000	    -27.02438931	      0.00000000	      0.00000000	      0.00000000
      1.51400000	   -968.56949383	      0.00000000	      0.00000000	     -1.80479807	      2.00745070	    -23.56026066	      0.00000000	      0.00000000	      0.00000000
      1.51500000	  -1442.31638653	     -0.00000000	     -0.00000000	     -0.00000000	      1.51903399	    -69.39605497	     -0.00000000	     -0.00000000	     -0.00000000
      1.51600000	  -1270.68038778	      0.00000000	      0.00000000	     -1.17524385	      1.41525212	    -34.74365284	     -0.00000000	     -0.00000000	      0.00000000
      1.51700000	   -897.17728807	     -0.00000000	     -0.00000000	     -3.88934954	      2.73206058	    -74.52023688	     -0.00000000	     -0.00000000	      0.00000000
      1.51800000	  -1011.21944615	      0.00000000	     -0.00000000	     -0.00000000	      2.09084862	    -67.61353742	     -0.00000000	      0.00000000	     -0.00000000
      1.51900000	   -814.10470368	     -0.00000000	     -0.00000000	     -0.00000000	      4.82084204	    -56.56519227	     -0.00000000	     -0.00000000	     -0.00000000
      1.52000000	   -606.94970697	     -0.00000000	     -0.00000000	     -9.15609764	      0.00000000	     -9.29797578	     -0.00000000	     -0.00000000	      0.00000000
      1.52100000	  -1115.50609208	     -0.00000000	      0.00000000	    -22.37231353	      0.00000000	    -60.11157921	     -0.00000000	      0.00000000	      0.00000000
      1.52200000	  -1117.52381980	     -0.00000000	     -0.00000000	     -0.00000000	      6.43067913	    -14.05774244	     -0.00000000	      0.00000000	     -0.00000000
      1.52300000	   -841.59702320	      0.00000000	      0.00000000	      0.00000000	      4.84865269	    -26.17056496	      0.00000000	     -0.00000000	     -0.00000000
      1.52400000	   -973.82501569	      0.00000000	      0.00000000	      3.89583862	      0.00000000	    -26.38787398	      0.00000000	      0.00000000	      0.00000000
      1.52500000	  -1410.56158115	      0.00000000	      0.00000000	     -3.54258105	      0.00000000	    -28.59215041	      0.00000000	      0.00000000	     -0.00000000
      1.52600000	   -964.28834229	      0.00000000	      0.00000000	     -0.00000000	      2.71431714	    -27.28223193	      0.00000000	      0.00000000	      0.00000000
      1.52700000	  -1196.47632194	      0.00000000	      0.00000000	     -0.00000000	      5.48922281	    -67.74527881	      0.00000000	      0.00000000	      0.00000000
      1.52800000	  -1038.76464197	      0.00000000	      0.00000000	     -5.02716227	      0.00000000	    -66.53842245	      0.00000000	      0.00000000	      0.00000000
      1.52900000	   -967.00761916	     -0.00000000	      0.00000000	     -4.89901168	      0.00000000	    -15.62916521	      0.00000000	     -0.00000000	      0.00000000
      1.53000000	   -908.31113122	      0.00000000	     -0.00000000	     -0.00000000	      7.08651161	    -52.34270000	     -0.00000000	     -0.00000000	      0.00000000
      1.53100000	   -731.91883808	      0.00000000	     -0.00000000	     -1.41560664	      2.05419774	    -36.49094930	      0.00000000	     -0.00000000	     -0.00000000
      1.53200000	   -813.08579119	      0.00000000	     -0.00000000	    -11.03977968	      0.00000000	    -11.06850565	     -0.00000000	     -0.00000000	      0.00000000
      1.53300000	  -1347.32544890	     -0.00000000	     -0.00000000	     -0.00000000	      0.11109079	    -30.06362364	     -0.00000000	     -0.00000000	     -0.00000000
      1.53400000	  -1314.50887236	      0.00000000	     -0.00000000	     -3.22988627	      2.42875461	    -56.50602950	      0.00000000	      0.00000000	     -0.00000000
      1.53500000	  -1443.09481752	     -0.00000000	     -0.00000000	    -20.49961196	      0.00000000	    -63.58686618	     -0.00000000	      0.00000000	     -0.00000000
      1.53600000	  -1219.90670243	     -0.00000000	      0.00000000	     -0.00000000	      6.74869088	    -45.18587477	     -0.00000000	      0.00000000	     -0.00000000
      1.53700000	  -1143.84377218	      0.00000000	      0.00000000	     -0.00000000	      4.50973411	    -48.17628905	      0.00000000	      0.00000000	     -0.00000000
      1.53800000	   -864.77638040	      0.00000000	     -0.00000000	     -2.03758600	      0.00000000	    -32.79796117	     -0.00000000	     -0.00000000	      0.00000000
      1.53900000	  -1256.35400823	     -0.00000000	      0.00000000	    -33.21171794	      0.00000000	    -83.70570949	      0.00000000	      0.00000000	      0.00000000
      1.54000000	  -1292.07178883	      0.00000000	      0.00000000	     -2.66756115	      0.00000000	    -63.50721494	      0.00000000	     -0.00000000	      0.00000000
      1.54100000	  -1254.08325206	     -0.00000000	      0.00000000	      0.00000000	      4.18053118	    -13.89024825	      0.00000000	      0.00000000	     -0.00000000
      1.54200000	   -837.68169214	      0.00000000	     -0.00000000	      7.12367546	      0.00000000	     -1.76619774	     -0.00000000	      0.00000000	      0.00000000
      1.54300000	  -1157.75882302	      0.00000000	      0.00000000	      1.67911824	      0.00000000	    -10.91907458	     -0.00000000	     -0.00000000	      0.00000000
      1.54400000	  -1028.87501271	      0.00000000	     -0.00000000	     -0.00000000	      5.89885890	    -23.72641153	     -0.00000000	      0.00000000	      0.00000000
      1.54500000	  -1200.74512575	      0.00000000	      0.00000000	     -0.00000000	      2.37465255	    -80.69451178	      0.00000000	      0.00000000	      0.00000000
      1.54600000	  -1399.97839652	      0.00000000	      0.00000000	    -10.88507618	      0.00000000	    -59.12861492	      0.00000000	     -0.00000000	      0.00000000
      1.54700000	  -1410.78548322	      0.00000000	      0.00000000	      0.00000000	      4.41846995	     -9.20827256	      0.00000000	      0.00000000	      0.00000000
      1.54800000	  -1266.34403241	      0.00000000	      0.00000000	     -0.00000000	      3.07438865	    -54.08332284	      0.00000000	     -0.00000000	     -0.00000000
      1.54900000	  -1328.01163526	      0.00000000	      0.00000000	     -0.00000000	      4.90890753	    -74.51555171	      0.00000000	      0.00000000	      0.00000000
      1.55000000	   -737.06476007	     -0.00000000	     -0.00000000	     -3.93663744	      0.00000000	    -46.85019161	      0.00000000	      0.00000000	     -0.00000000
      1.55100000	  -1329.76833814	      0.00000000	      0.00000000	     -3.43383084	      0.00000000	    -65.98391265	     -0.00000000	     -0.00000000	     -0.00000000
      1.55200000	  -1197.58977121	      0.00000000	      0.00000000	     -4.39957365	      0.17202637	    -60.95178080	     -0.00000000	      0.00000000	     -0.00000000
      1.55300000	  -1499.41708746	      0.00000000	      0.00000000	     -0.00000000	      2.93307301	    -67.10621581	      0.00000000	     -0.00000000	      0.00000000
      1.55400000	   -667.21011441	      0.00000000	     -0.00000000	     -4.57764858	      0.95557500	    -20.33167152	      0.00000000	      0.00000000	     -0.00000000
      1.55500000	  -1228.14881132	     -0.00000000	     -0.00000000	    -17.29997017	      0.00000000	    -45.07428124	      0.00000000	      0.00000000	     -0.00000000
      1.55600000	  -1487.69723540	      0.00000000	      0.00000000	     -0.00000000	     11.09249260	    -59.71723767	      0.00000000	      0.00000000	     -0.00000000
      1.55700000	  -1187.30597375	      0.00000000	     -0.00000000	     -9.33438465	      0.00000000	    -65.95027073	      0.00000000	      0.00000000	      0.00000000
      1.55800000	  -1133.70456878	     -0.00000000	     -0.00000000	      0.25747197	      0.00000000	    -23.18147843	     -0.00000000	     -0.00000000	     -0.00000000
      1.55900000	  -1293.29924286	      0.00000000	      0.00000000	     -0.00000000	      2.35152722	    -33.53587750	      0.00000000	      0.00000000	      0.00000000
      1.56000000	  -1215.20420350	     -0.00000000	     -0.00000000	     -0.00000000	      5.64464327	    -54.76629644	     -0.00000000	     -0.00000000	      0.00000000
      1.56100000	  -1168.20764933	      0.00000000	     -0.00000000	     -0.43266120	      0.00000000	    -23.16942313	     -0.00000000	      0.00000000	      0.00000000
      1.56200000	  -1606.25272310	      0.00000000	      0.00000000	    -14.33312812	      2.63058262	    -54.49310277	      0.00000000	      0.00000000	     -0.00000000
      1.56300000	  -1253.78307885	     -0.00000000	      0.00000000	     -1.36039023	      0.00000000	    -62.87310011	      0.00000000	     -0.00000000	     -0.00000000
      1.56400000	   -960.10130808	      0.00000000	      0.00000000	      0.70002568	      3.06394699	     -2.98254739	     -0.00000000	     -0.00000000	      0.00000000
      1.56500000	   -783.77452266	      0.00000000	      0.00000000	     -0.00000000	      2.56208806	    -22.15883909	      0.00000000	     -0.00000000	     -0.00000000
      1.56600000	  -1301.68203292	      0.00000000	     -0.00000000	     -6.81518790	      0.00000000	    -33.62266340	     -0.00000000	     -0.00000000	      0.00000000
      1.56700000	  -1186.64205295	     -0.00000000	      0.00000000	     -0.00000000	      7.87055513	    -72.02255074	      0.00000000	     -0.00000000	     -0.00000000
      1.56800000	  -1020.68043453	     -0.00000000	     -0.00000000	      0.82416313	      0.00000000	     -9.80941171	     -0.00000000	     -0.00000000	      0.00000000
      1.56900000	  -1414.98798637	     -0.00000000	     -0.00000000	     -0.95088382	      2.74512058	    -40.41046826	     -0.00000000	     -0.00000000	     -0.00000000
      1.57000000	  -1145.26168233	      0.00000000	      0.00000000	      0.00000000	      1.63365155	    -14.19655000	      0.00000000	     -0.00000000	      0.00000000
      1.57100000	  -1147.92799032	     -0.00000000	     -0.00000000	      2.69635361	      2.50391709	     -2.39949224	     -0.00000000	     -0.00000000	      0.00000000
      1.57200000	   -740.51792572	     -0.00000000	      0.00000000	     -0.00000000	      2.33387004	    -11.84958523	     -0.00000000	      0.00000000	      0.00000000
      1.57300000	  -1112.92153837	     -0.00000000	     -0.00000000	     -7.26806149	      0.00000000	    -32.68187403	     -0.00000000	      0.00000000	     -0.00000000
      1.57400000	   -923.04608607	     -0.00000000	      0.00000000	     -0.00000000	      8.81456545	    -24.74216260	      0.00000000	      0.00000000	     -0.00000000
      1.57500000	   -780.17590423	      0.00000000	      0.00000000	    -18.54484423	      0.00000000	    -45.13773663	      0.00000000	      0.00000000	      0.00000000
