Moment_hip_flexion_r
version=1
nRows=1575
nColumns=10
inDegrees=no

This analysis gathers basic information about muscles during a simulation (e.g., forces, tendon lengths, moment arms, etc).
Units are S.I. units (second, meters, Newtons, ...)
If the header above contains a line with 'inDegrees', this indicates whether rotational values are in degrees (yes) or radians (no).

endheader
time	bflh_r	bfsh_r	gasmed_r	glmax2_r	iliacus_r	recfem_r	soleus_r	tibant_r	vasmed_r
      0.00100000	  -9189.21512064	      0.00000000	      0.00000000	     -0.00000000	      0.00000000	    810.24165723	     -0.00000000	      0.00000000	      0.00000000
      0.00200000	 -10271.03389278	      0.00000000	    -58.60545472	     -0.00000000	      6.82459115	    274.45733316	      0.00000000	     -0.00000000	      0.00000000
      0.00300000	  -8862.87092432	      0.00000000	     -0.00000000	    -39.08463574	      0.00000000	    760.94679554	     -0.00000000	     -0.00000000	     -0.00000000
      0.00400000	 -12919.71018285	     -0.00000000	    -32.79181383	     -0.00000000	      5.09374449	      6.45199100	      0.00000000	      0.00000000	      0.00000000
      0.00500000	  -9269.67934193	      0.00000000	     -0.00000000	     -0.00000000	      7.82757997	    657.92457205	      0.00000000	     -0.00000000	     -0.00000000
      0.00600000	 -13859.73977752	     -0.00000000	    -15.70690099	   -100.83051541	      0.00000000	     14.82975317	     -0.00000000	      0.00000000	     -0.00000000
      0.00700000	 -15200.25892963	     -0.00000000	    -18.86503979	     -0.00000000	      9.28957495	      0.00000000	     -0.00000000	      0.00000000	      0.00000000
      0.00800000	 -12319.03102220	      0.00000000	     -7.83251517	     -0.00000000	     24.09941798	    206.83732274	      0.00000000	      0.00000000	      0.00000000
      0.00900000	  -9492.05177049	     -0.00000000	      0.55523339	    -39.95962664	      0.00000000	    410.19574445	      0.00000000	      0.00000000	     -0.00000000
      0.01000000	 -11694.95274557	      0.00000000	    -12.53050292	     -0.00000000	     25.98221518	    363.51632553	     -0.00000000	     -0.00000000	     -0.00000000
      0.01100000	  -9590.24910829	      0.00000000	    -21.09556036	    -58.05605057	      0.00000000	    366.15766039	      0.00000000	     -0.00000000	      0.00000000
      0.01200000	 -13643.23096167	     -0.00000000	     -0.63348222	    -53.90983676	      0.00000000	    314.34947728	     -0.00000000	     -0.00000000	     -0.00000000
      0.01300000	 -10287.41160201	     -0.00000000	      0.00000000	     -0.00000000	     40.20936506	    730.45118962	      0.00000000	      0.00000000	      0.00000000
      0.01400000	 -11495.34339997	     -0.00000000	    -13.00102768	    -89.77126060	      0.00000000	    330.80805895	     -0.00000000	     -0.00000000	     -0.00000000
      0.01500000	 -14381.12715729	      0.00000000	    -20.93642160	     -0.00000000	     21.52034074	    103.86707230	      0.00000000	      0.00000000	      0.00000000
      0.01600000	 -11902.75093019	     -0.00000000	     -4.08875213	     -0.00000000	      0.00000000	    368.76756237	      0.00000000	      0.00000000	     -0.00000000
      0.01700000	 -13709.65515612	      0.00000000	    -48.99816838	     -0.00000000	     14.32878146	      0.00000000	     -0.00000000	     -0.00000000	      0.00000000
      0.01800000	  -7600.28434001	      0.00000000	     -0.00000000	    -19.22520101	     14.27017851	    749.64793691	      0.00000000	     -0.00000000	     -0.00000000
      0.01900000	 -12361.71954718	      0.00000000	     -0.00000000	   -108.82040254	      0.00000000	    507.39738161	      0.00000000	      0.00000000	      0.00000000
      0.02000000	 -14251.45416930	      0.00000000	     -1.35048976	     -0.00000000	     29.85631683	    111.26474795	     -0.00000000	     -0.00000000	     -0.00000000
      0.02100000	 -13872.58690813	     -0.00000000	    -12.80491328	    -41.79961748	      0.00000000	     48.91539542	      0.00000000	      0.00000000	      0.00000000
      0.02200000	 -13551.29779646	      0.00000000	      0.48630906	     -0.00000000	     19.28700308	     95.35296949	      0.00000000	      0.00000000	     -0.00000000
      0.02300000	  -9277.18769841	     -0.00000000	     -2.43054285	     -0.00000000	     23.72083868	    428.99802850	     -0.00000000	     -0.00000000	     -0.00000000
      0.02400000	 -11486.34071915	     -0.00000000	      0.00000000	    -93.77338557	      0.00000000	    566.63976706	     -0.00000000	     -0.00000000	     -0.00000000
      0.02500000	 -12468.34554923	     -0.00000000	     -0.43451391	     -0.00000000	     28.76296289	    457.71835378	      0.00000000	     -0.00000000	      0.00000000
      0.02600000	  -9007.12057038	     -0.00000000	     -0.32107884	     -0.00000000	      0.54431603	    683.58293858	     -0.00000000	     -0.00000000	     -0.00000000
      0.02700000	 -11313.67127125	     -0.00000000	     -6.95669067	    -28.50166694	      0.00000000	    319.61491388	      0.00000000	      0.00000000	      0.00000000
      0.02800000	  -9866.76542632	      0.00000000	    -23.78237702	     -0.00000000	     25.00887846	    416.75084348	     -0.00000000	      0.00000000	      0.00000000
      0.02900000	  -9670.26710816	      0.00000000	      0.59568100	    -75.93234193	      0.00000000	    447.29415479	     -0.00000000	     -0.00000000	     -0.00000000
      0.03000000	 -14512.65238097	      0.00000000	     -0.84901127	     -0.00000000	     20.81295657	    150.51469862	     -0.00000000	      0.00000000	     -0.00000000
      0.03100000	  -8738.72657380	     -0.00000000	     -6.95707466	     -0.00000000	     20.21241175	    356.20956931	      0.00000000	      0.00000000	      0.00000000
      0.03200000	  -9412.83174541	      0.00000000	      0.00000000	    -81.23047983	      0.00000000	    476.90624989	     -0.00000000	     -0.00000000	      0.00000000
      0.03300000	 -11404.94286822	      0.00000000	     -0.00000000	    -44.14574199	      0.00000000	    625.26539657	     -0.00000000	     -0.00000000	      0.00000000
      0.03400000	 -13608.66386192	     -0.00000000	     -6.02773296	     -0.00000000	     24.25049014	    106.90941316	      0.00000000	      0.00000000	     -0.00000000
      0.03500000	  -9229.96384641	     -0.00000000	    -23.98762343	    -21.51445428	      0.00000000	    421.30897393	      0.00000000	     -0.00000000	      0.00000000
      0.03600000	 -12727.72374887	      0.00000000	     -0.00000000	    -63.63858824	      0.00000000	    384.20300326	     -0.00000000	      0.00000000	     -0.00000000
      0.03700000	 -14704.81736162	      0.00000000	    -50.20413406	     -0.00000000	     21.01457286	      0.00000000	     -0.00000000	     -0.00000000	      0.00000000
      0.03800000	  -9373.78684922	     -0.00000000	      0.00000000	     -0.00000000	     12.28973356	    810.25149419	      0.00000000	      0.00000000	      0.00000000
      0.03900000	 -10547.86865677	      0.00000000	     -0.00000000	    -30.45973824	      0.00000000	    634.49033769	     -0.00000000	     -0.00000000	     -0.00000000
      0.04000000	 -14142.21571594	      0.00000000	     -1.43011015	    -52.20284005	      0.00000000	     43.67804636	      0.00000000	      0.00000000	     -0.00000000
      0.04100000	 -14657.51989741	     -0.00000000	     -6.35597508	    -18.35872044	      0.00000000	     60.30977133	     -0.00000000	      0.00000000	      0.00000000
      0.04200000	 -14614.17327581	     -0.00000000	    -37.57864666	     -0.00000000	     37.67899472	      8.80671082	     -0.00000000	      0.00000000	     -0.00000000
      0.04300000	  -8317.40803001	      0.00000000	     -7.07322469	     -0.00000000	     13.71107228	    525.43243771	     -0.00000000	     -0.00000000	      0.00000000
      0.04400000	 -12260.31928048	     -0.00000000	    -19.51988677	    -76.71196819	      0.00000000	    286.33268512	     -0.00000000	     -0.00000000	      0.00000000
      0.04500000	 -11383.38430194	     -0.00000000	     -0.00000000	     -0.00000000	     20.03007360	    367.87587713	     -0.00000000	     -0.00000000	     -0.00000000
      0.04600000	 -10284.00473004	      0.00000000	    -16.34505379	    -13.08836084	      3.05773647	    414.37346852	     -0.00000000	     -0.00000000	      0.00000000
      0.04700000	 -11594.73400537	     -0.00000000	      0.39279666	    -44.48295348	      0.00000000	    482.91210087	     -0.00000000	     -0.00000000	     -0.00000000
      0.04800000	 -12427.26248090	      0.00000000	     -0.00000000	     -0.00000000	     21.88878849	    481.53036674	      0.00000000	      0.00000000	      0.00000000
      0.04900000	 -11662.50568626	     -0.00000000	     -1.99986096	    -23.65302392	      0.00000000	    388.23039329	     -0.00000000	      0.00000000	     -0.00000000
      0.05000000	 -14135.77590386	      0.00000000	    -28.86223678	    -34.20179078	      0.00000000	     58.45911220	     -0.00000000	     -0.00000000	      0.00000000
      0.05100000	 -10950.43014465	     -0.00000000	      0.00000000	     -0.00000000	     22.03116038	    646.97439017	      0.00000000	      0.00000000	      0.00000000
      0.05200000	  -9839.19364279	      0.00000000	     -0.63001235	     -0.00000000	      6.98055201	    512.64986994	     -0.00000000	     -0.00000000	      0.00000000
      0.05300000	 -10488.23038390	     -0.00000000	     -7.25309457	    -39.02674532	      0.00000000	    445.29079332	      0.00000000	     -0.00000000	      0.00000000
      0.05400000	 -10178.72334722	      0.00000000	      0.00000000	     -0.00000000	      9.20525610	    670.86188119	      0.00000000	      0.00000000	      0.00000000
      0.05500000	 -10661.89122997	     -0.00000000	    -39.54465535	    -26.80420646	      0.00000000	    224.84519140	     -0.00000000	     -0.00000000	     -0.00000000
      0.05600000	 -13878.27808860	     -0.00000000	    -30.20527318	    -48.39975512	      0.00000000	      4.16280172	      0.00000000	     -0.00000000	     -0.00000000
      0.05700000	 -13368.13648831	      0.00000000	     -7.38878308	     -0.00000000	     16.99283261	    291.71063650	     -0.00000000	      0.00000000	      0.00000000
      0.05800000	 -10897.04686404	      0.00000000	      0.00000000	     -0.00000000	     10.15461538	    682.32066231	      0.00000000	      0.00000000	      0.00000000
      0.05900000	 -12083.39586905	      0.00000000	    -35.86644314	     -0.00000000	      9.56390009	    229.19338974	     -0.00000000	     -0.00000000	      0.00000000
      0.06000000	  -9465.29335037	      0.00000000	     -0.00000000	     -0.00000000	      8.39902055	    791.23042626	      0.00000000	      0.00000000	      0.00000000
      0.06100000	  -8475.12057611	      0.00000000	      0.23005626	     -0.00000000	     13.58328957	    432.97880332	      0.00000000	     -0.00000000	      0.00000000
      0.06200000	  -7418.18427516	      0.00000000	     -2.15628705	     -7.75567224	      6.79994722	    659.17329036	     -0.00000000	      0.00000000	      0.00000000
      0.06300000	  -8711.94279763	     -0.00000000	     -3.56657883	    -12.14159459	      0.00000000	    378.25641011	      0.00000000	     -0.00000000	      0.00000000
      0.06400000	  -9206.52772313	      0.00000000	     -0.54678288	    -25.12840449	      0.00000000	    670.10426515	      0.00000000	      0.00000000	     -0.00000000
      0.06500000	 -12216.79005520	      0.00000000	    -20.02998405	    -39.75088678	      0.00000000	     41.63659863	      0.00000000	     -0.00000000	     -0.00000000
      0.06600000	 -14455.67017992	      0.00000000	    -22.97864610	     -0.00000000	     13.63751616	      0.00000000	      0.00000000	     -0.00000000	     -0.00000000
      0.06700000	 -11160.82367984	      0.00000000	     -9.07430060	    -24.72047266	      0.00000000	    379.61834181	      0.00000000	     -0.00000000	     -0.00000000
      0.06800000	 -13536.26974767	     -0.00000000	      0.00000000	    -49.13629685	      0.00000000	    314.54522366	      0.00000000	     -0.00000000	      0.00000000
      0.06900000	 -13017.92371748	      0.00000000	      0.00000000	     -0.00000000	      5.84321497	    241.79768608	     -0.00000000	      0.00000000	      0.00000000
      0.07000000	 -14810.30546043	     -0.00000000	     -2.57130353	    -45.46273941	      0.00000000	     73.46424863	      0.00000000	     -0.00000000	      0.00000000
      0.07100000	 -13599.87910254	      0.00000000	      0.15144410	     -0.00000000	     23.34823985	    247.87094722	     -0.00000000	     -0.00000000	      0.00000000
      0.07200000	 -12215.38226971	     -0.00000000	      0.31658795	    -27.90825473	      0.00000000	    277.15378284	      0.00000000	      0.00000000	      0.00000000
      0.07300000	 -13231.59668516	      0.00000000	    -10.74246511	     -0.00000000	     27.82626922	    199.30500438	      0.00000000	      0.00000000	     -0.00000000
      0.07400000	  -9259.89160531	     -0.00000000	    -46.80705691	    -17.67057332	      0.00000000	    196.98183964	      0.00000000	     -0.00000000	     -0.00000000
      0.07500000	 -12319.60132082	     -0.00000000	     -0.00000000	    -88.37179430	      0.00000000	    611.17154024	      0.00000000	      0.00000000	      0.00000000
      0.07600000	 -13537.53767402	     -0.00000000	     -0.43711933	     -0.00000000	     32.75445826	    267.22221164	     -0.00000000	     -0.00000000	      0.00000000
      0.07700000	  -9476.62623873	      0.00000000	     -4.46356223	     -0.00000000	     20.16700687	    544.63613579	     -0.00000000	      0.00000000	      0.00000000
      0.07800000	 -10199.90368696	     -0.00000000	      0.21586810	    -55.04328088	      0.00000000	    610.24808133	     -0.00000000	     -0.00000000	      0.00000000
      0.07900000	 -14800.89424251	     -0.00000000	    -12.51851703	    -53.20173977	      0.00000000	     26.71949720	     -0.00000000	     -0.00000000	      0.00000000
      0.08000000	 -14268.13018723	     -0.00000000	     -1.65299795	    -23.35266796	      0.00000000	    161.59502268	     -0.00000000	      0.00000000	     -0.00000000
      0.08100000	 -13244.70797538	     -0.00000000	     -0.20642727	     -0.00000000	     41.24151937	    244.78915943	      0.00000000	     -0.00000000	     -0.00000000
      0.08200000	  -7644.50945997	     -0.00000000	      0.00000000	    -40.45713805	      0.00000000	    798.84439739	      0.00000000	      0.00000000	      0.00000000
      0.08300000	 -13031.84462759	      0.00000000	    -18.48342887	     -0.00000000	      8.64603711	    212.83648052	     -0.00000000	      0.00000000	     -0.00000000
      0.08400000	  -9168.63961805	     -0.00000000	    -42.67759966	    -10.49407165	      0.00000000	    143.41134973	      0.00000000	     -0.00000000	     -0.00000000
      0.08500000	 -14481.83603354	     -0.00000000	    -18.02215903	    -50.15849951	      0.00000000	     28.42860126	      0.00000000	      0.00000000	     -0.00000000
      0.08600000	  -9706.08777814	      0.00000000	    -34.33742512	     -0.00000000	     20.71561912	    353.22832726	      0.00000000	      0.00000000	     -0.00000000
      0.08700000	 -11768.53707974	      0.00000000	    -38.05501530	    -56.14656173	      0.00000000	     33.60886855	      0.00000000	     -0.00000000	      0.00000000
      0.08800000	 -11477.24718094	      0.00000000	     -8.67268522	     -0.00000000	      9.84773876	    426.34592560	      0.00000000	     -0.00000000	      0.00000000
      0.08900000	 -13324.89293386	      0.00000000	     -4.45436441	    -26.21926938	      4.25956288	    107.69284657	      0.00000000	     -0.00000000	      0.00000000
      0.09000000	  -9365.36513255	     -0.00000000	     -0.00000000	     -0.00000000	     23.43190335	    570.73459252	      0.00000000	      0.00000000	     -0.00000000
      0.09100000	  -8753.77385948	     -0.00000000	    -26.18710508	    -41.92567140	      0.00000000	    460.61792060	      0.00000000	     -0.00000000	     -0.00000000
      0.09200000	 -10305.12830571	      0.00000000	      0.00000000	    -33.38899073	      0.00000000	    615.33809324	     -0.00000000	     -0.00000000	     -0.00000000
      0.09300000	  -8860.91716296	     -0.00000000	     -0.00000000	     -0.00000000	     31.30563731	    722.60909452	     -0.00000000	      0.00000000	      0.00000000
      0.09400000	  -8015.64861633	     -0.00000000	      0.00000000	   -130.07665627	      0.00000000	    787.79591014	     -0.00000000	     -0.00000000	     -0.00000000
      0.09500000	 -13251.34903872	     -0.00000000	      0.00000000	    -11.03058103	      0.00000000	    417.65485565	     -0.00000000	     -0.00000000	      0.00000000
      0.09600000	 -10872.72808539	      0.00000000	      0.15032516	     -0.00000000	     20.96467361	    612.60559093	      0.00000000	     -0.00000000	      0.00000000
      0.09700000	 -11291.88799800	      0.00000000	      0.00000000	     -0.00000000	      2.68964133	    389.88156812	     -0.00000000	     -0.00000000	     -0.00000000
      0.09800000	 -10091.78848191	     -0.00000000	     -2.45874281	     -0.80900389	      7.99152366	    340.86795817	      0.00000000	      0.00000000	      0.00000000
      0.09900000	 -12932.87800333	      0.00000000	     -2.54619125	    -62.90095039	      0.00000000	    187.78705888	     -0.00000000	     -0.00000000	      0.00000000
      0.10000000	 -11031.01376531	      0.00000000	     -0.00000000	     -0.00000000	     17.60281852	    453.88944621	      0.00000000	      0.00000000	     -0.00000000
      0.10100000	  -9226.61408458	      0.00000000	     -0.10123889	    -44.06604355	      0.00000000	    689.38556673	      0.00000000	      0.00000000	      0.00000000
      0.10200000	 -14169.69459412	     -0.00000000	     -7.88182787	     -0.11688965	      3.89296175	    112.46334986	      0.00000000	     -0.00000000	     -0.00000000
      0.10300000	  -6814.81344192	      0.00000000	      0.00000000	     -0.00000000	     34.04966459	    875.15865289	     -0.00000000	      0.00000000	     -0.00000000
      0.10400000	  -9412.87990632	     -0.00000000	     -0.00000000	    -98.18571024	      0.00000000	    534.19411623	      0.00000000	      0.00000000	     -0.00000000
      0.10500000	 -13948.18126236	     -0.00000000	     -4.90491739	     -0.00000000	     24.27934921	    116.31951660	      0.00000000	     -0.00000000	     -0.00000000
      0.10600000	  -8384.00235529	      0.00000000	     -2.14284126	     -0.00000000	     18.95816222	    461.43659752	      0.00000000	      0.00000000	     -0.00000000
      0.10700000	  -8505.42209780	      0.00000000	      0.00000000	    -45.66916949	      0.00000000	    698.24959243	     -0.00000000	     -0.00000000	      0.00000000
      0.10800000	 -10995.64318187	     -0.00000000	     -5.28824953	    -47.25777081	      0.00000000	    245.17665652	     -0.00000000	     -0.00000000	      0.00000000
      0.10900000	 -11451.14951253	     -0.00000000	     -0.00000000	     -0.00000000	     12.04442165	    293.35815652	      0.00000000	      0.00000000	      0.00000000
      0.11000000	  -8558.91107712	     -0.00000000	    -17.26245665	     -0.00000000	     20.22759301	    427.39494246	      0.00000000	     -0.00000000	     -0.00000000
      0.11100000	 -12201.05882481	      0.00000000	     -9.45212148	    -95.23097039	      0.00000000	    283.45178558	     -0.00000000	     -0.00000000	      0.00000000
      0.11200000	 -14007.04753149	      0.00000000	    -11.78344408	     -0.00000000	      7.34144978	     44.87562954	     -0.00000000	      0.00000000	      0.00000000
      0.11300000	  -9817.89541676	     -0.00000000	      0.00000000	     -0.00000000	     19.49302263	    678.59462900	     -0.00000000	      0.00000000	      0.00000000
      0.11400000	  -7951.41407835	     -0.00000000	     -0.00000000	    -21.00929736	      0.00000000	    882.37163330	      0.00000000	      0.00000000	     -0.00000000
      0.11500000	 -12631.06856310	      0.00000000	     -0.11025315	    -44.76381607	      0.00000000	    229.36937416	     -0.00000000	     -0.00000000	     -0.00000000
      0.11600000	 -12901.64004004	     -0.00000000	     -1.67930162	     -0.00000000	     31.12938703	    385.40310127	     -0.00000000	     -0.00000000	     -0.00000000
      0.11700000	 -12897.59945574	     -0.00000000	    -20.24692643	    -70.40615137	      0.00000000	    152.54502654	      0.00000000	     -0.00000000	      0.00000000
      0.11800000	 -13397.67491428	      0.00000000	      0.00000000	     -0.00000000	      6.54197542	    239.88229077	      0.00000000	     -0.00000000	      0.00000000
      0.11900000	 -10977.07553184	      0.00000000	    -10.42076457	     -0.00000000	     11.70932101	    410.05141054	      0.00000000	      0.00000000	     -0.00000000
      0.12000000	 -13304.53659663	     -0.00000000	     -0.00000000	    -27.16467280	      0.00000000	    336.30755799	     -0.00000000	     -0.00000000	      0.00000000
      0.12100000	  -8896.60491383	     -0.00000000	      0.00000000	     -0.00000000	      7.59233206	    811.00833252	     -0.00000000	     -0.00000000	     -0.00000000
      0.12200000	 -12055.69153251	     -0.00000000	    -34.28509801	     -0.64930681	      9.46768394	     44.70659162	     -0.00000000	     -0.00000000	      0.00000000
      0.12300000	  -8329.17388713	      0.00000000	     -0.06468036	    -35.06121890	      0.00000000	    667.10730167	      0.00000000	      0.00000000	      0.00000000
      0.12400000	 -13167.22139887	      0.00000000	     -0.49920114	    -45.95200501	      0.00000000	      8.01962069	      0.00000000	     -0.00000000	      0.00000000
      0.12500000	 -13554.22553829	     -0.00000000	    -25.81912524	     -0.00000000	     55.48791652	    138.44322670	     -0.00000000	     -0.00000000	     -0.00000000
      0.12600000	  -7415.38272682	      0.00000000	      0.00000000	    -80.73419908	      0.00000000	    941.38877749	     -0.00000000	      0.00000000	      0.00000000
      0.12700000	 -14868.63034784	      0.00000000	    -26.80697906	     -0.00000000	      3.71710309	      0.00000000	     -0.00000000	     -0.00000000	      0.00000000
      0.12800000	  -9060.25663636	     -0.00000000	    -15.53223676	     -0.00000000	     36.75088364	    231.00232515	      0.00000000	     -0.00000000	     -0.00000000
      0.12900000	  -9157.21396863	      0.00000000	     -7.30814819	   -124.23033820	      0.00000000	    520.88803965	      0.00000000	     -0.00000000	     -0.00000000
      0.13000000	 -10518.22190342	     -0.00000000	      0.00000000	     -0.00000000	     25.31075269	    724.59200254	      0.00000000	     -0.00000000	      0.00000000
      0.13100000	  -7439.18884762	     -0.00000000	     -0.00000000	    -49.03147457	      0.00000000	    709.93559495	     -0.00000000	     -0.00000000	      0.00000000
      0.13200000	 -12027.71975470	     -0.00000000	     -0.00000000	     -0.00000000	      0.00000000	    466.01259570	     -0.00000000	     -0.00000000	     -0.00000000
      0.13300000	  -7665.76992223	      0.00000000	      0.13375967	     -0.00000000	      9.16024409	    725.44181960	      0.00000000	     -0.00000000	      0.00000000
      0.13400000	 -13014.89800572	     -0.00000000	     -0.00000000	    -59.17810626	      0.00000000	    185.41210406	     -0.00000000	     -0.00000000	     -0.00000000
      0.13500000	 -12497.66936310	      0.00000000	     -7.92386736	     -0.00000000	      9.94366770	    120.55947792	      0.00000000	      0.00000000	     -0.00000000
      0.13600000	 -13400.26740277	      0.00000000	    -21.94467267	     -0.00000000	     10.72937773	    122.78884300	      0.00000000	     -0.00000000	      0.00000000
      0.13700000	  -9351.76669406	      0.00000000	      0.00000000	     -0.00000000	      0.00000000	    538.46471464	      0.00000000	     -0.00000000	      0.00000000
      0.13800000	 -11519.86967371	     -0.00000000	     -0.21331398	    -31.35949975	      3.38879701	    540.46135950	     -0.00000000	      0.00000000	     -0.00000000
      0.13900000	 -11654.11290488	     -0.00000000	     -5.02551852	    -46.31581867	      0.00000000	    448.63651304	     -0.00000000	     -0.00000000	     -0.00000000
      0.14000000	 -13355.37728668	     -0.00000000	     -0.00000000	     -0.00000000	     22.08488362	    381.79153912	     -0.00000000	     -0.00000000	      0.00000000
      0.14100000	  -8088.97946149	      0.00000000	    -11.16488479	     -0.00000000	     33.71132547	    451.09649759	      0.00000000	     -0.00000000	     -0.00000000
      0.14200000	 -10040.26612597	      0.00000000	     -0.23199332	   -124.22533741	      0.00000000	    594.33947113	      0.00000000	      0.00000000	      0.00000000
      0.14300000	 -13164.99913630	      0.00000000	    -20.77780318	     -0.00000000	      5.04157486	      0.00000000	     -0.00000000	     -0.00000000	      0.00000000
      0.14400000	  -8691.46208337	     -0.00000000	      0.00000000	     -0.00000000	     22.44168891	    885.60042496	      0.00000000	     -0.00000000	     -0.00000000
      0.14500000	 -11091.77506514	      0.00000000	     -2.93262278	     -0.00000000	      0.00000000	    463.50427329	      0.00000000	      0.00000000	     -0.00000000
      0.14600000	 -11840.86557331	     -0.00000000	     -1.01241414	    -50.00633901	      0.00000000	    330.32475116	      0.00000000	     -0.00000000	     -0.00000000
      0.14700000	 -12041.24822491	     -0.00000000	     -0.00000000	     -0.00000000	     15.08694213	    454.31153130	     -0.00000000	      0.00000000	      0.00000000
      0.14800000	  -8844.37125699	      0.00000000	      0.00000000	    -49.58098722	      4.37306859	    769.51539779	      0.00000000	     -0.00000000	     -0.00000000
      0.14900000	 -13372.24898028	     -0.00000000	     -1.47984006	     -0.00000000	      0.00000000	    263.56962696	      0.00000000	     -0.00000000	      0.00000000
      0.15000000	 -10443.46110986	     -0.00000000	    -37.84253766	     -0.00000000	      2.67020807	    139.75816821	     -0.00000000	      0.00000000	     -0.00000000
      0.15100000	 -11450.83308311	      0.00000000	      0.00000000	    -14.73814052	      0.01228968	    423.94146194	      0.00000000	      0.00000000	      0.00000000
      0.15200000	  -7029.39896003	      0.00000000	     -0.00000000	     -0.00000000	     14.15071325	    804.53163318	     -0.00000000	     -0.00000000	      0.00000000
      0.15300000	  -9858.60403577	      0.00000000	      0.00000000	    -63.79125601	      0.00000000	    608.81466766	      0.00000000	     -0.00000000	     -0.00000000
      0.15400000	 -12246.47739160	     -0.00000000	    -13.28007235	    -51.19005034	      0.00000000	    318.79989448	      0.00000000	     -0.00000000	      0.00000000
      0.15500000	 -14789.61215652	     -0.00000000	    -12.71934765	     -0.00000000	     24.33754754	     19.57779797	     -0.00000000	     -0.00000000	      0.00000000
      0.15600000	  -6985.60815225	      0.00000000	     -0.00000000	     -0.00000000	     25.77345511	    751.93053040	      0.00000000	     -0.00000000	     -0.00000000
      0.15700000	  -9338.86517731	     -0.00000000	     -9.50567232	    -77.20442238	      0.00000000	    200.59059291	     -0.00000000	     -0.00000000	      0.00000000
      0.15800000	 -11179.46447675	      0.00000000	     -1.71878343	     -1.65114143	      8.04406891	    438.08040658	      0.00000000	     -0.00000000	      0.00000000
      0.15900000	 -10845.70980869	      0.00000000	     -7.22375310	    -18.41254572	      0.00000000	    428.63106914	     -0.00000000	      0.00000000	     -0.00000000
      0.16000000	  -9290.84829459	      0.00000000	     -0.00000000	     -0.00000000	     11.63606163	    714.93038936	     -0.00000000	     -0.00000000	     -0.00000000
      0.16100000	  -9420.08082812	      0.00000000	     -0.65195307	    -74.10506951	      0.00000000	    370.45114535	      0.00000000	      0.00000000	     -0.00000000
      0.16200000	 -14386.55964022	     -0.00000000	     -9.84088404	    -22.91524240	      0.00000000	     33.69902579	     -0.00000000	      0.00000000	      0.00000000
      0.16300000	 -10473.30210099	     -0.00000000	      0.00000000	     -7.21584637	      0.76017178	    482.08445632	      0.00000000	      0.00000000	      0.00000000
      0.16400000	 -11645.30855284	      0.00000000	      0.24215823	     -0.00000000	     26.98867812	    584.49346753	     -0.00000000	      0.00000000	      0.00000000
      0.16500000	 -10380.30856550	     -0.00000000	    -16.59140116	    -25.97762620	      0.00000000	    138.87165616	     -0.00000000	      0.00000000	     -0.00000000
      0.16600000	 -11726.03521220	      0.00000000	     -0.00000000	    -24.17964266	      4.40909030	    464.91675334	      0.00000000	     -0.00000000	      0.00000000
      0.16700000	  -7563.95332007	      0.00000000	     -2.42651072	     -0.00000000	     41.24527630	    571.01826189	     -0.00000000	     -0.00000000	     -0.00000000
      0.16800000	  -7259.70649269	      0.00000000	      0.00000000	   -126.09415692	      0.00000000	    862.42803946	      0.00000000	      0.00000000	      0.00000000
      0.16900000	 -13282.52028558	      0.00000000	     -0.00858299	    -33.47611424	      0.00000000	    305.09248136	      0.00000000	      0.00000000	     -0.00000000
      0.17000000	 -11859.67882808	      0.00000000	     -4.58831449	     -0.00000000	     33.38350859	    369.21028819	     -0.00000000	      0.00000000	     -0.00000000
      0.17100000	  -7829.89638300	     -0.00000000	     -0.00000000	    -45.05659029	      0.00000000	    827.61442395	     -0.00000000	      0.00000000	     -0.00000000
      0.17200000	 -12966.23192001	     -0.00000000	     -0.48250330	    -64.70630806	      0.00000000	    367.43788959	     -0.00000000	      0.00000000	     -0.00000000
      0.17300000	 -13550.13087297	     -0.00000000	      0.00000000	     -0.00000000	      1.35977637	    211.99803095	      0.00000000	      0.00000000	      0.00000000
      0.17400000	 -11504.51700198	      0.00000000	      0.00000000	     -0.00000000	     25.38254218	    613.51686906	      0.00000000	     -0.00000000	      0.00000000
      0.17500000	  -9420.59671981	     -0.00000000	     -2.98797273	    -28.91261667	      0.00000000	    484.06307188	     -0.00000000	      0.00000000	      0.00000000
      0.17600000	 -12321.66895109	      0.00000000	     -0.00000000	    -86.39778166	      0.00000000	    633.36513933	      0.00000000	     -0.00000000	      0.00000000
      0.17700000	 -12767.17977253	      0.00000000	      0.29768971	     -0.00000000	     37.03929864	    191.60223916	     -0.00000000	     -0.00000000	      0.00000000
      0.17800000	  -7571.60988054	     -0.00000000	     -0.00000000	     -0.00000000	     18.10020821	    547.66225037	     -0.00000000	     -0.00000000	     -0.00000000
      0.17900000	  -6989.08596654	      0.00000000	      0.00000000	    -48.13771565	      0.00000000	    919.54541331	      0.00000000	     -0.00000000	     -0.00000000
      0.18000000	  -8704.38849351	     -0.00000000	    -16.88544837	     -0.00000000	      9.17977930	    382.28586638	     -0.00000000	      0.00000000	      0.00000000
      0.18100000	  -8477.26205105	      0.00000000	      0.00000000	    -81.74906254	      0.00000000	    825.85450396	      0.00000000	     -0.00000000	     -0.00000000
      0.18200000	 -12087.48742491	      0.00000000	     -0.00000000	    -12.08192629	      0.00000000	    524.45596676	      0.00000000	      0.00000000	      0.00000000
      0.18300000	 -12712.66580642	     -0.00000000	    -18.49520638	     -0.00000000	      6.64512499	    135.88214972	     -0.00000000	     -0.00000000	     -0.00000000
      0.18400000	 -10132.41158632	      0.00000000	      0.00000000	     -0.00000000	     14.40581839	    607.50916250	      0.00000000	      0.00000000	      0.00000000
      0.18500000	  -6879.36859657	      0.00000000	      0.00000000	     -0.00000000	     31.64957014	    728.93082862	      0.00000000	      0.00000000	     -0.00000000
      0.18600000	  -7720.55906729	     -0.00000000	     -2.65315016	    -88.87073787	      0.00000000	    606.93239820	     -0.00000000	      0.00000000	     -0.00000000
      0.18700000	 -13301.79351676	     -0.00000000	     -4.91213150	    -71.27801814	      0.00000000	    141.92877445	     -0.00000000	     -0.00000000	     -0.00000000
      0.18800000	 -13155.65420126	      0.00000000	      0.10795995	     -0.00000000	      6.05423340	    258.22212197	      0.00000000	      0.00000000	      0.00000000
      0.18900000	 -11238.29182707	     -0.00000000	     -8.89333740	     -0.00000000	     28.84096694	    431.98912638	      0.00000000	      0.00000000	     -0.00000000
      0.19000000	  -8969.49471501	      0.00000000	     -4.68800837	    -19.50750365	      3.24173873	    487.66923567	      0.00000000	      0.00000000	     -0.00000000
      0.19100000	  -8598.54456519	     -0.00000000	      0.00000000	    -20.97939428	      0.00000000	    941.72000872	      0.00000000	      0.00000000	     -0.00000000
      0.19200000	 -10190.02229238	      0.00000000	      0.00000000	    -42.48929604	      0.00000000	    428.16655193	     -0.00000000	     -0.00000000	      0.00000000
      0.19300000	 -11680.55384397	      0.00000000	     -0.00000000	     -0.00000000	     15.00984578	    568.73084460	     -0.00000000	      0.00000000	      0.00000000
      0.19400000	 -10987.47990781	      0.00000000	     -1.95218262	    -24.46135997	      0.00000000	    361.41481963	     -0.00000000	      0.00000000	      0.00000000
      0.19500000	 -13194.68744511	      0.00000000	     -0.07512897	     -0.00000000	      0.00000000	     90.79130370	     -0.00000000	      0.00000000	      0.00000000
      0.19600000	 -10089.61073927	     -0.00000000	      0.13749804	     -0.00000000	     26.28128037	    315.29966978	     -0.00000000	     -0.00000000	      0.00000000
      0.19700000	  -7968.81009296	      0.00000000	      0.00000000	    -11.33025451	      0.00000000	    838.51038224	      0.00000000	      0.00000000	     -0.00000000
      0.19800000	 -10243.26364354	      0.00000000	    -19.93888933	    -22.90181046	      0.00000000	    172.49656045	      0.00000000	      0.00000000	      0.00000000
      0.19900000	 -12040.34544717	      0.00000000	    -10.15352574	    -41.80530134	      0.00000000	    362.30542478	     -0.00000000	      0.00000000	      0.00000000
      0.20000000	 -11888.84848943	     -0.00000000	      0.00000000	    -44.01372435	      0.00000000	    605.94951072	     -0.00000000	     -0.00000000	      0.00000000
      0.20100000	 -12592.99082000	     -0.00000000	      0.00000000	     -0.00000000	      0.55259414	    176.13416162	     -0.00000000	      0.00000000	      0.00000000
      0.20200000	 -13213.94601776	      0.00000000	    -16.18962678	     -3.06576048	      5.70461667	     64.15819860	     -0.00000000	     -0.00000000	     -0.00000000
      0.20300000	 -10275.41490022	      0.00000000	      0.00000000	     -0.00000000	     24.00370697	    643.06007858	     -0.00000000	      0.00000000	      0.00000000
      0.20400000	  -8941.57851242	      0.00000000	     -1.27266607	    -67.10510354	      0.00000000	    361.15374878	      0.00000000	     -0.00000000	      0.00000000
      0.20500000	 -14297.01639852	      0.00000000	     -6.46651652	    -25.82236732	      9.13313878	    150.52913205	     -0.00000000	     -0.00000000	     -0.00000000
      0.20600000	  -7309.92107132	     -0.00000000	     -0.00000000	     -0.00000000	     20.34154709	    990.15752387	      0.00000000	     -0.00000000	     -0.00000000
      0.20700000	 -11438.24490773	      0.00000000	    -10.06788689	     -0.00000000	      0.18013711	    406.54673089	     -0.00000000	     -0.00000000	     -0.00000000
      0.20800000	  -7360.78143919	      0.00000000	     -0.42576202	     -0.00000000	     16.99152587	    581.92711077	      0.00000000	      0.00000000	     -0.00000000
      0.20900000	  -7309.97034645	     -0.00000000	      0.00000000	    -42.37620333	      0.00000000	    498.29913589	      0.00000000	      0.00000000	      0.00000000
      0.21000000	  -9446.51578025	      0.00000000	    -20.49390442	    -16.42695967	      9.81111226	    281.67747129	      0.00000000	      0.00000000	      0.00000000
      0.21100000	 -10007.05542697	     -0.00000000	      0.22193966	    -51.57668673	      0.00000000	    656.89961134	      0.00000000	      0.00000000	     -0.00000000
      0.21200000	 -11163.02259571	      0.00000000	      0.00000000	     -0.00000000	     16.96230890	    492.36648279	      0.00000000	     -0.00000000	      0.00000000
      0.21300000	  -6245.60490351	     -0.00000000	      0.00000000	     -0.00000000	     15.65425063	   1017.59790966	      0.00000000	     -0.00000000	      0.00000000
      0.21400000	 -10406.11033535	     -0.00000000	      0.00000000	    -82.90234148	      0.00000000	    731.68818841	      0.00000000	      0.00000000	      0.00000000
      0.21500000	 -13295.21148171	     -0.00000000	     -2.16168687	     -4.88336413	      0.00000000	     89.00690318	      0.00000000	      0.00000000	     -0.00000000
      0.21600000	 -11406.22724967	      0.00000000	      0.00000000	     -0.00000000	     17.70972784	    679.90744145	     -0.00000000	     -0.00000000	      0.00000000
      0.21700000	 -10832.75587077	     -0.00000000	     -2.57601401	     -0.00000000	      5.10047660	    428.61486833	     -0.00000000	      0.00000000	     -0.00000000
      0.21800000	 -10355.15055202	      0.00000000	     -0.00000000	    -52.74929410	      0.00000000	    609.13367569	      0.00000000	     -0.00000000	      0.00000000
      0.21900000	 -11674.18056641	      0.00000000	     -0.00000000	     -0.00000000	     22.62642496	    633.54537378	     -0.00000000	     -0.00000000	     -0.00000000
      0.22000000	  -9772.39299483	      0.00000000	     -0.27534048	    -25.56166616	      0.00000000	    640.77951169	      0.00000000	      0.00000000	      0.00000000
      0.22100000	 -12243.59672652	     -0.00000000	     -2.01566829	     -0.00000000	     10.61028184	    370.93017781	     -0.00000000	     -0.00000000	     -0.00000000
      0.22200000	  -8254.28488713	     -0.00000000	     -0.77216591	     -0.00000000	      0.00000000	    389.18086960	      0.00000000	     -0.00000000	     -0.00000000
      0.22300000	  -8178.43546224	      0.00000000	      0.00000000	     -0.00000000	     17.67814661	    897.49110283	      0.00000000	     -0.00000000	      0.00000000
      0.22400000	  -6653.55843348	     -0.00000000	      0.00000000	    -60.58429470	      0.00000000	    723.33137581	     -0.00000000	     -0.00000000	      0.00000000
      0.22500000	 -12092.49145604	     -0.00000000	     -0.00000000	    -54.94627705	      0.00000000	    475.27358027	     -0.00000000	     -0.00000000	      0.00000000
      0.22600000	 -10744.10475454	     -0.00000000	     -3.92542199	     -0.00000000	      0.00000000	    437.24436829	      0.00000000	     -0.00000000	      0.00000000
      0.22700000	 -11936.84465985	     -0.00000000	      0.16441408	     -0.00000000	      0.00000000	    112.81582129	     -0.00000000	      0.00000000	     -0.00000000
      0.22800000	  -8858.09955621	      0.00000000	      0.00000000	     -0.00000000	      8.48559642	    758.12986681	     -0.00000000	      0.00000000	      0.00000000
      0.22900000	 -11265.69347934	      0.00000000	     -0.00000000	     -0.00000000	      2.84304831	    348.25724574	     -0.00000000	      0.00000000	     -0.00000000
      0.23000000	  -8816.72323275	     -0.00000000	      0.04485106	     -7.28512343	      0.68963305	    672.87968801	     -0.00000000	      0.00000000	     -0.00000000
      0.23100000	 -12510.31302670	      0.00000000	     -0.77905363	     -4.38738626	      4.43683004	     76.22058264	      0.00000000	      0.00000000	     -0.00000000
      0.23200000	  -8480.05934341	     -0.00000000	     -8.90911190	     -0.00000000	     27.61608452	    462.46215784	      0.00000000	      0.00000000	      0.00000000
      0.23300000	  -8714.37103894	     -0.00000000	      0.00000000	    -63.42609072	      0.00000000	    890.27567717	      0.00000000	      0.00000000	     -0.00000000
      0.23400000	 -10194.26615920	     -0.00000000	     -0.00000000	    -20.67514985	      0.00000000	    648.93048513	      0.00000000	      0.00000000	     -0.00000000
      0.23500000	 -11985.60496448	     -0.00000000	      0.27099112	     -0.00000000	     31.95996892	    502.32518292	      0.00000000	     -0.00000000	     -0.00000000
      0.23600000	  -6859.17585065	     -0.00000000	     -0.00000000	     -0.00000000	      4.75370764	    890.33971493	     -0.00000000	      0.00000000	     -0.00000000
      0.23700000	 -10454.94205231	     -0.00000000	     -6.54021132	     -0.00000000	      1.15422562	    291.44155801	     -0.00000000	      0.00000000	     -0.00000000
      0.23800000	  -6013.90368984	      0.00000000	     -0.00000000	    -30.70398874	      0.00000000	    967.55611354	      0.00000000	      0.00000000	     -0.00000000
      0.23900000	 -11518.31276750	     -0.00000000	     -0.00000000	    -72.65062319	      0.00000000	    655.53899565	     -0.00000000	      0.00000000	     -0.00000000
      0.24000000	 -13986.17868320	      0.00000000	     -2.04128296	     -0.00000000	     36.31754911	     85.28105182	     -0.00000000	     -0.00000000	      0.00000000
      0.24100000	  -7959.15037241	      0.00000000	     -0.00000000	     -0.00000000	     18.49777374	    820.96923324	     -0.00000000	      0.00000000	     -0.00000000
      0.24200000	  -9756.78688916	     -0.00000000	     -0.00000000	    -56.76380507	      0.00000000	    732.22867024	     -0.00000000	     -0.00000000	      0.00000000
      0.24300000	  -9814.23013996	      0.00000000	      0.00000000	     -0.00000000	     20.97563705	    645.06841601	      0.00000000	      0.00000000	      0.00000000
      0.24400000	  -7314.60404107	     -0.00000000	      0.00000000	    -47.39079323	      0.00000000	    831.21352404	     -0.00000000	     -0.00000000	      0.00000000
      0.24500000	 -12608.35110034	      0.00000000	     -3.41519310	    -34.52504579	      0.00000000	     95.60027508	     -0.00000000	     -0.00000000	      0.00000000
      0.24600000	  -9775.81263584	     -0.00000000	     -0.00000000	     -0.00000000	     11.31945364	    888.23821335	     -0.00000000	     -0.00000000	     -0.00000000
      0.24700000	 -10716.67093575	     -0.00000000	     -3.13718340	     -0.00000000	      5.70784013	    160.96050516	     -0.00000000	     -0.00000000	     -0.00000000
      0.24800000	  -6950.83737732	      0.00000000	      0.19907156	     -0.00000000	     35.47399769	    568.32882773	      0.00000000	     -0.00000000	     -0.00000000
      0.24900000	  -5277.06496514	     -0.00000000	      0.00000000	   -123.15292681	      0.00000000	   1020.35098490	     -0.00000000	     -0.00000000	     -0.00000000
      0.25000000	 -12917.97312813	     -0.00000000	     -0.00000000	    -44.89122504	      0.00000000	    264.69903993	      0.00000000	      0.00000000	      0.00000000
      0.25100000	 -11933.28616784	     -0.00000000	     -3.02610941	     -0.00000000	     17.67413972	    419.41560258	      0.00000000	     -0.00000000	     -0.00000000
      0.25200000	 -11405.26305858	      0.00000000	     -0.15291356	     -0.00000000	     12.38120541	    378.16260172	     -0.00000000	      0.00000000	     -0.00000000
      0.25300000	  -7737.80957859	      0.00000000	      0.00000000	    -36.33628826	      0.00000000	    845.30084900	      0.00000000	      0.00000000	      0.00000000
      0.25400000	 -11706.12815044	     -0.00000000	      0.00000000	    -80.13885666	      0.00000000	    734.30703066	     -0.00000000	     -0.00000000	     -0.00000000
      0.25500000	 -12720.34684559	     -0.00000000	      0.00000000	     -0.00000000	     31.77726977	    437.11944772	     -0.00000000	     -0.00000000	     -0.00000000
      0.25600000	  -8500.93427670	      0.00000000	     -8.09637749	     -0.00000000	     17.17008997	    262.96014397	      0.00000000	      0.00000000	      0.00000000
      0.25700000	  -6519.43487970	      0.00000000	      0.00000000	    -50.88882804	      0.00000000	    750.95622079	      0.00000000	     -0.00000000	      0.00000000
      0.25800000	 -10056.94051129	      0.00000000	      0.00000000	   -103.33637791	      0.00000000	    915.19601624	      0.00000000	      0.00000000	     -0.00000000
      0.25900000	 -11248.45520132	      0.00000000	     -0.00000000	     -0.00000000	     22.61718972	    835.78955610	      0.00000000	      0.00000000	      0.00000000
      0.26000000	  -6936.04121282	      0.00000000	      0.00000000	     -0.00000000	     29.90769997	    863.19052584	      0.00000000	      0.00000000	     -0.00000000
      0.26100000	  -8941.99515675	     -0.00000000	     -0.00000000	    -83.52123967	      0.00000000	    580.88595976	      0.00000000	     -0.00000000	      0.00000000
      0.26200000	 -13819.03827066	     -0.00000000	    -12.16312542	    -21.20077422	      6.13826768	      7.62143669	     -0.00000000	      0.00000000	     -0.00000000
      0.26300000	 -11062.58460778	     -0.00000000	     -2.09401253	     -0.00000000	      5.58991976	    466.34989655	     -0.00000000	     -0.00000000	      0.00000000
      0.26400000	 -11360.72724221	      0.00000000	      0.00000000	     -0.00000000	      2.81119678	    468.26765046	      0.00000000	      0.00000000	      0.00000000
      0.26500000	  -7554.41562417	      0.00000000	     -0.00000000	     -0.00000000	     31.02297175	    814.25956303	     -0.00000000	     -0.00000000	      0.00000000
      0.26600000	  -8917.40655249	     -0.00000000	     -0.00000000	    -62.32343369	      0.00000000	    609.71244633	      0.00000000	      0.00000000	     -0.00000000
      0.26700000	  -7325.59145637	      0.00000000	     -0.00000000	     -0.00000000	     18.54265620	    871.00050833	     -0.00000000	      0.00000000	     -0.00000000
      0.26800000	  -6158.81710131	      0.00000000	     -0.00000000	    -50.76108566	      0.00000000	    660.23912791	     -0.00000000	     -0.00000000	      0.00000000
      0.26900000	 -10739.69343442	     -0.00000000	     -0.00000000	    -22.27876797	      0.00000000	    617.22838552	      0.00000000	     -0.00000000	     -0.00000000
      0.27000000	  -7450.17196648	     -0.00000000	      0.00000000	     -0.00000000	      0.00000000	    908.98809693	      0.00000000	      0.00000000	     -0.00000000
      0.27100000	 -11623.23433894	     -0.00000000	     -0.01126280	    -28.74591309	      0.00000000	    150.27396129	     -0.00000000	     -0.00000000	      0.00000000
      0.27200000	 -10805.16664120	     -0.00000000	      0.16565287	     -0.00000000	     13.72526385	    344.42203606	     -0.00000000	      0.00000000	     -0.00000000
      0.27300000	  -9192.12407460	      0.00000000	      0.00000000	     -0.00000000	     19.60369467	    762.43373538	      0.00000000	      0.00000000	     -0.00000000
      0.27400000	  -7417.75060641	     -0.00000000	     -1.46336774	     -0.00000000	      4.22690738	    526.50644479	     -0.00000000	      0.00000000	     -0.00000000
      0.27500000	  -9410.88451458	      0.00000000	      0.30212772	    -94.76283903	      0.00000000	    712.74253961	     -0.00000000	     -0.00000000	     -0.00000000
      0.27600000	  -9793.40134613	      0.00000000	      0.28836133	     -0.00000000	     26.92046342	    670.28621812	      0.00000000	      0.00000000	      0.00000000
      0.27700000	  -7542.23878283	      0.00000000	     -0.00000000	    -70.03348828	      0.00000000	    576.57676601	      0.00000000	     -0.00000000	     -0.00000000
      0.27800000	 -10731.62543757	      0.00000000	      0.00000000	    -16.79441840	      7.63016552	    891.26424185	      0.00000000	     -0.00000000	      0.00000000
      0.27900000	  -5439.84572111	      0.00000000	      0.00000000	     -0.00000000	     16.94328180	   1068.17281375	      0.00000000	     -0.00000000	     -0.00000000
      0.28000000	 -11330.85105263	      0.00000000	     -1.57553028	    -56.54921705	      0.00000000	    203.40094327	      0.00000000	      0.00000000	     -0.00000000
      0.28100000	  -9316.77912615	     -0.00000000	     -0.00000000	    -18.91119606	      0.00000000	    739.95180122	     -0.00000000	      0.00000000	      0.00000000
      0.28200000	 -12664.72714784	     -0.00000000	     -0.00000000	    -44.36059145	      0.00000000	    415.53180574	     -0.00000000	      0.00000000	      0.00000000
      0.28300000	 -11501.01951961	      0.00000000	      0.00000000	     -0.00000000	     25.29607309	    401.20240718	     -0.00000000	     -0.00000000	     -0.00000000
      0.28400000	  -7617.31239299	      0.00000000	      0.24301790	     -4.44267725	      7.51972706	    744.68864606	      0.00000000	     -0.00000000	      0.00000000
      0.28500000	  -8935.64735868	     -0.00000000	     -0.00000000	     -0.00000000	      0.00000000	    693.18882516	      0.00000000	     -0.00000000	      0.00000000
      0.28600000	  -7993.19444975	      0.00000000	      0.00000000	    -14.15534956	     12.39495514	    517.48615550	      0.00000000	      0.00000000	      0.00000000
      0.28700000	 -11926.22448393	     -0.00000000	     -6.08166047	    -80.81479154	      0.00000000	    351.15100224	      0.00000000	     -0.00000000	      0.00000000
      0.28800000	 -10821.96859437	     -0.00000000	     -0.00000000	     -0.00000000	     18.92831127	    441.71548609	     -0.00000000	      0.00000000	     -0.00000000
      0.28900000	  -5511.31075247	      0.00000000	     -0.00000000	     -0.00000000	     24.23583317	   1051.73578698	     -0.00000000	     -0.00000000	     -0.00000000
      0.29000000	  -9307.04303920	     -0.00000000	     -0.00000000	    -41.94560759	      0.00000000	    653.44763395	     -0.00000000	      0.00000000	     -0.00000000
      0.29100000	  -8332.14999676	      0.00000000	     -0.00000000	     -0.00000000	     32.91947760	    622.52214622	      0.00000000	      0.00000000	      0.00000000
      0.29200000	  -6955.43399390	      0.00000000	     -5.36773157	    -58.10783463	      0.00000000	    533.98471142	      0.00000000	      0.00000000	      0.00000000
      0.29300000	 -11016.51332065	     -0.00000000	     -0.54049188	    -17.40811279	      0.00000000	    490.83270843	     -0.00000000	      0.00000000	     -0.00000000
      0.29400000	  -8337.11201004	      0.00000000	     -1.10609756	     -0.00000000	     11.67129539	    490.65215378	     -0.00000000	     -0.00000000	      0.00000000
      0.29500000	 -10295.42922618	     -0.00000000	     -0.00000000	    -75.22541478	      0.00000000	    506.82693499	      0.00000000	      0.00000000	      0.00000000
      0.29600000	 -10904.54530328	     -0.00000000	     -0.00000000	     -0.00000000	     35.25963781	    720.24810373	     -0.00000000	     -0.00000000	      0.00000000
      0.29700000	  -6736.15289538	      0.00000000	     -0.37086534	     -7.86145499	      6.85262459	    686.89346041	      0.00000000	     -0.00000000	     -0.00000000
      0.29800000	 -10456.69210241	     -0.00000000	     -0.00000000	   -107.76386088	      0.00000000	    868.78610885	     -0.00000000	     -0.00000000	     -0.00000000
      0.29900000	 -11939.57826742	     -0.00000000	     -0.00000000	     -0.00000000	     26.99055690	    463.65648041	      0.00000000	      0.00000000	     -0.00000000
      0.30000000	  -8341.07803928	      0.00000000	      0.00000000	     -0.00000000	      6.55806703	    881.16784834	      0.00000000	      0.00000000	      0.00000000
      0.30100000	 -10327.55255916	     -0.00000000	      0.26487723	     -0.00000000	      8.18536316	    536.00241770	     -0.00000000	     -0.00000000	      0.00000000
      0.30200000	  -7723.78734666	      0.00000000	      0.00000000	     -0.00000000	      8.10523772	    616.32768899	     -0.00000000	     -0.00000000	      0.00000000
      0.30300000	  -9500.22246502	     -0.00000000	     -0.16134339	    -60.13434245	      0.00000000	    354.31822064	     -0.00000000	     -0.00000000	      0.00000000
      0.30400000	  -9362.03672399	      0.00000000	     -0.78612190	     -0.00000000	     26.95323325	    633.07480488	      0.00000000	      0.00000000	     -0.00000000
      0.30500000	  -5653.00631982	      0.00000000	      0.00000000	    -47.42131269	      0.00000000	    878.21775975	      0.00000000	      0.00000000	     -0.00000000
      0.30600000	 -11482.19438770	     -0.00000000	     -0.00000000	    -24.21969170	      0.00000000	    573.79979737	      0.00000000	      0.00000000	      0.00000000
      0.30700000	  -7857.21504597	     -0.00000000	      0.00000000	     -0.00000000	     20.56440536	    687.22948380	     -0.00000000	     -0.00000000	     -0.00000000
      0.30800000	  -8296.80202503	      0.00000000	     -1.81125446	     -0.00000000	     15.37597836	    600.11751107	      0.00000000	      0.00000000	     -0.00000000
      0.30900000	  -6739.79103009	      0.00000000	      0.33912067	    -65.47952153	      0.00000000	    714.12709963	     -0.00000000	     -0.00000000	     -0.00000000
      0.31000000	 -10878.07122558	     -0.00000000	      0.00000000	    -70.26983978	      0.00000000	    357.90645996	     -0.00000000	      0.00000000	     -0.00000000
      0.31100000	 -10230.01643490	      0.00000000	      0.00000000	     -0.00000000	     15.45269041	    741.51976144	      0.00000000	      0.00000000	      0.00000000
      0.31200000	 -10046.29062265	     -0.00000000	      0.00000000	     -0.00000000	      0.00000000	    505.97398751	     -0.00000000	      0.00000000	      0.00000000
      0.31300000	 -11053.24072472	      0.00000000	      0.00000000	     -0.00000000	     19.30785260	    474.57456319	     -0.00000000	      0.00000000	      0.00000000
      0.31400000	  -6929.50885455	      0.00000000	      0.00000000	     -0.00000000	     20.88555844	    802.30452325	      0.00000000	     -0.00000000	     -0.00000000
      0.31500000	  -5773.02891239	     -0.00000000	      0.00000000	    -71.84190643	      0.00000000	    919.58137078	     -0.00000000	     -0.00000000	      0.00000000
      0.31600000	 -11586.93519910	     -0.00000000	      0.00000000	     -0.47142832	     15.26073619	    604.52988839	     -0.00000000	      0.00000000	     -0.00000000
      0.31700000	  -4885.07111231	     -0.00000000	      0.00000000	     -0.00000000	      6.60420103	    983.59458567	      0.00000000	      0.00000000	      0.00000000
      0.31800000	  -9998.32317981	      0.00000000	     -0.00000000	    -57.81548556	      0.00000000	    753.42767931	      0.00000000	     -0.00000000	     -0.00000000
      0.31900000	 -10843.35018196	      0.00000000	     -0.00000000	     -0.00000000	     22.01297586	    807.85906609	     -0.00000000	      0.00000000	      0.00000000
      0.32000000	  -9499.07305825	     -0.00000000	     -0.00000000	     -0.00000000	     11.00947179	    851.43232194	      0.00000000	      0.00000000	      0.00000000
      0.32100000	  -7114.74866736	     -0.00000000	      0.00000000	     -1.61275471	      4.43735544	   1084.15555150	      0.00000000	      0.00000000	     -0.00000000
      0.32200000	  -8830.25009216	      0.00000000	      0.00000000	     -0.00000000	      0.00000000	    576.20913322	     -0.00000000	      0.00000000	     -0.00000000
      0.32300000	  -9230.97375894	     -0.00000000	     -0.00000000	    -60.64303302	      0.00000000	    637.48443689	     -0.00000000	     -0.00000000	     -0.00000000
      0.32400000	 -13072.40841838	      0.00000000	     -0.04658212	     -0.00000000	      5.96145195	    357.53407686	      0.00000000	      0.00000000	     -0.00000000
      0.32500000	  -9240.58345495	      0.00000000	     -1.61711049	     -0.00000000	     26.35900635	    573.51899367	      0.00000000	     -0.00000000	      0.00000000
      0.32600000	  -7521.93130291	      0.00000000	     -0.00000000	    -32.94902594	      0.00000000	    929.55220820	     -0.00000000	     -0.00000000	      0.00000000
      0.32700000	  -8886.33476501	      0.00000000	      0.00000000	     -0.00000000	      0.00000000	    669.94771065	     -0.00000000	      0.00000000	      0.00000000
      0.32800000	  -9275.55549385	     -0.00000000	     -0.00000000	     -8.63076927	      0.00000000	    786.31661144	      0.00000000	      0.00000000	      0.00000000
      0.32900000	  -6029.28114594	      0.00000000	     -0.00000000	     -0.00000000	      9.21634384	    764.11322028	      0.00000000	      0.00000000	      0.00000000
      0.33000000	  -7413.47502798	      0.00000000	      0.37940553	    -55.45184294	      0.00000000	    450.07827412	     -0.00000000	     -0.00000000	      0.00000000
      0.33100000	 -10350.92994941	     -0.00000000	      0.00000000	    -14.95463691	      0.00000000	    656.21268904	      0.00000000	     -0.00000000	     -0.00000000
      0.33200000	  -7234.82404458	      0.00000000	     -0.00000000	     -0.00000000	     28.09631855	    814.24873519	     -0.00000000	     -0.00000000	      0.00000000
      0.33300000	  -8114.02826384	      0.00000000	     -0.00000000	    -86.41134532	      0.00000000	    624.81746257	      0.00000000	      0.00000000	      0.00000000
      0.33400000	 -12537.30947091	      0.00000000	     -0.35686347	    -39.89067424	      0.00000000	    284.22074729	     -0.00000000	     -0.00000000	      0.00000000
      0.33500000	 -10516.34470418	     -0.00000000	     -0.00000000	     -0.00000000	     28.92140465	    611.29943893	      0.00000000	      0.00000000	      0.00000000
      0.33600000	  -6073.43563353	     -0.00000000	     -0.00000000	     -0.00000000	      7.83999258	    738.33679419	     -0.00000000	      0.00000000	     -0.00000000
      0.33700000	  -6776.16745842	      0.00000000	      0.00000000	    -25.60632296	      0.00000000	    650.26437593	      0.00000000	     -0.00000000	      0.00000000
      0.33800000	  -6175.65061108	      0.00000000	      0.00000000	    -16.51871173	      0.00000000	    977.70829942	      0.00000000	      0.00000000	     -0.00000000
      0.33900000	  -9395.19078559	      0.00000000	      0.00000000	    -62.19598456	      0.00000000	    749.34278332	      0.00000000	      0.00000000	      0.00000000
      0.34000000	 -11828.94215875	     -0.00000000	     -0.00000000	    -24.68377648	      0.19288361	    552.26926679	      0.00000000	      0.00000000	     -0.00000000
      0.34100000	  -9472.39192144	      0.00000000	      0.00000000	     -0.00000000	     16.21085766	    929.97248347	      0.00000000	      0.00000000	     -0.00000000
      0.34200000	  -8093.75298848	     -0.00000000	     -0.00000000	     -0.00000000	      0.00000000	    956.53896259	     -0.00000000	      0.00000000	      0.00000000
      0.34300000	 -10227.60709706	      0.00000000	      0.03515850	    -36.00712864	      0.00000000	    339.78692694	      0.00000000	      0.00000000	      0.00000000
      0.34400000	 -10935.31352658	      0.00000000	     -0.14994439	     -0.00000000	     40.78397707	    590.88484366	      0.00000000	      0.00000000	     -0.00000000
      0.34500000	  -4679.45169441	     -0.00000000	     -0.00000000	    -27.32780956	      0.00000000	   1055.23662408	     -0.00000000	      0.00000000	     -0.00000000
      0.34600000	  -9970.78347438	     -0.00000000	     -0.00000000	    -60.06756967	      0.00000000	    590.22094804	     -0.00000000	     -0.00000000	     -0.00000000
      0.34700000	  -9677.92517866	     -0.00000000	      0.00000000	     -0.00000000	     37.17153165	    987.46905156	     -0.00000000	      0.00000000	      0.00000000
      0.34800000	 -11154.34183743	     -0.00000000	     -0.02813655	    -49.47538628	      0.00000000	    473.38589015	      0.00000000	      0.00000000	     -0.00000000
      0.34900000	 -12507.80478041	      0.00000000	     -0.00000000	     -0.00000000	     21.80569069	    340.27708596	     -0.00000000	     -0.00000000	     -0.00000000
      0.35000000	  -4361.27923164	      0.00000000	      0.00000000	     -0.00000000	     32.08753981	   1012.59513144	     -0.00000000	      0.00000000	     -0.00000000
      0.35100000	  -8607.27781673	     -0.00000000	     -0.00000000	   -129.21307342	      0.00000000	    843.43343677	      0.00000000	      0.00000000	     -0.00000000
      0.35200000	 -12316.11079821	      0.00000000	     -0.00000000	     -0.00000000	      9.12445435	    489.80362085	     -0.00000000	     -0.00000000	     -0.00000000
      0.35300000	  -9111.08790909	     -0.00000000	     -0.10589633	     -0.00000000	     31.28370335	    390.74237409	     -0.00000000	     -0.00000000	      0.00000000
      0.35400000	  -6594.03561682	     -0.00000000	     -0.00000000	    -86.89094764	      0.00000000	    690.60499544	     -0.00000000	      0.00000000	     -0.00000000
      0.35500000	 -10203.90706966	     -0.00000000	     -0.00000000	     -0.00000000	      2.89718074	    533.40790891	      0.00000000	     -0.00000000	      0.00000000
      0.35600000	  -6269.03621600	      0.00000000	      0.00000000	     -0.00000000	     20.64243251	    726.61112537	      0.00000000	      0.00000000	      0.00000000
      0.35700000	  -7592.17899223	      0.00000000	     -0.00000000	    -79.17612103	      0.00000000	    712.87314091	     -0.00000000	     -0.00000000	      0.00000000
      0.35800000	 -11098.98361285	     -0.00000000	     -0.00000000	     -0.00000000	     10.24808516	    509.47828381	     -0.00000000	     -0.00000000	     -0.00000000
      0.35900000	  -9267.22043571	      0.00000000	     -0.30448149	     -0.00000000	     22.06117174	    534.90542868	      0.00000000	      0.00000000	     -0.00000000
      0.36000000	  -5632.68057132	      0.00000000	     -0.00000000	    -33.78624218	      0.00000000	    852.98480489	      0.00000000	     -0.00000000	      0.00000000
      0.36100000	 -10800.06073905	      0.00000000	     -0.00000000	    -74.73610024	      0.00000000	    567.57246400	      0.00000000	      0.00000000	      0.00000000
      0.36200000	 -12222.96083869	     -0.00000000	      0.43228281	    -12.55667077	      5.72306753	    266.85518359	      0.00000000	     -0.00000000	      0.00000000
      0.36300000	  -9506.35925888	     -0.00000000	      0.00000000	     -0.00000000	     15.41941875	    961.11796100	      0.00000000	      0.00000000	      0.00000000
      0.36400000	  -9572.49356783	      0.00000000	     -0.00000000	     -0.00000000	      0.00000000	    708.10819802	     -0.00000000	     -0.00000000	     -0.00000000
      0.36500000	  -8307.95219438	     -0.00000000	     -0.00000000	     -0.00000000	     11.99822372	   1047.14877220	      0.00000000	      0.00000000	     -0.00000000
      0.36600000	  -6658.35442702	      0.00000000	      0.00000000	     -0.00000000	     17.27266290	    896.58848174	      0.00000000	      0.00000000	      0.00000000
      0.36700000	  -7008.15537510	     -0.00000000	     -0.00000000	   -101.56560700	      0.00000000	    837.79620531	      0.00000000	      0.00000000	     -0.00000000
      0.36800000	 -11097.04690479	     -0.00000000	     -0.00000000	     -0.00000000	      6.38726542	    689.22268563	     -0.00000000	     -0.00000000	      0.00000000
      0.36900000	  -6142.99158684	     -0.00000000	      0.00000000	    -21.94464180	      2.95396649	    869.38198019	      0.00000000	      0.00000000	      0.00000000
      0.37000000	 -10014.13696055	      0.00000000	     -0.00000000	     -0.00000000	      7.88827776	    959.73668258	     -0.00000000	      0.00000000	      0.00000000
      0.37100000	  -5400.95151338	      0.00000000	      0.00000000	     -0.00000000	      0.00000000	    806.07294655	     -0.00000000	      0.00000000	      0.00000000
      0.37200000	 -11107.07471411	     -0.00000000	      0.00000000	    -65.08313149	      0.00000000	    790.58878142	      0.00000000	      0.00000000	      0.00000000
      0.37300000	  -8348.50683615	     -0.00000000	     -0.00000000	     -0.00000000	     38.61695353	    753.17119345	     -0.00000000	     -0.00000000	      0.00000000
      0.37400000	  -5273.61114148	      0.00000000	     -0.00000000	     -0.00000000	      2.82355485	    953.97021661	     -0.00000000	     -0.00000000	     -0.00000000
      0.37500000	  -4751.45826009	      0.00000000	      0.00000000	    -54.70584047	      0.00000000	    943.25688310	     -0.00000000	     -0.00000000	      0.00000000
      0.37600000	  -9151.22625499	      0.00000000	      0.00000000	    -31.76078815	      0.00000000	    898.64630509	      0.00000000	      0.00000000	      0.00000000
      0.37700000	  -8895.37143909	      0.00000000	      0.00000000	    -31.96277854	      0.00000000	    843.26755003	      0.00000000	     -0.00000000	     -0.00000000
      0.37800000	  -9416.32601340	     -0.00000000	     -0.00000000	     -0.00000000	     20.88518372	   1082.11556343	     -0.00000000	      0.00000000	      0.00000000
      0.37900000	  -4492.99169037	      0.00000000	     -0.00000000	     -0.00000000	     10.14243645	    714.27029864	     -0.00000000	      0.00000000	      0.00000000
      0.38000000	  -8490.84563328	     -0.00000000	      0.00000000	    -83.79460720	      0.00000000	    877.32028678	     -0.00000000	     -0.00000000	     -0.00000000
      0.38100000	 -10654.58154479	     -0.00000000	     -0.00000000	     -0.00000000	      4.81374598	    375.19692801	     -0.00000000	      0.00000000	      0.00000000
      0.38200000	  -9585.31498845	      0.00000000	      0.00000000	    -15.67201887	      8.96863049	    589.35593141	     -0.00000000	     -0.00000000	      0.00000000
      0.38300000	  -5555.63133868	      0.00000000	      0.00000000	     -0.00000000	     21.10109121	   1125.42020701	      0.00000000	      0.00000000	      0.00000000
      0.38400000	  -5820.11638751	     -0.00000000	     -0.00000000	    -25.40726012	      0.00000000	    973.23328043	      0.00000000	     -0.00000000	      0.00000000
      0.38500000	  -8106.29659831	      0.00000000	      0.00000000	     -0.00000000	     11.21144004	    826.10323929	      0.00000000	     -0.00000000	     -0.00000000
      0.38600000	  -5189.25396286	     -0.00000000	     -0.00000000	     -0.00000000	      7.83739356	    894.38539244	     -0.00000000	      0.00000000	      0.00000000
      0.38700000	  -5256.49332388	     -0.00000000	      0.00000000	    -31.30801242	      0.00000000	    874.62644891	      0.00000000	      0.00000000	     -0.00000000
      0.38800000	  -7942.79872737	     -0.00000000	      0.00000000	    -61.64049979	      0.00000000	    831.43644408	      0.00000000	      0.00000000	      0.00000000
      0.38900000	  -8863.86356634	      0.00000000	      0.00000000	     -0.00000000	      2.35542772	    668.31102707	      0.00000000	      0.00000000	     -0.00000000
      0.39000000	 -10179.20212339	      0.00000000	      0.24190142	    -36.90647318	      0.00000000	    500.48499500	      0.00000000	     -0.00000000	      0.00000000
      0.39100000	 -11012.94482804	     -0.00000000	      0.00000000	     -0.00000000	     10.51890660	    579.54069928	      0.00000000	      0.00000000	     -0.00000000
      0.39200000	  -7387.47028418	     -0.00000000	     -0.00000000	     -0.00000000	      5.02213524	    894.11064397	      0.00000000	      0.00000000	     -0.00000000
      0.39300000	 -10790.42260186	      0.00000000	      0.22209545	    -41.98185132	      0.00000000	    198.12027488	      0.00000000	      0.00000000	     -0.00000000
      0.39400000	  -6292.47107168	      0.00000000	     -0.00000000	     -0.00000000	     33.46253062	   1002.02778487	     -0.00000000	      0.00000000	      0.00000000
      0.39500000	  -6329.54502279	     -0.00000000	     -0.00000000	    -43.59051268	      0.00000000	    612.25124441	     -0.00000000	     -0.00000000	     -0.00000000
      0.39600000	  -9423.23905957	      0.00000000	      0.00000000	    -53.13038699	      0.00000000	    765.36198999	     -0.00000000	     -0.00000000	      0.00000000
      0.39700000	  -7968.35364035	      0.00000000	     -0.00000000	     -0.00000000	     26.23714021	    978.66760164	     -0.00000000	     -0.00000000	     -0.00000000
      0.39800000	  -5142.99012578	      0.00000000	      0.00000000	    -48.19172383	      0.00000000	   1165.34513913	      0.00000000	     -0.00000000	      0.00000000
      0.39900000	 -10123.73853544	     -0.00000000	      0.00000000	    -39.91947604	      0.00000000	    749.79442701	      0.00000000	      0.00000000	     -0.00000000
      0.40000000	 -11497.26854141	      0.00000000	     -0.00000000	     -0.00000000	     26.61958801	    223.39114233	      0.00000000	     -0.00000000	     -0.00000000
      0.40100000	  -4920.57783697	      0.00000000	      0.00000000	     -0.00000000	     17.17554900	    988.74712879	      0.00000000	     -0.00000000	     -0.00000000
      0.40200000	  -6339.72571812	      0.00000000	      0.00000000	    -75.87478853	      0.00000000	   1064.78694972	     -0.00000000	     -0.00000000	      0.00000000
      0.40300000	  -9724.69150512	      0.00000000	      0.00000000	    -43.38513545	      0.00000000	    934.91741268	      0.00000000	      0.00000000	      0.00000000
      0.40400000	 -11796.01500849	     -0.00000000	     -0.00000000	     -0.00000000	      6.65500366	    711.00548511	      0.00000000	      0.00000000	      0.00000000
      0.40500000	  -8817.25131448	      0.00000000	     -0.00000000	     -0.00000000	     17.72777219	    761.77694240	     -0.00000000	     -0.00000000	     -0.00000000
      0.40600000	  -6775.09849440	     -0.00000000	      0.00000000	     -0.00000000	     21.62915412	    874.45360996	     -0.00000000	     -0.00000000	     -0.00000000
      0.40700000	  -8152.57099486	      0.00000000	     -0.00000000	    -60.32377744	      0.00000000	    771.01636387	      0.00000000	      0.00000000	      0.00000000
      0.40800000	  -9366.66452706	      0.00000000	     -0.00000000	     -0.00000000	      0.00000000	    670.55566528	     -0.00000000	     -0.00000000	      0.00000000
      0.40900000	  -8794.28084896	      0.00000000	      0.00000000	     -0.00000000	     12.82110410	    827.36017663	     -0.00000000	      0.00000000	     -0.00000000
      0.41000000	  -7721.73525213	      0.00000000	      0.00000000	     -0.00000000	      0.00000000	    977.10096272	      0.00000000	     -0.00000000	     -0.00000000
      0.41100000	  -7590.55535365	      0.00000000	      0.00000000	    -26.26391405	      0.00000000	    651.91947533	      0.00000000	      0.00000000	     -0.00000000
      0.41200000	  -9283.10895952	     -0.00000000	      0.00000000	    -38.00324652	      0.00000000	   1014.84985915	     -0.00000000	     -0.00000000	      0.00000000
      0.41300000	  -8261.73769512	      0.00000000	      0.00000000	     -0.00000000	     32.41434747	    800.16757001	     -0.00000000	     -0.00000000	     -0.00000000
      0.41400000	  -4213.61897345	      0.00000000	      0.00000000	    -17.23458071	      0.00000000	    891.19416383	      0.00000000	      0.00000000	      0.00000000
      0.41500000	  -7341.68161964	      0.00000000	     -0.00000000	    -46.38096845	      0.00000000	    935.44927852	      0.00000000	      0.00000000	     -0.00000000
      0.41600000	  -6683.27557197	      0.00000000	      0.00000000	     -0.00000000	     22.07952065	    769.19359546	      0.00000000	      0.00000000	     -0.00000000
      0.41700000	  -8456.45037374	      0.00000000	     -0.00000000	   -100.44290568	      0.00000000	    679.90244063	     -0.00000000	     -0.00000000	     -0.00000000
      0.41800000	 -10561.84304998	      0.00000000	      0.00000000	     -0.00000000	     22.30533146	    844.15597962	      0.00000000	      0.00000000	      0.00000000
      0.41900000	  -5578.17795552	     -0.00000000	      0.00000000	     -0.00000000	     14.51185472	    753.51969109	      0.00000000	      0.00000000	     -0.00000000
      0.42000000	  -9484.54633595	      0.00000000	      0.00000000	   -106.17418870	      0.00000000	    474.88948169	      0.00000000	      0.00000000	     -0.00000000
      0.42100000	 -11039.64333477	      0.00000000	      0.00000000	     -0.00000000	     31.44268276	    765.57155944	     -0.00000000	      0.00000000	      0.00000000
      0.42200000	  -6636.45012118	      0.00000000	     -0.00000000	     -0.00000000	      0.00000000	    919.24937629	     -0.00000000	     -0.00000000	      0.00000000
      0.42300000	 -10005.58054358	      0.00000000	     -0.00000000	    -37.12224020	      0.77745957	    343.93008047	     -0.00000000	     -0.00000000	      0.00000000
      0.42400000	  -5055.46133209	     -0.00000000	     -0.00000000	     -0.00000000	     34.20673228	    988.12642143	     -0.00000000	      0.00000000	     -0.00000000
      0.42500000	  -4593.96727845	     -0.00000000	     -0.00000000	    -22.62513092	      0.00000000	    779.02814002	      0.00000000	     -0.00000000	     -0.00000000
      0.42600000	  -6185.51802820	     -0.00000000	     -0.00000000	     -0.00000000	     17.54637270	    770.64181395	      0.00000000	     -0.00000000	      0.00000000
      0.42700000	  -4914.98626303	      0.00000000	      0.00000000	    -93.67007750	      0.00000000	   1037.42200077	      0.00000000	      0.00000000	      0.00000000
      0.42800000	 -10287.66259565	     -0.00000000	      0.00000000	     -0.00000000	      8.44403009	    797.87139045	     -0.00000000	     -0.00000000	      0.00000000
      0.42900000	  -5432.27080287	     -0.00000000	     -0.00000000	     -0.00000000	     20.28731326	    882.73645255	     -0.00000000	     -0.00000000	     -0.00000000
      0.43000000	 -11369.97829717	     -0.00000000	     -0.00000000	    -82.35918099	      0.00000000	    663.63700362	     -0.00000000	     -0.00000000	      0.00000000
      0.43100000	  -8201.49490322	     -0.00000000	      0.00000000	     -0.00000000	     33.09207663	    770.80341048	      0.00000000	     -0.00000000	      0.00000000
      0.43200000	  -6498.54619728	      0.00000000	      0.00000000	    -37.60273637	      0.00000000	    533.01199009	     -0.00000000	      0.00000000	      0.00000000
      0.43300000	  -7755.18296092	     -0.00000000	     -0.00000000	    -45.96880126	      0.00000000	    984.47534484	     -0.00000000	      0.00000000	      0.00000000
      0.43400000	  -8909.38523407	      0.00000000	     -0.00000000	    -38.89283460	      0.00000000	    983.66704030	      0.00000000	      0.00000000	     -0.00000000
      0.43500000	  -9850.50212082	      0.00000000	      0.00000000	     -0.00000000	      0.48871111	    933.52211982	      0.00000000	      0.00000000	      0.00000000
      0.43600000	  -8736.37882522	     -0.00000000	      0.00000000	     -0.00000000	     16.42459137	    880.72329222	      0.00000000	      0.00000000	     -0.00000000
      0.43700000	  -8487.05398621	     -0.00000000	     -0.00000000	    -21.99624881	      0.00000000	    926.92083323	      0.00000000	      0.00000000	     -0.00000000
      0.43800000	  -6905.80111137	     -0.00000000	      0.00000000	     -0.00000000	     11.49145580	    836.72516200	      0.00000000	      0.00000000	      0.00000000
      0.43900000	  -5636.81067804	     -0.00000000	     -0.00000000	    -27.00974386	      0.00000000	   1205.55754891	     -0.00000000	      0.00000000	      0.00000000
      0.44000000	  -8238.37441197	      0.00000000	      0.00000000	    -24.36106456	      0.00000000	   1088.24101426	      0.00000000	     -0.00000000	      0.00000000
      0.44100000	  -7995.02355280	     -0.00000000	      0.00000000	     -0.00000000	     20.88933039	    813.34396612	      0.00000000	      0.00000000	     -0.00000000
      0.44200000	  -4208.12635449	      0.00000000	     -0.00000000	     -0.00000000	      3.14913861	    769.49931695	     -0.00000000	     -0.00000000	     -0.00000000
      0.44300000	  -5432.77261169	     -0.00000000	     -0.00000000	    -38.49282202	      8.48318731	    852.82667037	     -0.00000000	     -0.00000000	      0.00000000
      0.44400000	  -4040.33151263	     -0.00000000	     -0.00000000	     -0.00000000	      8.51427504	   1097.96700144	     -0.00000000	     -0.00000000	     -0.00000000
      0.44500000	  -7815.31798550	      0.00000000	     -0.00000000	    -65.97350556	      0.00000000	    647.88172400	      0.00000000	     -0.00000000	      0.00000000
      0.44600000	  -9148.74517374	     -0.00000000	      0.00000000	     -0.00000000	     20.57152864	    801.14976217	      0.00000000	     -0.00000000	      0.00000000
      0.44700000	  -5153.96600234	     -0.00000000	      0.00000000	    -13.09157040	      0.00000000	    757.87894085	      0.00000000	      0.00000000	     -0.00000000
      0.44800000	 -11155.75813933	     -0.00000000	     -0.00000000	   -102.90824330	      0.00000000	    689.23533960	     -0.00000000	     -0.00000000	     -0.00000000
      0.44900000	 -10637.43804606	      0.00000000	      0.00000000	     -0.00000000	     35.77127471	    848.01109759	     -0.00000000	     -0.00000000	     -0.00000000
      0.45000000	  -6601.68150164	      0.00000000	      0.00000000	     -0.00000000	      9.15925490	    564.38073167	     -0.00000000	     -0.00000000	      0.00000000
      0.45100000	  -6225.21087241	      0.00000000	      0.00000000	    -21.19640826	      3.27812511	   1091.33491480	      0.00000000	     -0.00000000	      0.00000000
      0.45200000	  -5003.13269679	      0.00000000	      0.00000000	    -14.07348025	      0.65249327	    880.97851984	      0.00000000	      0.00000000	      0.00000000
      0.45300000	  -5100.58115266	     -0.00000000	      0.00000000	    -40.47096147	      0.00000000	   1239.61245213	      0.00000000	      0.00000000	      0.00000000
      0.45400000	  -7957.12791060	     -0.00000000	     -0.00000000	    -20.90863036	      0.00000000	   1013.40561778	     -0.00000000	      0.00000000	     -0.00000000
      0.45500000	  -9535.13408863	      0.00000000	      0.00000000	     -1.76373264	      0.00000000	    541.03102513	      0.00000000	      0.00000000	      0.00000000
      0.45600000	 -10384.87903808	      0.00000000	     -0.00000000	    -24.98774266	      0.00000000	    682.07491547	      0.00000000	      0.00000000	      0.00000000
      0.45700000	 -10210.67235371	     -0.00000000	      0.00000000	     -0.00000000	     23.23297248	    579.30686153	      0.00000000	     -0.00000000	     -0.00000000
      0.45800000	  -4099.65065686	     -0.00000000	     -0.00000000	     -0.00000000	      7.48059384	    988.41345014	     -0.00000000	     -0.00000000	     -0.00000000
      0.45900000	 -10258.34517317	     -0.00000000	      0.00000000	   -103.46702606	      0.00000000	    808.48289479	     -0.00000000	      0.00000000	      0.00000000
      0.46000000	  -9667.11334573	      0.00000000	     -0.00000000	     -0.00000000	     25.85617979	    720.62934105	      0.00000000	     -0.00000000	     -0.00000000
      0.46100000	  -4717.69980754	      0.00000000	     -0.00000000	     -0.00000000	      9.97721237	    894.62653149	     -0.00000000	     -0.00000000	      0.00000000
      0.46200000	  -7811.71483544	      0.00000000	      0.00000000	    -59.80399573	      0.00000000	   1077.67723422	      0.00000000	      0.00000000	     -0.00000000
      0.46300000	  -8392.11421505	      0.00000000	      0.00000000	     -0.00000000	     25.83202000	    905.68307133	      0.00000000	     -0.00000000	     -0.00000000
      0.46400000	  -6699.56901410	      0.00000000	      0.00000000	     -0.00000000	      8.87104899	    843.75424558	      0.00000000	     -0.00000000	      0.00000000
      0.46500000	  -5552.40037453	     -0.00000000	     -0.00000000	     -0.00000000	      0.00000000	    911.93133055	      0.00000000	     -0.00000000	     -0.00000000
      0.46600000	  -6448.59151888	     -0.00000000	     -0.00000000	    -28.46363842	      0.00000000	    891.78939205	     -0.00000000	     -0.00000000	     -0.00000000
      0.46700000	  -6755.21443189	      0.00000000	      0.00000000	     -0.00000000	     18.62073338	    760.06005975	      0.00000000	      0.00000000	      0.00000000
      0.46800000	  -4711.68027762	      0.00000000	      0.00000000	    -34.59439995	      0.00000000	    633.58713000	      0.00000000	      0.00000000	     -0.00000000
      0.46900000	  -7230.48873191	     -0.00000000	      0.00000000	    -69.27370144	      0.00000000	    837.19176687	     -0.00000000	     -0.00000000	      0.00000000
      0.47000000	  -8620.04501959	     -0.00000000	      0.00000000	     -0.00000000	     10.38684501	    937.28096890	      0.00000000	      0.00000000	     -0.00000000
      0.47100000	  -5662.46729934	     -0.00000000	     -0.00000000	     -0.00000000	     18.34682965	    782.04725784	     -0.00000000	     -0.00000000	     -0.00000000
      0.47200000	  -7655.04060286	     -0.00000000	     -0.00000000	    -77.39459278	      0.00000000	    968.89893860	     -0.00000000	      0.00000000	     -0.00000000
      0.47300000	  -8836.78577603	     -0.00000000	      0.00000000	     -0.00000000	     22.92806646	    964.50446123	      0.00000000	     -0.00000000	      0.00000000
      0.47400000	  -5406.79601178	      0.00000000	     -0.00000000	     -0.00000000	      7.00319681	    772.01372059	     -0.00000000	     -0.00000000	     -0.00000000
      0.47500000	  -7542.63643415	     -0.00000000	      0.00000000	    -61.37878540	      0.00000000	   1041.79223971	      0.00000000	     -0.00000000	      0.00000000
      0.47600000	  -8290.68750013	     -0.00000000	     -0.00000000	     -0.35482092	      0.00000000	   1008.44573968	     -0.00000000	     -0.00000000	     -0.00000000
      0.47700000	  -9616.09274396	     -0.00000000	      0.00000000	    -29.10038055	      0.00000000	    467.01740076	      0.00000000	      0.00000000	     -0.00000000
      0.47800000	  -9721.65010684	      0.00000000	     -0.00000000	     -0.00000000	      6.10762095	    967.96136592	      0.00000000	     -0.00000000	     -0.00000000
      0.47900000	  -7675.84794423	      0.00000000	      0.00000000	     -0.00000000	      9.62949949	    703.16979364	     -0.00000000	     -0.00000000	      0.00000000
      0.48000000	  -5698.00393791	      0.00000000	      0.00000000	     -0.00000000	     23.97734580	    789.99302969	     -0.00000000	      0.00000000	      0.00000000
      0.48100000	  -7011.66106019	     -0.00000000	      0.00000000	    -50.82867861	      0.00000000	    797.21342566	     -0.00000000	     -0.00000000	     -0.00000000
      0.48200000	  -6401.43399081	     -0.00000000	      0.00000000	     -0.00000000	     16.89570095	   1034.65647873	     -0.00000000	      0.00000000	     -0.00000000
      0.48300000	  -6106.43552785	     -0.00000000	     -0.00000000	    -56.35512553	      0.00000000	   1046.42237611	      0.00000000	      0.00000000	     -0.00000000
      0.48400000	  -7697.44776047	     -0.00000000	     -0.00000000	     -0.00000000	     13.78852115	   1108.73409446	     -0.00000000	      0.00000000	      0.00000000
      0.48500000	  -5146.91139949	      0.00000000	     -0.00000000	    -39.62203120	      0.00000000	    836.09382072	     -0.00000000	     -0.00000000	      0.00000000
      0.48600000	  -8149.61243012	      0.00000000	     -0.00000000	     -0.00000000	     13.18838079	   1140.47087192	     -0.00000000	     -0.00000000	     -0.00000000
      0.48700000	  -3320.00803551	      0.00000000	      0.00000000	    -28.51415131	      0.00000000	    794.38792152	      0.00000000	      0.00000000	     -0.00000000
      0.48800000	  -9682.21495537	      0.00000000	      0.00000000	    -47.80945600	      0.00000000	    774.96789008	      0.00000000	      0.00000000	      0.00000000
      0.48900000	  -7966.33172495	     -0.00000000	     -0.00000000	     -0.00000000	     21.13139512	    842.75447280	      0.00000000	      0.00000000	     -0.00000000
      0.49000000	  -7601.76720523	     -0.00000000	      0.00000000	     -0.00000000	      3.24423959	   1047.12502246	     -0.00000000	     -0.00000000	     -0.00000000
      0.49100000	  -4623.89408470	      0.00000000	     -0.00000000	     -0.00000000	      8.33708185	    814.35008401	      0.00000000	     -0.00000000	     -0.00000000
      0.49200000	  -9740.44359534	     -0.00000000	      0.00000000	    -54.22349755	      0.00000000	    976.35164840	      0.00000000	      0.00000000	     -0.00000000
      0.49300000	  -8423.81777836	     -0.00000000	     -0.00000000	     -0.00000000	     22.11014969	    966.20925130	     -0.00000000	     -0.00000000	     -0.00000000
      0.49400000	  -6691.58247035	     -0.00000000	     -0.00000000	     -0.00000000	     25.62809371	    915.27955953	      0.00000000	      0.00000000	     -0.00000000
      0.49500000	  -4779.75591153	      0.00000000	      0.00000000	    -33.38952185	      0.00000000	   1059.44086827	      0.00000000	      0.00000000	     -0.00000000
      0.49600000	  -7476.09040093	      0.00000000	     -0.00000000	     -0.00000000	      3.93702545	    914.44411415	     -0.00000000	      0.00000000	      0.00000000
      0.49700000	  -4111.32354988	      0.00000000	     -0.00000000	     -0.00000000	      9.02041926	    825.69359406	     -0.00000000	     -0.00000000	      0.00000000
      0.49800000	  -6154.06023538	      0.00000000	      0.00000000	    -54.20334430	      0.00000000	    653.17273200	      0.00000000	      0.00000000	      0.00000000
      0.49900000	  -5646.36490795	     -0.00000000	      0.00000000	     -0.00000000	      0.00000000	   1035.74651104	      0.00000000	     -0.00000000	      0.00000000
      0.50000000	  -6250.27437445	      0.00000000	     -0.00000000	    -24.86121945	      0.00000000	   1001.00605761	      0.00000000	      0.00000000	      0.00000000
      0.50100000	  -8382.65316130	      0.00000000	      0.00000000	    -47.74930072	      0.00000000	    903.12800738	     -0.00000000	      0.00000000	     -0.00000000
      0.50200000	  -6994.19982014	      0.00000000	     -0.00000000	     -0.00000000	     40.46809948	   1252.72101242	     -0.00000000	      0.00000000	      0.00000000
      0.50300000	  -4309.86339809	     -0.00000000	     -0.00000000	    -47.81381469	      0.00000000	    886.99054844	     -0.00000000	     -0.00000000	     -0.00000000
      0.50400000	  -8502.61177630	     -0.00000000	      0.00000000	    -24.99360779	      0.00000000	    741.97805772	      0.00000000	     -0.00000000	     -0.00000000
      0.50500000	  -5362.58582334	     -0.00000000	     -0.00000000	     -0.00000000	     33.67643982	    984.24936345	     -0.00000000	      0.00000000	     -0.00000000
      0.50600000	  -5314.37992422	     -0.00000000	     -0.00000000	    -74.39638974	      0.00000000	   1059.96124875	      0.00000000	     -0.00000000	      0.00000000
      0.50700000	  -9617.63896517	      0.00000000	     -0.00000000	     -0.00000000	     24.12856774	    826.86754198	     -0.00000000	      0.00000000	     -0.00000000
      0.50800000	  -3566.20415699	     -0.00000000	     -0.00000000	    -34.25026365	      0.00000000	   1083.34813591	      0.00000000	      0.00000000	     -0.00000000
      0.50900000	  -7845.31302215	     -0.00000000	     -0.00000000	    -20.90914371	      0.00000000	   1307.78356221	      0.00000000	     -0.00000000	      0.00000000
      0.51000000	  -4584.59325328	     -0.00000000	      0.00000000	     -0.00000000	     12.58327545	    834.04356756	      0.00000000	      0.00000000	     -0.00000000
      0.51100000	  -7760.91030284	      0.00000000	      0.00000000	    -56.05375866	      0.00000000	    736.27788281	     -0.00000000	     -0.00000000	     -0.00000000
      0.51200000	  -7207.61797213	     -0.00000000	     -0.00000000	     -0.00000000	     34.82223040	   1272.60305607	      0.00000000	      0.00000000	     -0.00000000
      0.51300000	  -5833.35221896	     -0.00000000	      0.00000000	     -0.00000000	     12.30809361	    749.42530654	      0.00000000	      0.00000000	     -0.00000000
      0.51400000	  -5262.18394196	     -0.00000000	      0.00000000	    -44.52737418	      0.00000000	   1222.90134505	      0.00000000	      0.00000000	      0.00000000
      0.51500000	  -6885.34940395	     -0.00000000	      0.00000000	     -0.00000000	      0.00000000	    719.80408088	      0.00000000	      0.00000000	     -0.00000000
      0.51600000	  -6827.43971856	      0.00000000	      0.00000000	     -0.00000000	     20.06228874	    781.51841666	     -0.00000000	     -0.00000000	      0.00000000
      0.51700000	  -4136.36634973	      0.00000000	     -0.00000000	    -24.52720091	      0.00000000	    665.14989190	     -0.00000000	     -0.00000000	      0.00000000
      0.51800000	  -9302.17733092	      0.00000000	      0.00000000	    -79.89529009	      0.00000000	    602.59812089	     -0.00000000	      0.00000000	      0.00000000
      0.51900000	  -6415.87603284	     -0.00000000	     -0.00000000	     -0.00000000	     43.18238674	   1179.56189584	     -0.00000000	     -0.00000000	     -0.00000000
      0.52000000	  -3366.63921080	      0.00000000	      0.00000000	    -52.28646333	      0.00000000	   1088.61110844	      0.00000000	     -0.00000000	     -0.00000000
      0.52100000	  -9597.98861667	      0.00000000	      0.00000000	    -29.18515698	      0.00000000	    651.28317110	     -0.00000000	      0.00000000	      0.00000000
      0.52200000	  -7767.60944692	      0.00000000	     -0.00000000	    -11.54300921	      8.69565432	    900.38072291	      0.00000000	      0.00000000	      0.00000000
      0.52300000	  -7606.90640152	      0.00000000	     -0.00000000	     -0.00000000	      9.75400891	   1035.07906928	     -0.00000000	     -0.00000000	      0.00000000
      0.52400000	  -5408.45794583	      0.00000000	     -0.00000000	     -0.00000000	     11.60722069	   1009.78977078	      0.00000000	     -0.00000000	      0.00000000
      0.52500000	  -7339.89508400	      0.00000000	     -0.00000000	    -25.25957296	      0.00000000	    588.06541278	     -0.00000000	     -0.00000000	     -0.00000000
      0.52600000	  -5941.86255551	      0.00000000	      0.00000000	     -0.00000000	     20.19779076	   1179.17776449	     -0.00000000	     -0.00000000	     -0.00000000
      0.52700000	  -2989.47177458	      0.00000000	      0.00000000	     -0.00000000	     13.29453063	   1108.75924153	      0.00000000	     -0.00000000	      0.00000000
      0.52800000	  -6111.73017098	      0.00000000	      0.00000000	    -84.87113613	      0.00000000	    952.13849757	     -0.00000000	      0.00000000	      0.00000000
      0.52900000	  -7395.51986141	     -0.00000000	      0.00000000	     -0.00000000	     31.68308908	    973.61276838	      0.00000000	      0.00000000	     -0.00000000
      0.53000000	  -4285.83605755	      0.00000000	     -0.00000000	    -28.65837356	      0.00000000	    736.41038949	      0.00000000	     -0.00000000	      0.00000000
      0.53100000	  -8181.69153328	      0.00000000	      0.00000000	    -72.51625186	      0.00000000	   1019.54006430	      0.00000000	      0.00000000	     -0.00000000
      0.53200000	  -9020.78365387	      0.00000000	     -0.00000000	     -0.00000000	     35.37928339	    809.03289373	      0.00000000	     -0.00000000	     -0.00000000
      0.53300000	  -4032.85101815	     -0.00000000	     -0.00000000	    -19.67122427	      0.00000000	   1072.97046706	     -0.00000000	      0.00000000	      0.00000000
      0.53400000	  -6438.04160009	      0.00000000	     -0.00000000	     -0.00000000	      5.74572489	    920.57932570	     -0.00000000	     -0.00000000	      0.00000000
      0.53500000	  -4693.29625861	      0.00000000	     -0.00000000	    -23.90220485	      0.00000000	    917.51981270	     -0.00000000	     -0.00000000	      0.00000000
      0.53600000	  -9339.60696494	      0.00000000	      0.00000000	    -58.80983881	      0.00000000	    972.35615429	     -0.00000000	      0.00000000	      0.00000000
      0.53700000	  -5251.82372792	      0.00000000	      0.00000000	     -0.00000000	     64.51708098	   1166.74865703	      0.00000000	      0.00000000	     -0.00000000
      0.53800000	  -3416.06719118	     -0.00000000	     -0.00000000	   -132.14209297	      0.00000000	    840.00309541	      0.00000000	     -0.00000000	      0.00000000
      0.53900000	  -8965.85582480	      0.00000000	     -0.00000000	    -11.69498609	      0.00000000	   1151.96131459	      0.00000000	     -0.00000000	     -0.00000000
      0.54000000	  -4676.62776110	     -0.00000000	     -0.00000000	     -0.00000000	     25.88312501	    755.40668561	     -0.00000000	     -0.00000000	     -0.00000000
      0.54100000	  -5068.06165248	     -0.00000000	      0.00000000	    -70.32314749	      0.00000000	    908.70736940	     -0.00000000	      0.00000000	     -0.00000000
      0.54200000	  -7782.16352121	     -0.00000000	     -0.00000000	     -0.00000000	      9.80911894	    854.14565561	      0.00000000	      0.00000000	      0.00000000
      0.54300000	  -4975.99864603	      0.00000000	      0.00000000	     -0.00000000	     15.73849778	   1032.63551400	      0.00000000	     -0.00000000	     -0.00000000
      0.54400000	  -4801.83933527	     -0.00000000	      0.00000000	    -67.53298926	      0.00000000	   1126.47506880	      0.00000000	      0.00000000	     -0.00000000
      0.54500000	  -8225.23477762	      0.00000000	      0.00000000	     -0.00000000	      0.00853713	    942.25029842	      0.00000000	      0.00000000	      0.00000000
      0.54600000	  -7831.72308278	     -0.00000000	     -0.00000000	    -19.41877572	      2.58018105	    614.32000840	      0.00000000	     -0.00000000	     -0.00000000
      0.54700000	  -9819.94923527	      0.00000000	      0.00000000	     -1.51178835	      0.00000000	    755.61907762	      0.00000000	      0.00000000	     -0.00000000
      0.54800000	  -7893.12680291	     -0.00000000	      0.00000000	    -11.58749874	      3.72073630	    685.80103650	     -0.00000000	      0.00000000	      0.00000000
      0.54900000	  -7494.24426136	      0.00000000	     -0.00000000	     -0.00000000	     16.03316339	   1150.91272778	     -0.00000000	      0.00000000	      0.00000000
      0.55000000	  -4849.21104478	     -0.00000000	     -0.00000000	     -2.74044148	      5.21298449	    706.33812269	     -0.00000000	     -0.00000000	     -0.00000000
      0.55100000	  -6283.80420799	      0.00000000	      0.00000000	     -0.00000000	     16.03736521	   1047.53451377	     -0.00000000	     -0.00000000	      0.00000000
      0.55200000	  -3514.55491122	      0.00000000	      0.00000000	     -0.00000000	      0.00000000	    863.72032691	      0.00000000	      0.00000000	      0.00000000
      0.55300000	  -6366.63411748	     -0.00000000	      0.00000000	    -54.84148397	      0.00000000	    994.42393185	      0.00000000	      0.00000000	      0.00000000
      0.55400000	  -7598.53513919	     -0.00000000	      0.00000000	    -12.70256106	      0.00000000	    878.48580129	     -0.00000000	     -0.00000000	      0.00000000
      0.55500000	  -8065.19389867	      0.00000000	      0.00000000	    -40.04411843	      0.00000000	    875.43360369	     -0.00000000	      0.00000000	     -0.00000000
      0.55600000	  -7156.02826879	     -0.00000000	     -0.00000000	    -14.74072737	      0.00000000	   1311.55471162	      0.00000000	      0.00000000	     -0.00000000
      0.55700000	  -8411.10735610	      0.00000000	      0.00000000	     -0.00000000	     15.88953506	    919.67731406	      0.00000000	     -0.00000000	     -0.00000000
      0.55800000	  -4460.57979877	     -0.00000000	      0.00000000	     -0.00000000	     30.92634845	    854.69756782	      0.00000000	     -0.00000000	      0.00000000
      0.55900000	  -4214.08096382	     -0.00000000	      0.00000000	    -26.22541211	      0.00000000	    748.03163555	      0.00000000	      0.00000000	     -0.00000000
      0.56000000	  -4163.80693378	     -0.00000000	     -0.00000000	     -0.00000000	     11.82140104	    554.36140885	     -0.00000000	      0.00000000	     -0.00000000
      0.56100000	  -4119.64058161	      0.00000000	     -0.00000000	    -74.52068505	      0.00000000	    984.08328622	     -0.00000000	     -0.00000000	     -0.00000000
      0.56200000	  -8351.70779157	     -0.00000000	     -0.00000000	    -59.40021752	      0.00000000	   1191.08193555	      0.00000000	     -0.00000000	     -0.00000000
      0.56300000	  -6457.33314802	      0.00000000	      0.00000000	     -0.00000000	     33.98558866	   1348.70760151	      0.00000000	      0.00000000	      0.00000000
      0.56400000	  -5496.68452894	     -0.00000000	      0.00000000	    -18.06350467	      0.00000000	    731.64805925	     -0.00000000	     -0.00000000	      0.00000000
      0.56500000	  -8777.58670532	      0.00000000	     -0.00000000	     -0.00000000	     13.44402325	    868.75929316	     -0.00000000	      0.00000000	      0.00000000
      0.56600000	  -3659.31097159	     -0.00000000	      0.00000000	     -0.00000000	     14.38171644	    831.55135611	      0.00000000	      0.00000000	      0.00000000
      0.56700000	  -5858.80484291	      0.00000000	     -0.00000000	    -43.07943402	      0.00000000	    992.43092576	      0.00000000	      0.00000000	     -0.00000000
      0.56800000	  -4515.96141980	      0.00000000	     -0.00000000	    -14.47331694	     11.82699382	    893.46517973	     -0.00000000	     -0.00000000	      0.00000000
      0.56900000	  -5728.04670520	     -0.00000000	      0.00000000	    -64.58837531	      0.00000000	   1263.20730522	      0.00000000	      0.00000000	     -0.00000000
      0.57000000	  -7645.63290335	     -0.00000000	      0.00000000	     -0.00000000	     14.16176543	    853.16824117	     -0.00000000	      0.00000000	     -0.00000000
      0.57100000	  -4143.45057899	     -0.00000000	      0.00000000	     -0.00000000	     11.80004262	   1160.52037257	      0.00000000	      0.00000000	     -0.00000000
      0.57200000	  -6812.75514626	     -0.00000000	      0.00000000	    -10.03699759	      0.00000000	    878.39152550	      0.00000000	      0.00000000	      0.00000000
      0.57300000	  -4072.38809528	      0.00000000	     -0.00000000	     -0.00000000	     18.33425897	   1232.91073263	      0.00000000	     -0.00000000	      0.00000000
      0.57400000	  -7954.13546106	     -0.00000000	      0.00000000	    -60.80549550	      0.00000000	    942.37464779	     -0.00000000	     -0.00000000	     -0.00000000
      0.57500000	  -7498.30421800	      0.00000000	      0.00000000	     -0.00000000	     22.48957226	    886.80687575	      0.00000000	      0.00000000	     -0.00000000
      0.57600000	  -5266.56201920	      0.00000000	      0.00000000	    -69.87146044	      0.00000000	   1059.01194075	     -0.00000000	     -0.00000000	     -0.00000000
      0.57700000	  -9518.33741295	     -0.00000000	      0.00000000	     -0.00000000	     19.52758786	    783.36395419	      0.00000000	      0.00000000	      0.00000000
      0.57800000	  -3025.63279649	     -0.00000000	      0.00000000	     -0.00000000	     16.80104184	    719.55767674	      0.00000000	     -0.00000000	      0.00000000
      0.57900000	  -5878.07335633	     -0.00000000	     -0.00000000	   -102.73473128	      0.00000000	    995.86317063	     -0.00000000	      0.00000000	      0.00000000
      0.58000000	  -7433.48510014	      0.00000000	      0.00000000	    -13.20872756	      0.00000000	   1176.43860407	     -0.00000000	     -0.00000000	      0.00000000
      0.58100000	  -7623.02843124	      0.00000000	      0.00000000	     -0.00000000	      0.00000000	   1113.20240568	      0.00000000	      0.00000000	     -0.00000000
      0.58200000	  -7067.76204809	     -0.00000000	     -0.00000000	     -0.00000000	     33.04752325	    777.64752453	     -0.00000000	     -0.00000000	     -0.00000000
      0.58300000	  -3014.34471448	      0.00000000	      0.00000000	    -38.83865348	      0.00000000	    801.27641109	      0.00000000	     -0.00000000	      0.00000000
      0.58400000	  -7243.31550684	     -0.00000000	     -0.00000000	    -95.76132216	      0.00000000	   1340.45449955	     -0.00000000	     -0.00000000	     -0.00000000
      0.58500000	 -10232.47302447	     -0.00000000	      0.00000000	     -0.00000000	     22.28747175	    881.82897791	      0.00000000	      0.00000000	      0.00000000
      0.58600000	  -7546.94993192	     -0.00000000	      0.00000000	     -0.00000000	      6.68171133	   1005.97257484	      0.00000000	     -0.00000000	      0.00000000
      0.58700000	  -6312.42122314	      0.00000000	     -0.00000000	     -0.00000000	      7.53256794	    701.81958767	      0.00000000	      0.00000000	     -0.00000000
      0.58800000	  -5112.91726030	     -0.00000000	      0.00000000	     -0.00000000	     10.18776945	    798.81757220	     -0.00000000	      0.00000000	      0.00000000
      0.58900000	  -4628.27491967	     -0.00000000	      0.00000000	    -25.77729342	     11.75054736	    926.37883353	      0.00000000	      0.00000000	      0.00000000
      0.59000000	  -4594.60557800	     -0.00000000	      0.00000000	     -0.00000000	      0.00000000	    863.36361743	      0.00000000	      0.00000000	     -0.00000000
      0.59100000	  -4955.67906610	     -0.00000000	     -0.00000000	     -0.00000000	      7.23370154	    655.60164837	      0.00000000	      0.00000000	      0.00000000
      0.59200000	  -3788.89088481	      0.00000000	      0.00000000	    -40.69852974	      0.00000000	   1077.02577668	      0.00000000	      0.00000000	      0.00000000
      0.59300000	  -6991.57983418	     -0.00000000	      0.00000000	    -17.95769912	      0.00000000	    999.50913905	     -0.00000000	     -0.00000000	      0.00000000
      0.59400000	  -4171.69372321	     -0.00000000	      0.00000000	     -0.00000000	     24.95016318	   1211.52874081	      0.00000000	      0.00000000	     -0.00000000
      0.59500000	  -6913.92515342	      0.00000000	      0.00000000	    -68.20581968	      0.00000000	    948.61731931	      0.00000000	      0.00000000	      0.00000000
      0.59600000	  -7025.32408690	      0.00000000	      0.00000000	     -0.00000000	      5.93274383	   1241.59603944	      0.00000000	     -0.00000000	     -0.00000000
      0.59700000	  -5405.75493060	      0.00000000	      0.00000000	     -0.00000000	      3.13221945	    840.34375856	      0.00000000	     -0.00000000	      0.00000000
      0.59800000	  -3853.82757869	     -0.00000000	      0.00000000	     -0.00000000	     27.23741871	   1140.83252920	      0.00000000	      0.00000000	     -0.00000000
      0.59900000	  -2654.82519667	     -0.00000000	      0.00000000	    -73.23846283	      0.00000000	    991.42501362	      0.00000000	      0.00000000	     -0.00000000
      0.60000000	  -5991.11755443	     -0.00000000	     -0.00000000	     -0.00000000	      7.41160060	   1252.36326709	     -0.00000000	     -0.00000000	      0.00000000
      0.60100000	  -2819.55555229	     -0.00000000	     -0.00000000	    -12.40646650	      0.00000000	    787.93688250	     -0.00000000	     -0.00000000	      0.00000000
      0.60200000	  -7572.07483531	     -0.00000000	      0.00000000	    -70.15889214	      0.00000000	   1351.05953456	      0.00000000	      0.00000000	      0.00000000
      0.60300000	  -5041.92558883	      0.00000000	      0.00000000	     -0.00000000	     30.82151843	   1367.57891312	     -0.00000000	     -0.00000000	      0.00000000
      0.60400000	  -7210.93387736	      0.00000000	      0.00000000	    -14.08876590	      0.00000000	    937.71227551	      0.00000000	     -0.00000000	      0.00000000
      0.60500000	  -5299.08821979	      0.00000000	      0.00000000	     -0.00000000	     17.42182609	    696.05429404	     -0.00000000	     -0.00000000	      0.00000000
      0.60600000	  -3650.96914091	     -0.00000000	     -0.00000000	    -23.55838387	      0.00000000	    818.11512127	      0.00000000	      0.00000000	     -0.00000000
      0.60700000	  -6157.94382233	     -0.00000000	      0.00000000	    -36.01152072	      0.00000000	    840.19072217	     -0.00000000	      0.00000000	     -0.00000000
      0.60800000	  -6857.10657552	      0.00000000	     -0.00000000	    -14.76527320	      0.00000000	    993.68742434	     -0.00000000	     -0.00000000	      0.00000000
      0.60900000	  -7786.68410176	      0.00000000	     -0.00000000	    -17.16684337	      0.00000000	    870.92487617	     -0.00000000	     -0.00000000	      0.00000000
      0.61000000	  -7160.10823763	      0.00000000	      0.00000000	     -7.83206587	      8.10222819	   1185.90489887	      0.00000000	      0.00000000	      0.00000000
      0.61100000	  -7727.79597191	      0.00000000	      0.00000000	     -0.00000000	     14.21387885	    822.83797752	     -0.00000000	      0.00000000	     -0.00000000
      0.61200000	  -4424.83935396	      0.00000000	      0.00000000	    -20.22834202	      3.38944551	    959.58837116	     -0.00000000	     -0.00000000	      0.00000000
      0.61300000	  -4898.45930192	      0.00000000	      0.00000000	     -0.00000000	      0.00000000	    871.77520086	     -0.00000000	      0.00000000	     -0.00000000
      0.61400000	  -7143.46873768	      0.00000000	     -0.00000000	    -43.56026081	      0.00000000	   1115.73834946	      0.00000000	     -0.00000000	      0.00000000
      0.61500000	  -4950.76611644	      0.00000000	     -0.00000000	     -0.00000000	     27.43521654	   1216.64822879	     -0.00000000	      0.00000000	     -0.00000000
      0.61600000	  -3964.25246839	      0.00000000	     -0.00000000	    -85.98241840	      0.00000000	   1295.54547618	     -0.00000000	     -0.00000000	      0.00000000
      0.61700000	  -9149.94340233	      0.00000000	     -0.00000000	    -21.11922974	      0.00000000	   1142.56456677	      0.00000000	     -0.00000000	      0.00000000
      0.61800000	  -7770.17987856	      0.00000000	      0.00000000	     -0.00000000	      0.00000000	    873.13527799	      0.00000000	      0.00000000	     -0.00000000
      0.61900000	  -7856.25508959	     -0.00000000	      0.00000000	     -0.00000000	     18.85907866	   1281.30306192	     -0.00000000	      0.00000000	     -0.00000000
      0.62000000	  -3462.41826143	     -0.00000000	     -0.00000000	     -0.00000000	     17.31906506	    900.46178727	     -0.00000000	     -0.00000000	     -0.00000000
      0.62100000	  -3754.71317672	     -0.00000000	      0.00000000	    -21.05616311	      0.00000000	    793.62442861	     -0.00000000	     -0.00000000	     -0.00000000
      0.62200000	  -4132.10767674	     -0.00000000	      0.00000000	    -78.53419840	      0.00000000	   1160.85630620	     -0.00000000	      0.00000000	      0.00000000
      0.62300000	  -6773.16324361	     -0.00000000	      0.00000000	     -0.00000000	      9.55433518	   1195.42525055	      0.00000000	      0.00000000	      0.00000000
      0.62400000	  -2744.04982473	     -0.00000000	     -0.00000000	     -0.00000000	      9.62287843	    719.38426432	      0.00000000	      0.00000000	     -0.00000000
      0.62500000	  -4160.72259856	     -0.00000000	     -0.00000000	     -5.12749821	      0.00000000	    695.09386244	     -0.00000000	      0.00000000	     -0.00000000
      0.62600000	  -4318.26184619	     -0.00000000	      0.00000000	    -30.65590860	      8.09387633	    845.95737920	      0.00000000	      0.00000000	      0.00000000
      0.62700000	  -7099.83869259	     -0.00000000	     -0.00000000	    -80.03951572	      0.00000000	   1178.52250708	      0.00000000	     -0.00000000	     -0.00000000
      0.62800000	  -7179.63845254	      0.00000000	     -0.00000000	     -0.00000000	     15.06299597	    883.00237486	     -0.00000000	     -0.00000000	     -0.00000000
      0.62900000	  -4641.90167442	     -0.00000000	      0.00000000	     -0.00000000	      4.97896044	    978.55210508	     -0.00000000	     -0.00000000	      0.00000000
      0.63000000	  -8033.88700064	      0.00000000	      0.00000000	    -64.33142958	      0.00000000	    810.93102274	      0.00000000	      0.00000000	      0.00000000
      0.63100000	  -5883.72701584	     -0.00000000	     -0.00000000	     -0.00000000	     28.97929002	   1261.11920239	     -0.00000000	     -0.00000000	     -0.00000000
      0.63200000	  -3648.66596599	      0.00000000	     -0.00000000	     -6.75583386	      0.00000000	    864.01225815	     -0.00000000	     -0.00000000	      0.00000000
      0.63300000	  -8174.89652068	      0.00000000	      0.00000000	     -0.00000000	     28.17978125	   1174.77910775	      0.00000000	      0.00000000	      0.00000000
      0.63400000	  -3885.12284090	     -0.00000000	     -0.00000000	    -15.78515018	      0.00000000	    751.33248712	      0.00000000	      0.00000000	      0.00000000
      0.63500000	  -7425.91131581	      0.00000000	      0.00000000	    -28.86649788	      0.00000000	   1133.73449361	      0.00000000	      0.00000000	      0.00000000
      0.63600000	  -4654.54628751	     -0.00000000	      0.00000000	    -21.66090910	      0.00000000	    932.01375269	      0.00000000	     -0.00000000	      0.00000000
      0.63700000	  -8057.27901883	      0.00000000	      0.00000000	    -15.90345726	      7.74460206	   1277.39530295	      0.00000000	      0.00000000	      0.00000000
      0.63800000	  -3724.30058318	      0.00000000	      0.00000000	     -0.00000000	     22.07125969	    923.91192307	      0.00000000	      0.00000000	      0.00000000
      0.63900000	  -5297.14582757	      0.00000000	     -0.00000000	    -50.10998693	      0.00000000	    849.91460411	     -0.00000000	     -0.00000000	      0.00000000
      0.64000000	  -7979.60107673	     -0.00000000	     -0.00000000	     -0.00000000	     21.36745115	   1054.71097433	     -0.00000000	      0.00000000	     -0.00000000
      0.64100000	  -5232.06684235	      0.00000000	      0.00000000	    -15.27056981	      0.00000000	   1135.40889286	      0.00000000	     -0.00000000	     -0.00000000
      0.64200000	  -7286.03611655	     -0.00000000	      0.00000000	     -0.00000000	      9.38011101	    917.38911980	      0.00000000	      0.00000000	     -0.00000000
      0.64300000	  -4333.01638131	     -0.00000000	     -0.00000000	     -0.00000000	     26.83784168	    909.45248655	      0.00000000	      0.00000000	     -0.00000000
      0.64400000	  -5525.44193289	     -0.00000000	      0.00000000	    -73.45065349	      0.00000000	    875.55728813	     -0.00000000	     -0.00000000	      0.00000000
      0.64500000	  -5399.94478545	     -0.00000000	      0.00000000	     -0.00000000	      8.03452528	   1084.95981318	      0.00000000	      0.00000000	     -0.00000000
      0.64600000	  -3194.22584125	     -0.00000000	     -0.00000000	     -0.00000000	     19.35737068	    847.90220031	      0.00000000	      0.00000000	     -0.00000000
      0.64700000	  -3229.44021520	      0.00000000	      0.00000000	    -33.37282024	      0.00000000	    871.15694482	     -0.00000000	     -0.00000000	     -0.00000000
      0.64800000	  -2485.71878495	      0.00000000	     -0.00000000	     -0.00000000	      9.75175564	    834.27040342	     -0.00000000	      0.00000000	     -0.00000000
      0.64900000	  -3199.04315874	     -0.00000000	      0.00000000	    -98.77775193	      0.00000000	   1192.21082059	      0.00000000	      0.00000000	     -0.00000000
      0.65000000	  -5645.46826244	      0.00000000	      0.00000000	     -0.00000000	     13.65972862	   1307.22055629	      0.00000000	      0.00000000	      0.00000000
      0.65100000	  -2553.83079780	     -0.00000000	     -0.00000000	     -0.00000000	     24.02655800	    852.03183856	      0.00000000	     -0.00000000	     -0.00000000
      0.65200000	  -2283.38608295	     -0.00000000	      0.00000000	    -47.91789645	      0.00000000	   1095.66503776	      0.00000000	     -0.00000000	      0.00000000
      0.65300000	  -3859.04093697	     -0.00000000	     -0.00000000	     -0.00000000	      9.84476683	    662.29506523	     -0.00000000	     -0.00000000	      0.00000000
      0.65400000	  -3342.77120069	     -0.00000000	      0.00000000	    -76.03721624	      0.00000000	    794.33491185	      0.00000000	     -0.00000000	      0.00000000
      0.65500000	  -6992.47514539	     -0.00000000	     -0.00000000	    -20.09637611	      0.00000000	    935.06796400	      0.00000000	     -0.00000000	      0.00000000
      0.65600000	  -5145.04129153	     -0.00000000	     -0.00000000	     -0.00000000	      7.96270325	    875.93327160	     -0.00000000	     -0.00000000	      0.00000000
      0.65700000	  -5278.40142030	      0.00000000	     -0.00000000	    -15.13032730	      0.00000000	   1064.30570915	     -0.00000000	     -0.00000000	     -0.00000000
      0.65800000	  -6994.38506020	     -0.00000000	      0.00000000	    -23.32045997	      0.00000000	    690.22757042	     -0.00000000	      0.00000000	     -0.00000000
      0.65900000	  -5820.83891758	      0.00000000	     -0.00000000	     -0.00000000	     20.21449225	   1215.82533199	     -0.00000000	     -0.00000000	     -0.00000000
      0.66000000	  -2979.55627444	      0.00000000	      0.00000000	     -0.00000000	      9.04563753	    926.42302507	      0.00000000	      0.00000000	      0.00000000
      0.66100000	  -3423.41096851	      0.00000000	     -0.00000000	     -0.00000000	     24.06607558	   1176.74015259	     -0.00000000	     -0.00000000	     -0.00000000
      0.66200000	  -2987.27588699	     -0.00000000	     -0.00000000	    -80.48157475	      0.00000000	    734.26713381	      0.00000000	     -0.00000000	     -0.00000000
      0.66300000	  -7809.30361837	     -0.00000000	      0.00000000	    -11.01075442	      0.00000000	    916.21824134	      0.00000000	      0.00000000	      0.00000000
      0.66400000	  -4440.34221142	      0.00000000	      0.00000000	    -11.34511061	     10.89807529	    916.66979352	      0.00000000	      0.00000000	      0.00000000
      0.66500000	  -7370.50347438	      0.00000000	     -0.00000000	    -28.52285983	      0.00000000	   1300.42701574	     -0.00000000	     -0.00000000	      0.00000000
      0.66600000	  -3873.35890705	      0.00000000	      0.00000000	     -0.00000000	     18.43481766	   1321.24845380	     -0.00000000	     -0.00000000	      0.00000000
      0.66700000	  -6631.70972823	      0.00000000	     -0.00000000	    -75.64065529	      0.00000000	   1337.27663472	      0.00000000	     -0.00000000	      0.00000000
      0.66800000	  -8735.53610762	     -0.00000000	     -0.00000000	     -0.00000000	     12.20375645	   1063.12986781	      0.00000000	     -0.00000000	     -0.00000000
      0.66900000	  -5997.77198673	      0.00000000	      0.00000000	     -0.00000000	      7.01651666	    887.89399606	     -0.00000000	     -0.00000000	      0.00000000
      0.67000000	  -5607.28881050	      0.00000000	     -0.00000000	     -0.00000000	     12.67113863	   1051.65337113	     -0.00000000	     -0.00000000	      0.00000000
      0.67100000	  -5012.01783000	     -0.00000000	      0.00000000	     -0.00000000	      0.00000000	    885.72440285	      0.00000000	      0.00000000	     -0.00000000
      0.67200000	  -5387.44337260	     -0.00000000	     -0.00000000	     -0.00000000	     18.05735684	   1177.41844508	     -0.00000000	     -0.00000000	     -0.00000000
      0.67300000	  -3050.63996264	      0.00000000	     -0.00000000	    -88.70771956	      0.00000000	   1106.02126571	      0.00000000	      0.00000000	     -0.00000000
      0.67400000	  -8630.93495928	      0.00000000	     -0.00000000	     -0.00000000	      0.00000000	   1046.01487285	     -0.00000000	     -0.00000000	      0.00000000
      0.67500000	  -5219.37209893	      0.00000000	      0.00000000	     -0.00000000	      6.69798419	    992.95335078	     -0.00000000	     -0.00000000	      0.00000000
      0.67600000	  -8068.06126220	      0.00000000	     -0.00000000	    -28.50186298	      0.77859186	    976.51409509	     -0.00000000	     -0.00000000	     -0.00000000
      0.67700000	  -3381.10881036	     -0.00000000	     -0.00000000	     -0.00000000	     13.40100630	   1068.56380561	     -0.00000000	      0.00000000	     -0.00000000
      0.67800000	  -3582.83474786	      0.00000000	      0.00000000	     -0.00000000	      3.53317107	   1030.09370459	      0.00000000	      0.00000000	      0.00000000
      0.67900000	  -3077.66342064	      0.00000000	     -0.00000000	     -0.00000000	      5.86719549	    866.07884723	     -0.00000000	     -0.00000000	     -0.00000000
      0.68000000	  -5470.82357814	      0.00000000	     -0.00000000	    -48.47600622	      0.00000000	    920.40932767	      0.00000000	      0.00000000	     -0.00000000
      0.68100000	  -5287.83813571	     -0.00000000	      0.00000000	    -29.22657417	      3.52241102	   1415.22419644	      0.00000000	      0.00000000	     -0.00000000
      0.68200000	  -7047.61572440	     -0.00000000	      0.00000000	     -0.00000000	     11.30432524	   1248.27221624	     -0.00000000	      0.00000000	     -0.00000000
      0.68300000	  -6519.43402810	      0.00000000	     -0.00000000	    -26.64944504	      0.00000000	    888.61635546	      0.00000000	     -0.00000000	      0.00000000
      0.68400000	  -8533.94783056	     -0.00000000	     -0.00000000	     -0.00000000	     23.35887561	   1031.51858328	      0.00000000	      0.00000000	      0.00000000
      0.68500000	  -4813.03900274	      0.00000000	     -0.00000000	    -24.68392033	      0.00000000	    928.03592862	      0.00000000	      0.00000000	      0.00000000
      0.68600000	  -8851.02518385	      0.00000000	      0.00000000	    -16.03101285	      0.00000000	   1009.49739702	      0.00000000	     -0.00000000	      0.00000000
      0.68700000	  -3244.31082322	      0.00000000	      0.00000000	     -0.00000000	     30.78549941	    728.97374417	      0.00000000	     -0.00000000	      0.00000000
      0.68800000	  -3471.04782936	      0.00000000	     -0.00000000	    -29.72570161	      0.00000000	    876.76438946	     -0.00000000	     -0.00000000	     -0.00000000
      0.68900000	  -4672.05787174	      0.00000000	     -0.00000000	    -33.60160533	      0.00000000	    943.66802157	     -0.00000000	     -0.00000000	     -0.00000000
      0.69000000	  -4058.07093683	     -0.00000000	      0.00000000	     -0.00000000	     22.26895733	   1147.48955076	      0.00000000	      0.00000000	     -0.00000000
      0.69100000	  -2301.88971944	      0.00000000	      0.00000000	     -8.57321387	      0.00000000	    656.33549573	      0.00000000	      0.00000000	     -0.00000000
      0.69200000	  -5703.24398210	      0.00000000	     -0.00000000	    -47.92392978	      0.00000000	   1024.29792911	     -0.00000000	     -0.00000000	     -0.00000000
      0.69300000	  -4345.40276409	     -0.00000000	      0.00000000	    -57.62684034	      0.00000000	   1312.13317566	     -0.00000000	     -0.00000000	     -0.00000000
      0.69400000	  -7158.90310724	     -0.00000000	      0.00000000	     -0.00000000	     18.06330206	   1355.20218472	     -0.00000000	     -0.00000000	     -0.00000000
      0.69500000	  -2762.73400904	     -0.00000000	      0.00000000	     -0.00000000	      6.69196342	    788.62715825	      0.00000000	      0.00000000	     -0.00000000
      0.69600000	  -6680.78310749	     -0.00000000	     -0.00000000	    -57.31263557	      0.00000000	    938.99611747	     -0.00000000	      0.00000000	      0.00000000
      0.69700000	  -3894.86592932	     -0.00000000	      0.00000000	     -0.00000000	     22.71052250	   1024.79002951	     -0.00000000	      0.00000000	     -0.00000000
      0.69800000	  -3547.58962773	      0.00000000	     -0.00000000	    -11.71555500	      0.00000000	    758.15021970	     -0.00000000	      0.00000000	      0.00000000
      0.69900000	  -5669.41439908	     -0.00000000	      0.00000000	    -31.28709732	      6.38948859	   1121.83409802	      0.00000000	     -0.00000000	     -0.00000000
      0.70000000	  -3939.30242922	     -0.00000000	      0.00000000	     -0.00000000	      8.29638816	   1237.44303203	      0.00000000	      0.00000000	      0.00000000
      0.70100000	  -4281.92532882	      0.00000000	      0.00000000	     -0.00000000	      7.48261788	    900.29338486	      0.00000000	      0.00000000	      0.00000000
      0.70200000	  -3600.28869402	      0.00000000	      0.00000000	    -70.82738994	      0.00000000	   1139.63517237	      0.00000000	      0.00000000	      0.00000000
      0.70300000	  -7836.27900919	      0.00000000	      0.00000000	     -0.00000000	      0.00000000	   1133.74179285	      0.00000000	     -0.00000000	     -0.00000000
      0.70400000	  -4935.13960517	     -0.00000000	     -0.00000000	     -0.00000000	     22.33680033	    870.82679390	      0.00000000	     -0.00000000	     -0.00000000
      0.70500000	  -3114.18049158	     -0.00000000	     -0.00000000	    -73.21000438	      0.00000000	   1036.57457382	      0.00000000	     -0.00000000	     -0.00000000
      0.70600000	  -7062.20541517	      0.00000000	      0.00000000	    -28.74260766	      0.00000000	   1256.67958953	      0.00000000	      0.00000000	     -0.00000000
      0.70700000	  -6914.31003819	      0.00000000	     -0.00000000	     -0.00000000	     17.66777898	    974.48271360	      0.00000000	      0.00000000	      0.00000000
      0.70800000	  -4654.18113910	     -0.00000000	      0.00000000	     -9.66831667	     13.22830124	    743.39967303	      0.00000000	      0.00000000	     -0.00000000
      0.70900000	  -2100.49013951	      0.00000000	     -0.00000000	     -7.62065712	      0.00000000	    878.89334551	     -0.00000000	      0.00000000	     -0.00000000
      0.71000000	  -3137.63655747	      0.00000000	      0.00000000	     -0.00000000	      4.20997299	    725.84741480	     -0.00000000	      0.00000000	      0.00000000
      0.71100000	  -1962.02665821	      0.00000000	     -0.00000000	    -69.91775934	      0.00000000	    862.46995398	     -0.00000000	     -0.00000000	      0.00000000
      0.71200000	  -6630.63310606	     -0.00000000	     -0.00000000	    -30.94284590	      0.00000000	   1254.41361353	      0.00000000	     -0.00000000	      0.00000000
      0.71300000	  -7846.67705060	     -0.00000000	     -0.00000000	     -0.00000000	     15.23128035	    927.85930518	      0.00000000	      0.00000000	     -0.00000000
      0.71400000	  -5572.53806093	     -0.00000000	      0.00000000	    -68.97954729	      0.00000000	   1424.20187797	     -0.00000000	      0.00000000	      0.00000000
      0.71500000	  -5691.49607967	      0.00000000	      0.00000000	     -0.00000000	     33.52117719	   1414.06289015	      0.00000000	      0.00000000	      0.00000000
      0.71600000	  -1424.78906618	     -0.00000000	     -0.00000000	     -0.00000000	     23.22441828	    869.49690172	     -0.00000000	     -0.00000000	      0.00000000
      0.71700000	  -5039.07111687	     -0.00000000	      0.00000000	    -78.44959680	      0.00000000	    972.46662621	      0.00000000	     -0.00000000	     -0.00000000
      0.71800000	  -6702.23506216	      0.00000000	      0.00000000	     -0.00000000	      0.00000000	    861.02150557	     -0.00000000	      0.00000000	      0.00000000
      0.71900000	  -4434.25134582	     -0.00000000	      0.00000000	    -27.31160502	     11.25611755	   1087.37990695	      0.00000000	      0.00000000	      0.00000000
      0.72000000	  -5258.50687452	     -0.00000000	     -0.00000000	     -0.00000000	      4.22353956	   1217.21306679	      0.00000000	     -0.00000000	      0.00000000
      0.72100000	  -6186.60178747	     -0.00000000	     -0.00000000	    -19.93338783	      0.00000000	   1116.65047855	     -0.00000000	     -0.00000000	      0.00000000
      0.72200000	  -3950.41653129	     -0.00000000	     -0.00000000	     -0.00000000	     17.86319964	   1274.21589806	      0.00000000	     -0.00000000	     -0.00000000
      0.72300000	  -3215.75382638	     -0.00000000	     -0.00000000	     -0.00000000	      3.48101495	    660.64976105	      0.00000000	     -0.00000000	      0.00000000
      0.72400000	  -3881.91683852	     -0.00000000	     -0.00000000	    -56.88160004	      0.00000000	    849.40281668	     -0.00000000	     -0.00000000	      0.00000000
      0.72500000	  -5634.40040950	     -0.00000000	      0.00000000	     -0.00000000	      0.00000000	    928.98229355	      0.00000000	      0.00000000	      0.00000000
      0.72600000	  -5040.87183790	     -0.00000000	     -0.00000000	     -0.00000000	      5.19590598	    729.61238501	      0.00000000	      0.00000000	     -0.00000000
      0.72700000	  -5778.07266942	     -0.00000000	      0.00000000	    -17.30759138	     11.69735744	   1061.94975838	     -0.00000000	      0.00000000	      0.00000000
      0.72800000	  -1713.47468338	     -0.00000000	      0.00000000	     -0.00000000	     20.87493812	    990.11245085	      0.00000000	      0.00000000	     -0.00000000
      0.72900000	  -2204.38692950	     -0.00000000	     -0.00000000	    -11.52915073	      0.00000000	    847.51156724	     -0.00000000	     -0.00000000	      0.00000000
      0.73000000	  -6336.21109909	     -0.00000000	     -0.00000000	    -45.65243319	      0.00000000	   1194.08442292	     -0.00000000	      0.00000000	      0.00000000
      0.73100000	  -4517.31439400	      0.00000000	      0.00000000	     -0.00000000	      8.39387948	   1171.35399844	      0.00000000	      0.00000000	     -0.00000000
      0.73200000	  -4122.34850364	     -0.00000000	     -0.00000000	    -10.60567127	      0.00000000	    872.72616614	      0.00000000	      0.00000000	      0.00000000
      0.73300000	  -7459.42488561	     -0.00000000	      0.00000000	    -82.42537419	      0.00000000	   1102.74269555	     -0.00000000	     -0.00000000	     -0.00000000
      0.73400000	  -7593.09911827	     -0.00000000	     -0.00000000	     -0.00000000	     23.14562706	   1241.16108535	      0.00000000	     -0.00000000	     -0.00000000
      0.73500000	  -3336.17093564	     -0.00000000	     -0.00000000	     -0.00000000	     13.18405089	   1067.40176354	     -0.00000000	      0.00000000	      0.00000000
      0.73600000	  -4855.38619366	      0.00000000	     -0.00000000	    -27.21737393	      0.00000000	   1127.93777568	     -0.00000000	      0.00000000	      0.00000000
      0.73700000	  -2797.86917966	      0.00000000	      0.00000000	     -0.00000000	     25.57722692	   1011.06634060	      0.00000000	      0.00000000	      0.00000000
      0.73800000	  -1765.08032343	     -0.00000000	      0.00000000	    -89.20915448	      0.00000000	    923.43470201	     -0.00000000	      0.00000000	      0.00000000
      0.73900000	  -4958.97538916	      0.00000000	      0.00000000	    -32.37271236	      0.00000000	   1420.72840428	      0.00000000	     -0.00000000	     -0.00000000
      0.74000000	  -6479.96920804	      0.00000000	     -0.00000000	     -0.00000000	      5.69808298	   1157.74325522	     -0.00000000	     -0.00000000	      0.00000000
      0.74100000	  -7075.37606074	      0.00000000	      0.00000000	     -0.00000000	     10.74024133	   1188.51913361	      0.00000000	     -0.00000000	     -0.00000000
      0.74200000	  -3666.62971466	     -0.00000000	     -0.00000000	     -0.00000000	     21.07738848	    680.69999025	     -0.00000000	     -0.00000000	      0.00000000
      0.74300000	  -2338.91537337	      0.00000000	     -0.00000000	    -51.37033022	      0.00000000	    687.44185802	      0.00000000	      0.00000000	      0.00000000
      0.74400000	  -6379.02171197	     -0.00000000	     -0.00000000	     -1.41018868	      0.00000000	    928.11751697	     -0.00000000	     -0.00000000	      0.00000000
      0.74500000	  -3601.26900647	     -0.00000000	     -0.00000000	     -0.00000000	     21.55131118	    750.12860440	      0.00000000	     -0.00000000	      0.00000000
      0.74600000	  -3697.54485780	     -0.00000000	      0.00000000	    -33.01859813	      0.00000000	   1021.51234185	      0.00000000	      0.00000000	     -0.00000000
      0.74700000	  -4261.11523139	      0.00000000	     -0.00000000	    -19.77497760	      0.00000000	   1059.67356067	     -0.00000000	      0.00000000	     -0.00000000
      0.74800000	  -7229.69004668	      0.00000000	     -0.00000000	     -0.00000000	     21.09340093	   1260.82928927	     -0.00000000	     -0.00000000	     -0.00000000
      0.74900000	  -3308.33214550	     -0.00000000	      0.00000000	     -0.22075703	      0.00000000	   1009.77616985	      0.00000000	     -0.00000000	      0.00000000
      0.75000000	  -7531.59237593	      0.00000000	     -0.00000000	    -70.61192107	      0.00000000	    989.73247341	      0.00000000	      0.00000000	      0.00000000
      0.75100000	  -7669.64148689	     -0.00000000	     -0.00000000	     -0.00000000	     10.88204415	   1029.39755535	     -0.00000000	     -0.00000000	     -0.00000000
      0.75200000	  -4018.28307503	     -0.00000000	      0.00000000	     -0.00000000	     12.85677118	    922.86640794	      0.00000000	      0.00000000	      0.00000000
      0.75300000	  -3084.31137349	     -0.00000000	     -0.00000000	     -0.39757611	      4.06220298	    564.97447493	     -0.00000000	     -0.00000000	     -0.00000000
      0.75400000	  -6159.52117618	     -0.00000000	     -0.00000000	    -71.59891755	      0.00000000	   1330.51614892	     -0.00000000	      0.00000000	     -0.00000000
      0.75500000	  -6039.03698761	      0.00000000	     -0.00000000	     -0.00000000	     35.33287833	   1417.01337520	     -0.00000000	     -0.00000000	     -0.00000000
      0.75600000	  -3857.60152148	      0.00000000	      0.00000000	     -0.00000000	      0.00000000	   1117.75306523	      0.00000000	     -0.00000000	      0.00000000
      0.75700000	  -5646.37055983	      0.00000000	      0.00000000	    -20.38764100	      0.00000000	    938.23253047	      0.00000000	     -0.00000000	      0.00000000
      0.75800000	  -3971.19301810	     -0.00000000	      0.00000000	    -15.96481781	      8.01382349	   1285.55478497	      0.00000000	      0.00000000	      0.00000000
      0.75900000	  -7168.35924583	     -0.00000000	     -0.00000000	    -38.80620545	      0.00000000	   1137.47250509	      0.00000000	     -0.00000000	      0.00000000
      0.76000000	  -5488.01632862	     -0.00000000	      0.00000000	     -0.00000000	     18.26642422	   1311.06702750	     -0.00000000	      0.00000000	     -0.00000000
      0.76100000	  -3152.28968468	     -0.00000000	     -0.00000000	     -0.00000000	      0.00000000	    920.68094753	     -0.00000000	     -0.00000000	      0.00000000
      0.76200000	  -5877.35766751	      0.00000000	      0.00000000	    -56.40201955	      0.00000000	    902.49207830	      0.00000000	      0.00000000	      0.00000000
      0.76300000	  -6395.75314573	      0.00000000	     -0.00000000	     -0.00000000	     13.12336645	   1070.03106271	     -0.00000000	      0.00000000	      0.00000000
      0.76400000	  -1952.30908306	     -0.00000000	     -0.00000000	     -0.00000000	     26.57137189	    890.06000088	     -0.00000000	      0.00000000	     -0.00000000
      0.76500000	  -3065.85083083	     -0.00000000	     -0.00000000	    -85.46374165	      0.00000000	   1093.24836698	      0.00000000	      0.00000000	     -0.00000000
      0.76600000	  -6489.69630773	     -0.00000000	      0.00000000	     -6.41507634	      8.46262188	    945.83359958	     -0.00000000	     -0.00000000	      0.00000000
      0.76700000	  -2217.63908070	      0.00000000	     -0.00000000	     -0.00000000	     26.01623856	    841.51598611	     -0.00000000	     -0.00000000	      0.00000000
      0.76800000	  -3237.84855824	      0.00000000	      0.00000000	     -0.00000000	      0.00000000	    685.81636608	      0.00000000	      0.00000000	      0.00000000
      0.76900000	  -3791.77870154	     -0.00000000	      0.00000000	    -87.77025862	      0.00000000	    977.28268848	      0.00000000	     -0.00000000	      0.00000000
      0.77000000	  -6872.81830522	      0.00000000	      0.00000000	     -0.00000000	      0.00000000	   1051.27513454	     -0.00000000	      0.00000000	      0.00000000
      0.77100000	  -2725.44770142	      0.00000000	     -0.00000000	     -0.00000000	     33.87193157	    979.72846050	     -0.00000000	      0.00000000	     -0.00000000
      0.77200000	  -2737.00897653	     -0.00000000	     -0.00000000	    -28.48126101	      0.00000000	    953.14452912	     -0.00000000	     -0.00000000	     -0.00000000
      0.77300000	  -4966.31812325	     -0.00000000	     -0.00000000	    -45.32424140	      0.00000000	   1085.24778167	      0.00000000	     -0.00000000	     -0.00000000
      0.77400000	  -4309.72682912	     -0.00000000	      0.00000000	     -0.00000000	     23.82982821	   1408.93266573	      0.00000000	     -0.00000000	     -0.00000000
      0.77500000	  -2422.95126415	      0.00000000	      0.00000000	    -42.28023895	      0.00000000	   1040.98806638	      0.00000000	     -0.00000000	      0.00000000
      0.77600000	  -6532.51814062	     -0.00000000	     -0.00000000	     -0.00000000	      6.86663446	   1147.62339865	     -0.00000000	     -0.00000000	     -0.00000000
      0.77700000	  -1595.83388089	      0.00000000	     -0.00000000	     -0.00000000	     38.78954152	    808.01248635	     -0.00000000	      0.00000000	      0.00000000
      0.77800000	  -3227.36825779	     -0.00000000	      0.00000000	   -177.26576125	      0.00000000	   1186.98413086	     -0.00000000	      0.00000000	     -0.00000000
      0.77900000	  -6816.16934751	     -0.00000000	      0.00000000	     -0.00000000	     21.14859250	   1153.99959850	      0.00000000	      0.00000000	     -0.00000000
      0.78000000	  -3382.38810448	     -0.00000000	      0.00000000	     -0.00000000	      9.75033998	    866.22271136	     -0.00000000	      0.00000000	     -0.00000000
      0.78100000	  -5644.84507022	      0.00000000	     -0.00000000	    -45.21255965	      0.00000000	   1385.63397263	     -0.00000000	      0.00000000	      0.00000000
      0.78200000	  -2147.07344071	      0.00000000	     -0.00000000	     -0.00000000	     43.25078668	    975.23421463	      0.00000000	     -0.00000000	      0.00000000
      0.78300000	  -2379.19811507	     -0.00000000	      0.00000000	    -62.31778925	      0.00000000	    848.83023645	     -0.00000000	     -0.00000000	     -0.00000000
      0.78400000	  -5639.81362540	      0.00000000	     -0.00000000	     -6.93894628	      1.00829121	   1092.47020550	      0.00000000	     -0.00000000	     -0.00000000
      0.78500000	  -4203.57540128	     -0.00000000	      0.00000000	     -0.00000000	      7.55993225	   1012.17074735	     -0.00000000	     -0.00000000	     -0.00000000
      0.78600000	  -6005.50258859	     -0.00000000	      0.00000000	    -38.08414331	      0.00000000	    801.08642278	     -0.00000000	      0.00000000	     -0.00000000
      0.78700000	  -4180.08705728	     -0.00000000	     -0.00000000	    -32.76445208	      0.00000000	   1304.46916525	      0.00000000	     -0.00000000	      0.00000000
      0.78800000	  -6764.68213764	     -0.00000000	     -0.00000000	     -0.00000000	      0.00000000	    930.12313268	      0.00000000	      0.00000000	     -0.00000000
      0.78900000	  -6401.31516598	     -0.00000000	     -0.00000000	     -0.00000000	     41.31310267	   1371.79724388	     -0.00000000	     -0.00000000	      0.00000000
      0.79000000	  -2734.90422296	      0.00000000	      0.00000000	     -0.00000000	      3.04191426	    677.24372038	      0.00000000	      0.00000000	      0.00000000
      0.79100000	  -2331.81211186	      0.00000000	      0.00000000	    -43.99167163	      0.00000000	    931.00368615	      0.00000000	     -0.00000000	      0.00000000
      0.79200000	  -4394.45149911	     -0.00000000	     -0.00000000	    -21.00273048	      0.00000000	    833.93566163	      0.00000000	      0.00000000	     -0.00000000
      0.79300000	  -6689.42451180	      0.00000000	      0.00000000	     -0.00000000	     17.24795827	    924.99962383	      0.00000000	     -0.00000000	     -0.00000000
      0.79400000	  -3632.20675198	      0.00000000	      0.00000000	    -24.17096548	      0.00000000	    957.76476351	     -0.00000000	     -0.00000000	      0.00000000
      0.79500000	  -6457.89596477	      0.00000000	     -0.00000000	    -31.48416609	      0.00000000	   1110.74744066	      0.00000000	      0.00000000	     -0.00000000
      0.79600000	  -4370.32108603	      0.00000000	     -0.00000000	     -0.00000000	     16.02115680	   1336.79207552	     -0.00000000	     -0.00000000	      0.00000000
      0.79700000	  -3544.49845153	      0.00000000	      0.00000000	     -0.00000000	     16.78258260	   1194.42406240	      0.00000000	      0.00000000	     -0.00000000
      0.79800000	  -1569.14270272	      0.00000000	     -0.00000000	     -0.00000000	      0.00000000	    809.68636086	     -0.00000000	     -0.00000000	     -0.00000000
      0.79900000	  -4693.18021862	      0.00000000	     -0.00000000	    -42.98739154	      0.00000000	    888.61232646	     -0.00000000	     -0.00000000	      0.00000000
      0.80000000	  -4272.79061199	      0.00000000	      0.00000000	    -38.83780081	      1.55162527	   1304.31255150	      0.00000000	     -0.00000000	      0.00000000
      0.80100000	  -4739.67778278	     -0.00000000	      0.00000000	     -0.00000000	      8.10045709	   1331.02649960	     -0.00000000	      0.00000000	      0.00000000
      0.80200000	  -3466.55319503	     -0.00000000	      0.00000000	     -0.00000000	     13.25869926	   1218.97699999	     -0.00000000	     -0.00000000	      0.00000000
      0.80300000	  -4412.49200287	     -0.00000000	      0.00000000	    -16.39503223	      0.00000000	    805.46952968	      0.00000000	      0.00000000	     -0.00000000
      0.80400000	  -5518.08940123	      0.00000000	      0.00000000	    -16.19414448	      5.68352071	   1023.27584929	      0.00000000	     -0.00000000	      0.00000000
      0.80500000	  -3231.05198001	     -0.00000000	      0.00000000	     -0.00000000	     27.61094537	    823.51779045	     -0.00000000	      0.00000000	     -0.00000000
      0.80600000	  -1899.06185823	      0.00000000	      0.00000000	    -41.75437089	      0.00000000	    697.13666439	     -0.00000000	      0.00000000	      0.00000000
      0.80700000	  -4972.22902550	      0.00000000	      0.00000000	    -23.70656531	      0.00000000	   1361.69830865	      0.00000000	     -0.00000000	     -0.00000000
      0.80800000	  -4227.53217119	      0.00000000	     -0.00000000	     -0.00000000	      0.00000000	   1060.03530946	      0.00000000	      0.00000000	      0.00000000
      0.80900000	  -5292.81479737	      0.00000000	      0.00000000	    -45.47581096	      0.00000000	   1208.30465879	     -0.00000000	      0.00000000	      0.00000000
      0.81000000	  -6199.03012277	     -0.00000000	      0.00000000	     -0.00000000	     20.21391448	   1298.11280207	      0.00000000	     -0.00000000	     -0.00000000
      0.81100000	  -3714.31261658	     -0.00000000	      0.00000000	     -0.00000000	     14.92568073	   1344.41381904	      0.00000000	      0.00000000	      0.00000000
      0.81200000	  -2461.61426171	     -0.00000000	      0.00000000	     -0.00000000	      8.65861452	    743.29815812	      0.00000000	     -0.00000000	      0.00000000
      0.81300000	  -1626.69942458	      0.00000000	     -0.00000000	    -22.84508547	      6.50846775	    853.85327833	      0.00000000	      0.00000000	      0.00000000
      0.81400000	  -3027.38156062	      0.00000000	     -0.00000000	    -79.06973264	      0.00000000	   1147.09764041	     -0.00000000	     -0.00000000	     -0.00000000
      0.81500000	  -7301.81597072	     -0.00000000	     -0.00000000	     -0.00000000	      0.00000000	   1208.14728356	     -0.00000000	     -0.00000000	     -0.00000000
      0.81600000	  -6504.84956879	     -0.00000000	      0.00000000	     -4.07838388	      0.00000000	    870.93934809	      0.00000000	     -0.00000000	     -0.00000000
      0.81700000	  -5890.11019652	      0.00000000	     -0.00000000	     -0.00000000	     21.37914508	   1142.84284938	     -0.00000000	     -0.00000000	     -0.00000000
      0.81800000	  -2509.12581583	      0.00000000	     -0.00000000	     -0.00000000	     15.02098122	    807.70567984	     -0.00000000	     -0.00000000	     -0.00000000
      0.81900000	  -3692.10169226	     -0.00000000	     -0.00000000	    -33.14028937	      0.00000000	    968.59742097	     -0.00000000	     -0.00000000	     -0.00000000
      0.82000000	  -5073.77270253	      0.00000000	      0.00000000	    -35.40182857	      0.00000000	   1112.76924051	      0.00000000	     -0.00000000	     -0.00000000
      0.82100000	  -6481.33034509	      0.00000000	     -0.00000000	     -7.84015261	      0.00000000	   1265.40942957	     -0.00000000	     -0.00000000	     -0.00000000
      0.82200000	  -5404.88241763	     -0.00000000	     -0.00000000	     -0.00000000	     15.53228367	   1119.77081224	     -0.00000000	     -0.00000000	     -0.00000000
      0.82300000	  -5221.98144647	     -0.00000000	     -0.00000000	    -34.06798482	      0.00000000	    980.25064272	     -0.00000000	      0.00000000	     -0.00000000
      0.82400000	  -3471.64048965	      0.00000000	      0.00000000	     -0.00000000	     18.83708099	    917.20396067	      0.00000000	     -0.00000000	     -0.00000000
      0.82500000	  -1449.87863287	      0.00000000	      0.00000000	     -0.00000000	     20.80182513	    923.31638268	     -0.00000000	     -0.00000000	      0.00000000
      0.82600000	  -2068.28569076	      0.00000000	      0.00000000	   -103.94042106	      0.00000000	    972.72013286	      0.00000000	      0.00000000	      0.00000000
      0.82700000	  -6724.37202183	     -0.00000000	     -0.00000000	     -0.00000000	     10.79440917	   1114.88012367	      0.00000000	      0.00000000	     -0.00000000
      0.82800000	  -3287.96175807	     -0.00000000	      0.00000000	     -0.00000000	      5.45259283	    967.92327759	     -0.00000000	      0.00000000	     -0.00000000
      0.82900000	  -4770.70925164	      0.00000000	     -0.00000000	    -28.84134929	      0.00000000	   1124.32967778	     -0.00000000	     -0.00000000	     -0.00000000
      0.83000000	  -7385.40017629	      0.00000000	      0.00000000	    -30.20205248	      0.00000000	   1288.69454235	      0.00000000	      0.00000000	      0.00000000
      0.83100000	  -6975.51719398	      0.00000000	      0.00000000	     -0.00000000	     16.21921788	    981.79601857	     -0.00000000	     -0.00000000	     -0.00000000
      0.83200000	  -2293.78984876	      0.00000000	     -0.00000000	     -0.00000000	     10.23061001	    739.45469591	     -0.00000000	     -0.00000000	      0.00000000
      0.83300000	  -5556.26026072	      0.00000000	     -0.00000000	    -43.97132915	      0.00000000	   1294.39088516	     -0.00000000	     -0.00000000	     -0.00000000
      0.83400000	  -4984.70299831	     -0.00000000	     -0.00000000	     -0.00000000	     20.32844277	   1303.17903320	     -0.00000000	     -0.00000000	     -0.00000000
      0.83500000	  -3504.44738398	     -0.00000000	     -0.00000000	     -0.00000000	     14.32424503	   1338.73948437	     -0.00000000	     -0.00000000	      0.00000000
      0.83600000	  -2682.81557683	     -0.00000000	      0.00000000	     -0.00000000	      8.11547403	   1052.50110648	      0.00000000	      0.00000000	      0.00000000
      0.83700000	  -3139.25838872	     -0.00000000	     -0.00000000	    -20.61700005	      6.45667797	    929.84042301	     -0.00000000	     -0.00000000	     -0.00000000
      0.83800000	  -1443.79430200	      0.00000000	      0.00000000	    -13.63623463	      0.00000000	    947.41185616	      0.00000000	      0.00000000	      0.00000000
      0.83900000	  -5135.86263312	      0.00000000	     -0.00000000	    -55.17544297	      0.00000000	   1200.01373004	     -0.00000000	      0.00000000	      0.00000000
      0.84000000	  -5290.53193734	      0.00000000	      0.00000000	     -0.00000000	     21.41895116	   1147.60329477	      0.00000000	      0.00000000	     -0.00000000
      0.84100000	  -1909.96841020	     -0.00000000	     -0.00000000	     -0.00000000	     14.26810236	    880.90042113	     -0.00000000	     -0.00000000	      0.00000000
      0.84200000	  -4171.05623432	     -0.00000000	      0.00000000	    -43.60213473	      0.00000000	   1141.33844898	      0.00000000	      0.00000000	     -0.00000000
      0.84300000	  -4049.85414542	      0.00000000	      0.00000000	     -0.00000000	     13.17096569	    777.73466359	      0.00000000	     -0.00000000	     -0.00000000
      0.84400000	  -3441.84373905	     -0.00000000	     -0.00000000	   -119.65190199	      0.00000000	   1275.60481779	      0.00000000	     -0.00000000	      0.00000000
      0.84500000	  -7272.25212320	     -0.00000000	     -0.00000000	     -0.00000000	     15.92303395	    940.00485793	     -0.00000000	     -0.00000000	     -0.00000000
      0.84600000	  -1963.69212900	     -0.00000000	      0.00000000	     -0.00000000	     13.55003642	    598.55030043	      0.00000000	      0.00000000	     -0.00000000
      0.84700000	  -7290.51271486	     -0.00000000	      0.00000000	    -79.99528501	      0.00000000	   1336.31228047	     -0.00000000	     -0.00000000	      0.00000000
      0.84800000	  -4094.27039901	     -0.00000000	     -0.00000000	     -0.00000000	     25.84583959	   1299.72267308	      0.00000000	     -0.00000000	     -0.00000000
      0.84900000	  -3902.87684783	     -0.00000000	     -0.00000000	    -10.47027811	      0.00000000	    920.07697429	     -0.00000000	     -0.00000000	     -0.00000000
      0.85000000	  -3879.80911373	     -0.00000000	     -0.00000000	    -23.49091163	      0.00000000	    945.50656509	     -0.00000000	     -0.00000000	      0.00000000
      0.85100000	  -6118.12358931	      0.00000000	     -0.00000000	    -25.02524802	      0.00000000	   1161.95275320	      0.00000000	      0.00000000	     -0.00000000
      0.85200000	  -7187.81308716	      0.00000000	      0.00000000	     -0.00000000	     14.82336005	    999.37804838	     -0.00000000	     -0.00000000	     -0.00000000
      0.85300000	  -2272.69376119	      0.00000000	      0.00000000	     -0.00000000	     17.15219394	    708.61134309	      0.00000000	      0.00000000	      0.00000000
      0.85400000	  -2159.11228859	      0.00000000	     -0.00000000	     -7.83485979	      0.00000000	    663.91499757	      0.00000000	     -0.00000000	     -0.00000000
      0.85500000	  -5609.14056045	     -0.00000000	     -0.00000000	    -15.86969181	      0.00000000	   1546.29382905	      0.00000000	      0.00000000	     -0.00000000
      0.85600000	  -5277.23557932	     -0.00000000	      0.00000000	     -0.00000000	      0.00000000	   1016.85011520	      0.00000000	      0.00000000	     -0.00000000
      0.85700000	  -5480.97480207	      0.00000000	      0.00000000	    -43.33266553	      0.00000000	   1276.47874952	     -0.00000000	      0.00000000	      0.00000000
      0.85800000	  -3264.07519150	     -0.00000000	     -0.00000000	     -0.00000000	     41.04574646	   1177.93548161	      0.00000000	     -0.00000000	      0.00000000
      0.85900000	  -3370.17139062	      0.00000000	     -0.00000000	    -44.45534560	      0.00000000	    728.35673922	     -0.00000000	      0.00000000	      0.00000000
      0.86000000	  -6059.07307627	      0.00000000	      0.00000000	     -2.53662436	      9.67735713	   1247.95446819	      0.00000000	     -0.00000000	      0.00000000
      0.86100000	  -3391.85476923	      0.00000000	     -0.00000000	     -0.00000000	     11.48865196	    966.75262151	     -0.00000000	      0.00000000	     -0.00000000
      0.86200000	  -3218.96139628	      0.00000000	     -0.00000000	     -0.00000000	      7.14001806	    752.94498469	     -0.00000000	     -0.00000000	      0.00000000
      0.86300000	  -1780.59847093	      0.00000000	     -0.00000000	    -67.57768461	      0.00000000	   1038.87221705	     -0.00000000	      0.00000000	      0.00000000
      0.86400000	  -6242.22532165	      0.00000000	      0.00000000	    -46.33608480	      0.00000000	   1394.91846830	     -0.00000000	      0.00000000	      0.00000000
      0.86500000	  -6393.03973289	      0.00000000	     -0.00000000	     -0.00000000	     37.37590084	   1258.45053469	      0.00000000	      0.00000000	     -0.00000000
      0.86600000	  -2492.94268005	     -0.00000000	     -0.00000000	    -36.94523871	      6.39591951	    871.62684712	     -0.00000000	      0.00000000	     -0.00000000
      0.86700000	  -4464.03101381	     -0.00000000	      0.00000000	    -26.97688737	      0.00000000	   1193.81855749	     -0.00000000	      0.00000000	     -0.00000000
      0.86800000	  -3761.26117669	      0.00000000	     -0.00000000	     -0.00000000	     14.30222475	   1404.09677341	      0.00000000	      0.00000000	     -0.00000000
      0.86900000	  -4449.91457522	      0.00000000	      0.00000000	     -0.00000000	      0.00000000	    887.96739321	      0.00000000	     -0.00000000	      0.00000000
      0.87000000	  -4561.07702513	      0.00000000	     -0.00000000	    -38.04098811	      0.00000000	   1057.24352700	     -0.00000000	      0.00000000	     -0.00000000
      0.87100000	  -4564.69404680	     -0.00000000	      0.00000000	     -0.00000000	     12.93000100	   1377.60460114	      0.00000000	      0.00000000	     -0.00000000
      0.87200000	  -3633.60979482	      0.00000000	      0.00000000	     -0.00000000	     11.87820638	   1296.29280276	      0.00000000	      0.00000000	      0.00000000
      0.87300000	  -4345.75405432	     -0.00000000	     -0.00000000	    -40.22256635	      0.00000000	   1138.57144524	      0.00000000	      0.00000000	      0.00000000
      0.87400000	  -2855.50716207	     -0.00000000	      0.00000000	     -0.00000000	     24.78880164	   1092.37828386	      0.00000000	      0.00000000	      0.00000000
      0.87500000	  -2278.63935011	     -0.00000000	      0.00000000	    -60.46402823	      0.00000000	    916.09754968	     -0.00000000	      0.00000000	     -0.00000000
      0.87600000	  -5392.57658687	      0.00000000	      0.00000000	    -27.59613200	      0.00000000	   1145.57843772	     -0.00000000	      0.00000000	      0.00000000
      0.87700000	  -2057.95203267	      0.00000000	      0.00000000	     -0.00000000	     20.85748369	   1097.01329811	      0.00000000	      0.00000000	      0.00000000
      0.87800000	  -4266.31499182	     -0.00000000	     -0.00000000	    -30.41234098	      0.00000000	    805.52342962	      0.00000000	      0.00000000	      0.00000000
      0.87900000	  -2716.33284644	      0.00000000	      0.00000000	     -8.71923265	      8.62624223	   1149.03225164	     -0.00000000	      0.00000000	     -0.00000000
      0.88000000	  -4548.33156586	      0.00000000	      0.00000000	    -57.86524629	      0.00000000	   1460.50508725	      0.00000000	      0.00000000	     -0.00000000
      0.88100000	  -6584.18200961	     -0.00000000	      0.00000000	     -0.00000000	     13.31945940	   1412.54339294	     -0.00000000	     -0.00000000	      0.00000000
      0.88200000	  -4522.02574210	     -0.00000000	      0.00000000	     -0.00000000	     15.27180854	    974.16764080	     -0.00000000	      0.00000000	     -0.00000000
      0.88300000	  -3628.05289021	      0.00000000	     -0.00000000	    -26.17378679	      0.00000000	   1231.16656967	     -0.00000000	      0.00000000	     -0.00000000
      0.88400000	  -4091.01302575	     -0.00000000	      0.00000000	    -42.70970802	      0.00000000	   1175.25074130	     -0.00000000	     -0.00000000	     -0.00000000
      0.88500000	  -7177.39031659	     -0.00000000	      0.00000000	     -0.00000000	      0.00000000	   1239.74353892	      0.00000000	      0.00000000	      0.00000000
      0.88600000	  -5774.53358230	      0.00000000	      0.00000000	     -0.00000000	      3.43362781	   1129.36570241	      0.00000000	     -0.00000000	      0.00000000
      0.88700000	  -5570.40749130	      0.00000000	     -0.00000000	     -0.00000000	     24.34898876	   1159.29137350	     -0.00000000	      0.00000000	      0.00000000
      0.88800000	  -2046.35410384	      0.00000000	     -0.00000000	     -0.00000000	     17.76906700	    705.82038842	      0.00000000	      0.00000000	      0.00000000
      0.88900000	  -2111.90304590	     -0.00000000	     -0.00000000	    -87.43031938	      0.00000000	    891.86853358	     -0.00000000	     -0.00000000	      0.00000000
      0.89000000	  -5727.03416488	     -0.00000000	      0.00000000	    -42.60481841	      0.00000000	   1202.00443906	      0.00000000	      0.00000000	      0.00000000
      0.89100000	  -5317.95140114	     -0.00000000	     -0.00000000	     -0.00000000	     25.85508413	   1353.92350311	      0.00000000	     -0.00000000	     -0.00000000
      0.89200000	  -2073.22214842	     -0.00000000	     -0.00000000	     -0.00000000	      7.84798061	    895.97543052	     -0.00000000	      0.00000000	     -0.00000000
      0.89300000	  -2804.95752619	      0.00000000	     -0.00000000	    -78.93613209	      0.00000000	   1026.03274189	     -0.00000000	      0.00000000	      0.00000000
      0.89400000	  -7477.95275461	      0.00000000	      0.00000000	     -0.00000000	     20.17073704	   1188.95070276	     -0.00000000	     -0.00000000	      0.00000000
      0.89500000	  -2553.28445283	      0.00000000	      0.00000000	     -0.00000000	     15.11029381	    663.99910538	      0.00000000	      0.00000000	      0.00000000
      0.89600000	  -3955.73919636	      0.00000000	      0.00000000	    -68.90487286	      0.00000000	   1272.81490704	     -0.00000000	      0.00000000	     -0.00000000
      0.89700000	  -4252.60683219	     -0.00000000	      0.00000000	     -0.00000000	      0.00000000	   1069.46604671	      0.00000000	      0.00000000	      0.00000000
      0.89800000	  -5491.17928360	      0.00000000	      0.00000000	    -34.22806769	      0.75129092	   1337.00181650	      0.00000000	     -0.00000000	      0.00000000
      0.89900000	  -3472.51051306	      0.00000000	     -0.00000000	     -0.00000000	     25.25326290	    840.32779517	      0.00000000	      0.00000000	      0.00000000
      0.90000000	  -1255.89377307	      0.00000000	     -0.00000000	     -0.00000000	      6.22052598	    770.17155609	     -0.00000000	     -0.00000000	     -0.00000000
      0.90100000	  -3013.59236766	      0.00000000	     -0.00000000	    -88.81508187	      0.00000000	   1119.51322723	     -0.00000000	     -0.00000000	     -0.00000000
      0.90200000	  -4782.37577562	     -0.00000000	     -0.00000000	    -38.16138627	      0.00000000	   1394.91729867	      0.00000000	     -0.00000000	      0.00000000
      0.90300000	  -6823.19167277	     -0.00000000	      0.00000000	     -7.12285413	      0.00000000	   1259.12332592	     -0.00000000	      0.00000000	      0.00000000
      0.90400000	  -7515.04346842	     -0.00000000	      0.00000000	     -0.00000000	      0.00000000	   1104.41821439	      0.00000000	      0.00000000	     -0.00000000
      0.90500000	  -5579.30101294	     -0.00000000	      0.00000000	     -0.00000000	     11.84108518	   1091.48581444	      0.00000000	      0.00000000	      0.00000000
      0.90600000	  -4036.81505855	     -0.00000000	     -0.00000000	     -0.00000000	     14.18195416	   1385.11882814	      0.00000000	      0.00000000	     -0.00000000
      0.90700000	  -4151.57080100	      0.00000000	      0.00000000	    -19.31276255	      0.00000000	   1407.15261243	      0.00000000	      0.00000000	      0.00000000
      0.90800000	  -5156.87138997	     -0.00000000	      0.00000000	    -26.03029394	      0.00000000	   1406.53801127	     -0.00000000	     -0.00000000	     -0.00000000
      0.90900000	  -4545.26326769	     -0.00000000	     -0.00000000	     -0.00000000	     17.52819933	   1285.16396740	      0.00000000	     -0.00000000	     -0.00000000
      0.91000000	  -3586.14553464	     -0.00000000	     -0.00000000	     -0.00000000	      0.00000000	    882.22321845	     -0.00000000	      0.00000000	     -0.00000000
      0.91100000	  -2853.46209885	     -0.00000000	     -0.00000000	     -0.00000000	     17.57241476	    615.91573124	     -0.00000000	     -0.00000000	      0.00000000
      0.91200000	  -1699.73243180	      0.00000000	     -0.00000000	     -0.00000000	      4.33976164	    843.46779970	     -0.00000000	      0.00000000	      0.00000000
      0.91300000	  -3458.87411993	      0.00000000	      0.00000000	    -37.45838167	      0.00000000	    809.69826829	      0.00000000	      0.00000000	     -0.00000000
      0.91400000	  -4929.52441901	      0.00000000	     -0.00000000	     -5.14852596	      4.07584793	   1308.94294771	     -0.00000000	     -0.00000000	     -0.00000000
      0.91500000	  -3930.68789488	     -0.00000000	     -0.00000000	     -0.00000000	     28.68414495	   1237.02083198	     -0.00000000	     -0.00000000	      0.00000000
      0.91600000	  -3785.70857401	     -0.00000000	      0.00000000	    -65.17054201	      0.00000000	   1083.00210088	      0.00000000	      0.00000000	     -0.00000000
      0.91700000	  -3526.70731115	      0.00000000	      0.00000000	     -0.00000000	      8.88257414	   1204.44086163	      0.00000000	      0.00000000	     -0.00000000
      0.91800000	  -3252.51733619	      0.00000000	      0.00000000	    -27.33560294	      3.68484726	   1040.48504039	      0.00000000	      0.00000000	      0.00000000
      0.91900000	  -3901.93615533	     -0.00000000	     -0.00000000	    -20.64287315	      1.13512739	   1189.56450031	     -0.00000000	      0.00000000	     -0.00000000
      0.92000000	  -2058.40813070	     -0.00000000	      0.00000000	     -0.00000000	      2.65438991	    779.64322883	     -0.00000000	      0.00000000	      0.00000000
      0.92100000	  -5078.58198026	      0.00000000	      0.00000000	    -80.93836857	      0.00000000	   1110.76964898	     -0.00000000	      0.00000000	     -0.00000000
      0.92200000	  -6908.12801294	     -0.00000000	     -0.00000000	     -0.00000000	     29.69420599	   1243.81907949	     -0.00000000	     -0.00000000	     -0.00000000
      0.92300000	  -1805.04114807	      0.00000000	      0.00000000	     -0.00000000	     14.64285057	   1047.91589018	      0.00000000	      0.00000000	     -0.00000000
      0.92400000	  -3503.77818887	     -0.00000000	     -0.00000000	     -3.99368013	      0.00000000	   1337.60252713	      0.00000000	     -0.00000000	     -0.00000000
      0.92500000	  -3216.21259352	     -0.00000000	     -0.00000000	    -22.10068129	      0.00000000	    837.54954962	     -0.00000000	     -0.00000000	     -0.00000000
      0.92600000	  -5905.27575458	      0.00000000	     -0.00000000	    -16.09625261	      0.00000000	   1372.06773729	      0.00000000	     -0.00000000	     -0.00000000
      0.92700000	  -3051.36046169	     -0.00000000	      0.00000000	     -0.00000000	     32.80591202	   1002.65337525	     -0.00000000	     -0.00000000	     -0.00000000
      0.92800000	  -2584.21086785	      0.00000000	      0.00000000	    -91.92676746	      0.00000000	    917.93372565	      0.00000000	      0.00000000	     -0.00000000
      0.92900000	  -7067.82686741	      0.00000000	     -0.00000000	     -0.00000000	      0.00000000	   1040.71724504	      0.00000000	     -0.00000000	      0.00000000
      0.93000000	  -4558.18569778	     -0.00000000	     -0.00000000	     -0.00000000	     25.53581930	   1276.30835159	     -0.00000000	      0.00000000	      0.00000000
      0.93100000	  -3903.17639633	     -0.00000000	      0.00000000	    -38.19366775	      0.00000000	   1214.92463490	     -0.00000000	      0.00000000	     -0.00000000
      0.93200000	  -5345.61308079	     -0.00000000	     -0.00000000	     -0.00000000	      4.52630763	   1234.01795774	     -0.00000000	      0.00000000	     -0.00000000
      0.93300000	  -4067.73278117	      0.00000000	     -0.00000000	     -0.00000000	     13.97196296	    947.55591661	     -0.00000000	     -0.00000000	     -0.00000000
      0.93400000	  -2474.83700301	     -0.00000000	      0.00000000	    -28.52221201	      0.00000000	    842.69728739	     -0.00000000	      0.00000000	     -0.00000000
      0.93500000	  -5475.83254771	      0.00000000	      0.00000000	    -89.55093600	      0.00000000	   1324.53071001	      0.00000000	      0.00000000	      0.00000000
      0.93600000	  -5387.24483207	     -0.00000000	      0.00000000	     -0.00000000	     23.24967234	   1246.54789527	      0.00000000	     -0.00000000	      0.00000000
      0.93700000	  -4068.05761304	      0.00000000	     -0.00000000	    -38.74594064	      0.00000000	   1151.71816516	     -0.00000000	      0.00000000	      0.00000000
      0.93800000	  -4538.57533262	     -0.00000000	     -0.00000000	     -0.00000000	     24.95343557	   1267.98141987	     -0.00000000	      0.00000000	      0.00000000
      0.93900000	  -1262.16691965	     -0.00000000	      0.00000000	     -0.00000000	      0.00000000	    897.09899488	      0.00000000	      0.00000000	      0.00000000
      0.94000000	  -4571.63081682	      0.00000000	      0.00000000	    -36.97897267	      0.00000000	   1513.27787843	      0.00000000	     -0.00000000	     -0.00000000
      0.94100000	  -3367.11268582	     -0.00000000	     -0.00000000	     -0.00000000	      0.74302228	    842.71157686	     -0.00000000	     -0.00000000	     -0.00000000
      0.94200000	  -6317.90596117	     -0.00000000	      0.00000000	    -87.37666272	      0.00000000	   1338.28586129	      0.00000000	     -0.00000000	      0.00000000
      0.94300000	  -3881.80857078	      0.00000000	      0.00000000	     -0.00000000	     46.16897078	   1348.22969394	     -0.00000000	     -0.00000000	      0.00000000
      0.94400000	  -2020.39052332	      0.00000000	      0.00000000	     -7.81592965	      0.00000000	    852.59423020	      0.00000000	      0.00000000	      0.00000000
      0.94500000	  -3782.62236616	     -0.00000000	      0.00000000	     -0.00000000	      3.52908042	    870.47815898	      0.00000000	      0.00000000	      0.00000000
      0.94600000	  -2023.64512466	     -0.00000000	     -0.00000000	    -25.25917379	      0.00000000	    860.14234994	     -0.00000000	     -0.00000000	     -0.00000000
      0.94700000	  -6701.46807858	      0.00000000	     -0.00000000	    -34.32887159	      0.00000000	   1070.45054183	     -0.00000000	     -0.00000000	     -0.00000000
      0.94800000	  -5681.74204850	      0.00000000	     -0.00000000	     -0.00000000	     33.73438912	   1436.27909631	      0.00000000	      0.00000000	     -0.00000000
      0.94900000	  -2308.65848300	     -0.00000000	     -0.00000000	    -14.92430689	      0.00000000	   1082.97092496	      0.00000000	      0.00000000	     -0.00000000
      0.95000000	  -5118.50007223	     -0.00000000	     -0.00000000	    -36.42668333	      0.00000000	   1269.20110788	     -0.00000000	      0.00000000	     -0.00000000
      0.95100000	  -4406.53532775	      0.00000000	      0.00000000	     -0.00000000	     35.65655292	   1138.74484763	      0.00000000	      0.00000000	      0.00000000
      0.95200000	  -2052.02934076	      0.00000000	     -0.00000000	    -77.69111008	      0.00000000	    888.42942977	     -0.00000000	     -0.00000000	      0.00000000
      0.95300000	  -8000.01409113	      0.00000000	      0.00000000	    -28.40496279	      0.00000000	   1316.05213138	     -0.00000000	     -0.00000000	     -0.00000000
      0.95400000	  -3023.05380489	     -0.00000000	     -0.00000000	     -0.00000000	     45.05205338	   1288.66669030	      0.00000000	     -0.00000000	      0.00000000
      0.95500000	  -2884.43988939	     -0.00000000	     -0.00000000	    -23.23939176	      0.00000000	    772.95101137	     -0.00000000	     -0.00000000	     -0.00000000
      0.95600000	  -4409.36586925	     -0.00000000	     -0.00000000	    -21.79939853	      0.88448658	   1415.77721169	     -0.00000000	      0.00000000	     -0.00000000
      0.95700000	  -3078.49291820	      0.00000000	     -0.00000000	    -29.11526542	      0.00000000	   1405.00245624	     -0.00000000	     -0.00000000	     -0.00000000
      0.95800000	  -5149.72092995	     -0.00000000	      0.00000000	     -0.00000000	      0.00000000	   1333.72716149	      0.00000000	      0.00000000	      0.00000000
      0.95900000	  -2812.80700091	     -0.00000000	      0.00000000	     -0.00000000	     31.83061314	   1169.22090067	      0.00000000	      0.00000000	     -0.00000000
      0.96000000	  -2315.44315729	      0.00000000	     -0.00000000	     -0.43531944	      0.00000000	    952.59889411	     -0.00000000	      0.00000000	      0.00000000
      0.96100000	  -2884.26466385	     -0.00000000	      0.00000000	     -5.12238954	      0.00000000	    820.11014634	      0.00000000	      0.00000000	      0.00000000
      0.96200000	  -4814.76932713	      0.00000000	      0.00000000	    -82.56256352	      0.00000000	   1368.61801856	      0.00000000	      0.00000000	     -0.00000000
      0.96300000	  -6553.39471059	      0.00000000	     -0.00000000	     -2.07881595	      5.62709390	   1416.39516263	     -0.00000000	     -0.00000000	     -0.00000000
      0.96400000	  -5903.92882615	      0.00000000	     -0.00000000	     -0.00000000	     17.34730774	   1290.44783818	     -0.00000000	     -0.00000000	     -0.00000000
      0.96500000	  -4813.75172950	      0.00000000	     -0.00000000	     -0.00000000	      5.08349897	   1080.34958672	      0.00000000	      0.00000000	     -0.00000000
      0.96600000	  -5613.07207982	      0.00000000	     -0.00000000	    -57.15389265	      0.00000000	   1101.27709465	     -0.00000000	      0.00000000	      0.00000000
      0.96700000	  -6622.69228085	      0.00000000	      0.00000000	    -13.73148333	      9.61112682	   1316.20538315	     -0.00000000	      0.00000000	     -0.00000000
      0.96800000	  -2876.39891274	      0.00000000	     -0.00000000	     -0.00000000	     38.58916990	   1161.32630885	     -0.00000000	      0.00000000	      0.00000000
      0.96900000	  -3201.01374614	     -0.00000000	     -0.00000000	    -14.26992910	      0.00000000	    870.73025735	     -0.00000000	     -0.00000000	      0.00000000
      0.97000000	  -4930.78864330	     -0.00000000	      0.00000000	     -0.00000000	      7.13975086	   1220.08280333	      0.00000000	     -0.00000000	     -0.00000000
      0.97100000	  -3885.87199728	      0.00000000	     -0.00000000	    -30.07643735	      0.00000000	    919.33942564	     -0.00000000	     -0.00000000	      0.00000000
      0.97200000	  -5797.22305102	     -0.00000000	      0.00000000	     -0.00000000	     17.26104519	   1530.05949637	      0.00000000	     -0.00000000	     -0.00000000
      0.97300000	  -2659.75240629	     -0.00000000	     -0.00000000	     -1.30234209	      0.00000000	    805.16724236	     -0.00000000	     -0.00000000	     -0.00000000
      0.97400000	  -4292.45074576	      0.00000000	      0.00000000	    -25.88298780	      0.00000000	   1178.69555103	      0.00000000	      0.00000000	      0.00000000
      0.97500000	  -2437.23251555	      0.00000000	      0.00000000	     -0.00000000	     19.54593456	   1108.02336652	      0.00000000	      0.00000000	      0.00000000
      0.97600000	  -3823.00206262	      0.00000000	     -0.00000000	    -59.70921359	      0.00000000	   1132.88787323	     -0.00000000	     -0.00000000	      0.00000000
      0.97700000	  -4635.66254091	     -0.00000000	      0.00000000	     -1.24224511	      4.57551405	   1035.11548050	     -0.00000000	      0.00000000	      0.00000000
      0.97800000	  -2750.60472369	     -0.00000000	      0.00000000	     -0.00000000	     19.81806478	    919.98377834	      0.00000000	      0.00000000	      0.00000000
      0.97900000	  -4301.88352958	      0.00000000	     -0.00000000	   -103.57101841	      0.00000000	   1184.48183858	      0.00000000	      0.00000000	     -0.00000000
      0.98000000	  -6529.08312466	     -0.00000000	     -0.00000000	     -0.00000000	     10.09371227	   1256.88081347	      0.00000000	     -0.00000000	     -0.00000000
      0.98100000	  -3068.06910685	      0.00000000	     -0.00000000	     -0.00000000	     16.06161794	    974.14909989	      0.00000000	      0.00000000	      0.00000000
      0.98200000	  -4468.89334963	      0.00000000	     -0.00000000	    -39.06993775	      0.00000000	   1553.38888387	     -0.00000000	     -0.00000000	     -0.00000000
      0.98300000	  -2891.58992610	      0.00000000	      0.00000000	     -0.00000000	     22.14026066	   1082.74512415	     -0.00000000	      0.00000000	      0.00000000
      0.98400000	  -3272.57023412	     -0.00000000	     -0.00000000	    -75.43407050	      0.00000000	   1041.99493362	     -0.00000000	      0.00000000	     -0.00000000
      0.98500000	  -5478.21637247	      0.00000000	      0.00000000	    -55.00890259	      0.00000000	   1482.42843639	      0.00000000	     -0.00000000	      0.00000000
      0.98600000	  -6414.29257108	      0.00000000	     -0.00000000	     -0.00000000	      0.00000000	   1460.27093184	     -0.00000000	     -0.00000000	      0.00000000
      0.98700000	  -5620.26107771	      0.00000000	     -0.00000000	    -11.64870214	      7.18344724	   1208.17743287	     -0.00000000	     -0.00000000	     -0.00000000
      0.98800000	  -3853.04752425	     -0.00000000	     -0.00000000	     -0.00000000	     23.35400945	   1312.97437512	      0.00000000	      0.00000000	      0.00000000
      0.98900000	  -2956.17283780	     -0.00000000	     -0.00000000	     -0.00000000	     14.18837817	    892.89065794	     -0.00000000	      0.00000000	      0.00000000
      0.99000000	  -3054.92419625	     -0.00000000	     -0.00000000	   -105.05133908	      0.00000000	   1068.10500485	      0.00000000	      0.00000000	     -0.00000000
      0.99100000	  -5725.04030043	     -0.00000000	     -0.00000000	     -0.00000000	      6.83595186	   1152.06782311	      0.00000000	      0.00000000	     -0.00000000
      0.99200000	  -3775.28706135	     -0.00000000	     -0.00000000	    -19.71521259	      0.00000000	   1264.72992177	      0.00000000	      0.00000000	      0.00000000
      0.99300000	  -7967.10366032	     -0.00000000	     -0.00000000	     -0.00000000	      0.00000000	   1046.82605278	      0.00000000	     -0.00000000	      0.00000000
      0.99400000	  -3925.30596439	      0.00000000	     -0.00000000	     -0.00000000	     14.94411516	   1401.88065479	     -0.00000000	      0.00000000	      0.00000000
      0.99500000	  -4577.25854344	      0.00000000	     -0.00000000	     -0.00000000	     19.37384771	   1393.24389883	     -0.00000000	     -0.00000000	      0.00000000
      0.99600000	  -2555.10195455	     -0.00000000	      0.00000000	    -30.99456856	      0.00000000	    870.64563016	      0.00000000	      0.00000000	     -0.00000000
      0.99700000	  -5944.04486374	     -0.00000000	      0.00000000	     -0.00000000	      0.00000000	   1247.85761012	     -0.00000000	      0.00000000	     -0.00000000
      0.99800000	  -2709.10499793	      0.00000000	      0.00000000	     -0.00000000	     16.48043683	    898.50280203	     -0.00000000	     -0.00000000	      0.00000000
      0.99900000	  -4219.21056042	      0.00000000	      0.00000000	    -44.28148508	      0.00000000	   1553.06863220	      0.00000000	      0.00000000	      0.00000000
      1.00000000	  -1637.73016985	      0.00000000	      0.00000000	     -0.00000000	     24.80132343	   1026.31574925	     -0.00000000	      0.00000000	      0.00000000
      1.00100000	  -3067.80208914	     -0.00000000	     -0.00000000	     -9.92413787	      0.00000000	    886.13075875	     -0.00000000	     -0.00000000	      0.00000000
      1.00200000	  -5319.13629078	     -0.00000000	     -0.00000000	    -13.00058901	      3.54345005	   1275.35655740	     -0.00000000	     -0.00000000	      0.00000000
      1.00300000	  -3568.14719178	     -0.00000000	     -0.00000000	    -12.92113129	      0.00000000	   1308.88024089	     -0.00000000	      0.00000000	      0.00000000
      1.00400000	  -5524.07866880	     -0.00000000	     -0.00000000	    -17.66759203	      4.04462961	   1577.53888766	     -0.00000000	      0.00000000	     -0.00000000
      1.00500000	  -4592.70633015	     -0.00000000	      0.00000000	    -19.33808510	      0.00000000	   1451.59388618	      0.00000000	     -0.00000000	     -0.00000000
      1.00600000	  -5162.29355132	      0.00000000	      0.00000000	     -0.00000000	      0.00000000	   1514.61964433	      0.00000000	      0.00000000	     -0.00000000
      1.00700000	  -5061.39864530	     -0.00000000	     -0.00000000	     -0.00000000	     17.63438156	   1272.40687460	     -0.00000000	     -0.00000000	     -0.00000000
      1.00800000	  -3489.50098487	      0.00000000	      0.00000000	     -0.00000000	      9.24598872	    897.49000110	     -0.00000000	     -0.00000000	      0.00000000
      1.00900000	  -4098.64043034	      0.00000000	     -0.00000000	   -120.71843026	      0.00000000	   1353.67188349	      0.00000000	     -0.00000000	     -0.00000000
      1.01000000	  -6622.66123674	     -0.00000000	      0.00000000	     -0.00000000	     19.14679363	   1527.73294926	      0.00000000	      0.00000000	      0.00000000
      1.01100000	  -2759.57657590	      0.00000000	     -0.00000000	     -0.00000000	      6.86869972	   1172.19851559	     -0.00000000	     -0.00000000	     -0.00000000
      1.01200000	  -6189.27077715	     -0.00000000	      0.00000000	    -43.65968073	      0.00000000	   1135.21070603	      0.00000000	      0.00000000	      0.00000000
      1.01300000	  -2956.58893696	      0.00000000	     -0.00000000	     -0.00000000	     31.13073182	    996.79124115	      0.00000000	      0.00000000	     -0.00000000
      1.01400000	  -2943.37675774	     -0.00000000	      0.00000000	    -27.93545439	      0.00000000	   1115.15325801	      0.00000000	     -0.00000000	     -0.00000000
      1.01500000	  -3545.74533351	      0.00000000	     -0.00000000	    -15.71624335	      0.00000000	    901.44164291	     -0.00000000	     -0.00000000	      0.00000000
      1.01600000	  -4692.10814790	     -0.00000000	      0.00000000	    -56.17675175	      0.00000000	   1144.18346339	      0.00000000	     -0.00000000	      0.00000000
      1.01700000	  -6007.74627367	     -0.00000000	      0.00000000	     -0.00000000	      3.58053958	   1481.46237896	      0.00000000	      0.00000000	      0.00000000
      1.01800000	  -3611.70250439	     -0.00000000	      0.00000000	     -0.00000000	     20.48071213	   1064.22790134	      0.00000000	      0.00000000	      0.00000000
      1.01900000	  -3695.41631164	      0.00000000	      0.00000000	    -85.37056197	      0.00000000	   1352.86784762	      0.00000000	      0.00000000	      0.00000000
      1.02000000	  -6343.64170770	      0.00000000	      0.00000000	     -0.00000000	     15.64565228	   1265.53046403	      0.00000000	     -0.00000000	      0.00000000
      1.02100000	  -2286.09132289	     -0.00000000	     -0.00000000	     -0.00000000	      9.65812674	    810.82501498	     -0.00000000	      0.00000000	     -0.00000000
      1.02200000	  -5909.14902522	      0.00000000	      0.00000000	    -24.18051798	      0.00000000	   1520.95333970	      0.00000000	     -0.00000000	     -0.00000000
      1.02300000	  -2554.00855531	      0.00000000	     -0.00000000	     -0.00000000	     27.32228390	   1081.46532080	     -0.00000000	     -0.00000000	      0.00000000
      1.02400000	  -3539.05653537	     -0.00000000	      0.00000000	    -46.90073023	      0.00000000	   1068.34555138	     -0.00000000	     -0.00000000	      0.00000000
      1.02500000	  -6114.39923860	     -0.00000000	      0.00000000	     -0.00000000	     20.38171037	   1216.93075940	      0.00000000	      0.00000000	     -0.00000000
      1.02600000	  -2206.23787814	     -0.00000000	      0.00000000	    -24.94584813	      0.00000000	   1111.20945417	      0.00000000	      0.00000000	     -0.00000000
      1.02700000	  -5766.28356982	      0.00000000	      0.00000000	     -0.00000000	      0.00000000	   1327.50794717	     -0.00000000	      0.00000000	      0.00000000
      1.02800000	  -3532.76588610	     -0.00000000	      0.00000000	     -0.00000000	     17.07213964	   1090.83655536	      0.00000000	     -0.00000000	     -0.00000000
      1.02900000	  -5668.17358210	     -0.00000000	     -0.00000000	    -54.97914157	      0.00000000	   1329.47317825	     -0.00000000	     -0.00000000	     -0.00000000
      1.03000000	  -4544.41697311	      0.00000000	     -0.00000000	     -0.00000000	     14.83543484	   1463.70283057	     -0.00000000	     -0.00000000	     -0.00000000
      1.03100000	  -3053.97379173	      0.00000000	     -0.00000000	     -0.00000000	     18.79184060	   1199.92748815	     -0.00000000	     -0.00000000	      0.00000000
      1.03200000	  -2065.39686259	      0.00000000	      0.00000000	    -30.03885205	      0.00000000	    838.36682743	      0.00000000	     -0.00000000	      0.00000000
      1.03300000	  -5127.49870806	      0.00000000	      0.00000000	    -46.85511217	      0.00000000	   1315.53615748	      0.00000000	      0.00000000	     -0.00000000
      1.03400000	  -3734.23798832	     -0.00000000	      0.00000000	     -0.00000000	     13.23128460	   1216.51478627	      0.00000000	      0.00000000	     -0.00000000
      1.03500000	  -4634.88439971	     -0.00000000	      0.00000000	    -47.95064352	      0.00000000	   1230.77241910	     -0.00000000	     -0.00000000	      0.00000000
      1.03600000	  -6883.02688722	     -0.00000000	      0.00000000	    -14.18557569	      0.00000000	   1226.74564419	     -0.00000000	      0.00000000	     -0.00000000
      1.03700000	  -7159.93454003	     -0.00000000	      0.00000000	     -0.00000000	     24.01681518	   1397.62281159	      0.00000000	      0.00000000	     -0.00000000
      1.03800000	  -4153.96611757	     -0.00000000	     -0.00000000	    -15.95024705	      0.00000000	   1350.33627860	     -0.00000000	     -0.00000000	      0.00000000
      1.03900000	  -4857.59362499	     -0.00000000	     -0.00000000	     -0.00000000	     21.10588994	   1452.19884811	     -0.00000000	      0.00000000	      0.00000000
      1.04000000	  -2302.17887810	     -0.00000000	      0.00000000	     -0.00000000	      4.01705415	    955.39247451	     -0.00000000	     -0.00000000	     -0.00000000
      1.04100000	  -4822.34017396	     -0.00000000	      0.00000000	    -50.68031280	      0.00000000	   1215.94846178	      0.00000000	     -0.00000000	     -0.00000000
      1.04200000	  -6895.41225243	      0.00000000	      0.00000000	     -0.00000000	     24.80376171	   1007.64106129	     -0.00000000	      0.00000000	      0.00000000
      1.04300000	  -3111.56265787	     -0.00000000	      0.00000000	    -44.22901549	      0.00000000	   1025.49166617	      0.00000000	      0.00000000	      0.00000000
      1.04400000	  -6760.16221866	      0.00000000	      0.00000000	     -0.00000000	      0.00000000	   1237.91952926	      0.00000000	     -0.00000000	      0.00000000
      1.04500000	  -4609.71576579	     -0.00000000	      0.00000000	     -0.00000000	     21.41789304	    989.45666032	      0.00000000	      0.00000000	     -0.00000000
      1.04600000	  -5295.50191190	     -0.00000000	      0.00000000	    -15.95089997	      0.00000000	   1531.16499540	     -0.00000000	      0.00000000	      0.00000000
      1.04700000	  -2615.11913326	     -0.00000000	      0.00000000	     -0.00000000	     18.82115980	   1213.83441245	     -0.00000000	     -0.00000000	      0.00000000
      1.04800000	  -3394.23705879	     -0.00000000	      0.00000000	    -70.18201716	      0.00000000	   1353.43218147	     -0.00000000	      0.00000000	     -0.00000000
      1.04900000	  -5826.24156009	     -0.00000000	      0.00000000	     -0.00000000	     21.63722436	   1571.85112347	      0.00000000	      0.00000000	     -0.00000000
      1.05000000	  -2929.73127305	      0.00000000	     -0.00000000	     -0.00000000	     20.55512834	   1029.17184712	     -0.00000000	     -0.00000000	     -0.00000000
      1.05100000	  -4729.42559893	     -0.00000000	     -0.00000000	    -83.46227757	      0.00000000	   1422.67904560	     -0.00000000	     -0.00000000	      0.00000000
      1.05200000	  -7339.01707571	      0.00000000	     -0.00000000	     -0.00000000	     27.19614540	   1398.78740017	     -0.00000000	     -0.00000000	      0.00000000
      1.05300000	  -3077.97791394	     -0.00000000	      0.00000000	     -0.00000000	      8.22196372	   1049.38844709	      0.00000000	     -0.00000000	     -0.00000000
      1.05400000	  -5158.18764865	     -0.00000000	      0.00000000	    -35.43357221	      0.00000000	   1599.40898301	      0.00000000	      0.00000000	      0.00000000
      1.05500000	  -2734.08525571	     -0.00000000	      0.00000000	     -0.00000000	     21.31199174	   1280.75048520	      0.00000000	      0.00000000	     -0.00000000
      1.05600000	  -6224.59442268	     -0.00000000	     -0.00000000	    -91.95078143	      0.00000000	   1358.79656387	     -0.00000000	     -0.00000000	      0.00000000
      1.05700000	  -6853.50268172	     -0.00000000	      0.00000000	     -0.00000000	     20.55303164	   1232.03950160	      0.00000000	     -0.00000000	      0.00000000
      1.05800000	  -1697.91876028	      0.00000000	      0.00000000	     -0.00000000	     33.09882964	   1095.78627542	      0.00000000	      0.00000000	     -0.00000000
      1.05900000	  -4172.37332488	      0.00000000	      0.00000000	    -16.18039879	      0.00000000	   1189.50632342	     -0.00000000	      0.00000000	     -0.00000000
      1.06000000	  -4326.47043133	     -0.00000000	     -0.00000000	    -36.06824928	      0.00000000	   1204.27531946	     -0.00000000	     -0.00000000	     -0.00000000
      1.06100000	  -6013.06447935	      0.00000000	     -0.00000000	     -0.00000000	      5.87358869	   1555.09138595	      0.00000000	      0.00000000	      0.00000000
      1.06200000	  -3774.21069198	      0.00000000	     -0.00000000	    -28.71034246	      0.00000000	   1296.84181655	     -0.00000000	     -0.00000000	      0.00000000
      1.06300000	  -5878.45513405	      0.00000000	      0.00000000	     -0.00000000	      0.90079306	   1361.78107081	      0.00000000	      0.00000000	     -0.00000000
      1.06400000	  -3634.28720860	     -0.00000000	      0.00000000	     -0.00000000	     15.15861535	   1139.24071789	      0.00000000	      0.00000000	     -0.00000000
      1.06500000	  -4957.23022811	     -0.00000000	     -0.00000000	    -91.06799895	      0.00000000	   1462.80676548	      0.00000000	      0.00000000	     -0.00000000
      1.06600000	  -7019.55853828	     -0.00000000	     -0.00000000	     -0.00000000	     32.18352044	   1268.93763491	     -0.00000000	     -0.00000000	     -0.00000000
      1.06700000	  -2841.29189653	      0.00000000	      0.00000000	     -0.00000000	      6.70364784	    758.76413389	      0.00000000	     -0.00000000	     -0.00000000
      1.06800000	  -4110.11356529	     -0.00000000	      0.00000000	    -18.97368952	      6.39277720	   1106.80751491	     -0.00000000	      0.00000000	     -0.00000000
      1.06900000	  -2603.91377777	     -0.00000000	     -0.00000000	    -62.12874068	      0.00000000	   1156.97835267	      0.00000000	      0.00000000	      0.00000000
      1.07000000	  -7743.76416118	     -0.00000000	     -0.00000000	    -18.86161620	      0.00000000	   1306.45248753	      0.00000000	     -0.00000000	     -0.00000000
      1.07100000	  -2240.09861980	      0.00000000	     -0.00000000	     -0.00000000	     44.63153828	   1133.36338529	      0.00000000	     -0.00000000	     -0.00000000
      1.07200000	  -3046.85665303	     -0.00000000	      0.00000000	    -49.55505492	      0.00000000	    998.04166760	      0.00000000	     -0.00000000	     -0.00000000
      1.07300000	  -4560.61622195	      0.00000000	      0.00000000	    -53.08671038	      0.00000000	   1272.53302839	      0.00000000	      0.00000000	     -0.00000000
      1.07400000	  -5022.63505635	      0.00000000	     -0.00000000	     -0.00000000	      4.29401179	   1549.81979879	     -0.00000000	     -0.00000000	     -0.00000000
      1.07500000	  -5657.39206259	      0.00000000	      0.00000000	    -22.89612211	      0.00000000	   1199.71534344	      0.00000000	     -0.00000000	      0.00000000
      1.07600000	  -7113.37944943	     -0.00000000	     -0.00000000	     -0.00000000	     20.61868152	   1535.56759094	      0.00000000	     -0.00000000	     -0.00000000
      1.07700000	  -3029.35324307	     -0.00000000	     -0.00000000	     -0.00000000	     24.78415943	   1201.02033080	     -0.00000000	     -0.00000000	     -0.00000000
      1.07800000	  -3677.19499488	     -0.00000000	     -0.00000000	   -104.03676278	      0.00000000	   1460.48293410	      0.00000000	      0.00000000	     -0.00000000
      1.07900000	  -8199.25368632	      0.00000000	      0.00000000	     -0.00000000	     28.19205684	   1302.52236042	      0.00000000	      0.00000000	     -0.00000000
      1.08000000	  -2680.25425244	      0.00000000	     -0.00000000	    -14.24079905	      0.00000000	   1246.62908187	     -0.00000000	      0.00000000	      0.00000000
      1.08100000	  -7352.29151556	     -0.00000000	      0.00000000	     -0.00000000	      0.00000000	   1457.48063842	      0.00000000	     -0.00000000	      0.00000000
      1.08200000	  -2742.53316462	     -0.00000000	      0.00000000	     -0.00000000	     18.91906475	   1033.17916150	      0.00000000	      0.00000000	     -0.00000000
      1.08300000	  -4228.46548936	     -0.00000000	     -0.00000000	    -38.85321850	      0.00000000	   1085.61899461	      0.00000000	      0.00000000	      0.00000000
      1.08400000	  -7066.07076844	     -0.00000000	      0.00000000	    -41.66803380	      0.00000000	   1375.20120798	      0.00000000	      0.00000000	      0.00000000
      1.08500000	  -6024.29152649	     -0.00000000	      0.00000000	     -0.00000000	     19.58533892	   1456.94690403	      0.00000000	     -0.00000000	      0.00000000
      1.08600000	  -3434.53424030	     -0.00000000	     -0.00000000	     -0.00000000	      9.13087893	   1095.30262230	      0.00000000	      0.00000000	     -0.00000000
      1.08700000	  -3548.97637597	      0.00000000	     -0.00000000	    -29.06571824	      0.00000000	   1295.10716513	     -0.00000000	      0.00000000	      0.00000000
      1.08800000	  -4793.14427937	     -0.00000000	      0.00000000	    -45.13217384	      0.00000000	   1262.93098483	      0.00000000	      0.00000000	      0.00000000
      1.08900000	  -8079.67420060	      0.00000000	     -0.00000000	    -22.50745254	      0.00000000	   1309.81597035	     -0.00000000	     -0.00000000	      0.00000000
      1.09000000	  -6819.34760084	     -0.00000000	     -0.00000000	     -0.00000000	     14.86178935	   1322.83449491	      0.00000000	      0.00000000	      0.00000000
      1.09100000	  -4797.91499976	      0.00000000	      0.00000000	     -0.00000000	     24.29823035	   1500.25152549	      0.00000000	      0.00000000	      0.00000000
      1.09200000	  -2078.09586917	      0.00000000	     -0.00000000	     -0.00000000	      6.02387317	   1150.12607415	     -0.00000000	     -0.00000000	      0.00000000
      1.09300000	  -5937.65557295	      0.00000000	     -0.00000000	    -30.33060094	      0.00000000	   1090.10728462	      0.00000000	      0.00000000	     -0.00000000
      1.09400000	  -5430.95566913	      0.00000000	     -0.00000000	     -0.00000000	     19.51927709	   1245.12090366	     -0.00000000	      0.00000000	     -0.00000000
      1.09500000	  -2539.33205991	      0.00000000	      0.00000000	    -22.65548233	      0.00000000	   1017.03556154	     -0.00000000	      0.00000000	      0.00000000
      1.09600000	  -4404.35603990	      0.00000000	      0.00000000	    -12.48841767	      0.00000000	   1337.13532026	     -0.00000000	      0.00000000	      0.00000000
      1.09700000	  -2527.59395658	      0.00000000	     -0.00000000	     -0.00000000	     11.88867916	    915.47495067	      0.00000000	      0.00000000	      0.00000000
      1.09800000	  -5882.07409887	      0.00000000	      0.00000000	    -83.51789293	      0.00000000	   1272.77621070	     -0.00000000	      0.00000000	     -0.00000000
      1.09900000	  -5097.32819845	      0.00000000	      0.00000000	     -0.00000000	     35.98754879	   1413.17973214	     -0.00000000	      0.00000000	      0.00000000
      1.10000000	  -2606.18117906	      0.00000000	      0.00000000	    -62.03282852	      0.00000000	   1389.05144681	      0.00000000	      0.00000000	     -0.00000000
      1.10100000	  -7605.60815617	      0.00000000	      0.00000000	     -0.00000000	      0.00000000	   1200.54226823	     -0.00000000	     -0.00000000	      0.00000000
      1.10200000	  -3948.63530492	     -0.00000000	      0.00000000	     -0.00000000	      8.90764222	   1199.21791448	      0.00000000	      0.00000000	      0.00000000
      1.10300000	  -7537.79832949	      0.00000000	      0.00000000	    -30.03948136	      0.00000000	   1166.89257570	     -0.00000000	     -0.00000000	     -0.00000000
      1.10400000	  -4364.37564480	      0.00000000	     -0.00000000	     -0.00000000	     34.99660998	   1344.80851456	     -0.00000000	      0.00000000	      0.00000000
      1.10500000	  -3114.85591654	      0.00000000	     -0.00000000	    -24.44767661	      0.00000000	   1330.14235028	      0.00000000	     -0.00000000	     -0.00000000
      1.10600000	  -5813.63645301	      0.00000000	      0.00000000	    -16.88350183	      0.00000000	   1278.04428061	     -0.00000000	     -0.00000000	      0.00000000
      1.10700000	  -5015.19508101	     -0.00000000	      0.00000000	     -0.00000000	     11.59333044	   1220.33960170	      0.00000000	      0.00000000	      0.00000000
      1.10800000	  -3358.42637735	     -0.00000000	      0.00000000	     -0.00000000	     27.47640747	   1323.13135551	      0.00000000	      0.00000000	     -0.00000000
      1.10900000	  -1517.21260393	      0.00000000	     -0.00000000	    -72.91533289	      0.00000000	   1216.41391927	     -0.00000000	      0.00000000	      0.00000000
      1.11000000	  -6993.12351888	      0.00000000	     -0.00000000	     -0.00000000	      4.05525389	   1356.05336637	     -0.00000000	     -0.00000000	      0.00000000
      1.11100000	  -3117.33421845	     -0.00000000	     -0.00000000	     -0.00000000	     28.08831571	   1115.28131931	     -0.00000000	     -0.00000000	     -0.00000000
      1.11200000	  -3636.73668401	      0.00000000	      0.00000000	    -82.34601970	      0.00000000	   1355.74292575	     -0.00000000	     -0.00000000	      0.00000000
      1.11300000	  -7569.02421644	     -0.00000000	      0.00000000	     -0.00000000	     36.86773808	   1453.95928019	      0.00000000	      0.00000000	     -0.00000000
      1.11400000	  -2366.06462713	     -0.00000000	     -0.00000000	     -0.00000000	      0.00000000	   1086.06614377	     -0.00000000	      0.00000000	     -0.00000000
      1.11500000	  -6363.73963805	      0.00000000	      0.00000000	    -30.07889781	      0.00000000	   1458.38086095	     -0.00000000	     -0.00000000	      0.00000000
      1.11600000	  -3299.81346071	     -0.00000000	      0.00000000	     -0.00000000	     15.01350293	   1104.32373546	      0.00000000	      0.00000000	     -0.00000000
      1.11700000	  -4849.30982488	     -0.00000000	     -0.00000000	    -37.72843839	      0.00000000	   1616.09359593	     -0.00000000	     -0.00000000	      0.00000000
      1.11800000	  -4612.28325218	     -0.00000000	     -0.00000000	     -0.00000000	     21.77782740	   1213.74759986	      0.00000000	     -0.00000000	     -0.00000000
      1.11900000	  -3791.84846765	      0.00000000	      0.00000000	    -62.35613635	      0.00000000	   1178.45738618	     -0.00000000	      0.00000000	     -0.00000000
      1.12000000	  -6017.72131884	     -0.00000000	      0.00000000	     -0.00000000	      0.00000000	   1387.28727627	      0.00000000	     -0.00000000	     -0.00000000
      1.12100000	  -3127.99013183	     -0.00000000	      0.00000000	     -0.00000000	      5.51401400	   1089.50668768	      0.00000000	     -0.00000000	     -0.00000000
      1.12200000	  -6153.16502813	     -0.00000000	      0.00000000	    -78.54546482	      0.00000000	   1450.45256780	      0.00000000	      0.00000000	     -0.00000000
      1.12300000	  -4235.09415624	      0.00000000	      0.00000000	     -0.00000000	     11.13681314	   1514.47008374	     -0.00000000	     -0.00000000	      0.00000000
      1.12400000	  -7218.47723000	      0.00000000	     -0.00000000	    -44.46979819	      0.00000000	   1285.13481404	     -0.00000000	     -0.00000000	     -0.00000000
      1.12500000	  -7969.10459896	     -0.00000000	      0.00000000	     -3.62427923	     19.77697520	   1349.14183455	     -0.00000000	      0.00000000	     -0.00000000
      1.12600000	  -4156.30050968	      0.00000000	      0.00000000	     -0.00000000	      0.00000000	   1531.08429047	     -0.00000000	      0.00000000	      0.00000000
      1.12700000	  -7294.88106660	      0.00000000	      0.00000000	     -0.00000000	      9.74429491	   1279.96765172	      0.00000000	      0.00000000	      0.00000000
      1.12800000	  -4416.26873823	      0.00000000	      0.00000000	    -21.41552280	      0.00000000	   1109.67171752	      0.00000000	     -0.00000000	      0.00000000
      1.12900000	  -7858.18017537	     -0.00000000	      0.00000000	     -0.00000000	     21.64790333	   1467.20774554	      0.00000000	      0.00000000	     -0.00000000
      1.13000000	  -3287.43125814	      0.00000000	     -0.00000000	     -0.00000000	      7.53536092	   1164.73981543	      0.00000000	     -0.00000000	      0.00000000
      1.13100000	  -7025.82643485	     -0.00000000	      0.00000000	    -49.96655680	      0.00000000	   1562.04130819	      0.00000000	      0.00000000	      0.00000000
      1.13200000	  -5377.46022714	     -0.00000000	      0.00000000	     -0.00000000	     27.89924669	   1166.05192328	     -0.00000000	     -0.00000000	      0.00000000
      1.13300000	  -3199.25912750	      0.00000000	      0.00000000	    -38.79085277	      0.00000000	   1329.89873428	      0.00000000	      0.00000000	      0.00000000
      1.13400000	  -5229.67620665	     -0.00000000	     -0.00000000	     -4.47965620	      0.00000000	   1274.85074352	     -0.00000000	     -0.00000000	      0.00000000
      1.13500000	  -6755.06227017	     -0.00000000	     -0.00000000	     -0.00000000	     22.10669980	   1202.19916945	      0.00000000	      0.00000000	      0.00000000
      1.13600000	  -2345.05043911	     -0.00000000	     -0.00000000	    -14.98667048	     12.81684787	   1200.27943179	     -0.00000000	     -0.00000000	     -0.00000000
      1.13700000	  -7388.25073682	     -0.00000000	     -0.00000000	    -73.12853070	      0.00000000	   1454.91953359	     -0.00000000	     -0.00000000	     -0.00000000
      1.13800000	  -4791.59857818	      0.00000000	      0.00000000	     -0.00000000	     36.18581577	   1558.48896695	      0.00000000	      0.00000000	      0.00000000
      1.13900000	  -3715.67325338	     -0.00000000	      0.00000000	    -15.16930758	      0.00000000	   1187.53771713	      0.00000000	      0.00000000	     -0.00000000
      1.14000000	  -7458.26119672	     -0.00000000	     -0.00000000	    -37.41592996	      0.00000000	   1239.49375563	     -0.00000000	     -0.00000000	     -0.00000000
      1.14100000	  -4425.60015045	     -0.00000000	      0.00000000	     -0.00000000	     37.54195511	   1630.47433731	     -0.00000000	      0.00000000	     -0.00000000
      1.14200000	  -3235.07789910	      0.00000000	      0.00000000	    -44.68633118	      0.00000000	   1420.44773186	     -0.00000000	     -0.00000000	     -0.00000000
      1.14300000	  -4661.81972866	      0.00000000	     -0.00000000	     -0.00000000	     15.50414441	   1350.32300757	     -0.00000000	     -0.00000000	      0.00000000
      1.14400000	  -2732.75572059	      0.00000000	      0.00000000	     -0.00000000	      0.00000000	   1193.41059416	     -0.00000000	     -0.00000000	      0.00000000
      1.14500000	  -6426.97477397	     -0.00000000	     -0.00000000	    -29.42814953	      0.00000000	   1043.62709225	      0.00000000	      0.00000000	     -0.00000000
      1.14600000	  -6289.10616311	     -0.00000000	     -0.00000000	    -22.69895196	      8.27021056	   1276.08202009	      0.00000000	      0.00000000	     -0.00000000
      1.14700000	  -5112.23401830	      0.00000000	      0.00000000	     -0.00000000	     32.96132551	   1326.30535238	      0.00000000	      0.00000000	     -0.00000000
      1.14800000	  -2888.95159095	      0.00000000	      0.00000000	    -55.37759209	      0.00000000	   1076.96425466	     -0.00000000	     -0.00000000	      0.00000000
      1.14900000	  -6543.53981251	     -0.00000000	      0.00000000	    -59.06202366	      0.00000000	   1556.28104762	      0.00000000	      0.00000000	      0.00000000
      1.15000000	  -5215.17090267	      0.00000000	      0.00000000	     -0.00000000	     21.72363931	   1410.01570564	     -0.00000000	      0.00000000	      0.00000000
      1.15100000	  -6895.64225426	      0.00000000	     -0.00000000	    -66.04959790	      0.00000000	   1258.63977380	      0.00000000	      0.00000000	     -0.00000000
      1.15200000	  -6463.42470883	     -0.00000000	     -0.00000000	     -0.00000000	     20.73032400	   1455.53819416	      0.00000000	      0.00000000	      0.00000000
      1.15300000	  -4647.87038298	      0.00000000	     -0.00000000	     -6.78933988	      3.05499252	   1062.65226465	     -0.00000000	     -0.00000000	      0.00000000
      1.15400000	  -6478.42806934	      0.00000000	      0.00000000	     -0.00000000	      2.75990049	   1476.76451342	      0.00000000	     -0.00000000	      0.00000000
      1.15500000	  -3322.03171036	      0.00000000	     -0.00000000	     -0.00000000	     10.69597204	   1269.22081862	     -0.00000000	     -0.00000000	     -0.00000000
      1.15600000	  -4150.35858232	     -0.00000000	      0.00000000	    -36.14304042	      0.00000000	   1105.71048751	     -0.00000000	     -0.00000000	     -0.00000000
      1.15700000	  -4583.30132873	     -0.00000000	     -0.00000000	     -4.79153999	      0.00000000	   1515.32328133	     -0.00000000	      0.00000000	      0.00000000
      1.15800000	  -4291.88462126	     -0.00000000	      0.00000000	    -22.08063101	      0.00000000	   1485.30409994	     -0.00000000	      0.00000000	     -0.00000000
      1.15900000	  -6108.06710817	     -0.00000000	      0.00000000	    -54.38550147	      0.00000000	   1617.00071430	      0.00000000	      0.00000000	      0.00000000
      1.16000000	  -8424.27382965	     -0.00000000	      0.00000000	     -0.00000000	     10.46343580	   1210.88978578	     -0.00000000	      0.00000000	      0.00000000
      1.16100000	  -6872.51471022	      0.00000000	     -0.00000000	     -0.00000000	     15.52126022	   1351.33013140	      0.00000000	     -0.00000000	     -0.00000000
      1.16200000	  -4771.73106456	      0.00000000	      0.00000000	     -0.00000000	     13.99333960	   1254.52426120	      0.00000000	      0.00000000	      0.00000000
      1.16300000	  -3652.09939455	     -0.00000000	      0.00000000	    -44.82436857	      0.00000000	   1227.72244382	     -0.00000000	     -0.00000000	      0.00000000
      1.16400000	  -6681.11642370	      0.00000000	      0.00000000	    -81.68106936	      0.00000000	   1575.79521634	      0.00000000	      0.00000000	     -0.00000000
      1.16500000	  -7184.55743699	      0.00000000	      0.00000000	     -0.00000000	     12.15963599	   1579.22599034	      0.00000000	      0.00000000	      0.00000000
      1.16600000	  -5933.95242567	      0.00000000	     -0.00000000	     -0.00000000	     20.49310727	   1224.69676770	     -0.00000000	      0.00000000	     -0.00000000
      1.16700000	  -4547.23562883	      0.00000000	     -0.00000000	    -34.82767581	      0.00000000	   1224.38908842	     -0.00000000	      0.00000000	      0.00000000
      1.16800000	  -7897.04687639	      0.00000000	      0.00000000	    -16.98437989	      0.00000000	   1064.59049605	      0.00000000	     -0.00000000	      0.00000000
      1.16900000	  -5754.21856038	      0.00000000	     -0.00000000	     -0.00000000	     27.84241161	   1292.06059044	     -0.00000000	      0.00000000	     -0.00000000
      1.17000000	  -4280.67113978	     -0.00000000	     -0.00000000	    -45.84783996	      0.00000000	   1339.28726073	     -0.00000000	      0.00000000	     -0.00000000
      1.17100000	  -3985.18201805	      0.00000000	     -0.00000000	     -0.00000000	     33.03575124	   1564.35284135	      0.00000000	      0.00000000	      0.00000000
      1.17200000	  -2438.77904493	     -0.00000000	     -0.00000000	    -48.13022713	      0.00000000	   1202.51616533	      0.00000000	      0.00000000	     -0.00000000
      1.17300000	  -7524.53015770	      0.00000000	     -0.00000000	    -32.10494657	      0.00000000	   1377.98548046	     -0.00000000	     -0.00000000	     -0.00000000
      1.17400000	  -2897.11243821	     -0.00000000	      0.00000000	     -0.00000000	     46.94092334	   1254.03499746	      0.00000000	      0.00000000	     -0.00000000
      1.17500000	  -2808.97912218	     -0.00000000	      0.00000000	    -61.69186889	      0.00000000	   1450.44024161	      0.00000000	      0.00000000	     -0.00000000
      1.17600000	  -5464.45987419	      0.00000000	      0.00000000	     -1.42587741	      0.00000000	   1296.78020003	      0.00000000	     -0.00000000	     -0.00000000
      1.17700000	  -6333.25453887	      0.00000000	     -0.00000000	    -38.16475333	      0.00000000	   1283.13771918	     -0.00000000	     -0.00000000	     -0.00000000
      1.17800000	  -7360.69958913	     -0.00000000	      0.00000000	     -2.84631558	     21.68659789	   1473.13574163	     -0.00000000	     -0.00000000	      0.00000000
      1.17900000	  -2782.17040922	      0.00000000	      0.00000000	     -0.00000000	      9.87275463	   1365.82381530	      0.00000000	      0.00000000	     -0.00000000
      1.18000000	  -7164.52698977	     -0.00000000	      0.00000000	    -34.68846577	      0.00000000	   1157.96210024	      0.00000000	      0.00000000	      0.00000000
      1.18100000	  -5387.59608595	      0.00000000	     -0.00000000	     -0.00000000	     36.60766426	   1694.70463233	     -0.00000000	     -0.00000000	     -0.00000000
      1.18200000	  -3890.81296139	     -0.00000000	      0.00000000	     -0.00000000	      0.00000000	   1477.91526662	      0.00000000	      0.00000000	      0.00000000
      1.18300000	  -6330.56357985	      0.00000000	      0.00000000	    -27.84632318	      3.91894464	   1613.25141644	      0.00000000	      0.00000000	     -0.00000000
      1.18400000	  -3647.04762525	      0.00000000	      0.00000000	     -0.00000000	     20.78038494	   1376.09876420	      0.00000000	     -0.00000000	     -0.00000000
      1.18500000	  -3710.26243095	      0.00000000	      0.00000000	     -0.00000000	     10.58939927	   1362.36622588	      0.00000000	      0.00000000	      0.00000000
      1.18600000	  -3259.13148576	      0.00000000	      0.00000000	    -24.62844474	      0.00000000	   1267.20534741	      0.00000000	     -0.00000000	      0.00000000
      1.18700000	  -5788.68890426	     -0.00000000	     -0.00000000	     -0.00000000	      0.84049784	   1002.40416754	      0.00000000	     -0.00000000	     -0.00000000
      1.18800000	  -5189.20453650	     -0.00000000	     -0.00000000	    -65.41012482	      0.00000000	   1309.34552294	     -0.00000000	      0.00000000	      0.00000000
      1.18900000	  -8560.66532857	      0.00000000	     -0.00000000	    -26.84904926	      0.00000000	   1279.90035174	     -0.00000000	      0.00000000	     -0.00000000
      1.19000000	  -7531.76618283	      0.00000000	     -0.00000000	     -0.00000000	      2.83889226	   1480.98270912	      0.00000000	      0.00000000	      0.00000000
      1.19100000	  -8973.86635802	     -0.00000000	      0.00000000	     -0.00000000	     15.17619419	   1144.38624493	      0.00000000	      0.00000000	     -0.00000000
      1.19200000	  -3074.46736391	      0.00000000	     -0.00000000	     -0.00000000	     33.41721197	   1278.40926469	     -0.00000000	     -0.00000000	     -0.00000000
      1.19300000	  -4866.97184489	      0.00000000	      0.00000000	    -38.88352431	      0.00000000	   1239.94863178	      0.00000000	     -0.00000000	      0.00000000
      1.19400000	  -7854.56638336	      0.00000000	      0.00000000	    -25.95462383	      7.78006399	   1188.49166711	      0.00000000	     -0.00000000	      0.00000000
      1.19500000	  -5201.15502890	      0.00000000	     -0.00000000	     -0.00000000	     12.09376003	   1537.44251661	     -0.00000000	      0.00000000	      0.00000000
      1.19600000	  -5154.66305385	     -0.00000000	     -0.00000000	     -0.00000000	     18.37443468	   1064.07743128	     -0.00000000	     -0.00000000	     -0.00000000
      1.19700000	  -2396.60918231	     -0.00000000	      0.00000000	    -80.25225463	      0.00000000	   1283.88742039	      0.00000000	      0.00000000	      0.00000000
      1.19800000	  -7116.97496595	     -0.00000000	     -0.00000000	    -19.92887025	      0.00000000	   1619.01586008	      0.00000000	      0.00000000	      0.00000000
      1.19900000	  -3948.72268750	     -0.00000000	     -0.00000000	     -0.00000000	     10.25948597	   1447.16440289	     -0.00000000	     -0.00000000	      0.00000000
      1.20000000	  -7037.30982010	     -0.00000000	      0.00000000	    -30.54134780	      0.00000000	   1349.61940964	      0.00000000	      0.00000000	      0.00000000
      1.20100000	  -4985.87049931	     -0.00000000	     -0.00000000	     -7.36645413	     10.72927484	   1684.70430198	     -0.00000000	      0.00000000	     -0.00000000
      1.20200000	  -7950.74132637	      0.00000000	      0.00000000	    -44.48045595	      0.00000000	   1495.98215501	     -0.00000000	     -0.00000000	      0.00000000
      1.20300000	  -9360.30373396	      0.00000000	     -0.00000000	     -0.00000000	     39.42009152	   1090.98055212	     -0.00000000	      0.00000000	      0.00000000
      1.20400000	  -4163.41045067	     -0.00000000	     -0.00000000	    -61.50230077	      0.00000000	   1473.90999534	      0.00000000	     -0.00000000	      0.00000000
      1.20500000	  -7280.98049160	     -0.00000000	     -0.00000000	     -0.00000000	      0.00000000	   1374.08278182	      0.00000000	     -0.00000000	      0.00000000
      1.20600000	  -5427.08448653	     -0.00000000	     -0.00000000	     -0.00000000	     12.21396728	   1477.98294566	     -0.00000000	     -0.00000000	      0.00000000
      1.20700000	  -7699.31970370	     -0.00000000	      0.00000000	    -33.22994201	      0.00000000	   1528.36884716	      0.00000000	      0.00000000	     -0.00000000
      1.20800000	  -4934.50499466	      0.00000000	     -0.00000000	     -0.00000000	     35.64580928	   1390.94382315	      0.00000000	      0.00000000	      0.00000000
      1.20900000	  -3620.31492137	     -0.00000000	      0.00000000	     -0.00000000	      6.61732463	   1351.84081888	      0.00000000	     -0.00000000	     -0.00000000
      1.21000000	  -4304.58936315	      0.00000000	      0.00000000	    -52.04752488	      0.00000000	   1277.49231010	     -0.00000000	     -0.00000000	     -0.00000000
      1.21100000	  -7000.00712048	     -0.00000000	     -0.00000000	    -23.95377526	      3.55637507	   1563.75911511	     -0.00000000	     -0.00000000	     -0.00000000
      1.21200000	  -2956.18199565	     -0.00000000	      0.00000000	     -0.00000000	     20.84805889	   1398.46320872	     -0.00000000	     -0.00000000	      0.00000000
      1.21300000	  -6388.43783716	     -0.00000000	     -0.00000000	    -48.91321229	      0.00000000	   1296.19796792	      0.00000000	     -0.00000000	     -0.00000000
      1.21400000	  -5534.25468493	     -0.00000000	     -0.00000000	     -0.00000000	     16.29576939	   1633.80059488	      0.00000000	     -0.00000000	     -0.00000000
      1.21500000	  -5712.56434077	     -0.00000000	     -0.00000000	    -15.89605024	      0.00000000	   1321.32203321	     -0.00000000	     -0.00000000	     -0.00000000
      1.21600000	  -5856.34046719	     -0.00000000	     -0.00000000	     -7.91374313	     20.97614312	   1537.46061839	     -0.00000000	     -0.00000000	     -0.00000000
      1.21700000	  -4774.83604607	      0.00000000	      0.00000000	    -17.62412936	      0.00000000	   1338.25255178	      0.00000000	     -0.00000000	     -0.00000000
      1.21800000	  -7000.73364376	      0.00000000	     -0.00000000	     -0.00000000	     12.03192892	   1110.64899752	      0.00000000	      0.00000000	     -0.00000000
      1.21900000	  -3387.12289047	      0.00000000	     -0.00000000	    -17.34725921	      1.29872149	   1143.81452948	      0.00000000	     -0.00000000	     -0.00000000
      1.22000000	  -7722.52176854	      0.00000000	      0.00000000	    -10.10756441	      0.00000000	   1124.28900373	      0.00000000	      0.00000000	     -0.00000000
      1.22100000	  -4494.83849083	      0.00000000	     -0.00000000	     -0.00000000	     17.30101459	   1271.83233288	     -0.00000000	     -0.00000000	      0.00000000
      1.22200000	  -7778.06316729	     -0.00000000	     -0.00000000	    -67.27418759	      0.00000000	   1392.60219803	      0.00000000	      0.00000000	      0.00000000
      1.22300000	  -7396.80740378	     -0.00000000	     -0.00000000	     -0.00000000	     32.58730933	   1301.91829923	     -0.00000000	     -0.00000000	     -0.00000000
      1.22400000	  -3938.39009753	      0.00000000	      0.00000000	     -0.00000000	      4.91171121	   1084.91427198	     -0.00000000	      0.00000000	      0.00000000
      1.22500000	  -4662.58197167	      0.00000000	     -0.00000000	    -53.22627626	      0.00000000	   1229.75196301	     -0.00000000	      0.00000000	     -0.00000000
      1.22600000	  -5218.85305305	     -0.00000000	     -0.00000000	     -0.00000000	     18.47853292	   1593.48714758	     -0.00000000	     -0.00000000	     -0.00000000
      1.22700000	  -3298.57903846	      0.00000000	      0.00000000	    -11.23971409	      0.00000000	   1324.80570122	     -0.00000000	     -0.00000000	     -0.00000000
      1.22800000	  -7208.20035094	      0.00000000	     -0.00000000	    -25.94118435	      0.00000000	   1485.34913353	     -0.00000000	      0.00000000	     -0.00000000
      1.22900000	  -4840.14021639	      0.00000000	      0.00000000	     -0.00000000	     25.74576444	   1364.65801373	     -0.00000000	     -0.00000000	      0.00000000
      1.23000000	  -4209.84430768	     -0.00000000	     -0.00000000	    -24.90412333	      0.00000000	   1099.41409600	      0.00000000	      0.00000000	     -0.00000000
      1.23100000	  -7270.09481083	      0.00000000	     -0.00000000	    -46.26947011	      0.00000000	   1224.25870667	      0.00000000	      0.00000000	      0.00000000
      1.23200000	  -6026.24038941	      0.00000000	      0.00000000	     -0.00000000	     23.29535994	   1492.76295335	     -0.00000000	     -0.00000000	      0.00000000
      1.23300000	  -5078.19305066	      0.00000000	     -0.00000000	    -19.12981337	      4.65856739	   1375.93868153	     -0.00000000	     -0.00000000	      0.00000000
      1.23400000	  -3619.97829592	     -0.00000000	     -0.00000000	     -0.00000000	     11.91365711	   1585.98995164	     -0.00000000	      0.00000000	     -0.00000000
      1.23500000	  -4049.49443013	      0.00000000	      0.00000000	    -29.56455611	      0.00000000	   1264.93179230	      0.00000000	     -0.00000000	     -0.00000000
      1.23600000	 -10215.72444999	      0.00000000	      0.00000000	    -34.02800299	      0.00000000	   1177.22542944	     -0.00000000	     -0.00000000	      0.00000000
      1.23700000	  -7266.60632644	      0.00000000	      0.00000000	     -0.00000000	     19.08747947	   1363.45903543	     -0.00000000	     -0.00000000	     -0.00000000
      1.23800000	  -8142.03690602	     -0.00000000	      0.00000000	    -43.98581027	      0.00000000	   1442.22498736	      0.00000000	      0.00000000	      0.00000000
      1.23900000	  -8455.00557369	     -0.00000000	     -0.00000000	     -0.00000000	     12.52989486	   1326.59693409	     -0.00000000	      0.00000000	     -0.00000000
      1.24000000	  -7293.61160688	     -0.00000000	     -0.00000000	     -0.00000000	      6.26160791	   1501.20499184	     -0.00000000	     -0.00000000	     -0.00000000
      1.24100000	  -7083.54753156	      0.00000000	     -0.00000000	     -0.00000000	      0.00000000	   1128.01736256	      0.00000000	     -0.00000000	      0.00000000
      1.24200000	  -7848.39689156	     -0.00000000	     -0.00000000	    -41.60863879	      0.00000000	   1305.15593909	     -0.00000000	     -0.00000000	     -0.00000000
      1.24300000	  -7328.53724388	     -0.00000000	     -0.00000000	     -0.00000000	     22.18355888	   1265.16524688	     -0.00000000	      0.00000000	     -0.00000000
      1.24400000	  -4813.29006954	      0.00000000	      0.00000000	     -0.00000000	      9.04914550	    997.97251765	      0.00000000	      0.00000000	     -0.00000000
      1.24500000	  -6161.43002523	     -0.00000000	      0.00000000	    -19.60111301	      6.50161883	   1208.64998169	      0.00000000	      0.00000000	      0.00000000
      1.24600000	  -3992.61914662	     -0.00000000	      0.00000000	    -49.79420299	      0.00000000	   1428.03328929	      0.00000000	      0.00000000	     -0.00000000
      1.24700000	  -7677.77447445	      0.00000000	     -0.00000000	    -36.28380798	      0.00000000	   1518.10549203	      0.00000000	      0.00000000	      0.00000000
      1.24800000	  -6510.49887055	      0.00000000	     -0.00000000	     -0.00000000	     30.79466050	   1454.39997557	     -0.00000000	      0.00000000	     -0.00000000
      1.24900000	  -4858.73644072	     -0.00000000	     -0.00000000	     -8.06860709	      0.00000000	   1587.11236803	      0.00000000	     -0.00000000	      0.00000000
      1.25000000	  -4753.30373366	     -0.00000000	     -0.00000000	     -0.00000000	     14.85219827	   1474.22428239	     -0.00000000	     -0.00000000	      0.00000000
      1.25100000	  -4214.60814553	      0.00000000	      0.00000000	    -35.59412137	      0.00000000	   1466.67536547	      0.00000000	     -0.00000000	      0.00000000
      1.25200000	  -6486.12558954	      0.00000000	      0.00000000	    -40.59626459	      0.00000000	   1518.37619096	     -0.00000000	     -0.00000000	     -0.00000000
      1.25300000	  -8136.10170000	      0.00000000	     -0.00000000	     -2.39467797	      9.46856936	   1450.24726225	     -0.00000000	     -0.00000000	      0.00000000
      1.25400000	  -8229.47890666	     -0.00000000	     -0.00000000	     -3.04350256	      0.00000000	   1357.38219591	     -0.00000000	     -0.00000000	     -0.00000000
      1.25500000	  -8735.48060661	      0.00000000	     -0.00000000	    -26.20429598	      0.00000000	   1367.04561065	      0.00000000	     -0.00000000	     -0.00000000
      1.25600000	  -9003.87533275	     -0.00000000	      0.00000000	     -0.00000000	     21.82900609	   1016.43172694	     -0.00000000	     -0.00000000	     -0.00000000
      1.25700000	  -6693.15399869	     -0.00000000	     -0.00000000	    -37.34850066	      0.00000000	   1460.52115005	      0.00000000	     -0.00000000	      0.00000000
      1.25800000	  -8878.81031538	     -0.00000000	     -0.00000000	    -23.38084611	      0.00000000	   1388.31161824	     -0.00000000	     -0.00000000	     -0.00000000
      1.25900000	  -6993.34310663	     -0.00000000	     -0.00000000	     -0.00000000	     28.64757026	   1521.58381813	     -0.00000000	     -0.00000000	      0.00000000
      1.26000000	  -4975.22560350	     -0.00000000	     -0.00000000	     -0.00000000	     17.11640008	   1469.66054994	     -0.00000000	      0.00000000	      0.00000000
      1.26100000	  -4201.49545139	      0.00000000	      0.00000000	     -6.43833770	      0.00000000	   1272.95531869	      0.00000000	     -0.00000000	      0.00000000
      1.26200000	  -7393.23706752	     -0.00000000	      0.00000000	    -25.15160289	      0.00000000	   1401.32224672	      0.00000000	     -0.00000000	     -0.00000000
      1.26300000	  -4428.24226596	      0.00000000	     -0.00000000	     -0.00000000	     18.05757339	   1195.82892010	     -0.00000000	      0.00000000	      0.00000000
      1.26400000	  -4412.53403006	      0.00000000	      0.00000000	    -39.97354664	      0.00000000	   1185.00990135	      0.00000000	      0.00000000	      0.00000000
      1.26500000	  -7250.29054678	     -0.00000000	      0.00000000	     -7.02008998	      4.68977288	   1479.61066242	     -0.00000000	     -0.00000000	     -0.00000000
      1.26600000	  -4588.53508865	     -0.00000000	     -0.00000000	     -0.00000000	     25.22874550	   1203.36160531	     -0.00000000	      0.00000000	     -0.00000000
      1.26700000	  -4642.37600599	     -0.00000000	     -0.00000000	    -61.68405301	      0.00000000	   1273.75135169	      0.00000000	      0.00000000	     -0.00000000
      1.26800000	  -7198.66823009	     -0.00000000	      0.00000000	     -1.64395806	      6.98068251	   1540.01879028	      0.00000000	      0.00000000	      0.00000000
      1.26900000	  -4194.27288261	      0.00000000	     -0.00000000	     -0.00000000	      8.20924876	   1540.88139937	      0.00000000	      0.00000000	     -0.00000000
      1.27000000	  -7370.73835171	     -0.00000000	      0.00000000	     -0.00000000	      0.00000000	   1371.06936514	     -0.00000000	      0.00000000	     -0.00000000
      1.27100000	  -7312.50400209	      0.00000000	      0.00000000	     -0.00000000	     18.29156222	   1191.76248631	      0.00000000	      0.00000000	      0.00000000
      1.27200000	  -6137.72008042	      0.00000000	     -0.00000000	     -0.00000000	      0.00000000	   1483.77306793	     -0.00000000	     -0.00000000	      0.00000000
      1.27300000	  -6209.23308869	      0.00000000	      0.00000000	     -0.00000000	      3.36120166	   1250.06465013	      0.00000000	      0.00000000	      0.00000000
      1.27400000	  -5068.18915475	     -0.00000000	     -0.00000000	    -10.65846308	      0.84653678	   1517.01127876	     -0.00000000	     -0.00000000	      0.00000000
      1.27500000	  -7088.77821991	     -0.00000000	     -0.00000000	     -9.57943782	      0.00000000	   1087.20271656	     -0.00000000	     -0.00000000	      0.00000000
      1.27600000	  -7487.27016669	     -0.00000000	      0.00000000	    -14.63795456	     23.83400987	   1443.74686575	     -0.00000000	      0.00000000	      0.00000000
      1.27700000	  -4978.04555353	     -0.00000000	      0.00000000	    -27.57663720	      0.00000000	   1347.38249070	      0.00000000	      0.00000000	     -0.00000000
      1.27800000	 -10017.92408990	     -0.00000000	     -0.00000000	     -0.00000000	     13.24708601	   1068.01266370	     -0.00000000	     -0.00000000	      0.00000000
      1.27900000	  -5683.17634938	     -0.00000000	     -0.00000000	    -30.99255325	      0.00000000	   1308.64950709	     -0.00000000	     -0.00000000	      0.00000000
      1.28000000	  -8300.32890594	     -0.00000000	      0.00000000	    -28.32385145	      0.00000000	   1482.90916483	      0.00000000	      0.00000000	      0.00000000
      1.28100000	  -4002.53314585	     -0.00000000	      0.00000000	     -0.00000000	     32.88078003	   1351.50117472	      0.00000000	     -0.00000000	      0.00000000
      1.28200000	  -5640.40711533	     -0.00000000	      0.00000000	    -31.05838025	      0.00000000	   1309.84435291	      0.00000000	      0.00000000	      0.00000000
      1.28300000	  -3675.05857934	     -0.00000000	      0.00000000	     -0.00000000	     22.82330487	   1493.94673712	      0.00000000	      0.00000000	     -0.00000000
      1.28400000	  -4652.39686284	      0.00000000	      0.00000000	    -34.92854803	      0.00000000	   1435.65890542	     -0.00000000	     -0.00000000	     -0.00000000
      1.28500000	  -7585.11561198	      0.00000000	      0.00000000	    -29.58765252	      0.00000000	   1174.31001944	      0.00000000	     -0.00000000	      0.00000000
      1.28600000	  -8702.87096938	     -0.00000000	     -0.00000000	    -35.95628764	      0.00000000	   1390.04836491	     -0.00000000	     -0.00000000	     -0.00000000
      1.28700000	  -8539.57517522	     -0.00000000	      0.00000000	     -0.00000000	      8.35408370	   1401.70920468	     -0.00000000	      0.00000000	     -0.00000000
      1.28800000	  -8338.65554638	      0.00000000	      0.00000000	     -0.00000000	     26.84174656	   1105.30981904	     -0.00000000	     -0.00000000	     -0.00000000
      1.28900000	  -4790.18159569	      0.00000000	     -0.00000000	     -9.80018008	      0.00000000	   1435.24176127	     -0.00000000	     -0.00000000	      0.00000000
      1.29000000	  -7296.30825788	      0.00000000	     -0.00000000	    -16.51106479	      0.00000000	   1204.96306843	      0.00000000	      0.00000000	      0.00000000
      1.29100000	  -7071.98992295	     -0.00000000	      0.00000000	    -18.95313630	      8.12855747	   1455.40829379	      0.00000000	      0.00000000	     -0.00000000
      1.29200000	  -7075.28616036	      0.00000000	     -0.00000000	     -0.00000000	      6.53896887	   1335.42633588	      0.00000000	      0.00000000	      0.00000000
      1.29300000	  -5483.48072248	     -0.00000000	     -0.00000000	     -0.00000000	      0.00000000	   1564.24612740	     -0.00000000	     -0.00000000	      0.00000000
      1.29400000	  -7473.46732448	     -0.00000000	     -0.00000000	     -9.02336952	      2.66551911	   1110.10562048	      0.00000000	     -0.00000000	     -0.00000000
      1.29500000	  -6426.00152687	     -0.00000000	     -0.00000000	    -61.22420277	      0.00000000	   1593.20077513	     -0.00000000	     -0.00000000	     -0.00000000
      1.29600000	  -8848.88489820	      0.00000000	     -0.00000000	     -0.00000000	     28.64830044	   1378.40151187	      0.00000000	     -0.00000000	      0.00000000
      1.29700000	  -4098.52292691	     -0.00000000	      0.00000000	     -0.00000000	      5.51642583	   1260.64719046	      0.00000000	     -0.00000000	     -0.00000000
      1.29800000	  -7509.33055038	      0.00000000	     -0.00000000	    -60.41580457	      0.00000000	   1123.10454503	     -0.00000000	      0.00000000	     -0.00000000
      1.29900000	  -6439.94588621	      0.00000000	     -0.00000000	     -0.00000000	     33.83522572	   1380.35335991	     -0.00000000	     -0.00000000	     -0.00000000
      1.30000000	  -5977.96850621	     -0.00000000	     -0.00000000	    -40.99347119	      0.00000000	   1508.06026291	      0.00000000	     -0.00000000	     -0.00000000
      1.30100000	  -9490.48992373	     -0.00000000	     -0.00000000	     -0.00000000	     11.54709706	   1065.17827031	     -0.00000000	     -0.00000000	      0.00000000
      1.30200000	  -6674.49063154	      0.00000000	     -0.00000000	    -15.74976067	      6.02927486	   1371.19579343	      0.00000000	      0.00000000	     -0.00000000
      1.30300000	  -9681.73916414	     -0.00000000	      0.00000000	    -13.99737189	      0.00000000	   1209.67487344	     -0.00000000	      0.00000000	      0.00000000
      1.30400000	  -6139.00158581	     -0.00000000	     -0.00000000	     -0.00000000	     13.95595438	   1161.37701229	     -0.00000000	      0.00000000	     -0.00000000
      1.30500000	  -6440.36547846	      0.00000000	      0.00000000	    -44.45089072	      0.00000000	   1343.95042626	     -0.00000000	      0.00000000	     -0.00000000
      1.30600000	  -8384.67385175	     -0.00000000	     -0.00000000	    -34.39497007	      0.00000000	   1405.98444971	     -0.00000000	     -0.00000000	     -0.00000000
      1.30700000	  -8682.42162225	      0.00000000	     -0.00000000	    -23.46254792	      8.53037823	   1377.66333072	     -0.00000000	     -0.00000000	      0.00000000
      1.30800000	  -6319.61252347	      0.00000000	     -0.00000000	     -0.00000000	     25.94706312	   1607.58211415	     -0.00000000	     -0.00000000	     -0.00000000
      1.30900000	  -8067.41828677	     -0.00000000	     -0.00000000	    -48.66150458	      0.00000000	   1250.36014299	     -0.00000000	     -0.00000000	      0.00000000
      1.31000000	  -8027.49375095	     -0.00000000	      0.00000000	     -0.00000000	     24.02834612	   1510.41084156	      0.00000000	      0.00000000	     -0.00000000
      1.31100000	  -4830.67148437	      0.00000000	     -0.00000000	     -0.00000000	      7.13235241	   1491.27311427	     -0.00000000	     -0.00000000	      0.00000000
      1.31200000	  -6538.86271992	      0.00000000	      0.00000000	    -35.73147815	      0.00000000	   1630.86005243	      0.00000000	      0.00000000	     -0.00000000
      1.31300000	  -6495.46229098	      0.00000000	     -0.00000000	     -0.00000000	      2.47344427	   1178.86068672	     -0.00000000	      0.00000000	      0.00000000
      1.31400000	  -8280.33653147	     -0.00000000	     -0.00000000	    -44.88075925	      0.00000000	   1164.81378901	      0.00000000	     -0.00000000	      0.00000000
      1.31500000	  -3746.19033224	     -0.00000000	     -0.00000000	     -0.00000000	     33.01975679	   1575.59566968	      0.00000000	      0.00000000	      0.00000000
      1.31600000	  -5433.63867715	      0.00000000	     -0.00000000	    -29.03353804	      0.00000000	   1149.41147501	      0.00000000	     -0.00000000	     -0.00000000
      1.31700000	  -8379.89353615	     -0.00000000	     -0.00000000	    -18.14792467	      9.44809220	   1366.71350775	     -0.00000000	      0.00000000	      0.00000000
      1.31800000	  -6621.87459945	     -0.00000000	     -0.00000000	     -0.00000000	      6.95536994	   1348.48886625	     -0.00000000	      0.00000000	      0.00000000
      1.31900000	  -8962.15402037	      0.00000000	      0.00000000	    -68.84038630	      0.00000000	   1339.16644959	      0.00000000	      0.00000000	      0.00000000
      1.32000000	 -10182.49192074	      0.00000000	      0.00000000	     -0.00000000	     18.10018305	    974.22122543	     -0.00000000	     -0.00000000	     -0.00000000
      1.32100000	  -6682.36484342	     -0.00000000	     -0.00000000	     -0.00000000	     28.60158663	   1376.58179481	     -0.00000000	      0.00000000	     -0.00000000
      1.32200000	  -4277.09675516	     -0.00000000	      0.00000000	     -0.00000000	     13.56975142	   1209.23335333	      0.00000000	      0.00000000	     -0.00000000
      1.32300000	  -3781.50892562	     -0.00000000	     -0.00000000	    -84.49995075	      0.00000000	   1545.64485148	     -0.00000000	     -0.00000000	      0.00000000
      1.32400000	  -8372.14327073	      0.00000000	     -0.00000000	     -0.00000000	     17.34831423	   1047.01806067	     -0.00000000	      0.00000000	     -0.00000000
      1.32500000	  -3637.78601418	      0.00000000	     -0.00000000	    -60.79095131	      0.00000000	   1472.02540218	     -0.00000000	     -0.00000000	      0.00000000
      1.32600000	  -8079.48318739	      0.00000000	     -0.00000000	     -3.45377663	      0.00000000	   1188.30996672	     -0.00000000	     -0.00000000	      0.00000000
      1.32700000	  -8985.93205233	      0.00000000	      0.00000000	    -17.94734347	      4.86414986	   1321.28014091	     -0.00000000	      0.00000000	     -0.00000000
      1.32800000	  -8662.16228550	     -0.00000000	      0.00000000	     -0.00000000	     16.70060792	   1035.75400883	      0.00000000	      0.00000000	      0.00000000
      1.32900000	  -5232.06404945	     -0.00000000	      0.00000000	     -0.00000000	     19.62815002	   1292.07613545	     -0.00000000	     -0.00000000	     -0.00000000
      1.33000000	  -6782.93334093	      0.00000000	     -0.00000000	    -59.01658637	      0.00000000	   1384.82167266	      0.00000000	      0.00000000	     -0.00000000
      1.33100000	  -5837.90731371	     -0.00000000	      0.00000000	     -0.00000000	     23.81827124	   1621.34521722	      0.00000000	      0.00000000	     -0.00000000
      1.33200000	  -4878.30057240	      0.00000000	     -0.00000000	     -0.00000000	     15.47104211	   1375.97220512	     -0.00000000	      0.00000000	      0.00000000
      1.33300000	  -4988.59353009	      0.00000000	      0.00000000	    -61.85492935	      0.00000000	   1503.23715249	      0.00000000	      0.00000000	      0.00000000
      1.33400000	  -9342.78376805	     -0.00000000	      0.00000000	    -33.72282332	      0.00000000	    981.02176057	     -0.00000000	      0.00000000	      0.00000000
      1.33500000	  -8643.31752939	      0.00000000	     -0.00000000	    -21.24491434	     22.12109226	   1424.28642836	     -0.00000000	     -0.00000000	     -0.00000000
      1.33600000	  -8747.66491375	     -0.00000000	      0.00000000	     -0.00000000	     30.28616679	   1287.84318972	      0.00000000	     -0.00000000	     -0.00000000
      1.33700000	  -5599.79724185	     -0.00000000	     -0.00000000	     -0.00000000	      0.00000000	   1378.13736864	     -0.00000000	     -0.00000000	     -0.00000000
      1.33800000	  -7626.13404885	      0.00000000	      0.00000000	    -30.91675647	      0.00000000	   1246.73157227	      0.00000000	      0.00000000	      0.00000000
      1.33900000	  -8306.24787704	      0.00000000	     -0.00000000	     -0.00000000	      2.99732322	   1264.18752930	     -0.00000000	     -0.00000000	      0.00000000
      1.34000000	  -7085.70235067	      0.00000000	     -0.00000000	     -0.00000000	     16.38293759	   1085.57849842	      0.00000000	     -0.00000000	      0.00000000
      1.34100000	  -5259.39402993	      0.00000000	     -0.00000000	    -55.33776414	      0.00000000	   1277.84284172	      0.00000000	      0.00000000	      0.00000000
      1.34200000	  -7893.61621326	     -0.00000000	      0.00000000	    -45.68160244	      0.00000000	   1506.33156170	      0.00000000	     -0.00000000	      0.00000000
      1.34300000	  -9798.49150524	      0.00000000	      0.00000000	     -0.00000000	     19.92836732	   1074.42736168	      0.00000000	     -0.00000000	     -0.00000000
      1.34400000	  -4843.31560499	      0.00000000	     -0.00000000	     -0.00000000	     33.02199318	   1500.54810597	     -0.00000000	     -0.00000000	     -0.00000000
      1.34500000	  -5330.03636248	     -0.00000000	      0.00000000	    -41.72711195	      0.00000000	   1377.01017798	      0.00000000	      0.00000000	      0.00000000
      1.34600000	  -9774.86083848	     -0.00000000	     -0.00000000	    -15.21971486	      0.00000000	    996.05290352	      0.00000000	      0.00000000	     -0.00000000
      1.34700000	  -6570.24966189	      0.00000000	      0.00000000	     -0.00000000	     34.19359153	   1381.97831898	      0.00000000	      0.00000000	     -0.00000000
      1.34800000	  -6334.83812586	     -0.00000000	      0.00000000	    -53.44654648	      0.00000000	   1428.49326023	      0.00000000	      0.00000000	     -0.00000000
      1.34900000	  -7060.12600166	     -0.00000000	     -0.00000000	    -17.75995408	      0.00000000	   1524.18281217	      0.00000000	      0.00000000	      0.00000000
      1.35000000	  -8682.07692412	     -0.00000000	     -0.00000000	    -29.77598191	      0.00000000	   1326.26623711	      0.00000000	      0.00000000	      0.00000000
      1.35100000	  -8814.11309586	      0.00000000	     -0.00000000	     -0.00000000	     18.15002175	   1145.51555865	      0.00000000	     -0.00000000	     -0.00000000
      1.35200000	  -4926.66065472	     -0.00000000	      0.00000000	     -0.00000000	     19.34310380	   1468.38966863	      0.00000000	      0.00000000	      0.00000000
      1.35300000	  -6300.35188419	     -0.00000000	      0.00000000	    -53.79346762	      0.00000000	   1468.93852453	      0.00000000	     -0.00000000	     -0.00000000
      1.35400000	  -7834.86799612	     -0.00000000	      0.00000000	    -56.91411521	      0.00000000	   1530.93933305	     -0.00000000	     -0.00000000	      0.00000000
      1.35500000	 -10080.63697902	      0.00000000	     -0.00000000	     -0.00000000	     22.90745221	   1157.05541716	      0.00000000	      0.00000000	      0.00000000
      1.35600000	  -9556.60084555	      0.00000000	      0.00000000	    -62.05890895	      0.00000000	   1223.65869300	     -0.00000000	     -0.00000000	     -0.00000000
      1.35700000	 -10627.42828338	      0.00000000	     -0.00000000	     -0.00000000	     20.98210640	   1150.02807838	     -0.00000000	     -0.00000000	     -0.00000000
      1.35800000	  -5368.83410447	      0.00000000	     -0.00000000	     -0.00000000	     34.19379146	   1302.21968612	     -0.00000000	     -0.00000000	     -0.00000000
      1.35900000	  -4942.20105779	      0.00000000	      0.00000000	    -87.20139131	      0.00000000	   1405.06792142	      0.00000000	      0.00000000	      0.00000000
      1.36000000	  -6022.09014396	      0.00000000	     -0.00000000	     -0.00000000	     10.64063084	   1581.50979427	     -0.00000000	     -0.00000000	     -0.00000000
      1.36100000	  -6739.97202325	      0.00000000	      0.00000000	    -29.35781283	      0.00000000	   1173.76573141	      0.00000000	     -0.00000000	      0.00000000
      1.36200000	 -10236.82671233	      0.00000000	      0.00000000	    -64.73001805	      0.00000000	   1139.01799635	     -0.00000000	     -0.00000000	      0.00000000
      1.36300000	 -10801.76102241	      0.00000000	     -0.00000000	     -0.00000000	     16.34941783	    970.14213141	      0.00000000	      0.00000000	      0.00000000
      1.36400000	  -9002.45279540	     -0.00000000	     -0.00000000	     -0.00000000	     17.16443093	   1142.77707323	     -0.00000000	      0.00000000	      0.00000000
      1.36500000	  -7002.57006707	      0.00000000	      0.00000000	     -5.31152384	      5.46095637	   1438.37517829	      0.00000000	     -0.00000000	      0.00000000
      1.36600000	  -6490.41785649	     -0.00000000	      0.00000000	     -0.00000000	      9.75742568	   1540.38840751	      0.00000000	      0.00000000	     -0.00000000
      1.36700000	  -5903.42463960	      0.00000000	      0.00000000	     -0.00000000	      0.00000000	   1451.47871618	      0.00000000	      0.00000000	      0.00000000
      1.36800000	  -8047.60015557	     -0.00000000	     -0.00000000	    -11.60062695	      0.31051404	   1015.64691390	      0.00000000	      0.00000000	     -0.00000000
      1.36900000	  -4992.96635294	      0.00000000	      0.00000000	     -0.00000000	     14.39950596	   1396.27861814	     -0.00000000	     -0.00000000	     -0.00000000
      1.37000000	  -6850.36237842	      0.00000000	      0.00000000	    -28.62437388	      0.00000000	   1089.30872226	      0.00000000	      0.00000000	     -0.00000000
      1.37100000	  -8972.25006643	     -0.00000000	      0.00000000	    -48.51434705	      0.00000000	   1405.42250813	     -0.00000000	     -0.00000000	      0.00000000
      1.37200000	  -8463.04865250	     -0.00000000	      0.00000000	     -0.00000000	     37.84522721	   1369.07420488	      0.00000000	      0.00000000	      0.00000000
      1.37300000	  -7371.20932571	      0.00000000	      0.00000000	    -52.87178770	      0.00000000	   1337.41111793	     -0.00000000	      0.00000000	      0.00000000
      1.37400000	  -9360.34831977	     -0.00000000	     -0.00000000	     -0.00000000	     21.85496252	   1004.18339396	      0.00000000	      0.00000000	      0.00000000
      1.37500000	  -6133.84067458	      0.00000000	     -0.00000000	    -16.60213879	      0.00000000	   1169.42210730	     -0.00000000	      0.00000000	     -0.00000000
      1.37600000	  -9302.20855046	      0.00000000	      0.00000000	    -25.83497745	      0.00000000	   1233.49015894	     -0.00000000	     -0.00000000	     -0.00000000
      1.37700000	  -7006.04522130	     -0.00000000	     -0.00000000	     -0.00000000	     16.15602045	   1093.02967730	      0.00000000	      0.00000000	      0.00000000
      1.37800000	  -8225.53904484	      0.00000000	     -0.00000000	    -39.68849280	      0.36882932	   1151.16239385	     -0.00000000	      0.00000000	      0.00000000
      1.37900000	  -4767.54586140	      0.00000000	     -0.00000000	     -0.00000000	      7.00195844	   1452.36837834	     -0.00000000	      0.00000000	     -0.00000000
      1.38000000	  -9310.41374652	      0.00000000	     -0.00000000	    -30.19290388	      0.00000000	   1125.46267524	     -0.00000000	      0.00000000	     -0.00000000
      1.38100000	  -9555.26457924	     -0.00000000	      0.00000000	     -0.00000000	     22.63849069	   1262.91790905	     -0.00000000	     -0.00000000	      0.00000000
      1.38200000	  -7000.90262457	     -0.00000000	      0.00000000	     -0.00000000	     16.28581759	   1417.82296904	      0.00000000	     -0.00000000	      0.00000000
      1.38300000	  -5140.22020639	     -0.00000000	     -0.00000000	    -40.59271662	      0.00000000	   1565.50942361	     -0.00000000	      0.00000000	      0.00000000
      1.38400000	  -7681.38459525	      0.00000000	     -0.00000000	     -0.00000000	      8.16949532	   1354.68924347	     -0.00000000	     -0.00000000	      0.00000000
      1.38500000	  -8345.36159199	     -0.00000000	     -0.00000000	    -34.39605453	      0.00000000	   1235.84643742	     -0.00000000	     -0.00000000	     -0.00000000
      1.38600000	  -8747.82324090	     -0.00000000	      0.00000000	    -30.61328464	      0.00000000	   1359.74186416	     -0.00000000	      0.00000000	      0.00000000
      1.38700000	  -8300.56334840	     -0.00000000	      0.00000000	     -0.00000000	     11.30272400	   1395.89115629	      0.00000000	      0.00000000	      0.00000000
      1.38800000	  -8925.86850132	      0.00000000	     -0.00000000	     -0.00000000	     19.60585069	    937.92043200	     -0.00000000	     -0.00000000	     -0.00000000
      1.38900000	  -4773.38815134	     -0.00000000	     -0.00000000	    -52.03701227	      0.00000000	   1357.27014840	      0.00000000	     -0.00000000	      0.00000000
      1.39000000	 -10020.06929387	      0.00000000	     -0.00000000	    -49.34727281	      0.00000000	   1208.27831744	     -0.00000000	      0.00000000	     -0.00000000
      1.39100000	  -6951.83522846	      0.00000000	      0.00000000	     -0.00000000	     37.08221603	   1466.14385718	      0.00000000	     -0.00000000	      0.00000000
      1.39200000	  -6338.42396933	      0.00000000	     -0.00000000	    -33.25458817	      0.00000000	   1419.17867683	     -0.00000000	     -0.00000000	     -0.00000000
      1.39300000	 -10322.41767285	     -0.00000000	      0.00000000	    -47.86156186	      0.00000000	   1148.99184995	     -0.00000000	      0.00000000	      0.00000000
      1.39400000	  -7977.10353702	      0.00000000	     -0.00000000	     -0.00000000	     37.12799904	   1401.65565479	     -0.00000000	     -0.00000000	     -0.00000000
      1.39500000	  -5984.00135198	     -0.00000000	      0.00000000	    -52.43265429	      0.00000000	   1193.24770518	      0.00000000	      0.00000000	      0.00000000
      1.39600000	  -8562.19666761	      0.00000000	      0.00000000	    -78.39783418	      0.00000000	   1385.48589848	      0.00000000	     -0.00000000	     -0.00000000
      1.39700000	  -9604.67759667	      0.00000000	     -0.00000000	     -0.00000000	     17.41443191	    755.78326020	     -0.00000000	     -0.00000000	      0.00000000
      1.39800000	 -10235.29374516	      0.00000000	      0.00000000	    -50.30289093	      0.00000000	    913.76781050	      0.00000000	     -0.00000000	      0.00000000
      1.39900000	 -10877.50683379	      0.00000000	     -0.00000000	     -0.00000000	     44.61745385	   1028.99340835	     -0.00000000	     -0.00000000	     -0.00000000
      1.40000000	  -5393.24353552	     -0.00000000	      0.00000000	    -34.74886661	      0.00000000	   1350.38844510	     -0.00000000	      0.00000000	     -0.00000000
      1.40100000	  -9190.49507760	      0.00000000	      0.00000000	    -34.21808988	      0.00000000	   1280.98375780	     -0.00000000	     -0.00000000	      0.00000000
      1.40200000	  -6524.52473263	      0.00000000	     -0.00000000	     -0.00000000	      5.39724762	   1202.33647974	      0.00000000	     -0.00000000	     -0.00000000
      1.40300000	 -11399.33891054	     -0.00000000	     -0.00000000	    -46.99244157	      0.00000000	    679.16089654	      0.00000000	      0.00000000	     -0.00000000
      1.40400000	  -6448.14129688	      0.00000000	     -0.00000000	     -0.00000000	     41.83391998	   1283.86984961	     -0.00000000	     -0.00000000	      0.00000000
      1.40500000	  -6162.72620495	     -0.00000000	      0.00000000	    -75.13396909	      0.00000000	   1104.48411090	      0.00000000	      0.00000000	     -0.00000000
      1.40600000	  -9031.37596606	     -0.00000000	     -0.00000000	    -49.06562745	      0.00000000	   1299.31568284	     -0.00000000	     -0.00000000	     -0.00000000
      1.40700000	  -7272.64974955	     -0.00000000	     -0.00000000	     -0.00000000	     19.32544782	   1463.53384750	     -0.00000000	      0.00000000	      0.00000000
      1.40800000	  -6762.53434845	      0.00000000	      0.00000000	     -4.00928605	      6.62129556	   1423.60842153	      0.00000000	      0.00000000	     -0.00000000
      1.40900000	  -8019.24040724	     -0.00000000	      0.00000000	    -42.75599242	      0.00000000	   1257.79228055	     -0.00000000	      0.00000000	      0.00000000
      1.41000000	  -9392.52821730	     -0.00000000	     -0.00000000	    -33.96279122	      0.00000000	   1335.90846982	      0.00000000	     -0.00000000	      0.00000000
      1.41100000	  -9367.65694778	      0.00000000	     -0.00000000	     -0.00000000	     31.46892488	   1013.85390973	     -0.00000000	      0.00000000	      0.00000000
      1.41200000	  -6841.80711884	     -0.00000000	     -0.00000000	    -31.82284233	      5.29760977	   1216.90109444	     -0.00000000	      0.00000000	      0.00000000
      1.41300000	  -9159.91600439	      0.00000000	      0.00000000	    -58.00917586	      0.00000000	   1309.22282275	      0.00000000	      0.00000000	      0.00000000
      1.41400000	  -8163.40758150	     -0.00000000	      0.00000000	     -0.00000000	     13.46530719	   1102.26086065	     -0.00000000	      0.00000000	      0.00000000
      1.41500000	  -9798.92716686	      0.00000000	     -0.00000000	    -29.46007147	      0.00000000	   1175.15806897	      0.00000000	     -0.00000000	      0.00000000
      1.41600000	  -9641.14112558	     -0.00000000	      0.00000000	     -0.00000000	      2.83064633	   1024.59598051	     -0.00000000	      0.00000000	     -0.00000000
      1.41700000	  -6768.10996658	     -0.00000000	     -0.00000000	     -0.00000000	     27.94515285	   1333.05843720	     -0.00000000	     -0.00000000	      0.00000000
      1.41800000	  -5621.31096519	     -0.00000000	     -0.00000000	    -49.25329098	      0.00000000	   1501.57699743	      0.00000000	     -0.00000000	      0.00000000
      1.41900000	 -10306.27064476	     -0.00000000	     -0.00000000	    -16.16228627	      0.00000000	   1071.76735549	     -0.00000000	      0.00000000	     -0.00000000
      1.42000000	  -7687.02246815	      0.00000000	     -0.00000000	     -0.00000000	     22.20912423	   1391.03027417	     -0.00000000	     -0.00000000	      0.00000000
      1.42100000	  -9166.61951062	      0.00000000	     -0.00000000	     -0.00000000	      9.14014728	    995.64422409	     -0.00000000	      0.00000000	      0.00000000
      1.42200000	  -8218.70824657	     -0.00000000	      0.00000000	    -60.13616384	      0.00000000	   1333.98294940	      0.00000000	     -0.00000000	     -0.00000000
      1.42300000	 -10233.31365150	     -0.00000000	      0.00000000	     -0.00000000	     13.03579615	   1092.64985769	      0.00000000	      0.00000000	     -0.00000000
      1.42400000	  -7652.17738181	      0.00000000	     -0.00000000	    -20.22702023	      7.11500685	   1266.06838724	     -0.00000000	     -0.00000000	     -0.00000000
      1.42500000	  -9779.27984841	     -0.00000000	      0.00000000	    -46.42465987	      0.00000000	   1269.63387491	      0.00000000	      0.00000000	      0.00000000
      1.42600000	  -9277.99475917	     -0.00000000	      0.00000000	     -0.00000000	     37.79084067	    964.12814051	     -0.00000000	     -0.00000000	      0.00000000
      1.42700000	  -6062.06603384	      0.00000000	      0.00000000	    -46.66306638	      0.00000000	   1329.87710718	      0.00000000	      0.00000000	     -0.00000000
      1.42800000	  -9435.79127633	     -0.00000000	      0.00000000	    -55.65711491	      0.00000000	   1305.25056352	      0.00000000	      0.00000000	      0.00000000
      1.42900000	 -11394.30853381	      0.00000000	      0.00000000	     -0.00000000	     17.47674199	    904.86064116	     -0.00000000	     -0.00000000	     -0.00000000
      1.43000000	 -11106.77154492	      0.00000000	     -0.00000000	    -22.09025499	      0.00000000	    955.10165630	      0.00000000	     -0.00000000	      0.00000000
      1.43100000	 -10256.78842014	      0.00000000	      0.00000000	     -0.00000000	      9.41416482	    953.75515850	      0.00000000	     -0.00000000	      0.00000000
      1.43200000	  -9558.33246956	     -0.00000000	     -0.00000000	     -0.00000000	      0.00000000	   1146.50089220	     -0.00000000	      0.00000000	     -0.00000000
      1.43300000	  -8746.25631909	      0.00000000	      0.00000000	     -0.00000000	     11.40285164	    997.02354429	     -0.00000000	     -0.00000000	      0.00000000
      1.43400000	  -6607.95403628	     -0.00000000	      0.00000000	    -27.25976142	      0.00000000	   1501.49744956	     -0.00000000	     -0.00000000	      0.00000000
      1.43500000	 -11809.20086299	     -0.00000000	     -0.00000000	    -44.33563731	      0.00000000	    725.26271629	     -0.00000000	     -0.00000000	     -0.00000000
      1.43600000	  -9062.24787088	      0.00000000	     -0.00000000	     -0.00000000	     50.77979177	   1167.82344046	      0.00000000	      0.00000000	      0.00000000
      1.43700000	  -5813.22506434	     -0.00000000	      0.00000000	    -38.81481092	      0.00000000	   1472.52076115	      0.00000000	     -0.00000000	      0.00000000
      1.43800000	 -10132.80033347	      0.00000000	     -0.00000000	     -0.00000000	     17.17267967	    961.60113053	     -0.00000000	      0.00000000	      0.00000000
      1.43900000	  -6465.01295871	     -0.00000000	      0.00000000	    -25.60829524	      0.00000000	   1163.90869888	      0.00000000	     -0.00000000	      0.00000000
      1.44000000	 -10958.72877601	     -0.00000000	      0.00000000	    -52.47656491	      0.00000000	    998.05023295	      0.00000000	      0.00000000	      0.00000000
      1.44100000	  -7055.57419144	      0.00000000	     -0.00000000	     -0.00000000	     14.01899322	   1515.94964733	     -0.00000000	     -0.00000000	     -0.00000000
      1.44200000	  -7856.38978131	      0.00000000	      0.00000000	     -3.85522227	      0.00000000	   1162.16980927	      0.00000000	     -0.00000000	     -0.00000000
      1.44300000	  -9549.77845992	      0.00000000	     -0.00000000	    -55.26485916	      0.00000000	   1191.53056190	     -0.00000000	      0.00000000	     -0.00000000
      1.44400000	 -10097.69870401	      0.00000000	     -0.00000000	     -5.26381204	      4.62114554	   1202.89501937	     -0.00000000	      0.00000000	     -0.00000000
      1.44500000	  -8304.68793294	     -0.00000000	      0.00000000	     -0.00000000	     21.45534499	   1112.06998790	      0.00000000	      0.00000000	      0.00000000
      1.44600000	  -7589.52216540	     -0.00000000	      0.00000000	    -59.38518289	      0.00000000	   1266.65795350	     -0.00000000	      0.00000000	     -0.00000000
      1.44700000	  -7311.68711190	      0.00000000	     -0.00000000	     -0.00000000	     21.32026346	   1380.62852135	      0.00000000	      0.00000000	     -0.00000000
      1.44800000	  -5927.89760654	      0.00000000	      0.00000000	     -0.00000000	      5.76637466	   1241.05169900	     -0.00000000	     -0.00000000	      0.00000000
      1.44900000	  -7318.00340154	      0.00000000	      0.00000000	    -84.25566774	      0.00000000	   1450.81311439	      0.00000000	      0.00000000	     -0.00000000
      1.45000000	 -10974.41750603	     -0.00000000	     -0.00000000	     -9.94404795	      0.00000000	    901.04958294	     -0.00000000	      0.00000000	     -0.00000000
      1.45100000	 -10857.59823109	     -0.00000000	      0.00000000	    -10.06884946	      8.91445693	    826.60162072	      0.00000000	     -0.00000000	     -0.00000000
      1.45200000	 -10311.40826579	      0.00000000	     -0.00000000	     -0.00000000	     33.17217469	   1090.33489105	     -0.00000000	     -0.00000000	     -0.00000000
      1.45300000	  -6027.75694069	      0.00000000	     -0.00000000	     -0.00000000	     20.23932954	   1375.55702962	      0.00000000	     -0.00000000	     -0.00000000
      1.45400000	  -7029.06820968	      0.00000000	      0.00000000	    -61.37004629	      0.00000000	   1456.92129099	     -0.00000000	      0.00000000	     -0.00000000
      1.45500000	  -9574.40697763	     -0.00000000	     -0.00000000	    -20.40043293	      0.00000000	   1089.52294725	      0.00000000	     -0.00000000	      0.00000000
      1.45600000	  -9024.09045228	      0.00000000	      0.00000000	    -20.73585494	      0.00000000	   1347.68794752	      0.00000000	      0.00000000	      0.00000000
      1.45700000	 -10087.41688999	     -0.00000000	      0.00000000	    -12.31692808	      0.00000000	    706.48073140	      0.00000000	     -0.00000000	      0.00000000
      1.45800000	 -10870.58369893	     -0.00000000	      0.00000000	    -18.08200645	     20.22093296	   1087.26477745	     -0.00000000	      0.00000000	      0.00000000
      1.45900000	  -9543.92596108	     -0.00000000	     -0.00000000	     -0.00000000	     18.71417160	   1206.36499639	     -0.00000000	      0.00000000	      0.00000000
      1.46000000	  -7831.29557375	     -0.00000000	      0.00000000	    -23.92652132	      0.00000000	   1406.63229065	     -0.00000000	      0.00000000	     -0.00000000
      1.46100000	  -8995.99825454	     -0.00000000	      0.00000000	    -53.16503910	      0.00000000	   1370.38769150	     -0.00000000	     -0.00000000	      0.00000000
      1.46200000	  -9816.15605681	      0.00000000	     -0.00000000	    -13.44899238	      0.00000000	   1210.89384925	      0.00000000	      0.00000000	     -0.00000000
      1.46300000	 -10502.26225895	     -0.00000000	      0.00000000	     -0.00000000	     25.09572227	    978.90179862	     -0.00000000	     -0.00000000	      0.00000000
      1.46400000	  -8921.37892867	      0.00000000	     -0.00000000	     -0.00000000	     18.44884256	   1127.46037335	     -0.00000000	     -0.00000000	      0.00000000
      1.46500000	  -6486.80346506	     -0.00000000	      0.00000000	     -0.00000000	     13.50415210	   1293.43263000	      0.00000000	     -0.00000000	      0.00000000
      1.46600000	  -7085.54587024	     -0.00000000	     -0.00000000	    -64.99802661	      0.00000000	   1211.98851270	      0.00000000	      0.00000000	      0.00000000
      1.46700000	 -10247.23258176	     -0.00000000	     -0.00000000	     -0.00000000	      0.00000000	   1059.86127642	     -0.00000000	      0.00000000	     -0.00000000
      1.46800000	  -8117.33429878	      0.00000000	      0.00000000	     -0.00000000	     22.05693793	   1226.45495007	     -0.00000000	     -0.00000000	     -0.00000000
      1.46900000	  -9326.88236169	      0.00000000	      0.00000000	    -49.59512266	      0.00000000	   1166.00176111	     -0.00000000	     -0.00000000	     -0.00000000
      1.47000000	  -9813.33695221	     -0.00000000	      0.00000000	    -20.54646773	      0.00000000	    817.53199746	     -0.00000000	     -0.00000000	     -0.00000000
      1.47100000	 -10741.66584423	     -0.00000000	      0.00000000	     -0.00000000	     34.24214426	    835.07704564	     -0.00000000	      0.00000000	      0.00000000
      1.47200000	  -6741.73049642	     -0.00000000	     -0.00000000	    -25.06072860	      0.00000000	   1184.13153039	      0.00000000	     -0.00000000	     -0.00000000
      1.47300000	 -10129.86082563	     -0.00000000	      0.00000000	     -3.42569319	      0.00000000	    754.89530332	      0.00000000	      0.00000000	      0.00000000
      1.47400000	  -8997.94260949	      0.00000000	      0.00000000	    -22.18045874	     10.31245588	    960.20228050	      0.00000000	      0.00000000	      0.00000000
      1.47500000	  -9846.90620456	     -0.00000000	     -0.00000000	    -55.76571386	      0.00000000	   1233.47278339	     -0.00000000	     -0.00000000	      0.00000000
      1.47600000	  -9846.30579793	      0.00000000	      0.00000000	     -0.00000000	     24.28885191	   1044.02382887	     -0.00000000	     -0.00000000	     -0.00000000
      1.47700000	  -7902.33535479	      0.00000000	     -0.00000000	     -0.00000000	      5.27079392	   1407.85854258	      0.00000000	      0.00000000	     -0.00000000
      1.47800000	  -9147.13003456	      0.00000000	      0.00000000	     -1.59254974	      6.96219343	   1001.73564751	      0.00000000	      0.00000000	      0.00000000
      1.47900000	  -6944.66590146	      0.00000000	     -0.00000000	     -2.33008950	      9.20920277	   1411.42788119	     -0.00000000	     -0.00000000	      0.00000000
      1.48000000	  -9860.68412262	     -0.00000000	      0.00000000	    -38.55388201	      0.00000000	   1047.10964841	     -0.00000000	     -0.00000000	     -0.00000000
      1.48100000	 -10831.67407411	      0.00000000	     -0.00000000	    -24.56845504	      0.00000000	    907.60468267	      0.00000000	     -0.00000000	     -0.00000000
      1.48200000	 -11317.91079310	     -0.00000000	     -0.00000000	     -0.00000000	     21.15030697	    901.26996165	      0.00000000	     -0.00000000	     -0.00000000
      1.48300000	 -10114.34254760	      0.00000000	     -0.00000000	     -0.00000000	      0.00000000	    824.63282738	      0.00000000	      0.00000000	     -0.00000000
      1.48400000	 -10767.32846891	     -0.00000000	     -0.00000000	    -19.12472165	      0.00000000	    790.51741094	     -0.00000000	      0.00000000	     -0.00000000
      1.48500000	  -9803.63571672	     -0.00000000	      0.00000000	    -18.13907004	     10.70107855	    874.15847158	      0.00000000	     -0.00000000	      0.00000000
      1.48600000	 -10037.49869903	      0.00000000	     -0.00000000	    -14.33130748	      0.00000000	   1168.95653047	     -0.00000000	      0.00000000	      0.00000000
      1.48700000	 -11104.06932876	      0.00000000	      0.00000000	     -3.88309565	      7.24245871	    556.98662363	      0.00000000	     -0.00000000	     -0.00000000
      1.48800000	  -9013.66960811	      0.00000000	     -0.00000000	     -0.00000000	     32.90803430	   1152.78308202	      0.00000000	      0.00000000	     -0.00000000
      1.48900000	  -6027.47337715	      0.00000000	     -0.00000000	     -0.00000000	     13.19761251	   1446.90951652	      0.00000000	      0.00000000	     -0.00000000
      1.49000000	  -6314.66938607	     -0.00000000	     -0.00000000	    -84.33742987	      0.00000000	   1383.46677198	      0.00000000	     -0.00000000	      0.00000000
      1.49100000	 -10723.69535569	      0.00000000	      0.00000000	     -0.00000000	      6.92537266	   1066.80630039	     -0.00000000	      0.00000000	      0.00000000
      1.49200000	  -7556.15731638	     -0.00000000	      0.00000000	     -0.00000000	      9.07196761	   1182.21292560	      0.00000000	      0.00000000	     -0.00000000
      1.49300000	  -9178.72055627	      0.00000000	     -0.00000000	    -68.38032682	      0.00000000	   1313.65001543	     -0.00000000	     -0.00000000	     -0.00000000
      1.49400000	  -7914.91238560	     -0.00000000	     -0.00000000	     -0.00000000	     23.23985263	   1279.27723332	      0.00000000	     -0.00000000	      0.00000000
      1.49500000	 -10032.64301384	      0.00000000	     -0.00000000	    -44.26686027	      0.00000000	    786.17912656	     -0.00000000	     -0.00000000	      0.00000000
      1.49600000	 -12568.19123121	      0.00000000	     -0.00000000	     -0.00000000	     45.47401840	    693.92910519	      0.00000000	     -0.00000000	     -0.00000000
      1.49700000	  -9005.26785798	      0.00000000	      0.00000000	    -19.78285488	      0.00000000	    973.63025995	      0.00000000	     -0.00000000	      0.00000000
      1.49800000	 -13094.99738467	     -0.00000000	     -0.00000000	    -47.91027950	      0.00000000	    534.87411477	      0.00000000	      0.00000000	      0.00000000
      1.49900000	  -7702.21300607	      0.00000000	     -0.00000000	     -0.00000000	     23.81618785	   1429.78167727	     -0.00000000	     -0.00000000	      0.00000000
      1.50000000	 -10638.61707114	     -0.00000000	      0.00000000	    -68.28683822	      0.00000000	    982.14394567	     -0.00000000	      0.00000000	     -0.00000000
      1.50100000	 -11712.91290998	     -0.00000000	     -0.00000000	     -0.00000000	     28.13547746	    764.79301730	     -0.00000000	     -0.00000000	      0.00000000
      1.50200000	  -7812.85902966	      0.00000000	      0.00000000	     -0.00000000	     33.54577220	   1263.42596162	      0.00000000	      0.00000000	     -0.00000000
      1.50300000	  -8322.64379455	     -0.00000000	      0.00000000	    -64.17788778	      0.00000000	   1165.77535788	     -0.00000000	      0.00000000	     -0.00000000
      1.50400000	 -11512.73167175	     -0.00000000	      0.00000000	     -5.82287808	      3.50482683	    698.44391504	      0.00000000	     -0.00000000	     -0.00000000
      1.50500000	 -11003.72057735	      0.00000000	      0.00000000	     -0.00000000	     12.86112661	    772.96275525	      0.00000000	      0.00000000	     -0.00000000
      1.50600000	 -13291.78906405	     -0.00000000	     -0.00000000	    -57.82824045	      0.00000000	    455.85889467	     -0.00000000	      0.00000000	     -0.00000000
      1.50700000	 -11561.70046575	      0.00000000	      0.00000000	     -0.00000000	     27.22010314	    836.67457302	      0.00000000	      0.00000000	      0.00000000
      1.50800000	  -9215.55342398	      0.00000000	     -0.00000000	    -14.65913035	      0.00000000	   1007.68032653	      0.00000000	      0.00000000	     -0.00000000
      1.50900000	  -9889.07597959	     -0.00000000	     -0.00000000	    -25.34088995	     11.97416623	    985.33621487	     -0.00000000	     -0.00000000	     -0.00000000
      1.51000000	  -8396.98653033	     -0.00000000	     -0.00000000	     -0.00000000	     20.87433404	   1148.71129070	     -0.00000000	      0.00000000	     -0.00000000
      1.51100000	  -9173.60502380	     -0.00000000	      0.00000000	    -28.60777904	      0.00000000	   1002.88691228	      0.00000000	      0.00000000	      0.00000000
      1.51200000	  -9153.99524214	     -0.00000000	      0.00000000	    -17.74711699	      0.00000000	   1311.42624631	     -0.00000000	      0.00000000	      0.00000000
      1.51300000	  -9656.95283182	     -0.00000000	      0.00000000	    -31.79081254	      0.00000000	    832.69406076	     -0.00000000	     -0.00000000	     -0.00000000
      1.51400000	 -10493.75632002	     -0.00000000	      0.00000000	    -19.63777152	      8.52878769	   1080.87346063	     -0.00000000	     -0.00000000	     -0.00000000
      1.51500000	 -11375.13463404	     -0.00000000	      0.00000000	     -0.00000000	      6.03145321	    889.01323660	     -0.00000000	     -0.00000000	      0.00000000
      1.51600000	 -11203.14122355	     -0.00000000	      0.00000000	    -18.33626753	      5.07292751	    674.86366231	     -0.00000000	      0.00000000	      0.00000000
      1.51700000	  -7683.26034098	     -0.00000000	      0.00000000	     -8.41357653	     11.58053583	   1451.30877339	      0.00000000	     -0.00000000	     -0.00000000
      1.51800000	  -8587.75366747	      0.00000000	     -0.00000000	     -0.00000000	      8.38330317	   1301.33769564	      0.00000000	     -0.00000000	     -0.00000000
      1.51900000	  -7247.87432177	      0.00000000	     -0.00000000	     -0.00000000	     19.84720082	   1260.87730116	     -0.00000000	     -0.00000000	      0.00000000
      1.52000000	  -7570.01175455	     -0.00000000	     -0.00000000	    -61.21875104	      0.00000000	   1291.46706851	     -0.00000000	     -0.00000000	     -0.00000000
      1.52100000	  -9725.29088113	     -0.00000000	      0.00000000	    -64.59186421	      0.00000000	   1254.31116818	      0.00000000	      0.00000000	     -0.00000000
      1.52200000	 -12557.13267920	     -0.00000000	     -0.00000000	     -0.00000000	     28.11362674	    618.52000873	     -0.00000000	      0.00000000	     -0.00000000
      1.52300000	  -8595.84187061	      0.00000000	      0.00000000	     -0.00000000	     18.15260317	   1058.36416998	     -0.00000000	     -0.00000000	      0.00000000
      1.52400000	  -9461.43453557	     -0.00000000	      0.00000000	    -62.52483185	      0.00000000	    852.86767775	      0.00000000	      0.00000000	     -0.00000000
      1.52500000	 -12973.92897309	      0.00000000	      0.00000000	    -30.48245973	      0.00000000	    534.40473042	      0.00000000	      0.00000000	     -0.00000000
      1.52600000	 -10204.74366834	      0.00000000	     -0.00000000	     -0.00000000	     11.10333582	   1099.28654288	     -0.00000000	     -0.00000000	     -0.00000000
      1.52700000	  -9994.73313898	      0.00000000	     -0.00000000	     -0.00000000	     22.00326508	   1171.14964017	     -0.00000000	      0.00000000	     -0.00000000
      1.52800000	  -8754.53834228	      0.00000000	      0.00000000	    -13.73622535	      0.00000000	   1141.81617208	     -0.00000000	      0.00000000	      0.00000000
      1.52900000	 -10991.62630935	      0.00000000	      0.00000000	    -42.76544801	      0.00000000	    942.30694951	     -0.00000000	     -0.00000000	      0.00000000
      1.53000000	  -8312.97779802	      0.00000000	     -0.00000000	     -0.00000000	     28.19522131	   1322.24990289	      0.00000000	     -0.00000000	     -0.00000000
      1.53100000	  -7130.14483786	     -0.00000000	      0.00000000	    -17.30107237	      7.95715616	   1207.65198602	      0.00000000	      0.00000000	     -0.00000000
      1.53200000	 -10006.44570462	      0.00000000	     -0.00000000	    -83.23933616	      0.00000000	    940.93159054	      0.00000000	      0.00000000	      0.00000000
      1.53300000	 -12095.85362107	      0.00000000	      0.00000000	     -0.00000000	      0.40888732	    570.52726074	     -0.00000000	     -0.00000000	      0.00000000
      1.53400000	  -9745.11636388	     -0.00000000	      0.00000000	    -18.55543199	      7.87231606	    834.38217745	     -0.00000000	      0.00000000	      0.00000000
      1.53500000	 -11773.16100433	     -0.00000000	     -0.00000000	    -56.73771131	      0.00000000	    883.30472249	      0.00000000	      0.00000000	      0.00000000
      1.53600000	 -11082.93310595	     -0.00000000	      0.00000000	     -0.00000000	     27.17028452	    996.61085910	      0.00000000	     -0.00000000	      0.00000000
      1.53700000	 -10011.82689165	      0.00000000	      0.00000000	     -0.00000000	     17.27728209	    872.44763951	      0.00000000	     -0.00000000	      0.00000000
      1.53800000	  -8691.50344124	      0.00000000	      0.00000000	    -30.60729234	      0.00000000	   1167.82459187	     -0.00000000	      0.00000000	      0.00000000
      1.53900000	 -10018.95063149	     -0.00000000	     -0.00000000	    -72.98503572	      0.00000000	   1171.73052236	     -0.00000000	     -0.00000000	     -0.00000000
      1.54000000	 -10697.77077580	      0.00000000	     -0.00000000	     -7.60994313	      0.00000000	   1065.35228957	      0.00000000	      0.00000000	     -0.00000000
      1.54100000	 -12040.16101579	     -0.00000000	      0.00000000	     -0.00000000	     14.56003385	    318.47816060	      0.00000000	     -0.00000000	     -0.00000000
      1.54200000	 -12087.09035134	      0.00000000	      0.00000000	    -28.26971891	      0.00000000	    345.67349809	      0.00000000	      0.00000000	     -0.00000000
      1.54300000	 -13030.51784771	      0.00000000	     -0.00000000	    -26.93630455	      0.00000000	    386.22891693	      0.00000000	      0.00000000	     -0.00000000
      1.54400000	 -11024.06665256	     -0.00000000	      0.00000000	     -0.00000000	     25.05706737	    979.55693675	      0.00000000	      0.00000000	      0.00000000
      1.54500000	  -9580.55179953	     -0.00000000	      0.00000000	     -0.00000000	     10.04702771	   1070.83157576	      0.00000000	      0.00000000	      0.00000000
      1.54600000	 -11436.13044865	      0.00000000	     -0.00000000	    -40.65684611	      0.00000000	    890.96264452	     -0.00000000	      0.00000000	     -0.00000000
      1.54700000	 -13224.57326978	      0.00000000	      0.00000000	     -0.00000000	     15.98698423	    168.51427321	      0.00000000	      0.00000000	     -0.00000000
      1.54800000	  -9874.29351903	     -0.00000000	     -0.00000000	     -0.00000000	     10.36108044	    886.26432300	      0.00000000	     -0.00000000	     -0.00000000
      1.54900000	  -9620.25757736	      0.00000000	     -0.00000000	     -0.00000000	     17.20408788	    965.46148701	      0.00000000	      0.00000000	     -0.00000000
      1.55000000	  -6897.97485384	      0.00000000	     -0.00000000	    -18.35573635	      0.00000000	   1367.41652543	     -0.00000000	     -0.00000000	      0.00000000
      1.55100000	  -9923.14010523	      0.00000000	     -0.00000000	    -13.04027072	      0.00000000	    922.05825352	      0.00000000	      0.00000000	      0.00000000
      1.55200000	  -9915.53013534	     -0.00000000	     -0.00000000	    -15.25647930	      0.66523863	    960.28975665	      0.00000000	     -0.00000000	      0.00000000
      1.55300000	 -11384.35687234	     -0.00000000	      0.00000000	     -0.00000000	     11.20434743	    759.94610000	      0.00000000	      0.00000000	     -0.00000000
      1.55400000	  -7609.82812939	      0.00000000	      0.00000000	    -23.99675330	      4.03104535	   1241.97211006	     -0.00000000	      0.00000000	     -0.00000000
      1.55500000	 -10987.83544151	     -0.00000000	      0.00000000	    -68.43986339	      0.00000000	    994.39565942	      0.00000000	      0.00000000	     -0.00000000
      1.55600000	 -11369.00391110	      0.00000000	      0.00000000	     -0.00000000	     40.36236335	    753.81132747	      0.00000000	      0.00000000	      0.00000000
      1.55700000	  -8392.69659106	     -0.00000000	      0.00000000	    -44.49176802	      0.00000000	    900.45488864	     -0.00000000	      0.00000000	      0.00000000
      1.55800000	 -11687.81377297	     -0.00000000	     -0.00000000	    -48.84931323	      0.00000000	    727.81427293	      0.00000000	     -0.00000000	      0.00000000
      1.55900000	 -11199.63157116	     -0.00000000	     -0.00000000	     -0.00000000	      8.14961792	    652.35295472	     -0.00000000	     -0.00000000	      0.00000000
      1.56000000	 -10608.78683926	     -0.00000000	      0.00000000	     -0.00000000	     22.42157100	   1088.58657609	     -0.00000000	      0.00000000	     -0.00000000
      1.56100000	 -11574.96860077	      0.00000000	      0.00000000	    -15.44921284	      0.00000000	    572.52929310	      0.00000000	     -0.00000000	     -0.00000000
      1.56200000	 -12995.88864047	     -0.00000000	      0.00000000	    -37.72089431	     10.89839048	    626.96702341	      0.00000000	      0.00000000	     -0.00000000
      1.56300000	 -10517.82694167	     -0.00000000	     -0.00000000	     -3.42296118	      0.00000000	    961.86687649	     -0.00000000	     -0.00000000	     -0.00000000
      1.56400000	 -13128.19919007	     -0.00000000	     -0.00000000	     -4.18556845	     13.68228928	    283.65166621	     -0.00000000	     -0.00000000	      0.00000000
      1.56500000	  -8902.21753728	     -0.00000000	      0.00000000	     -0.00000000	     10.84629293	   1152.35329003	     -0.00000000	     -0.00000000	      0.00000000
      1.56600000	 -12248.66821856	      0.00000000	     -0.00000000	    -50.57823937	      0.00000000	    733.92597564	     -0.00000000	      0.00000000	     -0.00000000
      1.56700000	  -9699.61722951	      0.00000000	      0.00000000	     -0.00000000	     33.29245619	   1103.33527921	      0.00000000	     -0.00000000	     -0.00000000
      1.56800000	 -12620.32251934	      0.00000000	      0.00000000	    -85.23538295	      0.00000000	    574.05634697	      0.00000000	     -0.00000000	      0.00000000
      1.56900000	 -12203.99531254	      0.00000000	     -0.00000000	     -5.19856157	     11.22215493	    705.95724838	     -0.00000000	     -0.00000000	      0.00000000
      1.57000000	 -11731.92725979	      0.00000000	     -0.00000000	     -0.00000000	      5.90609538	    415.81336050	      0.00000000	      0.00000000	      0.00000000
      1.57100000	 -12982.72754097	     -0.00000000	     -0.00000000	    -13.62781104	      9.41628529	     79.01690949	      0.00000000	     -0.00000000	      0.00000000
      1.57200000	  -9358.05249185	      0.00000000	     -0.00000000	     -0.00000000	     10.17723268	   1163.79628481	     -0.00000000	     -0.00000000	     -0.00000000
      1.57300000	 -10915.97966421	     -0.00000000	     -0.00000000	    -47.54268728	      0.00000000	   1003.87940592	      0.00000000	     -0.00000000	      0.00000000
      1.57400000	  -9969.08089904	     -0.00000000	      0.00000000	     -0.00000000	     35.60434024	   1052.71539144	     -0.00000000	      0.00000000	      0.00000000
      1.57500000	  -7517.89013958	     -0.00000000	      0.00000000	    -66.54711114	      0.00000000	   1396.16181420	      0.00000000	      0.00000000	      0.00000000
