ActiveFiberForceAlongTendon
version=1
nRows=1575
nColumns=10
inDegrees=no

This analysis gathers basic information about muscles during a simulation (e.g., forces, tendon lengths, moment arms, etc).
Units are S.I. units (second, meters, Newtons, ...)
If the header above contains a line with 'inDegrees', this indicates whether rotational values are in degrees (yes) or radians (no).

endheader
time	bflh_r	bfsh_r	gasmed_r	glmax2_r	iliacus_r	recfem_r	soleus_r	tibant_r	vasmed_r
      0.00100000	     70.76808572	     23.88563437	    102.82774953	      0.00000000	      1.90944896	     47.00866767	    182.73632398	     48.68265448	    171.15468052
      0.00200000	     70.76808572	      0.00000000	    102.82774953	      0.00000000	     89.26060355	     47.00866767	    182.73632398	     11.01264445	    171.15468052
      0.00300000	     70.76808572	     23.74431935	    102.82774953	    128.63877977	      0.00000000	     47.00866767	    182.73632398	     48.68265448	    171.15468052
      0.00400000	     70.76808572	     24.36005233	    102.82774953	      0.00000000	     83.38276564	     47.00866767	    182.73632398	     11.01264445	    171.15468052
      0.00500000	     70.76808572	      0.00000000	    102.82774953	      0.00000000	     88.08353794	     47.00866767	    182.73632398	     11.01264445	    171.15468052
      0.00600000	     70.76808572	     24.34398923	    102.82774953	    129.49539083	      0.00000000	     47.00866767	    182.73632398	     11.01264445	    171.15468052
      0.00700000	     70.76808572	      0.00000000	    102.82774953	      0.00000000	     74.92007201	     13.92168627	    182.73632398	     11.01264445	    171.15468052
      0.00800000	     70.76808572	     24.31907044	    102.82774953	      0.00000000	     83.90462164	     47.00866767	    182.73632398	     48.68265448	    171.15468052
      0.00900000	     70.76808572	      0.00000000	    102.82774953	    128.21965134	      0.00000000	     47.00866767	    182.73632398	     11.01264445	    171.15468052
      0.01000000	     70.76808572	      1.58905117	    102.82774953	      0.00000000	     85.66826335	     47.00866767	    182.73632398	     11.01264445	    171.15468052
      0.01100000	     70.76808572	     24.36264776	    102.82774953	    127.23649313	      0.00000000	     47.00866767	    182.73632398	     48.68265448	    171.15468052
      0.01200000	     70.76808572	     22.06242452	    102.82774953	    122.17335021	      0.00000000	     47.00866767	    182.73632398	     48.68265448	    171.15468052
      0.01300000	     70.76808572	     23.45204279	    102.82774953	      0.00000000	     86.70015204	     47.00866767	    182.73632398	     11.01264445	    171.15468052
      0.01400000	     70.76808572	      0.00000000	    102.82774953	    129.36775669	      0.00000000	     47.00866767	    182.73632398	     11.01264445	    171.15468052
      0.01500000	     70.76808572	     24.35078120	    102.82774953	      0.00000000	     76.35277167	     47.00866767	    182.73632398	     11.01264445	    171.15468052
      0.01600000	     70.76808572	     12.46648543	    102.82774953	      7.96910751	      0.00000000	     47.00866767	    182.73632398	     11.01264445	    171.15468052
      0.01700000	     70.76808572	      0.00000000	    102.82774953	      0.00000000	     81.33229991	     13.92168627	    182.73632398	     11.01264445	    171.15468052
      0.01800000	     70.76808572	      0.00000000	    102.82774953	    125.73069499	     93.24405174	     47.00866767	    182.73632398	     48.68265448	    171.15468052
      0.01900000	     70.76808572	      0.00000000	    102.82774953	    124.66257032	      0.00000000	     47.00866767	    182.73632398	     11.01264445	    171.15468052
      0.02000000	     70.76808572	     24.28611735	    102.82774953	      0.00000000	     77.58493627	     47.00866767	    182.73632398	     11.15604989	    171.15468052
      0.02100000	     70.76808572	     21.66129129	    102.82774953	    129.62472158	      0.00000000	     47.00866767	    182.73632398	     11.01264445	    171.15468052
      0.02200000	     70.76808572	      0.00000000	    102.82774953	      0.00000000	     73.82499567	     47.00866767	    182.73632398	     11.01264445	    171.15468052
      0.02300000	     70.76808572	      0.40837992	    102.82774953	      0.00000000	     89.07849360	     47.00866767	    182.73632398	     11.01264445	    171.15468052
      0.02400000	     70.76808572	     24.12927981	    102.82774953	    129.85626507	      0.00000000	     47.00866767	    182.73632398	     11.01264445	    171.15468052
      0.02500000	     70.76808572	      0.86826661	    102.82774953	      0.00000000	     81.07138660	     47.00866767	    182.73632398	     11.01264445	    171.15468052
      0.02600000	     70.76808572	      0.00000000	    102.82774953	      0.00000000	     28.50203140	     47.00866767	    182.73632398	     11.01264445	    171.15468052
      0.02700000	     70.76808572	     24.30834655	    102.82774953	    129.33964461	      0.00000000	     47.00866767	    182.73632398	     11.01264445	    171.15468052
      0.02800000	     70.76808572	      0.00000000	    102.82774953	      0.00000000	     89.69492182	     47.00866767	    182.73632398	     11.01264445	    171.15468052
      0.02900000	     70.76808572	      0.00000000	    102.82774953	    128.57417346	      0.00000000	     47.00866767	    182.73632398	     11.01264445	    171.15468052
      0.03000000	     70.76808572	     24.27667811	    102.82774953	      0.00000000	     72.52185836	     47.00866767	    182.73632398	     11.01264445	    171.15468052
      0.03100000	     70.76808572	      0.00000000	    102.82774953	      0.00000000	     90.81551850	     47.00866767	    182.73632398	     11.01264445	    171.15468052
      0.03200000	     70.76808572	      0.00000000	    102.82774953	    128.68382507	      0.00000000	     47.00866767	    182.73632398	     45.52915107	    171.15468052
      0.03300000	     70.76808572	     23.90212497	    102.82774953	    129.86652324	      0.00000000	     47.00866767	    182.73632398	     11.01264445	    171.15468052
      0.03400000	     70.76808572	     24.32754861	    102.82774953	      0.00000000	     83.01861792	     47.00866767	    182.73632398	     48.68265448	    171.15468052
      0.03500000	     70.76808572	      0.00000000	    102.82774953	    127.36040153	      0.00000000	     47.00866767	    182.73632398	     11.01264445	    171.15468052
      0.03600000	     70.76808572	     23.79457357	    102.82774953	    128.14152652	      0.00000000	     47.00866767	    182.73632398	     48.68265448	    171.15468052
      0.03700000	     70.76808572	     24.36322818	    102.82774953	      0.00000000	     79.27158225	     13.92168627	    182.73632398	     11.01264445	    171.15468052
      0.03800000	     70.76808572	      0.00000000	    102.82774953	      0.00000000	     86.07511860	     47.00866767	    182.73632398	     48.68265448	    171.15468052
      0.03900000	     70.76808572	     24.08717260	    102.82774953	    129.54611386	      0.00000000	     47.00866767	    182.73632398	     48.68265448	    171.15468052
      0.04000000	     70.76808572	      0.00000000	    102.82774953	    126.27175140	      0.00000000	     47.00866767	    182.73632398	     48.68265448	    171.15468052
      0.04100000	     70.76808572	     24.32214796	    102.82774953	    115.27501267	      0.00000000	     47.00866767	    182.73632398	     11.01264445	    171.15468052
      0.04200000	     70.76808572	      8.83025455	    102.82774953	      0.00000000	     81.22517835	     47.00866767	    182.73632398	     11.01264445	    171.15468052
      0.04300000	     70.76808572	     24.33347968	    102.82774953	      0.00000000	     93.60512937	     47.00866767	    182.73632398	     11.01264445	    171.15468052
      0.04400000	     70.76808572	      3.06196988	    102.82774953	    129.85491884	      0.00000000	     47.00866767	    182.73632398	     11.01264445	    171.15468052
      0.04500000	     70.76808572	      0.00000000	    102.82774953	      0.00000000	     83.43882571	     47.00866767	    182.73632398	     11.01264445	    171.15468052
      0.04600000	     70.76808572	     24.34417843	    102.82774953	    127.18649218	     76.43289795	     47.00866767	    182.73632398	     11.01264445	    171.15468052
      0.04700000	     70.76808572	     10.93659764	    102.82774953	    129.80306101	      0.00000000	     47.00866767	    182.73632398	     11.01264445	    171.15468052
      0.04800000	     70.76808572	      0.00000000	    102.82774953	      0.00000000	     80.92639680	     47.00866767	    182.73632398	     48.68265448	    171.15468052
      0.04900000	     70.76808572	      1.34694219	    102.82774953	    129.66643630	      0.00000000	     47.00866767	    182.73632398	     48.68265448	    171.15468052
      0.05000000	     70.76808572	      0.00000000	    102.82774953	    126.49690488	      0.00000000	     47.00866767	    182.73632398	     11.01264445	    171.15468052
      0.05100000	     70.76808572	      0.00000000	    102.82774953	      0.00000000	     85.56899618	     47.00866767	    182.73632398	     48.68265448	    171.15468052
      0.05200000	     70.76808572	     24.28066836	    102.82774953	     19.56939133	     88.08741191	     47.00866767	    182.73632398	     48.68265448	    171.15468052
      0.05300000	     70.76808572	      0.00000000	    102.82774953	    128.88580824	      0.00000000	     47.00866767	    182.73632398	     11.01264445	    171.15468052
      0.05400000	     70.76808572	     23.72925389	    102.82774953	      0.00000000	     86.34673714	     47.00866767	    182.73632398	     48.68265448	    171.15468052
      0.05500000	     70.76808572	      0.00000000	    102.82774953	    128.06205765	      0.00000000	     47.00866767	    182.73632398	     11.01264445	    171.15468052
      0.05600000	     70.76808572	     24.35351657	    102.82774953	    129.82336680	      0.00000000	     45.46989133	    182.73632398	     11.01264445	    171.15468052
      0.05700000	     70.76808572	      0.00000000	    102.82774953	      0.00000000	     79.74116864	     47.00866767	    182.73632398	     11.01264445	    171.15468052
      0.05800000	     70.76808572	      0.00000000	    102.82774953	      0.00000000	     83.50895681	     47.00866767	    182.73632398	     11.01264445	    171.15468052
      0.05900000	     70.76808572	     22.82543931	    102.82774953	      0.00000214	     85.72074797	     47.00866767	    182.73632398	     11.01264445	    171.15468052
      0.06000000	     70.76808572	      0.00000000	    102.82774953	      0.00000000	     87.45189845	     47.00866767	    182.73632398	     48.68265448	    171.15468052
      0.06100000	     70.76808572	     24.25031979	    102.82774953	      0.00000000	     89.84874432	     47.00866767	    182.73632398	     11.01264445	    171.15468052
      0.06200000	     70.76808572	      0.00000000	    102.82774953	    108.79712261	     94.68043970	     47.00866767	    182.73632398	     11.01264445	    171.15468052
      0.06300000	     70.76808572	     24.30589789	    102.82774953	    121.65942726	      0.00000000	     47.00866767	    182.73632398	     48.68265448	    171.15468052
      0.06400000	     70.76808572	      0.00000000	    102.82774953	    129.29347547	      0.00000000	     47.00866767	    182.73632398	     11.01264445	    171.15468052
      0.06500000	     70.76808572	      0.00452785	    102.82774953	    129.44830706	      0.00000000	     47.00866767	    182.73632398	     11.01264445	    171.15468052
      0.06600000	     70.76808572	     22.28245051	    102.82774953	      0.00000000	     80.06087642	     13.92168627	    182.73632398	     11.01264445	    171.15468052
      0.06700000	     70.76808572	     24.33867846	    102.82774953	    129.34925162	      1.85371997	     47.00866767	    182.73632398	     11.01264445	    171.15468052
      0.06800000	     70.76808572	      0.00000000	    102.82774953	    124.81617941	      0.00000000	     47.00866767	    182.73632398	     11.01264445	    171.15468052
      0.06900000	     70.76808572	     24.16390749	    102.82774953	      0.00000000	     80.75499643	     47.00866767	    182.73632398	     11.01264445	    171.15468052
      0.07000000	     70.76808572	      0.00000000	    102.82774953	    123.26471582	      0.00000000	     47.00866767	    182.73632398	     48.68265448	    171.15468052
      0.07100000	     70.76808572	      0.00000000	    102.82774953	      0.00000000	     78.17001310	     47.00866767	    182.73632398	     11.01264445	    171.15468052
      0.07200000	     70.76808572	     24.24644069	    102.82774953	    129.85860198	      0.00000000	     47.00866767	    182.73632398	     14.57435797	    171.15468052
      0.07300000	     70.76808572	     24.33123671	    102.82774953	      0.00000000	     82.38171588	     47.00866767	    182.73632398	     48.68265448	    171.15468052
      0.07400000	     70.76808572	      0.00000000	    102.82774953	    124.97840741	      0.00000000	     47.00866767	    182.73632398	     11.01264445	    171.15468052
      0.07500000	     70.76808572	      0.00000000	    102.82774953	    127.54482569	      0.00000000	     47.00866767	    182.73632398	     11.01264445	    171.15468052
      0.07600000	     70.76808572	     24.27043391	    102.82774953	      0.00000000	     79.19307831	     47.00866767	    182.73632398	     48.68265448	    171.15468052
      0.07700000	     70.76808572	      0.00000000	    102.82774953	      0.00000000	     89.93090765	     47.00866767	    182.73632398	     48.68265448	    171.15468052
      0.07800000	     70.76808572	     24.21984478	    102.82774953	    129.15448368	      0.00000000	     47.00866767	    182.73632398	     11.01264445	    171.15468052
      0.07900000	     70.76808572	     24.34488210	    102.82774953	    126.29539229	      0.00000000	     47.00866767	    182.73632398	     48.68265448	    171.15468052
      0.08000000	     70.76808572	      0.00000000	    102.82774953	    123.86617421	      0.00000000	     47.00866767	    182.73632398	     48.68265448	    171.15468052
      0.08100000	     70.76808572	      0.00000000	    102.82774953	      0.00000000	     80.75299108	     47.00866767	    182.73632398	     11.01264445	    171.15468052
      0.08200000	     70.76808572	     23.74631895	    102.82774953	    126.23018391	      0.00000000	     47.00866767	    182.73632398	     48.68265448	    171.15468052
      0.08300000	     70.76808572	     24.35041081	    102.82774953	      0.00000000	     82.60781207	     47.00866767	    182.73632398	     11.01264445	    171.15468052
      0.08400000	     70.76808572	      0.00000000	    102.82774953	    120.52758932	      0.00000000	     47.00866767	    182.73632398	     48.68265448	    171.15468052
      0.08500000	     70.76808572	      0.00000000	    102.82774953	    128.28281198	      0.00000000	     47.00866767	    182.73632398	     11.01264445	    171.15468052
      0.08600000	     70.76808572	     24.36086657	    102.82774953	      0.00000000	     89.68358689	     47.00866767	    182.73632398	     11.01264445	    171.15468052
      0.08700000	     70.76808572	      0.00000000	    102.82774953	    129.06772135	      0.00000000	     47.00866767	    182.73632398	     11.01264445	    171.15468052
      0.08800000	     70.76808572	     24.32532256	    102.82774953	      6.38213672	     85.32082082	     47.00866767	    182.73632398	     11.01264445	    171.15468052
      0.08900000	     70.76808572	      0.00000000	    102.82774953	    129.50031764	     79.59801398	     47.00866767	    182.73632398	     11.01264445	    171.15468052
      0.09000000	     70.76808572	     24.03658884	    102.82774953	      0.00000000	     88.95061535	     47.00866767	    182.73632398	     11.01264445	    171.15468052
      0.09100000	     70.76808572	      0.00000000	    102.82774953	    127.48162622	      0.00000000	     47.00866767	    182.73632398	     11.01264445	    171.15468052
      0.09200000	     70.76808572	      0.00000000	    102.82774953	    129.49634297	      0.00000000	     47.00866767	    182.73632398	     48.68265448	    171.15468052
      0.09300000	     70.76808572	     24.15230068	    102.82774953	      0.00000000	     89.80763732	     47.00866767	    182.73632398	     11.01264445	    171.15468052
      0.09400000	     70.76808572	      6.82658251	    102.82774953	    128.09369871	      0.00000000	     47.00866767	    182.73632398	     48.68265448	    171.15468052
      0.09500000	     70.76808572	     23.88670756	    102.82774953	     21.05264972	      0.00000000	     47.00866767	    182.73632398	     11.01264445	    171.15468052
      0.09600000	     70.76808572	      0.00000000	    102.82774953	      0.00000000	     84.94633126	     47.00866767	    182.73632398	     48.68265448	    171.15468052
      0.09700000	     70.76808572	     24.19023781	    102.82774953	      5.73794325	     73.53249342	     47.00866767	    182.73632398	     11.01264445	    171.15468052
      0.09800000	     70.76808572	     24.30104601	    102.82774953	     36.05045687	     87.73561711	     47.00866767	    182.73632398	     48.68265448	    171.15468052
      0.09900000	     70.76808572	      0.00000000	    102.82774953	    129.80641522	      0.00000000	     47.00866767	    182.73632398	     11.01264445	    171.15468052
      0.10000000	     70.76808572	      0.00000000	    102.82774953	      0.00000000	     81.72293777	     47.00866767	    182.73632398	     11.01264445	    171.15468052
      0.10100000	     70.76808572	     24.25399421	    102.82774953	    129.07999454	      0.00000000	     47.00866767	    182.73632398	     11.01264445	    171.15468052
      0.10200000	     70.76808572	     24.33153804	    102.82774953	      0.00000000	     73.56223426	     47.00866767	    182.73632398	     11.01264445	    171.15468052
      0.10300000	     70.76808572	      0.00000000	    102.82774953	      0.00000000	     91.75793519	     47.00866767	    182.73632398	     48.68265448	    171.15468052
      0.10400000	     70.76808572	     22.51272714	    102.82774953	    128.66749740	      0.00000000	     47.00866767	    182.73632398	     11.01264445	    171.15468052
      0.10500000	     70.76808572	     24.31042593	    102.82774953	      0.00000000	     79.51944296	     47.00866767	    182.73632398	     48.68265448	    171.15468052
      0.10600000	     70.76808572	      0.00000000	    102.82774953	      0.00000000	     92.69175357	     47.00866767	    182.73632398	     11.01264445	    171.15468052
      0.10700000	     70.76808572	      0.00021063	    102.82774953	    127.45990845	      0.00000000	     47.00866767	    182.73632398	     48.68265448	    171.15468052
      0.10800000	     70.76808572	     22.50145077	    102.82774953	    129.06693795	      0.00000000	     47.00866767	    182.73632398	     11.01264445	    171.15468052
      0.10900000	     70.76808572	      0.00000000	    102.82774953	      0.00000000	     83.21266318	     47.00866767	    182.73632398	     11.01264445	    171.15468052
      0.11000000	     70.76808572	     24.35162182	    102.82774953	      0.00000000	     93.54273898	     47.00866767	    182.73632398	     11.01264445	    171.15468052
      0.11100000	     70.76808572	      0.00000000	    102.82774953	    129.86907160	      0.00000000	     47.00866767	    182.73632398	     11.01264445	    171.15468052
      0.11200000	     70.76808572	      0.00000000	    102.82774953	      0.00000000	     80.54026388	     47.00866767	    182.73632398	     48.68265448	    171.15468052
      0.11300000	     70.76808572	      0.00000000	    102.82774953	      0.00000000	     84.90010598	     47.00866767	    182.73632398	     11.01264445	    171.15468052
      0.11400000	     70.76808572	      0.00000000	    102.82774953	    128.61870664	      0.00000000	     47.00866767	    182.73632398	     11.01264445	    171.15468052
      0.11500000	     70.76808572	     24.26622720	    102.82774953	    129.86451409	      0.00000000	     47.00866767	    182.73632398	     11.01264445	    171.15468052
      0.11600000	     70.76808572	     24.29272929	    102.82774953	      0.00000000	     80.40518581	     47.00866767	    182.73632398	     48.68265448	    171.15468052
      0.11700000	     70.76808572	     24.36079706	    102.82774953	    129.87271883	      0.00000000	     47.00866767	    182.73632398	     11.01264445	    171.15468052
      0.11800000	     70.76808572	     23.11644269	    102.82774953	      0.00000000	     75.37444376	     47.00866767	    182.73632398	     11.01264445	    171.15468052
      0.11900000	     70.76808572	     24.32689032	    102.82774953	      0.00000000	     86.37177629	     47.00866767	    182.73632398	     48.68265448	    171.15468052
      0.12000000	     70.76808572	      0.00000000	    102.82774953	    126.47702548	     10.46374328	     47.00866767	    182.73632398	     11.01264445	    171.15468052
      0.12100000	     70.76808572	     23.68430640	    102.82774953	      0.00000000	     87.95865272	     47.00866767	    182.73632398	     48.68265448	    171.15468052
      0.12200000	     70.76808572	     24.36274629	    102.82774953	     35.48839679	     84.60405025	     47.00866767	    182.73632398	     48.68265448	    171.15468052
      0.12300000	     70.76808572	      0.00000000	    102.82774953	    126.58598205	      0.00000000	     47.00866767	    182.73632398	     11.01264445	    171.15468052
      0.12400000	     70.76808572	     24.27997540	    102.82774953	    128.72184931	      0.00000000	     47.00866767	    182.73632398	     48.68265448	    171.15468052
      0.12500000	     70.76808572	     24.35723844	    102.82774953	      0.00000000	     81.83509043	     47.00866767	    182.73632398	     11.01264445	    171.15468052
      0.12600000	     70.76808572	      0.00000000	    102.82774953	    128.10319848	      0.00000000	     47.00866767	    182.73632398	     11.01264445	    171.15468052
      0.12700000	     70.76808572	     24.35679412	    102.82774953	      0.00000000	     72.99471612	     13.92168627	    182.73632398	     11.01264445	    171.15468052
      0.12800000	     70.76808572	     24.34705464	    102.82774953	      0.00000000	     90.91991723	     47.00866767	    182.73632398	     48.68265448	    171.15468052
      0.12900000	     70.76808572	      0.00000000	    102.82774953	    127.85034365	      0.00000000	     47.00866767	    182.73632398	     11.01264445	    171.15468052
      0.13000000	     70.76808572	      0.00000000	    102.82774953	      0.00000000	     85.09660396	     47.00866767	    182.73632398	     11.01264445	    171.15468052
      0.13100000	     70.76808572	     23.93485840	    102.82774953	    125.09718227	      0.00000000	     47.00866767	    182.73632398	     11.01264445	    171.15468052
      0.13200000	     70.76808572	     24.03828115	    102.82774953	      0.00000000	      2.42843146	     47.00866767	    182.73632398	     48.68265448	    171.15468052
      0.13300000	     70.76808572	     24.22405188	    102.82774953	      0.00000000	     91.86778431	     47.00866767	    182.73632398	     11.01264445	    171.15468052
      0.13400000	     70.76808572	     24.20669183	    102.82774953	    128.44664947	      0.00000000	     47.00866767	    182.73632398	     11.01264445	    171.15468052
      0.13500000	     70.76808572	     24.31153650	    102.82774953	      0.00000000	     81.73703727	     47.00866767	    182.73632398	     11.01264445	    171.15468052
      0.13600000	     70.76808572	      0.00000000	    102.82774953	      0.00000000	     82.83252494	     47.00866767	    182.73632398	     11.01264445	    171.15468052
      0.13700000	     70.76808572	      0.00000000	    102.82774953	      0.00000000	     14.46546084	     47.00866767	    182.73632398	     11.01264445	    171.15468052
      0.13800000	     70.76808572	     24.26932068	    102.82774953	    129.87401366	     75.33459658	     47.00866767	    182.73632398	     48.68265448	    171.15468052
      0.13900000	     70.76808572	      0.00000000	    102.82774953	    129.87294578	      0.00000000	     47.00866767	    182.73632398	     48.68265448	    171.15468052
      0.14000000	     70.76808572	     24.16438626	    102.82774953	      0.00000000	     77.26561522	     47.00866767	    182.73632398	     11.01264445	    171.15468052
      0.14100000	     70.76808572	     19.64123121	    102.82774953	      0.00000000	     93.05398756	     47.00866767	    182.73632398	     48.68265448	    171.15468052
      0.14200000	     70.76808572	      7.11871754	    102.82774953	    128.99971086	      0.00000000	     47.00866767	    182.73632398	     48.68265448	    171.15468052
      0.14300000	     70.76808572	     24.33955301	    102.82774953	      4.14028345	     78.40657149	     13.92168627	    182.73632398	     11.01264445	    171.15468052
      0.14400000	     70.76808572	      0.00000000	    102.82774953	      0.00000000	     87.35069564	     47.00866767	    182.73632398	     11.01264445	    171.15468052
      0.14500000	     70.76808572	     24.30113565	    102.82774953	      0.00000000	      0.23329885	     47.00866767	    182.73632398	     11.01264445	    171.15468052
      0.14600000	     70.76808572	      0.00000000	    102.82774953	    129.78907490	      0.00000000	     47.00866767	    182.73632398	     48.68265448	    171.15468052
      0.14700000	     70.76808572	      0.83283008	    102.82774953	      0.00000000	     80.36213773	     47.00866767	    182.73632398	     48.68265448	    171.15468052
      0.14800000	     70.76808572	     24.09435537	    102.82774953	    128.78551563	     84.90457303	     47.00866767	    182.73632398	     11.01264445	    171.15468052
      0.14900000	     70.76808572	     24.28598019	    102.82774953	      0.00000000	      0.00000000	     47.00866767	    182.73632398	     48.68265448	    171.15468052
      0.15000000	     70.76808572	      0.00000000	    102.82774953	      0.00000000	     77.12716793	     47.00866767	    182.73632398	     11.01264445	    171.15468052
      0.15100000	     70.76808572	      3.41580316	    102.82774953	    129.87477714	     20.31643449	     47.00866767	    182.73632398	     11.01264445	    171.15468052
      0.15200000	     70.76808572	     23.42316725	    102.82774953	      0.00000000	     89.85908899	     47.00866767	    182.73632398	     11.01264445	    171.15468052
      0.15300000	     70.76808572	     24.09390820	    102.82774953	    128.95706477	      0.00000000	     47.00866767	    182.73632398	     11.01264445	    171.15468052
      0.15400000	     70.76808572	     24.34444212	    102.82774953	    129.78595657	      0.00000000	     47.00866767	    182.73632398	     48.68265448	    171.15468052
      0.15500000	     70.76808572	      0.00000000	    102.82774953	      0.00000000	     79.69031677	     47.00866767	    182.73632398	     48.68265448	    171.15468052
      0.15600000	     70.76808572	     24.16759752	    102.82774953	      0.00000000	     93.48307783	     47.00866767	    182.73632398	     48.68265448	    171.15468052
      0.15700000	     70.76808572	     15.01031695	    102.82774953	    125.87409201	      0.00000000	     47.00866767	    182.73632398	     48.68265448	    171.15468052
      0.15800000	     70.76808572	      0.00000000	    102.82774953	     43.72900845	     86.76532838	     47.00866767	    182.73632398	     48.68265448	    171.15468052
      0.15900000	     70.76808572	     24.32072795	    102.82774953	    129.09498937	      0.00000000	     47.00866767	    182.73632398	     11.01264445	    171.15468052
      0.16000000	     70.76808572	      0.00000000	    102.82774953	      0.00000000	     85.21917621	     47.00866767	    182.73632398	     48.68265448	    171.15468052
      0.16100000	     70.76808572	     24.27543828	    102.82774953	    128.14153860	      0.00000000	     47.00866767	    182.73632398	     11.01264445	    171.15468052
      0.16200000	     70.76808572	     24.33756969	    102.82774953	    127.94176526	      0.00000000	     47.00866767	    182.73632398	     48.68265448	    171.15468052
      0.16300000	     70.76808572	      0.00000000	    102.82774953	    120.50283454	     33.25827786	     47.00866767	    182.73632398	     12.17902817	    171.15468052
      0.16400000	     70.76808572	     24.22457995	    102.82774953	      0.00000000	     82.59535376	     47.00866767	    182.73632398	     48.68265448	    171.15468052
      0.16500000	     70.76808572	      0.00000000	    102.82774953	    128.29780064	      0.00000000	     47.00866767	    182.73632398	     11.01264445	    171.15468052
      0.16600000	     70.76808572	      0.00000000	    102.82774953	    129.84219425	     80.03602306	     47.00866767	    182.73632398	     11.01264445	    171.15468052
      0.16700000	     70.76808572	     24.31949895	    102.82774953	      0.00000000	     95.42171088	     47.00866767	    182.73632398	     11.01264445	    171.15468052
      0.16800000	     70.76808572	      0.00000000	    102.82774953	    127.70465441	      0.00000000	     47.00866767	    182.73632398	     48.68265448	    171.15468052
      0.16900000	     70.76808572	     24.24882163	    102.82774953	    128.59375043	      0.00000000	     47.00866767	    182.73632398	     48.68265448	    171.15468052
      0.17000000	     70.76808572	      0.00000000	    102.82774953	      0.00000000	     85.51461702	     47.00866767	    182.73632398	     11.01264445	    171.15468052
      0.17100000	     70.76808572	     24.02541681	    102.82774953	    127.99374351	      0.00000000	     47.00866767	    182.73632398	     48.68265448	    171.15468052
      0.17200000	     70.76808572	      0.00000000	    102.82774953	    128.80026857	      0.00000000	     47.00866767	    182.73632398	     11.01264445	    171.15468052
      0.17300000	     70.76808572	      0.00000000	    102.82774953	      0.00000000	     40.67835619	     47.00866767	    182.73632398	     11.01264445	    171.15468052
      0.17400000	     70.76808572	     23.64399740	    102.82774953	      0.00000000	     81.67661341	     47.00866767	    182.73632398	     11.01264445	    171.15468052
      0.17500000	     70.76808572	      5.80343234	    102.82774953	    127.83002862	      3.20326878	     47.00866767	    182.73632398	     11.01264445	    171.15468052
      0.17600000	     70.76808572	     23.49479894	    102.82774953	    124.63246682	      0.00000000	     47.00866767	    182.73632398	     11.01264445	    171.15468052
      0.17700000	     70.76808572	      0.00000000	    102.82774953	      0.00000000	     79.75796543	     47.00866767	    182.73632398	     11.01264445	    171.15468052
      0.17800000	     70.76808572	      0.00000000	    102.82774953	      0.00000000	     90.90782463	     47.00866767	    182.73632398	     48.68265448	    171.15468052
      0.17900000	     70.76808572	     23.12170260	    102.82774953	    127.82879870	      0.00000000	     47.00866767	    182.73632398	     11.01264445	    171.15468052
      0.18000000	     70.76808572	     24.33299266	    102.82774953	      0.00000000	     89.97055237	     47.00866767	    182.73632398	     11.01264445	    171.15468052
      0.18100000	     70.76808572	      0.00000000	    102.82774953	    128.56221380	      0.00000000	     47.00866767	    182.73632398	     48.68265448	    171.15468052
      0.18200000	     70.76808572	     24.07775962	    102.82774953	    122.28844922	      0.00000000	     47.00866767	    182.73632398	     11.01264445	    171.15468052
      0.18300000	     70.76808572	      0.00000000	    102.82774953	      0.00000000	     83.43405382	     47.00866767	    182.73632398	     48.68265448	    171.15468052
      0.18400000	     70.76808572	      0.00000000	    102.82774953	      0.00000000	     83.82187435	     47.00866767	    182.73632398	     48.68265448	    171.15468052
      0.18500000	     70.76808572	     24.14550155	    102.82774953	      0.00000000	     94.06292775	     47.00866767	    182.73632398	     48.68265448	    171.15468052
      0.18600000	     70.76808572	      0.00000000	    102.82774953	    123.73753714	      0.00000000	     47.00866767	    182.73632398	     11.01264445	    171.15468052
      0.18700000	     70.76808572	     24.31868285	    102.82774953	    129.68346368	      0.00000000	     47.00866767	    182.73632398	     48.68265448	    171.15468052
      0.18800000	     70.76808572	      0.00000000	    102.82774953	      0.00000000	     80.21835688	     47.00866767	    182.73632398	     11.01264445	    171.15468052
      0.18900000	     70.76808572	     24.32084402	    102.82774953	      0.00000000	     85.70270242	     47.00866767	    182.73632398	     48.68265448	    171.15468052
      0.19000000	     70.76808572	      0.00000000	    102.82774953	    126.17966296	     81.80908068	     47.00866767	    182.73632398	     11.01264445	    171.15468052
      0.19100000	     70.76808572	      0.00000000	    102.82774953	    129.06812834	      0.00000000	     47.00866767	    182.73632398	     11.01264445	    171.15468052
      0.19200000	     70.76808572	     24.02159219	    102.82774953	    129.26647109	      0.00000000	     47.00866767	    182.73632398	     11.01264445	    171.15468052
      0.19300000	     70.76808572	      0.00000000	    102.82774953	      0.00000000	     83.57250577	     47.00866767	    182.73632398	     48.68265448	    171.15468052
      0.19400000	     70.76808572	      0.00000000	    102.82774953	    129.30533332	      0.00000000	     47.00866767	    182.73632398	     11.01264445	    171.15468052
      0.19500000	     70.76808572	     24.27484753	    102.82774953	      1.05367615	      0.00000000	     47.00866767	    182.73632398	     48.68265448	    171.15468052
      0.19600000	     70.76808572	     24.26579253	    102.82774953	      0.00000000	     86.11799445	     47.00866767	    182.73632398	     11.01264445	    171.15468052
      0.19700000	     70.76808572	     23.91708330	    102.82774953	    121.38330976	     16.77545513	     47.00866767	    182.73632398	     11.01264445	    171.15468052
      0.19800000	     70.76808572	      0.00000000	    102.82774953	    127.47405602	      0.00000000	     47.00866767	    182.73632398	     48.68265448	    171.15468052
      0.19900000	     70.76808572	     24.33590928	    102.82774953	    129.86061505	      0.00000000	     47.00866767	    182.73632398	     48.68265448	    171.15468052
      0.20000000	     70.76808572	      0.00000000	    102.82774953	    128.42848538	      0.00000000	     47.00866767	    182.73632398	     48.68265448	    171.15468052
      0.20100000	     70.76808572	     24.04666017	    102.82774953	      0.00000000	     28.29411464	     47.00866767	    182.73632398	     11.01264445	    171.15468052
      0.20200000	     70.76808572	      0.00000000	    102.82774953	     43.40095857	     81.54628114	     47.00866767	    182.73632398	     11.01264445	    171.15468052
      0.20300000	     70.76808572	      0.00000000	    102.82774953	      0.00000000	     84.74330901	     47.00866767	    182.73632398	     11.01264445	    171.15468052
      0.20400000	     70.76808572	     24.28794122	    102.82774953	    126.02036191	      0.00000000	     47.00866767	    182.73632398	     11.01264445	    171.15468052
      0.20500000	     70.76808572	      0.00000000	    102.82774953	    124.37056487	     76.09610731	     47.00866767	    182.73632398	     48.68265448	    171.15468052
      0.20600000	     70.76808572	      0.00000000	    102.82774953	      0.00000000	     90.76732724	     47.00866767	    182.73632398	     48.68265448	    171.15468052
      0.20700000	     70.76808572	     24.33144553	    102.82774953	      4.20352739	     22.95103536	     47.00866767	    182.73632398	     48.68265448	    171.15468052
      0.20800000	     70.76808572	      0.00000000	    102.82774953	      0.00000000	     94.35616560	     47.00866767	    182.73632398	     48.68265448	    171.15468052
      0.20900000	     70.76808572	     24.18228708	    102.82774953	    123.62927114	      0.00000000	     47.00866767	    182.73632398	     48.68265448	    171.15468052
      0.21000000	     70.76808572	     24.33913754	    102.82774953	    126.76226024	     88.13124271	     47.00866767	    182.73632398	     11.01264445	    171.15468052
      0.21100000	     70.76808572	      0.00000000	    102.82774953	    129.26888851	      0.00000000	     47.00866767	    182.73632398	     48.68265448	    171.15468052
      0.21200000	     70.76808572	      0.00000000	    102.82774953	      0.00000000	     83.88778338	     47.00866767	    182.73632398	     48.68265448	    171.15468052
      0.21300000	     70.76808572	     22.41173015	    102.82774953	      0.00000000	     92.66730398	     47.00866767	    182.73632398	     48.68265448	    171.15468052
      0.21400000	     70.76808572	     23.88280237	    102.82774953	    129.75465896	      0.00000000	     47.00866767	    182.73632398	     11.01264445	    171.15468052
      0.21500000	     70.76808572	      0.00000000	    102.82774953	     24.82556201	      0.00000000	     47.00866767	    182.73632398	     11.01264445	    171.15468052
      0.21600000	     70.76808572	     23.56469046	    102.82774953	      0.00000000	     82.98882144	     47.00866767	    182.73632398	     11.01264445	    171.15468052
      0.21700000	     70.76808572	      0.00000000	    102.82774953	      0.00000000	     86.42180030	     47.00866767	    182.73632398	     48.68265448	    171.15468052
      0.21800000	     70.76808572	      0.00000000	    102.82774953	    129.60234431	      0.00000000	     47.00866767	    182.73632398	     48.68265448	    171.15468052
      0.21900000	     70.76808572	     23.57963761	    102.82774953	      0.00000000	     82.14618368	     47.00866767	    182.73632398	     48.68265448	    171.15468052
      0.22000000	     70.76808572	     24.25400127	    102.82774953	    128.98756972	      6.51218824	     47.00866767	    182.73632398	     48.68265448	    171.15468052
      0.22100000	     70.76808572	     24.30974715	    102.82774953	      0.00000000	     85.00491440	     47.00866767	    182.73632398	     11.01264445	    171.15468052
      0.22200000	     70.76808572	      0.00000000	    102.82774953	      0.00000000	      0.00000000	     47.00866767	    182.73632398	     11.01264445	    171.15468052
      0.22300000	     70.76808572	      9.35494884	    102.82774953	      0.00000000	     88.36472614	     47.00866767	    182.73632398	     48.68265448	    171.15468052
      0.22400000	     70.76808572	     24.14523445	    102.82774953	    121.47174438	      0.00000000	     47.00866767	    182.73632398	     48.68265448	    171.15468052
      0.22500000	     70.76808572	     13.15764109	    102.82774953	    129.09029393	      0.00000000	     47.00866767	    182.73632398	     11.01264445	    171.15468052
      0.22600000	     70.76808572	      5.03619281	    102.82774953	      0.00000000	      7.12618015	     47.00866767	    182.73632398	     11.01264445	    171.15468052
      0.22700000	     70.76808572	      0.00000000	    102.82774953	      0.00000000	      0.00000000	     47.00866767	    182.73632398	     11.01264445	    171.15468052
      0.22800000	     70.76808572	     23.92781996	    102.82774953	      0.00000000	     87.79048609	     47.00866767	    182.73632398	     48.67634874	    171.15468052
      0.22900000	     70.76808572	      0.00000000	    102.82774953	      8.54353995	     74.57669543	     47.00866767	    182.73632398	     11.01264445	    171.15468052
      0.23000000	     70.76808572	     24.25928594	    102.82774953	    111.12790220	     31.07126483	     47.00866767	    182.73632398	     48.68265448	    171.15468052
      0.23100000	     70.76808572	     24.28283932	    102.82774953	     45.25817950	     80.94789102	     47.00866767	    182.73632398	     11.01264445	    171.15468052
      0.23200000	     70.76808572	      0.00000000	    102.82774953	      0.00000000	     92.14664328	     47.00866767	    182.73632398	     48.68265448	    171.15468052
      0.23300000	     70.76808572	      0.00000000	    102.82774953	    128.98417932	      0.00000000	     47.00866767	    182.73632398	     48.68265448	    171.15468052
      0.23400000	     70.76808572	     23.26868140	    102.82774953	    129.61131988	      0.00000000	     47.00866767	    182.73632398	     11.01264445	    171.15468052
      0.23500000	     70.76808572	      0.00000000	    102.82774953	      0.00000000	     82.27236399	     47.00866767	    182.73632398	     48.68265448	    171.15468052
      0.23600000	     70.76808572	     23.71426877	    102.82774953	      0.00000000	     89.02367600	     47.00866767	    182.73632398	     11.01264445	    171.15468052
      0.23700000	     70.76808572	     24.31408799	    102.82774953	      0.00000000	     41.42568074	     47.00866767	    182.73632398	     11.01264445	    171.15468052
      0.23800000	     70.76808572	      0.00000000	    102.82774953	    123.54221636	      0.00000000	     47.00866767	    182.73632398	     11.01264445	    171.15468052
      0.23900000	     70.76808572	     23.08323962	    102.82774953	    129.38627765	      0.00000000	     47.00866767	    182.73632398	     48.68265448	    171.15468052
      0.24000000	     70.76808572	     24.29384921	    102.82774953	      0.00000000	     79.42477684	     47.00866767	    182.73632398	     11.01264445	    171.15468052
      0.24100000	     70.76808572	     23.54147160	    102.82774953	      0.00000000	     91.19021316	     47.00866767	    182.73632398	     48.68265448	    171.15468052
      0.24200000	     70.76808572	      0.00000000	    102.82774953	    129.28950684	      0.00000000	     47.00866767	    182.73632398	     48.09442582	    171.15468052
      0.24300000	     70.76808572	      0.00000000	    102.82774953	      0.00000000	     86.60035680	     47.00866767	    182.73632398	     48.68265448	    171.15468052
      0.24400000	     70.76808572	     24.01892288	    102.82774953	    126.93648709	      0.00000000	     47.00866767	    182.73632398	     11.01264445	    171.15468052
      0.24500000	     70.76808572	      0.00000000	    102.82774953	    129.87381278	      0.00000000	     47.00866767	    182.73632398	     48.68265448	    171.15468052
      0.24600000	     70.76808572	      0.00000000	    102.82774953	      0.00000000	     85.79380265	     47.00866767	    182.73632398	     48.68265448	    171.15468052
      0.24700000	     70.76808572	     24.30269467	    102.82774953	      0.00000000	     84.95592897	     47.00866767	    182.73632398	     11.01264445	    171.15468052
      0.24800000	     70.76808572	      0.00000000	    102.82774953	      0.00000000	     92.57604805	     47.00866767	    182.73632398	     48.68265448	    171.15468052
      0.24900000	     70.76808572	      0.00080381	    102.82774953	    122.88707712	      0.00000000	     47.00866767	    182.73632398	     48.68265448	    171.15468052
      0.25000000	     70.76808572	     24.17254052	    102.82774953	    129.12365258	      0.00000000	     47.00866767	    182.73632398	     48.68265448	    171.15468052
      0.25100000	     70.76808572	      0.00000000	    102.82774953	      0.00000000	     85.05567149	     47.00866767	    182.73632398	     11.01264445	    171.15468052
      0.25200000	     70.76808572	      0.00000000	    102.82774953	      0.00000000	     85.43714879	     47.00866767	    182.73632398	     48.68265448	    171.15468052
      0.25300000	     70.76808572	      0.00000000	    102.82774953	    127.24480519	      3.46456781	     47.00866767	    182.73632398	     11.01264445	    171.15468052
      0.25400000	     70.76808572	     23.21700386	    102.82774953	    127.25872049	      0.00000000	     47.00866767	    182.73632398	     11.01264445	    171.15468052
      0.25500000	     70.76808572	     24.20877605	    102.82774953	      0.00000000	     79.70705188	     47.00866767	    182.73632398	     48.68265448	    171.15468052
      0.25600000	     70.76808572	      0.00000000	    102.82774953	      0.00000000	     89.47282987	     47.00866767	    182.73632398	     11.01264445	    171.15468052
      0.25700000	     70.76808572	      0.00000000	    102.82774953	    122.65785443	      0.00000000	     47.00866767	    182.73632398	     48.68265448	    171.15468052
      0.25800000	     70.76808572	      0.00000000	    102.82774953	    129.66966551	      0.00000000	     47.00866767	    182.73632398	     48.68265448	    171.15468052
      0.25900000	     70.76808572	     22.88234550	    102.82774953	      0.00000000	     79.37449492	     47.00866767	    182.73632398	     48.68265448	    171.15468052
      0.26000000	     70.76808572	      0.00000000	    102.82774953	      0.00000000	     92.49724243	     47.00866767	    182.73632398	     48.68265448	    171.15468052
      0.26100000	     70.76808572	     23.53237778	    102.82774953	    128.76847233	      0.00000000	     47.00866767	    182.73632398	     48.68265448	    171.15468052
      0.26200000	     70.76808572	     24.32354899	    102.82774953	    129.40139885	     77.28746035	     47.00866767	    182.73632398	     11.01264445	    171.15468052
      0.26300000	     70.76808572	      0.00000000	    102.82774953	      1.37246071	     86.27038782	     47.00866767	    182.73632398	     48.68265448	    171.15468052
      0.26400000	     70.76808572	     23.33871268	    102.82774953	      0.00000000	     72.88465511	     47.00866767	    182.73632398	     48.68265448	    171.15468052
      0.26500000	     70.76808572	     24.01482534	    102.82774953	      0.00000000	     91.46605490	     47.00866767	    182.73632398	     48.68265448	    171.15468052
      0.26600000	     70.76808572	      0.00000000	    102.82774953	    128.54308557	      0.00000000	     47.00866767	    182.73632398	     48.68265448	    171.15468052
      0.26700000	     70.76808572	      0.00000000	    102.82774953	      0.00000000	     90.84216501	     47.00866767	    182.73632398	     11.01264445	    171.15468052
      0.26800000	     70.76808572	     23.60361098	    102.82774953	    120.53009662	      0.00000000	     47.00866767	    182.73632398	     48.68265448	    171.15468052
      0.26900000	     70.76808572	      0.00000000	    102.82774953	    129.58588334	      2.18032498	     47.00866767	    182.73632398	     47.00533204	    171.15468052
      0.27000000	     70.76808572	     22.75336004	    102.82774953	      0.00000000	      0.00000000	     47.00866767	    182.73632398	     11.01264445	    171.15468052
      0.27100000	     70.76808572	     24.27261544	    102.82774953	    129.58819359	      0.00000000	     47.00866767	    182.73632398	     11.01264445	    171.15468052
      0.27200000	     70.76808572	      0.00000000	    102.82774953	      0.00000000	     85.40222600	     47.00866767	    182.73632398	     48.68265448	    171.15468052
      0.27300000	     70.76808572	     23.70464666	    102.82774953	      0.00000000	     88.80262339	     47.00866767	    182.73632398	     11.01264445	    171.15468052
      0.27400000	     70.76808572	     24.28691181	    102.82774953	      0.00000000	     89.62872460	     47.00866767	    182.73632398	     48.68265448	    171.15468052
      0.27500000	     70.76808572	      0.00000000	    102.82774953	    129.30394898	      0.00000000	     47.00866767	    182.73632398	     11.01264445	    171.15468052
      0.27600000	     70.76808572	     24.23278345	    102.82774953	      0.00000000	     87.06268082	     47.00866767	    182.73632398	     48.68265448	    171.15468052
      0.27700000	     70.76808572	     23.82162367	    102.82774953	    124.20867818	      0.00000000	     47.00866767	    182.73632398	     48.68265448	    171.15468052
      0.27800000	     70.76808572	      0.00000000	    102.82774953	    128.38506650	     81.24045675	     47.00866767	    182.73632398	     11.01264445	    171.15468052
      0.27900000	     70.76808572	     22.58505739	    102.82774953	      0.00000000	     92.62877870	     47.00866767	    182.73632398	     11.01264445	    171.15468052
      0.28000000	     70.76808572	      0.00000000	    102.82774953	    129.46946759	      0.00000000	     47.00866767	    182.73632398	     48.68265448	    171.15468052
      0.28100000	     70.76808572	      0.00000000	    102.82774953	    129.08565049	      2.59694461	     47.00866767	    182.73632398	     48.68265448	    171.15468052
      0.28200000	     70.76808572	     24.08587494	    102.82774953	    129.20048070	      0.00000000	     47.00866767	    182.73632398	     48.68265448	    171.15468052
      0.28300000	     70.76808572	      0.00000000	    102.82774953	      0.00000000	     82.65799166	     47.00866767	    182.73632398	     48.68265448	    171.15468052
      0.28400000	     70.76808572	      0.00000000	    102.82774953	     72.54376868	     91.44790264	     47.00866767	    182.73632398	     48.26537269	    171.15468052
      0.28500000	     70.76808572	      0.00000000	    102.82774953	      0.00000000	      0.00000000	     47.00866767	    182.73632398	     48.68265448	    171.15468052
      0.28600000	     70.76808572	     23.98941715	    102.82774953	    126.35791708	     86.96200384	     47.00866767	    182.73632398	     11.07531718	    171.15468052
      0.28700000	     70.76808572	     24.31244307	    102.82774953	    129.63397748	      0.00000000	     47.00866767	    182.73632398	     11.01264445	    171.15468052
      0.28800000	     70.76808572	      0.00000000	    102.82774953	      0.00000000	     81.61427540	     47.00866767	    182.73632398	     11.01264445	    171.15468052
      0.28900000	     70.76808572	     22.71350810	    102.82774953	      0.00000000	     94.37482475	     47.00866767	    182.73632398	     48.68265448	    171.15468052
      0.29000000	     70.76808572	      1.29189686	    102.82774953	    128.64229730	      0.00000000	     47.00866767	    182.73632398	     11.01264445	    171.15468052
      0.29100000	     70.76808572	     24.15573062	    102.82774953	      0.00000000	     90.76310694	     47.00866767	    182.73632398	     48.68265448	    171.15468052
      0.29200000	     70.76808572	     24.30408092	    102.82774953	    120.06199780	      0.00000000	     47.00866767	    182.73632398	     48.68265448	    171.15468052
      0.29300000	     70.76808572	     24.27740636	    102.82774953	    129.42963009	      0.00000000	     47.00866767	    182.73632398	     48.68265448	    171.15468052
      0.29400000	     70.76808572	      0.00000000	    102.82774953	      0.00000000	     91.82942677	     47.00866767	    182.73632398	     48.68265448	    171.15468052
      0.29500000	     70.76808572	      0.00000000	    102.82774953	    129.76239728	      0.00000000	     47.00866767	    182.73632398	     11.01264445	    171.15468052
      0.29600000	     70.76808572	     23.70181834	    102.82774953	      0.00000000	     83.64854726	     47.00866767	    182.73632398	     11.01264445	    171.15468052
      0.29700000	     70.76808572	     23.53324092	    102.82774953	    105.58839363	     94.48121403	     47.00866767	    182.73632398	     11.01264445	    171.15468052
      0.29800000	     70.76808572	      0.00000000	    102.82774953	    129.60399218	      0.00000000	     47.00866767	    182.73632398	     11.01264445	    171.15468052
      0.29900000	     70.76808572	     23.60680066	    102.82774953	      0.00000000	     80.50175484	     47.00866767	    182.73632398	     48.68265448	    171.15468052
      0.30000000	     70.76808572	     22.93038686	    102.82774953	      0.00000000	     88.89340791	     47.00866767	    182.73632398	     48.68265448	    171.15468052
      0.30100000	     70.76808572	     24.24488244	    102.82774953	      0.00000000	     86.30217240	     47.00866767	    182.73632398	     11.01264445	    171.15468052
      0.30200000	     70.76808572	     23.22726141	    102.82774953	      0.00000000	     92.48505596	     47.00866767	    182.73632398	     48.68265448	    171.15468052
      0.30300000	     70.76808572	      0.00000000	    102.82774953	    127.94121464	      0.00000000	     47.00866767	    182.73632398	     11.01264445	    171.15468052
      0.30400000	     70.76808572	      0.00000000	    102.82774953	      0.00000000	     89.92604327	     47.00866767	    182.73632398	     48.68265448	    171.15468052
      0.30500000	     70.76808572	     22.35293841	    102.82774953	    122.39106774	      0.00000000	     47.00866767	    182.73632398	     11.01264445	    171.15468052
      0.30600000	     70.76808572	     24.03428795	    102.82774953	    129.87344590	      0.00000000	     47.00866767	    182.73632398	     47.28895181	    171.15468052
      0.30700000	     70.76808572	      0.00000000	    102.82774953	      0.00000000	     89.48709304	     47.00866767	    182.73632398	     11.01264445	    171.15468052
      0.30800000	     70.76808572	     24.29142557	    102.82774953	      0.00000000	     92.95337668	     47.00866767	    182.73632398	     48.68265448	    171.15468052
      0.30900000	     70.76808572	      0.00000000	    102.82774953	    124.00590715	      0.00000000	     47.00866767	    182.73632398	     11.01264445	    171.15468052
      0.31000000	     70.76808572	      0.00000000	    102.82774953	    129.81650826	      0.00000000	     47.00866767	    182.73632398	     48.68265448	    171.15468052
      0.31100000	     70.76808572	     23.98308772	    102.82774953	      0.00000000	     86.55551906	     47.00866767	    182.73632398	     48.68265448	    171.15468052
      0.31200000	     70.76808572	     23.41009032	    102.82774953	      0.00000000	      0.00000000	     47.00866767	    182.73632398	     11.01264445	    171.15468052
      0.31300000	     70.76808572	      0.00000000	    102.82774953	      0.00000000	     85.64290113	     47.00866767	    182.73632398	     11.01264445	    171.15468052
      0.31400000	     70.76808572	      2.82933571	    102.82774953	      0.00000000	     92.44564581	     47.00866767	    182.73632398	     11.01264445	    171.15468052
      0.31500000	     70.76808572	      0.00000000	    102.82774953	    123.96142750	      0.00000000	     47.00866767	    182.73632398	     48.68265448	    171.15468052
      0.31600000	     70.76808572	      0.00000000	    102.82774953	      4.77469104	     80.78621070	     47.00866767	    182.73632398	     48.68265448	    171.15468052
      0.31700000	     70.76808572	      9.41608073	    102.82774953	      0.00000000	     94.62929272	     47.00866767	    182.73632398	     48.68265448	    171.15468052
      0.31800000	     70.76808572	     22.41502037	    102.82774953	    129.80565715	      0.00000000	     47.00866767	    182.73632398	     48.68265448	    171.15468052
      0.31900000	     70.76808572	      0.00000000	    102.82774953	      0.00000000	     82.89415805	     47.00866767	    182.73632398	     48.68265448	    171.15468052
      0.32000000	     70.76808572	     23.25011755	    102.82774953	      0.00000000	     85.44387405	     47.00866767	    182.73632398	     11.01264445	    171.15468052
      0.32100000	     70.76808572	     21.04688965	    102.82774953	     42.32359256	     85.09930091	     47.00866767	    182.73632398	     48.68265448	    171.15468052
      0.32200000	     70.76808572	      0.41056586	    102.82774953	      0.00000000	      9.40893208	     47.00866767	    182.73632398	     11.01264445	    171.15468052
      0.32300000	     70.76808572	     23.57202419	    102.82774953	    128.86144294	      0.00000000	     47.00866767	    182.73632398	     11.01264445	    171.15468052
      0.32400000	     70.76808572	      0.00000000	    102.82774953	      0.00000000	     80.87843485	     47.00866767	    182.73632398	     48.68265448	    171.15468052
      0.32500000	     70.76808572	     24.29428072	    102.82774953	      0.00000000	     89.90965155	     47.00866767	    182.73632398	     48.68265448	    171.15468052
      0.32600000	     70.76808572	      0.00000000	    102.82774953	    127.70427260	      0.00000000	     47.00866767	    182.73632398	     48.68265448	    171.15468052
      0.32700000	     70.76808572	     22.98731330	    102.82774953	      9.77162071	      0.00000000	     47.00866767	    182.73632398	     48.68265448	    171.15468052
      0.32800000	     70.76808572	      0.00000000	    102.82774953	    118.28063122	      0.00000000	     47.00866767	    182.73632398	     11.01264445	    171.15468052
      0.32900000	     70.76808572	     22.41474238	    102.82774953	      0.00000000	     89.48938643	     47.00866767	    182.73632398	     48.68265448	    171.15468052
      0.33000000	     70.76808572	     24.23247128	    102.82774953	    123.30094120	      0.00000000	     47.00866767	    182.73632398	     11.01264445	    171.15468052
      0.33100000	     70.76808572	      0.00000000	    102.82774953	    129.82981053	      0.00000000	     47.00866767	    182.73632398	     48.68265448	    171.15468052
      0.33200000	     70.76808572	     23.24605204	    102.82774953	      0.00000000	     88.87102155	     47.00866767	    182.73632398	     11.01264445	    171.15468052
      0.33300000	     70.76808572	     23.68838292	    102.82774953	    127.44834217	      0.00000000	     47.00866767	    182.73632398	     48.68265448	    171.15468052
      0.33400000	     70.76808572	      0.00000000	    102.82774953	    129.87471764	      0.00000000	     47.00866767	    182.73632398	     32.08355529	    171.15468052
      0.33500000	     70.76808572	      0.00000000	    102.82774953	      0.00000000	     84.45407612	     47.00866767	    182.73632398	     11.01264445	    171.15468052
      0.33600000	     70.76808572	     23.52119570	    102.82774953	      0.00000000	     92.72545208	     47.00866767	    182.73632398	     11.01264445	    171.15468052
      0.33700000	     70.76808572	      0.00000000	    102.82774953	    123.39287840	      0.00000000	     47.00866767	    182.73632398	     30.71370183	    171.15468052
      0.33800000	     70.76808572	      0.00000000	    102.82774953	    125.12324199	      4.58437916	     47.00866767	    182.73632398	     48.68265448	    171.15468052
      0.33900000	     70.76808572	     23.78745686	    102.82774953	    128.99109611	      0.00000000	     47.00866767	    182.73632398	     11.01264445	    171.15468052
      0.34000000	     70.76808572	      0.00000000	    102.82774953	    129.38500025	     22.72420844	     47.00866767	    182.73632398	     48.68265448	    171.15468052
      0.34100000	     70.76808572	      0.00000000	    102.82774953	      0.00000000	     86.41689204	     47.00866767	    182.73632398	     48.68265448	    171.15468052
      0.34200000	     70.76808572	     23.10145159	    102.82774953	      0.00000000	      5.58372792	     47.00866767	    182.73632398	     48.68265448	    171.15468052
      0.34300000	     70.76808572	     24.27278451	    102.82774953	    128.88459253	      0.00000000	     47.00866767	    182.73632398	     48.68265448	    171.15468052
      0.34400000	     70.76808572	     24.26051589	    102.82774953	      0.00000000	     85.18158624	     47.00866767	    182.73632398	     11.01264445	    171.15468052
      0.34500000	     70.76808572	      0.00000000	    102.82774953	    121.37621303	      0.00000000	     47.00866767	    182.73632398	     48.68265448	    171.15468052
      0.34600000	     70.76808572	      0.00000000	    102.82774953	    129.69284357	      0.00000000	     47.00866767	    182.73632398	     11.01264445	    171.15468052
      0.34700000	     70.76808572	     22.69346368	    102.82774953	      0.00000000	     84.79551499	     47.00866767	    182.73632398	     48.68265448	    171.15468052
      0.34800000	     70.76808572	     24.22558681	    102.82774953	    129.59399512	      0.00000000	     47.00866767	    182.73632398	     48.68265448	    171.15468052
      0.34900000	     70.76808572	      0.00000000	    102.82774953	      0.00000000	     80.63891886	     47.00866767	    182.73632398	     46.98699891	    171.15468052
      0.35000000	     70.76808572	      0.00000000	    102.82774953	      0.00000000	     95.70262925	     47.00866767	    182.73632398	     48.68265448	    171.15468052
      0.35100000	     70.76808572	     23.75379325	    102.82774953	    128.73959915	      0.00000000	     47.00866767	    182.73632398	     48.68265448	    171.15468052
      0.35200000	     70.76808572	      0.00000000	    102.82774953	      0.00000000	     79.00400857	     47.00866767	    182.73632398	     48.68265448	    171.15468052
      0.35300000	     70.76808572	     24.25484433	    102.82774953	      0.00000000	     89.83095402	     47.00866767	    182.73632398	     48.68265448	    171.15468052
      0.35400000	     70.76808572	      0.00000000	    102.82774953	    121.73108690	      0.00000000	     47.00866767	    182.73632398	     11.01264445	    171.15468052
      0.35500000	     70.76808572	      0.00000000	    102.82774953	      0.00000000	     74.51360810	     47.00866767	    182.73632398	     11.01264445	    171.15468052
      0.35600000	     70.76808572	     23.42851901	    102.82774953	      0.00000000	     90.47941244	     47.00866767	    182.73632398	     11.01264445	    171.15468052
      0.35700000	     70.76808572	      1.99652330	    102.82774953	    127.81369998	      0.00000000	     47.00866767	    182.73632398	     48.68265448	    171.15468052
      0.35800000	     70.76808572	     24.11622823	    102.82774953	     16.16366024	     84.02492624	     47.00866767	    182.73632398	     48.68265448	    171.15468052
      0.35900000	     70.76808572	      0.00000000	    102.82774953	      0.00000000	     90.22220055	     47.00866767	    182.73632398	     48.68265448	    171.15468052
      0.36000000	     70.76808572	     23.35819446	    102.82774953	    121.13289938	      0.00000000	     47.00866767	    182.73632398	     48.68265448	    171.15468052
      0.36100000	     70.76808572	     24.20973007	    102.82774953	    129.44646920	      0.00000000	     47.00866767	    182.73632398	     11.01264445	    171.15468052
      0.36200000	     70.76808572	      0.00000000	    102.82774953	    129.87371616	     79.31398731	     47.00866767	    182.73632398	     48.68265448	    171.15468052
      0.36300000	     70.76808572	      3.13023744	    102.82774953	      0.00000000	     85.29552375	     47.00866767	    182.73632398	     11.01264445	    171.15468052
      0.36400000	     70.76808572	     23.52265962	    102.82774953	      0.00000000	      6.76609639	     47.00866767	    182.73632398	     48.68265448	    171.15468052
      0.36500000	     70.76808572	     22.40792017	    102.82774953	      0.00000000	     87.32953758	     47.00866767	    182.73632398	     48.68265448	    171.15468052
      0.36600000	     70.76808572	      0.00000000	    102.82774953	      0.00000000	     90.95227542	     47.00866767	    182.73632398	     48.68265448	    171.15468052
      0.36700000	     70.76808572	      2.87340052	    102.82774953	    124.84267737	      0.00000000	     47.00866767	    182.73632398	     48.68265448	    171.15468052
      0.36800000	     70.76808572	      4.35364780	    102.82774953	      0.00000000	     83.47887617	     47.00866767	    182.73632398	     48.68265448	    171.15468052
      0.36900000	     70.76808572	      0.00000000	    102.82774953	    123.85016447	     82.12031255	     47.00866767	    182.73632398	     11.01264445	    171.15468052
      0.37000000	     70.76808572	     22.79118682	    102.82774953	      0.00000000	     83.53781464	     47.00866767	    182.73632398	     48.68265448	    171.15468052
      0.37100000	     70.76808572	      0.00000000	    102.82774953	      0.00000000	      0.00000000	     47.00866767	    182.73632398	     48.68265448	    171.15468052
      0.37200000	     70.76808572	     23.25776585	    102.82774953	    129.56633650	      0.00000000	     47.00866767	    182.73632398	     48.68265448	    171.15468052
      0.37300000	     70.76808572	     24.16204128	    102.82774953	      0.00000000	     91.73349983	     47.00866767	    182.73632398	     11.01264445	    171.15468052
      0.37400000	     70.76808572	      0.00000000	    102.82774953	      0.00000000	     76.85083874	     47.00866767	    182.73632398	     11.01264445	    171.15468052
      0.37500000	     70.76808572	      0.00000000	    102.82774953	    121.39754528	      0.00000000	     47.00866767	    182.73632398	     11.01264445	    171.15468052
      0.37600000	     70.76808572	     22.46887276	    102.82774953	    129.44538668	      0.00000000	     47.00866767	    182.73632398	     48.68265448	    171.15468052
      0.37700000	     70.76808572	      0.00000000	    102.82774953	    128.93456112	      0.00000000	     47.00866767	    182.73632398	     48.68265448	    171.15468052
      0.37800000	     70.76808572	      0.00000000	    102.82774953	      0.00000000	     82.70208393	     47.00866767	    182.73632398	     11.01264445	    171.15468052
      0.37900000	     70.76808572	     22.08893107	    102.82774953	      0.00000000	     93.44890766	     47.00866767	    182.73632398	     48.68265448	    171.15468052
      0.38000000	     70.76808572	      0.00000000	    102.82774953	    128.98897727	      0.00000000	     47.00866767	    182.73632398	     48.68265448	    171.15468052
      0.38100000	     70.76808572	     24.09131616	    102.82774953	      0.00000000	     84.86507361	     47.00866767	    182.73632398	     48.68265448	    171.15468052
      0.38200000	     70.76808572	      0.00000000	    102.82774953	    129.00128232	     84.57976520	     47.00866767	    182.73632398	     48.68265448	    171.15468052
      0.38300000	     70.76808572	      0.00000000	    102.82774953	      0.00000000	     91.70537606	     47.00866767	    182.73632398	     48.68265448	    171.15468052
      0.38400000	     70.76808572	     22.70903102	    102.82774953	    124.79698277	      0.00000000	     47.00866767	    182.73632398	     11.01264445	    171.15468052
      0.38500000	     70.76808572	     22.66962874	    102.82774953	      0.00000000	     90.42912221	     47.00866767	    182.73632398	     48.68265448	    171.15468052
      0.38600000	     70.76808572	     20.27880755	    102.82774953	      0.00000000	     94.06519035	     47.00866767	    182.73632398	     48.68265448	    171.15468052
      0.38700000	     70.76808572	     22.82531724	    102.82774953	    119.52794536	      2.83808025	     47.00866767	    182.73632398	     48.68265448	    171.15468052
      0.38800000	     70.76808572	      0.07777797	    102.82774953	    127.69246211	      0.00000000	     47.00866767	    182.73632398	     11.01264445	    171.15468052
      0.38900000	     70.76808572	      0.00000000	    102.82774953	      0.00000000	     73.06382773	     47.00866767	    182.73632398	     11.01264445	    171.15468052
      0.39000000	     70.76808572	      0.00000000	    102.82774953	    128.95419639	      0.00000000	     47.00866767	    182.73632398	     48.68265448	    171.15468052
      0.39100000	     70.76808572	      0.00000000	    102.82774953	      0.00000000	     82.60635154	     47.00866767	    182.73632398	     11.01264445	    171.15468052
      0.39200000	     70.76808572	     23.63229543	    102.82774953	      0.00000000	     87.67816495	     47.00866767	    182.73632398	     11.01264445	    171.15468052
      0.39300000	     70.76808572	      0.00000000	    102.82774953	    129.39879346	      0.00000000	     47.00866767	    182.73632398	     48.68265448	    171.15468052
      0.39400000	     70.76808572	      0.00000000	    102.82774953	      0.00000000	     92.04436892	     47.00866767	    182.73632398	     11.01264445	    171.15468052
      0.39500000	     70.76808572	     23.89241125	    102.82774953	    120.16772886	      0.00000000	     47.00866767	    182.73632398	     48.68265448	    171.15468052
      0.39600000	     70.76808572	     24.12331846	    102.82774953	    129.35189015	      0.00000000	     47.00866767	    182.73632398	     11.01264445	    171.15468052
      0.39700000	     70.76808572	      0.00000000	    102.82774953	      0.00000000	     89.97265796	     47.00866767	    182.73632398	     48.68265448	    171.15468052
      0.39800000	     70.76808572	      0.00000000	    102.82774953	    124.30489089	      0.00000000	     47.00866767	    182.73632398	     11.01264445	    171.15468052
      0.39900000	     70.76808572	     22.59413473	    102.82774953	    129.81483470	      0.00000000	     47.00866767	    182.73632398	     11.01264445	    171.15468052
      0.40000000	     70.76808572	     24.19318486	    102.82774953	      0.00000000	     82.70075343	     47.00866767	    182.73632398	     11.01264445	    171.15468052
      0.40100000	     70.76808572	      0.00000000	    102.82774953	      0.00000000	     93.51290457	     47.00866767	    182.73632398	     11.01264445	    171.15468052
      0.40200000	     70.76808572	     22.36272480	    102.82774953	    127.45177184	      0.00000000	     47.00866767	    182.73632398	     48.68265448	    171.15468052
      0.40300000	     70.76808572	     22.45534942	    102.82774953	    129.84304153	      0.00000000	     47.00866767	    182.73632398	     11.01264445	    171.15468052
      0.40400000	     70.76808572	      0.00000000	    102.82774953	      0.00000000	     79.13088477	     47.00866767	    182.73632398	     48.68265448	    171.15468052
      0.40500000	     70.76808572	     21.99962248	    102.82774953	      0.00000000	     84.47083140	     47.00866767	    182.73632398	     48.68265448	    171.15468052
      0.40600000	     70.76808572	     23.59019002	    102.82774953	      0.00000000	     91.41360053	     47.00866767	    182.73632398	     48.68265448	    171.15468052
      0.40700000	     70.76808572	      0.00000000	    102.82774953	    127.69697457	      0.00000000	     47.00866767	    182.73632398	     48.68265448	    171.15468052
      0.40800000	     70.76808572	      0.00000000	    102.82774953	     11.40920566	      4.31106266	     47.00866767	    182.73632398	     48.68265448	    171.15468052
      0.40900000	     70.76808572	     23.87445905	    102.82774953	      0.00000000	     89.08600562	     47.00866767	    182.73632398	     11.01264445	    171.15468052
      0.41000000	     70.76808572	     22.21944424	    102.82774953	      0.00000000	      0.00000000	     47.00866767	    182.73632398	     11.01264445	    171.15468052
      0.41100000	     70.76808572	      0.00000000	    102.82774953	    127.13423858	      0.00000000	     47.00866767	    182.73632398	     11.01264445	    171.15468052
      0.41200000	     70.76808572	     22.27719021	    102.82774953	    129.76091268	      0.00000000	     47.00866767	    182.73632398	     48.68265448	    171.15468052
      0.41300000	     70.76808572	     23.93507231	    102.82774953	      0.00000000	     88.58342362	     47.00866767	    182.73632398	     48.68265448	    171.15468052
      0.41400000	     70.76808572	      0.00000000	    102.82774953	    117.34740932	      0.00000000	     47.00866767	    182.73632398	     48.68265448	    171.15468052
      0.41500000	     70.76808572	     21.61509585	    102.82774953	    128.75952101	      0.00000000	     47.00866767	    182.73632398	     11.01264445	    171.15468052
      0.41600000	     70.76808572	     21.79648989	    102.82774953	      0.00000000	     94.60699855	     47.00866767	    182.73632398	     48.68265448	    171.15468052
      0.41700000	     70.76808572	     23.69148469	    102.82774953	    127.82056839	      0.00000000	     47.00866767	    182.73632398	     11.01264445	    171.15468052
      0.41800000	     70.76808572	      0.00000000	    102.82774953	      0.00000000	     80.96766360	     47.00866767	    182.73632398	     48.68265448	    171.15468052
      0.41900000	     70.76808572	      0.00000000	    102.82774953	      0.00000000	     94.38549852	     47.00866767	    182.73632398	     11.01264445	    171.15468052
      0.42000000	     70.76808572	     24.00671069	    102.82774953	    128.63497896	      0.00000000	     47.00866767	    182.73632398	     48.68265448	    171.15468052
      0.42100000	     70.76808572	      0.00000000	    102.82774953	      0.00000000	     82.43430419	     47.00866767	    182.73632398	     48.68265448	    171.15468052
      0.42200000	     70.76808572	      9.40500580	    102.82774953	      0.00000000	      0.00000000	     47.00866767	    182.73632398	     11.01264445	    171.15468052
      0.42300000	     70.76808572	     24.13227305	    102.82774953	    128.82246725	     34.89841382	     47.00866767	    182.73632398	     48.68265448	    171.15468052
      0.42400000	     70.76808572	      0.00000000	    102.82774953	      0.00000000	     94.64640079	     47.00866767	    182.73632398	     48.68265448	    171.15468052
      0.42500000	     70.76808572	     22.11725305	    102.82774953	    119.77927102	      0.00000000	     47.00866767	    182.73632398	     48.68265448	    171.15468052
      0.42600000	     70.76808572	      0.00000000	    102.82774953	      0.00000000	     89.79916178	     47.00866767	    182.73632398	     48.68265448	    171.15468052
      0.42700000	     70.76808572	      0.00000000	    102.82774953	    121.88372655	      0.00000000	     47.00866767	    182.73632398	     48.68265448	    171.15468052
      0.42800000	     70.76808572	     22.37591667	    102.82774953	      0.00000000	     79.15560484	     47.00866767	    182.73632398	     48.68265448	    171.15468052
      0.42900000	     70.76808572	     23.21721767	    102.82774953	      0.00000000	     93.05339459	     47.00866767	    182.73632398	     21.28285665	    171.15468052
      0.43000000	     70.76808572	     23.01775744	    102.82774953	    129.65860072	      0.00000000	     47.00866767	    182.73632398	     48.68265448	    171.15468052
      0.43100000	     70.76808572	     23.87291789	    102.82774953	      0.00000000	     89.85139006	     47.00866767	    182.73632398	     11.01264445	    171.15468052
      0.43200000	     70.76808572	     23.73003596	    102.82774953	    120.94594265	      0.00000000	     47.00866767	    182.73632398	     48.68265448	    171.15468052
      0.43300000	     70.76808572	      0.00000000	    102.82774953	    128.66395273	      0.00000000	     47.00866767	    182.73632398	     11.01264445	    171.15468052
      0.43400000	     70.76808572	      0.00000000	    102.82774953	    129.39136336	      0.00000000	     47.00866767	    182.73632398	     48.68265448	    171.15468052
      0.43500000	     70.76808572	     22.53715266	    102.82774953	      0.00000000	     27.05708579	     47.00866767	    182.73632398	     48.68265448	    171.15468052
      0.43600000	     70.76808572	      0.00000000	    102.82774953	      0.00000000	     87.22521030	     47.00866767	    182.73632398	     48.68265448	    171.15468052
      0.43700000	     70.76808572	      0.00000000	    102.82774953	    129.31531771	      0.00000000	     47.00866767	    182.73632398	     48.68265448	    171.15468052
      0.43800000	     70.76808572	     21.37898367	    102.82774953	      0.00000000	     86.62709896	     47.00866767	    182.73632398	     11.01264445	    171.15468052
      0.43900000	     70.76808572	     21.80559343	    102.82774953	    126.48119994	      8.72855620	     47.00866767	    182.73632398	     11.01264445	    171.15468052
      0.44000000	     70.76808572	     21.51995134	    102.82774953	    129.39476221	      0.00000000	     47.00866767	    182.73632398	     11.01264445	    171.15468052
      0.44100000	     70.76808572	     21.19849558	    102.82774953	      0.00000000	     87.12590869	     47.00866767	    182.73632398	     48.68265448	    171.15468052
      0.44200000	     70.76808572	      0.00000000	    102.82774953	      0.00000000	     86.26996700	     47.00866767	    182.73632398	     48.68265448	    171.15468052
      0.44300000	     70.76808572	     22.30240469	    102.82774953	    120.51426387	     92.18648044	     47.00866767	    182.73632398	     48.68265448	    171.15468052
      0.44400000	     70.76808572	     21.71700757	    102.82774953	      0.00000000	     96.36843311	     47.00866767	    182.73632398	     20.31329169	    171.15468052
      0.44500000	     70.76808572	     23.77360096	    102.82774953	    125.69958851	      0.00000000	     47.00866767	    182.73632398	     48.68265448	    171.15468052
      0.44600000	     70.76808572	      0.00000000	    102.82774953	      0.00000000	     86.14077288	     47.00866767	    182.73632398	     48.68265448	    171.15468052
      0.44700000	     70.76808572	     23.36657836	    102.82774953	    117.95393164	      3.70070772	     47.00866767	    182.73632398	     11.01264445	    171.15468052
      0.44800000	     70.76808572	      0.00000000	    102.82774953	    129.82827476	      0.00000000	     47.00866767	    182.73632398	     48.68265448	    171.15468052
      0.44900000	     70.76808572	     22.59054515	    102.82774953	      0.00000000	     82.70101882	     47.00866767	    182.73632398	     11.01264445	    171.15468052
      0.45000000	     70.76808572	      0.00000000	    102.82774953	      0.00000000	     89.95428882	     47.00866767	    182.73632398	     11.01264445	    171.15468052
      0.45100000	     70.76808572	      0.00000000	    102.82774953	    126.24431269	     82.24300977	     47.00866767	    182.73632398	     11.01264445	    171.15468052
      0.45200000	     70.76808572	      0.00000000	    102.82774953	    120.97217744	     33.20505221	     47.00866767	    182.73632398	     11.01264445	    171.15468052
      0.45300000	     70.76808572	      2.36510505	    102.82774953	    127.43022578	      0.00000000	     47.00866767	    182.73632398	     48.68265448	    171.15468052
      0.45400000	     70.76808572	     22.61263691	    102.82774953	    128.80420673	      0.00000000	     47.00866767	    182.73632398	     48.68265448	    171.15468052
      0.45500000	     70.76808572	      7.02984141	    102.82774953	     46.55400935	      0.00000000	     47.00866767	    182.73632398	     11.01264445	    171.15468052
      0.45600000	     70.76808572	     23.57662522	    102.82774953	    129.58913811	      0.00000000	     47.00866767	    182.73632398	     48.68265448	    171.15468052
      0.45700000	     70.76808572	      0.00000000	    102.82774953	      0.00000000	     85.06412256	     47.00866767	    182.73632398	     48.68265448	    171.15468052
      0.45800000	     70.76808572	      0.00000000	    102.82774953	      6.90001086	     94.18218408	     47.00866767	    182.73632398	     11.01264445	    171.15468052
      0.45900000	     70.76808572	     22.77992995	    102.82774953	    129.85010147	      0.00000000	     47.00866767	    182.73632398	     48.68265448	    171.15468052
      0.46000000	     70.76808572	      0.00000000	    102.82774953	      0.00000000	     80.51030368	     47.00866767	    182.73632398	     48.68265448	    171.15468052
      0.46100000	     70.76808572	      0.00000000	    102.82774953	      0.00000000	     91.13206652	     47.00866767	    182.73632398	     11.01264445	    171.15468052
      0.46200000	     70.76808572	     21.41045506	    102.82774953	    129.12665819	      0.00000000	     47.00866767	    182.73632398	     48.68265448	    171.15468052
      0.46300000	     70.76808572	     23.40767114	    102.82774953	      0.00000000	     88.44604365	     47.00866767	    182.73632398	     48.68265448	    171.15468052
      0.46400000	     70.76808572	      0.00000000	    102.82774953	      0.00000000	     93.61961448	     47.00866767	    182.73632398	     11.01264445	    171.15468052
      0.46500000	     70.76808572	     23.25404063	    102.82774953	      0.00000000	      0.00000000	     47.00866767	    182.73632398	     48.68265448	    171.15468052
      0.46600000	     70.76808572	      0.00000000	    102.82774953	    124.43750315	      0.00000000	     47.00866767	    182.73632398	     48.68265448	    171.15468052
      0.46700000	     70.76808572	     23.72964716	    102.82774953	      0.00000000	     90.55430727	     47.00866767	    182.73632398	     11.01264445	    171.15468052
      0.46800000	     70.76808572	      0.00000000	    102.82774953	    113.97630400	      0.00000000	     47.00866767	    182.73632398	     48.68265448	    171.15468052
      0.46900000	     70.76808572	      0.00000000	    102.82774953	    128.56167874	      0.00000000	     47.00866767	    182.73632398	     11.01264445	    171.15468052
      0.47000000	     70.76808572	     21.68062320	    102.82774953	      0.00000000	     81.73164195	     47.00866767	    182.73632398	     48.68265448	    171.15468052
      0.47100000	     70.76808572	     22.00078523	    102.82774953	      0.00000000	     88.77203134	     47.00866767	    182.73632398	     11.01264445	    171.15468052
      0.47200000	     70.76808572	      0.00000000	    102.82774953	    128.33779248	      0.00000000	     47.00866767	    182.73632398	     48.68265448	    171.15468052
      0.47300000	     70.76808572	     23.24503187	    102.82774953	      0.00000000	     86.50830419	     47.00866767	    182.73632398	     48.68265448	    171.15468052
      0.47400000	     70.76808572	      0.00000000	    102.82774953	      0.00000000	     95.80901615	     47.00866767	    182.73632398	     48.68265448	    171.15468052
      0.47500000	     70.76808572	     22.00197404	    102.82774953	    128.85159705	      0.00000000	     47.00866767	    182.73632398	     48.68265448	    171.15468052
      0.47600000	     70.76808572	     22.94628038	    102.82774953	     31.88474197	      0.00000000	     47.00866767	    182.73632398	     48.68265448	    171.15468052
      0.47700000	     70.76808572	      0.00000000	    102.82774953	    129.27012260	      0.00000000	     47.00866767	    182.73632398	     48.68265448	    171.15468052
      0.47800000	     70.76808572	      0.00000000	    102.82774953	      9.29011239	     84.67609761	     47.00866767	    182.73632398	     11.01264445	    171.15468052
      0.47900000	     70.76808572	     21.32771178	    102.82774953	      0.00000000	     85.64977939	     47.00866767	    182.73632398	     48.68265448	    171.15468052
      0.48000000	     70.76808572	     23.82308611	    102.82774953	      0.00000000	     93.99491109	     47.00866767	    182.73632398	     48.68265448	    171.15468052
      0.48100000	     70.76808572	      0.00000000	    102.82774953	    124.50360054	      0.00000000	     47.00866767	    182.73632398	     48.68265448	    171.15468052
      0.48200000	     70.76808572	     20.96092311	    102.82774953	      0.00000000	     86.57590463	     47.00866767	    182.73632398	     48.68265448	    171.15468052
      0.48300000	     70.76808572	      0.00000000	    102.82774953	    125.02901667	      0.00000000	     47.00866767	    182.73632398	     11.01264445	    171.15468052
      0.48400000	     70.76808572	     21.54751219	    102.82774953	      0.00000000	     85.60681436	     47.00866767	    182.73632398	     48.68265448	    171.15468052
      0.48500000	     70.76808572	     23.67597705	    102.82774953	    119.71452652	      0.00000000	     47.00866767	    182.73632398	     48.68265448	    171.15468052
      0.48600000	     70.76808572	      0.00000000	    102.82774953	      0.00000000	     86.00444708	     47.00866767	    182.73632398	     48.68265448	    171.15468052
      0.48700000	     70.76808572	     21.20531101	    102.82774953	    113.78086193	      0.00000000	     47.00866767	    182.73632398	     48.68265448	    171.15468052
      0.48800000	     70.76808572	     22.28510640	    102.82774953	    129.79404906	      0.00000000	     47.00866767	    182.73632398	     48.68265448	    171.15468052
      0.48900000	     70.76808572	     23.50400054	    102.82774953	      0.00000000	     90.64323969	     47.00866767	    182.73632398	     48.68265448	    171.15468052
      0.49000000	     70.76808572	      0.00000000	    102.82774953	      0.00000000	     78.81189387	     47.00866767	    182.73632398	     11.01264445	    171.15468052
      0.49100000	     70.76808572	     23.00628574	    102.82774953	      7.43747067	     94.05346650	     47.00866767	    182.73632398	     11.01264445	    171.15468052
      0.49200000	     70.76808572	      0.00000000	    102.82774953	    129.87421334	      0.00000000	     47.00866767	    182.73632398	     11.01264445	    171.15468052
      0.49300000	     70.76808572	     21.74874811	    102.82774953	      0.00000000	     83.36278880	     47.00866767	    182.73632398	     11.02990558	    171.15468052
      0.49400000	     70.76808572	     23.60404794	    102.82774953	      0.00000000	     91.29571341	     47.00866767	    182.73632398	     48.68265448	    171.15468052
      0.49500000	     70.76808572	      0.00000000	    102.82774953	    120.89197705	      0.00000000	     47.00866767	    182.73632398	     48.68265448	    171.15468052
      0.49600000	     70.76808572	      0.00000000	    102.82774953	      1.41498727	     83.72152617	     47.00866767	    182.73632398	     48.68265448	    171.15468052
      0.49700000	     70.76808572	     21.33798503	    102.82774953	      0.00000000	     93.36988082	     47.00866767	    182.73632398	     48.68265448	    171.15468052
      0.49800000	     70.76808572	     23.89319029	    102.82774953	    119.74059345	      0.00000000	     47.00866767	    182.73632398	     11.01264445	    171.15468052
      0.49900000	     70.76808572	      0.00000000	    102.82774953	     18.69306615	     13.50888818	     47.00866767	    182.73632398	     48.68265448	    171.15468052
      0.50000000	     70.76808572	      9.50626728	    102.82774953	    126.01426091	      0.00000000	     47.00866767	    182.73632398	     11.01264445	    171.15468052
      0.50100000	     70.76808572	      0.00000000	    102.82774953	    129.27868578	      0.00000000	     47.00866767	    182.73632398	     48.68265448	    171.15468052
      0.50200000	     70.76808572	     20.93882260	    102.82774953	      0.00000000	     86.63375480	     47.00866767	    182.73632398	     48.68265448	    171.15468052
      0.50300000	     70.76808572	      0.00000000	    102.82774953	    116.77119812	      0.00000000	     47.00866767	    182.73632398	     11.01264445	    171.15468052
      0.50400000	     70.76808572	      0.00000000	    102.82774953	    129.25505137	      0.00000000	     47.00866767	    182.73632398	     11.01264445	    171.15468052
      0.50500000	     70.76808572	     21.71467359	    102.82774953	      0.00000000	     89.80716177	     47.00866767	    182.73632398	     48.68265448	    171.15468052
      0.50600000	     70.76808572	     22.37650205	    102.82774953	    126.21455175	      0.00000000	     47.00866767	    182.73632398	     48.68265448	    171.15468052
      0.50700000	     70.76808572	      0.00000000	    102.82774953	      0.00000000	     85.01672847	     47.00866767	    182.73632398	     11.01264445	    171.15468052
      0.50800000	     70.76808572	      0.00000000	    102.82774953	    117.71294602	      0.00000000	     47.00866767	    182.73632398	     48.68265448	    171.15468052
      0.50900000	     70.76808572	     21.01835911	    102.82774953	    129.82724093	      0.00000000	     47.00866767	    182.73632398	     48.68265448	    171.15468052
      0.51000000	     70.76808572	     23.25551438	    102.82774953	      0.00000000	     95.22269976	     47.00866767	    182.73632398	     48.68265448	    171.15468052
      0.51100000	     70.76808572	      0.00000000	    102.82774953	    128.47249927	      0.00000000	     47.00866767	    182.73632398	     48.68265448	    171.15468052
      0.51200000	     70.76808572	     20.77578383	    102.82774953	      0.00000000	     85.02506805	     47.00866767	    182.73632398	     48.68265448	    171.15468052
      0.51300000	     70.76808572	     23.71539322	    102.82774953	      0.00000000	     94.42481106	     47.00866767	    182.73632398	     48.68265448	    171.15468052
      0.51400000	     70.76808572	      0.00000000	    102.82774953	    125.89791883	      0.00000000	     47.00866767	    182.73632398	     11.01264445	    171.15468052
      0.51500000	     70.76808572	     22.93756619	    102.82774953	      0.00000000	      0.00000000	     47.00866767	    182.73632398	     48.68265448	    171.15468052
      0.51600000	     70.76808572	      0.00000000	    102.82774953	      0.00000000	     90.87837891	     47.00866767	    182.73632398	     11.01264445	    171.15468052
      0.51700000	     70.76808572	     22.90098288	    102.82774953	    117.36416556	      0.00000000	     47.00866767	    182.73632398	     11.01264445	    171.15468052
      0.51800000	     70.76808572	      1.23716188	    102.82774953	    128.84197829	      0.00000000	     47.00866767	    182.73632398	     11.01264445	    171.15468052
      0.51900000	     70.76808572	      0.00000000	    102.82774953	      0.00000000	     90.58371224	     47.00866767	    182.73632398	     11.18537037	    171.15468052
      0.52000000	     70.76808572	     21.33617670	    102.82774953	    121.11683275	      0.00000000	     47.00866767	    182.73632398	     48.68265448	    171.15468052
      0.52100000	     70.76808572	     23.36255703	    102.82774953	    129.17093565	      0.00000000	     47.00866767	    182.73632398	     11.01264445	    171.15468052
      0.52200000	     70.76808572	      0.00000000	    102.82774953	    127.51324100	     88.69933621	     47.00866767	    182.73632398	     11.01264445	    171.15468052
      0.52300000	     70.76808572	      0.00000000	    102.82774953	      0.00000000	     86.89323898	     47.00866767	    182.73632398	     48.68265448	    171.15468052
      0.52400000	     70.76808572	     22.47543228	    102.82774953	      0.00000000	     93.79843536	     47.00866767	    182.73632398	     48.68265448	    171.15468052
      0.52500000	     70.76808572	      0.00000000	    102.82774953	    125.56669714	      0.00000000	     47.00866767	    182.73632398	     48.68265448	    171.15468052
      0.52600000	     70.76808572	      0.00000000	    102.82774953	      0.62368328	     87.95738260	     47.00866767	    182.73632398	     48.68265448	    171.15468052
      0.52700000	     70.76808572	     20.60414553	    102.82774953	      0.00000000	     95.38923590	     47.00866767	    182.73632398	     48.68265448	    171.15468052
      0.52800000	     70.76808572	     22.78061260	    102.82774953	    127.33853063	      0.00000000	     47.00866767	    182.73632398	     48.68265448	    171.15468052
      0.52900000	     70.76808572	     23.30265442	    102.82774953	      0.00000000	     88.83507018	     47.00866767	    182.73632398	     48.68265448	    171.15468052
      0.53000000	     70.76808572	      0.00000000	    102.82774953	    113.61466022	      0.00000000	     47.00866767	    182.73632398	     11.01264445	    171.15468052
      0.53100000	     70.76808572	      0.00000000	    102.82774953	    129.28711908	      0.00000000	     47.00866767	    182.73632398	     11.01264445	    171.15468052
      0.53200000	     70.76808572	      0.00000000	    102.82774953	      0.00000000	     86.02011171	     47.00866767	    182.73632398	     11.01264445	    171.15468052
      0.53300000	     70.76808572	      0.00000000	    102.82774953	    120.30319597	      0.00000000	     47.00866767	    182.73632398	     48.68265448	    171.15468052
      0.53400000	     70.76808572	     21.75152653	    102.82774953	      5.57870885	     88.44067569	     47.00866767	    182.73632398	     48.68265448	    171.15468052
      0.53500000	     70.76808572	      0.00000000	    102.82774953	    122.17389790	      0.00000000	     47.00866767	    182.73632398	     48.68265448	    171.15468052
      0.53600000	     70.76808572	     22.13601657	    102.82774953	    129.74623020	      0.00000000	     47.00866767	    182.73632398	     48.68265448	    171.15468052
      0.53700000	     70.76808572	     21.98119857	    102.82774953	      0.00000000	     92.56587823	     47.00866767	    182.73632398	     48.68265448	    171.15468052
      0.53800000	     70.76808572	      0.00000000	    102.82774953	    112.68221396	      0.00000000	     47.00866767	    182.73632398	     48.68265448	    171.15468052
      0.53900000	     70.76808572	     21.35581910	    102.82774953	    126.65604084	      0.00000000	     47.00866767	    182.73632398	     11.01264445	    171.15468052
      0.54000000	     70.76808572	      0.00000000	    102.82774953	      0.00000000	     94.13773848	     47.00866767	    182.73632398	     48.68265448	    171.15468052
      0.54100000	     70.76808572	      1.51679499	    102.82774953	    122.12448531	      0.00000000	     47.00866767	    182.73632398	     11.01264445	    171.15468052
      0.54200000	     70.76808572	     22.64034000	    102.82774953	      0.00000000	     85.54218591	     47.00866767	    182.73632398	     48.68265448	    171.15468052
      0.54300000	     70.76808572	      0.00000000	    102.82774953	      0.00000000	     91.49473996	     47.00866767	    182.73632398	     48.68265448	    171.15468052
      0.54400000	     70.76808572	     21.12998676	    102.82774953	    124.41324231	      0.00000000	     47.00866767	    182.73632398	     48.68265448	    171.15468052
      0.54500000	     70.76808572	     22.23609018	    102.82774953	      0.00000000	     20.64742533	     47.00866767	    182.73632398	     48.68265448	    171.15468052
      0.54600000	     70.76808572	     23.50240211	    102.82774953	    126.35544190	     78.34760279	     47.00866767	    182.73632398	     11.01264445	    171.15468052
      0.54700000	     70.76808572	     23.37523269	    102.82774953	     44.46199735	      0.00000000	     47.00866767	    182.73632398	     48.68265448	    171.15468052
      0.54800000	     70.76808572	      0.00000000	    102.82774953	    127.48086812	     83.76926431	     47.00866767	    182.73632398	     11.01264445	    171.15468052
      0.54900000	     70.76808572	     18.46049941	    102.82774953	      0.00000000	     86.70908803	     47.00866767	    182.73632398	     11.01264445	    171.15468052
      0.55000000	     70.76808572	     22.30900993	    102.82774953	     60.35800594	     91.16416356	     47.00866767	    182.73632398	     11.01264445	    171.15468052
      0.55100000	     70.76808572	      0.00000000	    102.82774953	      0.00000000	     91.54592418	     47.00866767	    182.73632398	     11.01264445	    171.15468052
      0.55200000	     70.76808572	     22.05144944	    102.82774953	      0.00000000	      0.00000000	     47.00866767	    182.73632398	     48.68265448	    171.15468052
      0.55300000	     70.76808572	      0.00000000	    102.82774953	    128.37603064	      0.00000000	     47.00866767	    182.73632398	     48.68265448	    171.15468052
      0.55400000	     70.76808572	      0.00000000	    102.82774953	    125.74252291	      0.00000000	     47.00866767	    182.73632398	     11.01264445	    171.15468052
      0.55500000	     70.76808572	      0.00000000	    102.82774953	    129.01106786	      0.00000000	     47.00866767	    182.73632398	     48.68265448	    171.15468052
      0.55600000	     70.76808572	      0.00000000	    102.82774953	    129.46100192	      0.00000000	     47.00866767	    182.73632398	     48.68265448	    171.15468052
      0.55700000	     70.76808572	     21.49511269	    102.82774953	      0.00000000	     83.24747872	     47.00866767	    182.73632398	     48.68265448	    171.15468052
      0.55800000	     70.76808572	     23.04161189	    102.82774953	      0.00000000	     96.25298191	     47.00866767	    182.73632398	     48.68265448	    171.15468052
      0.55900000	     70.76808572	      0.00000000	    102.82774953	    115.85764546	      0.00000000	     47.00866767	    182.73632398	     11.01264445	    171.15468052
      0.56000000	     70.76808572	      0.00000000	    102.82774953	      0.00000000	     92.62804210	     47.00866767	    182.73632398	     11.01264445	    171.15468052
      0.56100000	     70.76808572	      0.00000000	    102.82774953	    118.84008180	      0.00000000	     47.00866767	    182.73632398	     11.01264445	    171.15468052
      0.56200000	     70.76808572	     21.01866342	    102.82774953	    129.75860216	      0.00000000	     47.00866767	    182.73632398	     48.68265448	    171.15468052
      0.56300000	     70.76808572	      0.00000000	    102.82774953	      0.00000000	     88.04823824	     47.00866767	    182.73632398	     11.01264445	    171.15468052
      0.56400000	     70.76808572	     22.68136288	    102.82774953	    122.72338089	      0.00000000	     47.00866767	    182.73632398	     48.68265448	    171.15468052
      0.56500000	     70.76808572	     22.54867919	    102.82774953	      0.00000000	     85.44555957	     47.00866767	    182.73632398	     11.01264445	    171.15468052
      0.56600000	     70.76808572	      0.00000000	    102.82774953	      0.00000000	     95.29571395	     47.00866767	    182.73632398	     48.68265448	    171.15468052
      0.56700000	     70.76808572	     21.77921549	    102.82774953	    123.98509305	      0.00000000	     47.00866767	    182.73632398	     48.68265448	    171.15468052
      0.56800000	     70.76808572	      0.00000000	    102.82774953	    121.79788921	     91.87941002	     47.00866767	    182.73632398	     48.68265448	    171.15468052
      0.56900000	     70.76808572	      0.00000000	    102.82774953	    128.46899236	      0.00000000	     47.00866767	    182.73632398	     11.01264445	    171.15468052
      0.57000000	     70.76808572	     21.46294127	    102.82774953	      0.00000000	     81.77998581	     47.00866767	    182.73632398	     48.68265448	    171.15468052
      0.57100000	     70.76808572	      0.00000000	    102.82774953	      0.00000000	     93.37919358	     47.00866767	    182.73632398	     48.68265448	    171.15468052
      0.57200000	     70.76808572	      0.00000000	    102.82774953	    122.70019986	      0.00000000	     47.00866767	    182.73632398	     48.68265448	    171.15468052
      0.57300000	     70.76808572	     20.52076962	    102.82774953	      0.00000000	     93.74319560	     47.00866767	    182.73632398	     48.68265448	    171.15468052
      0.57400000	     70.76808572	     23.40607052	    102.82774953	    128.72574285	      0.00000000	     47.00866767	    182.73632398	     11.01264445	    171.15468052
      0.57500000	     70.76808572	      0.00000000	    102.82774953	      0.00000000	     89.41601365	     47.00866767	    182.73632398	     48.68265448	    171.15468052
      0.57600000	     70.76808572	      0.00000000	    102.82774953	    123.33371372	      0.00000000	     47.00866767	    182.73632398	     48.68265448	    171.15468052
      0.57700000	     70.76808572	     22.80842535	    102.82774953	      0.00000000	     84.05655662	     47.00866767	    182.73632398	     48.68265448	    171.15468052
      0.57800000	     70.76808572	      0.00000000	    102.82774953	      0.00000000	     97.14267811	     47.00866767	    182.73632398	     48.68265448	    171.15468052
      0.57900000	     70.76808572	      0.00000000	    102.82774953	    124.71171196	      0.00000000	     47.00866767	    182.73632398	     11.01264445	    171.15468052
      0.58000000	     70.76808572	      0.00000000	    102.82774953	    129.21374797	      0.00000000	     47.00866767	    182.73632398	     48.68265448	    171.15468052
      0.58100000	     70.76808572	     20.62279129	    102.82774953	     10.72224206	      0.00000000	     47.00866767	    182.73632398	     11.01264445	    171.15468052
      0.58200000	     70.76808572	     22.62942743	    102.82774953	      0.00000000	     87.09671393	     47.00866767	    182.73632398	     48.68265448	    171.15468052
      0.58300000	     70.76808572	      0.00000000	    102.82774953	    111.22073759	      0.00000000	     47.00866767	    182.73632398	     48.68265448	    171.15468052
      0.58400000	     70.76808572	     20.35123699	    102.82774953	    129.71925692	      0.00000000	     47.00866767	    182.73632398	     48.68265448	    171.15468052
      0.58500000	     70.76808572	     23.33807234	    102.82774953	      0.00000000	     82.86122709	     47.00866767	    182.73632398	     48.68265448	    171.15468052
      0.58600000	     70.76808572	      0.00000000	    102.82774953	      0.00000000	     86.92258415	     47.00866767	    182.73632398	     48.68265448	    171.15468052
      0.58700000	     70.76808572	     22.56079322	    102.82774953	      0.00000000	     88.51635443	     47.00866767	    182.73632398	     11.01264445	    171.15468052
      0.58800000	     70.76808572	     22.40733993	    102.82774953	      0.00000000	     91.62417375	     47.00866767	    182.73632398	     11.01264445	    171.15468052
      0.58900000	     70.76808572	     22.50326180	    102.82774953	    120.99815867	     94.67927773	     47.00866767	    182.73632398	     48.68265448	    171.15468052
      0.59000000	     70.76808572	     21.78286166	    102.82774953	      0.00000000	      0.00000000	     47.00866767	    182.73632398	     11.01264445	    171.15468052
      0.59100000	     70.76808572	     22.92917564	    102.82774953	     19.13417326	     90.92906096	     47.00866767	    182.73632398	     48.68265448	    171.15468052
      0.59200000	     70.76808572	      0.00000000	    102.82774953	    124.22257807	      0.00000000	     47.00866767	    182.73632398	     11.01264445	    171.15468052
      0.59300000	     70.76808572	      0.00000000	    102.82774953	    128.52963385	     16.24923019	     47.00866767	    182.73632398	     11.61447891	    171.15468052
      0.59400000	     70.76808572	     21.21231720	    102.82774953	      0.00000000	     93.66498537	     47.00866767	    182.73632398	     48.68265448	    171.15468052
      0.59500000	     70.76808572	     23.14424114	    102.82774953	    126.00217547	      0.00000000	     47.00866767	    182.73632398	     48.68265448	    171.15468052
      0.59600000	     70.76808572	      0.00000000	    102.82774953	      0.00000000	     87.94731044	     47.00866767	    182.73632398	     48.68265448	    171.15468052
      0.59700000	     70.76808572	     22.00544733	    102.82774953	      2.56912496	     83.39081217	     47.00866767	    182.73632398	     11.01264445	    171.15468052
      0.59800000	     70.76808572	      0.00000000	    102.82774953	      0.00000000	     93.27125463	     47.00866767	    182.73632398	     48.68265448	    171.15468052
      0.59900000	     70.76808572	     20.25040198	    102.82774953	    113.66597331	      0.00000000	     47.00866767	    182.73632398	     11.15730108	    171.15468052
      0.60000000	     70.76808572	     18.44834976	    102.82774953	      0.00000000	     87.89002460	     47.00866767	    182.73632398	     48.68265448	    171.15468052
      0.60100000	     70.76808572	      0.00000000	    102.82774953	    116.63846683	      1.41064904	     47.00866767	    182.73632398	     11.01264445	    171.15468052
      0.60200000	     70.76808572	      0.00000000	    102.82774953	    129.87381513	      0.00000000	     47.00866767	    182.73632398	     48.68265448	    171.15468052
      0.60300000	     70.76808572	     20.48046050	    102.82774953	      0.00000000	     90.49016682	     47.00866767	    182.73632398	     11.01264445	    171.15468052
      0.60400000	     70.76808572	     23.13131572	    102.82774953	    127.23845867	      0.00000000	     47.00866767	    182.73632398	     48.68265448	    171.15468052
      0.60500000	     70.76808572	      0.00000000	    102.82774953	      0.00000000	     90.34879442	     47.00866767	    182.73632398	     48.68265448	    171.15468052
      0.60600000	     70.76808572	     22.83552034	    102.82774953	    113.28939268	      7.35096513	     47.00866767	    182.73632398	     48.68265448	    171.15468052
      0.60700000	     70.76808572	      0.00000000	    102.82774953	    122.98036988	      0.00000000	     47.00866767	    182.73632398	     11.01264445	    171.15468052
      0.60800000	     70.76808572	      0.00000000	    102.82774953	    128.75178667	      5.89957403	     47.00866767	    182.73632398	     48.68265448	    171.15468052
      0.60900000	     70.76808572	      0.00000000	    102.82774953	    128.41848292	      0.00000000	     47.00866767	    182.73632398	     48.68265448	    171.15468052
      0.61000000	     70.76808572	     21.13634121	    102.82774953	    120.34278716	     85.49624925	     47.00866767	    182.73632398	     48.68265448	    171.15468052
      0.61100000	     70.76808572	     23.21994107	    102.82774953	      0.00000000	     89.50074117	     47.00866767	    182.73632398	     48.68265448	    171.15468052
      0.61200000	     70.76808572	      0.00000000	    102.82774953	    122.23041486	     85.49131697	     47.00866767	    182.73632398	     48.68265448	    171.15468052
      0.61300000	     70.76808572	      0.00000000	    102.82774953	      3.31480027	      0.00000000	     47.00866767	    182.73632398	     11.01264445	    171.15468052
      0.61400000	     70.76808572	     21.82515215	    102.82774953	    128.68491288	      0.00000000	     47.00866767	    182.73632398	     48.68265448	    171.15468052
      0.61500000	     70.76808572	      0.00000000	    102.82774953	      0.00000000	     90.80491542	     47.00866767	    182.73632398	     11.01264445	    171.15468052
      0.61600000	     70.76808572	      0.00000000	    102.82774953	    123.31843448	      0.00000000	     47.00866767	    182.73632398	     11.01264445	    171.15468052
      0.61700000	     70.76808572	     22.11963016	    102.82774953	    129.51214241	      0.00000000	     47.00866767	    182.73632398	     48.68265448	    171.15468052
      0.61800000	     70.76808572	      0.00000000	    102.82774953	      0.00000000	     10.47080414	     47.00866767	    182.73632398	     11.01264445	    171.15468052
      0.61900000	     70.76808572	      0.00000000	    102.82774953	      0.00000000	     83.05791943	     47.00866767	    182.73632398	     48.68265448	    171.15468052
      0.62000000	     70.76808572	     14.20305117	    102.82774953	      0.00000000	     95.86385668	     47.00866767	    182.73632398	     48.68265448	    171.15468052
      0.62100000	     70.76808572	     21.55211928	    102.82774953	    117.23050183	      2.78682984	     47.00866767	    182.73632398	     11.01264445	    171.15468052
      0.62200000	     70.76808572	      0.00000000	    102.82774953	    121.08577551	      0.00000000	     47.00866767	    182.73632398	     11.01264445	    171.15468052
      0.62300000	     70.76808572	      0.00000000	    102.82774953	      0.00000000	     86.73804008	     47.00866767	    182.73632398	     48.68265448	    171.15468052
      0.62400000	     70.76808572	     20.87324225	    102.82774953	      0.00000000	     94.53438256	     47.00866767	    182.73632398	     11.01264445	    171.15468052
      0.62500000	     70.76808572	     22.21177379	    102.82774953	    108.66603530	      0.00000000	     47.00866767	    182.73632398	     48.68265448	    171.15468052
      0.62600000	     70.76808572	      0.00000000	    102.82774953	    116.13477889	     95.36282584	     47.00866767	    182.73632398	     48.68265448	    171.15468052
      0.62700000	     70.76808572	      0.00000000	    102.82774953	    129.27429883	      0.00000000	     47.00866767	    182.73632398	     48.68265448	    171.15468052
      0.62800000	     70.76808572	      0.00000000	    102.82774953	      0.00000000	     84.51477803	     47.00866767	    182.73632398	     48.68265448	    171.15468052
      0.62900000	     70.76808572	     20.37220703	    102.82774953	      6.08201574	     90.74570328	     47.00866767	    182.73632398	     48.68265448	    171.15468052
      0.63000000	     70.76808572	     22.89990278	    102.82774953	    128.47906297	      0.00000000	     47.00866767	    182.73632398	     48.68265448	    171.15468052
      0.63100000	     70.76808572	      0.00000000	    102.82774953	      0.00000000	     88.43819025	     47.00866767	    182.73632398	     48.68265448	    171.15468052
      0.63200000	     70.76808572	     19.94551533	    102.82774953	    123.77348462	      0.00000000	     47.00866767	    182.73632398	     11.01264445	    171.15468052
      0.63300000	     70.76808572	     22.02191845	    102.82774953	      0.00000000	     85.88469946	     47.00866767	    182.73632398	     11.01264445	    171.15468052
      0.63400000	     70.76808572	      0.00000000	    102.82774953	    113.49916087	      0.00000000	     47.00866767	    182.73632398	     11.01264445	    171.15468052
      0.63500000	     70.76808572	      0.00000000	    102.82774953	    129.19338645	      0.00000000	     47.00866767	    182.73632398	     48.68265448	    171.15468052
      0.63600000	     70.76808572	      3.62480603	    102.82774953	    121.13945685	     12.19917604	     47.00866767	    182.73632398	     48.68265448	    171.15468052
      0.63700000	     70.76808572	     21.45171172	    102.82774953	    129.71822978	     83.31954187	     47.00866767	    182.73632398	     48.68265448	    171.15468052
      0.63800000	     70.76808572	     22.54547824	    102.82774953	      0.00000000	     97.67395488	     47.00866767	    182.73632398	     11.01264445	    171.15468052
      0.63900000	     70.76808572	      0.00000000	    102.82774953	    125.27032081	      0.00000000	     47.00866767	    182.73632398	     11.01264445	    171.15468052
      0.64000000	     70.76808572	      0.00000000	    102.82774953	      0.00000000	     86.82070830	     47.00866767	    182.73632398	     48.68265448	    171.15468052
      0.64100000	     70.76808572	     20.93367784	    102.82774953	    125.06659608	      0.00000000	     47.00866767	    182.73632398	     48.68265448	    171.15468052
      0.64200000	     70.76808572	     22.25458808	    102.82774953	      0.14266166	     85.93226357	     47.00866767	    182.73632398	     11.01264445	    171.15468052
      0.64300000	     70.76808572	     22.68038882	    102.82774953	      0.00000000	     95.45770600	     47.00866767	    182.73632398	     48.68265448	    171.15468052
      0.64400000	     70.76808572	      0.00000000	    102.82774953	    121.08392446	      0.00000000	     47.00866767	    182.73632398	     48.68265448	    171.15468052
      0.64500000	     70.76808572	      0.00000000	    102.82774953	      0.00000000	     87.45351447	     47.00866767	    182.73632398	     48.68265448	    171.15468052
      0.64600000	     70.76808572	     21.20097953	    102.82774953	      0.00000000	     94.47362610	     47.00866767	    182.73632398	     48.68265448	    171.15468052
      0.64700000	     70.76808572	      0.00000000	    102.82774953	    119.54867678	      0.00000000	     47.00866767	    182.73632398	     11.01264445	    171.15468052
      0.64800000	     70.76808572	      0.00000000	    102.82774953	      0.00000000	     95.49406348	     47.00866767	    182.73632398	     11.01264445	    171.15468052
      0.64900000	     70.76808572	      5.69365385	    102.82774953	    118.96792730	      0.00000000	     47.00866767	    182.73632398	     48.68265448	    171.15468052
      0.65000000	     70.76808572	     20.75805551	    102.82774953	      0.00000000	     89.05169852	     47.00866767	    182.73632398	     11.01264445	    171.15468052
      0.65100000	     70.76808572	      0.00000000	    102.82774953	      0.00000000	     98.72210832	     47.00866767	    182.73632398	     11.01264445	    171.15468052
      0.65200000	     70.76808572	      0.03614790	    102.82774953	    119.94045393	      0.00000000	     47.00866767	    182.73632398	     48.68265448	    171.15468052
      0.65300000	     70.76808572	     22.37148034	    102.82774953	      0.00000000	     94.06820683	     47.00866767	    182.73632398	     48.68265448	    171.15468052
      0.65400000	     70.76808572	      0.00000000	    102.82774953	    114.41395946	      0.00000000	     47.00866767	    182.73632398	     48.68265448	    171.15468052
      0.65500000	     70.76808572	     22.99574967	    102.82774953	    128.55247867	      0.00000000	     47.00866767	    182.73632398	     48.68265448	    171.15468052
      0.65600000	     70.76808572	      0.00000000	    102.82774953	      0.00000000	     88.85637031	     47.00866767	    182.73632398	     48.68265448	    171.15468052
      0.65700000	     70.76808572	     20.57941678	    102.82774953	    125.01032320	      0.00000000	     47.00866767	    182.73632398	     11.01264445	    171.15468052
      0.65800000	     70.76808572	      0.00000000	    102.82774953	    126.58475518	      0.00000000	     47.00866767	    182.73632398	     48.68265448	    171.15468052
      0.65900000	     70.76808572	      0.00000000	    102.82774953	      0.00000000	     86.44147209	     47.00866767	    182.73632398	     11.01264445	    171.15468052
      0.66000000	     70.76808572	     20.13565436	    102.82774953	      0.00000000	     93.35909945	     47.00866767	    182.73632398	     48.68265448	    171.15468052
      0.66100000	     70.76808572	     20.71404393	    102.82774953	      0.00000000	     94.83870349	     47.00866767	    182.73632398	     48.68265448	    171.15468052
      0.66200000	     70.76808572	      0.00000000	    102.82774953	    110.22397888	      0.00000000	     47.00866767	    182.73632398	     48.68265448	    171.15468052
      0.66300000	     70.76808572	      0.00000000	    102.82774953	    128.91198259	      0.00000000	     47.00866767	    182.73632398	     14.51596965	    171.15468052
      0.66400000	     70.76808572	     21.36418780	    102.82774953	    125.51922183	     90.25929643	     47.00866767	    182.73632398	     48.68265448	    171.15468052
      0.66500000	     70.76808572	      8.41808015	    102.82774953	    129.71684760	      0.00000000	     47.00866767	    182.73632398	     11.01264445	    171.15468052
      0.66600000	     70.76808572	      0.00000000	    102.82774953	      0.00000000	     92.54884097	     47.00866767	    182.73632398	     11.01264445	    171.15468052
      0.66700000	     70.76808572	     20.27773640	    102.82774953	    129.13729141	      0.00000000	     47.00866767	    182.73632398	     11.01264445	    171.15468052
      0.66800000	     70.76808572	     22.14549309	    102.82774953	      0.00000000	     83.71527201	     47.00866767	    182.73632398	     11.01264445	    171.15468052
      0.66900000	     70.76808572	      0.00000000	    102.82774953	      0.00000000	     87.06340721	     47.00866767	    182.73632398	     48.68265448	    171.15468052
      0.67000000	     70.76808572	     21.63889216	    102.82774953	      0.39677384	     89.68826103	     47.00866767	    182.73632398	     48.68265448	    171.15468052
      0.67100000	     70.76808572	      0.00000000	    102.82774953	      0.02860123	      0.00000000	     47.00866767	    182.73632398	     48.68265448	    171.15468052
      0.67200000	     70.76808572	      0.00000000	    102.82774953	      0.00000000	     90.16294571	     47.00866767	    182.73632398	     11.01264445	    171.15468052
      0.67300000	     70.76808572	     20.92254531	    102.82774953	    120.36758859	      0.00000000	     47.00866767	    182.73632398	     48.68265448	    171.15468052
      0.67400000	     70.76808572	     22.68733724	    102.82774953	      0.00000000	     13.32604846	     47.00866767	    182.73632398	     48.68265448	    171.15468052
      0.67500000	     70.76808572	      5.28933264	    102.82774953	      0.00000000	     92.78700210	     47.00866767	    182.73632398	     48.68265448	    171.15468052
      0.67600000	     70.76808572	     22.63962703	    102.82774953	    128.80822843	     32.97646961	     47.00866767	    182.73632398	     48.68265448	    171.15468052
      0.67700000	     70.76808572	      0.00000000	    102.82774953	      0.00000000	     95.67220201	     47.00866767	    182.73632398	     48.68265448	    171.15468052
      0.67800000	     70.76808572	     19.66347265	    102.82774953	      0.00000000	     85.90864118	     47.00866767	    182.73632398	     11.01264445	    171.15468052
      0.67900000	     70.76808572	     22.06767547	    102.82774953	      0.00000000	     97.90656064	     47.00866767	    182.73632398	     48.68265448	    171.15468052
      0.68000000	     70.76808572	      0.00000000	    102.82774953	    125.44168847	      0.00000000	     47.00866767	    182.73632398	     48.68265448	    171.15468052
      0.68100000	     70.76808572	     19.87763357	    102.82774953	    129.30315333	     79.59040919	     47.00866767	    182.73632398	     11.01264445	    171.15468052
      0.68200000	     70.76808572	     21.66006574	    102.82774953	      0.00000000	     87.40787530	     47.00866767	    182.73632398	     48.68265448	    171.15468052
      0.68300000	     70.76808572	     20.67430694	    102.82774953	    126.24278460	      0.00000000	     47.00866767	    182.73632398	     11.01264445	    171.15468052
      0.68400000	     70.76808572	     22.22373328	    102.82774953	      0.00000000	     83.98190626	     47.00866767	    182.73632398	     48.68265448	    171.15468052
      0.68500000	     70.76808572	      0.00000000	    102.82774953	    118.75503824	      0.00000000	     47.00866767	    182.73632398	     48.68265448	    171.15468052
      0.68600000	     70.76808572	      0.00000000	    102.82774953	    129.50270809	      0.00000000	     47.00866767	    182.73632398	     11.01264445	    171.15468052
      0.68700000	     70.76808572	      0.00000000	    102.82774953	      0.00000000	     95.52583815	     47.00866767	    182.73632398	     48.68265448	    171.15468052
      0.68800000	     70.76808572	     19.68826431	    102.82774953	    115.90962703	      0.00000000	     47.00866767	    182.73632398	     48.68265448	    171.15468052
      0.68900000	     70.76808572	      0.00000000	    102.82774953	    121.42802245	      0.00000000	     47.00866767	    182.73632398	     48.68265448	    171.15468052
      0.69000000	     70.76808572	     19.69136064	    102.82774953	      0.00000000	     90.06640055	     47.00866767	    182.73632398	     11.01264445	    171.15468052
      0.69100000	     70.76808572	     20.33467870	    102.82774953	    109.43667922	      0.00000000	     47.00866767	    182.73632398	     48.68265448	    171.15468052
      0.69200000	     70.76808572	      0.00000000	    102.82774953	    125.64373610	      0.00000000	     47.00866767	    182.73632398	     48.68265448	    171.15468052
      0.69300000	     70.76808572	     20.10150560	    102.82774953	    127.37490844	      0.00000000	     47.00866767	    182.73632398	     48.68265448	    171.15468052
      0.69400000	     70.76808572	     17.70006912	    102.82774953	      0.00000000	     84.29503819	     47.00866767	    182.73632398	     11.01264445	    171.15468052
      0.69500000	     70.76808572	     20.82036708	    102.82774953	      0.00000000	     94.82520411	     47.00866767	    182.73632398	     11.01264445	    171.15468052
      0.69600000	     70.76808572	     22.67914065	    102.82774953	    127.12665364	      0.00000000	     47.00866767	    182.73632398	     11.01264445	    171.15468052
      0.69700000	     70.76808572	      0.00000000	    102.82774953	      0.00000000	     94.95695628	     47.00866767	    182.73632398	     11.01264445	    171.15468052
      0.69800000	     70.76808572	      0.00000000	    102.82774953	    122.54300271	      0.00000000	     47.00866767	    182.73632398	     48.68265448	    171.15468052
      0.69900000	     70.76808572	      0.00000000	    102.82774953	    126.05474009	     89.17147055	     47.00866767	    182.73632398	     48.68265448	    171.15468052
      0.70000000	     70.76808572	     20.24977332	    102.82774953	      0.00000000	     91.91999004	     47.00866767	    182.73632398	     48.68265448	    171.15468052
      0.70100000	     70.76808572	      0.00000000	    102.82774953	      0.00000000	     92.51228946	     47.00866767	    182.73632398	     11.01264445	    171.15468052
      0.70200000	     70.76808572	     20.33347571	    102.82774953	    121.78585944	      0.00000000	     47.00866767	    182.73632398	     11.01264445	    171.15468052
      0.70300000	     70.76808572	     21.53368888	    102.82774953	      0.00000000	      0.00000000	     47.00866767	    182.73632398	     48.68265448	    171.15468052
      0.70400000	     70.76808572	      0.00000000	    102.82774953	      0.00000000	     89.57021002	     47.00866767	    182.73632398	     48.68265448	    171.15468052
      0.70500000	     70.76808572	     21.08178446	    102.82774953	    121.45885743	      0.00000000	     47.00866767	    182.73632398	     48.68265448	    171.15468052
      0.70600000	     70.76808572	      0.00000000	    102.82774953	    129.21348845	      0.00000000	     47.00866767	    182.73632398	     48.68265448	    171.15468052
      0.70700000	     70.76808572	     22.43364657	    102.82774953	      0.00000000	     89.11092245	     47.00866767	    182.73632398	     48.68265448	    171.15468052
      0.70800000	     70.76808572	      0.00000000	    102.82774953	    120.08067843	     91.78061928	     47.00866767	    182.73632398	     48.68265448	    171.15468052
      0.70900000	     70.76808572	      0.00000000	    102.82774953	    110.65245947	      9.92305835	     47.00866767	    182.73632398	     48.68265448	    171.15468052
      0.71000000	     70.76808572	      6.48587820	    102.82774953	      0.00000000	     93.00771911	     47.00866767	    182.73632398	     11.01264445	    171.15468052
      0.71100000	     70.76808572	      0.00000000	    102.82774953	    111.20548509	      0.00000000	     47.00866767	    182.73632398	     48.68265448	    171.15468052
      0.71200000	     70.76808572	     20.84277170	    102.82774953	    129.26820291	      0.00000000	     47.00866767	    182.73632398	     48.68265448	    171.15468052
      0.71300000	     70.76808572	      0.00000000	    102.82774953	      0.00000000	     87.20253439	     47.00866767	    182.73632398	     48.68265448	    171.15468052
      0.71400000	     70.76808572	      0.00000000	    102.82774953	    129.72832763	      0.00000000	     47.00866767	    182.73632398	     48.68265448	    171.15468052
      0.71500000	     70.76808572	      0.00000000	    102.82774953	      0.00000000	     86.62641871	     47.00866767	    182.73632398	     11.01264445	    171.15468052
      0.71600000	     70.76808572	     19.84534482	    102.82774953	      0.00000000	     99.70534263	     47.00866767	    182.73632398	     48.68265448	    171.15468052
      0.71700000	     70.76808572	     22.63816766	    102.82774953	    122.18268148	      0.00000000	     47.00866767	    182.73632398	     48.68265448	    171.15468052
      0.71800000	     70.76808572	      0.00000000	    102.82774953	      0.00000000	      1.54143798	     47.00866767	    182.73632398	     11.01264445	    171.15468052
      0.71900000	     70.76808572	      0.00000000	    102.82774953	    127.68697169	     88.11754221	     47.00866767	    182.73632398	     48.68265448	    171.15468052
      0.72000000	     70.76808572	     21.33787165	    102.82774953	      0.00000000	     85.40349065	     47.00866767	    182.73632398	     11.01264445	    171.15468052
      0.72100000	     70.76808572	      0.00000000	    102.82774953	    126.96100134	      0.00000000	     47.00866767	    182.73632398	     48.68265448	    171.15468052
      0.72200000	     70.76808572	      0.00000000	    102.82774953	      0.00000000	     91.30389396	     47.00866767	    182.73632398	     48.68265448	    171.15468052
      0.72300000	     70.76808572	     22.09118067	    102.82774953	      0.00000000	     90.20785625	     47.00866767	    182.73632398	     48.68265448	    171.15468052
      0.72400000	     70.76808572	      0.00000000	    102.82774953	    118.83195183	      0.00000000	     47.00866767	    182.73632398	     11.01264445	    171.15468052
      0.72500000	     70.76808572	      0.00000000	    102.82774953	      4.73111483	      0.00000000	     47.00866767	    182.73632398	     48.68265448	    171.15468052
      0.72600000	     70.76808572	     22.39086787	    102.82774953	      0.00000000	     89.29398550	     47.00866767	    182.73632398	     11.01264445	    171.15468052
      0.72700000	     70.76808572	      0.00000000	    102.82774953	    124.96258263	     91.15675699	     47.00866767	    182.73632398	     11.01264445	    171.15468052
      0.72800000	     70.76808572	      0.00000000	    102.82774953	      0.00000000	     96.91850996	     47.00866767	    182.73632398	     48.68265448	    171.15468052
      0.72900000	     70.76808572	     20.14601927	    102.82774953	    118.77306487	      0.00000000	     47.00866767	    182.73632398	     48.68265448	    171.15468052
      0.73000000	     70.76808572	      0.02266082	    102.82774953	    128.14624742	      0.00000000	     47.00866767	    182.73632398	     11.01264445	    171.15468052
      0.73100000	     70.76808572	      0.00000000	    102.82774953	      0.00000000	     91.62970154	     47.00866767	    182.73632398	     48.68265448	    171.15468052
      0.73200000	     70.76808572	     20.93142490	    102.82774953	    121.28739759	      1.84421188	     47.00866767	    182.73632398	     48.68265448	    171.15468052
      0.73300000	     70.76808572	      0.00000000	    102.82774953	    129.03016758	      0.00000000	     47.00866767	    182.73632398	     11.01264445	    171.15468052
      0.73400000	     70.76808572	      0.00000000	    102.82774953	      0.00000000	     83.89587924	     47.00866767	    182.73632398	     48.68265448	    171.15468052
      0.73500000	     70.76808572	     19.90149202	    102.82774953	      0.00000000	     93.91768226	     47.00866767	    182.73632398	     11.01264445	    171.15468052
      0.73600000	     70.76808572	      0.00000000	    102.82774953	    123.48945492	      0.00000000	     47.00866767	    182.73632398	     48.68265448	    171.15468052
      0.73700000	     70.76808572	     16.54719339	    102.82774953	      0.00000000	     95.37201353	     47.00866767	    182.73632398	     48.68265448	    171.15468052
      0.73800000	     70.76808572	      0.03603234	    102.82774953	    117.96755308	      0.00000000	     47.00866767	    182.73632398	     48.68265448	    171.15468052
      0.73900000	     70.76808572	     19.64581584	    102.82774953	    129.61453232	      0.00000000	     47.00866767	    182.73632398	     11.01264445	    171.15468052
      0.74000000	     70.76808572	     21.93151624	    102.82774953	      0.00000000	     87.90044522	     47.00866767	    182.73632398	     48.68265448	    171.15468052
      0.74100000	     70.76808572	     22.03820994	    102.82774953	      0.00000000	     87.34997953	     47.00866767	    182.73632398	     48.68265448	    171.15468052
      0.74200000	     70.76808572	      0.00000000	    102.82774953	      0.00000000	     94.37192048	     47.00866767	    182.73632398	     11.01264445	    171.15468052
      0.74300000	     70.76808572	      0.00000000	    102.82774953	    111.59232754	      0.00000000	     47.00866767	    182.73632398	     11.01264445	    171.15468052
      0.74400000	     70.76808572	     21.00491480	    102.82774953	     45.37135548	      0.00000000	     47.00866767	    182.73632398	     11.01264445	    171.15468052
      0.74500000	     70.76808572	     21.61948160	    102.82774953	      0.00000000	     92.01455449	     47.00866767	    182.73632398	     48.68265448	    171.15468052
      0.74600000	     70.76808572	      0.00000000	    102.82774953	    120.41533041	      0.00000000	     47.00866767	    182.73632398	     48.68265448	    171.15468052
      0.74700000	     70.76808572	     19.40638827	    102.82774953	    126.85674325	      0.00000000	     47.00866767	    182.73632398	     48.68265448	    171.15468052
      0.74800000	     70.76808572	      0.00000000	    102.82774953	      0.00000000	     87.14875863	     47.00866767	    182.73632398	     48.68265448	    171.15468052
      0.74900000	     70.76808572	      0.00000000	    102.82774953	     29.89221074	      0.00000000	     47.00866767	    182.73632398	     48.68265448	    171.15468052
      0.75000000	     70.76808572	     21.52221651	    102.82774953	    128.76460159	      0.00000000	     47.00866767	    182.73632398	     48.68265448	    171.15468052
      0.75100000	     70.76808572	      0.00000000	    102.82774953	      0.00000000	     84.80089652	     47.00866767	    182.73632398	     11.01264445	    171.15468052
      0.75200000	     70.76808572	     19.81948140	    102.82774953	      0.00000000	     88.58651584	     47.00866767	    182.73632398	     48.68265448	    171.15468052
      0.75300000	     70.76808572	     20.63037903	    102.82774953	     37.18757993	     91.72269665	     47.00866767	    182.73632398	     48.68265448	    171.15468052
      0.75400000	     70.76808572	      0.00000000	    102.82774953	    129.47193089	      0.00000000	     47.00866767	    182.73632398	     48.68265448	    171.15468052
      0.75500000	     70.76808572	     20.10013919	    102.82774953	      0.00000000	     86.07345577	     47.00866767	    182.73632398	     48.68265448	    171.15468052
      0.75600000	     70.76808572	     21.25083385	    102.82774953	      0.00000000	      0.80207088	     47.00866767	    182.73632398	     11.01264445	    171.15468052
      0.75700000	     70.76808572	      0.00000000	    102.82774953	    124.86622508	      0.00000000	     47.00866767	    182.73632398	     48.68265448	    171.15468052
      0.75800000	     70.76808572	     20.42902457	    102.82774953	    123.91935769	     93.12075008	     47.00866767	    182.73632398	     11.01264445	    171.15468052
      0.75900000	     70.76808572	     22.42207538	    102.82774953	    128.91638507	      0.00000000	     47.00866767	    182.73632398	     48.68265448	    171.15468052
      0.76000000	     70.76808572	      0.00000000	    102.82774953	      0.00000000	     90.33528567	     47.00866767	    182.73632398	     48.68265448	    171.15468052
      0.76100000	     70.76808572	     19.76860103	    102.82774953	      0.00000000	      0.00000000	     47.00866767	    182.73632398	     48.68265448	    171.15468052
      0.76200000	     70.76808572	     22.24388345	    102.82774953	    123.30897015	      0.00000000	     47.00866767	    182.73632398	     48.68265448	    171.15468052
      0.76300000	     70.76808572	      0.00000000	    102.82774953	      0.00000000	     87.27919389	     47.00866767	    182.73632398	     11.01264445	    171.15468052
      0.76400000	     70.76808572	      0.00000000	    102.82774953	      0.00000000	     96.39356193	     47.00866767	    182.73632398	     48.68265448	    171.15468052
      0.76500000	     70.76808572	     19.61582595	    102.82774953	    118.11471273	      0.00000000	     47.00866767	    182.73632398	     48.68265448	    171.15468052
      0.76600000	     70.76808572	     20.98523976	    102.82774953	    114.58185304	     86.01470868	     47.00866767	    182.73632398	     48.68265448	    171.15468052
      0.76700000	     70.76808572	     21.12388719	    102.82774953	      0.00000000	     97.64679610	     47.00866767	    182.73632398	     48.68265448	    171.15468052
      0.76800000	     70.76808572	      2.66316229	    102.82774953	      0.00000000	      0.00000000	     47.00866767	    182.73632398	     48.68265448	    171.15468052
      0.76900000	     70.76808572	      0.00000000	    102.82774953	    119.11481533	      0.00000000	     47.00866767	    182.73632398	     48.68265448	    171.15468052
      0.77000000	     70.76808572	      0.00000000	    102.82774953	      0.00000000	      0.00000000	     47.00866767	    182.73632398	     48.68265448	    171.15468052
      0.77100000	     70.76808572	     17.62410334	    102.82774953	      0.00000000	     93.29727876	     47.00866767	    182.73632398	     11.01264445	    171.15468052
      0.77200000	     70.76808572	     20.74356219	    102.82774953	    119.87278982	      0.00000000	     47.00866767	    182.73632398	     11.01264445	    171.15468052
      0.77300000	     70.76808572	      0.00000000	    102.82774953	    124.58698522	      0.00000000	     47.00866767	    182.73632398	     11.01264445	    171.15468052
      0.77400000	     70.76808572	      0.00000000	    102.82774953	      0.00000000	     89.69917950	     47.00866767	    182.73632398	     48.68265448	    171.15468052
      0.77500000	     70.76808572	     19.96766992	    102.82774953	    116.50875889	      0.00000000	     47.00866767	    182.73632398	     11.01264445	    171.15468052
      0.77600000	     70.76808572	     21.80933896	    102.82774953	      0.00000000	     87.86782765	     47.00866767	    182.73632398	     11.01264445	    171.15468052
      0.77700000	     70.76808572	      0.00000000	    102.82774953	      0.00000000	    100.39431241	     47.00866767	    182.73632398	     48.68265448	    171.15468052
      0.77800000	     70.76808572	      0.00000000	    102.82774953	    125.44075148	      0.00000000	     47.00866767	    182.73632398	     48.68265448	    171.15468052
      0.77900000	     70.76808572	     20.59118727	    102.82774953	      0.00000000	     83.52556577	     47.00866767	    182.73632398	     48.68265448	    171.15468052
      0.78000000	     70.76808572	      0.00000000	    102.82774953	      0.00000000	     94.94440080	     47.00866767	    182.73632398	     11.01264445	    171.15468052
      0.78100000	     70.76808572	      0.00000000	    102.82774953	    128.91423426	      0.00000000	     47.00866767	    182.73632398	     11.01264445	    171.15468052
      0.78200000	     70.76808572	     19.65487618	    102.82774953	      0.00000000	     95.75859021	     47.00866767	    182.73632398	     11.01264445	    171.15468052
      0.78300000	     70.76808572	      0.00000000	    102.82774953	    120.25614535	      0.00000000	     47.00866767	    182.73632398	     48.68265448	    171.15468052
      0.78400000	     70.76808572	     19.11301311	    102.82774953	    121.38171617	     40.83953795	     47.00866767	    182.73632398	     48.68265448	    171.15468052
      0.78500000	     70.76808572	     21.16858084	    102.82774953	      0.00000000	     91.93855383	     47.00866767	    182.73632398	     48.68265448	    171.15468052
      0.78600000	     70.76808572	      0.00000000	    102.82774953	    124.21961902	      0.00000000	     47.00866767	    182.73632398	     11.01264445	    171.15468052
      0.78700000	     70.76808572	      0.00000000	    102.82774953	    129.21619076	      0.00000000	     47.00866767	    182.73632398	     48.68265448	    171.15468052
      0.78800000	     70.76808572	     20.75547125	    102.82774953	      0.05481257	      0.00000000	     47.00866767	    182.73632398	     48.68265448	    171.15468052
      0.78900000	     70.76808572	     20.41149919	    102.82774953	      0.00000000	     87.31738547	     47.00866767	    182.73632398	     11.01264445	    171.15468052
      0.79000000	     70.76808572	      0.00000000	    102.82774953	      0.00000000	     88.26319775	     47.00866767	    182.73632398	     48.68265448	    171.15468052
      0.79100000	     70.76808572	     19.20974450	    102.82774953	    114.61355785	      0.00000000	     47.00866767	    182.73632398	     11.01264445	    171.15468052
      0.79200000	     70.76808572	     21.90299008	    102.82774953	    125.66042389	      0.00000000	     47.00866767	    182.73632398	     11.01264445	    171.15468052
      0.79300000	     70.76808572	      0.00000000	    102.82774953	      1.27164950	     87.86806705	     47.00866767	    182.73632398	     48.68265448	    171.15468052
      0.79400000	     70.76808572	     22.33097066	    102.82774953	    118.48268935	     12.76918348	     47.00866767	    182.73632398	     48.68265448	    171.15468052
      0.79500000	     70.76808572	      0.00000000	    102.82774953	    129.01388814	      0.00000000	     47.00866767	    182.73632398	     11.01264445	    171.15468052
      0.79600000	     70.76808572	      0.00000000	    102.82774953	      0.00000000	     89.24059321	     47.00866767	    182.73632398	     48.68265448	    171.15468052
      0.79700000	     70.76808572	      0.00000000	    102.82774953	      0.00000000	     92.15507310	     47.00866767	    182.73632398	     48.68265448	    171.15468052
      0.79800000	     70.76808572	     19.01238559	    102.82774953	      0.00000000	      0.00000000	     47.00866767	    182.73632398	     48.68265448	    171.15468052
      0.79900000	     70.76808572	      0.77460414	    102.82774953	    119.93335922	      0.00000000	     47.00866767	    182.73632398	     11.01264445	    171.15468052
      0.80000000	     70.76808572	      0.00000000	    102.82774953	    127.08465822	     47.75833165	     47.00866767	    182.73632398	     11.01264445	    171.15468052
      0.80100000	     70.76808572	     20.39186474	    102.82774953	      0.00000000	     90.02258339	     47.00866767	    182.73632398	     11.01264445	    171.15468052
      0.80200000	     70.76808572	     20.56229061	    102.82774953	      0.00000000	     94.60110377	     47.00866767	    182.73632398	     48.68265448	    171.15468052
      0.80300000	     70.76808572	      0.00000000	    102.82774953	    125.15619561	      0.00000000	     47.00866767	    182.73632398	     48.68265448	    171.15468052
      0.80400000	     70.76808572	      4.62210232	    102.82774953	    127.15273074	     85.54866702	     47.00866767	    182.73632398	     48.68265448	    171.15468052
      0.80500000	     70.76808572	     21.16803998	    102.82774953	      0.00000000	     93.68089646	     47.00866767	    182.73632398	     48.68265448	    171.15468052
      0.80600000	     70.76808572	      0.00000000	    102.82774953	    113.86852146	      0.00000000	     47.00866767	    182.73632398	     48.68265448	    171.15468052
      0.80700000	     70.76808572	     20.32282960	    102.82774953	    129.23734130	      0.00000000	     47.00866767	    182.73632398	     11.01264445	    171.15468052
      0.80800000	     70.76808572	      0.00000000	    102.82774953	      0.00000000	      0.00000000	     47.00866767	    182.73632398	     48.68265448	    171.15468052
      0.80900000	     70.76808572	     18.06463508	    102.82774953	    128.82594902	      0.00000000	     47.00866767	    182.73632398	     11.01264445	    171.15468052
      0.81000000	     70.76808572	     20.76569539	    102.82774953	      0.00000000	     86.38919060	     47.00866767	    182.73632398	     48.68265448	    171.15468052
      0.81100000	     70.76808572	      0.00000000	    102.82774953	      0.00000000	     91.63712818	     47.00866767	    182.73632398	     48.68265448	    171.15468052
      0.81200000	     70.76808572	     19.77082595	    102.82774953	      0.00000000	     93.87122201	     47.00866767	    182.73632398	     48.68265448	    171.15468052
      0.81300000	     70.76808572	      0.00000000	    102.82774953	    114.18040485	     97.91553338	     47.00866767	    182.73632398	     48.68265448	    171.15468052
      0.81400000	     70.76808572	     19.97470705	    102.82774953	    125.56766429	      0.00000000	     47.00866767	    182.73632398	     48.68265448	    171.15468052
      0.81500000	     70.76808572	     21.89956778	    102.82774953	      0.00000000	      2.47305675	     47.00866767	    182.73632398	     48.68265448	    171.15468052
      0.81600000	     70.76808572	      0.00000000	    102.82774953	     98.79297205	      0.00000000	     47.00866767	    182.73632398	     48.68265448	    171.15468052
      0.81700000	     70.76808572	     19.56165072	    102.82774953	      0.00000000	     84.66805113	     47.00866767	    182.73632398	     48.68265448	    171.15468052
      0.81800000	     70.76808572	     21.29245977	    102.82774953	      0.00000000	     97.74823372	     47.00866767	    182.73632398	     11.01264445	    171.15468052
      0.81900000	     70.76808572	      0.00000000	    102.82774953	    126.47116913	      0.00000000	     47.00866767	    182.73632398	     48.68265448	    171.15468052
      0.82000000	     70.76808572	      0.00000000	    102.82774953	    123.97030821	      0.00000000	     47.00866767	    182.73632398	     11.01264445	    171.15468052
      0.82100000	     70.76808572	      0.00000000	    102.82774953	    120.37212512	      0.00000000	     47.00866767	    182.73632398	     48.68265448	    171.15468052
      0.82200000	     70.76808572	     21.51200662	    102.82774953	      0.00000000	     90.89878641	     47.00866767	    182.73632398	     11.01264445	    171.15468052
      0.82300000	     70.76808572	      0.00000000	    102.82774953	    127.80070403	      0.00000000	     47.00866767	    182.73632398	     48.68265448	    171.15468052
      0.82400000	     70.76808572	      0.00000000	    102.82774953	      0.00000000	     92.50303005	     47.00866767	    182.73632398	     11.01264445	    171.15468052
      0.82500000	     70.76808572	     18.09804761	    102.82774953	      0.00000000	     98.84801532	     47.00866767	    182.73632398	     11.01264445	    171.15468052
      0.82600000	     70.76808572	     20.28913437	    102.82774953	    119.30970520	      0.00000000	     47.00866767	    182.73632398	     11.01264445	    171.15468052
      0.82700000	     70.76808572	     21.15537645	    102.82774953	      2.41534428	     87.45623163	     47.00866767	    182.73632398	     48.68265448	    171.15468052
      0.82800000	     70.76808572	      0.00000000	    102.82774953	      3.12175560	     94.92724792	     47.00866767	    182.73632398	     48.68265448	    171.15468052
      0.82900000	     70.76808572	      0.00000000	    102.82774953	    127.14976581	      0.00000000	     47.00866767	    182.73632398	     11.01264445	    171.15468052
      0.83000000	     70.76808572	     21.37967622	    102.82774953	    129.60978255	      0.00000000	     47.00866767	    182.73632398	     48.68265448	    171.15468052
      0.83100000	     70.76808572	      0.00000000	    102.82774953	      0.00000000	     84.80793011	     47.00866767	    182.73632398	     11.01264445	    171.15468052
      0.83200000	     70.76808572	      0.00000000	    102.82774953	      0.00000000	     94.22806668	     47.00866767	    182.73632398	     48.68265448	    171.15468052
      0.83300000	     70.76808572	     19.63689505	    102.82774953	    129.18814835	      0.00000000	     47.00866767	    182.73632398	     48.68265448	    171.15468052
      0.83400000	     70.76808572	      0.00000000	    102.82774953	      0.00000000	     88.11649763	     47.00866767	    182.73632398	     11.01264445	    171.15468052
      0.83500000	     70.76808572	      0.00000000	    102.82774953	      0.00000000	     91.70617927	     47.00866767	    182.73632398	     48.68265448	    171.15468052
      0.83600000	     70.76808572	     19.99442374	    102.82774953	      0.00000000	     95.86638060	     47.00866767	    182.73632398	     48.68265448	    171.15468052
      0.83700000	     70.76808572	      0.00000000	    102.82774953	    117.70975888	     95.92175985	     47.00866767	    182.73632398	     48.68265448	    171.15468052
      0.83800000	     70.76808572	      0.00000000	    102.82774953	    118.45916624	      0.00000000	     47.00866767	    182.73632398	     11.01264445	    171.15468052
      0.83900000	     70.76808572	     20.66145117	    102.82774953	    126.56416112	      0.00000000	     47.00866767	    182.73632398	     11.01264445	    171.15468052
      0.84000000	     70.76808572	      0.00000000	    102.82774953	      0.00000000	     88.12648965	     47.00866767	    182.73632398	     48.68265448	    171.15468052
      0.84100000	     70.76808572	     19.29566139	    102.82774953	      0.00000000	     97.13325064	     47.00866767	    182.73632398	     48.68265448	    171.15468052
      0.84200000	     70.76808572	     21.18219881	    102.82774953	    124.29201410	      0.00000000	     47.00866767	    182.73632398	     45.79165011	    171.15468052
      0.84300000	     70.76808572	      0.00000000	    102.82774953	      0.00000000	     92.20258580	     47.00866767	    182.73632398	     48.68265448	    171.15468052
      0.84400000	     70.76808572	     19.46662050	    102.82774953	    123.84027359	      0.00000000	     47.00866767	    182.73632398	     48.68265448	    171.15468052
      0.84500000	     70.76808572	     21.89668636	    102.82774953	      0.00000000	     84.28078875	     47.00866767	    182.73632398	     48.68265448	    171.15468052
      0.84600000	     70.76808572	      0.00000000	    102.82774953	      0.00000000	     93.97718710	     47.00866767	    182.73632398	     48.68265448	    171.15468052
      0.84700000	     70.76808572	     20.97340506	    102.82774953	    129.87294809	      0.00000000	     47.00866767	    182.73632398	     48.68265448	    171.15468052
      0.84800000	     70.76808572	      0.00000000	    102.82774953	      0.00000000	     89.20290808	     47.00866767	    182.73632398	     48.68265448	    171.15468052
      0.84900000	     70.76808572	     20.55625061	    102.82774953	    119.50827174	      2.59203398	     47.00866767	    182.73632398	     48.68265448	    171.15468052
      0.85000000	     70.76808572	      0.00000000	    102.82774953	    126.27445040	      0.00000000	     47.00866767	    182.73632398	     11.01264445	    171.15468052
      0.85100000	     70.76808572	     20.86184718	    102.82774953	    128.42075711	      0.00000000	     47.00866767	    182.73632398	     11.01264445	    171.15468052
      0.85200000	     70.76808572	      0.00000000	    102.82774953	      0.00000000	     86.17927872	     47.00866767	    182.73632398	     48.68265448	    171.15468052
      0.85300000	     70.76808572	     16.20947833	    102.82774953	      3.43781587	     94.08445960	     47.00866767	    182.73632398	     11.01264445	    171.15468052
      0.85400000	     70.76808572	      0.00000000	    102.82774953	    123.10868268	      0.00000000	     47.00866767	    182.73632398	     11.01264445	    171.15468052
      0.85500000	     70.76808572	     18.70681585	    102.82774953	    129.73966350	      0.00000000	     47.00866767	    182.73632398	     48.68265448	    171.15468052
      0.85600000	     70.76808572	     21.53028080	    102.82774953	      0.00000000	      0.00000000	     47.00866767	    182.73632398	     48.68265448	    171.15468052
      0.85700000	     70.76808572	      0.00000000	    102.82774953	    129.04203653	      0.00000000	     47.00866767	    182.73632398	     48.68265448	    171.15468052
      0.85800000	     70.76808572	     20.46192242	    102.82774953	      0.00000000	     93.96419879	     47.00866767	    182.73632398	     11.01264445	    171.15468052
      0.85900000	     70.76808572	      0.00000000	    102.82774953	    120.97989382	      0.00000000	     47.00866767	    182.73632398	     48.68265448	    171.15468052
      0.86000000	     70.76808572	      0.00000000	    102.82774953	     63.14655047	     86.55660310	     47.00866767	    182.73632398	     48.68265448	    171.15468052
      0.86100000	     70.76808572	     21.38825102	    102.82774953	      0.00000000	     95.16682575	     47.00866767	    182.73632398	     48.68265448	    171.15468052
      0.86200000	     70.76808572	      0.00000000	    102.82774953	      0.00000000	     92.39405265	     47.00866767	    182.73632398	     48.68265448	    171.15468052
      0.86300000	     70.76808572	      0.00000000	    102.82774953	    114.19410350	      0.00000000	     47.00866767	    182.73632398	     48.68265448	    171.15468052
      0.86400000	     70.76808572	     20.15224310	    102.82774953	    129.86603542	      0.00000000	     47.00866767	    182.73632398	     11.01264445	    171.15468052
      0.86500000	     70.76808572	     19.97941654	    102.82774953	      0.00000000	     86.26872825	     47.00866767	    182.73632398	     11.01264445	    171.15468052
      0.86600000	     70.76808572	     21.31310669	    102.82774953	    116.94795731	     98.03538322	     47.00866767	    182.73632398	     48.68265448	    171.15468052
      0.86700000	     70.76808572	      0.00000000	    102.82774953	    128.64325103	      0.00000000	     47.00866767	    182.73632398	     48.68265448	    171.15468052
      0.86800000	     70.76808572	     18.87756714	    102.82774953	      0.00000000	     90.22055898	     47.00866767	    182.73632398	     48.68265448	    171.15468052
      0.86900000	     70.76808572	     21.19438793	    102.82774953	      0.00000000	      0.00000000	     47.00866767	    182.73632398	     11.01264445	    171.15468052
      0.87000000	     70.76808572	      0.00000000	    102.82774953	    124.96446320	      0.00000000	     47.00866767	    182.73632398	     48.68265448	    171.15468052
      0.87100000	     70.76808572	     19.30598697	    102.82774953	      0.00000000	     88.03666069	     47.00866767	    182.73632398	     48.68265448	    171.15468052
      0.87200000	     70.76808572	     19.52036517	    102.82774953	      0.00000000	     92.40712506	     47.00866767	    182.73632398	     48.68265448	    171.15468052
      0.87300000	     70.76808572	     21.07066818	    102.82774953	    126.42849627	      0.00000000	     47.00866767	    182.73632398	     48.68265448	    171.15468052
      0.87400000	     70.76808572	      0.00000000	    102.82774953	      0.00000000	     92.91246705	     47.00866767	    182.73632398	     48.68265448	    171.15468052
      0.87500000	     70.76808572	     20.58914046	    102.82774953	    112.74903078	      0.00000000	     47.00866767	    182.73632398	     48.68265448	    171.15468052
      0.87600000	     70.76808572	      0.00000000	    102.82774953	    127.38660806	      4.43906079	     47.00866767	    182.73632398	     48.68265448	    171.15468052
      0.87700000	     70.76808572	     19.51482665	    102.82774953	      0.00000000	     96.75218025	     47.00866767	    182.73632398	     48.68265448	    171.15468052
      0.87800000	     70.76808572	     21.65861710	    102.82774953	    120.07527735	      0.00000000	     47.00866767	    182.73632398	     48.68265448	    171.15468052
      0.87900000	     70.76808572	      0.00000000	    102.82774953	    119.57095751	     93.36589393	     47.00866767	    182.73632398	     48.68265448	    171.15468052
      0.88000000	     70.76808572	     18.64479444	    102.82774953	    128.66709615	      0.00000000	     47.00866767	    182.73632398	     48.68265448	    171.15468052
      0.88100000	     70.76808572	     20.21264992	    102.82774953	      0.00000000	     84.89792101	     47.00866767	    182.73632398	     48.68265448	    171.15468052
      0.88200000	     70.76808572	     21.37384406	    102.82774953	      0.00000000	     90.56090934	     47.00866767	    182.73632398	     11.01264445	    171.15468052
      0.88300000	     70.76808572	      0.00000000	    102.82774953	    122.37774847	      0.00000000	     47.00866767	    182.73632398	     48.68265448	    171.15468052
      0.88400000	     70.76808572	     19.82263095	    102.82774953	    128.79635594	      0.00000000	     47.00866767	    182.73632398	     48.68265448	    171.15468052
      0.88500000	     70.76808572	      0.00000000	    102.82774953	      0.00000000	      0.00000000	     47.00866767	    182.73632398	     11.01264445	    171.15468052
      0.88600000	     70.76808572	     18.80892557	    102.82774953	      0.53835478	     81.34559687	     47.00866767	    182.73632398	     48.68265448	    171.15468052
      0.88700000	     70.76808572	     21.48045633	    102.82774953	      0.00000000	     88.82328746	     47.00866767	    182.73632398	     11.01264445	    171.15468052
      0.88800000	     70.76808572	      0.00000000	    102.82774953	      0.00000000	     95.25879168	     47.00866767	    182.73632398	     48.68265448	    171.15468052
      0.88900000	     70.76808572	     20.71308075	    102.82774953	    117.14674320	      0.00000000	     47.00866767	    182.73632398	     48.68265448	    171.15468052
      0.89000000	     70.76808572	     19.55906889	    102.82774953	    129.23089314	      0.00000000	     47.00866767	    182.73632398	     48.68265448	    171.15468052
      0.89100000	     70.76808572	      0.00000000	    102.82774953	      0.00000000	     87.98038240	     47.00866767	    182.73632398	     48.68265448	    171.15468052
      0.89200000	     70.76808572	      0.00000000	    102.82774953	      0.00000000	     94.70445459	     47.00866767	    182.73632398	     11.01264445	    171.15468052
      0.89300000	     70.76808572	     19.09504961	    102.82774953	    123.87937317	      0.00000000	     47.00866767	    182.73632398	     48.68265448	    171.15468052
      0.89400000	     70.76808572	     21.78264947	    102.82774953	      0.00000000	     85.64874144	     47.00866767	    182.73632398	     11.01264445	    171.15468052
      0.89500000	     70.76808572	      0.00000000	    102.82774953	      0.00000000	     94.93601371	     47.00866767	    182.73632398	     48.68265448	    171.15468052
      0.89600000	     70.76808572	     20.47182914	    102.82774953	    127.65918209	      0.00000000	     47.00866767	    182.73632398	     48.68265448	    171.15468052
      0.89700000	     70.76808572	      0.00000000	    102.82774953	      0.00000000	      0.00000000	     47.00866767	    182.73632398	     48.68265448	    171.15468052
      0.89800000	     70.76808572	     18.95439908	    102.82774953	    129.17059304	     32.76798950	     47.00866767	    182.73632398	     11.01264445	    171.15468052
      0.89900000	     70.76808572	     15.75742240	    102.82774953	      0.00000000	     92.56192386	     47.00866767	    182.73632398	     11.01264445	    171.15468052
      0.90000000	     70.76808572	      0.00000000	    102.82774953	      0.00000000	     98.74921352	     47.00866767	    182.73632398	     11.01264445	    171.15468052
      0.90100000	     70.76808572	     20.08318271	    102.82774953	    118.50831883	      0.00000000	     47.00866767	    182.73632398	     11.01264445	    171.15468052
      0.90200000	     70.76808572	     19.82539874	    102.82774953	    129.51391844	      0.00000000	     47.00866767	    182.73632398	     48.68265448	    171.15468052
      0.90300000	     70.76808572	     20.70539326	    102.82774953	    120.66261872	      0.00000000	     47.00866767	    182.73632398	     48.68265448	    171.15468052
      0.90400000	     70.76808572	      0.00000000	    102.82774953	      0.00000000	      8.27794041	     47.00866767	    182.73632398	     11.01264445	    171.15468052
      0.90500000	     70.76808572	      0.00000000	    102.82774953	      0.00000000	     85.28345038	     47.00866767	    182.73632398	     48.68265448	    171.15468052
      0.90600000	     70.76808572	     19.33862700	    102.82774953	      0.00000000	     90.23394784	     47.00866767	    182.73632398	     48.68265448	    171.15468052
      0.90700000	     70.76808572	      0.00000000	    102.82774953	    126.90461158	      0.00000000	     47.00866767	    182.73632398	     48.68265448	    171.15468052
      0.90800000	     70.76808572	     18.26961578	    102.82774953	    129.05546063	      0.00000000	     47.00866767	    182.73632398	     11.01264445	    171.15468052
      0.90900000	     70.76808572	     19.72007810	    102.82774953	      0.00000000	     89.09134074	     47.00866767	    182.73632398	     48.68265448	    171.15468052
      0.91000000	     70.76808572	     20.88231926	    102.82774953	      0.00000000	      7.04006691	     47.00866767	    182.73632398	     48.68265448	    171.15468052
      0.91100000	     70.76808572	      0.00000000	    102.82774953	      0.00000000	     92.96683555	     47.00866767	    182.73632398	     48.68265448	    171.15468052
      0.91200000	     70.76808572	     20.49805455	    102.82774953	     16.30151850	     92.66055906	     47.00866767	    182.73632398	     48.68265448	    171.15468052
      0.91300000	     70.76808572	      0.00000000	    102.82774953	    125.73673580	      0.00000000	     47.00866767	    182.73632398	     11.01264445	    171.15468052
      0.91400000	     70.76808572	      0.00000000	    102.82774953	    117.23601297	     82.65637903	     47.00866767	    182.73632398	     11.01264445	    171.15468052
      0.91500000	     70.76808572	     20.32639356	    102.82774953	      0.00000000	     92.70786433	     47.00866767	    182.73632398	     48.68265448	    171.15468052
      0.91600000	     70.76808572	      0.00000000	    102.82774953	    121.44284561	      0.00000000	     47.00866767	    182.73632398	     48.68265448	    171.15468052
      0.91700000	     70.76808572	      0.00000000	    102.82774953	      0.00000000	     90.10302109	     47.00866767	    182.73632398	     48.68265448	    171.15468052
      0.91800000	     70.76808572	     21.06334913	    102.82774953	    117.76869086	     87.97304103	     47.00866767	    182.73632398	     48.68265448	    171.15468052
      0.91900000	     70.76808572	      0.00000000	    102.82774953	    129.01166059	     39.23584396	     47.00866767	    182.73632398	     48.68265448	    171.15468052
      0.92000000	     70.76808572	      3.63227791	    102.82774953	      0.00000000	     83.56822041	     47.00866767	    182.73632398	     39.80945607	    171.15468052
      0.92100000	     70.76808572	     19.18705003	    102.82774953	    126.23773050	      0.00000000	     47.00866767	    182.73632398	     17.06205509	    171.15468052
      0.92200000	     70.76808572	     19.97538596	    102.82774953	      0.00000000	     83.75536291	     47.00866767	    182.73632398	     11.01264445	    171.15468052
      0.92300000	     70.76808572	      0.00000000	    102.82774953	      0.00000000	     97.46697995	     47.00866767	    182.73632398	     48.68265448	    171.15468052
      0.92400000	     70.76808572	     19.11676850	    102.82774953	     70.28606858	      0.00000000	     47.00866767	    182.73632398	     11.01264445	    171.15468052
      0.92500000	     70.76808572	     21.33739849	    102.82774953	    122.50169624	      0.00000000	     47.00866767	    182.73632398	     48.68265448	    171.15468052
      0.92600000	     70.76808572	      0.00000000	    102.82774953	    129.33110443	      0.00000000	     47.00866767	    182.73632398	     48.68265448	    171.15468052
      0.92700000	     70.76808572	     19.73731623	    102.82774953	      0.00000000	     93.07089532	     47.00866767	    182.73632398	     11.01264445	    171.15468052
      0.92800000	     70.76808572	     20.88240138	    102.82774953	    124.18473853	      0.00000000	     47.00866767	    182.73632398	     11.01264445	    171.15468052
      0.92900000	     70.76808572	      0.00000000	    102.82774953	      0.00000000	      0.00000000	     47.00866767	    182.73632398	     48.68265448	    171.15468052
      0.93000000	     70.76808572	     17.20121319	    102.82774953	      0.00000000	     88.04104283	     47.00866767	    182.73632398	     48.68265448	    171.15468052
      0.93100000	     70.76808572	     20.44957033	    102.82774953	    129.16194401	      0.00000000	     47.00866767	    182.73632398	     48.68265448	    171.15468052
      0.93200000	     70.76808572	     21.12503793	    102.82774953	      0.00000000	     85.33195004	     47.00866767	    182.73632398	     11.01264445	    171.15468052
      0.93300000	     70.76808572	     17.80152266	    102.82774953	      0.00000000	     92.61455361	     47.00866767	    182.73632398	     11.01264445	    171.15468052
      0.93400000	     70.76808572	      0.00000000	    102.82774953	    114.22614349	      0.00000000	     47.00866767	    182.73632398	     48.68265448	    171.15468052
      0.93500000	     70.76808572	     20.82287341	    102.82774953	    128.82054178	      0.00000000	     47.00866767	    182.73632398	     48.68265448	    171.15468052
      0.93600000	     70.76808572	      0.00000000	    102.82774953	      0.00000000	     89.64215460	     47.00866767	    182.73632398	     11.01264445	    171.15468052
      0.93700000	     70.76808572	     17.68326999	    102.82774953	    122.40639214	      0.00000000	     47.00866767	    182.73632398	     48.68265448	    171.15468052
      0.93800000	     70.76808572	     17.94551472	    102.82774953	      0.00000000	     89.23285433	     47.00866767	    182.73632398	     48.68265448	    171.15468052
      0.93900000	     70.76808572	      0.00000000	    102.82774953	      0.00000000	      0.00000000	     47.00866767	    182.73632398	     48.68265448	    171.15468052
      0.94000000	     70.76808572	     18.42341874	    102.82774953	    129.19981148	      0.00000000	     47.00866767	    182.73632398	     11.01264445	    171.15468052
      0.94100000	     70.76808572	      0.00000000	    102.82774953	      0.00000000	     36.66086697	     47.00866767	    182.73632398	     48.68265448	    171.15468052
      0.94200000	     70.76808572	      0.00000000	    102.82774953	    129.18569045	      0.00000000	     47.00866767	    182.73632398	     48.68265448	    171.15468052
      0.94300000	     70.76808572	      0.00462648	    102.82774953	      0.00000000	     89.75364776	     47.00866767	    182.73632398	     48.68265448	    171.15468052
      0.94400000	     70.76808572	     19.77500846	    102.82774953	    110.84951283	      0.00000000	     47.00866767	    182.73632398	     11.01264445	    171.15468052
      0.94500000	     70.76808572	      0.00000000	    102.82774953	      0.00000000	     86.83038436	     47.00866767	    182.73632398	     11.01264445	    171.15468052
      0.94600000	     70.76808572	     18.23806345	    102.82774953	    115.43272362	      0.00000000	     47.00866767	    182.73632398	     48.68265448	    171.15468052
      0.94700000	     70.76808572	     21.42633039	    102.82774953	    129.47402056	      0.00000000	     47.00866767	    182.73632398	     48.68265448	    171.15468052
      0.94800000	     70.76808572	      0.00000000	    102.82774953	      0.00000000	     86.09579684	     47.00866767	    182.73632398	     48.68265448	    171.15468052
      0.94900000	     70.76808572	      0.00000000	    102.82774953	    125.43662254	      0.00000000	     47.00866767	    182.73632398	     48.68265448	    171.15468052
      0.95000000	     70.76808572	     18.17524761	    102.82774953	    128.00323158	      0.00000000	     47.00866767	    182.73632398	     48.68265448	    171.15468052
      0.95100000	     70.76808572	     20.97268675	    102.82774953	      0.00000000	     91.98384745	     47.00866767	    182.73632398	     11.01264445	    171.15468052
      0.95200000	     70.76808572	     20.14029456	    102.82774953	    124.09124616	      0.00000000	     47.00866767	    182.73632398	     48.68265448	    171.15468052
      0.95300000	     70.76808572	      0.00000000	    102.82774953	    129.37279807	      0.00000000	     47.00866767	    182.73632398	     48.68265448	    171.15468052
      0.95400000	     70.76808572	     19.15654159	    102.82774953	      0.00000000	     92.36045995	     47.00866767	    182.73632398	     11.01264445	    171.15468052
      0.95500000	     70.76808572	     21.38790721	    102.82774953	    126.00583162	      0.00000000	     47.00866767	    182.73632398	     48.68265448	    171.15468052
      0.95600000	     70.76808572	      0.00000000	    102.82774953	    128.62241700	     34.63035003	     47.00866767	    182.73632398	     48.68265448	    171.15468052
      0.95700000	     70.76808572	     18.43700399	    102.82774953	    128.47803850	      0.00000000	     47.00866767	    182.73632398	     48.68265448	    171.15468052
      0.95800000	     70.76808572	      0.00000000	    102.82774953	      0.00000000	      0.00000000	     47.00866767	    182.73632398	     11.01264445	    171.15468052
      0.95900000	     70.76808572	     18.18278355	    102.82774953	      0.00000000	     91.69171069	     47.00866767	    182.73632398	     11.01264445	    171.15468052
      0.96000000	     70.76808572	     20.59317011	    102.82774953	     30.73117110	      0.18727196	     47.00866767	    182.73632398	     11.01264445	    171.15468052
      0.96100000	     70.76808572	      1.16897749	    102.82774953	    110.52679795	      0.00000000	     47.00866767	    182.73632398	     48.68265448	    171.15468052
      0.96200000	     70.76808572	      0.00000000	    102.82774953	    127.99602880	      0.00000000	     47.00866767	    182.73632398	     48.68265448	    171.15468052
      0.96300000	     70.76808572	     19.62799076	    102.82774953	     26.23266783	     83.36034360	     47.00866767	    182.73632398	     48.68265448	    171.15468052
      0.96400000	     70.76808572	     20.82326201	    102.82774953	      0.00000000	     88.78916373	     47.00866767	    182.73632398	     11.01264445	    171.15468052
      0.96500000	     70.76808572	     20.72724422	    102.82774953	      0.00000000	     90.42368116	     47.00866767	    182.73632398	     11.01264445	    171.15468052
      0.96600000	     70.76808572	      0.00000000	    102.82774953	    126.72474549	      0.00000000	     47.00866767	    182.73632398	     48.68265448	    171.15468052
      0.96700000	     70.76808572	      0.00000000	    102.82774953	    129.86680568	     81.99459391	     47.00866767	    182.73632398	     48.68265448	    171.15468052
      0.96800000	     70.76808572	     20.20509687	    102.82774953	      0.00000000	     94.65516621	     47.00866767	    182.73632398	     48.68265448	    171.15468052
      0.96900000	     70.76808572	      0.00000000	    102.82774953	    124.38733231	      0.00000000	     47.00866767	    182.73632398	     48.68265448	    171.15468052
      0.97000000	     70.76808572	     17.95581644	    102.82774953	      0.00000000	     86.69373517	     47.00866767	    182.73632398	     48.68265448	    171.15468052
      0.97100000	     70.76808572	     19.78396487	    102.82774953	    127.15201933	      0.00000000	     47.00866767	    182.73632398	     11.01264445	    171.15468052
      0.97200000	     70.76808572	      0.00000000	    102.82774953	      0.00000000	     84.64006050	     47.00866767	    182.73632398	     48.68265448	    171.15468052
      0.97300000	     70.76808572	     19.59645001	    102.82774953	     46.40614352	      0.00000000	     47.00866767	    182.73632398	     48.68265448	    171.15468052
      0.97400000	     70.76808572	      0.00000000	    102.82774953	    127.98301568	      0.00000000	     47.00866767	    182.73632398	     48.68265448	    171.15468052
      0.97500000	     70.76808572	     18.55142193	    102.82774953	      0.00000000	     94.17580367	     47.00866767	    182.73632398	     48.68265448	    171.15468052
      0.97600000	     70.76808572	      3.88936677	    102.82774953	    124.26304789	      0.00000000	     47.00866767	    182.73632398	     48.68265448	    171.15468052
      0.97700000	     70.76808572	      0.00000000	    102.82774953	     57.37880772	     86.10749840	     47.00866767	    182.73632398	     11.01264445	    171.15468052
      0.97800000	     70.76808572	     18.70559059	    102.82774953	      0.00000000	     91.71781550	     47.00866767	    182.73632398	     48.68265448	    171.15468052
      0.97900000	     70.76808572	      0.00000000	    102.82774953	    122.91272282	      0.00000000	     47.00866767	    182.73632398	     48.68265448	    171.15468052
      0.98000000	     70.76808572	      0.00000000	    102.82774953	      0.00000000	     82.58573648	     47.00866767	    182.73632398	     48.68265448	    171.15468052
      0.98100000	     70.76808572	      0.00000000	    102.82774953	      0.00000000	     91.18766593	     47.00866767	    182.73632398	     47.80398151	    171.15468052
      0.98200000	     70.76808572	     14.35217965	    102.82774953	    129.26269276	      0.00000000	     47.00866767	    182.73632398	     48.68265448	    171.15468052
      0.98300000	     70.76808572	     19.32299714	    102.82774953	      0.00000000	     93.77955160	     47.00866767	    182.73632398	     11.01264445	    171.15468052
      0.98400000	     70.76808572	      0.00000000	    102.82774953	    118.32387185	      0.00000000	     47.00866767	    182.73632398	     48.68265448	    171.15468052
      0.98500000	     70.76808572	      0.00000000	    102.82774953	    129.25480561	      0.00000000	     47.00866767	    182.73632398	     48.68265448	    171.15468052
      0.98600000	     70.76808572	      0.00000000	    102.82774953	      0.00000000	      4.65462574	     47.00866767	    182.73632398	     11.01264445	    171.15468052
      0.98700000	     70.76808572	      4.46847534	    102.82774953	    128.73089954	     84.25847107	     47.00866767	    182.73632398	     48.68265448	    171.15468052
      0.98800000	     70.76808572	     19.68147699	    102.82774953	      0.00000000	     90.39835676	     47.00866767	    182.73632398	     48.68265448	    171.15468052
      0.98900000	     70.76808572	      0.00000000	    102.82774953	      0.00000000	     94.12484665	     47.00866767	    182.73632398	     48.68265448	    171.15468052
      0.99000000	     70.76808572	      0.00000000	    102.82774953	    122.87639274	      0.00000000	     47.00866767	    182.73632398	     48.68265448	    171.15468052
      0.99100000	     70.76808572	      0.00000000	    102.82774953	      0.00000000	     84.68819814	     47.00866767	    182.73632398	     11.01264445	    171.15468052
      0.99200000	     70.76808572	     20.36869638	    102.82774953	    127.75385455	      0.00000000	     47.00866767	    182.73632398	     11.01264445	    171.15468052
      0.99300000	     70.76808572	      0.00000000	    102.82774953	      0.00000000	      0.00000000	     47.00866767	    182.73632398	     48.68265448	    171.15468052
      0.99400000	     70.76808572	      0.00000000	    102.82774953	      0.00000000	     88.30668436	     47.00866767	    182.73632398	     48.68265448	    171.15468052
      0.99500000	     70.76808572	     18.89421787	    102.82774953	      0.00000000	     88.02785546	     47.00866767	    182.73632398	     48.68265448	    171.15468052
      0.99600000	     70.76808572	     21.14808015	    102.82774953	    125.10175034	      0.00000000	     47.00866767	    182.73632398	     11.01264445	    171.15468052
      0.99700000	     70.76808572	      0.00000000	    102.82774953	      0.00000000	      5.18852485	     47.00866767	    182.73632398	     11.01264445	    171.15468052
      0.99800000	     70.76808572	      0.00000000	    102.82774953	      0.00000000	     95.13606253	     47.00866767	    182.73632398	     48.68265448	    171.15468052
      0.99900000	     70.76808572	      0.00000000	    102.82774953	    128.71698126	      0.00000000	     47.00866767	    182.73632398	     48.68265448	    171.15468052
      1.00000000	     70.76808572	     18.17525010	    102.82774953	      0.00000000	     95.24768607	     47.00866767	    182.73632398	     48.68265448	    171.15468052
      1.00100000	     70.76808572	     20.56505561	    102.82774953	    127.35225343	      0.00000000	     47.00866767	    182.73632398	     11.01264445	    171.15468052
      1.00200000	     70.76808572	      0.00000000	    102.82774953	    128.89833575	     81.27736415	     47.00866767	    182.73632398	     45.58728849	    171.15468052
      1.00300000	     70.76808572	      0.00000000	    102.82774953	    128.99486727	      0.00000000	     47.00866767	    182.73632398	     48.68265448	    171.15468052
      1.00400000	     70.76808572	     17.92950701	    102.82774953	    129.64563982	     79.82110325	     47.00866767	    182.73632398	     11.01264445	    171.15468052
      1.00500000	     70.76808572	      0.00000000	    102.82774953	    129.12841877	     18.88936289	     47.00866767	    182.73632398	     48.68265448	    171.15468052
      1.00600000	     70.76808572	     17.50687233	    102.82774953	      0.00000000	      0.00000000	     47.00866767	    182.73632398	     48.68265448	    171.15468052
      1.00700000	     70.76808572	     20.32937057	    102.82774953	      0.00000000	     89.43332100	     47.00866767	    182.73632398	     48.68265448	    171.15468052
      1.00800000	     70.76808572	      0.00000000	    102.82774953	      0.00000000	     91.10465521	     47.00866767	    182.73632398	     48.68265448	    171.15468052
      1.00900000	     70.76808572	     18.22667743	    102.82774953	    126.32291283	      0.00000000	     47.00866767	    182.73632398	     48.68265448	    171.15468052
      1.01000000	     70.76808572	      0.00000000	    102.82774953	      0.00000000	     82.02195104	     47.00866767	    182.73632398	     11.01264445	    171.15468052
      1.01100000	     70.76808572	     18.42505982	    102.82774953	      0.00000000	     93.11728201	     47.00866767	    182.73632398	     48.68265448	    171.15468052
      1.01200000	     70.76808572	     20.76845923	    102.82774953	    128.83934585	      0.00000000	     47.00866767	    182.73632398	     48.68265448	    171.15468052
      1.01300000	     70.76808572	      0.00000000	    102.82774953	      0.00000000	     94.44326499	     47.00866767	    182.73632398	     48.68265448	    171.15468052
      1.01400000	     70.76808572	     20.24384745	    102.82774953	    118.54956237	      0.00000000	     47.00866767	    182.73632398	     11.01264445	    171.15468052
      1.01500000	     70.76808572	      0.00000000	    102.82774953	    124.81857535	      0.00000000	     47.00866767	    182.73632398	     11.01264445	    171.15468052
      1.01600000	     70.76808572	      0.00000000	    102.82774953	    125.62887527	      0.00000000	     47.00866767	    182.73632398	     48.68265448	    171.15468052
      1.01700000	     70.76808572	      0.05990301	    102.82774953	      0.00000000	     77.87556731	     47.00866767	    182.73632398	     48.68265448	    171.15468052
      1.01800000	     70.76808572	     18.08251523	    102.82774953	      0.00000000	     88.04366416	     47.00866767	    182.73632398	     48.68265448	    171.15468052
      1.01900000	     70.76808572	     19.61778761	    102.82774953	    127.78018009	      0.00000000	     47.00866767	    182.73632398	     48.68265448	    171.15468052
      1.02000000	     70.76808572	      0.00000000	    102.82774953	      0.00000000	     84.55901648	     47.00866767	    182.73632398	     48.68265448	    171.15468052
      1.02100000	     70.76808572	      0.00000000	    102.82774953	     10.89510444	     92.80099069	     47.00866767	    182.73632398	     11.01264445	    171.15468052
      1.02200000	     70.76808572	     19.09475379	    102.82774953	    129.85871649	      0.00000000	     47.00866767	    182.73632398	     48.68265448	    171.15468052
      1.02300000	     70.76808572	      0.00437955	    102.82774953	      0.00000000	     95.32377326	     47.00866767	    182.73632398	     48.68265448	    171.15468052
      1.02400000	     70.76808572	      0.00000000	    102.82774953	    126.60500047	      0.00000000	     47.00866767	    182.73632398	     11.01264445	    171.15468052
      1.02500000	     70.76808572	     19.40454107	    102.82774953	      0.00000000	     84.24683593	     47.00866767	    182.73632398	     11.01264445	    171.15468052
      1.02600000	     70.76808572	     18.08455352	    102.82774953	    125.97961676	      0.00000000	     47.00866767	    182.73632398	     48.68265448	    171.15468052
      1.02700000	     70.76808572	     19.07125579	    102.82774953	      0.00000000	      2.49664863	     47.00866767	    182.73632398	     48.68265448	    171.15468052
      1.02800000	     70.76808572	     20.76371240	    102.82774953	      0.00000000	     93.91682337	     47.00866767	    182.73632398	     48.68265448	    171.15468052
      1.02900000	     70.76808572	      0.00000000	    102.82774953	    129.54017079	      0.00000000	     47.00866767	    182.73632398	     48.68265448	    171.15468052
      1.03000000	     70.76808572	      0.00000000	    102.82774953	      0.00000000	     86.28718517	     47.00866767	    182.73632398	     11.01264445	    171.15468052
      1.03100000	     70.76808572	      0.94876899	    102.82774953	      0.00000000	     91.34040688	     47.00866767	    182.73632398	     48.68265448	    171.15468052
      1.03200000	     70.76808572	     17.79596096	    102.82774953	    114.82256886	      0.00000000	     47.00866767	    182.73632398	     48.68265448	    171.15468052
      1.03300000	     70.76808572	     19.66752889	    102.82774953	    129.49627287	      0.00000000	     47.00866767	    182.73632398	     48.68265448	    171.15468052
      1.03400000	     70.76808572	      0.00000000	    102.82774953	      0.00000000	     89.16271288	     47.00866767	    182.73632398	     11.01264445	    171.15468052
      1.03500000	     70.76808572	     19.34962456	    102.82774953	    127.72323129	      0.00000000	     47.00866767	    182.73632398	     48.68265448	    171.15468052
      1.03600000	     70.76808572	      0.00000000	    102.82774953	    129.82975136	      0.00000000	     47.00866767	    182.73632398	     48.68265448	    171.15468052
      1.03700000	     70.76808572	      0.00000000	    102.82774953	      0.00000000	     83.81138494	     47.00866767	    182.73632398	     48.68265448	    171.15468052
      1.03800000	     70.76808572	     17.63134657	    102.82774953	    129.39854202	      5.48579868	     47.00866767	    182.73632398	     48.68265448	    171.15468052
      1.03900000	     70.76808572	     19.54259277	    102.82774953	      0.00000000	     88.22982590	     47.00866767	    182.73632398	     11.01264445	    171.15468052
      1.04000000	     70.76808572	      0.00000000	    102.82774953	      0.00000000	     89.67427858	     47.00866767	    182.73632398	     11.01264445	    171.15468052
      1.04100000	     70.76808572	      2.07709518	    102.82774953	    127.51994273	      0.00000000	     47.00866767	    182.73632398	     11.01264445	    171.15468052
      1.04200000	     70.76808572	     20.62276117	    102.82774953	      0.00000000	     83.88651999	     47.00866767	    182.73632398	     29.99633162	    171.15468052
      1.04300000	     70.76808572	      0.00000000	    102.82774953	    122.74012583	      0.00000000	     47.00866767	    182.73632398	     11.01264445	    171.15468052
      1.04400000	     70.76808572	     18.57468509	    102.82774953	      0.00000000	      0.00000000	     47.00866767	    182.73632398	     48.68265448	    171.15468052
      1.04500000	     70.76808572	      2.58649397	    102.82774953	      0.00000000	     89.64021981	     47.00866767	    182.73632398	     48.68265448	    171.15468052
      1.04600000	     70.76808572	      0.00000000	    102.82774953	    129.45680885	      0.00000000	     47.00866767	    182.73632398	     11.01264445	    171.15468052
      1.04700000	     70.76808572	     18.14628914	    102.82774953	      0.00000000	     93.41126474	     47.00866767	    182.73632398	     11.01264445	    171.15468052
      1.04800000	     70.76808572	      0.00000000	    102.82774953	    129.61527606	      0.00000000	     47.00866767	    182.73632398	     48.68265448	    171.15468052
      1.04900000	     70.76808572	     17.66803234	    102.82774953	      0.00000000	     84.41252065	     47.00866767	    182.73632398	     48.68265448	    171.15468052
      1.05000000	     70.76808572	     20.77238860	    102.82774953	      5.17867466	     94.90421639	     47.00866767	    182.73632398	     11.01264445	    171.15468052
      1.05100000	     70.76808572	      0.00000000	    102.82774953	    129.39128161	      0.00000000	     47.00866767	    182.73632398	     48.68265448	    171.15468052
      1.05200000	     70.76808572	     18.88750476	    102.82774953	      0.00000000	     81.31677063	     47.00866767	    182.73632398	     11.01264445	    171.15468052
      1.05300000	     70.76808572	      0.00000000	    102.82774953	      0.00000000	     90.39054004	     47.00866767	    182.73632398	     48.68265448	    171.15468052
      1.05400000	     70.76808572	      4.16813826	    102.82774953	    129.78245147	      0.00000000	     47.00866767	    182.73632398	     48.68265448	    171.15468052
      1.05500000	     70.76808572	     17.86835264	    102.82774953	      0.00000000	     91.44899394	     47.00866767	    182.73632398	     48.68265448	    171.15468052
      1.05600000	     70.76808572	     20.80965767	    102.82774953	    129.76307275	      0.00000000	     47.00866767	    182.73632398	     48.68265448	    171.15468052
      1.05700000	     70.76808572	      0.00000000	    102.82774953	      0.00000000	     79.38483961	     47.00866767	    182.73632398	     48.68265448	    171.15468052
      1.05800000	     70.76808572	     18.51336482	    102.82774953	      0.00000000	     95.07844817	     47.00866767	    182.73632398	     48.68265448	    171.15468052
      1.05900000	     70.76808572	     19.30611949	    102.82774953	    125.47629005	      0.00000000	     47.00866767	    182.73632398	     11.01264445	    171.15468052
      1.06000000	     70.76808572	      0.00000000	    102.82774953	    127.91562203	      0.00000000	     47.00866767	    182.73632398	     48.68265448	    171.15468052
      1.06100000	     70.76808572	      0.00000000	    102.82774953	      0.00000000	     84.36309028	     47.00866767	    182.73632398	     48.68265448	    171.15468052
      1.06200000	     70.76808572	      0.00000000	    102.82774953	    128.48679301	      0.00000000	     47.00866767	    182.73632398	     11.01264445	    171.15468052
      1.06300000	     70.76808572	     17.54903591	    102.82774953	      0.00000000	     35.01733532	     47.00866767	    182.73632398	     48.68265448	    171.15468052
      1.06400000	     70.76808572	      2.96953468	    102.82774953	      0.00000000	     89.64107575	     47.00866767	    182.73632398	     11.01264445	    171.15468052
      1.06500000	     70.76808572	     18.95562630	    102.82774953	    129.85203631	      0.00000000	     47.00866767	    182.73632398	     48.68265448	    171.15468052
      1.06600000	     70.76808572	     16.98351743	    102.82774953	      0.00000000	     83.78252895	     47.00866767	    182.73632398	     11.01264445	    171.15468052
      1.06700000	     70.76808572	      0.04648550	    102.82774953	      0.00000000	     94.04380269	     47.00866767	    182.73632398	     11.01264445	    171.15468052
      1.06800000	     70.76808572	      0.00000000	    102.82774953	    123.02187942	     91.17398265	     47.00866767	    182.73632398	     48.68265448	    171.15468052
      1.06900000	     70.76808572	     19.30919314	    102.82774953	    120.42162965	      0.00000000	     47.00866767	    182.73632398	     48.68265448	    171.15468052
      1.07000000	     70.76808572	     19.96809066	    102.82774953	    129.84331048	      0.00000000	     47.00866767	    182.73632398	     48.68265448	    171.15468052
      1.07100000	     70.76808572	     19.59979688	    102.82774953	      0.00000000	     96.25985149	     47.00866767	    182.73632398	     48.68265448	    171.15468052
      1.07200000	     70.76808572	      0.00000000	    102.82774953	    119.75209971	      0.00000000	     47.00866767	    182.73632398	     48.68265448	    171.15468052
      1.07300000	     70.76808572	      0.00000000	    102.82774953	    127.89693540	      0.00000000	     47.00866767	    182.73632398	     48.68265448	    171.15468052
      1.07400000	     70.76808572	     18.05982937	    102.82774953	      0.00000000	     80.85081529	     47.00866767	    182.73632398	     48.68265448	    171.15468052
      1.07500000	     70.76808572	      8.99439479	    102.82774953	    129.20628006	      0.00000000	     47.00866767	    182.73632398	     11.01264445	    171.15468052
      1.07600000	     70.76808572	     18.61379343	    102.82774953	      0.00000000	     79.96595522	     47.00866767	    182.73632398	     48.68265448	    171.15468052
      1.07700000	     70.76808572	      0.00000000	    102.82774953	      0.00000000	     93.60331596	     47.00866767	    182.73632398	     48.68265448	    171.15468052
      1.07800000	     70.76808572	     17.82246289	    102.82774953	    129.46554933	      0.00000000	     47.00866767	    182.73632398	     48.68265448	    171.15468052
      1.07900000	     70.76808572	     20.81237077	    102.82774953	      0.00000000	     80.79785543	     47.00866767	    182.73632398	     48.68265448	    171.15468052
      1.08000000	     70.76808572	      0.00000000	    102.82774953	    129.13554000	      0.00000000	     47.00866767	    182.73632398	     11.01264445	    171.15468052
      1.08100000	     70.76808572	     18.68194650	    102.82774953	      0.00000000	      8.56436190	     47.00866767	    182.73632398	     11.01264445	    171.15468052
      1.08200000	     70.76808572	      0.36335710	    102.82774953	      0.00000000	     92.24860566	     47.00866767	    182.73632398	     48.68265448	    171.15468052
      1.08300000	     70.76808572	     20.34164745	    102.82774953	    127.56475086	      0.00000000	     47.00866767	    182.73632398	     11.01264445	    171.15468052
      1.08400000	     70.76808572	      0.00000000	    102.82774953	    129.79718344	      0.00000000	     47.00866767	    182.73632398	     48.68265448	    171.15468052
      1.08500000	     70.76808572	      0.00000000	    102.82774953	      0.00000000	     84.42695762	     47.00866767	    182.73632398	     48.68265448	    171.15468052
      1.08600000	     70.76808572	      0.00000000	    102.82774953	      0.00000000	     90.56496345	     47.00866767	    182.73632398	     37.34254389	    171.15468052
      1.08700000	     70.76808572	     17.99898805	    102.82774953	    124.68728406	      0.37064008	     47.00866767	    182.73632398	     11.01264445	    171.15468052
      1.08800000	     70.76808572	     19.74685144	    102.82774953	    128.20589183	      0.00000000	     47.00866767	    182.73632398	     48.68265448	    171.15468052
      1.08900000	     70.76808572	     20.26810607	    102.82774953	    129.51422707	      0.00000000	     47.00866767	    182.73632398	     11.01264445	    171.15468052
      1.09000000	     70.76808572	      0.00000000	    102.82774953	      0.00000000	     83.87618030	     47.00866767	    182.73632398	     48.68265448	    171.15468052
      1.09100000	     70.76808572	      0.00000000	    102.82774953	      0.00000000	     87.73856248	     47.00866767	    182.73632398	     48.68265448	    171.15468052
      1.09200000	     70.76808572	     19.11885849	    102.82774953	      0.00000000	     94.73660537	     47.00866767	    182.73632398	     48.68265448	    171.15468052
      1.09300000	     70.76808572	      0.00000000	    102.82774953	    127.95176145	      0.00000000	     47.00866767	    182.73632398	     48.68265448	    171.15468052
      1.09400000	     70.76808572	      0.00000000	    102.82774953	      0.00000000	     84.02090895	     47.00866767	    182.73632398	     48.68265448	    171.15468052
      1.09500000	     70.76808572	     18.46964690	    102.82774953	    122.98067639	      5.58511424	     47.00866767	    182.73632398	     11.01264445	    171.15468052
      1.09600000	     70.76808572	     15.84634837	    102.82774953	    129.31496586	      0.00000000	     47.00866767	    182.73632398	     48.68265448	    171.15468052
      1.09700000	     70.76808572	     18.15957580	    102.82774953	      0.00000000	     91.51063932	     47.00866767	    182.73632398	     48.68265448	    171.15468052
      1.09800000	     70.76808572	     19.89857721	    102.82774953	    128.61283749	      0.00000000	     47.00866767	    182.73632398	     48.68265448	    171.15468052
      1.09900000	     70.76808572	      0.00000000	    102.82774953	      0.00000000	     87.00706728	     47.00866767	    182.73632398	     48.68265448	    171.15468052
      1.10000000	     70.76808572	     17.77532869	    102.82774953	    123.79354489	      0.00000000	     47.00866767	    182.73632398	     48.68265448	    171.15468052
      1.10100000	     70.76808572	      7.46485171	    102.82774953	      7.63447209	      4.95234115	     47.00866767	    182.73632398	     48.68265448	    171.15468052
      1.10200000	     70.76808572	      0.00000000	    102.82774953	      0.00000000	     88.57084794	     47.00866767	    182.73632398	     48.68265448	    171.15468052
      1.10300000	     70.76808572	     19.44707862	    102.82774953	    129.67070583	      0.00000000	     47.00866767	    182.73632398	     48.68265448	    171.15468052
      1.10400000	     70.76808572	      0.00000000	    102.82774953	      0.00000000	     87.25550845	     47.00866767	    182.73632398	     48.68265448	    171.15468052
      1.10500000	     70.76808572	     19.05120046	    102.82774953	    125.33373519	      0.00000000	     47.00866767	    182.73632398	     11.01264445	    171.15468052
      1.10600000	     70.76808572	      0.00000000	    102.82774953	    128.83126281	      0.00000000	     47.00866767	    182.73632398	     48.68265448	    171.15468052
      1.10700000	     70.76808572	     17.98008761	    102.82774953	      0.00000000	     84.57618861	     47.00866767	    182.73632398	     48.68265448	    171.15468052
      1.10800000	     70.76808572	      0.00000000	    102.82774953	      0.00000000	     91.76265461	     47.00866767	    182.73632398	     48.68265448	    171.15468052
      1.10900000	     70.76808572	      0.00000000	    102.82774953	    127.80652613	      0.00000000	     47.00866767	    182.73632398	     48.68265448	    171.15468052
      1.11000000	     70.76808572	     20.13073140	    102.82774953	     10.76630925	     80.16022054	     47.00866767	    182.73632398	     48.68265448	    171.15468052
      1.11100000	     70.76808572	      0.00000000	    102.82774953	      0.00000000	     94.62399506	     47.00866767	    182.73632398	     11.01264445	    171.15468052
      1.11200000	     70.76808572	      2.56294942	    102.82774953	    128.45408668	      0.00000000	     47.00866767	    182.73632398	     48.68265448	    171.15468052
      1.11300000	     70.76808572	     19.73420622	    102.82774953	      0.00000000	     80.57833861	     47.00866767	    182.73632398	     11.01264445	    171.15468052
      1.11400000	     70.76808572	      0.00000000	    102.82774953	      0.06932265	      0.40029208	     47.00866767	    182.73632398	     11.01264445	    171.15468052
      1.11500000	     70.76808572	     19.23870729	    102.82774953	    129.85334440	      0.00000000	     47.00866767	    182.73632398	     48.68265448	    171.15468052
      1.11600000	     70.76808572	      0.00000000	    102.82774953	      0.00000000	     90.54118421	     47.00866767	    182.73632398	     48.68265448	    171.15468052
      1.11700000	     70.76808572	      0.01153887	    102.82774953	    129.83928555	      0.00000000	     47.00866767	    182.73632398	     11.01264445	    171.15468052
      1.11800000	     70.76808572	     17.75430442	    102.82774953	      0.00000000	     85.54583853	     47.00866767	    182.73632398	     48.68265448	    171.15468052
      1.11900000	     70.76808572	     20.70074259	    102.82774953	    124.46300188	      0.00000000	     47.00866767	    182.73632398	     28.49147817	    171.15468052
      1.12000000	     70.76808572	      0.00000000	    102.82774953	      0.00000000	      5.66735247	     47.00866767	    182.73632398	     48.68265448	    171.15468052
      1.12100000	     70.76808572	      2.35674707	    102.82774953	      0.00000000	     89.74696023	     47.00866767	    182.73632398	     48.68265448	    171.15468052
      1.12200000	     70.76808572	     19.63349873	    102.82774953	    129.48880202	      0.00000000	     47.00866767	    182.73632398	     48.68265448	    171.15468052
      1.12300000	     70.76808572	      0.00000000	    102.82774953	      0.00000000	     86.62030261	     47.00866767	    182.73632398	     48.68265448	    171.15468052
      1.12400000	     70.76808572	     19.82387211	    102.82774953	    129.50567526	      0.00000000	     47.00866767	    182.73632398	     11.01264445	    171.15468052
      1.12500000	     70.76808572	      0.00000000	    102.82774953	     30.01378155	     79.98777776	     47.00866767	    182.73632398	     11.01264445	    171.15468052
      1.12600000	     70.76808572	     17.82608615	    102.82774953	      0.00000000	      0.00000000	     47.00866767	    182.73632398	     11.01264445	    171.15468052
      1.12700000	     70.76808572	     20.24103446	    102.82774953	      0.00000000	     82.91161747	     47.00866767	    182.73632398	     48.68265448	    171.15468052
      1.12800000	     70.76808572	      0.00000000	    102.82774953	    128.78440786	      0.00000000	     47.00866767	    182.73632398	     48.68265448	    171.15468052
      1.12900000	     70.76808572	     19.14657199	    102.82774953	      0.00000000	     78.98891578	     47.00866767	    182.73632398	     48.68265448	    171.15468052
      1.13000000	     70.76808572	      0.00000000	    102.82774953	      0.00000000	     94.42516964	     47.00866767	    182.73632398	     11.01264445	    171.15468052
      1.13100000	     70.76808572	     15.54514209	    102.82774953	    127.00315033	      0.00000000	     47.00866767	    182.73632398	     48.68265448	    171.15468052
      1.13200000	     70.76808572	     19.98039108	    102.82774953	      0.00000000	     86.50456419	     47.00866767	    182.73632398	     48.68265448	    171.15468052
      1.13300000	     70.76808572	      0.00000000	    102.82774953	    128.13286577	      0.00000000	     47.00866767	    182.73632398	     48.68265448	    171.15468052
      1.13400000	     70.76808572	     18.37107619	    102.82774953	    119.00131743	      0.00000000	     47.00866767	    182.73632398	     48.68265448	    171.15468052
      1.13500000	     70.76808572	      0.00000000	    102.82774953	      0.00000000	     80.93098266	     47.00866767	    182.73632398	     11.01264445	    171.15468052
      1.13600000	     70.76808572	     18.85478408	    102.82774953	    122.42491305	     94.45173170	     47.00866767	    182.73632398	     48.68265448	    171.15468052
      1.13700000	     70.76808572	      0.00000000	    102.82774953	    128.70658917	      0.00000000	     47.00866767	    182.73632398	     48.68265448	    171.15468052
      1.13800000	     70.76808572	      0.00000000	    102.82774953	      0.00000000	     84.80726510	     47.00866767	    182.73632398	     48.68265448	    171.15468052
      1.13900000	     70.76808572	     18.94480576	    102.82774953	    128.26037263	      0.00000000	     47.00866767	    182.73632398	     11.01264445	    171.15468052
      1.14000000	     70.76808572	      0.31839158	    102.82774953	    129.81373954	      0.00000000	     47.00866767	    182.73632398	     48.68265448	    171.15468052
      1.14100000	     70.76808572	      0.00000000	    102.82774953	      0.00000000	     87.03393238	     47.00866767	    182.73632398	     12.79342815	    171.15468052
      1.14200000	     70.76808572	     17.71226769	    102.82774953	    127.34596131	      0.00000000	     47.00866767	    182.73632398	     48.68265448	    171.15468052
      1.14300000	     70.76808572	      0.00000000	    102.82774953	      0.00000000	     87.71539355	     47.00866767	    182.73632398	     11.01264445	    171.15468052
      1.14400000	     70.76808572	     17.42206946	    102.82774953	      4.18297737	      0.00000000	     47.00866767	    182.73632398	     48.68265448	    171.15468052
      1.14500000	     70.76808572	     20.07908752	    102.82774953	    128.62183112	      0.00000000	     47.00866767	    182.73632398	     48.68265448	    171.15468052
      1.14600000	     70.76808572	     19.30367186	    102.82774953	    129.00220967	     85.21838783	     47.00866767	    182.73632398	     48.68265448	    171.15468052
      1.14700000	     70.76808572	     20.59063411	    102.82774953	      0.00000000	     88.71902035	     47.00866767	    182.73632398	     48.68265448	    171.15468052
      1.14800000	     70.76808572	      0.00000000	    102.82774953	    118.17667749	      0.00000000	     47.00866767	    182.73632398	     11.01264445	    171.15468052
      1.14900000	     70.76808572	      0.00000000	    102.82774953	    126.40154133	      0.00000000	     47.00866767	    182.73632398	     48.68265448	    171.15468052
      1.15000000	     70.76808572	     18.50759397	    102.82774953	      0.00000000	     86.25937265	     47.00866767	    182.73632398	     48.68265448	    171.15468052
      1.15100000	     70.76808572	     20.41564688	    102.82774953	    129.38053966	      0.00000000	     47.00866767	    182.73632398	     48.68265448	    171.15468052
      1.15200000	     70.76808572	      0.00000000	    102.82774953	      0.00000000	     83.15628784	     47.00866767	    182.73632398	     48.68265448	    171.15468052
      1.15300000	     70.76808572	     20.13240619	    102.82774953	    128.99399028	     80.79632208	     47.00866767	    182.73632398	     48.68265448	    171.15468052
      1.15400000	     70.76808572	      0.00000000	    102.82774953	      0.00000000	     67.40977302	     47.00866767	    182.73632398	     48.68265448	    171.15468052
      1.15500000	     70.76808572	      0.00000000	    102.82774953	      0.00000000	     90.32853999	     47.00866767	    182.73632398	     11.01264445	    171.15468052
      1.15600000	     70.76808572	     20.34411192	    102.82774953	    128.20061502	      0.00000000	     47.00866767	    182.73632398	     11.01264445	    171.15468052
      1.15700000	     70.76808572	      0.00000000	    102.82774953	     84.44983425	      0.00000000	     47.00866767	    182.73632398	     48.68265448	    171.15468052
      1.15800000	     70.76808572	     17.53701490	    102.82774953	    129.23216234	      3.13043517	     47.00866767	    182.73632398	     48.68265448	    171.15468052
      1.15900000	     70.76808572	     16.48823083	    102.82774953	    129.39691018	      0.00000000	     47.00866767	    182.73632398	     48.68265448	    171.15468052
      1.16000000	     70.76808572	     19.55185077	    102.82774953	      0.00000000	     75.49792860	     47.00866767	    182.73632398	     11.01264445	    171.15468052
      1.16100000	     70.76808572	      0.00000000	    102.82774953	      0.00000000	     84.09963092	     47.00866767	    182.73632398	     48.68265448	    171.15468052
      1.16200000	     70.76808572	     17.04233337	    102.82774953	      0.00000000	     86.12960065	     47.00866767	    182.73632398	     48.68265448	    171.15468052
      1.16300000	     70.76808572	     20.06182343	    102.82774953	    122.34836660	      3.93630179	     47.00866767	    182.73632398	     48.68265448	    171.15468052
      1.16400000	     70.76808572	      0.00000000	    102.82774953	    128.49002826	      0.00000000	     47.00866767	    182.73632398	     48.68265448	    171.15468052
      1.16500000	     70.76808572	     17.57345409	    102.82774953	      0.00000000	     76.78615686	     47.00866767	    182.73632398	     11.01264445	    171.15468052
      1.16600000	     70.76808572	     18.08876689	    102.82774953	      0.00000000	     83.47848179	     47.00866767	    182.73632398	     48.68265448	    171.15468052
      1.16700000	     70.76808572	     19.02975944	    102.82774953	    126.72287984	      0.00000000	     47.00866767	    182.73632398	     48.68265448	    171.15468052
      1.16800000	     70.76808572	     18.97231860	    102.82774953	    129.75762398	      0.00000000	     47.00866767	    182.73632398	     48.68265448	    171.15468052
      1.16900000	     70.76808572	      0.00000000	    102.82774953	      0.00000000	     85.40944189	     47.00866767	    182.73632398	     11.01264445	    171.15468052
      1.17000000	     70.76808572	      0.00000000	    102.82774953	    128.98233407	      0.00000000	     47.00866767	    182.73632398	     48.68265448	    171.15468052
      1.17100000	     70.76808572	     17.11324810	    102.82774953	      0.00000000	     87.06979141	     47.00866767	    182.73632398	     26.64789706	    171.15468052
      1.17200000	     70.76808572	     19.25694435	    102.82774953	    121.68924234	      0.00000000	     47.00866767	    182.73632398	     48.68265448	    171.15468052
      1.17300000	     70.76808572	      0.00000000	    102.82774953	    129.62599808	      0.00000000	     47.00866767	    182.73632398	     48.68265448	    171.15468052
      1.17400000	     70.76808572	      0.40404529	    102.82774953	      0.00000000	     91.68466243	     47.00866767	    182.73632398	     11.01264445	    171.15468052
      1.17500000	     70.76808572	      0.00000000	    102.82774953	    125.06910217	      0.00000000	     47.00866767	    182.73632398	     48.68265448	    171.15468052
      1.17600000	     70.76808572	     18.59071068	    102.82774953	     45.14790148	      0.00000000	     47.00866767	    182.73632398	     48.68265448	    171.15468052
      1.17700000	     70.76808572	     19.46820574	    102.82774953	    129.28812066	      0.00000000	     47.00866767	    182.73632398	     48.68265448	    171.15468052
      1.17800000	     70.76808572	      0.00000000	    102.82774953	     14.82967114	     79.91312431	     47.00866767	    182.73632398	     11.01264445	    171.15468052
      1.17900000	     70.76808572	     18.45468729	    102.82774953	      0.00000000	     91.89080087	     47.00866767	    182.73632398	     48.68265448	    171.15468052
      1.18000000	     70.76808572	      0.00000000	    102.82774953	    129.70527526	      0.00000000	     47.00866767	    182.73632398	     48.68265448	    171.15468052
      1.18100000	     70.76808572	      0.00000000	    102.82774953	      0.00000000	     81.88968293	     47.00866767	    182.73632398	     48.68265448	    171.15468052
      1.18200000	     70.76808572	     18.00442729	    102.82774953	     21.60882247	      0.00000000	     47.00866767	    182.73632398	     48.68265448	    171.15468052
      1.18300000	     70.76808572	     17.75986706	    102.82774953	    128.87204367	     75.67168908	     47.00866767	    182.73632398	     48.68265448	    171.15468052
      1.18400000	     70.76808572	     18.86498227	    102.82774953	      0.00000000	     89.43590599	     47.00866767	    182.73632398	     11.01264445	    171.15468052
      1.18500000	     70.76808572	      3.48203850	    102.82774953	      0.00000000	     89.90195441	     47.00866767	    182.73632398	     48.68265448	    171.15468052
      1.18600000	     70.76808572	     19.72438314	    102.82774953	    123.07358079	      0.00000000	     47.00866767	    182.73632398	     48.68265448	    171.15468052
      1.18700000	     70.76808572	     20.64869366	    102.82774953	      0.00000000	     37.43785592	     47.00866767	    182.73632398	     48.68265448	    171.15468052
      1.18800000	     70.76808572	      2.69639657	    102.82774953	    127.63928921	      0.00000000	     47.00866767	    182.73632398	     48.68265448	    171.15468052
      1.18900000	     70.76808572	      0.00000000	    102.82774953	    127.67991567	      0.00000000	     47.00866767	    182.73632398	     11.01264445	    171.15468052
      1.19000000	     70.76808572	     17.72029731	    102.82774953	      0.00000000	     67.93015422	     47.00866767	    182.73632398	     48.68265448	    171.15468052
      1.19100000	     70.76808572	     20.28590623	    102.82774953	      0.00000000	     76.26594281	     47.00866767	    182.73632398	     48.68265448	    171.15468052
      1.19200000	     70.76808572	      0.00000000	    102.82774953	      0.00000000	     92.10097019	     47.00866767	    182.73632398	     11.01264445	    171.15468052
      1.19300000	     70.76808572	     17.82883060	    102.82774953	    127.87596593	      0.00000000	     47.00866767	    182.73632398	     11.01264445	    171.15468052
      1.19400000	     70.76808572	      0.00000000	    102.82774953	    129.83826410	     78.86461670	     47.00866767	    182.73632398	     48.68265448	    171.15468052
      1.19500000	     70.76808572	     16.28546070	    102.82774953	      0.00000000	     85.36429793	     47.00866767	    182.73632398	     48.68265448	    171.15468052
      1.19600000	     70.76808572	     20.43878817	    102.82774953	      0.00000000	     87.49783998	     47.00866767	    182.73632398	     48.68265448	    171.15468052
      1.19700000	     70.76808572	      0.00000000	    102.82774953	    122.24626967	      0.00000000	     47.00866767	    182.73632398	     11.01264445	    171.15468052
      1.19800000	     70.76808572	     17.28319562	    102.82774953	    127.23581418	      0.00000000	     47.00866767	    182.73632398	     11.01264445	    171.15468052
      1.19900000	     70.76808572	     17.66133770	    102.82774953	      0.00000000	     88.52192819	     47.00866767	    182.73632398	     48.68265448	    171.15468052
      1.20000000	     70.76808572	      0.00000000	    102.82774953	    129.86921933	      0.00000000	     47.00866767	    182.73632398	     48.68265448	    171.15468052
      1.20100000	     70.76808572	     17.53148077	    102.82774953	    110.83038411	     85.26549276	     47.00866767	    182.73632398	     11.01264445	    171.15468052
      1.20200000	     70.76808572	     18.42404194	    102.82774953	    123.91872172	      0.00000000	     47.00866767	    182.73632398	     48.68265448	    171.15468052
      1.20300000	     70.76808572	     20.01155887	    102.82774953	      0.00000000	     78.56276337	     47.00866767	    182.73632398	     48.68265448	    171.15468052
      1.20400000	     70.76808572	      0.00000000	    102.82774953	    128.82925668	      0.00000000	     47.00866767	    182.73632398	     48.68265448	    171.15468052
      1.20500000	     70.76808572	     13.81429309	    102.82774953	      0.00000000	      4.80197718	     47.00866767	    182.73632398	     11.07015832	    171.15468052
      1.20600000	     70.76808572	     19.28747549	    102.82774953	      1.95172095	     86.43389523	     47.00866767	    182.73632398	     11.01264445	    171.15468052
      1.20700000	     70.76808572	     17.28678214	    102.82774953	    124.80350378	      0.00000000	     47.00866767	    182.73632398	     48.68265448	    171.15468052
      1.20800000	     70.76808572	     19.83632342	    102.82774953	      0.00000000	     87.29027660	     47.00866767	    182.73632398	     48.68265448	    171.15468052
      1.20900000	     70.76808572	      0.00000000	    102.82774953	      0.00000000	     90.08708490	     47.00866767	    182.73632398	     48.68265448	    171.15468052
      1.21000000	     70.76808572	      0.02108727	    102.82774953	    128.16419564	      0.00000000	     47.00866767	    182.73632398	     48.68265448	    171.15468052
      1.21100000	     70.76808572	      0.00000000	    102.82774953	    128.43412442	     72.79242247	     47.00866767	    182.73632398	     11.01264445	    171.15468052
      1.21200000	     70.76808572	     17.71237013	    102.82774953	      0.00000000	     89.87661907	     47.00866767	    182.73632398	     48.68265448	    171.15468052
      1.21300000	     70.76808572	      0.00000000	    102.82774953	    129.14671065	      0.00000000	     47.00866767	    182.73632398	     11.01264445	    171.15468052
      1.21400000	     70.76808572	      0.00000000	    102.82774953	      0.00000000	     84.63012781	     47.00866767	    182.73632398	     48.68265448	    171.15468052
      1.21500000	     70.76808572	     18.84900333	    102.82774953	    129.26976117	      0.00000000	     47.00866767	    182.73632398	     48.68265448	    171.15468052
      1.21600000	     70.76808572	     17.00487480	    102.82774953	    115.76695514	     82.62755001	     47.00866767	    182.73632398	     48.68265448	    171.15468052
      1.21700000	     70.76808572	     19.98344819	    102.82774953	    129.44154755	      0.00000000	     47.00866767	    182.73632398	     11.02387066	    171.15468052
      1.21800000	     70.76808572	      0.00000000	    102.82774953	      0.00000000	     80.73838709	     47.00866767	    182.73632398	     11.01264445	    171.15468052
      1.21900000	     70.76808572	     18.21762961	    102.82774953	    123.73121503	     47.78709307	     47.00866767	    182.73632398	     48.68265448	    171.15468052
      1.22000000	     70.76808572	     20.14594297	    102.82774953	    129.79208905	      0.00000000	     47.00866767	    182.73632398	     48.68265448	    171.15468052
      1.22100000	     70.76808572	      0.00000000	    102.82774953	      0.00000000	     88.45670642	     47.00866767	    182.73632398	     11.01264445	    171.15468052
      1.22200000	     70.76808572	     19.21890197	    102.82774953	    129.77115633	      0.00000000	     47.00866767	    182.73632398	     48.68265448	    171.15468052
      1.22300000	     70.76808572	     18.17951119	    102.82774953	      0.00000000	     83.59360051	     47.00866767	    182.73632398	     48.68265448	    171.15468052
      1.22400000	     70.76808572	      0.00000000	    102.82774953	      0.00000000	     90.90926551	     47.00866767	    182.73632398	     48.68265448	    171.15468052
      1.22500000	     70.76808572	      0.00000000	    102.82774953	    127.31506071	      0.00000000	     47.00866767	    182.73632398	     48.68265448	    171.15468052
      1.22600000	     70.76808572	     17.63562461	    102.82774953	      0.00000000	     84.10993615	     47.00866767	    182.73632398	     48.68265448	    171.15468052
      1.22700000	     70.76808572	     17.72777277	    102.82774953	    129.18860734	      0.00000000	     47.00866767	    182.73632398	     48.68265448	    171.15468052
      1.22800000	     70.76808572	     19.12063762	    102.82774953	    128.81827093	      0.00000000	     47.00866767	    182.73632398	     48.68265448	    171.15468052
      1.22900000	     70.76808572	      0.00000000	    102.82774953	      0.00000000	     86.98747901	     47.00866767	    182.73632398	     48.68265448	    171.15468052
      1.23000000	     70.76808572	     19.38729157	    102.82774953	    124.20309376	      0.00000000	     47.00866767	    182.73632398	     48.68265448	    171.15468052
      1.23100000	     70.76808572	      0.00000000	    102.82774953	    129.61048075	      0.00000000	     47.00866767	    182.73632398	     14.50697475	    171.15468052
      1.23200000	     70.76808572	     18.26478128	    102.82774953	      0.00000000	     82.53919584	     47.00866767	    182.73632398	     48.68265448	    171.15468052
      1.23300000	     70.76808572	      0.00000000	    102.82774953	    128.97283121	     85.11785926	     47.00866767	    182.73632398	     48.68265448	    171.15468052
      1.23400000	     70.76808572	      0.00000000	    102.82774953	      0.00000000	     87.43938319	     47.00866767	    182.73632398	     11.01264445	    171.15468052
      1.23500000	     70.76808572	     18.08538955	    102.82774953	    128.12132747	      0.00000000	     47.00866767	    182.73632398	     48.68265448	    171.15468052
      1.23600000	     70.76808572	     20.65988094	    102.82774953	    123.23590845	      0.00000000	     47.00866767	    182.73632398	     48.68265448	    171.15468052
      1.23700000	     70.76808572	      0.00000000	    102.82774953	      0.00000000	     81.85588144	     47.00866767	    182.73632398	     48.68265448	    171.15468052
      1.23800000	     70.76808572	     19.53806098	    102.82774953	    125.06800640	      0.00000000	     47.00866767	    182.73632398	     11.01264445	    171.15468052
      1.23900000	     70.76808572	      0.00000000	    102.82774953	      0.00000000	     78.76165253	     47.00866767	    182.73632398	     48.68265448	    171.15468052
      1.24000000	     70.76808572	      0.00000000	    102.82774953	      0.00000000	     81.09122023	     47.00866767	    182.73632398	     11.01264445	    171.15468052
      1.24100000	     70.76808572	     19.22917660	    102.82774953	      0.00000000	      5.64579469	     47.00866767	    182.73632398	     48.68265448	    171.15468052
      1.24200000	     70.76808572	      0.00000000	    102.82774953	    129.70377095	      0.00000000	     47.00866767	    182.73632398	     48.68265448	    171.15468052
      1.24300000	     70.76808572	      1.79025477	    102.82774953	      0.00000000	     79.07602700	     47.00866767	    182.73632398	     11.01264445	    171.15468052
      1.24400000	     70.76808572	     20.52203627	    102.82774953	     23.51584246	     87.51376827	     47.00866767	    182.73632398	     11.01264445	    171.15468052
      1.24500000	     70.76808572	      0.00000000	    102.82774953	    128.62226037	     86.50664408	     47.00866767	    182.73632398	     48.68265448	    171.15468052
      1.24600000	     70.76808572	      0.00000000	    102.82774953	    129.10301204	      0.00000000	     47.00866767	    182.73632398	     48.68265448	    171.15468052
      1.24700000	     70.76808572	     17.84084253	    102.82774953	    127.43744289	      0.00000000	     47.00866767	    182.73632398	     48.68265448	    171.15468052
      1.24800000	     70.76808572	      1.04583737	    102.82774953	      0.00000000	     84.87669559	     47.00866767	    182.73632398	     48.68265448	    171.15468052
      1.24900000	     70.76808572	      0.00000000	    102.82774953	    117.64067056	      0.00000000	     47.00866767	    182.73632398	     48.68265448	    171.15468052
      1.25000000	     70.76808572	     18.43308610	    102.82774953	      0.00000000	     87.42525906	     47.00866767	    182.73632398	     48.68265448	    171.15468052
      1.25100000	     70.76808572	      0.00000000	    102.82774953	    128.54410230	      0.00000000	     47.00866767	    182.73632398	     48.68265448	    171.15468052
      1.25200000	     70.76808572	      0.00000000	    102.82774953	    129.34198882	      0.00000000	     47.00866767	    182.73632398	     48.68265448	    171.15468052
      1.25300000	     70.76808572	     18.79780937	    102.82774953	      0.00000000	     76.00223150	     47.00866767	    182.73632398	     48.68265448	    171.15468052
      1.25400000	     70.76808572	      0.00000000	    102.82774953	      9.39638861	     11.77226678	     47.00866767	    182.73632398	     48.68265448	    171.15468052
      1.25500000	     70.76808572	      5.17513475	    102.82774953	    124.91467662	      0.00000000	     47.00866767	    182.73632398	     11.01264445	    171.15468052
      1.25600000	     70.76808572	     20.01890789	    102.82774953	      0.00000000	     77.44002226	     47.00866767	    182.73632398	     48.68265448	    171.15468052
      1.25700000	     70.76808572	      0.00000000	    102.82774953	    129.76037030	      0.00000000	     47.00866767	    182.73632398	     48.68265448	    171.15468052
      1.25800000	     70.76808572	      0.00000000	    102.82774953	    122.75792073	      0.00000000	     47.00866767	    182.73632398	     48.68265448	    171.15468052
      1.25900000	     70.76808572	     16.05977703	    102.82774953	      0.00000000	     80.88427629	     47.00866767	    182.73632398	     11.01264445	    171.15468052
      1.26000000	     70.76808572	      0.00000000	    102.82774953	      0.00000000	     88.48593665	     47.00866767	    182.73632398	     48.68265448	    171.15468052
      1.26100000	     70.76808572	      0.00000000	    102.82774953	    124.89567171	      0.00000000	     47.00866767	    182.73632398	     11.01264445	    171.15468052
      1.26200000	     70.76808572	     17.74536240	    102.82774953	    129.75342208	     18.68056741	     47.00866767	    182.73632398	     48.68265448	    171.15468052
      1.26300000	     70.76808572	      0.00000000	    102.82774953	      0.00000000	     87.49602684	     47.00866767	    182.73632398	     29.60519636	    171.15468052
      1.26400000	     70.76808572	     17.47562456	    102.82774953	    126.96365298	      0.00000000	     47.00866767	    182.73632398	     48.68265448	    171.15468052
      1.26500000	     70.76808572	     19.29104012	    102.82774953	     62.45508080	     78.70205367	     47.00866767	    182.73632398	     48.68265448	    171.15468052
      1.26600000	     70.76808572	     20.24845828	    102.82774953	      0.00000000	     89.44953076	     47.00866767	    182.73632398	     11.01264445	    171.15468052
      1.26700000	     70.76808572	      0.00000000	    102.82774953	    129.34685640	      0.00000000	     47.00866767	    182.73632398	     48.68265448	    171.15468052
      1.26800000	     70.76808572	      0.00000000	    102.82774953	      5.85671282	     78.58130978	     47.00866767	    182.73632398	     11.01264445	    171.15468052
      1.26900000	     70.76808572	     18.14508886	    102.82774953	      0.00000000	     87.23841479	     47.00866767	    182.73632398	     48.68265448	    171.15468052
      1.27000000	     70.76808572	     18.36221217	    102.82774953	      0.00000000	      0.00000000	     47.00866767	    182.73632398	     48.68265448	    171.15468052
      1.27100000	     70.76808572	     20.71683037	    102.82774953	      0.37551103	     82.82697765	     47.00866767	    182.73632398	     48.68265448	    171.15468052
      1.27200000	     70.76808572	      0.00000000	    102.82774953	      0.00000000	     10.41415871	     47.00866767	    182.73632398	     11.01264445	    171.15468052
      1.27300000	     70.76808572	      0.00000000	    102.82774953	     13.10829697	     79.21177019	     47.00866767	    182.73632398	     11.01264445	    171.15468052
      1.27400000	     70.76808572	     16.66723410	    102.82774953	    129.46356446	     33.55898496	     47.00866767	    182.73632398	     48.68265448	    171.15468052
      1.27500000	     70.76808572	     18.42460432	    102.82774953	    129.60519188	      0.00000000	     47.00866767	    182.73632398	     48.68265448	    171.15468052
      1.27600000	     70.76808572	      2.00733944	    102.82774953	    128.96868217	     77.38597938	     47.00866767	    182.73632398	     48.68265448	    171.15468052
      1.27700000	     70.76808572	     20.30117747	    102.82774953	    129.82985397	      0.00000000	     47.00866767	    182.73632398	     48.68265448	    171.15468052
      1.27800000	     70.76808572	      0.00000000	    102.82774953	      0.00000000	     75.68385221	     47.00866767	    182.73632398	     11.01264445	    171.15468052
      1.27900000	     70.76808572	      0.00000000	    102.82774953	    128.60540762	      0.00000000	     47.00866767	    182.73632398	     48.68265448	    171.15468052
      1.28000000	     70.76808572	     12.42718928	    102.82774953	    122.79022393	      0.06172275	     47.00866767	    182.73632398	     11.01264445	    171.15468052
      1.28100000	     70.76808572	     20.09655747	    102.82774953	      0.00000000	     91.87718379	     47.00866767	    182.73632398	     48.68265448	    171.15468052
      1.28200000	     70.76808572	      0.00000000	    102.82774953	    128.95808340	      0.00000000	     47.00866767	    182.73632398	     48.68265448	    171.15468052
      1.28300000	     70.76808572	      0.00000000	    102.82774953	      0.00000000	     90.48697401	     47.00866767	    182.73632398	     48.68265448	    171.15468052
      1.28400000	     70.76808572	      8.65653381	    102.82774953	    128.50208535	      0.00000000	     47.00866767	    182.73632398	     11.01264445	    171.15468052
      1.28500000	     70.76808572	     19.86085272	    102.82774953	    129.87493837	      0.00000000	     47.00866767	    182.73632398	     48.68265448	    171.15468052
      1.28600000	     70.76808572	      0.00000000	    102.82774953	    124.36206138	      0.00000000	     47.00866767	    182.73632398	     11.01264445	    171.15468052
      1.28700000	     70.76808572	     17.74082130	    102.82774953	      0.00000000	     71.07505705	     47.00866767	    182.73632398	     48.68265448	    171.15468052
      1.28800000	     70.76808572	     20.74692692	    102.82774953	      0.00000000	     80.22444110	     47.00866767	    182.73632398	     11.01264445	    171.15468052
      1.28900000	     70.76808572	      0.00000000	    102.82774953	    122.18427035	      0.00000000	     47.00866767	    182.73632398	     11.01264445	    171.15468052
      1.29000000	     70.76808572	      4.94431169	    102.82774953	    129.70883275	      0.00000000	     47.00866767	    182.73632398	     48.68265448	    171.15468052
      1.29100000	     70.76808572	     19.36602733	    102.82774953	    129.50429542	     81.70684995	     47.00866767	    182.73632398	     48.68265448	    171.15468052
      1.29200000	     70.76808572	      0.00000000	    102.82774953	      0.00000000	     81.08919259	     47.00866767	    182.73632398	     48.68265448	    171.15468052
      1.29300000	     70.76808572	      0.00000000	    102.82774953	      0.00000000	      0.00000000	     47.00866767	    182.73632398	     48.68265448	    171.15468052
      1.29400000	     70.76808572	     18.41511305	    102.82774953	    122.73742191	     72.62549572	     47.00866767	    182.73632398	     48.68265448	    171.15468052
      1.29500000	     70.76808572	     18.04952872	    102.82774953	    129.04898370	      0.00000000	     47.00866767	    182.73632398	     11.01264445	    171.15468052
      1.29600000	     70.76808572	     19.97192767	    102.82774953	      0.00000000	     76.10880484	     47.00866767	    182.73632398	     48.68265448	    171.15468052
      1.29700000	     70.76808572	      0.00000000	    102.82774953	      0.00000000	     89.81856601	     47.00866767	    182.73632398	     48.68265448	    171.15468052
      1.29800000	     70.76808572	     19.32183903	    102.82774953	    129.63453758	      0.00000000	     47.00866767	    182.73632398	     48.68265448	    171.15468052
      1.29900000	     70.76808572	      0.00000000	    102.82774953	      0.00000000	     85.09069151	     47.00866767	    182.73632398	     48.68265448	    171.15468052
      1.30000000	     70.76808572	     18.52150761	    102.82774953	    129.77950275	      0.00000000	     47.00866767	    182.73632398	     48.68265448	    171.15468052
      1.30100000	     70.76808572	     20.19825617	    102.82774953	      0.00000000	     74.87982028	     47.00866767	    182.73632398	     48.68265448	    171.15468052
      1.30200000	     70.76808572	      0.00000000	    102.82774953	    129.47812037	     84.29107323	     47.00866767	    182.73632398	     48.68265448	    171.15468052
      1.30300000	     70.76808572	     20.63617651	    102.82774953	    116.67669434	      0.00000000	     47.00866767	    182.73632398	     11.01264445	    171.15468052
      1.30400000	     70.76808572	      0.00000000	    102.82774953	      0.00000000	     84.28498266	     47.00866767	    182.73632398	     48.68265448	    171.15468052
      1.30500000	     70.76808572	      0.00000000	    102.82774953	    129.81604228	      0.00000000	     47.00866767	    182.73632398	     48.68265448	    171.15468052
      1.30600000	     70.76808572	      0.00000000	    102.82774953	    126.09440376	      0.00000000	     47.00866767	    182.73632398	     48.68265448	    171.15468052
      1.30700000	     70.76808572	      0.00000000	    102.82774953	    124.16062699	     71.79721038	     47.00866767	    182.73632398	     48.68265448	    171.15468052
      1.30800000	     70.76808572	     17.96670778	    102.82774953	      0.00000000	     81.07740299	     47.00866767	    182.73632398	     48.68265448	    171.15468052
      1.30900000	     70.76808572	     20.41449629	    102.82774953	    129.82432675	      0.00000000	     47.00866767	    182.73632398	     48.68265448	    171.15468052
      1.31000000	     70.76808572	      0.00000000	    102.82774953	      0.00000000	     74.75463345	     47.00866767	    182.73632398	     48.68265448	    171.15468052
      1.31100000	     70.76808572	     15.27703499	    102.82774953	      0.78717821	     87.42618195	     47.00866767	    182.73632398	     11.01264445	    171.15468052
      1.31200000	     70.76808572	     17.71911834	    102.82774953	    124.72272429	      0.00000000	     47.00866767	    182.73632398	     11.01264445	    171.15468052
      1.31300000	     70.76808572	     19.65699080	    102.82774953	      0.00000000	     72.93186208	     47.00866767	    182.73632398	     13.06913450	    171.15468052
      1.31400000	     70.76808572	      0.00000000	    102.82774953	    129.87081930	     13.34379060	     47.00866767	    182.73632398	     48.68265448	    171.15468052
      1.31500000	     70.76808572	     17.79277005	    102.82774953	      0.00000000	     89.02477987	     47.00866767	    182.73632398	     11.01264445	    171.15468052
      1.31600000	     70.76808572	     19.95377390	    102.82774953	    129.12817095	      0.00000000	     47.00866767	    182.73632398	     48.68265448	    171.15468052
      1.31700000	     70.76808572	     19.14483406	    102.82774953	    128.20375142	     77.49310758	     47.00866767	    182.73632398	     11.01264445	    171.15468052
      1.31800000	     70.76808572	     20.80617421	    102.82774953	      3.24768515	     85.92688064	     47.00866767	    182.73632398	     48.68265448	    171.15468052
      1.31900000	     70.76808572	      0.00000000	    102.82774953	    123.41844892	      0.00000000	     47.00866767	    182.73632398	     48.68265448	    171.15468052
      1.32000000	     70.76808572	     20.48111200	    102.82774953	      0.00000000	     72.18937039	     47.00866767	    182.73632398	     48.68265448	    171.15468052
      1.32100000	     70.76808572	      0.00000000	    102.82774953	      0.00000000	     83.72812339	     47.00866767	    182.73632398	     11.01264445	    171.15468052
      1.32200000	     70.76808572	      0.00000000	    102.82774953	      0.00000000	     90.47476224	     47.00866767	    182.73632398	     48.68265448	    171.15468052
      1.32300000	     70.76808572	     17.83833944	    102.82774953	    129.78090855	      0.00000000	     47.00866767	    182.73632398	     48.68265448	    171.15468052
      1.32400000	     70.76808572	     20.90604738	    102.82774953	      0.00000000	     80.94668790	     47.00866767	    182.73632398	     48.68265448	    171.15468052
      1.32500000	     70.76808572	      0.00000000	    102.82774953	    129.27137219	      0.00000000	     47.00866767	    182.73632398	     11.01264445	    171.15468052
      1.32600000	     70.76808572	     18.12116494	    102.82774953	     36.61575195	      0.00000000	     47.00866767	    182.73632398	     48.68265448	    171.15468052
      1.32700000	     70.76808572	     19.53110521	    102.82774953	    126.60510060	     74.11067922	     47.00866767	    182.73632398	     48.68265448	    171.15468052
      1.32800000	     70.76808572	      0.00000000	    102.82774953	      0.00000000	     72.40517649	     47.00866767	    182.73632398	     48.68265448	    171.15468052
      1.32900000	     70.76808572	     18.39799118	    102.82774953	      0.00000000	     86.94158110	     47.00866767	    182.73632398	     48.68265448	    171.15468052
      1.33000000	     70.76808572	      0.00000000	    102.82774953	    129.79343094	      0.00000000	     47.00866767	    182.73632398	     48.68265448	    171.15468052
      1.33100000	     70.76808572	     17.82247516	    102.82774953	      0.00000000	     83.12942731	     47.00866767	    182.73632398	     11.01264445	    171.15468052
      1.33200000	     70.76808572	     20.05102231	    102.82774953	      0.00000000	     89.56483875	     47.00866767	    182.73632398	     48.68265448	    171.15468052
      1.33300000	     70.76808572	      0.00000000	    102.82774953	    129.56149291	      0.00000000	     47.00866767	    182.73632398	     48.68265448	    171.15468052
      1.33400000	     70.76808572	      1.65645890	    102.82774953	    127.70580398	      0.00000000	     47.00866767	    182.73632398	     48.68265448	    171.15468052
      1.33500000	     70.76808572	     18.19793064	    102.82774953	    108.86236529	     67.04688154	     47.00866767	    182.73632398	     48.68265448	    171.15468052
      1.33600000	     70.76808572	     20.82223840	    102.82774953	      0.00000000	     81.10456705	     47.00866767	    182.73632398	     11.01264445	    171.15468052
      1.33700000	     70.76808572	      0.00000000	    102.82774953	     22.35234238	      0.00000000	     47.00866767	    182.73632398	     11.01264445	    171.15468052
      1.33800000	     70.76808572	     19.62592567	    102.82774953	    129.77905453	      0.00000000	     47.00866767	    182.73632398	     11.01264445	    171.15468052
      1.33900000	     70.76808572	     20.57030581	    102.82774953	      0.00000000	     72.02399036	     47.00866767	    182.73632398	     48.68265448	    171.15468052
      1.34000000	     70.76808572	     17.58674584	    102.82774953	      0.00000000	     83.05768673	     47.00866767	    182.73632398	     48.68265448	    171.15468052
      1.34100000	     70.76808572	      0.00000000	    102.82774953	    128.66554419	      0.00000000	     47.00866767	    182.73632398	     11.01264445	    171.15468052
      1.34200000	     70.76808572	     18.63332735	    102.82774953	    123.88909986	      0.00000000	     47.00866767	    182.73632398	     48.68265448	    171.15468052
      1.34300000	     70.76808572	      0.87016507	    102.82774953	      0.00000000	     74.56016569	     47.00866767	    182.73632398	     48.68265448	    171.15468052
      1.34400000	     70.76808572	      0.00000000	    102.82774953	      0.00000000	     85.96811109	     47.00866767	    182.73632398	     48.68265448	    171.15468052
      1.34500000	     70.76808572	     19.86657749	    102.82774953	    129.29755957	      0.00000000	     47.00866767	    182.73632398	     48.68265448	    171.15468052
      1.34600000	     70.76808572	      0.00000000	    102.82774953	    128.94511206	      1.54896145	     47.00866767	    182.73632398	     48.68265448	    171.15468052
      1.34700000	     70.76808572	      0.00000000	    102.82774953	      0.00000000	     86.57368458	     47.00866767	    182.73632398	     48.68265448	    171.15468052
      1.34800000	     70.76808572	      0.00000000	    102.82774953	    129.70785502	      0.00000000	     47.00866767	    182.73632398	     48.68265448	    171.15468052
      1.34900000	     70.76808572	      0.00000000	    102.82774953	    129.20743566	      0.00000000	     47.00866767	    182.73632398	     11.01264445	    171.15468052
      1.35000000	     70.76808572	     18.01761633	    102.82774953	    125.43217567	      0.00000000	     47.00866767	    182.73632398	     11.01264445	    171.15468052
      1.35100000	     70.76808572	      0.00000000	    102.82774953	      0.00000000	     76.41755874	     47.00866767	    182.73632398	     11.01264445	    171.15468052
      1.35200000	     70.76808572	      6.87418464	    102.82774953	      0.00000000	     86.04530097	     47.00866767	    182.73632398	     48.68265448	    171.15468052
      1.35300000	     70.76808572	      0.00000000	    102.82774953	    129.62662276	      0.00000000	     47.00866767	    182.73632398	     11.01264445	    171.15468052
      1.35400000	     70.76808572	     17.97928439	    102.82774953	    122.78264075	      0.00000000	     47.00866767	    182.73632398	     17.55603687	    171.15468052
      1.35500000	     70.76808572	     20.90473310	    102.82774953	      0.00000000	     73.33837174	     47.00866767	    182.73632398	     48.68265448	    171.15468052
      1.35600000	     70.76808572	      0.00000000	    102.82774953	    125.27341195	      0.00000000	     47.00866767	    182.73632398	     48.68265448	    171.15468052
      1.35700000	     70.76808572	      0.00000000	    102.82774953	      0.00000000	     60.73924369	     47.00866767	    182.73632398	     11.01264445	    171.15468052
      1.35800000	     70.76808572	     18.57234165	    102.82774953	      0.00000000	     86.71492455	     47.00866767	    182.73632398	     48.68265448	    171.15468052
      1.35900000	     70.76808572	      0.00000000	    102.82774953	    129.45588388	      0.00000000	     47.00866767	    182.73632398	     48.68265448	    171.15468052
      1.36000000	     70.76808572	     17.47837472	    102.82774953	      0.00000000	     83.41156352	     47.00866767	    182.73632398	     48.68265448	    171.15468052
      1.36100000	     70.76808572	     20.96599400	    102.82774953	    128.98723421	      0.00000000	     47.00866767	    182.73632398	     48.68265448	    171.15468052
      1.36200000	     70.76808572	      0.00000000	    102.82774953	    123.47824705	      0.00000000	     47.00866767	    182.73632398	     48.68265448	    171.15468052
      1.36300000	     70.76808572	     21.11228723	    102.82774953	      0.00000000	     68.90482148	     47.00866767	    182.73632398	     48.68265448	    171.15468052
      1.36400000	     70.76808572	      0.00000000	    102.82774953	      0.00000000	     78.46412591	     47.00866767	    182.73632398	     48.68265448	    171.15468052
      1.36500000	     70.76808572	      0.00000000	    102.82774953	     75.35674514	     82.69611340	     47.00866767	    182.73632398	     11.01264445	    171.15468052
      1.36600000	     70.76808572	      0.00000000	    102.82774953	      0.00000000	     83.11963003	     47.00866767	    182.73632398	     48.68265448	    171.15468052
      1.36700000	     70.76808572	     18.46422794	    102.82774953	      0.00000000	      0.00000000	     47.00866767	    182.73632398	     48.68265448	    171.15468052
      1.36800000	     70.76808572	     20.61395266	    102.82774953	    129.50036286	     25.09551374	     47.00866767	    182.73632398	     11.01264445	    171.15468052
      1.36900000	     70.76808572	      0.00000000	    102.82774953	      0.00000000	     86.89666639	     47.00866767	    182.73632398	     11.37175808	    171.15468052
      1.37000000	     70.76808572	     13.47452412	    102.82774953	    129.28305114	      0.00000000	     47.00866767	    182.73632398	     48.68265448	    171.15468052
      1.37100000	     70.76808572	      0.00000000	    102.82774953	    119.90013627	      0.00000000	     47.00866767	    182.73632398	     48.68265448	    171.15468052
      1.37200000	     70.76808572	     19.79251426	    102.82774953	      0.00000000	     79.85909731	     47.00866767	    182.73632398	     48.68265448	    171.15468052
      1.37300000	     70.76808572	      0.00000000	    102.82774953	    129.84323206	      0.00000000	     47.00866767	    182.73632398	     48.68265448	    171.15468052
      1.37400000	     70.76808572	     19.46004861	    102.82774953	      0.00000000	     67.94008255	     47.00866767	    182.73632398	     48.68265448	    171.15468052
      1.37500000	     70.76808572	      0.00000000	    102.82774953	    128.78486465	      3.11622307	     47.00866767	    182.73632398	     48.68265448	    171.15468052
      1.37600000	     70.76808572	     18.14077342	    102.82774953	    122.09679125	      0.00000000	     47.00866767	    182.73632398	     48.68265448	    171.15468052
      1.37700000	     70.76808572	     21.00069045	    102.82774953	      0.00000000	     83.88043655	     47.00866767	    182.73632398	     48.68265448	    171.15468052
      1.37800000	     70.76808572	      0.00000000	    102.82774953	    129.83746517	     25.39331041	     47.00866767	    182.73632398	     48.68265448	    171.15468052
      1.37900000	     70.76808572	     17.60494649	    102.82774953	      0.00000000	     88.54268335	     47.00866767	    182.73632398	     11.01264445	    171.15468052
      1.38000000	     70.76808572	     20.71554463	    102.82774953	    128.53612119	      0.00000000	     47.00866767	    182.73632398	     11.01264445	    171.15468052
      1.38100000	     70.76808572	      0.00000000	    102.82774953	      0.00000000	     73.34604732	     47.00866767	    182.73632398	     11.01264445	    171.15468052
      1.38200000	     70.76808572	      0.00000000	    102.82774953	      0.00000000	     82.69041717	     47.00866767	    182.73632398	     48.68265448	    171.15468052
      1.38300000	     70.76808572	     18.27537373	    102.82774953	    129.83147987	      0.00000000	     47.00866767	    182.73632398	     48.68265448	    171.15468052
      1.38400000	     70.76808572	     20.76475005	    102.82774953	      0.00000000	     83.25491698	     47.00866767	    182.73632398	     48.68265448	    171.15468052
      1.38500000	     70.76808572	      0.24347115	    102.82774953	    129.84042792	      0.00000000	     47.00866767	    182.73632398	     48.68265448	    171.15468052
      1.38600000	     70.76808572	      0.00000000	    102.82774953	    125.33412904	      0.00000000	     47.00866767	    182.73632398	     48.68265448	    171.15468052
      1.38700000	     70.76808572	     19.70463790	    102.82774953	      0.00000000	     78.95941891	     47.00866767	    182.73632398	     48.68265448	    171.15468052
      1.38800000	     70.76808572	      0.00000000	    102.82774953	      0.00000000	     81.75921311	     47.00866767	    182.73632398	     48.68265448	    171.15468052
      1.38900000	     70.76808572	      0.00000000	    102.82774953	    128.34202365	      0.00000000	     47.00866767	    182.73632398	     48.68265448	    171.15468052
      1.39000000	     70.76808572	     20.35157230	    102.82774953	    123.38298338	      0.00000000	     47.00866767	    182.73632398	     11.01264445	    171.15468052
      1.39100000	     70.76808572	      0.00000000	    102.82774953	      0.00000000	     82.98620491	     47.00866767	    182.73632398	     11.01264445	    171.15468052
      1.39200000	     70.76808572	     18.89772847	    102.82774953	    129.87431901	      0.00000000	     47.00866767	    182.73632398	     48.68265448	    171.15468052
      1.39300000	     70.76808572	      4.55241149	    102.82774953	    119.06946415	      0.00000000	     47.00866767	    182.73632398	     48.68265448	    171.15468052
      1.39400000	     70.76808572	      0.00000000	    102.82774953	      0.00000000	     79.42582967	     47.00866767	    182.73632398	     48.68265448	    171.15468052
      1.39500000	     70.76808572	      0.00000000	    102.82774953	    128.59196744	      0.00000000	     47.00866767	    182.73632398	     48.68265448	    171.15468052
      1.39600000	     70.76808572	     18.32748071	    102.82774953	    121.41046068	      0.00000000	     47.00866767	    182.73632398	     48.68265448	    171.15468052
      1.39700000	     70.76808572	     20.07292858	    102.82774953	      0.00000000	     71.52079122	     47.00866767	    182.73632398	     48.68265448	    171.15468052
      1.39800000	     70.76808572	     21.15036422	    102.82774953	    127.91580132	      0.00000000	     47.00866767	    182.73632398	     48.68265448	    171.15468052
      1.39900000	     70.76808572	      0.00000000	    102.82774953	      0.00000000	     71.82438723	     47.00866767	    182.73632398	     48.68265448	    171.15468052
      1.40000000	     70.76808572	      0.00000000	    102.82774953	    128.64402877	      0.00000000	     47.00866767	    182.73632398	     48.68265448	    171.15468052
      1.40100000	     70.76808572	      0.00000000	    102.82774953	    119.52732082	      0.00000000	     47.00866767	    182.73632398	     48.68265448	    171.15468052
      1.40200000	     70.76808572	     18.52306117	    102.82774953	      0.00000000	     82.15269333	     47.00866767	    182.73632398	     48.68265448	    171.15468052
      1.40300000	     70.76808572	     21.45322911	    102.82774953	    124.24229808	      0.00000000	     47.00866767	    182.73632398	     48.68265448	    171.15468052
      1.40400000	     70.76808572	      0.00000000	    102.82774953	      0.00000000	     86.22748497	     47.00866767	    182.73632398	     11.97786133	    171.15468052
      1.40500000	     70.76808572	      2.87202305	    102.82774953	    127.72150755	      0.00000000	     47.00866767	    182.73632398	     48.68265448	    171.15468052
      1.40600000	     70.76808572	      0.00000000	    102.82774953	    123.40222514	      0.00000000	     47.00866767	    182.73632398	     11.01264445	    171.15468052
      1.40700000	     70.76808572	      0.00000000	    102.82774953	      0.00000000	     82.31514052	     47.00866767	    182.73632398	     48.68265448	    171.15468052
      1.40800000	     70.76808572	     19.96188691	    102.82774953	     66.61734888	     84.57313366	     47.00866767	    182.73632398	     48.68265448	    171.15468052
      1.40900000	     70.76808572	      0.00000000	    102.82774953	    129.86201647	      0.00000000	     47.00866767	    182.73632398	     48.68265448	    171.15468052
      1.41000000	     70.76808572	      0.00000000	    102.82774953	    121.61805639	      0.00000000	     47.00866767	    182.73632398	     48.68265448	    171.15468052
      1.41100000	     70.76808572	     20.67368493	    102.82774953	      0.00000000	     75.59732449	     47.00866767	    182.73632398	     48.68265448	    171.15468052
      1.41200000	     70.76808572	      0.00000000	    102.82774953	    128.91379609	     86.69656175	     47.00866767	    182.73632398	     11.01264445	    171.15468052
      1.41300000	     70.76808572	      0.00000000	    102.82774953	    123.13018962	      0.00000000	     47.00866767	    182.73632398	     48.68265448	    171.15468052
      1.41400000	     70.76808572	     18.32089631	    102.82774953	      0.00000000	     73.66334271	     47.00866767	    182.73632398	     11.01264445	    171.15468052
      1.41500000	     70.76808572	     21.19063578	    102.82774953	    127.39956415	      0.00000000	     47.00866767	    182.73632398	     11.01264445	    171.15468052
      1.41600000	     70.76808572	      0.00000000	    102.82774953	      0.00000000	     66.87374926	     47.00866767	    182.73632398	     48.68265448	    171.15468052
      1.41700000	     70.76808572	      0.00000000	    102.82774953	      0.00000000	     80.85434954	     47.00866767	    182.73632398	     48.68265448	    171.15468052
      1.41800000	     70.76808572	     19.29240893	    102.82774953	    129.82516722	      0.00000000	     47.00866767	    182.73632398	     48.68265448	    171.15468052
      1.41900000	     70.76808572	      0.00000000	    102.82774953	    107.18857205	      0.00000000	     47.00866767	    182.73632398	     48.68265448	    171.15468052
      1.42000000	     70.76808572	     18.57799645	    102.82774953	      0.00000000	     78.29011206	     47.00866767	    182.73632398	     48.27018475	    171.15468052
      1.42100000	     70.76808572	     21.68426659	    102.82774953	     20.09449669	     82.05939930	     47.00866767	    182.73632398	     28.47995148	    171.15468052
      1.42200000	     70.76808572	      0.00000000	    102.82774953	    129.78025810	      0.00000000	     47.00866767	    182.73632398	     48.68265448	    171.15468052
      1.42300000	     70.76808572	     20.15569314	    102.82774953	      0.00000000	     70.41564859	     47.00866767	    182.73632398	     43.99300072	    171.15468052
      1.42400000	     70.76808572	      2.04746685	    102.82774953	    129.87293584	     82.75709879	     47.00866767	    182.73632398	     48.68265448	    171.15468052
      1.42500000	     70.76808572	     19.38033735	    102.82774953	    116.57100022	      0.00000000	     47.00866767	    182.73632398	     48.68265448	    171.15468052
      1.42600000	     70.76808572	     20.99291650	    102.82774953	      0.00000000	     76.52637070	     47.00866767	    182.73632398	     48.68265448	    171.15468052
      1.42700000	     70.76808572	      0.00000000	    102.82774953	    128.86717623	      0.00000000	     47.00866767	    182.73632398	     48.68265448	    171.15468052
      1.42800000	     70.76808572	     20.13991947	    102.82774953	    122.55080100	      0.00000000	     47.00866767	    182.73632398	     11.01264445	    171.15468052
      1.42900000	     70.76808572	     21.82775991	    102.82774953	      0.00000000	     73.52195931	     47.00866767	    182.73632398	     11.01264445	    171.15468052
      1.43000000	     70.76808572	      0.00000000	    102.82774953	    125.22990831	      0.00000000	     47.00866767	    182.73632398	     48.68265448	    171.15468052
      1.43100000	     70.76808572	      0.00000000	    102.82774953	      0.00000000	     70.73166698	     47.00866767	    182.73632398	     48.68265448	    171.15468052
      1.43200000	     70.76808572	     20.43977442	    102.82774953	      0.00000000	      4.15614716	     47.00866767	    182.73632398	     20.71427389	    171.15468052
      1.43300000	     70.76808572	      0.00000000	    102.82774953	      0.00000000	     75.64113868	     47.00866767	    182.73632398	     48.68265448	    171.15468052
      1.43400000	     70.76808572	     18.67506811	    102.82774953	    129.86831007	      0.00000000	     47.00866767	    182.73632398	     11.01264445	    171.15468052
      1.43500000	     70.76808572	     21.33096357	    102.82774953	    120.05367316	      0.00000000	     47.00866767	    182.73632398	     48.68265448	    171.15468052
      1.43600000	     70.76808572	      0.00000000	    102.82774953	      0.00000000	     81.72500856	     47.00866767	    182.73632398	     48.68265448	    171.15468052
      1.43700000	     70.76808572	     19.03018331	    102.82774953	    129.85582038	      0.00000000	     47.00866767	    182.73632398	     48.68265448	    171.15468052
      1.43800000	     70.76808572	     21.12677092	    102.82774953	      0.00000000	     77.39126808	     47.00866767	    182.73632398	     48.68265448	    171.15468052
      1.43900000	     70.76808572	      0.00000000	    102.82774953	    128.97353039	      0.00000000	     47.00866767	    182.73632398	     48.68265448	    171.15468052
      1.44000000	     70.76808572	     18.15238370	    102.82774953	    122.80101678	      0.00000000	     47.00866767	    182.73632398	     48.68265448	    171.15468052
      1.44100000	     70.76808572	      0.00000000	    102.82774953	      0.00000000	     80.71311489	     47.00866767	    182.73632398	     48.68265448	    171.15468052
      1.44200000	     70.76808572	     18.93260984	    102.82774953	     65.96593886	      3.26030420	     47.00866767	    182.73632398	     11.01264445	    171.15468052
      1.44300000	     70.76808572	      9.55768675	    102.82774953	    127.60447325	      0.00000000	     47.00866767	    182.73632398	     48.68265448	    171.15468052
      1.44400000	     70.76808572	     19.82955443	    102.82774953	      0.00000000	     61.38766671	     47.00866767	    182.73632398	     48.68265448	    171.15468052
      1.44500000	     70.76808572	     21.57597939	    102.82774953	      0.00000000	     82.02981943	     47.00866767	    182.73632398	     48.68265448	    171.15468052
      1.44600000	     70.76808572	      0.00000000	    102.82774953	    129.83982513	      0.00000000	     47.00866767	    182.73632398	     48.68265448	    171.15468052
      1.44700000	     70.76808572	     20.64127219	    102.82774953	      0.00000000	     82.72622133	     47.00866767	    182.73632398	     48.68265448	    171.15468052
      1.44800000	     70.76808572	      0.00000000	    102.82774953	      0.00000000	     86.47178027	     47.00866767	    182.73632398	     48.68265448	    171.15468052
      1.44900000	     70.76808572	     19.43909842	    102.82774953	    129.85559462	      0.00000000	     47.00866767	    182.73632398	     11.01264445	    171.15468052
      1.45000000	     70.76808572	     20.39730332	    102.82774953	     27.10239807	      0.00000000	     47.00866767	    182.73632398	     48.68265448	    171.15468052
      1.45100000	     70.76808572	     20.87538236	    102.82774953	    112.81164088	     63.92561997	     47.00866767	    182.73632398	     48.68265448	    171.15468052
      1.45200000	     70.76808572	      1.38396405	    102.82774953	      0.00000000	     76.20735623	     47.00866767	    182.73632398	     48.68265448	    171.15468052
      1.45300000	     70.76808572	      0.00000000	    102.82774953	      0.00000000	     87.95966098	     47.00866767	    182.73632398	     48.68265448	    171.15468052
      1.45400000	     70.76808572	      0.00000000	    102.82774953	    129.87296749	      0.00000000	     47.00866767	    182.73632398	     48.68265448	    171.15468052
      1.45500000	     70.76808572	     19.22908989	    102.82774953	    125.28168108	      0.00000000	     47.00866767	    182.73632398	     48.68265448	    171.15468052
      1.45600000	     70.76808572	     20.07223584	    102.82774953	    124.67917741	      0.00000000	     47.00866767	    182.73632398	     11.01264445	    171.15468052
      1.45700000	     70.76808572	     20.46168900	    102.82774953	    126.91239349	      0.00000000	     47.00866767	    182.73632398	     11.01264445	    171.15468052
      1.45800000	     70.76808572	     20.85884586	    102.82774953	    119.94881722	     67.46162619	     47.00866767	    182.73632398	     48.68265448	    171.15468052
      1.45900000	     70.76808572	      0.00000000	    102.82774953	      0.00000000	     77.64248889	     47.00866767	    182.73632398	     48.68265448	    171.15468052
      1.46000000	     70.76808572	      0.00000000	    102.82774953	    129.69882987	      0.00000000	     47.00866767	    182.73632398	     11.01264445	    171.15468052
      1.46100000	     70.76808572	      1.24034606	    102.82774953	    122.88537480	      0.00000000	     47.00866767	    182.73632398	     48.68265448	    171.15468052
      1.46200000	     70.76808572	      7.80692239	    102.82774953	      2.91128462	      0.00000000	     47.00866767	    182.73632398	     48.68265448	    171.15468052
      1.46300000	     70.76808572	     20.27917759	    102.82774953	      0.00000000	     69.71539939	     47.00866767	    182.73632398	     48.68265448	    171.15468052
      1.46400000	     70.76808572	      0.00000000	    102.82774953	      0.00000000	     82.39813104	     47.00866767	    182.73632398	     48.68265448	    171.15468052
      1.46500000	     70.76808572	      0.00000000	    102.82774953	      0.00000000	     85.66028787	     47.00866767	    182.73632398	     48.68265448	    171.15468052
      1.46600000	     70.76808572	     21.99513492	    102.82774953	    129.36604165	      0.00000000	     47.00866767	    182.73632398	     48.68265448	    171.15468052
      1.46700000	     70.76808572	      0.00000000	    102.82774953	      0.00000000	      0.00000000	     47.00866767	    182.73632398	     48.68265448	    171.15468052
      1.46800000	     70.76808572	     21.36256318	    102.82774953	      0.00000000	     83.80579684	     47.00866767	    182.73632398	     48.68265448	    171.15468052
      1.46900000	     70.76808572	      0.00000000	    102.82774953	    128.87584703	      0.00000000	     47.00866767	    182.73632398	     48.68265448	    171.15468052
      1.47000000	     70.76808572	      1.02758876	    102.82774953	    124.16417965	      0.00000000	     47.00866767	    182.73632398	     11.01264445	    171.15468052
      1.47100000	     70.76808572	     22.13057796	    102.82774953	      0.00000000	     77.89488208	     47.00866767	    182.73632398	     11.01264445	    171.15468052
      1.47200000	     70.76808572	      0.00000000	    102.82774953	    128.93700518	      0.00000000	     47.00866767	    182.73632398	     48.68265448	    171.15468052
      1.47300000	     70.76808572	     21.61340515	    102.82774953	     36.04686394	      0.00000000	     47.00866767	    182.73632398	     48.68265448	    171.15468052
      1.47400000	     70.76808572	      0.00000000	    102.82774953	    129.81544641	     81.39386772	     47.00866767	    182.73632398	     48.68265448	    171.15468052
      1.47500000	     70.76808572	      0.00000000	    102.82774953	    119.94293509	      0.00000000	     47.00866767	    182.73632398	     48.68265448	    171.15468052
      1.47600000	     70.76808572	      0.00000000	    102.82774953	      0.00000000	     71.08645014	     47.00866767	    182.73632398	     48.68265448	    171.15468052
      1.47700000	     70.76808572	     20.13845550	    102.82774953	      0.00000000	     79.46691675	     47.00866767	    182.73632398	     48.68265448	    171.15468052
      1.47800000	     70.76808572	      0.00000000	    102.82774953	     24.56418242	     79.26544639	     47.00866767	    182.73632398	     48.68265448	    171.15468052
      1.47900000	     70.76808572	      0.00000000	    102.82774953	     29.14933136	     84.50731286	     47.00866767	    182.73632398	     48.68265448	    171.15468052
      1.48000000	     70.76808572	     20.86071882	    102.82774953	    128.77559304	      0.00000000	     47.00866767	    182.73632398	     11.01264445	    171.15468052
      1.48100000	     70.76808572	     20.48970821	    102.82774953	    122.66289117	      0.00000000	     47.00866767	    182.73632398	     48.68265448	    171.15468052
      1.48200000	     70.76808572	     22.09089149	    102.82774953	      0.00000000	     74.19996033	     47.00866767	    182.73632398	     48.68265448	    171.15468052
      1.48300000	     70.76808572	      0.00000000	    102.82774953	     10.64862172	     19.82107425	     47.00866767	    182.73632398	     48.68265448	    171.15468052
      1.48400000	     70.76808572	      0.00000000	    102.82774953	    128.02123739	      0.00000000	     47.00866767	    182.73632398	     48.68265448	    171.15468052
      1.48500000	     70.76808572	     20.29041459	    102.82774953	    127.84622806	     69.17402992	     47.00866767	    182.73632398	     48.68265448	    171.15468052
      1.48600000	     70.76808572	     21.55095649	    102.82774953	    113.90380227	      0.00000000	     47.00866767	    182.73632398	     11.01264445	    171.15468052
      1.48700000	     70.76808572	      0.00000000	    102.82774953	      0.00000000	     69.29317541	     47.00866767	    182.73632398	     48.68265448	    171.15468052
      1.48800000	     70.76808572	      0.00000000	    102.82774953	      0.00000000	     82.41782264	     47.00866767	    182.73632398	     48.68265448	    171.15468052
      1.48900000	     70.76808572	      0.00000000	    102.82774953	      0.00000000	     86.27703349	     47.00866767	    182.73632398	     12.36023189	    171.15468052
      1.49000000	     70.76808572	     19.85906178	    102.82774953	    129.15376136	      0.00000000	     47.00866767	    182.73632398	     48.68265448	    171.15468052
      1.49100000	     70.76808572	     20.74555258	    102.82774953	      0.00000000	     70.06392856	     47.00866767	    182.73632398	     48.68265448	    171.15468052
      1.49200000	     70.76808572	      0.00000000	    102.82774953	      0.00000000	     84.40302319	     47.00866767	    182.73632398	     11.01264445	    171.15468052
      1.49300000	     70.76808572	      2.22740628	    102.82774953	    122.38667620	      0.00000000	     47.00866767	    182.73632398	     48.68265448	    171.15468052
      1.49400000	     70.76808572	     21.44580246	    102.82774953	      0.00000000	     82.71773510	     47.00866767	    182.73632398	     11.01264445	    171.15468052
      1.49500000	     70.76808572	     21.91756620	    102.82774953	    129.59367083	      0.00000000	     47.00866767	    182.73632398	     48.68265448	    171.15468052
      1.49600000	     70.76808572	      0.00000000	    102.82774953	      0.00000000	     60.19671503	     47.00866767	    182.73632398	     48.68265448	    171.15468052
      1.49700000	     70.76808572	     21.58909525	    102.82774953	    129.71478514	      0.00000000	     47.00866767	    182.73632398	     48.68265448	    171.15468052
      1.49800000	     70.76808572	      0.00000000	    102.82774953	    114.66207265	      0.00000000	     47.00866767	    182.73632398	     48.68265448	    171.15468052
      1.49900000	     70.76808572	      0.00000000	    102.82774953	      0.00000000	     80.58661697	     47.00866767	    182.73632398	     48.68265448	    171.15468052
      1.50000000	     70.76808572	     19.99767475	    102.82774953	    121.32334890	      0.00000000	     47.00866767	    182.73632398	     48.68265448	    171.15468052
      1.50100000	     70.76808572	      0.00000000	    102.82774953	      0.00000000	     63.70666532	     47.00866767	    182.73632398	     48.68265448	    171.15468052
      1.50200000	     70.76808572	     21.07254312	    102.82774953	      0.00000000	     83.55110530	     47.00866767	    182.73632398	     48.68265448	    171.15468052
      1.50300000	     70.76808572	     21.78312329	    102.82774953	    129.87007823	      0.00000000	     47.00866767	    182.73632398	     48.68265448	    171.15468052
      1.50400000	     70.76808572	     20.22560638	    102.82774953	      0.00000000	     56.13415358	     47.00866767	    182.73632398	     48.68265448	    171.15468052
      1.50500000	     70.76808572	     17.56384839	    102.82774953	      0.00000000	     78.01713744	     47.00866767	    182.73632398	     48.68265448	    171.15468052
      1.50600000	     70.76808572	     22.84156675	    102.82774953	    117.04612827	      0.00000000	     47.00866767	    182.73632398	     48.68265448	    171.15468052
      1.50700000	     70.76808572	      0.00000000	    102.82774953	      0.00000000	     73.21321334	     47.00866767	    182.73632398	     11.01264445	    171.15468052
      1.50800000	     70.76808572	      0.00000000	    102.82774953	    129.39504027	      0.00000000	     47.00866767	    182.73632398	     48.68265448	    171.15468052
      1.50900000	     70.76808572	     19.61834954	    102.82774953	    125.50805370	     71.17321055	     47.00866767	    182.73632398	     48.68265448	    171.15468052
      1.51000000	     70.76808572	     22.20459633	    102.82774953	      0.00000000	     84.94137346	     47.00866767	    182.73632398	     48.68265448	    171.15468052
      1.51100000	     70.76808572	      0.00000000	    102.82774953	    129.81871843	      0.00000000	     47.00866767	    182.73632398	     48.68265448	    171.15468052
      1.51200000	     70.76808572	      0.00000000	    102.82774953	    125.61909687	      0.00000000	     47.00866767	    182.73632398	     48.68265448	    171.15468052
      1.51300000	     70.76808572	      0.00000000	    102.82774953	    128.70760253	      0.00000000	     47.00866767	    182.73632398	     48.68265448	    171.15468052
      1.51400000	     70.76808572	     20.19707438	    102.82774953	    106.75865718	     69.39311060	     47.00866767	    182.73632398	     11.01264577	    171.15468052
      1.51500000	     70.76808572	     22.48149013	    102.82774953	      0.00000000	     75.17607028	     47.00866767	    182.73632398	     23.05574851	    171.15468052
      1.51600000	     70.76808572	      0.00000000	    102.82774953	    128.64940034	     75.71488146	     47.00866767	    182.73632398	     48.68265448	    171.15468052
      1.51700000	     70.76808572	      0.00000000	    102.82774953	     50.67488464	     80.36832446	     47.00866767	    182.73632398	     48.68265448	    171.15468052
      1.51800000	     70.76808572	     20.76652713	    102.82774953	      0.00000000	     80.97484009	     47.00866767	    182.73632398	     48.68265448	    171.15468052
      1.51900000	     70.76808572	     21.66663078	    102.82774953	      0.00000000	     86.13666305	     47.00866767	    182.73632398	     48.68265448	    171.15468052
      1.52000000	     70.76808572	      0.00000000	    102.82774953	    129.81811202	      0.00000000	     47.00866767	    182.73632398	     48.68265448	    171.15468052
      1.52100000	     70.76808572	     19.91163311	    102.82774953	    118.62461522	      0.00000000	     47.00866767	    182.73632398	     48.68265448	    171.15468052
      1.52200000	     70.76808572	      0.00000000	    102.82774953	      0.00000000	     63.60023056	     47.00866767	    182.73632398	     11.01264445	    171.15468052
      1.52300000	     70.76808572	      0.00000000	    102.82774953	      0.00000000	     81.90112845	     47.00866767	    182.73632398	     48.68265448	    171.15468052
      1.52400000	     70.76808572	     21.15519085	    102.82774953	    129.85257160	      0.00000000	     47.00866767	    182.73632398	     48.68265448	    171.15468052
      1.52500000	     70.76808572	      0.00000000	    102.82774953	    119.48510605	      0.00000000	     47.00866767	    182.73632398	     48.68265448	    171.15468052
      1.52600000	     70.76808572	      0.00000000	    102.82774953	      0.00000000	     71.95058475	     47.00866767	    182.73632398	     48.68265448	    171.15468052
      1.52700000	     70.76808572	     21.05440723	    102.82774953	      0.00000000	     76.22961120	     47.00866767	    182.73632398	     48.68265448	    171.15468052
      1.52800000	     70.76808572	      0.00000000	    102.82774953	    129.44468285	      0.00000000	     47.00866767	    182.73632398	     48.68265448	    171.15468052
      1.52900000	     70.76808572	      0.00000000	    102.82774953	    121.98911129	      0.00000000	     47.00866767	    182.73632398	     48.68265448	    171.15468052
      1.53000000	     70.76808572	      0.00000000	    102.82774953	      0.00000000	     81.68484628	     47.00866767	    182.73632398	     48.68265448	    171.15468052
      1.53100000	     70.76808572	     20.94515018	    102.82774953	    129.00479123	     86.79542339	     47.00866767	    182.73632398	     11.01264445	    171.15468052
      1.53200000	     70.76808572	     22.98610508	    102.82774953	    129.69546005	      0.00000000	     47.00866767	    182.73632398	     48.68265448	    171.15468052
      1.53300000	     70.76808572	      0.00000000	    102.82774953	      0.00000000	     23.40981424	     47.00866767	    182.73632398	     48.68265448	    171.15468052
      1.53400000	     70.76808572	     21.38661373	    102.82774953	    129.78134310	     76.52970373	     47.00866767	    182.73632398	     48.68265448	    171.15468052
      1.53500000	     70.76808572	      0.00000000	    102.82774953	    120.12968427	      0.00000000	     47.00866767	    182.73632398	     48.68265448	    171.15468052
      1.53600000	     70.76808572	     20.84332685	    102.82774953	      0.00000000	     67.59650211	     47.00866767	    182.73632398	     11.01264445	    171.15468052
      1.53700000	     70.76808572	      0.00000000	    102.82774953	      0.00000000	     82.97765851	     47.00866767	    182.73632398	     48.68265448	    171.15468052
      1.53800000	     70.76808572	      0.00000000	    102.82774953	    129.87362205	      0.00000000	     47.00866767	    182.73632398	     11.01264445	    171.15468052
      1.53900000	     70.76808572	     21.55692259	    102.82774953	    122.95285182	      0.00000000	     47.00866767	    182.73632398	     48.68265448	    171.15468052
      1.54000000	     70.76808572	      0.00000000	    102.82774953	      0.00000000	      0.00000000	     47.00866767	    182.73632398	     48.68265448	    171.15468052
      1.54100000	     70.76808572	     22.51973523	    102.82774953	      0.00000000	     66.99990610	     47.00866767	    182.73632398	     48.68265448	    171.15468052
      1.54200000	     70.76808572	      0.00000000	    102.82774953	    120.85343444	      0.00000000	     47.00866767	    182.73632398	     48.68265448	    171.15468052
      1.54300000	     70.76808572	     22.71425191	    102.82774953	    120.37682707	      0.00000000	     47.00866767	    182.73632398	     48.68265448	    171.15468052
      1.54400000	     70.76808572	     20.74564277	    102.82774953	      0.00000000	     68.51069730	     47.00866767	    182.73632398	     48.68265448	    171.15468052
      1.54500000	     70.76808572	     22.60496481	    102.82774953	      0.00000000	     81.73143722	     47.00866767	    182.73632398	     48.68265448	    171.15468052
      1.54600000	     70.76808572	     21.78564823	    102.82774953	    124.07800611	      0.00000000	     47.00866767	    182.73632398	     48.68265448	    171.15468052
      1.54700000	     70.76808572	      0.00000000	    102.82774953	      0.00000000	     61.61049045	     47.00866767	    182.73632398	     48.68265448	    171.15468052
      1.54800000	     70.76808572	      0.00000000	    102.82774953	      0.00000000	     76.22305701	     47.00866767	    182.73632398	     48.68265448	    171.15468052
      1.54900000	     70.76808572	      0.00000000	    102.82774953	      0.00000000	     78.41745362	     47.00866767	    182.73632398	     11.01264445	    171.15468052
      1.55000000	     70.76808572	      0.00000000	    102.82774953	    129.46791567	      0.00000000	     47.00866767	    182.73632398	     48.68265448	    171.15468052
      1.55100000	     70.76808572	     21.52726363	    102.82774953	    129.60268353	      0.00000000	     47.00866767	    182.73632398	     48.68265448	    171.15468052
      1.55200000	     70.76808572	     22.61612400	    102.82774953	    129.87201806	     29.44203012	     47.00866767	    182.73632398	     48.68265448	    171.15468052
      1.55300000	     70.76808572	      0.00000000	    102.82774953	      0.00000000	     77.30983363	     47.00866767	    182.73632398	     11.01264445	    171.15468052
      1.55400000	     70.76808572	      0.00000000	    102.82774953	    129.60571507	     80.11019937	     47.00866767	    182.73632398	     48.68265448	    171.15468052
      1.55500000	     70.76808572	     21.28235504	    102.82774953	    117.69310693	      0.00000000	     47.00866767	    182.73632398	     48.68265448	    171.15468052
      1.55600000	     70.76808572	     22.43634426	    102.82774953	      0.00000000	     73.98739210	     47.00866767	    182.73632398	     48.68265448	    171.15468052
      1.55700000	     70.76808572	      0.00000000	    102.82774953	    129.19266952	      0.00000000	     47.00866767	    182.73632398	     48.68265448	    171.15468052
      1.55800000	     70.76808572	      0.00000000	    102.82774953	    119.23228061	      0.00000000	     47.00866767	    182.73632398	     48.68265448	    171.15468052
      1.55900000	     70.76808572	      9.02716704	    102.82774953	      0.00000000	     65.74621640	     47.00866767	    182.73632398	     48.68265448	    171.15468052
      1.56000000	     70.76808572	     20.61187528	    102.82774953	      0.00000000	     70.04685208	     47.00866767	    182.73632398	     48.68265448	    171.15468052
      1.56100000	     70.76808572	     23.17157406	    102.82774953	    129.52620525	      0.00000000	     47.00866767	    182.73632398	     48.68265448	    171.15468052
      1.56200000	     70.76808572	     23.40628266	    102.82774953	    120.57474722	     69.54054758	     47.00866767	    182.73632398	     48.68265448	    171.15468052
      1.56300000	     70.76808572	     22.85964455	    102.82774953	      0.44327998	      0.00000000	     47.00866767	    182.73632398	     11.01264445	    171.15468052
      1.56400000	     70.76808572	      0.00000000	    102.82774953	      0.00000000	     65.67265918	     47.00866767	    182.73632398	     48.68265448	    171.15468052
      1.56500000	     70.76808572	      0.00000000	    102.82774953	      0.00000000	     84.02675544	     47.00866767	    182.73632398	     48.68265448	    171.15468052
      1.56600000	     70.76808572	      0.00000000	    102.82774953	    120.34998955	      0.00000000	     47.00866767	    182.73632398	     48.68265448	    171.15468052
      1.56700000	     70.76808572	     22.19530698	    102.82774953	      0.00000000	     79.43837882	     47.00866767	    182.73632398	     48.68265448	    171.15468052
      1.56800000	     70.76808572	      0.00000000	    102.82774953	    124.20618964	      0.00000000	     47.00866767	    182.73632398	     48.68265448	    171.15468052
      1.56900000	     70.76808572	      0.00000000	    102.82774953	      0.00000000	     54.91602043	     47.00866767	    182.73632398	     48.68265448	    171.15468052
      1.57000000	     70.76808572	     22.38487183	    102.82774953	      0.00000000	     71.15306592	     47.00866767	    182.73632398	     38.98299454	    171.15468052
      1.57100000	     70.76808572	      0.00000000	    102.82774953	     98.98702234	     64.47699168	     47.00866767	    182.73632398	     48.68265448	    171.15468052
      1.57200000	     70.76808572	      0.00000000	    102.82774953	      0.11190631	     81.13900282	     47.00866767	    182.73632398	     48.68265448	    171.15468052
      1.57300000	     70.76808572	      0.00000000	    102.82774953	    117.17835224	      0.00000000	     47.00866767	    182.73632398	     48.68265448	    171.15468052
      1.57400000	     70.76808572	      0.00000000	    102.82774953	      0.00000000	     77.75167924	     47.00866767	    182.73632398	     48.68265448	    171.15468052
      1.57500000	     70.76808572	      0.00000000	    102.82774953	    129.86624440	      0.00000000	     47.00866767	    182.73632398	     48.68265448	    171.15468052
