Moment_knee_angle_r_beta
version=1
nRows=1575
nColumns=10
inDegrees=no

This analysis gathers basic information about muscles during a simulation (e.g., forces, tendon lengths, moment arms, etc).
Units are S.I. units (second, meters, Newtons, ...)
If the header above contains a line with 'inDegrees', this indicates whether rotational values are in degrees (yes) or radians (no).

endheader
time	bflh_r	bfsh_r	gasmed_r	glmax2_r	iliacus_r	recfem_r	soleus_r	tibant_r	vasmed_r
      0.00100000	   5217.57983830	     25.90400361	   2263.20263645	      0.00000000	      0.00000000	   -796.30702851	      0.00000000	      0.00000000	 -11517.10144245
      0.00200000	   5328.70620212	      0.00000000	   1915.01955518	      0.00000000	      0.00000000	   -314.05862789	     -0.00000000	      0.00000000	  -7474.95420895
      0.00300000	   5368.06807331	      4.99085653	   2462.73738087	      0.00000000	      0.00000000	   -762.82956902	      0.00000000	      0.00000000	 -11535.78765378
      0.00400000	   6950.91062489	      1.97241836	   1925.70346108	      0.00000000	      0.00000000	     -6.56570055	     -0.00000000	     -0.00000000	  -8508.44851696
      0.00500000	   5407.64121514	      0.00000000	   2732.85823890	      0.00000000	      0.00000000	   -695.53154925	     -0.00000000	      0.00000000	 -11114.16981825
      0.00600000	   7232.43113464	      2.44062201	   2287.20423844	      0.00000000	      0.00000000	    -14.17221190	     -0.00000000	     -0.00000000	  -9230.14191439
      0.00700000	   7475.23017501	      0.00000000	   2288.07905427	      0.00000000	      0.00000000	     -0.00000000	      0.00000000	      0.00000000	  -8838.03580711
      0.00800000	   6592.88597328	      2.36723476	   1961.55989724	      0.00000000	      0.00000000	   -201.16970293	     -0.00000000	     -0.00000000	  -9907.85932559
      0.00900000	   6079.20881884	      0.00000000	   2321.36042762	      0.00000000	      0.00000000	   -448.75927345	     -0.00000000	     -0.00000000	 -10804.44247597
      0.01000000	   5990.59743439	      0.00000000	   2266.28697640	      0.00000000	      0.00000000	   -363.77128061	      0.00000000	      0.00000000	  -9621.59410657
      0.01100000	   5237.05890044	      2.10862698	   1669.51149777	      0.00000000	      0.00000000	   -429.18807508	     -0.00000000	      0.00000000	  -8227.45098939
      0.01200000	   6906.63951758	      0.76493177	   1913.98038845	      0.00000000	      0.00000000	   -285.73667697	      0.00000000	      0.00000000	 -10610.97057737
      0.01300000	   5645.47163166	      1.20574204	   2767.58315680	      0.00000000	      0.00000000	   -686.76057788	     -0.00000000	     -0.00000000	 -11481.96160552
      0.01400000	   6103.43914526	      0.00000000	   2357.95190011	      0.00000000	      0.00000000	   -334.60589775	      0.00000000	      0.00000000	  -9776.11306384
      0.01500000	   6832.91694674	      1.96252268	   2032.62047272	      0.00000000	      0.00000000	    -97.78190312	     -0.00000000	      0.00000000	  -8986.74725527
      0.01600000	   6184.15079731	      0.32047563	   2273.98869285	      0.00000000	      0.00000000	   -357.46941535	      0.00000000	     -0.00000000	 -10076.95854265
      0.01700000	   7223.83763888	      0.00000000	   1959.27864420	      0.00000000	      0.00000000	     -0.00000000	      0.00000000	      0.00000000	  -7934.06535009
      0.01800000	   4715.30939789	      0.00000000	   2066.14419343	      0.00000000	      0.00000000	   -864.52006276	     -0.00000000	     -0.00000000	 -11249.12351043
      0.01900000	   6634.68851161	      0.00000000	   2366.22588514	      0.00000000	      0.00000000	   -450.67729753	     -0.00000000	     -0.00000000	 -11399.83781380
      0.02000000	   7385.35817620	      4.25715861	   2090.76365721	      0.00000000	      0.00000000	    -97.08000053	      0.00000000	      0.00000000	 -10478.65525740
      0.02100000	   7127.14309771	      0.65170522	   1906.66288523	      0.00000000	      0.00000000	    -45.45259891	     -0.00000000	     -0.00000000	  -9443.83982841
      0.02200000	   7681.61850534	      0.00000000	   2722.70214162	      0.00000000	      0.00000000	    -84.20510372	     -0.00000000	     -0.00000000	 -11009.97046070
      0.02300000	   5675.72496647	      0.00000000	   2384.53445520	      0.00000000	      0.00000000	   -486.08733334	      0.00000000	      0.00000000	 -10305.36735776
      0.02400000	   6182.74418211	      3.23664291	   2752.96974776	      0.00000000	      0.00000000	   -520.52480395	      0.00000000	      0.00000000	 -11309.80798387
      0.02500000	   6389.73860647	      0.00000000	   2195.83118266	      0.00000000	      0.00000000	   -422.43150922	     -0.00000000	      0.00000000	 -10715.81665787
      0.02600000	   5109.03821155	      0.00000000	   2253.26218690	      0.00000000	      0.00000000	   -744.17867547	      0.00000000	      0.00000000	 -10775.88647242
      0.02700000	   6281.26213386	      8.96692343	   2091.55254953	      0.00000000	      0.00000000	   -323.17655594	     -0.00000000	     -0.00000000	 -10133.85195999
      0.02800000	   5253.47368823	      0.00000000	   2005.95366083	      0.00000000	      0.00000000	   -478.27102389	     -0.00000000	     -0.00000000	  -8778.53041399
      0.02900000	   6056.92525526	      0.00000000	   2355.90069952	      0.00000000	      0.00000000	   -478.63984535	      0.00000000	      0.00000000	 -10910.13379488
      0.03000000	   7406.42936668	      4.69472348	   2403.44945928	      0.00000000	      0.00000000	   -130.18832819	      0.00000000	     -0.00000000	 -10601.79251312
      0.03100000	   5627.98795688	      0.00000000	   2137.22503671	      0.00000000	      0.00000000	   -434.78873631	     -0.00000000	     -0.00000000	  -9976.20340407
      0.03200000	   6026.28858312	      0.00000000	   2177.58742071	      0.00000000	      0.00000000	   -512.06703265	      0.00000000	      0.00000000	 -11410.79842487
      0.03300000	   6167.50430057	      4.50549891	   2803.22146238	      0.00000000	      0.00000000	   -558.22030796	      0.00000000	      0.00000000	 -11510.87013667
      0.03400000	   6966.49322401	      4.14795961	   1933.62319675	      0.00000000	      0.00000000	    -99.64829658	     -0.00000000	     -0.00000000	  -9701.28361715
      0.03500000	   5118.82367315	      0.00000000	   2265.26357772	      0.00000000	      0.00000000	   -500.63946251	     -0.00000000	      0.00000000	  -8621.10122185
      0.03600000	   7066.97928828	      7.46372092	   2219.03339267	      0.00000000	      0.00000000	   -327.45562922	      0.00000000	      0.00000000	 -11536.16925163
      0.03700000	   7478.23637726	      1.64024111	   2173.14330300	      0.00000000	      0.00000000	     -0.00000000	      0.00000000	      0.00000000	  -8013.94840167
      0.03800000	   5391.40394307	      0.00000000	   2202.29050389	      0.00000000	      0.00000000	   -790.57065344	     -0.00000000	     -0.00000000	 -11536.92778390
      0.03900000	   5928.98796531	      9.21461415	   2160.53076804	      0.00000000	      0.00000000	   -609.75300728	      0.00000000	      0.00000000	 -11370.03915079
      0.04000000	   7596.95218707	      0.00000000	   1850.35156416	      0.00000000	      0.00000000	    -39.27352846	     -0.00000000	     -0.00000000	 -10434.43526924
      0.04100000	   7349.07793710	      3.11511344	   2250.62104238	      0.00000000	      0.00000000	    -53.26091427	      0.00000000	      0.00000000	  -9835.38168429
      0.04200000	   6935.79929264	      0.28798673	   2027.31287719	      0.00000000	      0.00000000	     -8.28090779	      0.00000000	      0.00000000	  -7772.22371399
      0.04300000	   4905.27225236	      1.15355862	   2010.50707932	      0.00000000	      0.00000000	   -639.20076447	      0.00000000	      0.00000000	  -9543.94575035
      0.04400000	   6106.09934181	      0.00000000	   2294.72316855	      0.00000000	      0.00000000	   -288.41796806	      0.00000000	      0.00000000	  -8999.51098813
      0.04500000	   6642.82825421	      0.00000000	   2444.03405873	      0.00000000	      0.00000000	   -352.90875747	      0.00000000	      0.00000000	 -11223.68400000
      0.04600000	   5486.08738135	      1.15583400	   2124.52787172	      0.00000000	      0.00000000	   -452.87620046	      0.00000000	      0.00000000	  -9223.91997028
      0.04700000	   6353.81190446	      0.28895944	   2523.79798841	      0.00000000	      0.00000000	   -452.70266531	      0.00000000	      0.00000000	 -11084.94608180
      0.04800000	   6531.70864118	      0.00000000	   2142.37531870	      0.00000000	      0.00000000	   -430.72888714	     -0.00000000	     -0.00000000	 -11182.51459509
      0.04900000	   6214.87764345	      0.00000000	   2090.56883590	      0.00000000	      0.00000000	   -377.08920098	      0.00000000	      0.00000000	 -10389.00105189
      0.05000000	   6811.25839241	      0.00000000	   2146.24353108	      0.00000000	      0.00000000	    -56.15404250	      0.00000000	      0.00000000	  -8304.98122221
      0.05100000	   6012.85811019	      0.00000000	   2286.70843233	      0.00000000	      0.00000000	   -589.18264386	     -0.00000000	      0.00000000	 -11526.81790330
      0.05200000	   5659.26595473	      4.24300225	   1963.07823220	      0.00000000	      0.00000000	   -543.87062185	      0.00000000	      0.00000000	 -10551.41749592
      0.05300000	   5631.00999169	      0.00000000	   2053.83900951	      0.00000000	      0.00000000	   -469.44670427	     -0.00000000	     -0.00000000	  -9778.87372696
      0.05400000	   5847.73587812	      5.27548168	   2244.26401551	      0.00000000	      0.00000000	   -627.84915760	     -0.00000000	     -0.00000000	 -11534.34023233
      0.05500000	   5713.98770668	      0.00000000	   1935.38077305	      0.00000000	      0.00000000	   -252.53355225	      0.00000000	      0.00000000	  -8096.99311803
      0.05600000	   7168.32348169	      2.66608292	   2174.06195732	      0.00000000	      0.00000000	     -3.94931748	     -0.00000000	      0.00000000	  -8872.75451963
      0.05700000	   6586.24528648	      0.00000000	   2184.49462616	      0.00000000	      0.00000000	   -270.14142908	      0.00000000	     -0.00000000	 -10017.07356870
      0.05800000	   5791.96161614	      0.00000000	   2548.35225273	      0.00000000	      0.00000000	   -656.69130174	     -0.00000000	     -0.00000000	 -11263.13992929
      0.05900000	   5883.25718256	      0.85991120	   1849.56772694	      0.00000000	      0.00000000	   -239.09146975	      0.00000000	      0.00000000	  -7954.50792889
      0.06000000	   5296.36205154	      0.00000000	   2006.12235196	      0.00000000	      0.00000000	   -782.85511393	     -0.00000000	     -0.00000000	 -11457.94158176
      0.06100000	   5739.72692256	      6.83807694	   2639.48085477	      0.00000000	      0.00000000	   -514.35432064	      0.00000000	      0.00000000	 -10868.76643604
      0.06200000	   4650.57346431	      0.00000000	   2512.28923932	      0.00000000	      0.00000000	   -811.30722631	      0.00000000	     -0.00000000	 -10445.30795302
      0.06300000	   5620.70685175	      2.87741506	   1840.34601992	      0.00000000	      0.00000000	   -459.07452009	      0.00000000	      0.00000000	 -10178.85065623
      0.06400000	   5127.76405353	      0.00000000	   2249.77379478	      0.00000000	      0.00000000	   -741.02984355	     -0.00000000	     -0.00000000	 -10657.87835931
      0.06500000	   6876.04037039	      0.00000000	   2154.39080288	      0.00000000	      0.00000000	    -43.45153998	     -0.00000000	      0.00000000	  -9110.31804475
      0.06600000	   7328.65330812	      0.72292232	   1823.29512711	      0.00000000	      0.00000000	     -0.00000000	     -0.00000000	      0.00000000	  -8789.22779365
      0.06700000	   5819.34223839	      2.52529283	   2180.76184465	      0.00000000	      0.00000000	   -390.60735635	     -0.00000000	      0.00000000	  -9395.53827605
      0.06800000	   7183.84235562	      0.00000000	   2511.14721498	      0.00000000	      0.00000000	   -268.01397306	     -0.00000000	      0.00000000	 -11365.69479931
      0.06900000	   7180.03461527	      4.30003356	   2240.07667931	      0.00000000	      0.00000000	   -217.47027085	      0.00000000	     -0.00000000	 -11242.72171215
      0.07000000	   7515.87541673	      0.00000000	   1916.70522272	      0.00000000	      0.00000000	    -63.63056578	     -0.00000000	      0.00000000	 -10290.02769051
      0.07100000	   7210.19535318	      0.00000000	   2640.93865113	      0.00000000	      0.00000000	   -215.21329794	      0.00000000	      0.00000000	 -11086.64701663
      0.07200000	   6880.48574007	      4.60398893	   2188.54426130	      0.00000000	      0.00000000	   -258.70918129	      0.00000000	     -0.00000000	 -10898.98977285
      0.07300000	   6619.54918593	      3.64900630	   1951.43299695	      0.00000000	      0.00000000	   -186.47898953	     -0.00000000	     -0.00000000	  -9604.78644099
      0.07400000	   5669.94924146	      0.00000000	   2132.27817812	      0.00000000	      0.00000000	   -244.10682408	     -0.00000000	      0.00000000	  -8303.15423470
      0.07500000	   6519.39871797	      0.00000000	   2861.50514135	      0.00000000	      0.00000000	   -520.29094173	     -0.00000000	     -0.00000000	 -11536.73033312
      0.07600000	   6973.88567276	      5.55778522	   1925.31916157	      0.00000000	      0.00000000	   -235.48551127	      0.00000000	      0.00000000	 -10675.37771679
      0.07700000	   5268.57807319	      0.00000000	   1949.71676977	      0.00000000	      0.00000000	   -604.19217868	      0.00000000	      0.00000000	  -9947.81508665
      0.07800000	   5701.83949345	      4.78918277	   2557.67264870	      0.00000000	      0.00000000	   -610.65789388	      0.00000000	      0.00000000	 -11059.22228744
      0.07900000	   7278.97771327	      1.29513426	   1828.66270804	      0.00000000	      0.00000000	    -24.01975476	      0.00000000	      0.00000000	  -9200.54440119
      0.08000000	   7243.11362746	      0.00000000	   1823.82689767	      0.00000000	      0.00000000	   -141.32655273	      0.00000000	     -0.00000000	 -10412.32214246
      0.08100000	   7004.51567894	      0.00000000	   2587.25500910	      0.00000000	      0.00000000	   -218.72948894	     -0.00000000	      0.00000000	 -10764.83289099
      0.08200000	   4831.61738130	      2.96528737	   2261.68768196	      0.00000000	      0.00000000	   -866.96533163	     -0.00000000	      0.00000000	 -11535.95046552
      0.08300000	   6394.07679230	      6.03588769	   2139.51295224	      0.00000000	      0.00000000	   -206.79434320	      0.00000000	     -0.00000000	  -9001.28890633
      0.08400000	   5727.72329075	      0.00000000	   1637.21270092	      0.00000000	      0.00000000	   -181.64883475	     -0.00000000	      0.00000000	  -7907.65176159
      0.08500000	   7268.58879319	      0.00000000	   2087.32404079	      0.00000000	      0.00000000	    -25.68041451	     -0.00000000	     -0.00000000	  -9387.72954526
      0.08600000	   5268.44199470	      3.36319301	   1866.69246055	      0.00000000	      0.00000000	   -416.03450666	     -0.00000000	     -0.00000000	  -8441.37429660
      0.08700000	   6718.87835754	      0.00000000	   2196.55925340	      0.00000000	      0.00000000	    -35.77575164	     -0.00000000	      0.00000000	  -8643.41750925
      0.08800000	   5862.94303739	      3.43828460	   2063.16740159	      0.00000000	      0.00000000	   -431.79870250	     -0.00000000	      0.00000000	  -9757.57081326
      0.08900000	   7038.88265874	      0.00000000	   2213.84778168	      0.00000000	      0.00000000	   -101.69888918	     -0.00000000	      0.00000000	 -10015.38463405
      0.09000000	   5730.36605345	      5.78746161	   2692.50022124	      0.00000000	      0.00000000	   -601.70178998	     -0.00000000	     -0.00000000	 -11424.13672193
      0.09100000	   4919.01813292	      0.00000000	   2238.29684860	      0.00000000	      0.00000000	   -570.21168871	     -0.00000000	      0.00000000	  -8864.91175524
      0.09200000	   6041.81121693	      0.00000000	   2083.26990732	      0.00000000	      0.00000000	   -574.68974596	      0.00000000	      0.00000000	 -11530.57858646
      0.09300000	   5172.37563935	      3.57839841	   2556.68155777	      0.00000000	      0.00000000	   -763.55699474	      0.00000000	     -0.00000000	 -11267.62464464
      0.09400000	   4806.49641206	      0.08424325	   2275.84787416	      0.00000000	      0.00000000	   -865.63425082	      0.00000000	      0.00000000	 -11313.64679628
      0.09500000	   7054.37066669	      1.48523532	   2649.30909469	      0.00000000	      0.00000000	   -348.98807568	      0.00000000	      0.00000000	 -11516.72242744
      0.09600000	   5795.43892460	      0.00000000	   2130.57590009	      0.00000000	      0.00000000	   -597.41074152	     -0.00000000	      0.00000000	 -10942.25671654
      0.09700000	   6504.76867481	      5.06687835	   2320.01455640	      0.00000000	      0.00000000	   -377.95448532	      0.00000000	      0.00000000	 -11173.05314942
      0.09800000	   6051.43177006	      3.55772789	   1843.37229172	      0.00000000	      0.00000000	   -371.01322426	     -0.00000000	     -0.00000000	 -10259.86475152
      0.09900000	   6870.32090543	      0.00000000	   2239.57824919	      0.00000000	      0.00000000	   -175.86068304	      0.00000000	      0.00000000	 -10292.57842362
      0.10000000	   6683.64191075	      0.00000000	   2581.51712009	      0.00000000	      0.00000000	   -418.12334282	      0.00000000	      0.00000000	 -11536.12733697
      0.10100000	   5178.90158156	      2.56583886	   2218.23685639	      0.00000000	      0.00000000	   -739.68808964	     -0.00000000	     -0.00000000	 -10838.17143979
      0.10200000	   7039.82697407	      1.13322762	   2134.11946204	      0.00000000	      0.00000000	   -101.75749706	     -0.00000000	      0.00000000	  -9594.14356497
      0.10300000	   4329.61152602	      0.00000000	   2259.39233495	      0.00000000	      0.00000000	  -1031.45917399	      0.00000000	     -0.00000000	 -11528.02449310
      0.10400000	   6003.61474742	      0.98898324	   2702.89897532	      0.00000000	      0.00000000	   -552.35221292	     -0.00000000	     -0.00000000	 -11501.14034065
      0.10500000	   7140.86287923	      7.58298302	   1879.50613346	      0.00000000	      0.00000000	   -104.40492639	     -0.00000000	      0.00000000	 -10093.58892837
      0.10600000	   5329.41841214	      0.00000000	   2432.04321251	      0.00000000	      0.00000000	   -564.13750540	     -0.00000000	     -0.00000000	 -10356.65721141
      0.10700000	   5216.37808542	      0.00000000	   2029.78940532	      0.00000000	      0.00000000	   -753.52024011	      0.00000000	      0.00000000	 -11404.05786016
      0.10800000	   6339.59842333	      0.78476758	   2265.72514841	      0.00000000	      0.00000000	   -260.37689257	      0.00000000	      0.00000000	 -10052.11389003
      0.10900000	   6839.33487313	      0.00000000	   2234.77226068	      0.00000000	      0.00000000	   -285.43023144	     -0.00000000	     -0.00000000	 -11219.73256640
      0.11000000	   5023.61762203	      6.96160074	   2073.60100684	      0.00000000	      0.00000000	   -530.06161783	     -0.00000000	      0.00000000	  -8953.02739447
      0.11100000	   6179.38475861	      0.00000000	   2007.90671249	      0.00000000	      0.00000000	   -279.85405208	      0.00000000	     -0.00000000	  -9143.70154185
      0.11200000	   7159.86647313	      0.00000000	   1725.31404696	      0.00000000	      0.00000000	    -41.42600260	      0.00000000	     -0.00000000	  -9441.38561244
      0.11300000	   5933.50015533	      0.00000000	   2533.13200816	      0.00000000	      0.00000000	   -629.56380586	     -0.00000000	     -0.00000000	 -11540.33004528
      0.11400000	   4737.16355920	      0.00000000	   2931.18256888	      0.00000000	      0.00000000	   -932.16117826	     -0.00000000	     -0.00000000	 -11536.01423583
      0.11500000	   6951.33350749	      3.28587633	   2387.97068488	      0.00000000	      0.00000000	   -212.34286461	      0.00000000	      0.00000000	 -10721.26092727
      0.11600000	   6469.31187827	      3.64001450	   1893.09681758	      0.00000000	      0.00000000	   -356.12988764	      0.00000000	      0.00000000	 -10384.84637878
      0.11700000	   6372.72485479	      1.14011548	   2148.29615186	      0.00000000	      0.00000000	   -150.42621679	     -0.00000000	      0.00000000	  -8447.52155950
      0.11800000	   7396.14948274	      1.06148072	   2558.65777269	      0.00000000	      0.00000000	   -206.97346351	     -0.00000000	      0.00000000	 -11336.80732169
      0.11900000	   5779.93476494	      1.46823062	   1849.55166958	      0.00000000	      0.00000000	   -426.82392002	     -0.00000000	     -0.00000000	  -9718.07664274
      0.12000000	   6963.03542312	      0.00000000	   2318.91667582	      0.00000000	      0.00000000	   -292.75751443	     -0.00000000	      0.00000000	 -11122.78897517
      0.12100000	   5252.38051262	      8.10436557	   2331.45183907	      0.00000000	      0.00000000	   -796.47819571	      0.00000000	      0.00000000	 -11531.05380083
      0.12200000	   6533.61147506	      4.68808744	   1535.01897702	      0.00000000	      0.00000000	    -47.12069164	      0.00000000	     -0.00000000	  -8208.56838487
      0.12300000	   5028.64802733	      0.00000000	   2527.50368576	      0.00000000	      0.00000000	   -752.05598328	     -0.00000000	     -0.00000000	 -10987.11318974
      0.12400000	   7784.56420868	      1.87209097	   1890.41680930	      0.00000000	      0.00000000	     -7.69703448	     -0.00000000	      0.00000000	 -10560.34774949
      0.12500000	   6497.94876568	      1.41809512	   1832.99233962	      0.00000000	      0.00000000	   -132.57226478	      0.00000000	      0.00000000	  -8689.74212350
      0.12600000	   4526.43020918	      0.00000000	   2925.20759863	      0.00000000	      0.00000000	   -974.29632244	      0.00000000	     -0.00000000	 -11537.37117991
      0.12700000	   7657.92624601	      1.51104559	   1826.83891277	      0.00000000	      0.00000000	     -0.00000000	      0.00000000	      0.00000000	  -8714.04260589
      0.12800000	   5784.66741757	      5.78650305	   1696.69466122	      0.00000000	      0.00000000	   -289.62714175	     -0.00000000	      0.00000000	  -9125.80228831
      0.12900000	   5148.87411800	      0.00000000	   2018.52592710	      0.00000000	      0.00000000	   -595.38265211	     -0.00000000	      0.00000000	  -9699.64613811
      0.13000000	   5903.37171017	      0.00000000	   2952.21599045	      0.00000000	      0.00000000	   -637.49714761	     -0.00000000	      0.00000000	 -11554.54150862
      0.13100000	   4872.42982877	      3.26028656	   2364.29262029	      0.00000000	      0.00000000	   -827.48582530	     -0.00000000	      0.00000000	 -11495.86576612
      0.13200000	   6587.62872257	      2.63520808	   2126.53360611	      0.00000000	      0.00000000	   -418.39034585	      0.00000000	      0.00000000	 -11422.56627249
      0.13300000	   4732.95362881	      2.31337238	   2313.05700016	      0.00000000	      0.00000000	   -854.00554173	     -0.00000000	      0.00000000	 -11038.43801840
      0.13400000	   7262.50171128	      1.80196683	   2361.33526668	      0.00000000	      0.00000000	   -169.62621584	      0.00000000	     -0.00000000	 -11115.95828686
      0.13500000	   6965.12205695	      3.74642930	   2339.26314071	      0.00000000	      0.00000000	   -116.48807299	     -0.00000000	     -0.00000000	 -10071.34225700
      0.13600000	   6652.33747395	      0.00000000	   2170.74552696	      0.00000000	      0.00000000	   -116.74569980	     -0.00000000	      0.00000000	  -9033.78721840
      0.13700000	   6083.99555717	      0.00000000	   2681.67168710	      0.00000000	      0.00000000	   -544.35564347	     -0.00000000	      0.00000000	 -11530.53625299
      0.13800000	   5989.69752705	      5.90040605	   1820.03252623	      0.00000000	      0.00000000	   -519.97717550	      0.00000000	     -0.00000000	 -10687.80979053
      0.13900000	   5939.37699916	      0.00000000	   1755.88132788	      0.00000000	      0.00000000	   -447.47988936	      0.00000000	     -0.00000000	 -10027.32067403
      0.14000000	   6969.05884018	      1.62770001	   2700.91740518	      0.00000000	      0.00000000	   -330.24500924	      0.00000000	      0.00000000	 -11241.63061514
      0.14100000	   5018.55183653	      0.54896219	   1866.13248790	      0.00000000	      0.00000000	   -573.17327643	     -0.00000000	      0.00000000	  -9517.53435844
      0.14200000	   5593.76528658	      0.09512035	   2087.27602002	      0.00000000	      0.00000000	   -604.94030673	     -0.00000000	     -0.00000000	 -10866.67231075
      0.14300000	   7529.06340497	      3.68981607	   2173.82413842	      0.00000000	      0.00000000	     -0.00000000	      0.00000000	      0.00000000	  -9369.39205317
      0.14400000	   4977.28949579	      0.00000000	   2605.58364111	      0.00000000	      0.00000000	   -896.33203922	     -0.00000000	      0.00000000	 -11535.41744723
      0.14500000	   5887.89887737	      2.48595679	   2136.35342338	      0.00000000	      0.00000000	   -464.07535097	     -0.00000000	     -0.00000000	 -10258.46968031
      0.14600000	   6465.62154432	      0.00000000	   1907.98197536	      0.00000000	      0.00000000	   -320.61379440	     -0.00000000	      0.00000000	 -10588.14424130
      0.14700000	   6790.40114465	      0.00000000	   2078.56440666	      0.00000000	      0.00000000	   -398.52234140	      0.00000000	     -0.00000000	 -11528.02427412
      0.14800000	   5101.89918823	      2.69294437	   2485.36583980	      0.00000000	      0.00000000	   -798.15266577	     -0.00000000	      0.00000000	 -11360.94631635
      0.14900000	   6860.22700162	      3.31400415	   1920.90789427	      0.00000000	      0.00000000	   -235.41104970	     -0.00000000	      0.00000000	 -10480.54000434
      0.15000000	   6023.90133630	      0.00000000	   1840.93188617	      0.00000000	      0.00000000	   -160.14046949	      0.00000000	     -0.00000000	  -8369.28206429
      0.15100000	   6747.18056879	      0.00000000	   2831.03249601	      0.00000000	      0.00000000	   -386.25223634	     -0.00000000	     -0.00000000	 -11536.58592724
      0.15200000	   4894.38011436	      2.78111811	   2974.84741056	      0.00000000	      0.00000000	   -888.17881783	      0.00000000	      0.00000000	 -11560.73216232
      0.15300000	   5798.55270004	      1.43601031	   2633.52074208	      0.00000000	      0.00000000	   -610.96233319	     -0.00000000	     -0.00000000	 -11361.52466051
      0.15400000	   6072.63373334	      3.22005044	   1747.15566460	      0.00000000	      0.00000000	   -320.53659016	     -0.00000000	      0.00000000	  -9215.20405684
      0.15500000	   7225.65947399	      0.00000000	   1785.17883221	      0.00000000	      0.00000000	    -17.81347394	      0.00000000	      0.00000000	  -8806.14148988
      0.15600000	   4527.53130965	      3.17153787	   1970.83181322	      0.00000000	      0.00000000	   -914.19227739	     -0.00000000	      0.00000000	 -11234.16856978
      0.15700000	   6078.79285832	      0.39614207	   1783.62163413	      0.00000000	      0.00000000	   -246.30851863	      0.00000000	      0.00000000	  -9561.80523244
      0.15800000	   6006.84642820	      0.00000000	   1747.78759051	      0.00000000	      0.00000000	   -433.62943352	     -0.00000000	     -0.00000000	 -10368.23519191
      0.15900000	   5768.64025121	      2.06520232	   2009.07875353	      0.00000000	      0.00000000	   -442.48885690	      0.00000000	     -0.00000000	  -9869.20095166
      0.16000000	   5801.36028910	      0.00000000	   2491.47913855	      0.00000000	      0.00000000	   -673.36864640	      0.00000000	      0.00000000	 -11575.44044759
      0.16100000	   5943.78594203	      4.12833961	   2422.75538788	      0.00000000	      0.00000000	   -424.50120606	     -0.00000000	     -0.00000000	 -10616.91957105
      0.16200000	   7260.71018128	      3.32545177	   1920.10471768	      0.00000000	      0.00000000	    -30.76221190	     -0.00000000	     -0.00000000	  -9428.15769499
      0.16300000	   6651.11652510	      0.00000000	   2536.18932155	      0.00000000	      0.00000000	   -445.59179815	      0.00000000	      0.00000000	 -11529.96681220
      0.16400000	   6072.65610548	      8.56522627	   2034.72698107	      0.00000000	      0.00000000	   -548.95136261	      0.00000000	     -0.00000000	 -11035.72647471
      0.16500000	   6238.42918100	      0.00000000	   2115.61429792	      0.00000000	      0.00000000	   -163.14660783	      0.00000000	     -0.00000000	  -9078.10318225
      0.16600000	   6628.80559997	      0.00000000	   2752.71537860	      0.00000000	      0.00000000	   -418.29639331	     -0.00000000	      0.00000000	 -11526.28229099
      0.16700000	   4693.13103013	      5.06563062	   1973.55711754	      0.00000000	      0.00000000	   -726.33078813	      0.00000000	      0.00000000	  -9897.95150878
      0.16800000	   4500.48997642	      0.00000000	   1953.11916866	      0.00000000	      0.00000000	   -979.74467665	     -0.00000000	     -0.00000000	 -11503.15436164
      0.16900000	   6933.53867281	      1.84157702	   1875.34988640	      0.00000000	      0.00000000	   -269.08869955	     -0.00000000	     -0.00000000	 -10880.68499398
      0.17000000	   6192.78567485	      0.00000000	   2148.66379460	      0.00000000	      0.00000000	   -358.31932738	      0.00000000	      0.00000000	 -10125.81460585
      0.17100000	   4718.84268050	      5.91578095	   2124.38652882	      0.00000000	      0.00000000	   -912.70947994	      0.00000000	     -0.00000000	 -11434.14723773
      0.17200000	   6686.36728068	      0.00000000	   2314.56011626	      0.00000000	      0.00000000	   -328.09656469	      0.00000000	      0.00000000	 -10764.90721372
      0.17300000	   7304.57119295	      0.00000000	   2343.85518282	      0.00000000	      0.00000000	   -185.66342734	     -0.00000000	     -0.00000000	 -11162.64638430
      0.17400000	   6376.21872136	      1.36963853	   2583.55083019	      0.00000000	      0.00000000	   -531.08738524	     -0.00000000	      0.00000000	 -11530.76861348
      0.17500000	   5528.44194429	      0.01907291	   2261.97226590	      0.00000000	      0.00000000	   -539.00475153	      0.00000000	     -0.00000000	 -10276.82384047
      0.17600000	   6590.07355669	      4.26545791	   2775.68911666	      0.00000000	      0.00000000	   -521.69316743	     -0.00000000	      0.00000000	 -11542.78701774
      0.17700000	   7174.08215727	      0.00000000	   2179.69332718	      0.00000000	      0.00000000	   -175.46857394	     -0.00000000	      0.00000000	 -10888.21733062
      0.17800000	   5493.28837001	      0.00000000	   2116.84094115	      0.00000000	      0.00000000	   -655.07423465	      0.00000000	      0.00000000	 -11536.75955563
      0.17900000	   4377.69278126	      1.24033050	   2915.81543935	      0.00000000	      0.00000000	  -1019.48679429	     -0.00000000	      0.00000000	 -11529.87674399
      0.18000000	   5408.56788411	      6.20301195	   2250.31008542	      0.00000000	      0.00000000	   -470.24870843	      0.00000000	     -0.00000000	  -9557.30451927
      0.18100000	   4969.98537977	      0.00000000	   2007.91932902	      0.00000000	      0.00000000	   -851.14233943	     -0.00000000	      0.00000000	 -11510.11147490
      0.18200000	   6496.73605399	      5.76128621	   2438.70730273	      0.00000000	      0.00000000	   -467.80818272	     -0.00000000	     -0.00000000	 -11381.35483091
      0.18300000	   6571.13766832	      0.00000000	   1824.44471315	      0.00000000	      0.00000000	   -132.99288627	      0.00000000	      0.00000000	  -9175.06148892
      0.18400000	   6225.41692954	      0.00000000	   2047.95266696	      0.00000000	      0.00000000	   -552.59649024	     -0.00000000	     -0.00000000	 -11602.59069260
      0.18500000	   4559.29039431	      4.19490508	   1893.98899069	      0.00000000	      0.00000000	   -896.81001487	     -0.00000000	     -0.00000000	 -11280.97808424
      0.18600000	   4769.23499278	      0.00000000	   2163.94051711	      0.00000000	      0.00000000	   -745.45020611	      0.00000000	      0.00000000	 -10318.49475433
      0.18700000	   6893.14001232	      2.55102802	   1894.45376369	      0.00000000	      0.00000000	   -132.84313777	      0.00000000	      0.00000000	  -9916.76799414
      0.18800000	   7075.04013207	      0.00000000	   2393.05745178	      0.00000000	      0.00000000	   -229.76257697	     -0.00000000	      0.00000000	 -11017.85753787
      0.18900000	   5824.80566363	      4.97789303	   1967.50064683	      0.00000000	      0.00000000	   -440.58945050	     -0.00000000	     -0.00000000	  -9866.46028203
      0.19000000	   5309.66202200	      0.00000000	   2270.21256289	      0.00000000	      0.00000000	   -564.00079680	     -0.00000000	     -0.00000000	 -10111.48217838
      0.19100000	   4992.64855945	      0.00000000	   2922.90938818	      0.00000000	      0.00000000	   -883.16965528	     -0.00000000	     -0.00000000	 -11633.92951434
      0.19200000	   6332.82585546	      5.32792674	   2514.89289020	      0.00000000	      0.00000000	   -439.47661732	      0.00000000	      0.00000000	 -11437.43645991
      0.19300000	   6159.26191625	      0.00000000	   2112.20599994	      0.00000000	      0.00000000	   -522.78033326	      0.00000000	     -0.00000000	 -11151.41674306
      0.19400000	   6164.05873380	      0.00000000	   2420.09944672	      0.00000000	      0.00000000	   -371.09613775	     -0.00000000	      0.00000000	 -10422.28933484
      0.19500000	   7425.10423638	      1.24529114	   1860.83879125	      0.00000000	      0.00000000	    -83.09451865	      0.00000000	     -0.00000000	 -10624.03794656
      0.19600000	   6373.45762357	      1.76311975	   2157.33824607	      0.00000000	      0.00000000	   -338.31795912	      0.00000000	      0.00000000	 -10725.83251717
      0.19700000	   4781.05833726	      1.64692429	   2415.66591941	      0.00000000	      0.00000000	   -893.36885004	     -0.00000000	     -0.00000000	 -11504.45488868
      0.19800000	   6121.34817650	      0.00000000	   1845.26481495	      0.00000000	      0.00000000	   -198.32084917	     -0.00000000	     -0.00000000	  -9049.39675955
      0.19900000	   6012.99566680	      3.60595920	   1690.89047501	      0.00000000	      0.00000000	   -363.18820827	      0.00000000	     -0.00000000	  -9475.97949171
      0.20000000	   6436.14703538	      0.00000000	   2240.86667536	      0.00000000	      0.00000000	   -510.05227092	     -0.00000000	     -0.00000000	 -11532.32543670
      0.20100000	   7421.19495040	      2.71770845	   2278.03913407	      0.00000000	      0.00000000	   -162.39667861	      0.00000000	     -0.00000000	 -11414.57115615
      0.20200000	   6987.65651758	      0.00000000	   2046.49272049	      0.00000000	      0.00000000	    -61.29462049	      0.00000000	      0.00000000	  -9440.40030906
      0.20300000	   5978.46085155	      0.00000000	   2536.39391565	      0.00000000	      0.00000000	   -607.93815164	      0.00000000	     -0.00000000	 -11527.22196710
      0.20400000	   5931.08749433	      5.01810037	   2261.63573429	      0.00000000	      0.00000000	   -421.98588022	     -0.00000000	      0.00000000	 -10453.34558561
      0.20500000	   7021.72730247	      0.00000000	   1684.76007357	      0.00000000	      0.00000000	   -136.16225304	      0.00000000	      0.00000000	  -9866.41617600
      0.20600000	   4452.57815271	      0.00000000	   2216.60395652	      0.00000000	      0.00000000	  -1002.28626386	     -0.00000000	      0.00000000	 -11617.41921865
      0.20700000	   5834.40144209	      2.21407349	   1812.66654024	      0.00000000	      0.00000000	   -413.85498572	      0.00000000	      0.00000000	  -9599.19430084
      0.20800000	   4883.82426485	      0.00000000	   2082.73254383	      0.00000000	      0.00000000	   -738.95307258	     -0.00000000	     -0.00000000	 -10809.12847559
      0.20900000	   5573.87614815	      4.52310990	   1906.82101647	      0.00000000	      0.00000000	   -631.40700230	      0.00000000	     -0.00000000	 -11196.42764926
      0.21000000	   5807.30008266	      3.40237135	   2197.56948114	      0.00000000	      0.00000000	   -332.48777995	     -0.00000000	     -0.00000000	  -9381.86083340
      0.21100000	   5520.12177489	      0.00000000	   2005.26613520	      0.00000000	      0.00000000	   -667.26893776	     -0.00000000	     -0.00000000	 -11001.90148928
      0.21200000	   6346.76604930	      0.00000000	   1940.77926183	      0.00000000	      0.00000000	   -465.08267182	     -0.00000000	      0.00000000	 -11330.90480718
      0.21300000	   4046.83211557	      1.27202155	   2669.08188889	      0.00000000	      0.00000000	  -1095.34568129	     -0.00000000	     -0.00000000	 -11827.61782066
      0.21400000	   5703.14365449	      2.39863780	   2711.49829051	      0.00000000	      0.00000000	   -677.30327924	     -0.00000000	     -0.00000000	 -11518.08399885
      0.21500000	   7265.17899743	      0.00000000	   2409.86362535	      0.00000000	      0.00000000	    -83.60502012	     -0.00000000	     -0.00000000	 -10376.03525057
      0.21600000	   6186.43707722	      3.30312575	   2635.77086747	      0.00000000	      0.00000000	   -578.59481862	      0.00000000	      0.00000000	 -11532.97589334
      0.21700000	   5911.45223728	      0.00000000	   1936.90238579	      0.00000000	      0.00000000	   -437.21506866	     -0.00000000	     -0.00000000	 -10271.26078850
      0.21800000	   6258.27484670	      0.00000000	   1991.84266619	      0.00000000	      0.00000000	   -547.57783959	     -0.00000000	      0.00000000	 -11578.92016658
      0.21900000	   6349.23850802	      8.89712705	   2372.23657881	      0.00000000	      0.00000000	   -536.27072668	      0.00000000	      0.00000000	 -11531.77278867
      0.22000000	   5423.23300782	      3.48942838	   1961.22752150	      0.00000000	      0.00000000	   -659.09436613	     -0.00000000	     -0.00000000	 -10838.11073390
      0.22100000	   6304.61942319	      2.38063657	   2260.17205759	      0.00000000	      0.00000000	   -351.33873213	      0.00000000	      0.00000000	 -10106.93384826
      0.22200000	   5730.74661967	      0.00000000	   2472.64558624	      0.00000000	      0.00000000	   -478.45689420	     -0.00000000	      0.00000000	 -10562.83748610
      0.22300000	   5010.98618428	      0.25969916	   2186.64735384	      0.00000000	      0.00000000	   -869.52536326	     -0.00000000	      0.00000000	 -11685.75369037
      0.22400000	   4505.74590189	      5.75192143	   2269.58534017	      0.00000000	      0.00000000	   -909.62442646	      0.00000000	      0.00000000	 -11281.48599035
      0.22500000	   6716.66143137	      0.42080655	   2684.40950564	      0.00000000	      0.00000000	   -412.69603198	      0.00000000	     -0.00000000	 -11533.93781022
      0.22600000	   5722.84581580	      0.00000000	   2110.72321237	      0.00000000	      0.00000000	   -453.76708079	     -0.00000000	      0.00000000	  -9808.53389465
      0.22700000	   7247.78377326	      0.00000000	   2279.88672125	      0.00000000	      0.00000000	   -110.01273340	      0.00000000	     -0.00000000	 -10646.78850077
      0.22800000	   5296.91098863	      2.45082225	   2291.45570593	      0.00000000	      0.00000000	   -782.15584439	      0.00000000	     -0.00000000	 -11499.39402262
      0.22900000	   6798.02873608	      0.00000000	   2594.00881735	      0.00000000	      0.00000000	   -333.07191480	      0.00000000	     -0.00000000	 -11346.30723948
      0.23000000	   5090.40441221	      3.99876205	   1995.61169217	      0.00000000	      0.00000000	   -748.77687361	      0.00000000	     -0.00000000	 -10790.53523522
      0.23100000	   7311.15515619	      5.37569907	   2130.80406845	      0.00000000	      0.00000000	    -74.67706225	     -0.00000000	     -0.00000000	 -10522.95882451
      0.23200000	   5110.40707790	      0.00000000	   1647.23979652	      0.00000000	      0.00000000	   -566.11656069	     -0.00000000	     -0.00000000	  -9622.97476222
      0.23300000	   5098.44666700	      0.00000000	   2027.89230692	      0.00000000	      0.00000000	   -851.32779539	     -0.00000000	     -0.00000000	 -11551.03456578
      0.23400000	   6283.42900869	      6.18347259	   3025.67549842	      0.00000000	      0.00000000	   -576.48605921	     -0.00000000	     -0.00000000	 -11631.25021330
      0.23500000	   6332.82011067	      0.00000000	   2108.16509763	      0.00000000	      0.00000000	   -462.30899525	     -0.00000000	      0.00000000	 -11032.34984549
      0.23600000	   4371.44607375	      5.91247889	   2662.13496315	      0.00000000	      0.00000000	   -992.83568579	      0.00000000	     -0.00000000	 -11533.03484247
      0.23700000	   6126.91118878	      2.92188942	   2269.20072936	      0.00000000	      0.00000000	   -316.34943168	      0.00000000	     -0.00000000	 -10018.35546998
      0.23800000	   4058.20596302	      0.00000000	   2983.32681447	      0.00000000	      0.00000000	  -1080.74769276	     -0.00000000	     -0.00000000	 -11756.05927895
      0.23900000	   6520.77201562	      5.30230558	   1995.33110462	      0.00000000	      0.00000000	   -537.15878608	      0.00000000	     -0.00000000	 -11784.42729233
      0.24000000	   7372.01111244	      2.52766818	   2159.15030727	      0.00000000	      0.00000000	    -76.24193957	      0.00000000	      0.00000000	 -10368.42851184
      0.24100000	   4917.73608697	      4.05202685	   2506.53646308	      0.00000000	      0.00000000	   -848.21920635	      0.00000000	     -0.00000000	 -11535.45093148
      0.24200000	   5442.53176999	      0.00000000	   2253.78375047	      0.00000000	      0.00000000	   -719.33767041	      0.00000000	      0.00000000	 -11388.51155391
      0.24300000	   5838.29172088	      0.00000000	   2016.30558408	      0.00000000	      0.00000000	   -623.16269122	      0.00000000	      0.00000000	 -11536.85911543
      0.24400000	   4555.38546547	      7.89468898	   2558.06600298	      0.00000000	      0.00000000	   -941.24747988	      0.00000000	      0.00000000	 -11439.69185315
      0.24500000	   7058.71678213	      0.00000000	   1897.03769571	      0.00000000	      0.00000000	    -94.43172727	      0.00000000	     -0.00000000	 -10163.85386602
      0.24600000	   5416.38975326	      0.00000000	   2169.25912137	      0.00000000	      0.00000000	   -783.83434692	      0.00000000	      0.00000000	 -11597.37038688
      0.24700000	   6699.15209372	      6.56369318	   2156.43372134	      0.00000000	      0.00000000	   -172.76198786	      0.00000000	      0.00000000	 -10233.58631512
      0.24800000	   4965.07651461	      0.00000000	   1895.38341153	      0.00000000	      0.00000000	   -743.63584004	     -0.00000000	      0.00000000	 -10907.57670928
      0.24900000	   3660.68349722	      0.00000000	   2403.24733525	      0.00000000	      0.00000000	  -1184.21742787	      0.00000000	      0.00000000	 -11965.71177670
      0.25000000	   7130.41980280	      6.62727747	   2048.38986098	      0.00000000	      0.00000000	   -236.40656475	     -0.00000000	     -0.00000000	 -11222.16545062
      0.25100000	   6180.31782496	      0.00000000	   2093.16758250	      0.00000000	      0.00000000	   -400.23436266	     -0.00000000	      0.00000000	 -10238.38748847
      0.25200000	   6370.32983680	      0.00000000	   1938.37762806	      0.00000000	      0.00000000	   -368.97305573	      0.00000000	     -0.00000000	 -10763.04296559
      0.25300000	   4866.14675546	      0.00000000	   2799.55768049	      0.00000000	      0.00000000	   -869.41255899	     -0.00000000	     -0.00000000	 -11560.95848551
      0.25400000	   6290.78137601	      6.84545415	   2720.26337033	      0.00000000	      0.00000000	   -596.43718818	      0.00000000	      0.00000000	 -11665.82496009
      0.25500000	   6669.50944217	      5.54112925	   1999.77654088	      0.00000000	      0.00000000	   -389.30198118	      0.00000000	      0.00000000	 -11107.71035106
      0.25600000	   5948.09771972	      0.00000000	   2156.16259611	      0.00000000	      0.00000000	   -332.38717179	     -0.00000000	     -0.00000000	  -9984.12225995
      0.25700000	   4439.14710417	      0.00000000	   1814.40879694	      0.00000000	      0.00000000	   -955.16186694	     -0.00000000	      0.00000000	 -11335.28849223
      0.25800000	   5522.05056612	      0.00000000	   2522.56890687	      0.00000000	      0.00000000	   -777.65466877	     -0.00000000	     -0.00000000	 -11837.49218545
      0.25900000	   6095.18824604	      4.98106607	   2479.31973041	      0.00000000	      0.00000000	   -678.16240245	     -0.00000000	     -0.00000000	 -11976.58550468
      0.26000000	   4433.43247192	      0.00000000	   2213.70511680	      0.00000000	      0.00000000	   -984.14227314	     -0.00000000	     -0.00000000	 -11533.21929800
      0.26100000	   5853.13498244	      3.69249501	   2490.61341024	      0.00000000	      0.00000000	   -597.42664056	     -0.00000000	     -0.00000000	 -11536.62782684
      0.26200000	   7509.97491336	      4.20355698	   2169.70378607	      0.00000000	      0.00000000	     -7.03993423	      0.00000000	     -0.00000000	  -9801.40736682
      0.26300000	   5894.52936684	      0.00000000	   1726.49323621	      0.00000000	      0.00000000	   -464.51346336	      0.00000000	      0.00000000	 -10307.94834709
      0.26400000	   6786.54934217	      5.31752606	   2094.49039940	      0.00000000	      0.00000000	   -408.23103580	     -0.00000000	     -0.00000000	 -11593.49198014
      0.26500000	   4671.06518916	      2.63633479	   1894.64209211	      0.00000000	      0.00000000	   -917.76731421	      0.00000000	      0.00000000	 -11443.09086931
      0.26600000	   5563.64550654	      0.00000000	   2045.56708436	      0.00000000	      0.00000000	   -652.82184622	      0.00000000	      0.00000000	 -11499.93728498
      0.26700000	   4758.51305685	      0.00000000	   2884.91443385	      0.00000000	      0.00000000	   -902.62514413	      0.00000000	     -0.00000000	 -11767.92423757
      0.26800000	   4969.94031758	      6.87080317	   2210.41109267	      0.00000000	      0.00000000	   -833.13807044	      0.00000000	      0.00000000	 -11530.45383302
      0.26900000	   5921.25525804	      0.00000000	   2195.41599519	      0.00000000	      0.00000000	   -592.77594580	     -0.00000000	      0.00000000	 -11254.57098530
      0.27000000	   4905.19187157	      3.56284530	   3014.73237504	      0.00000000	      0.00000000	   -909.25707688	     -0.00000000	      0.00000000	 -12053.02916761
      0.27100000	   7052.10039728	      4.08580294	   2195.52945721	      0.00000000	      0.00000000	   -149.47075121	      0.00000000	      0.00000000	 -10650.41006954
      0.27200000	   6460.69274083	      0.00000000	   1859.42088306	      0.00000000	      0.00000000	   -349.42521052	      0.00000000	     -0.00000000	 -10933.22714109
      0.27300000	   5371.60462272	      1.89982115	   2687.34171944	      0.00000000	      0.00000000	   -744.34701899	     -0.00000000	     -0.00000000	 -11532.30477499
      0.27400000	   4935.96891990	      2.33540691	   2033.05116477	      0.00000000	      0.00000000	   -682.77766315	      0.00000000	     -0.00000000	 -10467.68662870
      0.27500000	   5227.64041576	      0.00000000	   2526.95076976	      0.00000000	      0.00000000	   -755.78637175	      0.00000000	      0.00000000	 -11004.85247110
      0.27600000	   5433.78778452	      3.88528627	   1939.00174252	      0.00000000	      0.00000000	   -692.17489095	     -0.00000000	     -0.00000000	 -10990.36379362
      0.27700000	   5468.05128639	      1.63696688	   2039.86104712	      0.00000000	      0.00000000	   -677.87112856	     -0.00000000	      0.00000000	 -11533.17740003
      0.27800000	   5828.39902252	      0.00000000	   2721.88059005	      0.00000000	      0.00000000	   -733.76511464	     -0.00000000	      0.00000000	 -12010.12259879
      0.27900000	   3679.84164638	      9.02489233	   2640.85516025	      0.00000000	      0.00000000	  -1196.43368959	     -0.00000000	      0.00000000	 -12088.06504198
      0.28000000	   6619.97409455	      0.00000000	   1762.80099079	      0.00000000	      0.00000000	   -212.68733759	     -0.00000000	     -0.00000000	 -10324.69621214
      0.28100000	   5732.06714236	      0.00000000	   1964.49804182	      0.00000000	      0.00000000	   -688.04785248	      0.00000000	     -0.00000000	 -11628.29405499
      0.28200000	   6830.60558140	      4.71656742	   2070.90414267	      0.00000000	      0.00000000	   -364.09876890	      0.00000000	     -0.00000000	 -11371.63840602
      0.28300000	   6752.20366790	      0.00000000	   2365.94234763	      0.00000000	      0.00000000	   -371.23428434	      0.00000000	      0.00000000	 -11516.85276059
      0.28400000	   4644.12522068	      0.00000000	   2283.59285479	      0.00000000	      0.00000000	   -889.76505782	     -0.00000000	      0.00000000	 -11012.73021078
      0.28500000	   5761.24823254	      0.00000000	   2465.15328092	      0.00000000	      0.00000000	   -674.63299069	     -0.00000000	      0.00000000	 -11557.52578871
      0.28600000	   5879.50743959	      5.97539658	   2244.27031953	      0.00000000	      0.00000000	   -597.00558479	     -0.00000000	     -0.00000000	 -11462.54752878
      0.28700000	   6218.81183819	      1.93310559	   2312.07927678	      0.00000000	      0.00000000	   -341.29643536	     -0.00000000	     -0.00000000	 -10052.81031889
      0.28800000	   6809.48468488	      0.00000000	   2838.08600916	      0.00000000	      0.00000000	   -400.72782625	     -0.00000000	     -0.00000000	 -11854.69756386
      0.28900000	   3715.03330581	      2.55610199	   2502.54710797	      0.00000000	      0.00000000	  -1165.92101441	      0.00000000	      0.00000000	 -12068.23908796
      0.29000000	   5490.94223526	      0.00000000	   2515.08214285	      0.00000000	      0.00000000	   -683.06440186	      0.00000000	      0.00000000	 -11236.58871826
      0.29100000	   5283.98529584	      1.56970550	   1860.33763288	      0.00000000	      0.00000000	   -702.35757468	     -0.00000000	     -0.00000000	 -11260.55911466
      0.29200000	   4684.69941857	      1.52237220	   1664.11891821	      0.00000000	      0.00000000	   -724.99663806	     -0.00000000	     -0.00000000	 -10210.48614432
      0.29300000	   5974.64832332	      1.75745357	   1977.52335571	      0.00000000	      0.00000000	   -484.93868957	      0.00000000	     -0.00000000	 -10592.78987845
      0.29400000	   5322.01503633	      0.00000000	   1813.74402933	      0.00000000	      0.00000000	   -589.09676579	     -0.00000000	     -0.00000000	 -10477.38446964
      0.29500000	   6350.44065756	      0.00000000	   2691.81232775	      0.00000000	      0.00000000	   -483.59163687	     -0.00000000	      0.00000000	 -11550.19464075
      0.29600000	   5960.97214863	      3.73102343	   2592.40760252	      0.00000000	      0.00000000	   -637.20872499	      0.00000000	      0.00000000	 -11532.10675588
      0.29700000	   4443.67278708	      1.06576087	   2518.73738924	      0.00000000	      0.00000000	   -887.43381752	     -0.00000000	     -0.00000000	 -10791.78393199
      0.29800000	   5696.06474365	      0.00000000	   2789.30245447	      0.00000000	      0.00000000	   -737.78835131	      0.00000000	      0.00000000	 -11678.06717036
      0.29900000	   6821.26092294	      2.58739985	   2376.93608665	      0.00000000	      0.00000000	   -398.55392634	     -0.00000000	      0.00000000	 -11530.33330409
      0.30000000	   5068.29150396	      3.24366780	   2287.85358971	      0.00000000	      0.00000000	   -843.91230523	     -0.00000000	      0.00000000	 -11938.11246222
      0.30100000	   5871.84857859	      4.30897250	   2394.83389384	      0.00000000	      0.00000000	   -541.69493859	      0.00000000	      0.00000000	 -10910.55930321
      0.30200000	   5089.41317986	      1.06273480	   1885.86865134	      0.00000000	      0.00000000	   -736.51344181	      0.00000000	      0.00000000	 -11236.50333747
      0.30300000	   6135.45269335	      0.00000000	   2296.16562918	      0.00000000	      0.00000000	   -396.16319986	      0.00000000	     -0.00000000	 -10745.09052564
      0.30400000	   5273.10291939	      0.00000000	   2015.86578937	      0.00000000	      0.00000000	   -673.54579969	     -0.00000000	      0.00000000	 -10659.35235340
      0.30500000	   4452.12083776	      4.23059951	   2488.15875833	      0.00000000	      0.00000000	   -991.55688940	     -0.00000000	     -0.00000000	 -11999.63875235
      0.30600000	   6322.12409199	      2.74303285	   2277.39110148	      0.00000000	      0.00000000	   -523.11910747	     -0.00000000	     -0.00000000	 -11426.24868016
      0.30700000	   5295.40068878	      0.00000000	   2609.99938849	      0.00000000	      0.00000000	   -753.41122372	      0.00000000	      0.00000000	 -11535.18087940
      0.30800000	   4968.74976402	      5.48176786	   1895.76948289	      0.00000000	      0.00000000	   -702.16706411	     -0.00000000	     -0.00000000	 -10403.77706120
      0.30900000	   4438.49791508	      0.00000000	   2405.51352296	      0.00000000	      0.00000000	   -926.53060773	      0.00000000	      0.00000000	 -10983.38802233
      0.31000000	   6924.96529082	      0.00000000	   1982.49474281	      0.00000000	      0.00000000	   -336.27564478	      0.00000000	     -0.00000000	 -11530.07791788
      0.31100000	   5608.17180129	      4.06315984	   2021.66077979	      0.00000000	      0.00000000	   -700.27038573	     -0.00000000	     -0.00000000	 -11466.98267739
      0.31200000	   6506.17440880	      5.00833169	   2565.21616823	      0.00000000	      0.00000000	   -472.91468667	     -0.00000000	     -0.00000000	 -11564.94807389
      0.31300000	   6320.85750060	      0.00000000	   2591.11362826	      0.00000000	      0.00000000	   -456.95664397	      0.00000000	     -0.00000000	 -11386.57494155
      0.31400000	   4584.60305192	      0.00000000	   2729.46955475	      0.00000000	      0.00000000	   -933.71153293	     -0.00000000	      0.00000000	 -11527.58447285
      0.31500000	   4334.76398704	      0.00000000	   2182.58083247	      0.00000000	      0.00000000	  -1051.88950327	      0.00000000	      0.00000000	 -12086.79250000
      0.31600000	   6522.03993792	      0.00000000	   2306.85082475	      0.00000000	      0.00000000	   -504.62179865	      0.00000000	     -0.00000000	 -11598.83071245
      0.31700000	   3536.89028018	      0.27251289	   2087.73154554	      0.00000000	      0.00000000	  -1218.92574398	     -0.00000000	     -0.00000000	 -11931.17975603
      0.31800000	   6141.47690850	      1.49247251	   2560.40075384	      0.00000000	      0.00000000	   -635.67703375	     -0.00000000	      0.00000000	 -12071.07651944
      0.31900000	   5948.24838592	      0.00000000	   2295.51167044	      0.00000000	      0.00000000	   -669.11805855	     -0.00000000	     -0.00000000	 -11946.17423063
      0.32000000	   5498.52338552	      3.62212716	   2953.23429376	      0.00000000	      0.00000000	   -766.47254378	     -0.00000000	      0.00000000	 -11642.99138051
      0.32100000	   4298.06802598	      1.01110436	   2157.88641490	      0.00000000	      0.00000000	  -1058.64210191	     -0.00000000	     -0.00000000	 -12069.12028418
      0.32200000	   5944.55290705	      0.00000000	   2647.02429951	      0.00000000	      0.00000000	   -588.63054435	     -0.00000000	      0.00000000	 -11788.75914666
      0.32300000	   5789.14582410	      7.74007946	   2474.81830769	      0.00000000	      0.00000000	   -629.88233583	      0.00000000	      0.00000000	 -11532.34821366
      0.32400000	   6855.28917223	      0.00000000	   2082.96384666	      0.00000000	      0.00000000	   -314.38316840	     -0.00000000	     -0.00000000	 -11089.26783917
      0.32500000	   5265.93305251	      2.43903370	   1647.20366748	      0.00000000	      0.00000000	   -632.87236849	     -0.00000000	      0.00000000	 -10362.06546927
      0.32600000	   4601.65600255	      0.00000000	   1973.45386506	      0.00000000	      0.00000000	   -947.79315540	      0.00000000	      0.00000000	 -11559.41738435
      0.32700000	   5323.73106161	      1.04272397	   2221.01649252	      0.00000000	      0.00000000	   -713.34206350	      0.00000000	     -0.00000000	 -11375.32497683
      0.32800000	   5302.32297306	      0.00000000	   2634.59589041	      0.00000000	      0.00000000	   -782.43259317	     -0.00000000	     -0.00000000	 -11500.54462972
      0.32900000	   4925.00608390	      5.45695407	   2202.76525468	      0.00000000	      0.00000000	   -868.23856839	     -0.00000000	     -0.00000000	 -12039.84534697
      0.33000000	   5654.57145423	      2.48274259	   2274.30267071	      0.00000000	      0.00000000	   -576.37059886	      0.00000000	      0.00000000	 -10992.20831791
      0.33100000	   6340.88739068	      0.00000000	   2088.85986329	      0.00000000	      0.00000000	   -546.19480022	      0.00000000	      0.00000000	 -11960.49432801
      0.33200000	   5022.80145881	      4.55263521	   2699.50748710	      0.00000000	      0.00000000	   -868.88449482	      0.00000000	      0.00000000	 -11645.66320620
      0.33300000	   5425.13044361	      5.07061067	   2065.71168062	      0.00000000	      0.00000000	   -690.84693666	     -0.00000000	     -0.00000000	 -11531.27184457
      0.33400000	   6752.44665986	      0.00000000	   2036.11813326	      0.00000000	      0.00000000	   -263.22735002	      0.00000000	      0.00000000	 -10577.46797366
      0.33500000	   6164.36489663	      0.00000000	   2686.17383698	      0.00000000	      0.00000000	   -556.33455420	     -0.00000000	     -0.00000000	 -11531.41561549
      0.33600000	   4640.48993212	      7.67656912	   2683.59984252	      0.00000000	      0.00000000	   -909.88199225	      0.00000000	     -0.00000000	 -11538.23971546
      0.33700000	   5078.08278397	      0.00000000	   2313.07448071	      0.00000000	      0.00000000	   -815.36942692	     -0.00000000	      0.00000000	 -11490.63079630
      0.33800000	   4201.13338954	      0.00000000	   2366.49584585	      0.00000000	      0.00000000	  -1076.88254087	     -0.00000000	     -0.00000000	 -11966.76045777
      0.33900000	   5491.54816660	     11.37839036	   2758.54796069	      0.00000000	      0.00000000	   -729.80342530	     -0.00000000	     -0.00000000	 -11536.58446259
      0.34000000	   6250.33048383	      0.00000000	   1882.79356118	      0.00000000	      0.00000000	   -501.69891853	     -0.00000000	     -0.00000000	 -11189.57516155
      0.34100000	   5299.02570554	      0.00000000	   2566.12649597	      0.00000000	      0.00000000	   -816.55085922	     -0.00000000	     -0.00000000	 -11839.55416375
      0.34200000	   4813.50389974	      4.74090094	   2619.05035951	      0.00000000	      0.00000000	   -913.94384879	      0.00000000	     -0.00000000	 -11765.66616736
      0.34300000	   6367.22108573	      3.43803788	   1995.59735614	      0.00000000	      0.00000000	   -358.05251155	     -0.00000000	     -0.00000000	 -10648.44169520
      0.34400000	   5786.07390850	      1.56486977	   2410.23101736	      0.00000000	      0.00000000	   -579.03021930	     -0.00000000	     -0.00000000	 -10778.83327005
      0.34500000	   3356.85817927	      0.00000000	   1959.69859343	      0.00000000	      0.00000000	  -1239.61353482	      0.00000000	     -0.00000000	 -12079.94674488
      0.34600000	   6471.83885512	      0.00000000	   2898.65878598	      0.00000000	      0.00000000	   -527.02019931	      0.00000000	      0.00000000	 -12055.10538220
      0.34700000	   5319.27530018	      1.83500529	   2270.30393333	      0.00000000	      0.00000000	   -834.11532593	      0.00000000	     -0.00000000	 -12074.31178930
      0.34800000	   6178.49773393	      9.60163138	   1764.07350525	      0.00000000	      0.00000000	   -458.72790813	      0.00000000	      0.00000000	 -11030.49010401
      0.34900000	   6926.97173598	      0.00000000	   2335.33762960	      0.00000000	      0.00000000	   -305.62111707	      0.00000000	     -0.00000000	 -11280.59124779
      0.35000000	   3313.02143041	      0.00000000	   2331.35967047	      0.00000000	      0.00000000	  -1196.64492784	      0.00000000	     -0.00000000	 -11854.67112035
      0.35100000	   5024.14300302	      6.70883994	   2513.95333078	      0.00000000	      0.00000000	   -842.86118628	      0.00000000	     -0.00000000	 -11536.45054301
      0.35200000	   6770.84054446	      0.00000000	   1818.33929172	      0.00000000	      0.00000000	   -423.87882422	      0.00000000	      0.00000000	 -11514.19739126
      0.35300000	   5916.96814569	      4.41933424	   2082.67518486	      0.00000000	      0.00000000	   -453.73700974	      0.00000000	      0.00000000	 -10830.80879769
      0.35400000	   4958.21732915	      0.00000000	   2686.93351151	      0.00000000	      0.00000000	   -830.60911007	      0.00000000	     -0.00000000	 -11530.02597479
      0.35500000	   6654.11478976	      0.00000000	   2820.55141219	      0.00000000	      0.00000000	   -477.59466146	     -0.00000000	      0.00000000	 -11789.68376966
      0.35600000	   4918.47716120	      3.17153538	   2630.37246422	      0.00000000	      0.00000000	   -877.19379395	     -0.00000000	     -0.00000000	 -11559.09340154
      0.35700000	   5442.41645155	      0.00000000	   2328.85496006	      0.00000000	      0.00000000	   -736.19903130	      0.00000000	      0.00000000	 -12084.62627134
      0.35800000	   6292.94352446	      6.07351367	   1897.11636058	      0.00000000	      0.00000000	   -481.79018827	     -0.00000000	      0.00000000	 -11330.43249322
      0.35900000	   5512.00094829	      0.00000000	   1746.72705746	      0.00000000	      0.00000000	   -586.07751313	     -0.00000000	      0.00000000	 -10746.30698718
      0.36000000	   4175.85196813	      2.35096948	   2379.15054958	      0.00000000	      0.00000000	  -1045.48691486	     -0.00000000	      0.00000000	 -11584.74461121
      0.36100000	   5943.44379733	      4.02487982	   2318.81678225	      0.00000000	      0.00000000	   -548.88143473	     -0.00000000	     -0.00000000	 -11103.84861178
      0.36200000	   7044.99817250	      0.00000000	   1966.05306970	      0.00000000	      0.00000000	   -246.78661543	     -0.00000000	      0.00000000	 -11041.10760126
      0.36300000	   5288.81142690	      0.00000000	   2526.53128286	      0.00000000	      0.00000000	   -837.90739086	     -0.00000000	     -0.00000000	 -11920.97239049
      0.36400000	   5834.85622135	      2.34457534	   2120.68158784	      0.00000000	      0.00000000	   -664.59071326	      0.00000000	      0.00000000	 -11538.01823059
      0.36500000	   4817.65986859	      4.06779317	   2392.99202200	      0.00000000	      0.00000000	   -924.31642108	     -0.00000000	     -0.00000000	 -12036.02236181
      0.36600000	   4578.57154248	      0.00000000	   2064.20672604	      0.00000000	      0.00000000	   -952.66259909	     -0.00000000	     -0.00000000	 -12085.80821477
      0.36700000	   4497.11687232	      0.00000000	   2439.06639300	      0.00000000	      0.00000000	   -950.39661903	     -0.00000000	     -0.00000000	 -11535.40351734
      0.36800000	   5932.02899104	      0.00000000	   1886.14588166	      0.00000000	      0.00000000	   -632.77075246	      0.00000000	      0.00000000	 -11449.90509708
      0.36900000	   4668.22773006	      0.00000000	   3017.92748707	      0.00000000	      0.00000000	   -915.41060801	     -0.00000000	     -0.00000000	 -11831.03695474
      0.37000000	   5471.08847458	      4.74150696	   2265.46192067	      0.00000000	      0.00000000	   -807.89399964	      0.00000000	     -0.00000000	 -12034.82907381
      0.37100000	   4607.31621128	      0.00000000	   2101.06039528	      0.00000000	      0.00000000	   -895.64962617	     -0.00000000	     -0.00000000	 -11582.63543324
      0.37200000	   6045.38460384	      6.24839767	   2540.71166696	      0.00000000	      0.00000000	   -658.81224755	     -0.00000000	     -0.00000000	 -11638.06323606
      0.37300000	   4939.26234093	      4.78802990	   2507.90397598	      0.00000000	      0.00000000	   -818.91808861	      0.00000000	      0.00000000	 -11246.92348767
      0.37400000	   3791.91611916	      0.00000000	   2856.20713805	      0.00000000	      0.00000000	  -1132.05757844	      0.00000000	      0.00000000	 -11968.06808340
      0.37500000	   3810.29698779	      0.00000000	   2978.53771307	      0.00000000	      0.00000000	  -1136.72754313	      0.00000000	      0.00000000	 -11947.22690776
      0.37600000	   5428.20771395	     11.52275954	   1988.92683117	      0.00000000	      0.00000000	   -782.24595160	     -0.00000000	     -0.00000000	 -12064.88958670
      0.37700000	   5275.35815484	      0.00000000	   2357.85107010	      0.00000000	      0.00000000	   -793.62090872	     -0.00000000	      0.00000000	 -11595.13303953
      0.37800000	   5151.72724953	      0.00000000	   2943.10576058	      0.00000000	      0.00000000	   -809.04096073	      0.00000000	      0.00000000	 -11379.93918527
      0.37900000	   4283.83034548	      6.96561682	   2032.10976604	      0.00000000	      0.00000000	   -942.62016955	      0.00000000	      0.00000000	 -11742.48778313
      0.38000000	   5115.54899217	      0.00000000	   2143.48863232	      0.00000000	      0.00000000	   -864.18702677	      0.00000000	      0.00000000	 -11545.06958295
      0.38100000	   6553.07746802	      4.94905357	   1762.71560640	      0.00000000	      0.00000000	   -376.52831847	     -0.00000000	     -0.00000000	 -11364.84446462
      0.38200000	   6104.81192913	      0.00000000	   2024.60222896	      0.00000000	      0.00000000	   -576.32805055	      0.00000000	      0.00000000	 -11533.51538525
      0.38300000	   3663.92881178	      0.00000000	   2487.59086130	      0.00000000	      0.00000000	  -1170.14521119	     -0.00000000	     -0.00000000	 -11882.28648204
      0.38400000	   4139.79306951	      5.23389193	   2788.10168284	      0.00000000	      0.00000000	  -1100.17607077	     -0.00000000	      0.00000000	 -12069.68809608
      0.38500000	   4823.39552057	      1.00066374	   1911.23673492	      0.00000000	      0.00000000	   -888.02197591	     -0.00000000	      0.00000000	 -11457.85739768
      0.38600000	   3863.28900568	      0.79073893	   2185.90725947	      0.00000000	      0.00000000	  -1131.55734646	      0.00000000	     -0.00000000	 -11634.23569218
      0.38700000	   4082.82757137	      4.41495826	   2206.71698948	      0.00000000	      0.00000000	  -1071.91748304	     -0.00000000	     -0.00000000	 -12015.35559678
      0.38800000	   4870.28782886	      0.00000000	   2432.72537537	      0.00000000	      0.00000000	   -883.34823129	     -0.00000000	     -0.00000000	 -11535.98253278
      0.38900000	   5995.04416879	      0.00000000	   2557.32125435	      0.00000000	      0.00000000	   -638.07045644	     -0.00000000	     -0.00000000	 -11960.94542971
      0.39000000	   6028.57817862	      0.00000000	   2086.04675339	      0.00000000	      0.00000000	   -509.21645420	     -0.00000000	      0.00000000	 -11088.63484681
      0.39100000	   6452.71500891	      0.00000000	   2869.67320759	      0.00000000	      0.00000000	   -502.60384854	     -0.00000000	     -0.00000000	 -11722.68346049
      0.39200000	   4616.74636711	      8.47379580	   2618.24910607	      0.00000000	      0.00000000	   -970.40623785	      0.00000000	     -0.00000000	 -11529.81523017
      0.39300000	   6894.13931532	      0.00000000	   2099.95971391	      0.00000000	      0.00000000	   -209.04559092	     -0.00000000	     -0.00000000	 -10963.49383838
      0.39400000	   4168.35655705	      0.00000000	   2644.48869518	      0.00000000	      0.00000000	  -1029.22685782	      0.00000000	     -0.00000000	 -11989.24452684
      0.39500000	   4846.53091506	      8.74258861	   2151.76648452	      0.00000000	      0.00000000	   -812.18486423	      0.00000000	      0.00000000	 -11514.64636400
      0.39600000	   5257.95642209	      2.90479761	   2574.85864573	      0.00000000	      0.00000000	   -782.69800377	      0.00000000	      0.00000000	 -11319.48240016
      0.39700000	   4718.51053437	      0.00000000	   2302.35271415	      0.00000000	      0.00000000	   -936.40344734	      0.00000000	      0.00000000	 -11797.16283747
      0.39800000	   3386.02354408	      0.00000000	   2695.74372601	      0.00000000	      0.00000000	  -1166.18210281	     -0.00000000	      0.00000000	 -11578.16983548
      0.39900000	   6106.08544320	      7.83797733	   2876.19761990	      0.00000000	      0.00000000	   -637.21420227	     -0.00000000	     -0.00000000	 -12088.18579795
      0.40000000	   7019.81931661	      2.96723969	   2538.51265967	      0.00000000	      0.00000000	   -220.30883841	     -0.00000000	      0.00000000	 -11163.76124561
      0.40100000	   3654.39553680	      0.00000000	   2900.46144799	      0.00000000	      0.00000000	  -1043.82825113	     -0.00000000	      0.00000000	 -11275.15755542
      0.40200000	   4186.36914724	      3.18542492	   2045.74361707	      0.00000000	      0.00000000	  -1081.12963581	      0.00000000	      0.00000000	 -12006.84749079
      0.40300000	   5654.26014617	      3.99711937	   2873.65986513	      0.00000000	      0.00000000	   -778.46637907	     -0.00000000	     -0.00000000	 -12059.50469242
      0.40400000	   6345.57166118	      0.00000000	   2244.12629389	      0.00000000	      0.00000000	   -589.03440444	     -0.00000000	     -0.00000000	 -11553.42904408
      0.40500000	   5648.14943753	      1.67727968	   2492.16676368	      0.00000000	      0.00000000	   -661.66915023	      0.00000000	     -0.00000000	 -11641.06797741
      0.40600000	   4475.57525229	     11.17811994	   1874.00059092	      0.00000000	      0.00000000	   -989.11395817	      0.00000000	      0.00000000	 -11531.10125503
      0.40700000	   4861.65279154	      0.00000000	   2286.72330027	      0.00000000	      0.00000000	   -846.85337320	     -0.00000000	     -0.00000000	 -11271.57831007
      0.40800000	   5841.66347200	      0.00000000	   2234.05527873	      0.00000000	      0.00000000	   -635.59475012	      0.00000000	      0.00000000	 -11736.79933722
      0.40900000	   5078.33657283	      5.86872209	   2407.97347574	      0.00000000	      0.00000000	   -833.27358349	      0.00000000	     -0.00000000	 -11520.83085053
      0.41000000	   4647.19328369	      1.14227348	   2922.01018754	      0.00000000	      0.00000000	   -970.60335150	     -0.00000000	      0.00000000	 -11643.39351782
      0.41100000	   5632.44053251	      0.00000000	   2804.80969277	      0.00000000	      0.00000000	   -693.55275923	     -0.00000000	     -0.00000000	 -12021.60407163
      0.41200000	   5305.62318516	      4.29460960	   2482.73154374	      0.00000000	      0.00000000	   -836.03963908	      0.00000000	      0.00000000	 -11934.09248334
      0.41300000	   5019.24983427	      4.20662736	   2084.71348583	      0.00000000	      0.00000000	   -864.83529387	      0.00000000	      0.00000000	 -11495.75589437
      0.41400000	   3680.77682076	      0.00000000	   2047.19988986	      0.00000000	      0.00000000	  -1080.57100414	     -0.00000000	     -0.00000000	 -11510.83267841
      0.41500000	   4697.84386301	      7.98798882	   2861.82562739	      0.00000000	      0.00000000	   -815.86180748	      0.00000000	     -0.00000000	 -11138.63625216
      0.41600000	   4432.37846680	      0.81658340	   2136.58473221	      0.00000000	      0.00000000	   -942.36855168	     -0.00000000	     -0.00000000	 -11388.38788042
      0.41700000	   5430.97454753	      3.14126139	   2510.49161729	      0.00000000	      0.00000000	   -712.06776170	     -0.00000000	      0.00000000	 -11531.44887194
      0.41800000	   5970.47102880	      0.00000000	   2138.29526296	      0.00000000	      0.00000000	   -690.93429242	     -0.00000000	     -0.00000000	 -12087.93552129
      0.41900000	   4354.82744499	      0.00000000	   2616.85333249	      0.00000000	      0.00000000	   -969.06992434	     -0.00000000	     -0.00000000	 -11539.63471096
      0.42000000	   6180.36499955	      5.28286432	   1877.85643064	      0.00000000	      0.00000000	   -496.85569314	      0.00000000	      0.00000000	 -11449.60219252
      0.42100000	   6025.97409009	      0.00000000	   2336.88632737	      0.00000000	      0.00000000	   -642.34715724	      0.00000000	     -0.00000000	 -11605.01665602
      0.42200000	   4541.81744087	      0.27829081	   2909.54184268	      0.00000000	      0.00000000	   -978.00542468	      0.00000000	      0.00000000	 -12049.57295616
      0.42300000	   6514.78710712	      1.25848195	   1794.44266206	      0.00000000	      0.00000000	   -361.75347273	      0.00000000	      0.00000000	 -11130.40655645
      0.42400000	   3615.88444243	      0.00000000	   2385.88784780	      0.00000000	      0.00000000	  -1194.20599040	     -0.00000000	     -0.00000000	 -11909.69523702
      0.42500000	   4404.84073564	      2.10762698	   2517.39605723	      0.00000000	      0.00000000	   -980.31446000	     -0.00000000	      0.00000000	 -11773.28693704
      0.42600000	   4919.97334483	      0.00000000	   2281.60329410	      0.00000000	      0.00000000	   -885.86094877	     -0.00000000	      0.00000000	 -12069.43256751
      0.42700000	   3655.65632305	      0.00000000	   1992.42653822	      0.00000000	      0.00000000	  -1064.45785079	     -0.00000000	     -0.00000000	 -11208.50392617
      0.42800000	   6191.43924926	      7.22741193	   2065.60961851	      0.00000000	      0.00000000	   -646.28554611	      0.00000000	      0.00000000	 -12016.05953224
      0.42900000	   4055.45700345	      3.49747348	   2619.98319724	      0.00000000	      0.00000000	  -1096.08727650	      0.00000000	      0.00000000	 -11665.66960450
      0.43000000	   6075.96671886	      1.09982813	   2031.12431205	      0.00000000	      0.00000000	   -594.73002316	      0.00000000	      0.00000000	 -11487.05487912
      0.43100000	   5066.05032369	      2.68602829	   2492.50266164	      0.00000000	      0.00000000	   -820.51357311	      0.00000000	      0.00000000	 -11521.31417622
      0.43200000	   5300.08621511	      1.39963856	   2315.42099823	      0.00000000	      0.00000000	   -699.25670743	      0.00000000	     -0.00000000	 -11534.41383167
      0.43300000	   4749.64293780	      0.00000000	   2860.11349853	      0.00000000	      0.00000000	   -961.70135525	      0.00000000	     -0.00000000	 -11897.52059839
      0.43400000	   5074.90785580	      0.00000000	   2425.83275049	      0.00000000	      0.00000000	   -879.28194297	     -0.00000000	     -0.00000000	 -12000.36121956
      0.43500000	   5597.17265363	      8.16695656	   2522.73795440	      0.00000000	      0.00000000	   -779.29373168	     -0.00000000	     -0.00000000	 -12083.43263307
      0.43600000	   5131.16370924	      0.00000000	   1888.62437277	      0.00000000	      0.00000000	   -853.56045493	     -0.00000000	     -0.00000000	 -11537.67262786
      0.43700000	   5104.82371423	      0.00000000	   2183.39638412	      0.00000000	      0.00000000	   -806.16543052	      0.00000000	     -0.00000000	 -11781.04515235
      0.43800000	   4919.51876654	      6.38713156	   2620.10757125	      0.00000000	      0.00000000	   -736.51693897	     -0.00000000	     -0.00000000	 -10791.41022745
      0.43900000	   3522.89146875	      1.76320561	   2820.64619536	      0.00000000	      0.00000000	  -1118.22789989	      0.00000000	     -0.00000000	 -11399.87261767
      0.44000000	   4751.14277216	      3.24772211	   2764.65018997	      0.00000000	      0.00000000	   -831.80464956	     -0.00000000	      0.00000000	 -11000.35983077
      0.44100000	   5319.04588599	      1.03077141	   2223.68178493	      0.00000000	      0.00000000	   -799.82065934	     -0.00000000	     -0.00000000	 -12045.88065217
      0.44200000	   4215.36346394	      0.00000000	   2490.51376681	      0.00000000	      0.00000000	  -1012.59018220	      0.00000000	      0.00000000	 -11725.43392737
      0.44300000	   4303.25050421	      1.93642535	   1986.20256693	      0.00000000	      0.00000000	   -987.80021394	      0.00000000	      0.00000000	 -11957.31535628
      0.44400000	   2964.30168239	      1.50802790	   2557.96906672	      0.00000000	      0.00000000	  -1221.97292229	      0.00000000	      0.00000000	 -11490.51202290
      0.44500000	   5293.25236977	      3.92910439	   1939.17494936	      0.00000000	      0.00000000	   -729.07253002	     -0.00000000	      0.00000000	 -11536.94884623
      0.44600000	   5477.17612084	      0.00000000	   2324.59048007	      0.00000000	      0.00000000	   -762.47069817	     -0.00000000	      0.00000000	 -11538.77468656
      0.44700000	   4276.41555358	      3.27090152	   2864.16489271	      0.00000000	      0.00000000	  -1005.95924650	     -0.00000000	     -0.00000000	 -11581.20569665
      0.44800000	   5944.59358900	      0.00000000	   2124.69474040	      0.00000000	      0.00000000	   -638.53272533	      0.00000000	     -0.00000000	 -11422.19071756
      0.44900000	   5812.82711459	      1.29968549	   2807.65297668	      0.00000000	      0.00000000	   -711.26736520	     -0.00000000	      0.00000000	 -11759.71091512
      0.45000000	   5251.91408525	      0.00000000	   2613.02913382	      0.00000000	      0.00000000	   -753.86764080	      0.00000000	      0.00000000	 -11339.90548945
      0.45100000	   3998.23276873	      0.00000000	   2963.96569223	      0.00000000	      0.00000000	  -1023.10628816	     -0.00000000	     -0.00000000	 -11516.62377630
      0.45200000	   4182.51580132	      0.00000000	   2849.30885386	      0.00000000	      0.00000000	  -1040.10807754	     -0.00000000	     -0.00000000	 -11872.22422466
      0.45300000	   3245.84444239	      0.00000000	   2589.60710518	      0.00000000	      0.00000000	  -1083.69083973	     -0.00000000	     -0.00000000	 -10561.28021468
      0.45400000	   4789.94553643	      6.94831422	   2313.75279234	      0.00000000	      0.00000000	   -943.40856208	      0.00000000	     -0.00000000	 -12087.69796929
      0.45500000	   6274.34760014	      0.11923356	   2932.91071694	      0.00000000	      0.00000000	   -521.31379193	      0.00000000	      0.00000000	 -11743.23763876
      0.45600000	   6034.56870722	      8.82935118	   1957.14932434	      0.00000000	      0.00000000	   -614.99398893	     -0.00000000	     -0.00000000	 -11531.99126473
      0.45700000	   6124.41003309	      0.00000000	   2018.88304310	      0.00000000	      0.00000000	   -552.55899255	     -0.00000000	      0.00000000	 -11536.58695241
      0.45800000	   3293.36962317	      0.00000000	   2735.95337806	      0.00000000	      0.00000000	  -1214.62272934	      0.00000000	      0.00000000	 -11705.71285203
      0.45900000	   5865.38962311	      2.85308208	   2302.73920172	      0.00000000	      0.00000000	   -687.22254352	      0.00000000	     -0.00000000	 -12040.62153132
      0.46000000	   6205.65575821	      0.00000000	   2329.15242602	      0.00000000	      0.00000000	   -610.57712932	      0.00000000	      0.00000000	 -11986.17702209
      0.46100000	   3985.21799208	      0.00000000	   2688.47265279	      0.00000000	      0.00000000	   -933.92981878	      0.00000000	      0.00000000	 -10773.34990870
      0.46200000	   4631.19284084	      9.55129955	   2475.00733495	      0.00000000	      0.00000000	   -832.91011567	     -0.00000000	     -0.00000000	 -10837.96084908
      0.46300000	   4975.49392313	      6.38351062	   2411.61617624	      0.00000000	      0.00000000	   -876.87113038	     -0.00000000	      0.00000000	 -11565.76126914
      0.46400000	   4347.25644081	      0.00000000	   2438.61817856	      0.00000000	      0.00000000	   -995.10000064	     -0.00000000	      0.00000000	 -11496.21139980
      0.46500000	   3988.60082961	      2.25425711	   2077.25884098	      0.00000000	      0.00000000	  -1113.18387497	     -0.00000000	      0.00000000	 -11640.44757974
      0.46600000	   4574.51104346	      0.00000000	   1912.91092185	      0.00000000	      0.00000000	   -946.01133925	      0.00000000	      0.00000000	 -12048.39893836
      0.46700000	   4813.67982662	      4.48445855	   2446.42194401	      0.00000000	      0.00000000	   -908.26671511	     -0.00000000	      0.00000000	 -11534.37717567
      0.46800000	   4301.59730727	      0.00000000	   2272.31902395	      0.00000000	      0.00000000	   -957.73175900	     -0.00000000	      0.00000000	 -11530.10513164
      0.46900000	   4945.06280072	      0.00000000	   2772.24359361	      0.00000000	      0.00000000	   -747.44595864	      0.00000000	      0.00000000	 -11037.39802521
      0.47000000	   5489.44663743	      4.46939105	   2126.62963010	      0.00000000	      0.00000000	   -732.59842744	     -0.00000000	     -0.00000000	 -11230.97444254
      0.47100000	   4848.89936426	      1.93497942	   2899.20569928	      0.00000000	      0.00000000	   -856.85353250	      0.00000000	      0.00000000	 -11642.42921119
      0.47200000	   4655.22633683	      0.00000000	   1948.38819756	      0.00000000	      0.00000000	   -948.72655267	      0.00000000	      0.00000000	 -11908.20884222
      0.47300000	   5033.12998287	      3.78079357	   2082.65951010	      0.00000000	      0.00000000	   -894.73980369	     -0.00000000	      0.00000000	 -11646.33937279
      0.47400000	   3995.40468529	      0.00000000	   2073.18280239	      0.00000000	      0.00000000	  -1067.73879499	      0.00000000	      0.00000000	 -11441.87474538
      0.47500000	   4535.51087366	      1.20518864	   2482.50748990	      0.00000000	      0.00000000	  -1020.52249578	     -0.00000000	      0.00000000	 -11961.12801437
      0.47600000	   4813.05909419	      7.29814211	   2694.30913255	      0.00000000	      0.00000000	   -936.72244327	      0.00000000	      0.00000000	 -11924.25587442
      0.47700000	   6494.29471929	      0.00000000	   2096.61499252	      0.00000000	      0.00000000	   -455.96808258	     -0.00000000	     -0.00000000	 -11592.68645645
      0.47800000	   5377.24586356	      0.00000000	   2958.67057134	      0.00000000	      0.00000000	   -811.04646694	     -0.00000000	      0.00000000	 -12087.68744447
      0.47900000	   5603.38861002	      1.26075730	   2627.60902994	      0.00000000	      0.00000000	   -685.85609084	      0.00000000	      0.00000000	 -11844.82021456
      0.48000000	   4188.33473924	      1.73953686	   1928.85670680	      0.00000000	      0.00000000	  -1041.87449375	      0.00000000	     -0.00000000	 -11532.95175605
      0.48100000	   4891.56188627	      0.00000000	   2397.76124425	      0.00000000	      0.00000000	   -870.75628335	      0.00000000	      0.00000000	 -11615.11513822
      0.48200000	   4343.13426158	      4.13972318	   1766.76957839	      0.00000000	      0.00000000	   -819.01574606	      0.00000000	     -0.00000000	 -10180.99709872
      0.48300000	   3977.66789115	      0.00000000	   2700.02854170	      0.00000000	      0.00000000	  -1107.18686357	     -0.00000000	     -0.00000000	 -12077.62896286
      0.48400000	   4630.49064925	      5.31236822	   2134.19150221	      0.00000000	      0.00000000	   -876.10967089	      0.00000000	     -0.00000000	 -11040.90297560
      0.48500000	   3851.58628849	      5.32273350	   2419.37985566	      0.00000000	      0.00000000	  -1116.24486414	      0.00000000	      0.00000000	 -11530.66069785
      0.48600000	   4649.64684804	      0.00000000	   1896.94993308	      0.00000000	      0.00000000	   -941.29861957	      0.00000000	      0.00000000	 -11640.46318792
      0.48700000	   3423.30361500	      2.54691743	   2125.52420727	      0.00000000	      0.00000000	   -994.02529285	     -0.00000000	     -0.00000000	 -10535.94022713
      0.48800000	   6168.04232363	      4.56167596	   2100.94314186	      0.00000000	      0.00000000	   -642.04915644	     -0.00000000	     -0.00000000	 -11941.44799503
      0.48900000	   4907.39835160	      3.14194590	   2191.84035495	      0.00000000	      0.00000000	   -859.05491807	     -0.00000000	     -0.00000000	 -11541.08141690
      0.49000000	   4830.98059245	      0.00000000	   2812.14467278	      0.00000000	      0.00000000	   -911.81266664	      0.00000000	      0.00000000	 -11622.62898199
      0.49100000	   3972.17911678	      2.22990966	   2810.33017761	      0.00000000	      0.00000000	  -1116.23913931	     -0.00000000	      0.00000000	 -11867.07245620
      0.49200000	   5583.08332861	      0.00000000	   2953.61974337	      0.00000000	      0.00000000	   -812.40933664	     -0.00000000	     -0.00000000	 -12068.47630628
      0.49300000	   5266.57175935	      8.45158436	   2759.35758902	      0.00000000	      0.00000000	   -774.17670085	      0.00000000	      0.00000000	 -11324.26783914
      0.49400000	   4290.66324799	      3.81043640	   2266.44466182	      0.00000000	      0.00000000	  -1049.83540524	     -0.00000000	     -0.00000000	 -11530.43657249
      0.49500000	   3436.55446976	      0.00000000	   2243.04968716	      0.00000000	      0.00000000	  -1086.27014150	     -0.00000000	     -0.00000000	 -11188.67254432
      0.49600000	   4825.80589368	      0.00000000	   2460.29004123	      0.00000000	      0.00000000	   -933.93889470	      0.00000000	     -0.00000000	 -11720.91028546
      0.49700000	   3744.98584424	      3.84584662	   1941.24054301	      0.00000000	      0.00000000	   -950.98412491	      0.00000000	      0.00000000	 -10730.87878818
      0.49800000	   4810.89334757	      2.20205950	   2571.86928878	      0.00000000	      0.00000000	   -858.58413006	     -0.00000000	     -0.00000000	 -11514.35472036
      0.49900000	   3805.02173616	      0.00000000	   2384.45147920	      0.00000000	      0.00000000	  -1167.13491428	     -0.00000000	      0.00000000	 -12016.62731187
      0.50000000	   4264.17677138	      0.32658687	   2998.87485191	      0.00000000	      0.00000000	   -895.00185423	      0.00000000	      0.00000000	 -10907.32003013
      0.50100000	   5343.76398167	      0.00000000	   1837.24498534	      0.00000000	      0.00000000	   -718.95255614	      0.00000000	     -0.00000000	 -11123.97509158
      0.50200000	   3970.60369096	      3.70348755	   2122.54560063	      0.00000000	      0.00000000	   -897.92217546	      0.00000000	     -0.00000000	 -10149.16825645
      0.50300000	   3614.59820234	      0.00000000	   2649.24656672	      0.00000000	      0.00000000	  -1096.68936878	      0.00000000	      0.00000000	 -11705.69616040
      0.50400000	   5730.56260173	      0.00000000	   2934.98755817	      0.00000000	      0.00000000	   -639.09458506	     -0.00000000	      0.00000000	 -11471.97636473
      0.50500000	   4134.24764294	      6.61231706	   2306.39222038	      0.00000000	      0.00000000	   -998.65670817	      0.00000000	     -0.00000000	 -11277.96054006
      0.50600000	   3704.44743583	      1.90395602	   2116.24829942	      0.00000000	      0.00000000	  -1188.66308361	     -0.00000000	      0.00000000	 -12016.45492880
      0.50700000	   5638.69076970	      0.00000000	   2535.23778241	      0.00000000	      0.00000000	   -722.83517542	      0.00000000	      0.00000000	 -12087.96432043
      0.50800000	   2726.07785927	      0.00000000	   1857.46478144	      0.00000000	      0.00000000	  -1148.50688157	     -0.00000000	     -0.00000000	 -10641.73315176
      0.50900000	   4166.92004211	      2.57909985	   2153.14879617	      0.00000000	      0.00000000	   -896.81888676	     -0.00000000	      0.00000000	 -10263.92222828
      0.51000000	   3752.41585325	     13.50223138	   2018.73818014	      0.00000000	      0.00000000	  -1149.50768141	     -0.00000000	     -0.00000000	 -11639.50067867
      0.51100000	   5738.65255646	      0.00000000	   2084.03325893	      0.00000000	      0.00000000	   -739.44259359	      0.00000000	      0.00000000	 -12064.44962509
      0.51200000	   4060.77413298	      8.40963398	   2057.16729279	      0.00000000	      0.00000000	   -868.24981003	     -0.00000000	     -0.00000000	  -9915.66494289
      0.51300000	   4383.54199040	      1.43098415	   2344.69684036	      0.00000000	      0.00000000	   -962.50468788	      0.00000000	      0.00000000	 -11533.12576383
      0.51400000	   3336.77385776	      0.00000000	   2813.47527925	      0.00000000	      0.00000000	  -1105.39678170	     -0.00000000	     -0.00000000	 -10962.90531725
      0.51500000	   5321.46776828	     11.26633819	   2457.42562783	      0.00000000	      0.00000000	   -795.22207835	     -0.00000000	      0.00000000	 -11931.92155788
      0.51600000	   4838.83971077	      0.00000000	   2799.10408317	      0.00000000	      0.00000000	   -880.49555425	      0.00000000	      0.00000000	 -11557.61413996
      0.51700000	   4403.60644890	      7.09741853	   3027.26467517	      0.00000000	      0.00000000	  -1017.47633593	      0.00000000	      0.00000000	 -11962.27711618
      0.51800000	   6016.55030605	      0.00000000	   2632.58153169	      0.00000000	      0.00000000	   -590.50128421	      0.00000000	     -0.00000000	 -11532.43434413
      0.51900000	   3898.92041734	      0.00000000	   2652.32847504	      0.00000000	      0.00000000	  -1094.57910474	      0.00000000	      0.00000000	 -11748.45003709
      0.52000000	   2578.13550393	      5.99412595	   2535.87948784	      0.00000000	      0.00000000	  -1203.53194149	     -0.00000000	      0.00000000	 -10728.21192908
      0.52100000	   5973.66167265	      8.31936774	   2845.78444960	      0.00000000	      0.00000000	   -610.12273045	      0.00000000	     -0.00000000	 -11582.88638182
      0.52200000	   4747.03280383	      0.00000000	   2652.23170373	      0.00000000	      0.00000000	   -958.99178394	     -0.00000000	     -0.00000000	 -11530.05833719
      0.52300000	   4765.10487280	      0.00000000	   1989.50266690	      0.00000000	      0.00000000	   -939.19281888	      0.00000000	      0.00000000	 -11889.68979737
      0.52400000	   3798.07860953	      8.55074072	   2545.11205612	      0.00000000	      0.00000000	  -1127.52467643	     -0.00000000	      0.00000000	 -12067.29497389
      0.52500000	   5632.52151000	      0.00000000	   2137.11811443	      0.00000000	      0.00000000	   -662.01559298	      0.00000000	      0.00000000	 -11716.10604181
      0.52600000	   3829.84208503	      0.00000000	   1919.34914134	      0.00000000	      0.00000000	   -932.42800132	      0.00000000	      0.00000000	 -10188.73233323
      0.52700000	   2262.66398954	      7.50411407	   1864.03675308	      0.00000000	      0.00000000	  -1092.80846875	     -0.00000000	      0.00000000	  -9670.86766981
      0.52800000	   4164.64188407	      1.34013332	   2543.12110502	      0.00000000	      0.00000000	  -1096.86868549	      0.00000000	     -0.00000000	 -11723.97438147
      0.52900000	   4538.54989929	      6.98657139	   2290.96754838	      0.00000000	      0.00000000	  -1020.11454675	     -0.00000000	     -0.00000000	 -11611.67028614
      0.53000000	   3720.44557498	      0.00000000	   2762.44032935	      0.00000000	      0.00000000	  -1113.57110172	     -0.00000000	      0.00000000	 -11530.18897029
      0.53100000	   4953.89918896	      0.00000000	   2797.38648052	      0.00000000	      0.00000000	   -780.77112567	     -0.00000000	     -0.00000000	 -10883.87234862
      0.53200000	   5534.75265476	      0.00000000	   2781.55515833	      0.00000000	      0.00000000	   -747.86327436	     -0.00000000	      0.00000000	 -11947.94059424
      0.53300000	   3060.58942601	      0.00000000	   2174.83782638	      0.00000000	      0.00000000	  -1164.99010473	     -0.00000000	     -0.00000000	 -11102.00538453
      0.53400000	   4619.13510732	      9.53461056	   1982.81839560	      0.00000000	      0.00000000	   -871.25373153	      0.00000000	      0.00000000	 -11328.01159385
      0.53500000	   3564.04091486	      0.00000000	   2313.08467212	      0.00000000	      0.00000000	  -1208.28841532	     -0.00000000	      0.00000000	 -11765.29494774
      0.53600000	   5325.33749728	      3.12854478	   2625.82504603	      0.00000000	      0.00000000	   -787.73761345	      0.00000000	     -0.00000000	 -11793.31845393
      0.53700000	   3440.13117138	      2.42756331	   1927.85929670	      0.00000000	      0.00000000	  -1170.57971343	     -0.00000000	     -0.00000000	 -11619.35908323
      0.53800000	   3116.85883847	      0.00000000	   2157.04383352	      0.00000000	      0.00000000	  -1268.77782340	     -0.00000000	      0.00000000	 -12021.78916756
      0.53900000	   5014.88492827	      5.75487473	   2727.62616284	      0.00000000	      0.00000000	   -805.46188517	     -0.00000000	      0.00000000	 -10757.19352869
      0.54000000	   4199.68745335	      0.00000000	   1958.15359469	      0.00000000	      0.00000000	  -1010.26881580	      0.00000000	      0.00000000	 -12076.36918789
      0.54100000	   3911.33266718	      0.00000000	   2893.78792477	      0.00000000	      0.00000000	   -827.82404678	     -0.00000000	     -0.00000000	  -9924.31013271
      0.54200000	   5366.62857087	      7.25161876	   2416.51520980	      0.00000000	      0.00000000	   -835.44281124	      0.00000000	     -0.00000000	 -12085.15016509
      0.54300000	   3599.51888192	      0.00000000	   2097.87411607	      0.00000000	      0.00000000	   -943.78587939	     -0.00000000	      0.00000000	 -10288.35633414
      0.54400000	   3396.38830124	      4.27112635	   1742.79266822	      0.00000000	      0.00000000	  -1027.36357576	     -0.00000000	     -0.00000000	 -10425.95583510
      0.54500000	   5230.31750944	      2.71966131	   2695.21996564	      0.00000000	      0.00000000	   -833.93551379	     -0.00000000	     -0.00000000	 -11894.96569325
      0.54600000	   5700.39641538	      3.31676819	   2403.61484557	      0.00000000	      0.00000000	   -664.76313761	     -0.00000000	      0.00000000	 -11541.36834311
      0.54700000	   5817.68722918	      5.25577609	   2405.18141964	      0.00000000	      0.00000000	   -683.37933231	     -0.00000000	     -0.00000000	 -11577.69260048
      0.54800000	   5653.35090030	      0.00000000	   2772.53808295	      0.00000000	      0.00000000	   -700.28940384	      0.00000000	     -0.00000000	 -12063.35094092
      0.54900000	   4455.05311770	      0.79867928	   2651.19782628	      0.00000000	      0.00000000	   -963.48897063	      0.00000000	     -0.00000000	 -11441.14429160
      0.55000000	   4684.67171917	      4.99250159	   2971.61160967	      0.00000000	      0.00000000	   -910.57577558	      0.00000000	      0.00000000	 -11963.29916820
      0.55100000	   4034.75511559	      0.00000000	   2782.54697702	      0.00000000	      0.00000000	  -1119.72876975	      0.00000000	      0.00000000	 -11976.96213676
      0.55200000	   3231.98611100	      9.37065091	   2245.57350681	      0.00000000	      0.00000000	  -1176.76905996	     -0.00000000	     -0.00000000	 -11700.70607672
      0.55300000	   4139.01145921	      0.00000000	   2181.45137928	      0.00000000	      0.00000000	  -1109.01280241	     -0.00000000	     -0.00000000	 -11758.61507793
      0.55400000	   4905.80705505	      0.00000000	   2761.28990986	      0.00000000	      0.00000000	   -882.44205702	      0.00000000	      0.00000000	 -12013.16805994
      0.55500000	   5491.00871739	      0.00000000	   1945.79620950	      0.00000000	      0.00000000	   -786.76406893	      0.00000000	     -0.00000000	 -11865.06385373
      0.55600000	   3928.33953176	      0.00000000	   1919.75116964	      0.00000000	      0.00000000	   -912.88133761	     -0.00000000	     -0.00000000	 -10085.47116516
      0.55700000	   5281.55273215	     12.28257202	   2509.64466606	      0.00000000	      0.00000000	   -714.98987955	      0.00000000	      0.00000000	 -10963.51441434
      0.55800000	   3666.49016723	      1.50298031	   2320.05296320	      0.00000000	      0.00000000	  -1152.34907306	     -0.00000000	      0.00000000	 -11829.93272692
      0.55900000	   4155.58573309	      0.00000000	   2976.15893911	      0.00000000	      0.00000000	  -1024.22918254	     -0.00000000	      0.00000000	 -11943.00843658
      0.56000000	   4823.45186006	      0.00000000	   2760.32711910	      0.00000000	      0.00000000	   -895.04843811	     -0.00000000	     -0.00000000	 -11604.14715883
      0.56100000	   3354.42681133	      0.00000000	   2590.01345015	      0.00000000	      0.00000000	  -1010.92135579	     -0.00000000	      0.00000000	 -10431.99908587
      0.56200000	   4592.39082593	      4.22769971	   1915.47415780	      0.00000000	      0.00000000	   -806.10736737	     -0.00000000	      0.00000000	 -10264.36239256
      0.56300000	   3490.12948744	      0.00000000	   2605.61519883	      0.00000000	      0.00000000	   -928.40989021	     -0.00000000	     -0.00000000	  -9758.69467275
      0.56400000	   4959.23595279	      4.60595304	   2716.86843194	      0.00000000	      0.00000000	   -909.16440664	     -0.00000000	      0.00000000	 -12077.45728247
      0.56500000	   5423.14476557	      2.19031864	   2948.31043971	      0.00000000	      0.00000000	   -785.10051171	      0.00000000	     -0.00000000	 -12085.16730197
      0.56600000	   3421.31491880	      0.00000000	   2053.38927836	      0.00000000	      0.00000000	  -1240.65124561	     -0.00000000	     -0.00000000	 -12058.45873760
      0.56700000	   4120.15207215	      4.51193692	   1876.52948706	      0.00000000	      0.00000000	   -971.95305748	     -0.00000000	     -0.00000000	 -11365.05101737
      0.56800000	   3951.25712505	      0.00000000	   1948.64126248	      0.00000000	      0.00000000	  -1070.79390807	      0.00000000	      0.00000000	 -11601.10627185
      0.56900000	   3452.80353331	      0.00000000	   2338.70978006	      0.00000000	      0.00000000	   -898.40422439	     -0.00000000	     -0.00000000	  -9447.23481131
      0.57000000	   5538.43681644	      6.10851890	   2358.02267527	      0.00000000	      0.00000000	   -690.48206028	      0.00000000	      0.00000000	 -10915.74819113
      0.57100000	   2914.66191582	      0.00000000	   2178.11267535	      0.00000000	      0.00000000	  -1125.38237448	     -0.00000000	     -0.00000000	 -10554.95486859
      0.57200000	   4853.07160372	      0.00000000	   2477.32356288	      0.00000000	      0.00000000	   -809.22249868	     -0.00000000	     -0.00000000	 -11253.07937507
      0.57300000	   2625.99005983	      6.21107318	   2027.99059035	      0.00000000	      0.00000000	  -1018.50831035	     -0.00000000	      0.00000000	  -9545.40107264
      0.57400000	   4756.67787882	      9.78045623	   2808.23278882	      0.00000000	      0.00000000	   -938.51541625	      0.00000000	      0.00000000	 -11566.30506491
      0.57500000	   4777.78490545	      0.00000000	   2375.35688260	      0.00000000	      0.00000000	   -930.12514859	     -0.00000000	     -0.00000000	 -11554.48757231
      0.57600000	   3714.91650407	      0.00000000	   2528.16967709	      0.00000000	      0.00000000	   -949.06325288	      0.00000000	     -0.00000000	 -10429.37058744
      0.57700000	   5800.42818940	      2.50921807	   2229.69020481	      0.00000000	      0.00000000	   -699.23102474	     -0.00000000	     -0.00000000	 -12025.34983909
      0.57800000	   3397.22528220	      0.00000000	   2465.77642283	      0.00000000	      0.00000000	  -1099.05759376	      0.00000000	      0.00000000	 -11449.65324537
      0.57900000	   4197.98557966	      0.00000000	   2982.60754285	      0.00000000	      0.00000000	  -1056.74630062	      0.00000000	     -0.00000000	 -11951.23120466
      0.58000000	   4404.71854974	      0.00000000	   1942.45576697	      0.00000000	      0.00000000	   -977.91996903	      0.00000000	      0.00000000	 -11374.26748127
      0.58100000	   4683.58209675	      6.70360358	   2702.92918973	      0.00000000	      0.00000000	   -732.89407691	     -0.00000000	     -0.00000000	  -9697.94957901
      0.58200000	   5303.06239729	      7.17698940	   2539.14676914	      0.00000000	      0.00000000	   -816.74251276	      0.00000000	      0.00000000	 -12086.41174777
      0.58300000	   3103.27963461	      0.00000000	   2325.17797424	      0.00000000	      0.00000000	  -1135.10926397	     -0.00000000	      0.00000000	 -11234.21957048
      0.58400000	   3868.59498535	      8.46202084	   1673.58052031	      0.00000000	      0.00000000	   -825.79882491	      0.00000000	      0.00000000	  -9268.00489368
      0.58500000	   5633.56296552	      5.99221811	   1874.26910373	      0.00000000	      0.00000000	   -773.39081163	     -0.00000000	     -0.00000000	 -11593.79208899
      0.58600000	   4819.35059343	      0.00000000	   2302.32918316	      0.00000000	      0.00000000	   -917.36383699	     -0.00000000	      0.00000000	 -11858.90713334
      0.58700000	   5235.52215761	      2.21102093	   2795.08344117	      0.00000000	      0.00000000	   -801.49261927	     -0.00000000	     -0.00000000	 -12086.56459466
      0.58800000	   4444.96332321	      3.56868826	   2767.82167033	      0.00000000	      0.00000000	   -983.76736204	      0.00000000	     -0.00000000	 -12035.69023845
      0.58900000	   3593.89330903	      1.35805458	   2416.59741103	      0.00000000	      0.00000000	  -1207.76014296	     -0.00000000	     -0.00000000	 -11969.87159606
      0.59000000	   3572.42182972	      1.02737018	   2863.86753178	      0.00000000	      0.00000000	  -1211.76783338	     -0.00000000	     -0.00000000	 -11639.44211148
      0.59100000	   4898.15811709	      1.46414781	   2266.75404213	      0.00000000	      0.00000000	   -900.73014861	     -0.00000000	     -0.00000000	 -11920.18757077
      0.59200000	   2865.16790225	      0.00000000	   2677.03762391	      0.00000000	      0.00000000	  -1200.14361043	     -0.00000000	     -0.00000000	 -10975.77185421
      0.59300000	   4483.60933796	      0.00000000	   2432.04314177	      0.00000000	      0.00000000	   -777.90951148	      0.00000000	      0.00000000	 -10238.07456774
      0.59400000	   2805.62643880	      6.71231421	   1939.30960163	      0.00000000	      0.00000000	  -1143.29936161	     -0.00000000	     -0.00000000	 -10546.19636622
      0.59500000	   4444.30549987	      1.50124972	   2084.18701714	      0.00000000	      0.00000000	   -992.16166528	     -0.00000000	     -0.00000000	 -11724.90506820
      0.59600000	   4012.12040556	      0.00000000	   1995.80702104	      0.00000000	      0.00000000	   -974.15301440	     -0.00000000	      0.00000000	 -10874.02022933
      0.59700000	   4685.89398257	      1.86202369	   2974.79953056	      0.00000000	      0.00000000	   -931.26113521	     -0.00000000	      0.00000000	 -11647.87655718
      0.59800000	   2751.47622378	      0.00000000	   2123.29175006	      0.00000000	      0.00000000	  -1013.98393280	     -0.00000000	     -0.00000000	  -9643.29565921
      0.59900000	   2208.29702656	      5.87114202	   2439.29187516	      0.00000000	      0.00000000	   -998.83687738	     -0.00000000	     -0.00000000	  -9088.66166688
      0.60000000	   3645.98979125	      0.88928437	   2042.08183610	      0.00000000	      0.00000000	   -945.39701593	      0.00000000	      0.00000000	 -10006.61739559
      0.60100000	   3098.35608304	      0.00000000	   2727.69661574	      0.00000000	      0.00000000	   -945.93898690	      0.00000000	      0.00000000	  -9666.09748042
      0.60200000	   4020.93997347	      0.00000000	   2351.63820594	      0.00000000	      0.00000000	   -891.55708496	     -0.00000000	     -0.00000000	  -9887.01452458
      0.60300000	   2860.78418253	      6.23698101	   2628.97889391	      0.00000000	      0.00000000	   -995.89271953	      0.00000000	      0.00000000	  -9482.16598722
      0.60400000	   4629.04171137	      4.39967214	   2077.20722018	      0.00000000	      0.00000000	   -966.05592187	     -0.00000000	      0.00000000	 -11736.73447538
      0.60500000	   4913.26820894	      0.00000000	   2399.97014324	      0.00000000	      0.00000000	   -885.90594412	      0.00000000	      0.00000000	 -12087.29538181
      0.60600000	   3358.52944389	      2.73218089	   2411.39869688	      0.00000000	      0.00000000	  -1222.72629493	     -0.00000000	     -0.00000000	 -12008.98465685
      0.60700000	   4614.77230296	      0.00000000	   2732.31632372	      0.00000000	      0.00000000	   -932.62035082	     -0.00000000	      0.00000000	 -12062.51746412
      0.60800000	   4427.76945114	      0.00000000	   2172.30034289	      0.00000000	      0.00000000	  -1061.88133319	      0.00000000	     -0.00000000	 -11876.52340767
      0.60900000	   5183.51444957	      0.00000000	   2256.71020243	      0.00000000	      0.00000000	   -821.58075606	      0.00000000	      0.00000000	 -11982.28621100
      0.61000000	   4309.71616254	      3.05849084	   1861.32518145	      0.00000000	      0.00000000	   -884.44095055	     -0.00000000	     -0.00000000	 -10435.21425980
      0.61100000	   5031.33947212	      6.53081254	   1921.03210339	      0.00000000	      0.00000000	   -840.07426141	      0.00000000	      0.00000000	 -11663.69990755
      0.61200000	   3700.94058405	      0.00000000	   2015.27701827	      0.00000000	      0.00000000	  -1056.97328121	      0.00000000	      0.00000000	 -11100.68058606
      0.61300000	   4295.22056828	      0.00000000	   2682.36497635	      0.00000000	      0.00000000	  -1013.49516551	      0.00000000	     -0.00000000	 -11622.38722481
      0.61400000	   4420.24081483	      6.08642617	   2537.92344110	      0.00000000	      0.00000000	   -961.41095722	      0.00000000	      0.00000000	 -11425.39338683
      0.61500000	   3205.74420886	      0.00000000	   2813.15087884	      0.00000000	      0.00000000	  -1130.52687714	      0.00000000	     -0.00000000	 -10769.37807818
      0.61600000	   2411.99128331	      0.00000000	   2657.94528313	      0.00000000	      0.00000000	   -971.74613714	      0.00000000	      0.00000000	  -8910.08124019
      0.61700000	   5077.72120093	     12.44640549	   1950.65991413	      0.00000000	      0.00000000	   -923.83623461	     -0.00000000	      0.00000000	 -11775.84124809
      0.61800000	   5274.81235112	      0.00000000	   2620.02802220	      0.00000000	      0.00000000	   -860.71893835	     -0.00000000	     -0.00000000	 -12058.10522291
      0.61900000	   4158.05798809	      0.00000000	   1982.09557372	      0.00000000	      0.00000000	   -783.03567649	     -0.00000000	     -0.00000000	  -9395.03845746
      0.62000000	   3169.69680608	      0.57331911	   2295.42305628	      0.00000000	      0.00000000	  -1163.30072904	      0.00000000	     -0.00000000	 -11369.00858970
      0.62100000	   3852.77202442	      3.30433782	   2962.79863192	      0.00000000	      0.00000000	   -998.66556458	      0.00000000	      0.00000000	 -11047.64226671
      0.62200000	   2888.87167048	      0.00000000	   2510.43843884	      0.00000000	      0.00000000	  -1113.66482210	      0.00000000	     -0.00000000	 -10520.24660216
      0.62300000	   3754.07160638	      0.00000000	   1783.94569445	      0.00000000	      0.00000000	   -768.04743493	      0.00000000	     -0.00000000	  -9005.23851149
      0.62400000	   3318.40443418	      6.62626060	   2634.88324553	      0.00000000	      0.00000000	   -955.81524850	     -0.00000000	     -0.00000000	 -10054.97434890
      0.62500000	   4523.46308500	      4.06010767	   2319.68475422	      0.00000000	      0.00000000	   -965.51256214	      0.00000000	     -0.00000000	 -11871.08723874
      0.62600000	   3736.29851522	      0.00000000	   2708.67704334	      0.00000000	      0.00000000	  -1143.48418324	     -0.00000000	     -0.00000000	 -12084.19377313
      0.62700000	   4217.69007290	      0.00000000	   2046.11102877	      0.00000000	      0.00000000	  -1073.28697095	     -0.00000000	      0.00000000	 -11791.93398169
      0.62800000	   5203.41725522	      0.00000000	   2094.37040664	      0.00000000	      0.00000000	   -771.42281929	      0.00000000	     -0.00000000	 -11203.61962737
      0.62900000	   3470.23457679	      8.29581697	   1868.48989498	      0.00000000	      0.00000000	   -832.90701956	     -0.00000000	     -0.00000000	  -9303.95050903
      0.63000000	   5427.34514548	      6.23487838	   2338.91255771	      0.00000000	      0.00000000	   -799.03638094	     -0.00000000	     -0.00000000	 -11963.12788450
      0.63100000	   3594.21401523	      0.00000000	   2198.48392811	      0.00000000	      0.00000000	  -1051.58834526	      0.00000000	      0.00000000	 -10628.32105790
      0.63200000	   3458.92862565	      4.56684932	   2191.94131675	      0.00000000	      0.00000000	   -750.83441555	      0.00000000	      0.00000000	  -8480.43226142
      0.63300000	   4568.76472637	      9.86054694	   2732.39823784	      0.00000000	      0.00000000	   -967.34924770	     -0.00000000	     -0.00000000	 -11666.98541185
      0.63400000	   3712.41608695	      0.00000000	   2884.47129885	      0.00000000	      0.00000000	  -1139.14433842	     -0.00000000	     -0.00000000	 -11848.59885352
      0.63500000	   4254.14703516	      0.00000000	   2054.26349051	      0.00000000	      0.00000000	   -761.32689003	     -0.00000000	     -0.00000000	  -9619.71124540
      0.63600000	   3866.13475030	      0.00000000	   1823.51249874	      0.00000000	      0.00000000	   -908.31479727	      0.00000000	      0.00000000	 -10307.61412714
      0.63700000	   4414.23128975	      3.91078040	   1818.74299309	      0.00000000	      0.00000000	   -958.00808822	     -0.00000000	     -0.00000000	 -10899.09016234
      0.63800000	   3141.43331711	      4.90237312	   2664.17450877	      0.00000000	      0.00000000	  -1267.85125612	     -0.00000000	     -0.00000000	 -12084.72533821
      0.63900000	   4670.16282491	      0.00000000	   2950.39612310	      0.00000000	      0.00000000	   -898.41459574	      0.00000000	      0.00000000	 -11262.64201679
      0.64000000	   4781.09640687	      0.00000000	   2254.74848654	      0.00000000	      0.00000000	   -948.68706477	      0.00000000	     -0.00000000	 -12015.06050341
      0.64100000	   3556.05010424	      3.40953375	   1839.97884683	      0.00000000	      0.00000000	   -957.08284776	     -0.00000000	      0.00000000	 -10141.76511507
      0.64200000	   5106.13461665	      2.26491436	   2692.42173103	      0.00000000	      0.00000000	   -876.68329923	     -0.00000000	     -0.00000000	 -11912.76892180
      0.64300000	   3543.90313033	      2.55353267	   1897.55055685	      0.00000000	      0.00000000	  -1200.24050116	     -0.00000000	      0.00000000	 -12077.69329205
      0.64400000	   4156.01392017	      0.00000000	   2421.81805231	      0.00000000	      0.00000000	  -1059.73395812	      0.00000000	      0.00000000	 -11768.78639429
      0.64500000	   3702.70824176	      0.00000000	   2247.67932427	      0.00000000	      0.00000000	   -787.61713646	     -0.00000000	     -0.00000000	  -9019.24099119
      0.64600000	   3213.78015261	     10.63489283	   2332.34598333	      0.00000000	      0.00000000	  -1050.94142313	     -0.00000000	     -0.00000000	 -10529.60172065
      0.64700000	   3066.52011587	      0.00000000	   2803.61739745	      0.00000000	      0.00000000	  -1214.04146287	      0.00000000	      0.00000000	 -11424.11379004
      0.64800000	   2568.88721678	      0.00000000	   2739.24388830	      0.00000000	      0.00000000	   -997.14349271	      0.00000000	     -0.00000000	  -9449.07039494
      0.64900000	   2146.15114852	      0.06641799	   2098.34041321	      0.00000000	      0.00000000	   -967.52679454	     -0.00000000	      0.00000000	  -8673.46645490
      0.65000000	   3318.80300057	      8.78257909	   2770.62263739	      0.00000000	      0.00000000	   -981.53800455	     -0.00000000	     -0.00000000	  -9890.40527360
      0.65100000	   2598.30544913	      0.00000000	   2744.59039398	      0.00000000	      0.00000000	  -1245.63849085	     -0.00000000	      0.00000000	 -11250.09928994
      0.65200000	   1683.35240810	      0.00000000	   2151.87851698	      0.00000000	      0.00000000	   -960.33726894	     -0.00000000	      0.00000000	  -8195.77636880
      0.65300000	   4265.71482394	     10.08701584	   2178.56885531	      0.00000000	      0.00000000	   -996.94860860	      0.00000000	      0.00000000	 -12013.02609916
      0.65400000	   3340.12943978	      0.00000000	   2033.47327261	      0.00000000	      0.00000000	  -1234.32917006	     -0.00000000	      0.00000000	 -12074.37904111
      0.65500000	   4707.27512892	      1.56201017	   2468.75713805	      0.00000000	      0.00000000	   -996.78073193	     -0.00000000	      0.00000000	 -11877.65878625
      0.65600000	   4483.73026424	      0.00000000	   2367.80285566	      0.00000000	      0.00000000	   -955.81763944	     -0.00000000	      0.00000000	 -11385.54118364
      0.65700000	   3736.94225333	      2.87565716	   2490.30120542	      0.00000000	      0.00000000	   -854.21937419	      0.00000000	      0.00000000	  -9634.40130753
      0.65800000	   5644.13287442	      0.00000000	   2562.53258909	      0.00000000	      0.00000000	   -734.34114022	      0.00000000	     -0.00000000	 -12085.14723183
      0.65900000	   3596.60389529	      0.00000000	   2438.35478404	      0.00000000	      0.00000000	   -800.12220370	     -0.00000000	      0.00000000	  -8845.17737521
      0.66000000	   2696.08401470	      4.85023622	   1767.12727510	      0.00000000	      0.00000000	   -906.46600720	     -0.00000000	     -0.00000000	  -8871.41186381
      0.66100000	   2417.27368193	     10.40553076	   1678.66318718	      0.00000000	      0.00000000	  -1095.16640356	      0.00000000	      0.00000000	  -9827.79876728
      0.66200000	   3208.79067902	      0.00000000	   2221.35837317	      0.00000000	      0.00000000	  -1251.71939770	     -0.00000000	      0.00000000	 -12059.20603264
      0.66300000	   5152.59530894	      0.00000000	   2583.46511279	      0.00000000	      0.00000000	   -744.29505508	     -0.00000000	     -0.00000000	 -10992.04241670
      0.66400000	   3937.81236216	      2.47461786	   1889.01195475	      0.00000000	      0.00000000	   -987.59885281	     -0.00000000	     -0.00000000	 -10769.55034487
      0.66500000	   4107.62370314	      0.26563369	   2736.44688459	      0.00000000	      0.00000000	   -920.43559225	      0.00000000	      0.00000000	 -10274.85234810
      0.66600000	   2286.26664710	      0.00000000	   2458.43403809	      0.00000000	      0.00000000	   -926.50675313	      0.00000000	      0.00000000	  -8392.37811753
      0.66700000	   3514.09981047	      6.03749161	   2706.94262615	      0.00000000	      0.00000000	   -844.80930569	      0.00000000	      0.00000000	  -9138.34380550
      0.66800000	   5119.31045545	      2.31239466	   2982.74183098	      0.00000000	      0.00000000	   -881.42195880	     -0.00000000	      0.00000000	 -11803.32091533
      0.66900000	   4604.61600244	      0.00000000	   2154.19863293	      0.00000000	      0.00000000	   -787.22962864	      0.00000000	      0.00000000	 -10473.84957369
      0.67000000	   4024.77766757	      8.66414100	   2234.64502172	      0.00000000	      0.00000000	  -1007.68479072	      0.00000000	      0.00000000	 -11172.45340732
      0.67100000	   4225.91266591	      0.00000000	   2103.94838819	      0.00000000	      0.00000000	  -1052.84347265	      0.00000000	     -0.00000000	 -11880.91259256
      0.67200000	   3365.89481570	      0.00000000	   2793.14651385	      0.00000000	      0.00000000	   -897.26725936	      0.00000000	      0.00000000	  -9540.41871388
      0.67300000	   2321.55432625	      9.81834796	   2192.92365109	      0.00000000	      0.00000000	  -1154.10917932	     -0.00000000	     -0.00000000	 -10125.75379635
      0.67400000	   4999.13142902	      1.45372518	   1915.85711506	      0.00000000	      0.00000000	   -965.05445687	      0.00000000	      0.00000000	 -12034.81837939
      0.67500000	   3833.49153609	      0.01027033	   2461.35803305	      0.00000000	      0.00000000	  -1065.79147287	     -0.00000000	      0.00000000	 -11655.19650734
      0.67600000	   4945.15041083	      2.14031984	   2245.22793594	      0.00000000	      0.00000000	   -912.49976007	      0.00000000	      0.00000000	 -12085.24276225
      0.67700000	   2630.32153020	      0.00000000	   1901.16163642	      0.00000000	      0.00000000	  -1227.83456356	      0.00000000	     -0.00000000	 -10966.43275144
      0.67800000	   2777.33951186	      4.86404858	   2446.88050939	      0.00000000	      0.00000000	   -770.64268854	     -0.00000000	     -0.00000000	  -7839.21245968
      0.67900000	   2948.12022796	      2.33544626	   2436.75346144	      0.00000000	      0.00000000	  -1246.57721948	      0.00000000	      0.00000000	 -11718.93487710
      0.68000000	   4444.59497361	      0.00000000	   2262.14471575	      0.00000000	      0.00000000	   -961.05077591	     -0.00000000	     -0.00000000	 -11420.35196845
      0.68100000	   2823.43852138	      3.55183884	   2165.27849423	      0.00000000	      0.00000000	   -865.97158641	      0.00000000	     -0.00000000	  -8331.50048388
      0.68200000	   4044.20182615	      5.73529316	   1982.03645514	      0.00000000	      0.00000000	  -1024.97749762	      0.00000000	     -0.00000000	 -11202.27252663
      0.68300000	   4695.00674408	      1.25188588	   2624.66988457	      0.00000000	      0.00000000	   -826.51356474	      0.00000000	      0.00000000	 -11141.09249918
      0.68400000	   5162.75472988	      5.39761821	   1871.81182335	      0.00000000	      0.00000000	   -881.48507416	     -0.00000000	     -0.00000000	 -11882.89836808
      0.68500000	   3694.62350332	      0.00000000	   2615.06684366	      0.00000000	      0.00000000	  -1160.79112911	     -0.00000000	     -0.00000000	 -12023.87665103
      0.68600000	   5191.48593568	      0.00000000	   2996.99681713	      0.00000000	      0.00000000	   -869.22279742	     -0.00000000	     -0.00000000	 -12029.76988429
      0.68700000	   3450.78941291	      0.00000000	   2169.48437403	      0.00000000	      0.00000000	  -1240.95379433	     -0.00000000	      0.00000000	 -12038.21737565
      0.68800000	   3293.64201770	      1.04100755	   2272.93378472	      0.00000000	      0.00000000	  -1056.73586194	      0.00000000	      0.00000000	 -10725.87279426
      0.68900000	   3663.94734554	      0.00000000	   2361.84633917	      0.00000000	      0.00000000	   -814.18747570	      0.00000000	      0.00000000	  -9379.16001159
      0.69000000	   2779.32218774	      2.00368187	   2400.57470854	      0.00000000	      0.00000000	   -788.29748663	     -0.00000000	     -0.00000000	  -7902.61104713
      0.69100000	   3025.84826421	      5.19379821	   2038.72676142	      0.00000000	      0.00000000	   -880.72346391	     -0.00000000	     -0.00000000	  -9239.29369267
      0.69200000	   3921.45225064	      0.00000000	   1966.25825119	      0.00000000	      0.00000000	   -801.87861397	      0.00000000	      0.00000000	  -9575.41482663
      0.69300000	   2607.57913449	      4.65944313	   1598.23056021	      0.00000000	      0.00000000	   -941.42985793	      0.00000000	      0.00000000	  -8804.04187667
      0.69400000	   3904.92044971	      0.81430977	   2542.98971594	      0.00000000	      0.00000000	   -923.93836389	      0.00000000	      0.00000000	  -9930.42359500
      0.69500000	   3050.71311359	      4.11055314	   2635.23222316	      0.00000000	      0.00000000	   -996.91128274	     -0.00000000	     -0.00000000	  -9979.29704372
      0.69600000	   4658.26362773	      7.49802382	   2963.18489792	      0.00000000	      0.00000000	   -992.30892565	      0.00000000	     -0.00000000	 -12077.99196252
      0.69700000	   3074.93440298	      0.00000000	   2951.63773560	      0.00000000	      0.00000000	  -1223.39999968	      0.00000000	     -0.00000000	 -11526.33246824
      0.69800000	   3960.96821527	      0.00000000	   2371.79151200	      0.00000000	      0.00000000	   -942.74531644	      0.00000000	     -0.00000000	 -10548.74279729
      0.69900000	   3791.55925134	      0.00000000	   1786.52357750	      0.00000000	      0.00000000	   -930.97443567	     -0.00000000	      0.00000000	 -10266.79211588
      0.70000000	   2565.45670544	      4.04274146	   1776.36053581	      0.00000000	      0.00000000	   -979.34578533	     -0.00000000	     -0.00000000	  -9087.50968429
      0.70100000	   3783.18901382	      0.00000000	   2793.73997104	      0.00000000	      0.00000000	  -1085.79189208	     -0.00000000	     -0.00000000	 -11484.60551481
      0.70200000	   2586.84630964	      2.74570550	   2562.24108778	      0.00000000	      0.00000000	   -985.09647736	     -0.00000000	     -0.00000000	  -9237.19648964
      0.70300000	   4727.16623909	      1.90333861	   2139.15019322	      0.00000000	      0.00000000	   -881.06216008	     -0.00000000	      0.00000000	 -11020.61659398
      0.70400000	   4043.96472531	      0.00000000	   2450.79831029	      0.00000000	      0.00000000	   -808.43244941	     -0.00000000	      0.00000000	  -9920.31891814
      0.70500000	   2518.15017312	      3.99228252	   2478.42101060	      0.00000000	      0.00000000	  -1158.48413318	      0.00000000	      0.00000000	 -10355.84637834
      0.70600000	   3892.92187122	      0.00000000	   1610.96663187	      0.00000000	      0.00000000	   -805.72947362	     -0.00000000	     -0.00000000	  -9331.84703778
      0.70700000	   4602.98287792	      7.38201862	   2548.23458403	      0.00000000	      0.00000000	   -970.22335118	     -0.00000000	     -0.00000000	 -12049.65362977
      0.70800000	   4472.38092140	      0.00000000	   2370.51932802	      0.00000000	      0.00000000	  -1014.86177314	     -0.00000000	     -0.00000000	 -12085.68177847
      0.70900000	   1946.97222681	      0.00000000	   2193.56704704	      0.00000000	      0.00000000	  -1135.93254021	      0.00000000	     -0.00000000	  -9723.63610169
      0.71000000	   3672.95556856	      0.11926052	   2770.52690496	      0.00000000	      0.00000000	   -954.40740873	      0.00000000	     -0.00000000	 -10480.74016576
      0.71100000	   1826.71803696	      0.00000000	   1958.79162172	      0.00000000	      0.00000000	   -833.99145778	     -0.00000000	      0.00000000	  -7517.51621793
      0.71200000	   3965.05937471	      8.51387634	   1955.07947172	      0.00000000	      0.00000000	   -904.72760646	     -0.00000000	      0.00000000	 -10011.33506137
      0.71300000	   5007.56908916	      0.00000000	   2431.54312841	      0.00000000	      0.00000000	   -853.85497011	     -0.00000000	     -0.00000000	 -11925.47912457
      0.71400000	   2955.40685906	      0.00000000	   1983.92495505	      0.00000000	      0.00000000	   -885.87500822	      0.00000000	     -0.00000000	  -8575.36815326
      0.71500000	   2981.18831891	      0.00000000	   2540.55769210	      0.00000000	      0.00000000	   -805.16786845	     -0.00000000	     -0.00000000	  -8026.87618787
      0.71600000	   1374.03994573	      7.01256677	   2305.14427614	      0.00000000	      0.00000000	   -986.62379607	      0.00000000	      0.00000000	  -8258.94393128
      0.71700000	   3762.91495385	      8.52538614	   2014.88820930	      0.00000000	      0.00000000	  -1172.17799323	     -0.00000000	      0.00000000	 -12085.42787429
      0.71800000	   4851.20946188	      0.00000000	   2935.30222477	      0.00000000	      0.00000000	   -770.14867622	      0.00000000	     -0.00000000	 -10895.36247773
      0.71900000	   3173.74185135	      0.00000000	   1364.40875138	      0.00000000	      0.00000000	   -711.38949590	     -0.00000000	     -0.00000000	  -7714.29432676
      0.72000000	   3390.68265159	     13.01923289	   2839.64092061	      0.00000000	      0.00000000	  -1085.64992839	     -0.00000000	      0.00000000	 -10730.71157044
      0.72100000	   4015.17002409	      0.00000000	   2198.45868897	      0.00000000	      0.00000000	  -1052.48532835	      0.00000000	      0.00000000	 -11569.90026989
      0.72200000	   2468.13914859	      0.00000000	   1709.19032277	      0.00000000	      0.00000000	   -968.81301044	     -0.00000000	      0.00000000	  -8857.35331390
      0.72300000	   3936.95966972	      9.60829691	   2015.45556773	      0.00000000	      0.00000000	  -1048.93443036	     -0.00000000	     -0.00000000	 -11744.95866322
      0.72400000	   3725.48305429	      0.00000000	   2656.40407701	      0.00000000	      0.00000000	  -1055.48737540	      0.00000000	      0.00000000	 -11225.99833681
      0.72500000	   4444.08571995	      0.00000000	   2179.62591514	      0.00000000	      0.00000000	  -1023.64874978	     -0.00000000	     -0.00000000	 -11842.99472623
      0.72600000	   4881.65472878	      8.73207334	   2660.62962869	      0.00000000	      0.00000000	   -924.68103917	     -0.00000000	     -0.00000000	 -12025.80388517
      0.72700000	   3955.39629688	      0.00000000	   2898.12904346	      0.00000000	      0.00000000	  -1093.31467060	      0.00000000	     -0.00000000	 -11842.89407806
      0.72800000	   1315.69910899	      0.00000000	   1857.53567118	      0.00000000	      0.00000000	   -855.78887888	     -0.00000000	     -0.00000000	  -7389.75370166
      0.72900000	   2188.30746953	      8.20192690	   1513.14726800	      0.00000000	      0.00000000	   -970.10289882	      0.00000000	      0.00000000	  -8891.61336263
      0.73000000	   3876.20354634	      0.00000000	   2538.58326223	      0.00000000	      0.00000000	  -1058.02030719	      0.00000000	     -0.00000000	 -11357.94871538
      0.73100000	   3090.38294861	      0.00000000	   2368.79481360	      0.00000000	      0.00000000	  -1007.07877576	     -0.00000000	     -0.00000000	  -9920.68083539
      0.73200000	   3846.48101108	      6.06832444	   2129.99622057	      0.00000000	      0.00000000	   -899.57218768	     -0.00000000	     -0.00000000	 -10138.52394066
      0.73300000	   4523.63105882	      0.00000000	   3006.68945291	      0.00000000	      0.00000000	  -1021.87324087	      0.00000000	      0.00000000	 -12000.35141039
      0.73400000	   4445.08907557	      0.00000000	   2448.74143912	      0.00000000	      0.00000000	   -921.17299174	     -0.00000000	      0.00000000	 -10645.14367940
      0.73500000	   2456.12034199	      2.44235604	   2469.13415670	      0.00000000	      0.00000000	   -879.83530234	      0.00000000	      0.00000000	  -8384.40372769
      0.73600000	   3201.65815555	      0.00000000	   1625.65608707	      0.00000000	      0.00000000	   -866.63769493	      0.00000000	     -0.00000000	  -9121.34773858
      0.73700000	   2281.44907272	      0.70973520	   1918.19191327	      0.00000000	      0.00000000	   -948.72494736	     -0.00000000	     -0.00000000	  -8753.90290162
      0.73800000	   1538.35555991	      0.00000000	   1646.55044037	      0.00000000	      0.00000000	   -929.89973211	      0.00000000	     -0.00000000	  -7972.59540206
      0.73900000	   2622.50846543	      3.28816411	   2309.70968659	      0.00000000	      0.00000000	   -827.23041780	     -0.00000000	      0.00000000	  -7799.48328060
      0.74000000	   4111.18359472	      2.25651467	   2301.41477387	      0.00000000	      0.00000000	  -1080.04581483	      0.00000000	      0.00000000	 -11559.52885072
      0.74100000	   4206.39312307	      5.10322076	   2190.10658450	      0.00000000	      0.00000000	  -1064.93354439	     -0.00000000	      0.00000000	 -11685.67457838
      0.74200000	   4096.34553844	      0.00000000	   2952.55517538	      0.00000000	      0.00000000	  -1082.81471251	      0.00000000	      0.00000000	 -12087.57077111
      0.74300000	   3042.44893555	      0.00000000	   2616.68447117	      0.00000000	      0.00000000	  -1052.62564460	     -0.00000000	     -0.00000000	 -10442.44256052
      0.74400000	   4646.00009140	      2.61909104	   2665.90310592	      0.00000000	      0.00000000	   -762.14635265	      0.00000000	      0.00000000	 -10244.48459391
      0.74500000	   3996.35291323	      3.42713571	   2311.56963999	      0.00000000	      0.00000000	  -1009.64797180	     -0.00000000	      0.00000000	 -11144.89275936
      0.74600000	   2992.89745007	      0.00000000	   1757.13275153	      0.00000000	      0.00000000	   -972.96451585	     -0.00000000	     -0.00000000	  -9642.26269797
      0.74700000	   3075.19143301	      3.26221813	   1501.84561937	      0.00000000	      0.00000000	   -667.81123605	      0.00000000	     -0.00000000	  -7390.24586231
      0.74800000	   4063.38102886	      0.00000000	   2537.59116594	      0.00000000	      0.00000000	   -982.32297075	      0.00000000	      0.00000000	 -10937.94595266
      0.74900000	   2748.06462930	      0.00000000	   1659.66978123	      0.00000000	      0.00000000	   -994.69083484	     -0.00000000	      0.00000000	  -9528.33544079
      0.75000000	   4843.53182377	     11.68894623	   2019.21858302	      0.00000000	      0.00000000	   -809.53528948	     -0.00000000	     -0.00000000	 -11003.70649127
      0.75100000	   4862.92133219	      0.00000000	   2907.93702104	      0.00000000	      0.00000000	   -819.56976503	      0.00000000	     -0.00000000	 -10966.02947401
      0.75200000	   3470.05880202	      4.70489953	   1564.64402200	      0.00000000	      0.00000000	   -719.29594553	     -0.00000000	     -0.00000000	  -8200.03184726
      0.75300000	   4304.67044359	      1.01014277	   2128.41777649	      0.00000000	      0.00000000	  -1069.78127289	     -0.00000000	      0.00000000	 -12000.11541954
      0.75400000	   3537.79350610	      0.00000000	   2030.24805552	      0.00000000	      0.00000000	   -876.50769096	      0.00000000	     -0.00000000	  -9229.84354900
      0.75500000	   3198.90036302	      4.99397207	   1578.04499471	      0.00000000	      0.00000000	   -877.55874132	      0.00000000	      0.00000000	  -8801.32018678
      0.75600000	   2833.95449280	      9.31911096	   2786.16851121	      0.00000000	      0.00000000	  -1131.63882404	     -0.00000000	      0.00000000	 -10602.65719801
      0.75700000	   4407.20615662	      0.00000000	   2574.95466402	      0.00000000	      0.00000000	   -973.75626071	     -0.00000000	      0.00000000	 -11546.27800204
      0.75800000	   2486.26339078	      3.83176778	   2768.09114926	      0.00000000	      0.00000000	  -1030.86198387	     -0.00000000	     -0.00000000	  -9399.01855598
      0.75900000	   4260.99876092	      6.33456704	   2608.19530115	      0.00000000	      0.00000000	  -1071.53970860	     -0.00000000	      0.00000000	 -12043.78661062
      0.76000000	   3208.77555567	      0.00000000	   2240.99220014	      0.00000000	      0.00000000	  -1004.37424927	     -0.00000000	     -0.00000000	  -9998.91125103
      0.76100000	   2790.04194664	      6.30269692	   1768.43353706	      0.00000000	      0.00000000	   -791.21148325	      0.00000000	      0.00000000	  -8082.08478117
      0.76200000	   4478.08294463	      6.92745124	   2081.39292258	      0.00000000	      0.00000000	   -974.35585648	     -0.00000000	      0.00000000	 -11902.50463164
      0.76300000	   4408.04431742	      0.00000000	   2650.99114504	      0.00000000	      0.00000000	   -983.98090939	      0.00000000	     -0.00000000	 -11342.13162713
      0.76400000	   1747.92793122	      0.00000000	   1932.98753941	      0.00000000	      0.00000000	   -815.99473777	      0.00000000	     -0.00000000	  -7392.37227666
      0.76500000	   2186.21284930	      3.02209749	   1842.60451566	      0.00000000	      0.00000000	   -835.57198594	     -0.00000000	     -0.00000000	  -7732.75502393
      0.76600000	   4592.02629001	      5.36475183	   1786.66260688	      0.00000000	      0.00000000	   -765.68416069	      0.00000000	      0.00000000	 -10216.06842737
      0.76700000	   2154.71345615	      6.61210686	   1730.18006682	      0.00000000	      0.00000000	  -1215.20742036	      0.00000000	      0.00000000	 -10417.07227383
      0.76800000	   3895.44129394	      0.00000000	   2072.71424601	      0.00000000	      0.00000000	  -1086.11230405	     -0.00000000	     -0.00000000	 -11729.50044425
      0.76900000	   3204.20309063	      0.00000000	   2130.89295613	      0.00000000	      0.00000000	  -1111.85087796	     -0.00000000	      0.00000000	 -10912.25216062
      0.77000000	   4684.71871605	      0.00000000	   2124.69587360	      0.00000000	      0.00000000	   -723.66787712	     -0.00000000	     -0.00000000	  -9597.15338959
      0.77100000	   2177.42029165	      0.77443081	   2414.48526138	      0.00000000	      0.00000000	   -741.69227150	      0.00000000	     -0.00000000	  -7392.47579681
      0.77200000	   2438.47755037	      9.59684654	   2578.37291389	      0.00000000	      0.00000000	  -1089.46622254	      0.00000000	      0.00000000	  -9869.77266230
      0.77300000	   3589.59600156	      0.00000000	   2813.43179163	      0.00000000	      0.00000000	  -1095.50804178	     -0.00000000	      0.00000000	 -11195.19262087
      0.77400000	   2167.16947875	      0.00000000	   1913.36383461	      0.00000000	      0.00000000	   -731.06978113	     -0.00000000	      0.00000000	  -7453.50927179
      0.77500000	   1924.89970744	      8.37912663	   2296.03787006	      0.00000000	      0.00000000	   -968.61178665	     -0.00000000	      0.00000000	  -8527.97744197
      0.77600000	   4175.04472019	      4.80136891	   2873.47822446	      0.00000000	      0.00000000	  -1033.28548744	      0.00000000	      0.00000000	 -11404.77975837
      0.77700000	   1781.48882910	      0.00000000	   1939.54301763	      0.00000000	      0.00000000	  -1173.95676116	      0.00000000	     -0.00000000	  -9930.02522762
      0.77800000	   2204.42949682	      0.00000000	   2058.61094778	      0.00000000	      0.00000000	  -1024.00218719	      0.00000000	     -0.00000000	  -9059.27779986
      0.77900000	   4403.27995595	      5.97009710	   1612.50016921	      0.00000000	      0.00000000	   -789.91176897	     -0.00000000	     -0.00000000	  -9651.83694143
      0.78000000	   3265.53976621	      0.00000000	   2991.87107060	      0.00000000	      0.00000000	  -1090.05517294	      0.00000000	     -0.00000000	 -10933.50638159
      0.78100000	   2836.88408603	      0.00000000	   2316.73759970	      0.00000000	      0.00000000	   -708.44208075	      0.00000000	     -0.00000000	  -7390.73089975
      0.78200000	   1750.69913441	      4.42323694	   2569.00074144	      0.00000000	      0.00000000	   -886.09420411	     -0.00000000	      0.00000000	  -7819.82939734
      0.78300000	   2358.76961481	      0.00000000	   2099.10697605	      0.00000000	      0.00000000	  -1137.71129734	     -0.00000000	      0.00000000	 -10134.27781063
      0.78400000	   3730.40932702	      1.17316705	   1887.64599712	      0.00000000	      0.00000000	   -696.49446857	     -0.00000000	      0.00000000	  -8243.02782891
      0.78500000	   3404.59416502	      6.08890943	   2352.38494740	      0.00000000	      0.00000000	  -1030.85453854	      0.00000000	      0.00000000	 -10482.24437552
      0.78600000	   4973.53148247	      0.00000000	   2749.82606815	      0.00000000	      0.00000000	   -869.63377586	      0.00000000	     -0.00000000	 -11857.36770572
      0.78700000	   2504.24519785	      0.00000000	   1834.12395004	      0.00000000	      0.00000000	   -974.36544648	     -0.00000000	      0.00000000	  -8863.39429983
      0.78800000	   4970.44283218	      2.07231297	   1704.70201702	      0.00000000	      0.00000000	   -691.01658232	      0.00000000	     -0.00000000	  -9886.72517623
      0.78900000	   3400.13415015	      5.47871533	   2573.03069235	      0.00000000	      0.00000000	   -897.93701763	      0.00000000	      0.00000000	  -9370.05634257
      0.79000000	   3490.71286278	      0.00000000	   1969.76694262	      0.00000000	      0.00000000	   -997.58313933	     -0.00000000	     -0.00000000	 -10648.38621791
      0.79100000	   1917.93793654	      1.89094693	   1945.41546223	      0.00000000	      0.00000000	   -747.05614253	     -0.00000000	     -0.00000000	  -7412.36213216
      0.79200000	   4161.75553039	     10.07027228	   2585.63368524	      0.00000000	      0.00000000	  -1044.75502385	     -0.00000000	     -0.00000000	 -11524.34661855
      0.79300000	   4778.17014140	      0.00000000	   2053.19088681	      0.00000000	      0.00000000	   -902.20519319	     -0.00000000	      0.00000000	 -11744.33517020
      0.79400000	   3017.09558757	      5.90912693	   2240.63378804	      0.00000000	      0.00000000	  -1295.63373369	      0.00000000	      0.00000000	 -11982.28481061
      0.79500000	   4326.91052020	      0.00000000	   2680.98755344	      0.00000000	      0.00000000	   -995.25873993	      0.00000000	     -0.00000000	 -11236.22878531
      0.79600000	   2447.77466032	      0.00000000	   1291.75549727	      0.00000000	      0.00000000	   -760.25248865	      0.00000000	      0.00000000	  -7389.71854289
      0.79700000	   2292.51012909	      0.00000000	   2212.67872944	      0.00000000	      0.00000000	   -811.74376077	     -0.00000000	     -0.00000000	  -7588.47851800
      0.79800000	   1482.36215473	      4.71312947	   1309.68872186	      0.00000000	      0.00000000	   -793.45715379	      0.00000000	      0.00000000	  -7496.98682444
      0.79900000	   4008.92077043	      0.00000000	   2438.29212027	      0.00000000	      0.00000000	   -948.37266457	      0.00000000	      0.00000000	 -10916.22748618
      0.80000000	   2579.68070650	      0.00000000	   2207.15200526	      0.00000000	      0.00000000	   -932.99888192	      0.00000000	      0.00000000	  -8719.26518606
      0.80100000	   2806.38306900	      4.46688336	   2327.75508222	      0.00000000	      0.00000000	   -991.75259279	      0.00000000	     -0.00000000	  -9337.22589743
      0.80200000	   2345.04351497	      4.34208486	   1669.54836011	      0.00000000	      0.00000000	  -1076.43835925	      0.00000000	      0.00000000	  -9608.77800576
      0.80300000	   4350.24317825	      0.00000000	   1946.31552502	      0.00000000	      0.00000000	   -985.06071096	     -0.00000000	     -0.00000000	 -11367.50953610
      0.80400000	   3466.42206978	      0.00000000	   1304.17383689	      0.00000000	      0.00000000	   -577.49915894	     -0.00000000	      0.00000000	  -7400.18896796
      0.80500000	   3356.51173138	      9.43296956	   2201.28284151	      0.00000000	      0.00000000	  -1026.35258607	     -0.00000000	     -0.00000000	 -10481.45460366
      0.80600000	   2380.70779645	      0.00000000	   1700.01820845	      0.00000000	      0.00000000	   -946.24508354	     -0.00000000	     -0.00000000	  -8984.60857435
      0.80700000	   2838.73105627	      4.42886756	   2517.22604417	      0.00000000	      0.00000000	   -980.01709363	     -0.00000000	      0.00000000	  -9218.57007959
      0.80800000	   3237.83320785	      0.00000000	   2160.76216968	      0.00000000	      0.00000000	  -1102.49988618	     -0.00000000	     -0.00000000	 -10842.50176755
      0.80900000	   3017.47403145	      0.87355611	   2063.15965272	      0.00000000	      0.00000000	   -614.13963407	      0.00000000	     -0.00000000	  -7591.75042024
      0.81000000	   3692.51390193	      3.98925144	   2280.01318047	      0.00000000	      0.00000000	   -948.01487530	     -0.00000000	      0.00000000	  -9901.28776331
      0.81100000	   2005.26398530	      0.00000000	   1287.97145874	      0.00000000	      0.00000000	   -762.66973276	     -0.00000000	     -0.00000000	  -7421.68538031
      0.81200000	   2768.77674882	      4.37716023	   2066.69101980	      0.00000000	      0.00000000	   -781.93539154	     -0.00000000	     -0.00000000	  -8087.29905911
      0.81300000	   1525.27550256	      0.00000000	   2076.72971296	      0.00000000	      0.00000000	   -844.67812984	     -0.00000000	     -0.00000000	  -7395.32260172
      0.81400000	   2122.42641493	      4.28216696	   1731.58040331	      0.00000000	      0.00000000	   -957.72377940	      0.00000000	      0.00000000	  -8542.96998714
      0.81500000	   4284.39407689	      8.58091702	   2406.80669462	      0.00000000	      0.00000000	  -1041.29873033	      0.00000000	     -0.00000000	 -11520.08600414
      0.81600000	   5036.89545356	      0.00000000	   2365.99216558	      0.00000000	      0.00000000	   -879.31655361	     -0.00000000	      0.00000000	 -11791.42271711
      0.81700000	   3637.23975435	      2.15173832	   2238.71783490	      0.00000000	      0.00000000	   -643.23189153	      0.00000000	      0.00000000	  -7614.70393515
      0.81800000	   2716.44716658	      5.37815310	   2896.64314421	      0.00000000	      0.00000000	  -1139.15889821	      0.00000000	      0.00000000	 -10663.82045920
      0.81900000	   3160.31335216	      0.00000000	   1997.73672914	      0.00000000	      0.00000000	  -1043.17163894	      0.00000000	      0.00000000	 -10206.45250240
      0.82000000	   3495.41545787	      0.00000000	   2945.89089449	      0.00000000	      0.00000000	  -1163.27030079	     -0.00000000	      0.00000000	 -11649.59994437
      0.82100000	   3568.19447229	      0.00000000	   1752.10779439	      0.00000000	      0.00000000	   -725.49086012	      0.00000000	     -0.00000000	  -8198.91026135
      0.82200000	   3681.87087993	      8.60745695	   2690.64124209	      0.00000000	      0.00000000	  -1041.15134764	      0.00000000	      0.00000000	 -10988.60171023
      0.82300000	   4163.05918491	      0.00000000	   2074.35136937	      0.00000000	      0.00000000	  -1004.35845822	      0.00000000	     -0.00000000	 -11146.10515641
      0.82400000	   3158.23912599	      0.00000000	   2672.23333200	      0.00000000	      0.00000000	  -1014.98959989	     -0.00000000	      0.00000000	 -10037.95737559
      0.82500000	   1180.37515005	      0.88654297	   2207.69784363	      0.00000000	      0.00000000	   -810.06878829	      0.00000000	      0.00000000	  -7526.18935837
      0.82600000	   1762.97862007	      6.36863312	   2730.47206514	      0.00000000	      0.00000000	  -1078.12991812	     -0.00000000	      0.00000000	  -9158.82584350
      0.82700000	   4197.38818609	      5.42724361	   2078.11156190	      0.00000000	      0.00000000	   -877.52338778	      0.00000000	     -0.00000000	 -10462.97075003
      0.82800000	   2799.77390339	      0.00000000	   2226.03560509	      0.00000000	      0.00000000	  -1285.02608304	      0.00000000	     -0.00000000	 -11641.91770362
      0.82900000	   2890.45288023	      0.00000000	   2019.42551038	      0.00000000	      0.00000000	   -612.83744749	      0.00000000	      0.00000000	  -7614.89930503
      0.83000000	   4073.02055611	     11.06475671	   2025.56353360	      0.00000000	      0.00000000	   -977.24030881	     -0.00000000	     -0.00000000	 -10792.43382958
      0.83100000	   4998.89121875	      0.00000000	   2754.14743547	      0.00000000	      0.00000000	   -877.52095826	      0.00000000	      0.00000000	 -11374.69329416
      0.83200000	   2537.67455928	      0.00000000	   1543.00984014	      0.00000000	      0.00000000	   -823.02962822	      0.00000000	      0.00000000	  -8218.51926318
      0.83300000	   3227.08604038	      2.35232881	   1328.03069020	      0.00000000	      0.00000000	   -731.70015348	      0.00000000	      0.00000000	  -7779.53446549
      0.83400000	   3012.35494950	      0.00000000	   2356.97295965	      0.00000000	      0.00000000	   -885.54398958	      0.00000000	      0.00000000	  -8743.51843140
      0.83500000	   1924.10635816	      0.00000000	   1667.34381508	      0.00000000	      0.00000000	   -773.70141854	      0.00000000	      0.00000000	  -7418.15310485
      0.83600000	   2090.51985998	      9.99399219	   1807.29553112	      0.00000000	      0.00000000	   -954.65369120	     -0.00000000	     -0.00000000	  -8584.69459125
      0.83700000	   2852.43741479	      0.00000000	   2426.20035199	      0.00000000	      0.00000000	  -1188.43971367	      0.00000000	      0.00000000	 -11023.82807427
      0.83800000	   1090.38453458	      0.00000000	   2150.96043600	      0.00000000	      0.00000000	   -856.54068717	     -0.00000000	     -0.00000000	  -7793.35938781
      0.83900000	   3348.36835006	      8.28607686	   2733.45955163	      0.00000000	      0.00000000	   -948.74303741	      0.00000000	     -0.00000000	  -9753.12431384
      0.84000000	   3570.41678662	      0.00000000	   2288.86539607	      0.00000000	      0.00000000	   -861.35627249	      0.00000000	     -0.00000000	  -9357.62854864
      0.84100000	   1699.86775926	      2.11684573	   1407.44664231	      0.00000000	      0.00000000	   -788.79373918	      0.00000000	      0.00000000	  -7395.23103247
      0.84200000	   2985.22221315	     11.90880601	   2579.70009229	      0.00000000	      0.00000000	  -1112.09180991	     -0.00000000	     -0.00000000	 -10502.13827624
      0.84300000	   4081.06321667	      0.00000000	   2401.37241770	      0.00000000	      0.00000000	   -968.89730703	     -0.00000000	      0.00000000	 -11223.67973192
      0.84400000	   2057.26285472	      3.14917080	   1806.93635774	      0.00000000	      0.00000000	   -824.61748571	     -0.00000000	      0.00000000	  -7415.86801096
      0.84500000	   5198.54127838	      3.47531969	   1848.95058146	      0.00000000	      0.00000000	   -841.33832789	      0.00000000	      0.00000000	 -11516.49220886
      0.84600000	   2748.57497088	      0.00000000	   2080.55015077	      0.00000000	      0.00000000	   -706.10658693	     -0.00000000	     -0.00000000	  -7568.42874081
      0.84700000	   4010.43180853	      5.53925959	   1989.83051355	      0.00000000	      0.00000000	   -942.29434976	      0.00000000	      0.00000000	 -10198.99282218
      0.84800000	   2274.97408305	      0.00000000	   1237.64349661	      0.00000000	      0.00000000	   -713.68301050	     -0.00000000	      0.00000000	  -7538.62495815
      0.84900000	   3427.34813463	      4.94951105	   2310.40608035	      0.00000000	      0.00000000	   -889.56102537	      0.00000000	     -0.00000000	  -9599.66926114
      0.85000000	   3421.48567663	      0.00000000	   2680.50628755	      0.00000000	      0.00000000	   -970.34842664	      0.00000000	      0.00000000	  -9998.86228209
      0.85100000	   3954.91694001	      3.87235328	   2558.25512943	      0.00000000	      0.00000000	   -891.42527616	     -0.00000000	     -0.00000000	 -10038.64538576
      0.85200000	   4790.99681969	      0.00000000	   2138.75377522	      0.00000000	      0.00000000	   -865.21393625	      0.00000000	      0.00000000	 -11295.81586004
      0.85300000	   2693.64779357	      0.67241151	   2370.49439378	      0.00000000	      0.00000000	   -812.49834813	     -0.00000000	     -0.00000000	  -8286.82594286
      0.85400000	   2667.92066452	      0.00000000	   2390.40495986	      0.00000000	      0.00000000	   -773.13308905	     -0.00000000	      0.00000000	  -8001.50160538
      0.85500000	   2309.75532082	      3.18695054	   1650.45079999	      0.00000000	      0.00000000	   -689.41418487	     -0.00000000	     -0.00000000	  -7767.87177074
      0.85600000	   3934.05022477	      5.70937173	   1748.98340505	      0.00000000	      0.00000000	   -992.37085594	     -0.00000000	     -0.00000000	 -11015.60007734
      0.85700000	   2824.77588872	      0.00000000	   1209.93215115	      0.00000000	      0.00000000	   -636.31471379	      0.00000000	      0.00000000	  -7885.45430836
      0.85800000	   2271.53731531	     13.64711116	   2735.04047673	      0.00000000	      0.00000000	  -1070.01204463	     -0.00000000	      0.00000000	  -9452.51703524
      0.85900000	   3823.73095916	      0.00000000	   2616.88646101	      0.00000000	      0.00000000	  -1087.36607375	      0.00000000	     -0.00000000	 -11491.89535887
      0.86000000	   3765.00454238	      0.00000000	   2049.53056162	      0.00000000	      0.00000000	   -913.41701661	      0.00000000	      0.00000000	  -9798.58948713
      0.86100000	   2949.58777327	      9.33510070	   2277.70889041	      0.00000000	      0.00000000	  -1139.19317245	      0.00000000	     -0.00000000	 -10805.11045503
      0.86200000	   3654.96412712	      0.00000000	   2575.72447260	      0.00000000	      0.00000000	   -916.58972104	      0.00000000	      0.00000000	 -10093.40401112
      0.86300000	   1353.96013583	      0.00000000	   1553.80326040	      0.00000000	      0.00000000	   -869.44886023	      0.00000000	     -0.00000000	  -7390.28267315
      0.86400000	   3416.33725913	      1.99595422	   2577.26656895	      0.00000000	      0.00000000	   -866.05974246	     -0.00000000	     -0.00000000	  -8903.68858341
      0.86500000	   3532.42775875	      3.01017422	   2616.88977117	      0.00000000	      0.00000000	   -765.24899012	     -0.00000000	     -0.00000000	  -8552.97399082
      0.86600000	   2422.44109565	      1.47448698	   2295.63245195	      0.00000000	      0.00000000	  -1275.80769088	      0.00000000	      0.00000000	 -11127.36730846
      0.86700000	   3018.99654078	      0.00000000	   2240.98380581	      0.00000000	      0.00000000	   -936.15521287	      0.00000000	     -0.00000000	  -9212.72373634
      0.86800000	   1881.44946292	      3.90507817	   1264.81750237	      0.00000000	      0.00000000	   -754.00522059	     -0.00000000	     -0.00000000	  -7591.95337532
      0.86900000	   4090.75503556	      2.89627634	   2691.79797593	      0.00000000	      0.00000000	   -931.16446956	     -0.00000000	      0.00000000	 -10519.95907474
      0.87000000	   2918.82889246	      0.00000000	   1285.09080394	      0.00000000	      0.00000000	   -596.70778724	      0.00000000	     -0.00000000	  -7545.01015253
      0.87100000	   2471.20865499	      1.38740805	   1574.75708307	      0.00000000	      0.00000000	   -740.81124750	     -0.00000000	     -0.00000000	  -7393.95983710
      0.87200000	   2127.93830333	      2.87932845	   1373.33172784	      0.00000000	      0.00000000	   -832.82041499	     -0.00000000	     -0.00000000	  -7526.98997711
      0.87300000	   3108.02190811	      2.14576831	   2343.63713736	      0.00000000	      0.00000000	  -1075.92120149	     -0.00000000	     -0.00000000	 -10339.70838468
      0.87400000	   1978.63997825	      0.00000000	   1541.14760209	      0.00000000	      0.00000000	   -745.11150017	     -0.00000000	     -0.00000000	  -7446.49814319
      0.87500000	   2156.66143003	      6.71024929	   2277.74335735	      0.00000000	      0.00000000	  -1085.02579827	     -0.00000000	     -0.00000000	  -9648.81521517
      0.87600000	   3474.42428592	      0.00000000	   1994.95607863	      0.00000000	      0.00000000	   -754.87973742	      0.00000000	      0.00000000	  -8416.04099550
      0.87700000	   1482.87274219	      4.94333420	   1413.59907682	      0.00000000	      0.00000000	   -890.24203914	     -0.00000000	     -0.00000000	  -7515.37612859
      0.87800000	   4186.17835107	      3.16900369	   2237.45969844	      0.00000000	      0.00000000	   -964.21978198	      0.00000000	     -0.00000000	 -11200.24062625
      0.87900000	   1806.03001600	      0.00000000	   1333.47369212	      0.00000000	      0.00000000	   -807.72334867	      0.00000000	     -0.00000000	  -7390.06639379
      0.88000000	   2046.78307670	      2.09076905	   1417.39774076	      0.00000000	      0.00000000	   -725.32213700	     -0.00000000	     -0.00000000	  -7850.19457930
      0.88100000	   3455.00695450	      2.66441585	   1856.84628993	      0.00000000	      0.00000000	   -870.02447041	      0.00000000	      0.00000000	  -9018.73715210
      0.88200000	   3763.53938983	      5.91104584	   2598.74518042	      0.00000000	      0.00000000	  -1024.76590683	     -0.00000000	     -0.00000000	 -10783.81494341
      0.88300000	   2364.84409823	      0.00000000	   1838.05674128	      0.00000000	      0.00000000	   -968.93791708	      0.00000000	     -0.00000000	  -8849.42686605
      0.88400000	   2774.92125930	      3.31706276	   1649.21804713	      0.00000000	      0.00000000	   -830.93619983	      0.00000000	      0.00000000	  -8207.24361349
      0.88500000	   4217.62858703	      0.00000000	   2723.18916423	      0.00000000	      0.00000000	   -919.18571323	     -0.00000000	     -0.00000000	 -10463.56208213
      0.88600000	   3081.94089957	      1.45680933	   1878.83203682	      0.00000000	      0.00000000	   -550.77813086	     -0.00000000	      0.00000000	  -7653.75795043
      0.88700000	   3734.22029579	      5.35881460	   2969.16833325	      0.00000000	      0.00000000	  -1077.46715320	     -0.00000000	     -0.00000000	 -10941.74585562
      0.88800000	   2436.29193696	      0.00000000	   1859.43467265	      0.00000000	      0.00000000	   -794.16249330	     -0.00000000	     -0.00000000	  -7887.84760875
      0.88900000	   2020.96673233	      6.31448938	   1718.07699793	      0.00000000	      0.00000000	  -1137.52653811	      0.00000000	      0.00000000	  -9826.43023230
      0.89000000	   3752.13110097	      1.09808780	   2280.59627943	      0.00000000	      0.00000000	   -974.56970484	     -0.00000000	     -0.00000000	 -10214.19456404
      0.89100000	   3051.00963049	      0.00000000	   1535.92564034	      0.00000000	      0.00000000	   -982.84497989	      0.00000000	      0.00000000	  -9430.30633458
      0.89200000	   1630.56085546	      0.00000000	   1762.54862925	      0.00000000	      0.00000000	   -802.35351363	      0.00000000	     -0.00000000	  -8214.93365851
      0.89300000	   2088.89346915	      6.83619266	   1423.47110713	      0.00000000	      0.00000000	   -741.38326922	      0.00000000	     -0.00000000	  -7453.76625033
      0.89400000	   4444.38730630	      3.10355377	   2791.07676901	      0.00000000	      0.00000000	   -989.29807279	      0.00000000	      0.00000000	 -11369.61011035
      0.89500000	   3358.30767354	      0.00000000	   2377.21449632	      0.00000000	      0.00000000	   -933.44314818	     -0.00000000	     -0.00000000	  -9995.57390324
      0.89600000	   2493.69387449	      3.68307934	   2143.93677692	      0.00000000	      0.00000000	  -1051.48917928	      0.00000000	     -0.00000000	  -9468.40594020
      0.89700000	   2836.57741907	      0.00000000	   1879.69165770	      0.00000000	      0.00000000	   -669.12611667	     -0.00000000	     -0.00000000	  -7395.76563085
      0.89800000	   2842.24992713	      4.69796378	   2168.51500340	      0.00000000	      0.00000000	   -639.83288571	     -0.00000000	     -0.00000000	  -7534.08555258
      0.89900000	   3454.92388022	      0.67744831	   2632.85318769	      0.00000000	      0.00000000	  -1036.36920035	     -0.00000000	     -0.00000000	 -10536.01074778
      0.90000000	   1170.03242930	      0.00000000	   2203.85963840	      0.00000000	      0.00000000	   -840.97424146	      0.00000000	      0.00000000	  -8025.77882767
      0.90100000	   2199.92760733	      2.82861611	   2541.60228394	      0.00000000	      0.00000000	   -970.31724446	      0.00000000	      0.00000000	  -8767.37931422
      0.90200000	   2612.69924396	      1.49497573	   1864.60557714	      0.00000000	      0.00000000	   -880.53635314	     -0.00000000	      0.00000000	  -8213.57262168
      0.90300000	   4038.27938234	      5.66682744	   2249.28438766	      0.00000000	      0.00000000	   -870.04153726	      0.00000000	     -0.00000000	  -9815.50976741
      0.90400000	   4894.58389005	      0.00000000	   2599.47103132	      0.00000000	      0.00000000	   -814.81798235	      0.00000000	     -0.00000000	 -10473.08554264
      0.90500000	   3254.52931945	      0.00000000	   1392.06242367	      0.00000000	      0.00000000	   -562.86604521	     -0.00000000	     -0.00000000	  -7482.14757740
      0.90600000	   2157.19671376	      1.89520345	   1640.65074763	      0.00000000	      0.00000000	   -790.06884975	     -0.00000000	     -0.00000000	  -7391.03997691
      0.90700000	   1832.42850598	      0.00000000	   1445.47080610	      0.00000000	      0.00000000	   -762.99585578	     -0.00000000	     -0.00000000	  -8373.21347692
      0.90800000	   2272.75530045	      1.60490204	   1853.19529481	      0.00000000	      0.00000000	   -730.50912561	      0.00000000	      0.00000000	  -8571.34045669
      0.90900000	   2739.76928696	      4.01651665	   1456.30593575	      0.00000000	      0.00000000	   -814.89980202	     -0.00000000	      0.00000000	  -7968.70067000
      0.91000000	   3434.61637669	      6.92680611	   2027.56765125	      0.00000000	      0.00000000	   -966.48832749	      0.00000000	     -0.00000000	 -10067.98948678
      0.91100000	   3949.54161756	      0.00000000	   1826.22810218	      0.00000000	      0.00000000	  -1011.18473816	      0.00000000	      0.00000000	 -11047.86389488
      0.91200000	   1726.37448721	      1.63082309	   2361.33697693	      0.00000000	      0.00000000	  -1123.85703543	      0.00000000	      0.00000000	  -9509.97422917
      0.91300000	   3604.62508500	      0.00000000	   2534.39746278	      0.00000000	      0.00000000	   -955.12840311	     -0.00000000	     -0.00000000	 -10136.41559352
      0.91400000	   2562.54266523	      0.00000000	   1953.52053381	      0.00000000	      0.00000000	   -702.81035359	      0.00000000	      0.00000000	  -8115.78410740
      0.91500000	   2556.47764803	     11.05694785	   1490.82275120	      0.00000000	      0.00000000	   -993.94360410	      0.00000000	      0.00000000	  -9224.81892935
      0.91600000	   2867.90880014	      0.00000000	   1990.65696666	      0.00000000	      0.00000000	  -1209.44632682	     -0.00000000	     -0.00000000	 -11121.22662618
      0.91700000	   2113.00956531	      0.00000000	   1742.84285532	      0.00000000	      0.00000000	   -745.22258802	     -0.00000000	     -0.00000000	  -7745.83150376
      0.91800000	   2638.58408885	      5.70240876	   1825.19163027	      0.00000000	      0.00000000	  -1124.26455608	     -0.00000000	     -0.00000000	 -10329.08923744
      0.91900000	   2622.01678558	      0.00000000	   2026.57262980	      0.00000000	      0.00000000	   -983.62509954	      0.00000000	     -0.00000000	  -9136.63171128
      0.92000000	   2021.44262187	      0.00000000	   1900.50970484	      0.00000000	      0.00000000	   -742.05092367	     -0.00000000	     -0.00000000	  -7594.70476676
      0.92100000	   3077.14428434	      2.06632933	   1924.17901400	      0.00000000	      0.00000000	   -618.05857503	      0.00000000	      0.00000000	  -7418.85992874
      0.92200000	   3881.65840956	      1.82112250	   2636.15499302	      0.00000000	      0.00000000	   -723.76560965	      0.00000000	      0.00000000	  -8544.41360396
      0.92300000	   1360.80925704	      0.00000000	   1562.42453214	      0.00000000	      0.00000000	   -901.94917209	     -0.00000000	     -0.00000000	  -7527.12514909
      0.92400000	   1908.04675690	      2.94654598	   2309.91841091	      0.00000000	      0.00000000	   -757.73125014	      0.00000000	      0.00000000	  -7444.27959630
      0.92500000	   3228.24551134	      2.12387055	   2390.07652809	      0.00000000	      0.00000000	  -1095.13314450	      0.00000000	      0.00000000	 -10730.01374482
      0.92600000	   3140.33707823	      0.00000000	   1998.80830859	      0.00000000	      0.00000000	   -738.60797287	     -0.00000000	      0.00000000	  -7692.55716604
      0.92700000	   2461.67088479	      3.02089286	   2525.27708751	      0.00000000	      0.00000000	   -829.24566562	      0.00000000	      0.00000000	  -8008.75259399
      0.92800000	   2295.42829823	      4.39262823	   2716.87596280	      0.00000000	      0.00000000	  -1146.24988960	     -0.00000000	     -0.00000000	 -10068.10725957
      0.92900000	   4794.12733646	      0.00000000	   2092.47071121	      0.00000000	      0.00000000	   -734.81219566	     -0.00000000	     -0.00000000	  -9855.81233061
      0.93000000	   2503.93025334	      0.66970877	   1404.23209929	      0.00000000	      0.00000000	   -673.70993719	      0.00000000	     -0.00000000	  -7579.88441098
      0.93100000	   2534.47274977	      5.46666237	   1569.48869676	      0.00000000	      0.00000000	  -1045.64215635	      0.00000000	     -0.00000000	  -9432.56268424
      0.93200000	   3411.66416736	      2.30949552	   2626.33307079	      0.00000000	      0.00000000	  -1057.15777530	      0.00000000	     -0.00000000	 -10418.74797121
      0.93300000	   3495.11412712	      0.79150991	   2597.97107839	      0.00000000	      0.00000000	  -1022.62804203	      0.00000000	      0.00000000	 -10645.96794981
      0.93400000	   2258.03606130	      0.00000000	   1310.90301170	      0.00000000	      0.00000000	   -713.90143607	      0.00000000	     -0.00000000	  -7401.91223008
      0.93500000	   3213.71672902	      8.09020174	   2234.69427799	      0.00000000	      0.00000000	  -1020.32022588	     -0.00000000	     -0.00000000	  -9982.87898424
      0.93600000	   3337.16922254	      0.00000000	   2930.79495531	      0.00000000	      0.00000000	  -1123.22548552	     -0.00000000	      0.00000000	 -10821.62356569
      0.93700000	   2810.63204558	      0.81003121	   1940.41404715	      0.00000000	      0.00000000	   -921.47808437	      0.00000000	     -0.00000000	  -9013.64261436
      0.93800000	   2841.75994542	      0.84313290	   2255.23325914	      0.00000000	      0.00000000	   -913.44055154	      0.00000000	     -0.00000000	  -8803.95063127
      0.93900000	   1000.91045830	      0.00000000	   1117.80640251	      0.00000000	      0.00000000	   -870.33487149	     -0.00000000	     -0.00000000	  -7974.44868806
      0.94000000	   1929.47016636	      2.52781155	   2005.84138072	      0.00000000	      0.00000000	   -768.62650175	      0.00000000	     -0.00000000	  -8226.81030289
      0.94100000	   3331.25476479	      0.00000000	   2081.99750976	      0.00000000	      0.00000000	   -786.30848930	      0.00000000	      0.00000000	  -8635.13909945
      0.94200000	   3014.76237789	      0.00000000	   1898.21339925	      0.00000000	      0.00000000	   -621.38435504	     -0.00000000	     -0.00000000	  -7459.08914822
      0.94300000	   2147.64291763	      0.00000000	   1826.98667696	      0.00000000	      0.00000000	   -791.16707474	      0.00000000	      0.00000000	  -7390.19032283
      0.94400000	   1955.97966576	      5.43882055	   2196.64682054	      0.00000000	      0.00000000	   -889.90951520	     -0.00000000	     -0.00000000	  -8097.08714667
      0.94500000	   3632.16011142	      0.00000000	   2583.65439437	      0.00000000	      0.00000000	   -864.55599439	     -0.00000000	     -0.00000000	  -9556.11815024
      0.94600000	   1605.35531157	      1.54105924	   1077.03641843	      0.00000000	      0.00000000	   -827.65349111	      0.00000000	      0.00000000	  -8651.52978762
      0.94700000	   4685.57229737	      3.16913507	   1874.76842939	      0.00000000	      0.00000000	   -900.29682404	      0.00000000	      0.00000000	 -10861.46942110
      0.94800000	   2608.83231764	      0.00000000	   1362.52763907	      0.00000000	      0.00000000	   -647.15249655	     -0.00000000	     -0.00000000	  -7554.26924548
      0.94900000	   1535.38197910	      0.00000000	   1363.58826679	      0.00000000	      0.00000000	   -818.34761897	     -0.00000000	     -0.00000000	  -7782.37624981
      0.95000000	   2280.02829208	      1.95225967	   1332.86847184	      0.00000000	      0.00000000	   -694.13451841	      0.00000000	      0.00000000	  -8821.92048515
      0.95100000	   3133.03744552	      7.90411998	   2825.32938850	      0.00000000	      0.00000000	  -1039.45987798	     -0.00000000	     -0.00000000	 -10197.95683525
      0.95200000	   1829.59440294	      1.59578774	   1584.25000473	      0.00000000	      0.00000000	  -1021.22863651	      0.00000000	      0.00000000	  -8880.46994055
      0.95300000	   4339.63768277	      0.00000000	   2145.09724745	      0.00000000	      0.00000000	   -922.18528510	      0.00000000	      0.00000000	 -10420.19967056
      0.95400000	   1727.56092858	      1.51660020	   2304.89040322	      0.00000000	      0.00000000	   -782.05005396	     -0.00000000	      0.00000000	  -7428.90734491
      0.95500000	   2994.73445741	      3.36968688	   2347.39814487	      0.00000000	      0.00000000	  -1149.50661369	      0.00000000	      0.00000000	 -10804.60207770
      0.95600000	   2164.40452139	      0.00000000	   1393.11390149	      0.00000000	      0.00000000	   -714.01138675	      0.00000000	     -0.00000000	  -7570.72720865
      0.95700000	   1444.27939481	      0.93635602	   1670.28070139	      0.00000000	      0.00000000	   -840.54143966	      0.00000000	      0.00000000	  -8199.65335032
      0.95800000	   2414.34389890	      0.00000000	   1554.23308383	      0.00000000	      0.00000000	   -753.42372277	     -0.00000000	     -0.00000000	  -9076.50609917
      0.95900000	   1608.41876909	      2.08402460	   1763.63794514	      0.00000000	      0.00000000	   -864.02164818	     -0.00000000	     -0.00000000	  -8800.68915404
      0.96000000	   2083.66728148	      2.07284179	   2627.44411924	      0.00000000	      0.00000000	  -1103.90001371	      0.00000000	     -0.00000000	  -9654.76012940
      0.96100000	   3019.27724579	      0.00000000	   2505.20399987	      0.00000000	      0.00000000	   -932.00011746	     -0.00000000	     -0.00000000	  -9432.21378111
      0.96200000	   2525.56777418	      0.00000000	   1303.98101537	      0.00000000	      0.00000000	   -747.61979940	     -0.00000000	     -0.00000000	  -7390.13958012
      0.96300000	   3407.47187774	      2.90114108	   1689.11190342	      0.00000000	      0.00000000	   -723.42619823	      0.00000000	      0.00000000	  -7759.70648378
      0.96400000	   3461.86739783	      5.14927682	   2623.84227549	      0.00000000	      0.00000000	   -966.14979879	      0.00000000	      0.00000000	  -9983.43439449
      0.96500000	   3474.47997399	      3.96341528	   2473.51762642	      0.00000000	      0.00000000	   -925.65965108	     -0.00000000	      0.00000000	  -9846.56123453
      0.96600000	   3907.05209856	      0.00000000	   2390.19747723	      0.00000000	      0.00000000	   -966.60325922	      0.00000000	     -0.00000000	 -10611.05502529
      0.96700000	   3571.06671442	      0.00000000	   1536.93236670	      0.00000000	      0.00000000	   -597.33220506	      0.00000000	     -0.00000000	  -7401.69380896
      0.96800000	   2016.15778958	      9.80872053	   1709.02179506	      0.00000000	      0.00000000	  -1038.94342326	      0.00000000	     -0.00000000	  -9004.56500304
      0.96900000	   3067.29706340	      0.00000000	   1898.37025100	      0.00000000	      0.00000000	   -823.82588824	     -0.00000000	      0.00000000	  -8637.55832506
      0.97000000	   2162.27768506	      0.88121153	   1424.15670439	      0.00000000	      0.00000000	   -735.81478435	     -0.00000000	      0.00000000	  -9553.58963719
      0.97100000	   3424.95503678	      1.50889324	   2464.93563783	      0.00000000	      0.00000000	   -717.21405477	      0.00000000	      0.00000000	  -8117.98579098
      0.97200000	   2465.45867348	      0.00000000	   1612.48787678	      0.00000000	      0.00000000	   -683.41393907	     -0.00000000	      0.00000000	  -7750.84791404
      0.97300000	   2696.62986807	      2.82751715	   1448.75843844	      0.00000000	      0.00000000	   -745.54949774	      0.00000000	      0.00000000	  -7690.15883894
      0.97400000	   2588.50474912	      0.00000000	   1104.15661871	      0.00000000	      0.00000000	   -674.68926611	     -0.00000000	      0.00000000	  -7687.76551431
      0.97500000	   1533.38974359	      2.06621457	   1252.19199206	      0.00000000	      0.00000000	   -799.44774680	     -0.00000000	     -0.00000000	  -7992.95956372
      0.97600000	   2676.42509763	      0.00000000	   1481.38029356	      0.00000000	      0.00000000	   -829.45271590	     -0.00000000	      0.00000000	  -8139.00096715
      0.97700000	   3439.57841355	      0.00000000	   2443.92338348	      0.00000000	      0.00000000	   -614.26703398	     -0.00000000	     -0.00000000	  -7390.07626031
      0.97800000	   2218.55494344	      2.20180871	   1037.82854024	      0.00000000	      0.00000000	   -726.65266447	     -0.00000000	     -0.00000000	  -7769.40254456
      0.97900000	   2860.18630911	      0.00000000	   1549.30236140	      0.00000000	      0.00000000	   -936.71283570	     -0.00000000	     -0.00000000	  -9180.42316419
      0.98000000	   3745.69815308	      0.00000000	   1646.88044989	      0.00000000	      0.00000000	   -632.29792731	     -0.00000000	     -0.00000000	  -7502.84139493
      0.98100000	   2172.62024439	      0.00000000	   1779.85431316	      0.00000000	      0.00000000	   -714.33517160	     -0.00000000	     -0.00000000	  -8076.00117359
      0.98200000	   1755.29558041	      0.36092345	   1388.53437003	      0.00000000	      0.00000000	   -804.36264356	      0.00000000	      0.00000000	  -8577.08306006
      0.98300000	   2044.88946492	      5.56996852	   2232.34208637	      0.00000000	      0.00000000	   -771.08356900	      0.00000000	      0.00000000	  -7392.23047699
      0.98400000	   2648.96568665	      0.00000000	   2349.12795203	      0.00000000	      0.00000000	  -1108.52535890	      0.00000000	     -0.00000000	 -10220.45660899
      0.98500000	   2461.75914823	      0.00000000	   1320.97073757	      0.00000000	      0.00000000	   -674.53960802	     -0.00000000	      0.00000000	  -7535.83856534
      0.98600000	   2941.66895097	      0.00000000	   2277.65875110	      0.00000000	      0.00000000	   -666.01054642	      0.00000000	      0.00000000	  -7422.08161160
      0.98700000	   2744.64415897	      0.00000000	   1427.69415158	      0.00000000	      0.00000000	   -626.78237646	      0.00000000	      0.00000000	  -8422.22124684
      0.98800000	   2252.93269554	      7.50350503	   1973.18105560	      0.00000000	      0.00000000	   -871.11915318	     -0.00000000	     -0.00000000	  -7880.05270916
      0.98900000	   2828.87895133	      0.00000000	   1976.46318912	      0.00000000	      0.00000000	   -984.90385392	      0.00000000	     -0.00000000	  -9591.64626567
      0.99000000	   2380.48704089	      0.00000000	   2095.81303373	      0.00000000	      0.00000000	  -1123.66404066	     -0.00000000	     -0.00000000	  -9962.59978471
      0.99100000	   3850.42010168	      0.00000000	   2300.40392205	      0.00000000	      0.00000000	   -717.03673421	      0.00000000	     -0.00000000	  -8394.12475412
      0.99200000	   2389.76329926	      7.03189269	   2565.56214528	      0.00000000	      0.00000000	  -1042.08259381	     -0.00000000	     -0.00000000	  -9297.96506841
      0.99300000	   5106.26309787	      0.00000000	   2566.40998786	      0.00000000	      0.00000000	   -765.33215783	     -0.00000000	      0.00000000	 -10565.39119433
      0.99400000	   1744.72076846	      0.00000000	   1513.44966404	      0.00000000	      0.00000000	   -884.21315378	      0.00000000	     -0.00000000	  -9424.10561827
      0.99500000	   2307.85246933	      6.88786269	   1235.30957923	      0.00000000	      0.00000000	   -706.82373366	      0.00000000	      0.00000000	  -7578.56390718
      0.99600000	   2338.07416377	      2.75183102	   2882.10287142	      0.00000000	      0.00000000	  -1200.41996760	     -0.00000000	     -0.00000000	 -10452.32763990
      0.99700000	   3638.36620389	      0.00000000	   2457.46867072	      0.00000000	      0.00000000	   -785.50745019	      0.00000000	     -0.00000000	  -8688.88749111
      0.99800000	   2528.64466956	      0.00000000	   2192.15076314	      0.00000000	      0.00000000	  -1069.74700980	      0.00000000	      0.00000000	  -9827.40017777
      0.99900000	   1501.96221717	      0.00000000	    984.91608963	      0.00000000	      0.00000000	   -910.51855961	     -0.00000000	     -0.00000000	  -9884.39678823
      1.00000000	   1051.06495333	      2.53211870	   1192.43182555	      0.00000000	      0.00000000	   -952.73124888	      0.00000000	     -0.00000000	  -8821.91343225
      1.00100000	   2845.56890445	      9.22189460	   2577.86535354	      0.00000000	      0.00000000	   -994.91254097	      0.00000000	      0.00000000	  -9612.93529364
      1.00200000	   3282.95985205	      0.00000000	   2471.22704755	      0.00000000	      0.00000000	  -1038.40504614	      0.00000000	      0.00000000	 -10164.30009862
      1.00300000	   1842.60595584	      0.00000000	   1159.98988783	      0.00000000	      0.00000000	   -836.88012751	      0.00000000	      0.00000000	  -8604.16981026
      1.00400000	   1920.56263490	      1.66344293	   1641.38525518	      0.00000000	      0.00000000	   -826.20049744	      0.00000000	     -0.00000000	  -9658.97857336
      1.00500000	   2288.29143958	      0.00000000	   1743.79255932	      0.00000000	      0.00000000	   -776.37860484	     -0.00000000	      0.00000000	  -7393.62994303
      1.00600000	   2110.64771491	      0.57342393	    950.86925797	      0.00000000	      0.00000000	   -850.71462075	     -0.00000000	     -0.00000000	  -9516.86575712
      1.00700000	   3096.46723814	      8.84351108	   2265.22557926	      0.00000000	      0.00000000	   -923.12905868	      0.00000000	      0.00000000	  -9230.02834564
      1.00800000	   3213.81897505	      0.00000000	   1850.22452785	      0.00000000	      0.00000000	   -824.88179469	      0.00000000	      0.00000000	  -8805.98684841
      1.00900000	   2342.60808903	      0.90184233	   1606.41347578	      0.00000000	      0.00000000	   -914.61294774	     -0.00000000	      0.00000000	  -8319.54306378
      1.01000000	   2860.12207829	      0.00000000	   2234.68057508	      0.00000000	      0.00000000	   -647.29058124	     -0.00000000	     -0.00000000	  -7591.39672947
      1.01100000	   1586.91197931	      1.92876683	   1285.00243029	      0.00000000	      0.00000000	   -802.85210051	      0.00000000	      0.00000000	  -8223.52139742
      1.01200000	   4135.39440962	     12.93305162	   2024.17006116	      0.00000000	      0.00000000	   -853.65306747	     -0.00000000	     -0.00000000	  -9905.22577101
      1.01300000	   2421.52985401	      0.00000000	   1894.54590418	      0.00000000	      0.00000000	  -1091.86541655	      0.00000000	     -0.00000000	  -9797.58105337
      1.01400000	   2186.44350163	      3.88158504	   2638.84209103	      0.00000000	      0.00000000	  -1014.81422546	      0.00000000	      0.00000000	  -9076.63024396
      1.01500000	   3297.08937278	      0.00000000	   2468.77706200	      0.00000000	      0.00000000	  -1026.04947722	      0.00000000	      0.00000000	 -10280.02093381
      1.01600000	   2574.07326176	      0.00000000	   1683.10267167	      0.00000000	      0.00000000	   -630.18862044	     -0.00000000	      0.00000000	  -7923.83010505
      1.01700000	   2110.20485636	      0.00000000	   1356.67925028	      0.00000000	      0.00000000	   -808.64989373	     -0.00000000	     -0.00000000	 -10252.55800977
      1.01800000	   2265.21304611	      1.18735255	    977.18248005	      0.00000000	      0.00000000	   -788.44778196	      0.00000000	     -0.00000000	  -9102.49839432
      1.01900000	   2085.39614709	      4.19267703	   1908.96324727	      0.00000000	      0.00000000	   -875.66338862	     -0.00000000	     -0.00000000	  -7737.09037012
      1.02000000	   3711.89815289	      0.00000000	   1940.37180521	      0.00000000	      0.00000000	   -752.10878271	     -0.00000000	     -0.00000000	  -8502.61919100
      1.02100000	   2099.63963174	      0.00000000	   2166.01823785	      0.00000000	      0.00000000	   -765.74966226	      0.00000000	     -0.00000000	  -7784.60840824
      1.02200000	   2634.47164997	      2.60925815	   1165.58747092	      0.00000000	      0.00000000	   -696.45608638	     -0.00000000	      0.00000000	  -7453.90080858
      1.02300000	   1902.13119057	      0.00000000	   1407.22501503	      0.00000000	      0.00000000	   -897.50451248	      0.00000000	      0.00000000	  -7949.60823277
      1.02400000	   2489.78297442	      0.00000000	   2253.05348852	      0.00000000	      0.00000000	   -696.36975002	      0.00000000	      0.00000000	  -7517.77402931
      1.02500000	   3488.82249216	      1.52146178	   2134.00474831	      0.00000000	      0.00000000	   -629.82228695	     -0.00000000	     -0.00000000	  -7390.17428403
      1.02600000	   1467.34704848	      0.88549266	   1811.18402468	      0.00000000	      0.00000000	   -811.82878893	     -0.00000000	     -0.00000000	  -7429.88193053
      1.02700000	   2951.29105580	      2.03193205	   1737.07246028	      0.00000000	      0.00000000	   -627.13215965	      0.00000000	     -0.00000000	  -7465.04919282
      1.02800000	   2699.01557934	      5.73945476	   1914.09656221	      0.00000000	      0.00000000	  -1060.40780900	     -0.00000000	     -0.00000000	  -9898.46270671
      1.02900000	   3327.70213480	      0.00000000	   1762.54974590	      0.00000000	      0.00000000	   -921.63956373	      0.00000000	      0.00000000	  -9308.19994360
      1.03000000	   1925.30730710	      0.00000000	   1462.49278853	      0.00000000	      0.00000000	   -874.70665998	      0.00000000	      0.00000000	  -9551.51890008
      1.03100000	   1713.04492774	      0.00000000	   1507.21861445	      0.00000000	      0.00000000	   -822.23255291	      0.00000000	      0.00000000	  -8505.07305087
      1.03200000	   1497.96120225	      1.16017540	    770.52386221	      0.00000000	      0.00000000	   -936.74484044	     -0.00000000	      0.00000000	 -10277.49145714
      1.03300000	   3008.59324333	      3.75523280	   1898.30538773	      0.00000000	      0.00000000	   -770.37001527	     -0.00000000	     -0.00000000	  -7848.38469993
      1.03400000	   2081.06207320	      0.00000000	   1845.26303004	      0.00000000	      0.00000000	   -766.86005207	     -0.00000000	     -0.00000000	  -8359.49369951
      1.03500000	   2788.15180822	      4.97694071	   1967.55843651	      0.00000000	      0.00000000	   -701.91803876	      0.00000000	      0.00000000	  -7390.43004601
      1.03600000	   4128.65450798	      0.00000000	   1820.15017659	      0.00000000	      0.00000000	   -677.57516082	      0.00000000	     -0.00000000	  -8311.13509011
      1.03700000	   3645.54324469	      0.00000000	   1852.03773814	      0.00000000	      0.00000000	   -812.41338390	     -0.00000000	     -0.00000000	  -8842.70070661
      1.03800000	   2325.27830696	      0.78074201	   1359.58109846	      0.00000000	      0.00000000	   -801.54449903	      0.00000000	      0.00000000	  -7422.03144587
      1.03900000	   2455.51690841	      4.83238760	   2433.20229853	      0.00000000	      0.00000000	   -821.19210061	      0.00000000	      0.00000000	  -7573.96617835
      1.04000000	   2003.26468223	      0.00000000	   2655.32133759	      0.00000000	      0.00000000	  -1052.64132046	      0.00000000	      0.00000000	  -9219.12171001
      1.04100000	   2232.41752148	      0.00000000	   1663.60588369	      0.00000000	      0.00000000	   -742.08091508	     -0.00000000	      0.00000000	  -9470.69704696
      1.04200000	   4602.28688684	      5.73715131	   2458.21382676	      0.00000000	      0.00000000	   -720.15338578	      0.00000000	     -0.00000000	  -9697.90610816
      1.04300000	   2496.53883506	      0.00000000	   2747.64107408	      0.00000000	      0.00000000	   -903.98522212	     -0.00000000	     -0.00000000	  -8598.18372776
      1.04400000	   3367.79534406	      3.12039401	   1332.05525657	      0.00000000	      0.00000000	   -562.37062242	      0.00000000	      0.00000000	  -7955.24666303
      1.04500000	   3793.10740117	      0.00000000	   1648.95528090	      0.00000000	      0.00000000	   -951.14450802	     -0.00000000	      0.00000000	 -10280.51041920
      1.04600000	   2242.52495337	      0.00000000	   1824.43126468	      0.00000000	      0.00000000	   -695.29706290	      0.00000000	     -0.00000000	  -7707.29019289
      1.04700000	   1369.42203667	      1.77834476	   1915.52349030	      0.00000000	      0.00000000	   -874.32040512	      0.00000000	     -0.00000000	  -8905.61561718
      1.04800000	   1754.42358322	      0.00000000	   1203.39954294	      0.00000000	      0.00000000	   -798.53910267	      0.00000000	     -0.00000000	  -7653.04882739
      1.04900000	   1769.12648944	      0.71347316	    834.59288239	      0.00000000	      0.00000000	   -897.46098608	     -0.00000000	     -0.00000000	 -11073.77098751
      1.05000000	   2342.42199464	      2.85192241	   2468.30668013	      0.00000000	      0.00000000	  -1121.78860510	      0.00000000	      0.00000000	  -9910.82547213
      1.05100000	   2419.46090872	      0.00000000	   1750.95138312	      0.00000000	      0.00000000	   -727.79198969	      0.00000000	      0.00000000	  -7413.93203011
      1.05200000	   3812.10274763	      1.10342141	   2522.62086335	      0.00000000	      0.00000000	   -713.22990521	     -0.00000000	      0.00000000	  -8094.08263305
      1.05300000	   1946.45154804	      0.00000000	    920.43105930	      0.00000000	      0.00000000	   -816.95496609	     -0.00000000	     -0.00000000	  -9007.57908941
      1.05400000	   1818.35719910	      0.00000000	   1069.60313174	      0.00000000	      0.00000000	   -867.32461437	      0.00000000	     -0.00000000	  -9709.24661605
      1.05500000	   1318.43357236	      1.54215877	   1375.73737130	      0.00000000	      0.00000000	   -992.52518521	      0.00000000	     -0.00000000	  -9922.99234067
      1.05600000	   3467.63180289	      6.10778726	   2075.69764308	      0.00000000	      0.00000000	   -996.17635233	      0.00000000	      0.00000000	  -9963.99737285
      1.05700000	   3672.53680218	      0.00000000	   1258.14206497	      0.00000000	      0.00000000	   -551.70380627	      0.00000000	      0.00000000	  -7675.54537169
      1.05800000	   1036.18186071	      3.71521747	   1563.38038228	      0.00000000	      0.00000000	   -894.32433227	     -0.00000000	     -0.00000000	  -8057.77793777
      1.05900000	   2859.06401498	      1.09623016	   2567.38561056	      0.00000000	      0.00000000	  -1039.68360676	      0.00000000	     -0.00000000	  -9832.00188203
      1.06000000	   2838.88531660	      0.00000000	   1799.50176286	      0.00000000	      0.00000000	   -831.03515056	      0.00000000	      0.00000000	  -8256.18147352
      1.06100000	   2358.70917278	      0.00000000	   1326.15239471	      0.00000000	      0.00000000	   -683.19859305	     -0.00000000	     -0.00000000	  -7988.96002563
      1.06200000	   1658.16979038	      0.00000000	   1593.07850251	      0.00000000	      0.00000000	  -1020.09581397	      0.00000000	      0.00000000	 -11381.78754631
      1.06300000	   2837.61653892	      0.68513541	   1327.41482258	      0.00000000	      0.00000000	   -682.84825842	     -0.00000000	     -0.00000000	  -8386.71110987
      1.06400000	   1712.41373929	      0.00000000	   1524.78706006	      0.00000000	      0.00000000	   -884.23344308	      0.00000000	     -0.00000000	 -10582.62100467
      1.06500000	   2408.04603679	      4.09593175	   1818.34096500	      0.00000000	      0.00000000	   -718.93945472	     -0.00000000	     -0.00000000	  -7533.24206593
      1.06600000	   3987.45939666	      0.74960570	   2392.21910810	      0.00000000	      0.00000000	   -781.20044868	      0.00000000	      0.00000000	  -9090.99146261
      1.06700000	   3213.49062150	      0.00000000	   2610.20971540	      0.00000000	      0.00000000	   -923.25575476	     -0.00000000	     -0.00000000	  -9681.35071332
      1.06800000	   2973.63380297	      0.00000000	   1669.88144520	      0.00000000	      0.00000000	   -896.02467113	     -0.00000000	     -0.00000000	  -9003.27714804
      1.06900000	   1724.57235930	      1.58488142	   1312.65409695	      0.00000000	      0.00000000	   -809.20076322	     -0.00000000	     -0.00000000	  -7393.59920237
      1.07000000	   3980.87378470	      2.18118520	   2389.18080965	      0.00000000	      0.00000000	   -713.72468729	     -0.00000000	      0.00000000	  -8528.87531947
      1.07100000	   1569.17831623	      1.71702208	   1948.60446808	      0.00000000	      0.00000000	   -909.19599172	     -0.00000000	      0.00000000	  -7697.48721270
      1.07200000	   2576.64886023	      0.00000000	   1825.69144320	      0.00000000	      0.00000000	  -1018.67679114	     -0.00000000	      0.00000000	  -9526.43395129
      1.07300000	   2565.60988228	      0.00000000	   1966.43221017	      0.00000000	      0.00000000	   -668.42569007	     -0.00000000	      0.00000000	  -7459.44809828
      1.07400000	   1986.18992344	      1.21332663	    858.42778338	      0.00000000	      0.00000000	   -836.33770362	      0.00000000	      0.00000000	  -9177.03516902
      1.07500000	   3491.64787686	      0.27848304	   2439.15436767	      0.00000000	      0.00000000	   -644.67793000	     -0.00000000	      0.00000000	  -7404.92999753
      1.07600000	   2914.84641153	      1.00974056	   1070.44645907	      0.00000000	      0.00000000	   -639.70067988	      0.00000000	      0.00000000	  -7818.56251971
      1.07700000	   1908.12271642	      0.00000000	   1672.60124664	      0.00000000	      0.00000000	   -792.74964110	      0.00000000	      0.00000000	  -7393.80184692
      1.07800000	   1521.35308496	      0.71575711	   1360.51816983	      0.00000000	      0.00000000	   -988.50440531	     -0.00000000	     -0.00000000	 -10141.64094137
      1.07900000	   4575.07015559	      3.30924756	   1997.11059190	      0.00000000	      0.00000000	   -836.31233172	     -0.00000000	     -0.00000000	  -9967.87248986
      1.08000000	   1503.61123427	      0.00000000	   1995.43020018	      0.00000000	      0.00000000	   -822.89662895	      0.00000000	     -0.00000000	  -7641.07062505
      1.08100000	   3457.96956021	      1.05034899	   2411.24813435	      0.00000000	      0.00000000	   -716.37336874	     -0.00000000	      0.00000000	  -7720.24115866
      1.08200000	   1852.02306343	      0.00000000	   1751.00161118	      0.00000000	      0.00000000	   -781.43316875	     -0.00000000	     -0.00000000	  -8219.80125095
      1.08300000	   3186.41150403	      9.57811555	   2732.55004273	      0.00000000	      0.00000000	   -907.14853360	     -0.00000000	      0.00000000	  -9251.41244068
      1.08400000	   3747.41557667	      0.00000000	   2179.04046884	      0.00000000	      0.00000000	   -886.84557343	     -0.00000000	     -0.00000000	  -9542.63139538
      1.08500000	   2899.68359455	      0.00000000	   1872.59496100	      0.00000000	      0.00000000	   -666.57827590	     -0.00000000	      0.00000000	  -7428.13510350
      1.08600000	   1900.23953001	      0.00000000	   1531.90882935	      0.00000000	      0.00000000	   -781.36192154	     -0.00000000	     -0.00000000	  -9080.56049964
      1.08700000	   1650.09005408	      1.26367280	   1865.99116037	      0.00000000	      0.00000000	   -859.88231042	      0.00000000	      0.00000000	  -9389.94787238
      1.08800000	   2912.27995575	      4.52581360	   2344.92113412	      0.00000000	      0.00000000	   -797.84441627	     -0.00000000	     -0.00000000	  -8031.02688841
      1.08900000	   4362.53064546	      4.45773972	   2519.08422575	      0.00000000	      0.00000000	   -747.97404734	      0.00000000	      0.00000000	  -9120.93066530
      1.09000000	   3786.31831517	      0.00000000	   1716.82398383	      0.00000000	      0.00000000	   -783.48033627	     -0.00000000	     -0.00000000	  -8791.87274080
      1.09100000	   2170.78779213	      0.00000000	   1243.33791118	      0.00000000	      0.00000000	   -711.60235721	     -0.00000000	     -0.00000000	  -7565.19114040
      1.09200000	   1325.69524245	      5.74982239	   1730.49322506	      0.00000000	      0.00000000	   -816.82816143	      0.00000000	      0.00000000	  -7443.40749216
      1.09300000	   4041.17334604	      0.00000000	   1743.25064401	      0.00000000	      0.00000000	   -819.30570455	     -0.00000000	     -0.00000000	  -9655.96391158
      1.09400000	   2049.53305680	      0.00000000	    845.05411998	      0.00000000	      0.00000000	   -831.54437134	     -0.00000000	     -0.00000000	 -11445.94907309
      1.09500000	   1776.24762558	      1.69079566	   1884.37121550	      0.00000000	      0.00000000	   -800.12444030	      0.00000000	     -0.00000000	  -8137.10820317
      1.09600000	   1914.50895329	      0.20698322	   1088.90859201	      0.00000000	      0.00000000	   -983.19766240	     -0.00000000	     -0.00000000	 -11332.90911961
      1.09700000	   1920.95983957	      2.12168419	   1221.19883137	      0.00000000	      0.00000000	   -842.56624125	      0.00000000	      0.00000000	  -8866.79354201
      1.09800000	   3345.05027107	      8.18013199	   1772.46099988	      0.00000000	      0.00000000	   -777.84613844	     -0.00000000	     -0.00000000	  -8377.97288047
      1.09900000	   2707.44442690	      0.00000000	   1375.48598138	      0.00000000	      0.00000000	   -779.71404488	      0.00000000	     -0.00000000	  -7542.75611759
      1.10000000	   1062.31114693	      0.92381475	   1289.63880187	      0.00000000	      0.00000000	  -1039.25596149	     -0.00000000	     -0.00000000	 -10388.83610481
      1.10100000	   4543.33036794	      0.20190251	   1513.82257902	      0.00000000	      0.00000000	   -705.86577807	      0.00000000	     -0.00000000	  -9069.89939059
      1.10200000	   2025.87109845	      0.00000000	   1027.31347009	      0.00000000	      0.00000000	   -788.21406920	     -0.00000000	      0.00000000	  -9164.20567209
      1.10300000	   3966.49703889	      3.30879347	   1665.55481686	      0.00000000	      0.00000000	   -569.16978999	     -0.00000000	      0.00000000	  -7393.13017447
      1.10400000	   2132.21332398	      0.00000000	   1444.78274287	      0.00000000	      0.00000000	   -783.00872520	     -0.00000000	     -0.00000000	  -8656.70376683
      1.10500000	   1695.99848565	      3.52891783	   2003.41483309	      0.00000000	      0.00000000	   -766.56107972	     -0.00000000	      0.00000000	  -7475.28463107
      1.10600000	   3067.00854475	      0.00000000	   2018.44565339	      0.00000000	      0.00000000	   -628.46389653	      0.00000000	      0.00000000	  -7427.06123088
      1.10700000	   2820.08280010	      0.80153700	   1607.27074872	      0.00000000	      0.00000000	   -682.73739965	     -0.00000000	      0.00000000	  -8236.03770824
      1.10800000	   1688.28587838	      0.00000000	   1794.31078505	      0.00000000	      0.00000000	   -776.54999763	     -0.00000000	     -0.00000000	  -8047.83391294
      1.10900000	    684.14048166	      0.00000000	    956.42361245	      0.00000000	      0.00000000	  -1220.50120401	      0.00000000	     -0.00000000	 -11220.25258057
      1.11000000	   3633.52386691	     11.49988098	   2209.18489672	      0.00000000	      0.00000000	   -804.12533765	      0.00000000	      0.00000000	  -8861.77663016
      1.11100000	   2321.97701510	      0.00000000	   2586.58780421	      0.00000000	      0.00000000	  -1094.03178913	      0.00000000	      0.00000000	  -9701.76290314
      1.11200000	   1638.48026281	      0.00000000	   1034.44059809	      0.00000000	      0.00000000	   -926.83699126	     -0.00000000	      0.00000000	  -9864.03232284
      1.11300000	   3568.19917285	      2.71864092	   2507.30639298	      0.00000000	      0.00000000	   -743.78533957	     -0.00000000	     -0.00000000	  -8001.50592971
      1.11400000	   1576.37270809	      0.00000000	   1921.20572922	      0.00000000	      0.00000000	   -796.81062344	      0.00000000	     -0.00000000	  -7754.39441924
      1.11500000	   3035.77524008	      2.69876575	   1690.60759085	      0.00000000	      0.00000000	   -670.54256421	      0.00000000	      0.00000000	  -7405.27231242
      1.11600000	   2234.56275161	      0.00000000	   1322.57810646	      0.00000000	      0.00000000	   -738.42582656	     -0.00000000	     -0.00000000	  -7584.76523700
      1.11700000	   1592.54610161	      0.00000000	   1545.35763573	      0.00000000	      0.00000000	  -1094.40494727	      0.00000000	      0.00000000	 -12030.53169122
      1.11800000	   2136.86951930	      1.03919940	    870.38426714	      0.00000000	      0.00000000	   -836.26511083	     -0.00000000	     -0.00000000	 -10507.92794766
      1.11900000	   2643.53212537	      7.89649302	   2364.97466877	      0.00000000	      0.00000000	  -1067.36866518	      0.00000000	     -0.00000000	  -9808.90529237
      1.12000000	   3300.36689887	      0.00000000	   1772.18093559	      0.00000000	      0.00000000	   -957.71785793	     -0.00000000	      0.00000000	  -9470.33217759
      1.12100000	   1680.92752107	      0.00000000	    690.58296476	      0.00000000	      0.00000000	   -968.52402921	      0.00000000	      0.00000000	 -10942.14687377
      1.12200000	   3007.20368340	      2.71561877	   1880.52503879	      0.00000000	      0.00000000	   -771.68126648	     -0.00000000	     -0.00000000	  -7771.96163733
      1.12300000	   1777.85560450	      0.00000000	   1297.11233998	      0.00000000	      0.00000000	   -876.49536882	      0.00000000	      0.00000000	  -8947.96060829
      1.12400000	   3729.44877207	      9.49751626	   2536.14505150	      0.00000000	      0.00000000	   -703.07632368	      0.00000000	     -0.00000000	  -8210.08273243
      1.12500000	   4139.30449898	      0.00000000	   2561.26898797	      0.00000000	      0.00000000	   -703.77510201	      0.00000000	     -0.00000000	  -8449.14614031
      1.12600000	   1554.34288541	      0.68263310	   1700.58119856	      0.00000000	      0.00000000	   -948.10282242	     -0.00000000	     -0.00000000	 -10123.64630322
      1.12700000	   4081.95898401	      7.91132684	   1554.39230295	      0.00000000	      0.00000000	   -769.05255248	      0.00000000	      0.00000000	  -9071.45271644
      1.12800000	   3039.15215845	      0.00000000	   2043.36560984	      0.00000000	      0.00000000	   -652.28108142	     -0.00000000	      0.00000000	  -7404.45819213
      1.12900000	   3408.45470153	      5.20161312	   1578.95985786	      0.00000000	      0.00000000	   -613.71377747	     -0.00000000	     -0.00000000	  -7432.51829481
      1.13000000	   2335.24926141	      0.00000000	   2666.95687308	      0.00000000	      0.00000000	  -1051.56069262	     -0.00000000	      0.00000000	  -9438.62052033
      1.13100000	   2702.37455351	      0.40397031	   1219.68254884	      0.00000000	      0.00000000	   -698.19572154	     -0.00000000	     -0.00000000	  -8612.01165980
      1.13200000	   3564.86340334	      1.76968657	   1895.36907407	      0.00000000	      0.00000000	   -770.23626521	      0.00000000	      0.00000000	  -8555.04117567
      1.13300000	   1493.62843446	      0.00000000	   1490.03514400	      0.00000000	      0.00000000	   -945.79070124	     -0.00000000	     -0.00000000	  -9716.39919414
      1.13400000	   2777.51192300	      1.58088377	   1787.13391809	      0.00000000	      0.00000000	   -692.83595371	      0.00000000	     -0.00000000	  -8335.85715209
      1.13500000	   2896.38079794	      0.00000000	   1766.77628053	      0.00000000	      0.00000000	   -592.02133955	     -0.00000000	     -0.00000000	  -8974.72973899
      1.13600000	   1410.32170266	      3.31160372	   1856.88849730	      0.00000000	      0.00000000	   -805.62670014	      0.00000000	      0.00000000	  -7611.14827993
      1.13700000	   3536.13071269	      0.00000000	   1807.25331842	      0.00000000	      0.00000000	   -768.30063123	      0.00000000	      0.00000000	  -8198.16491691
      1.13800000	   1621.80077553	      0.00000000	   1004.54865151	      0.00000000	      0.00000000	  -1094.57288671	     -0.00000000	     -0.00000000	 -12273.34325631
      1.13900000	   2321.73616684	      5.07192140	   2201.99215396	      0.00000000	      0.00000000	   -720.71201695	      0.00000000	     -0.00000000	  -7540.76641091
      1.14000000	   4079.07122990	      0.00000000	   1993.28931829	      0.00000000	      0.00000000	   -631.23281212	      0.00000000	      0.00000000	  -7901.36530959
      1.14100000	   1392.90713488	      0.00000000	   1441.70650293	      0.00000000	      0.00000000	   -999.35774727	      0.00000000	     -0.00000000	 -10817.22891823
      1.14200000	   1276.27611795	      1.10206353	    778.57980067	      0.00000000	      0.00000000	  -1037.90944085	      0.00000000	      0.00000000	 -10765.98868216
      1.14300000	   2620.09854199	      0.00000000	   2179.49117523	      0.00000000	      0.00000000	   -748.79048784	      0.00000000	      0.00000000	  -7390.75267845
      1.14400000	   1205.58113381	      0.31683570	    745.58957880	      0.00000000	      0.00000000	  -1076.22645896	      0.00000000	      0.00000000	 -11580.31505037
      1.14500000	   4197.36490290	      3.69248357	   1732.18739954	      0.00000000	      0.00000000	   -678.44952377	     -0.00000000	     -0.00000000	  -8759.13606254
      1.14600000	   3386.91899471	      1.26251795	   1837.49457032	      0.00000000	      0.00000000	   -686.33986701	     -0.00000000	     -0.00000000	  -7639.90470815
      1.14700000	   3012.49428939	      4.84781068	   1775.21261305	      0.00000000	      0.00000000	  -1017.56616919	     -0.00000000	     -0.00000000	  -9651.02072978
      1.14800000	   2246.06849990	      0.00000000	   2767.40741576	      0.00000000	      0.00000000	  -1036.37323958	      0.00000000	      0.00000000	  -9305.09139531
      1.14900000	   2750.69338106	      0.00000000	   1618.97547866	      0.00000000	      0.00000000	   -683.64939069	     -0.00000000	     -0.00000000	  -7848.67055261
      1.15000000	   2367.04763301	      2.80744919	   1008.27455688	      0.00000000	      0.00000000	   -694.10880080	      0.00000000	     -0.00000000	  -8067.94890047
      1.15100000	   4032.46315952	      1.50571594	   1762.33821813	      0.00000000	      0.00000000	   -857.05531625	     -0.00000000	     -0.00000000	  -9745.11867214
      1.15200000	   3195.84515164	      0.00000000	   1409.65833413	      0.00000000	      0.00000000	   -682.98970614	     -0.00000000	     -0.00000000	  -7389.93738961
      1.15300000	   3544.33725295	      5.63740594	   1847.38618171	      0.00000000	      0.00000000	   -809.07953299	      0.00000000	      0.00000000	  -8865.05744040
      1.15400000	   3105.03107646	      0.00000000	   2030.61433214	      0.00000000	      0.00000000	   -790.69120054	     -0.00000000	      0.00000000	  -7923.43288374
      1.15500000	   1273.95905450	      0.00000000	   1363.95884862	      0.00000000	      0.00000000	  -1111.29654913	      0.00000000	      0.00000000	 -12478.96287437
      1.15600000	   3069.00570725	      4.11486542	   2475.00005243	      0.00000000	      0.00000000	   -927.41724365	      0.00000000	      0.00000000	  -9255.68589697
      1.15700000	   1930.82208818	      0.00000000	   1168.03211337	      0.00000000	      0.00000000	   -762.21129025	      0.00000000	     -0.00000000	  -8170.74627956
      1.15800000	   1845.22202298	      0.66625504	   1406.20193348	      0.00000000	      0.00000000	   -813.16491642	      0.00000000	     -0.00000000	  -8589.58777510
      1.15900000	   2055.44168760	      0.38961004	   1611.55495696	      0.00000000	      0.00000000	   -821.58142850	     -0.00000000	     -0.00000000	  -9719.77358327
      1.16000000	   4541.68397768	      7.66909573	   2351.15264431	      0.00000000	      0.00000000	   -544.90818510	      0.00000000	      0.00000000	  -7593.70330834
      1.16100000	   3614.46102460	      0.00000000	   1420.49641888	      0.00000000	      0.00000000	   -760.84858072	     -0.00000000	      0.00000000	  -8432.54062785
      1.16200000	   1875.92957920	      0.31220387	   1195.27126517	      0.00000000	      0.00000000	   -878.36371473	     -0.00000000	     -0.00000000	 -11289.70296046
      1.16300000	   2375.36726065	      3.34052556	   2223.24017188	      0.00000000	      0.00000000	   -950.32403672	      0.00000000	      0.00000000	  -8724.18760574
      1.16400000	   2472.33432626	      0.00000000	    917.73446488	      0.00000000	      0.00000000	   -713.46605084	     -0.00000000	     -0.00000000	  -8654.90125845
      1.16500000	   2273.23157333	      0.31734091	   1521.04632463	      0.00000000	      0.00000000	   -905.47144268	     -0.00000000	     -0.00000000	 -11947.02798038
      1.16600000	   2610.87692161	      0.96552327	   1073.22683283	      0.00000000	      0.00000000	   -649.09268074	      0.00000000	      0.00000000	  -9082.38992275
      1.16700000	   2607.59689345	      3.64959388	   1964.85996744	      0.00000000	      0.00000000	   -651.67981244	      0.00000000	     -0.00000000	  -7486.96354338
      1.16800000	   4929.29024334	      1.05030018	   2088.21788968	      0.00000000	      0.00000000	   -655.15017724	     -0.00000000	     -0.00000000	  -9346.46076904
      1.16900000	   3266.08746458	      0.00000000	   2475.38758338	      0.00000000	      0.00000000	   -691.09021001	      0.00000000	      0.00000000	  -7496.91220138
      1.17000000	   2294.38444209	      0.00000000	   1766.86197068	      0.00000000	      0.00000000	   -721.42821903	      0.00000000	      0.00000000	  -7602.01820026
      1.17100000	   1451.83082656	      0.42902557	   1577.71709591	      0.00000000	      0.00000000	   -999.35917173	     -0.00000000	     -0.00000000	 -10278.41283051
      1.17200000	   1534.83178290	      2.90788326	   1509.52567595	      0.00000000	      0.00000000	   -822.09964116	     -0.00000000	     -0.00000000	  -7401.49637250
      1.17300000	   3269.92121066	      0.00000000	   1476.53048676	      0.00000000	      0.00000000	   -572.16702485	      0.00000000	      0.00000000	  -7929.74964987
      1.17400000	   1647.77959698	      0.00000000	   2102.82638552	      0.00000000	      0.00000000	   -806.98049777	     -0.00000000	     -0.00000000	  -7663.80939738
      1.17500000	   1049.34028765	      0.00000000	   1079.22904189	      0.00000000	      0.00000000	  -1072.58615187	     -0.00000000	     -0.00000000	 -10838.76685516
      1.17600000	   2648.20683097	      2.69004102	   1774.91241041	      0.00000000	      0.00000000	   -636.52464951	     -0.00000000	      0.00000000	  -7930.09987052
      1.17700000	   3451.94974187	      1.62464239	   1472.60481671	      0.00000000	      0.00000000	   -656.47653485	      0.00000000	      0.00000000	  -7419.09459117
      1.17800000	   3128.23592967	      0.00000000	   2059.07360703	      0.00000000	      0.00000000	   -601.64450313	      0.00000000	      0.00000000	  -7738.38922584
      1.17900000	   1346.07285147	      3.31067948	   1602.70697907	      0.00000000	      0.00000000	   -853.21575039	     -0.00000000	     -0.00000000	  -8165.47293907
      1.18000000	   4454.43344046	      0.00000000	   1789.62380862	      0.00000000	      0.00000000	   -696.84359581	     -0.00000000	     -0.00000000	  -8952.54715957
      1.18100000	   1571.95999206	      0.00000000	    986.79298269	      0.00000000	      0.00000000	  -1143.98300000	      0.00000000	      0.00000000	 -12712.99004131
      1.18200000	   1637.62239904	      0.85908626	    879.75062422	      0.00000000	      0.00000000	   -909.52957654	     -0.00000000	     -0.00000000	  -9370.09251296
      1.18300000	   2127.31002994	      0.61449058	   1343.14684763	      0.00000000	      0.00000000	   -868.08679578	     -0.00000000	     -0.00000000	 -10475.82939425
      1.18400000	   1874.23314256	      1.40853845	   1955.44869503	      0.00000000	      0.00000000	   -781.83471485	     -0.00000000	      0.00000000	  -7602.40110379
      1.18500000	   1747.66280252	      0.00000000	   1331.94900440	      0.00000000	      0.00000000	   -811.88283053	     -0.00000000	     -0.00000000	  -8602.13808273
      1.18600000	   2018.21879055	      7.78895090	   1473.58927439	      0.00000000	      0.00000000	   -904.20014485	     -0.00000000	      0.00000000	  -7978.67684428
      1.18700000	   4161.56755904	      1.78459970	   2072.21504042	      0.00000000	      0.00000000	   -792.98336841	     -0.00000000	      0.00000000	  -9734.99535540
      1.18800000	   2979.06298964	      0.00000000	   2137.23513075	      0.00000000	      0.00000000	   -865.48556761	      0.00000000	     -0.00000000	  -8664.82251672
      1.18900000	   4487.34298235	      0.00000000	   2320.63754694	      0.00000000	      0.00000000	   -583.91692323	      0.00000000	     -0.00000000	  -7798.51425780
      1.19000000	   3210.65005931	      0.78636113	   1812.60725229	      0.00000000	      0.00000000	   -607.53947775	     -0.00000000	      0.00000000	  -7494.57047242
      1.19100000	   5026.00770375	      6.52949593	   1672.88755865	      0.00000000	      0.00000000	   -633.68667191	     -0.00000000	     -0.00000000	  -9153.03891279
      1.19200000	   1782.86743705	      0.00000000	   2393.65567012	      0.00000000	      0.00000000	   -791.17299881	      0.00000000	      0.00000000	  -7408.62851138
      1.19300000	   2116.31295251	      1.20864247	   1570.60119016	      0.00000000	      0.00000000	   -789.21156484	     -0.00000000	      0.00000000	 -10110.10429836
      1.19400000	   4549.74916931	      0.00000000	   2313.62071166	      0.00000000	      0.00000000	   -627.00271436	     -0.00000000	      0.00000000	  -8406.55887241
      1.19500000	   1902.61034487	      0.35757392	    788.16855490	      0.00000000	      0.00000000	   -853.00863033	      0.00000000	     -0.00000000	  -9838.94061501
      1.19600000	   3811.87666257	      6.14753233	   2328.68208438	      0.00000000	      0.00000000	   -832.25177547	      0.00000000	      0.00000000	  -9415.01420110
      1.19700000	   1187.15720966	      0.00000000	   1949.33667672	      0.00000000	      0.00000000	   -914.77499247	     -0.00000000	     -0.00000000	  -8947.52726129
      1.19800000	   1849.99524885	      0.22587925	   1511.02564139	      0.00000000	      0.00000000	   -921.67470059	     -0.00000000	     -0.00000000	 -12201.29408093
      1.19900000	   1459.13815477	      0.54314257	    952.25046950	      0.00000000	      0.00000000	  -1010.75978174	     -0.00000000	      0.00000000	 -11124.39481734
      1.20000000	   3584.52780157	      0.00000000	   1525.70769078	      0.00000000	      0.00000000	   -617.60098983	     -0.00000000	     -0.00000000	  -7391.24565128
      1.20100000	   1334.28115794	      0.21199473	   1454.38584336	      0.00000000	      0.00000000	  -1112.63422708	      0.00000000	     -0.00000000	 -12550.25814272
      1.20200000	   3030.77773940	      4.51134990	   1355.76752237	      0.00000000	      0.00000000	   -614.75538979	      0.00000000	      0.00000000	  -8225.56042890
      1.20300000	   5045.80879714	      1.36634970	   1721.92120128	      0.00000000	      0.00000000	   -654.27254853	      0.00000000	      0.00000000	  -9671.17437028
      1.20400000	   1951.40806910	      0.00000000	   1806.15880125	      0.00000000	      0.00000000	   -742.09491734	     -0.00000000	      0.00000000	  -7514.17463514
      1.20500000	   2593.46906625	      0.13525566	   1408.86111359	      0.00000000	      0.00000000	   -792.25471267	     -0.00000000	      0.00000000	 -11695.73011971
      1.20600000	   2608.18742810	      2.32756992	   2398.67203514	      0.00000000	      0.00000000	   -735.53779379	      0.00000000	      0.00000000	  -7396.35809352
      1.20700000	   2978.91753385	      0.62084016	   1255.20424258	      0.00000000	      0.00000000	   -650.84432760	     -0.00000000	     -0.00000000	  -8466.11081558
      1.20800000	   2676.29847301	      3.89846682	   1394.39447265	      0.00000000	      0.00000000	   -882.03215913	     -0.00000000	      0.00000000	  -8238.47492186
      1.20900000	   1886.15785626	      0.00000000	   1664.54937493	      0.00000000	      0.00000000	   -768.71433698	     -0.00000000	      0.00000000	  -7731.46570930
      1.21000000	   2561.45095460	      0.00000000	   1279.72259246	      0.00000000	      0.00000000	   -761.64799641	      0.00000000	      0.00000000	  -7402.87033901
      1.21100000	   2294.80168894	      0.00000000	   1474.77122069	      0.00000000	      0.00000000	   -843.75942901	      0.00000000	     -0.00000000	 -11004.74001185
      1.21200000	   1243.97466551	      1.36920482	    772.94925560	      0.00000000	      0.00000000	  -1091.03931129	      0.00000000	      0.00000000	 -10765.32318046
      1.21300000	   3500.45395979	      0.00000000	   2579.75929294	      0.00000000	      0.00000000	   -736.36774304	     -0.00000000	     -0.00000000	  -8161.93291964
      1.21400000	   1732.81959295	      0.00000000	    960.79215926	      0.00000000	      0.00000000	   -886.70756386	     -0.00000000	      0.00000000	 -10317.93141351
      1.21500000	   2928.95904159	      1.18727180	   1906.97007953	      0.00000000	      0.00000000	   -626.32341140	      0.00000000	     -0.00000000	  -7616.22433463
      1.21600000	   2291.16353981	      0.48331065	   1019.44387602	      0.00000000	      0.00000000	   -809.74929940	      0.00000000	      0.00000000	  -9511.89415712
      1.21700000	   2783.76498175	      6.34093168	   2220.23851677	      0.00000000	      0.00000000	   -896.53517131	     -0.00000000	      0.00000000	  -8561.51928288
      1.21800000	   4202.28817575	      0.00000000	   2340.29612369	      0.00000000	      0.00000000	   -573.46955123	      0.00000000	      0.00000000	  -7640.72073124
      1.21900000	   1936.22471167	      1.54326517	   1785.02157640	      0.00000000	      0.00000000	   -787.54325286	     -0.00000000	      0.00000000	  -8705.34603732
      1.22000000	   4659.57624625	      2.72074575	   1875.43974266	      0.00000000	      0.00000000	   -651.55154394	     -0.00000000	     -0.00000000	  -8891.46507412
      1.22100000	   2330.30181093	      0.00000000	   2135.03685326	      0.00000000	      0.00000000	   -680.54093388	      0.00000000	      0.00000000	  -7847.33031773
      1.22200000	   3431.46346949	      3.44909897	   1458.59146552	      0.00000000	      0.00000000	   -607.57282196	     -0.00000000	     -0.00000000	  -7409.97501470
      1.22300000	   4036.28117254	      0.87532927	   2193.85962426	      0.00000000	      0.00000000	   -811.15214651	      0.00000000	      0.00000000	  -9383.66145379
      1.22400000	   2971.65453931	      0.00000000	   2185.48387375	      0.00000000	      0.00000000	   -925.29137660	      0.00000000	     -0.00000000	  -9199.91685255
      1.22500000	   2183.01270870	      0.00000000	   1375.66649141	      0.00000000	      0.00000000	   -754.41713834	      0.00000000	     -0.00000000	  -9388.04230576
      1.22600000	   1749.94500922	      0.62738397	   1133.84947411	      0.00000000	      0.00000000	   -993.67484348	      0.00000000	      0.00000000	 -11331.10992678
      1.22700000	   1520.19329359	      0.82267938	   1019.76482970	      0.00000000	      0.00000000	  -1036.12041397	      0.00000000	      0.00000000	 -10667.40820930
      1.22800000	   3259.75712584	      2.04610690	   1188.18669711	      0.00000000	      0.00000000	   -624.06708686	      0.00000000	     -0.00000000	  -7442.67073263
      1.22900000	   2332.25654183	      0.00000000	   1254.12208801	      0.00000000	      0.00000000	   -704.51441253	      0.00000000	      0.00000000	  -8034.93959155
      1.23000000	   2846.73705328	      7.15414274	   1914.89881952	      0.00000000	      0.00000000	   -693.84440651	     -0.00000000	     -0.00000000	  -7389.75662921
      1.23100000	   4057.88283022	      0.00000000	   2454.29386918	      0.00000000	      0.00000000	   -672.04771223	     -0.00000000	     -0.00000000	  -8294.05468871
      1.23200000	   2580.15683784	      1.31754418	   1519.13062233	      0.00000000	      0.00000000	   -726.30676051	      0.00000000	      0.00000000	  -8583.40317268
      1.23300000	   2849.63675677	      0.00000000	   1535.63643332	      0.00000000	      0.00000000	   -928.71287934	      0.00000000	      0.00000000	  -8883.42991899
      1.23400000	   1170.23532806	      0.00000000	   1384.72772892	      0.00000000	      0.00000000	  -1213.79868444	      0.00000000	     -0.00000000	 -12347.11709578
      1.23500000	   2039.11696531	      3.00441666	    946.27983696	      0.00000000	      0.00000000	   -807.16194302	     -0.00000000	      0.00000000	  -9093.23039438
      1.23600000	   5382.72238523	      2.90213688	   1850.56194329	      0.00000000	      0.00000000	   -667.88749817	      0.00000000	      0.00000000	  -9750.89354197
      1.23700000	   3731.51321623	      0.00000000	   1784.22035139	      0.00000000	      0.00000000	   -681.39147814	      0.00000000	     -0.00000000	  -7819.30723143
      1.23800000	   3735.54575767	      3.76937289	   2286.05341976	      0.00000000	      0.00000000	   -671.74639986	     -0.00000000	     -0.00000000	  -7564.34132469
      1.23900000	   4442.35238543	      0.00000000	   2296.61655395	      0.00000000	      0.00000000	   -722.29736206	      0.00000000	      0.00000000	  -8952.15429456
      1.24000000	   2915.21572603	      0.00000000	   2140.36970728	      0.00000000	      0.00000000	   -601.48599700	      0.00000000	      0.00000000	  -7659.67708287
      1.24100000	   3731.96616720	      3.03646872	   2153.48883471	      0.00000000	      0.00000000	   -543.37950098	     -0.00000000	     -0.00000000	  -7407.45692255
      1.24200000	   3389.01114516	      0.00000000	   1332.97587566	      0.00000000	      0.00000000	   -530.72106317	      0.00000000	     -0.00000000	  -7886.70180134
      1.24300000	   2301.57341271	      0.00000000	   1525.35097780	      0.00000000	      0.00000000	   -728.91615168	      0.00000000	      0.00000000	 -11715.22908402
      1.24400000	   3924.59508697	     10.50723514	   2737.20819333	      0.00000000	      0.00000000	   -841.43864714	     -0.00000000	     -0.00000000	  -9547.36082418
      1.24500000	   3750.20555069	      0.00000000	   2492.22508951	      0.00000000	      0.00000000	   -826.37830510	     -0.00000000	     -0.00000000	  -9290.49235738
      1.24600000	   1974.01602181	      0.00000000	   1357.28213402	      0.00000000	      0.00000000	   -749.73677413	     -0.00000000	     -0.00000000	  -7526.62204149
      1.24700000	   2450.98215190	      0.82427336	   1392.27837590	      0.00000000	      0.00000000	   -722.97926236	     -0.00000000	     -0.00000000	 -10051.70421200
      1.24800000	   3200.22435454	      0.00000000	   1883.78024073	      0.00000000	      0.00000000	   -840.40948486	      0.00000000	     -0.00000000	  -8490.69915296
      1.24900000	   1712.14620090	      0.00000000	   1175.25878138	      0.00000000	      0.00000000	   -857.65774333	     -0.00000000	      0.00000000	  -9543.79459206
      1.25000000	   2058.77122559	      2.12937627	   1604.13206944	      0.00000000	      0.00000000	   -745.24488807	      0.00000000	      0.00000000	  -8207.54771969
      1.25100000	   1918.56292969	      0.00000000	   1757.24625989	      0.00000000	      0.00000000	   -740.94046455	     -0.00000000	      0.00000000	  -7776.13207622
      1.25200000	   2499.84620189	      0.00000000	    865.28358713	      0.00000000	      0.00000000	   -780.54717933	      0.00000000	      0.00000000	  -9717.61021072
      1.25300000	   3294.47200215	      4.10500823	   1267.10103425	      0.00000000	      0.00000000	   -567.35471781	      0.00000000	      0.00000000	  -7664.89300061
      1.25400000	   4352.27045323	      0.00000000	   2193.48227836	      0.00000000	      0.00000000	   -745.29456099	      0.00000000	      0.00000000	  -8965.78004488
      1.25500000	   3384.15727677	      0.02923721	   1940.87360515	      0.00000000	      0.00000000	   -535.20165044	     -0.00000000	      0.00000000	  -8167.93111767
      1.25600000	   4891.66200074	      7.44223581	   1828.61664470	      0.00000000	      0.00000000	   -552.47619036	      0.00000000	      0.00000000	  -8635.92988023
      1.25700000	   3158.63634190	      0.00000000	   1562.90810072	      0.00000000	      0.00000000	   -763.22081478	     -0.00000000	      0.00000000	  -7865.74158924
      1.25800000	   4118.87078516	      0.00000000	   1980.79462912	      0.00000000	      0.00000000	   -635.31542545	      0.00000000	      0.00000000	  -7695.08295035
      1.25900000	   2439.45974413	      0.37850896	   1898.67297826	      0.00000000	      0.00000000	   -709.84406948	      0.00000000	      0.00000000	  -9310.79502991
      1.26000000	   2449.78894155	      0.00000000	   1343.74451602	      0.00000000	      0.00000000	   -810.07188353	      0.00000000	     -0.00000000	  -7492.84509704
      1.26100000	   1834.73601194	      0.00000000	   1598.53524199	      0.00000000	      0.00000000	   -995.55195592	     -0.00000000	      0.00000000	 -11724.81059169
      1.26200000	   2376.75375873	      1.18789638	    841.33667784	      0.00000000	      0.00000000	   -716.90267081	     -0.00000000	      0.00000000	 -10560.46563205
      1.26300000	   2714.50576981	      0.00000000	   1963.01585546	      0.00000000	      0.00000000	   -672.54000269	      0.00000000	     -0.00000000	  -7541.42720025
      1.26400000	   2506.58690070	      0.70117320	   1276.60462358	      0.00000000	      0.00000000	   -671.19648214	     -0.00000000	      0.00000000	  -7910.86050824
      1.26500000	   3200.18672561	      3.79360437	   1589.94230788	      0.00000000	      0.00000000	   -667.86399755	      0.00000000	      0.00000000	  -7395.85431807
      1.26600000	   3063.26430677	      4.03052337	   2700.71558627	      0.00000000	      0.00000000	   -911.78099530	      0.00000000	     -0.00000000	  -9085.09860324
      1.26700000	   2883.65957816	      0.00000000	   2379.46851225	      0.00000000	      0.00000000	  -1019.68906186	     -0.00000000	     -0.00000000	  -9563.18460315
      1.26800000	   2176.65847590	      0.00000000	   1387.75419172	      0.00000000	      0.00000000	   -846.77124497	      0.00000000	      0.00000000	 -11522.76142236
      1.26900000	   1660.37916139	      0.93365654	    862.07655781	      0.00000000	      0.00000000	   -862.53500822	     -0.00000000	     -0.00000000	  -8909.15852558
      1.27000000	   3091.05063155	      2.71086636	   1527.77648033	      0.00000000	      0.00000000	   -595.82949014	      0.00000000	     -0.00000000	  -8355.13524284
      1.27100000	   4498.72879250	      2.27448255	   2132.32505105	      0.00000000	      0.00000000	   -803.08564911	     -0.00000000	     -0.00000000	  -9831.75827739
      1.27200000	   2775.94053230	      0.00000000	   2453.09884016	      0.00000000	      0.00000000	   -673.12248157	      0.00000000	      0.00000000	  -7447.49059017
      1.27300000	   3617.30548138	      0.00000000	   2535.99796444	      0.00000000	      0.00000000	   -737.55195582	     -0.00000000	     -0.00000000	  -8316.31449305
      1.27400000	   1892.21601661	      0.38125186	   1200.96255435	      0.00000000	      0.00000000	   -879.91228442	      0.00000000	     -0.00000000	 -10103.46638253
      1.27500000	   4703.89841003	      0.91759485	   2164.90751963	      0.00000000	      0.00000000	   -702.18819165	      0.00000000	      0.00000000	  -9350.39704448
      1.27600000	   2682.71385912	      0.00000000	   1229.25834962	      0.00000000	      0.00000000	   -709.12356451	      0.00000000	      0.00000000	 -10023.36456110
      1.27700000	   2836.87723031	     11.69557333	   2284.35065131	      0.00000000	      0.00000000	   -984.45980414	     -0.00000000	     -0.00000000	  -9180.31737825
      1.27800000	   5261.77128007	      0.00000000	   2498.15167451	      0.00000000	      0.00000000	   -620.39737433	      0.00000000	      0.00000000	  -9659.33672051
      1.27900000	   3304.79131572	      0.00000000	   1911.57067735	      0.00000000	      0.00000000	   -910.74680534	      0.00000000	      0.00000000	  -9345.80888388
      1.28000000	   3069.90847716	      0.26927012	   1987.06115304	      0.00000000	      0.00000000	   -643.12942406	      0.00000000	     -0.00000000	  -9054.39834349
      1.28100000	   2326.50270379	      4.91222985	   2138.30601771	      0.00000000	      0.00000000	   -983.44627717	     -0.00000000	      0.00000000	  -8794.17649145
      1.28200000	   2880.11863452	      0.00000000	   1743.15568709	      0.00000000	      0.00000000	   -618.14890249	      0.00000000	     -0.00000000	  -7553.86920308
      1.28300000	   1509.25149146	      0.00000000	    944.39392599	      0.00000000	      0.00000000	   -840.33442949	     -0.00000000	     -0.00000000	  -8712.17652151
      1.28400000	   1642.88498245	      0.08590150	   1512.46870818	      0.00000000	      0.00000000	   -951.04410730	      0.00000000	      0.00000000	 -11222.94145922
      1.28500000	   4491.27429409	      3.98146489	   1976.14415068	      0.00000000	      0.00000000	   -621.22862200	     -0.00000000	     -0.00000000	  -8293.92958758
      1.28600000	   3481.50029708	      0.00000000	   2116.00676788	      0.00000000	      0.00000000	   -539.90393490	      0.00000000	      0.00000000	  -8010.50198956
      1.28700000	   2783.11838106	      1.00597159	   1315.75754238	      0.00000000	      0.00000000	   -676.52106242	     -0.00000000	     -0.00000000	 -10587.60593765
      1.28800000	   4976.92698570	      4.59152915	   2691.51323824	      0.00000000	      0.00000000	   -711.05156079	      0.00000000	      0.00000000	  -9874.56126860
      1.28900000	   2480.11009082	      0.00000000	   2276.74133005	      0.00000000	      0.00000000	   -835.29658085	      0.00000000	      0.00000000	  -7733.97444294
      1.29000000	   3509.83123073	      0.01518514	   1511.26490996	      0.00000000	      0.00000000	   -508.32794569	     -0.00000000	     -0.00000000	  -7602.44362382
      1.29100000	   3384.18292200	      4.78452542	   1356.40456437	      0.00000000	      0.00000000	   -662.62469909	     -0.00000000	     -0.00000000	  -7389.86825709
      1.29200000	   3798.79296623	      0.00000000	   1484.21217155	      0.00000000	      0.00000000	   -626.29229091	     -0.00000000	     -0.00000000	  -7425.55797032
      1.29300000	   1804.59031926	      0.00000000	    888.22198925	      0.00000000	      0.00000000	   -985.23186929	      0.00000000	      0.00000000	 -11680.05860407
      1.29400000	   3304.05670455	      1.12428898	   1876.63749110	      0.00000000	      0.00000000	   -492.97006105	      0.00000000	      0.00000000	  -8243.57553453
      1.29500000	   2295.94681968	      0.96134092	   1970.70711694	      0.00000000	      0.00000000	   -766.59276967	      0.00000000	      0.00000000	  -9211.71451322
      1.29600000	   4278.63639961	      3.51181031	   1460.46632599	      0.00000000	      0.00000000	   -708.91655808	     -0.00000000	      0.00000000	  -8537.05486505
      1.29700000	   2372.49215242	      0.00000000	   1365.01700670	      0.00000000	      0.00000000	   -702.60176019	     -0.00000000	     -0.00000000	  -7434.01849100
      1.29800000	   3917.68668591	      5.68379570	   1767.88816742	      0.00000000	      0.00000000	   -539.23560981	      0.00000000	     -0.00000000	  -7392.33385238
      1.29900000	   3510.60351215	      0.00000000	   1835.07767184	      0.00000000	      0.00000000	   -963.96015636	      0.00000000	      0.00000000	  -9687.31231099
      1.30000000	   2549.98082358	      0.98565627	   1586.18956490	      0.00000000	      0.00000000	   -669.60031236	     -0.00000000	      0.00000000	  -7802.75397962
      1.30100000	   5117.99481478	      2.62570348	   2208.33113879	      0.00000000	      0.00000000	   -576.94833513	      0.00000000	      0.00000000	  -8991.67693323
      1.30200000	   3126.58637754	      0.00000000	   1943.68863914	      0.00000000	      0.00000000	   -633.20029703	     -0.00000000	     -0.00000000	  -7419.80041792
      1.30300000	   4933.54765550	      6.37556908	   2771.15753976	      0.00000000	      0.00000000	   -709.13492257	      0.00000000	     -0.00000000	  -9717.17188232
      1.30400000	   3195.15653252	      0.00000000	   2003.48535297	      0.00000000	      0.00000000	   -546.07389203	      0.00000000	     -0.00000000	  -7579.83368941
      1.30500000	   3485.46396412	      0.00000000	   1585.15421508	      0.00000000	      0.00000000	   -663.99961218	      0.00000000	     -0.00000000	  -7436.21057631
      1.30600000	   2935.34978042	      0.00000000	   1063.66144770	      0.00000000	      0.00000000	   -599.00811635	      0.00000000	      0.00000000	  -9042.25536282
      1.30700000	   3730.63205678	      0.00000000	   1207.07315982	      0.00000000	      0.00000000	   -536.79130401	     -0.00000000	      0.00000000	  -7910.87401205
      1.30800000	   2261.24913860	      1.16273662	    886.24701779	      0.00000000	      0.00000000	   -804.83807620	      0.00000000	     -0.00000000	  -9511.25686626
      1.30900000	   4303.89236573	      2.04460881	   1910.73424758	      0.00000000	      0.00000000	   -755.97850849	      0.00000000	      0.00000000	  -9375.03212503
      1.31000000	   3258.44241636	      0.00000000	   1265.29896966	      0.00000000	      0.00000000	   -617.91825511	      0.00000000	     -0.00000000	  -8086.85161072
      1.31100000	   2038.84665807	      0.42663830	   2021.10882406	      0.00000000	      0.00000000	   -743.15977435	      0.00000000	      0.00000000	  -8230.33302590
      1.31200000	   2070.08566039	      0.79245011	   1620.73051308	      0.00000000	      0.00000000	   -889.61901532	     -0.00000000	     -0.00000000	 -10721.90620973
      1.31300000	   3868.19432117	      9.03614815	   2233.46360416	      0.00000000	      0.00000000	   -642.97640712	     -0.00000000	     -0.00000000	  -7824.59032773
      1.31400000	   4597.69102490	      0.00000000	   1774.20293093	      0.00000000	      0.00000000	   -635.73281238	     -0.00000000	     -0.00000000	  -8685.53427997
      1.31500000	   1294.93563275	      0.66668555	   1615.46739429	      0.00000000	      0.00000000	   -990.10259850	     -0.00000000	     -0.00000000	 -10294.37681008
      1.31600000	   3689.83384850	      3.34095215	   1908.97703380	      0.00000000	      0.00000000	   -748.73557084	     -0.00000000	      0.00000000	  -8498.21687525
      1.31700000	   3752.29126158	      1.54211844	   1984.03149329	      0.00000000	      0.00000000	   -558.05364827	      0.00000000	     -0.00000000	  -7433.16432736
      1.31800000	   3686.56602085	      2.34842717	   1624.98442658	      0.00000000	      0.00000000	   -954.64923945	      0.00000000	     -0.00000000	  -9959.02283245
      1.31900000	   3640.21617456	      0.00000000	   1859.50225145	      0.00000000	      0.00000000	   -514.06571929	     -0.00000000	     -0.00000000	  -7601.10555092
      1.32000000	   5550.51990820	      5.24908052	   1521.91132504	      0.00000000	      0.00000000	   -550.84694785	      0.00000000	      0.00000000	  -9483.20145397
      1.32100000	   3542.72426769	      0.00000000	   2289.29855376	      0.00000000	      0.00000000	   -748.42493663	      0.00000000	      0.00000000	  -8170.43382954
      1.32200000	   2542.86737058	      0.00000000	   1805.38050380	      0.00000000	      0.00000000	   -729.11978331	     -0.00000000	     -0.00000000	  -7390.51105867
      1.32300000	   1398.97350396	      0.87728899	   1208.34569042	      0.00000000	      0.00000000	   -989.85113064	      0.00000000	      0.00000000	 -10063.75899273
      1.32400000	   5061.76225603	      4.98316749	   2095.70740185	      0.00000000	      0.00000000	   -704.29219808	      0.00000000	      0.00000000	 -10102.04581661
      1.32500000	   1581.40210798	      0.00000000	   2047.51790674	      0.00000000	      0.00000000	   -852.57238596	      0.00000000	      0.00000000	  -8545.57294310
      1.32600000	   3546.44787121	      1.92864074	    970.91215039	      0.00000000	      0.00000000	   -535.30363310	      0.00000000	      0.00000000	  -8981.04374066
      1.32700000	   4161.09101810	      4.85891444	   1725.59362747	      0.00000000	      0.00000000	   -591.97427482	      0.00000000	     -0.00000000	  -7549.61524371
      1.32800000	   4706.45818926	      0.00000000	   1407.99405403	      0.00000000	      0.00000000	   -448.52243234	     -0.00000000	      0.00000000	  -7391.85660420
      1.32900000	   2385.48846281	      1.29443120	   1066.50591021	      0.00000000	      0.00000000	   -660.80356734	      0.00000000	      0.00000000	  -8278.77205605
      1.33000000	   3270.37897914	      0.00000000	   1385.95912878	      0.00000000	      0.00000000	   -611.24857412	     -0.00000000	     -0.00000000	  -7436.10736316
      1.33100000	   1927.91174339	      0.75304575	   1728.30766128	      0.00000000	      0.00000000	   -864.96507764	     -0.00000000	     -0.00000000	 -10141.57975984
      1.33200000	   2725.11619454	      4.46360523	   1652.45164898	      0.00000000	      0.00000000	   -917.52213495	     -0.00000000	     -0.00000000	  -8702.16020956
      1.33300000	   2280.74741481	      0.00000000	   1721.61267119	      0.00000000	      0.00000000	   -720.12807737	     -0.00000000	     -0.00000000	  -7482.68574930
      1.33400000	   4763.28440669	      0.00000000	   2169.17210581	      0.00000000	      0.00000000	   -435.45216284	      0.00000000	      0.00000000	  -7389.78427163
      1.33500000	   3268.39494516	      1.55116827	   1378.90456648	      0.00000000	      0.00000000	   -607.76036249	      0.00000000	      0.00000000	  -8758.68011770
      1.33600000	   4459.00326866	      2.13468663	   2511.43668627	      0.00000000	      0.00000000	   -816.74788745	     -0.00000000	      0.00000000	  -9981.97140170
      1.33700000	   2650.71760448	      0.00000000	   1963.59448919	      0.00000000	      0.00000000	   -641.22252570	      0.00000000	      0.00000000	  -7674.19337892
      1.33800000	   3946.77663386	      5.69532513	   2489.22052876	      0.00000000	      0.00000000	   -625.39511792	     -0.00000000	      0.00000000	  -7755.12001458
      1.33900000	   4566.45742399	      1.66532813	   2200.02622487	      0.00000000	      0.00000000	   -770.14196137	     -0.00000000	     -0.00000000	  -9620.80751100
      1.34000000	   4190.43089845	      0.79062270	   2236.29520925	      0.00000000	      0.00000000	   -646.09989299	     -0.00000000	     -0.00000000	  -8473.90080130
      1.34100000	   3232.20937035	      0.00000000	   2656.09972236	      0.00000000	      0.00000000	   -935.40607728	     -0.00000000	     -0.00000000	  -9412.71455037
      1.34200000	   3227.70053927	      2.00306527	   1812.53960034	      0.00000000	      0.00000000	   -607.29454288	     -0.00000000	      0.00000000	  -7866.50094922
      1.34300000	   5674.52445997	      0.00000000	   1970.67362796	      0.00000000	      0.00000000	   -673.31301178	     -0.00000000	     -0.00000000	 -10338.30218065
      1.34400000	   2168.35961795	      0.00000000	   1747.19813080	      0.00000000	      0.00000000	   -765.04556491	      0.00000000	      0.00000000	  -8085.45496861
      1.34500000	   2954.76805663	      7.95951355	   1357.33885773	      0.00000000	      0.00000000	   -841.40252585	     -0.00000000	     -0.00000000	  -8306.78035473
      1.34600000	   5705.59173081	      0.00000000	   2091.03051773	      0.00000000	      0.00000000	   -627.39770878	      0.00000000	     -0.00000000	 -10248.25490489
      1.34700000	   3499.49333170	      0.00000000	   1856.53830091	      0.00000000	      0.00000000	   -934.89289960	     -0.00000000	     -0.00000000	  -9685.50533938
      1.34800000	   3243.37183809	      0.00000000	   2089.27946003	      0.00000000	      0.00000000	   -900.43219691	     -0.00000000	     -0.00000000	  -9056.82540346
      1.34900000	   2493.63795244	      0.00000000	   1770.73507316	      0.00000000	      0.00000000	   -740.09474008	     -0.00000000	     -0.00000000	  -9712.86982633
      1.35000000	   2991.79466677	      1.88179067	   1691.00760481	      0.00000000	      0.00000000	   -573.25861801	     -0.00000000	     -0.00000000	  -9322.63881403
      1.35100000	   4465.58518101	      0.00000000	   2224.40636795	      0.00000000	      0.00000000	   -533.83516489	     -0.00000000	      0.00000000	  -7621.73991214
      1.35200000	   2141.87421681	      0.10650745	   1286.64783684	      0.00000000	      0.00000000	   -773.60628590	     -0.00000000	     -0.00000000	  -8603.69069313
      1.35300000	   2813.42347984	      0.00000000	   2265.50383724	      0.00000000	      0.00000000	   -654.81809275	     -0.00000000	      0.00000000	  -7472.14491035
      1.35400000	   2689.43173569	      0.93908546	   1486.14389295	      0.00000000	      0.00000000	   -702.22849982	      0.00000000	      0.00000000	  -9463.27118726
      1.35500000	   5185.31909418	     13.49493735	   1760.18186345	      0.00000000	      0.00000000	   -722.68667940	     -0.00000000	     -0.00000000	 -10100.15818572
      1.35600000	   4992.32154531	      0.00000000	   2620.73812870	      0.00000000	      0.00000000	   -819.92019579	      0.00000000	      0.00000000	 -10561.54988900
      1.35700000	   5362.03278075	      0.00000000	   2470.17960866	      0.00000000	      0.00000000	   -539.96919283	      0.00000000	      0.00000000	  -8430.75668551
      1.35800000	   2512.59679599	      1.79314757	   1100.40705030	      0.00000000	      0.00000000	   -638.98129297	      0.00000000	      0.00000000	  -7958.98069477
      1.35900000	   2671.25962489	      0.00000000	   2053.51409168	      0.00000000	      0.00000000	   -922.05307479	     -0.00000000	     -0.00000000	  -8572.76994150
      1.36000000	   2151.67683294	      0.60567464	   1709.80507931	      0.00000000	      0.00000000	   -768.47482774	      0.00000000	      0.00000000	  -9134.31472649
      1.36100000	   4211.07144914	      8.79908400	   2091.76336847	      0.00000000	      0.00000000	   -873.95293571	      0.00000000	      0.00000000	 -10188.30630193
      1.36200000	   5111.15667761	      0.00000000	   1854.75986745	      0.00000000	      0.00000000	   -613.56706408	      0.00000000	      0.00000000	  -9191.21118278
      1.36300000	   6092.93916773	      3.19109359	   2444.49136360	      0.00000000	      0.00000000	   -592.69017691	     -0.00000000	     -0.00000000	 -10400.18725491
      1.36400000	   5093.45570875	      0.00000000	   1630.09927142	      0.00000000	      0.00000000	   -706.22784713	      0.00000000	     -0.00000000	  -9908.65797522
      1.36500000	   3237.53552044	      0.00000000	   2327.85395192	      0.00000000	      0.00000000	   -662.24887843	     -0.00000000	      0.00000000	  -7392.54477926
      1.36600000	   2337.14265934	      0.00000000	   1524.62244608	      0.00000000	      0.00000000	   -701.86489508	     -0.00000000	     -0.00000000	  -8777.68289835
      1.36700000	   2438.10726294	      3.45902108	   1025.35371882	      0.00000000	      0.00000000	   -666.26151767	     -0.00000000	     -0.00000000	  -8147.31045689
      1.36800000	   4852.10701498	      3.78618263	   2787.46353291	      0.00000000	      0.00000000	   -670.46680046	     -0.00000000	     -0.00000000	  -9685.15628482
      1.36900000	   2635.69137794	      0.00000000	   2108.10521187	      0.00000000	      0.00000000	   -707.58283803	      0.00000000	      0.00000000	  -7404.45281219
      1.37000000	   4520.37594012	      0.56313047	   1734.59074181	      0.00000000	      0.00000000	   -722.13391188	      0.00000000	      0.00000000	  -9356.63041837
      1.37100000	   3777.32159790	      0.00000000	   1186.51825747	      0.00000000	      0.00000000	   -535.56701296	      0.00000000	      0.00000000	  -7751.32251122
      1.37200000	   3902.23249116	      1.46408867	   1686.79962999	      0.00000000	      0.00000000	   -687.54977613	     -0.00000000	     -0.00000000	  -8137.85645222
      1.37300000	   3189.46367687	      0.00000000	   1733.98767279	      0.00000000	      0.00000000	   -550.62010194	      0.00000000	     -0.00000000	  -7631.03476266
      1.37400000	   5049.92046059	      5.01941602	   1878.54547547	      0.00000000	      0.00000000	   -434.26274904	     -0.00000000	     -0.00000000	  -7402.52528971
      1.37500000	   3862.90147260	      0.00000000	   2008.61459282	      0.00000000	      0.00000000	   -767.71802363	      0.00000000	      0.00000000	  -8931.41541514
      1.37600000	   3583.61163811	      0.80580040	   1287.10383039	      0.00000000	      0.00000000	   -508.26880300	      0.00000000	      0.00000000	  -8921.94612045
      1.37700000	   4647.35268278	     11.28431893	   2700.12363416	      0.00000000	      0.00000000	   -812.90859632	     -0.00000000	     -0.00000000	 -10238.38048869
      1.37800000	   4748.17834078	      0.00000000	   2284.35615083	      0.00000000	      0.00000000	   -713.51305318	      0.00000000	      0.00000000	  -9584.74660229
      1.37900000	   2400.45064637	      0.77947426	   2251.75916395	      0.00000000	      0.00000000	   -835.92705229	      0.00000000	     -0.00000000	  -7621.84290323
      1.38000000	   5334.61508471	      5.55187098	   2725.99800602	      0.00000000	      0.00000000	   -671.02573791	      0.00000000	     -0.00000000	  -9829.93118940
      1.38100000	   4728.71318430	      0.00000000	   2538.07140171	      0.00000000	      0.00000000	   -626.48001567	      0.00000000	     -0.00000000	  -8543.45577168
      1.38200000	   2778.39679463	      0.00000000	   1682.39386019	      0.00000000	      0.00000000	   -600.70178959	     -0.00000000	      0.00000000	  -8080.78554221
      1.38300000	   2059.29070971	      1.86680329	    983.68770732	      0.00000000	      0.00000000	   -790.95122270	      0.00000000	     -0.00000000	  -8557.07754329
      1.38400000	   4045.53058895	      5.95109827	   1944.58385932	      0.00000000	      0.00000000	   -891.42456644	      0.00000000	      0.00000000	  -9899.94094963
      1.38500000	   4519.79917903	      0.00000000	   2615.99427139	      0.00000000	      0.00000000	   -897.51750881	      0.00000000	      0.00000000	 -10849.07147179
      1.38600000	   3965.47611356	      0.00000000	   1435.41511773	      0.00000000	      0.00000000	   -517.32739083	      0.00000000	     -0.00000000	  -7480.13205212
      1.38700000	   3807.64762416	      8.01456450	   1584.05981023	      0.00000000	      0.00000000	   -690.19170602	     -0.00000000	     -0.00000000	  -7933.06715956
      1.38800000	   5437.67241340	      0.00000000	   1966.99605901	      0.00000000	      0.00000000	   -704.82777480	     -0.00000000	     -0.00000000	 -11024.00811658
      1.38900000	   2332.22515848	      0.00000000	   1490.86991820	      0.00000000	      0.00000000	   -685.36548883	     -0.00000000	      0.00000000	  -7783.20740965
      1.39000000	   5075.21915550	      5.88841393	   2656.67249191	      0.00000000	      0.00000000	   -652.35363270	      0.00000000	     -0.00000000	  -9268.58330991
      1.39100000	   3340.81531583	      0.00000000	   2400.16455108	      0.00000000	      0.00000000	   -779.25793913	     -0.00000000	      0.00000000	  -8091.97817016
      1.39200000	   3068.45780825	      2.14380462	   1618.10810399	      0.00000000	      0.00000000	   -631.42284046	      0.00000000	      0.00000000	  -7575.80104940
      1.39300000	   5103.33584276	      0.00000000	   2410.88711089	      0.00000000	      0.00000000	   -608.70068844	      0.00000000	     -0.00000000	  -8993.12819097
      1.39400000	   3571.52297218	      0.00000000	   1838.99943692	      0.00000000	      0.00000000	   -590.95928629	      0.00000000	      0.00000000	  -7418.50881220
      1.39500000	   3141.15217016	      0.00000000	   1968.38275019	      0.00000000	      0.00000000	   -603.34268719	      0.00000000	     -0.00000000	  -7434.77488796
      1.39600000	   3126.54539003	      0.93293841	   1051.26416218	      0.00000000	      0.00000000	   -562.00832060	     -0.00000000	      0.00000000	  -8433.00858963
      1.39700000	   5621.88457447	      3.59705146	   1490.29887858	      0.00000000	      0.00000000	   -420.51032213	      0.00000000	      0.00000000	  -8746.70485493
      1.39800000	   6086.33369547	      2.13300284	   1744.07889130	      0.00000000	      0.00000000	   -580.40048498	     -0.00000000	      0.00000000	 -10455.65888122
      1.39900000	   5775.73710374	      0.00000000	   2185.23829206	      0.00000000	      0.00000000	   -645.76926297	      0.00000000	      0.00000000	 -10506.07764605
      1.40000000	   2831.08470607	      0.00000000	   1451.71921288	      0.00000000	      0.00000000	   -717.29565263	     -0.00000000	     -0.00000000	  -7389.78303831
      1.40100000	   3817.78118817	      0.00000000	   1135.25980604	      0.00000000	      0.00000000	   -503.76693613	      0.00000000	      0.00000000	  -7554.22895428
      1.40200000	   3116.23279446	      3.09343197	   1413.38020199	      0.00000000	      0.00000000	   -557.47813193	      0.00000000	      0.00000000	  -8040.89224428
      1.40300000	   6557.60337845	      8.82839856	   1890.01283719	      0.00000000	      0.00000000	   -457.95395087	     -0.00000000	      0.00000000	 -10901.34059458
      1.40400000	   3843.52056770	      0.00000000	   2465.59141102	      0.00000000	      0.00000000	   -968.45340443	      0.00000000	      0.00000000	 -10229.75963678
      1.40500000	   4021.72152214	      0.00000000	   2231.20101638	      0.00000000	      0.00000000	   -839.22295527	     -0.00000000	     -0.00000000	  -9860.48021209
      1.40600000	   4539.50189838	      0.00000000	   2599.04245813	      0.00000000	      0.00000000	   -781.08191564	      0.00000000	      0.00000000	  -9551.54759535
      1.40700000	   3301.54075293	      0.00000000	   1873.04417829	      0.00000000	      0.00000000	   -688.75596606	      0.00000000	     -0.00000000	  -7392.41140631
      1.40800000	   3402.26488439	      4.66489131	   1883.57459888	      0.00000000	      0.00000000	   -808.88385681	     -0.00000000	     -0.00000000	  -8515.61721953
      1.40900000	   4384.71878922	      0.00000000	   2121.80937012	      0.00000000	      0.00000000	   -956.84048179	      0.00000000	     -0.00000000	 -11033.90324542
      1.41000000	   4476.64892371	      0.00000000	   2087.45832479	      0.00000000	      0.00000000	   -619.66008580	     -0.00000000	      0.00000000	  -8000.33438528
      1.41100000	   5473.07985612	     11.79138252	   2192.93502289	      0.00000000	      0.00000000	   -610.71720012	     -0.00000000	      0.00000000	  -9770.49882173
      1.41200000	   4072.67574474	      0.00000000	   2897.03796511	      0.00000000	      0.00000000	   -945.87942019	      0.00000000	     -0.00000000	 -10631.63876773
      1.41300000	   3870.05137296	      0.00000000	   1264.87168001	      0.00000000	      0.00000000	   -528.48038440	     -0.00000000	      0.00000000	  -7452.05867070
      1.41400000	   3650.77064199	      2.71500638	   1920.95113565	      0.00000000	      0.00000000	   -474.83410735	      0.00000000	     -0.00000000	  -8448.19931049
      1.41500000	   5166.26767099	      1.56979769	   2927.98199696	      0.00000000	      0.00000000	   -774.96904454	     -0.00000000	      0.00000000	 -10603.37740607
      1.41600000	   5399.15654099	      0.00000000	   1757.21689703	      0.00000000	      0.00000000	   -576.48196008	      0.00000000	     -0.00000000	  -9364.46588839
      1.41700000	   3347.90496345	      0.00000000	   1621.39722329	      0.00000000	      0.00000000	   -586.51122755	      0.00000000	      0.00000000	  -7685.75791990
      1.41800000	   2619.78811923	      3.35544900	   2059.93177395	      0.00000000	      0.00000000	   -742.26669608	     -0.00000000	      0.00000000	  -7395.66619515
      1.41900000	   4941.57999303	      0.00000000	   1640.49558080	      0.00000000	      0.00000000	   -487.25441756	      0.00000000	     -0.00000000	  -7819.59384675
      1.42000000	   3298.71576197	      3.16144582	   1716.16272555	      0.00000000	      0.00000000	   -571.73587532	      0.00000000	      0.00000000	  -7949.99508664
      1.42100000	   5354.93363674	      7.97273579	   2642.44834573	      0.00000000	      0.00000000	   -750.23674190	      0.00000000	     -0.00000000	 -11236.03524637
      1.42200000	   3974.60838991	      0.00000000	   1533.75084041	      0.00000000	      0.00000000	   -720.30384054	     -0.00000000	      0.00000000	  -8617.56477042
      1.42300000	   5221.63816384	      6.08070307	   2527.06297052	      0.00000000	      0.00000000	   -564.52914810	     -0.00000000	     -0.00000000	  -8910.36436723
      1.42400000	   4422.40140639	      0.00000000	   1657.54069637	      0.00000000	      0.00000000	   -856.60027873	     -0.00000000	      0.00000000	 -10066.50704883
      1.42500000	   4513.74738966	      1.95143977	   1309.71188590	      0.00000000	      0.00000000	   -530.54717125	     -0.00000000	     -0.00000000	  -7389.71678905
      1.42600000	   5661.09743621	      3.49861868	   1700.94756930	      0.00000000	      0.00000000	   -624.64414955	      0.00000000	      0.00000000	 -10227.15154841
      1.42700000	   3326.10111535	      0.00000000	   1345.91639556	      0.00000000	      0.00000000	   -831.20777900	     -0.00000000	     -0.00000000	  -8757.73659867
      1.42800000	   4607.74609876	      5.51285069	   2607.00100183	      0.00000000	      0.00000000	   -691.27028302	     -0.00000000	     -0.00000000	  -8879.73859948
      1.42900000	   6098.46593175	      4.84041074	   2852.34978346	      0.00000000	      0.00000000	   -637.50806047	      0.00000000	      0.00000000	 -11428.77656509
      1.43000000	   5984.97103902	      0.00000000	   2373.95389042	      0.00000000	      0.00000000	   -668.66098580	     -0.00000000	      0.00000000	 -11368.56781905
      1.43100000	   5219.38405822	      0.00000000	   1641.84008134	      0.00000000	      0.00000000	   -476.88152143	     -0.00000000	      0.00000000	  -8399.97963377
      1.43200000	   5004.85984095	      1.94093052	   2332.69426490	      0.00000000	      0.00000000	   -650.07908932	      0.00000000	     -0.00000000	  -9416.62442191
      1.43300000	   4505.66738559	      0.00000000	   1771.94105394	      0.00000000	      0.00000000	   -452.78364196	      0.00000000	     -0.00000000	  -7391.76447904
      1.43400000	   2763.04257310	      2.23608232	   1966.93630266	      0.00000000	      0.00000000	   -639.43582484	      0.00000000	      0.00000000	  -7808.77650273
      1.43500000	   6524.27655655	     12.81273530	   2493.67907892	      0.00000000	      0.00000000	   -467.13763110	      0.00000000	      0.00000000	 -10720.52527692
      1.43600000	   4930.63197353	      0.00000000	   2025.23234133	      0.00000000	      0.00000000	   -942.77849165	      0.00000000	      0.00000000	 -11674.27421724
      1.43700000	   2861.90234015	      1.16165617	   2247.67827021	      0.00000000	      0.00000000	   -812.53407036	     -0.00000000	      0.00000000	  -7852.56924331
      1.43800000	   5615.56455508	      1.59563788	   1980.23217202	      0.00000000	      0.00000000	   -624.48233762	      0.00000000	     -0.00000000	 -10437.30668340
      1.43900000	   4151.95399608	      0.00000000	   1898.07965222	      0.00000000	      0.00000000	   -853.23868610	     -0.00000000	      0.00000000	  -9920.18001312
      1.44000000	   5796.11695949	      0.84361957	   1635.60289721	      0.00000000	      0.00000000	   -599.29767885	     -0.00000000	     -0.00000000	 -10170.11939271
      1.44100000	   2983.14902914	      0.00000000	   1864.31759220	      0.00000000	      0.00000000	   -627.26921001	      0.00000000	      0.00000000	  -7684.05487181
      1.44200000	   4064.17476542	      6.57525324	   2272.32711669	      0.00000000	      0.00000000	   -477.46626100	     -0.00000000	     -0.00000000	  -7549.48337335
      1.44300000	   5061.57272631	      0.32859794	   2302.95386431	      0.00000000	      0.00000000	   -839.01758787	     -0.00000000	     -0.00000000	 -10971.09131672
      1.44400000	   4942.38757440	      2.31261372	   2033.59239784	      0.00000000	      0.00000000	   -579.99301938	      0.00000000	      0.00000000	  -8223.06014174
      1.44500000	   5093.71944889	      2.04808545	   2009.55820740	      0.00000000	      0.00000000	   -847.92986647	     -0.00000000	     -0.00000000	 -11082.36746326
      1.44600000	   3515.85551139	      0.00000000	   1615.49534162	      0.00000000	      0.00000000	   -544.27837918	     -0.00000000	     -0.00000000	  -7484.11437530
      1.44700000	   3838.22423487	      5.14278299	   1577.76515698	      0.00000000	      0.00000000	   -922.00435885	     -0.00000000	      0.00000000	  -9724.44171434
      1.44800000	   3075.34644195	      0.00000000	   1938.70464824	      0.00000000	      0.00000000	   -637.33048621	      0.00000000	      0.00000000	  -7405.25464489
      1.44900000	   3288.96583347	      2.41386643	   2156.66110095	      0.00000000	      0.00000000	   -684.40973704	     -0.00000000	     -0.00000000	  -7392.36820463
      1.45000000	   5840.46044786	      7.24357460	   1928.15181195	      0.00000000	      0.00000000	   -488.83142058	      0.00000000	     -0.00000000	  -9346.36021445
      1.45100000	   6414.35233529	      1.77766898	   2587.22173140	      0.00000000	      0.00000000	   -484.63190886	     -0.00000000	      0.00000000	 -10058.04232829
      1.45200000	   5472.28496903	      0.00000000	   1916.54792032	      0.00000000	      0.00000000	   -704.11006762	      0.00000000	      0.00000000	 -10584.63443410
      1.45300000	   3299.30026925	      0.00000000	   2005.70925201	      0.00000000	      0.00000000	   -986.97169522	     -0.00000000	      0.00000000	  -9839.43934736
      1.45400000	   3286.52196992	      0.00000000	   1831.65324457	      0.00000000	      0.00000000	   -747.59642532	      0.00000000	     -0.00000000	  -7860.12501490
      1.45500000	   4360.49735757	      1.28853667	   1988.66024383	      0.00000000	      0.00000000	   -458.44986220	     -0.00000000	     -0.00000000	  -7407.47746341
      1.45600000	   4383.80325395	      1.68616023	   2488.39712033	      0.00000000	      0.00000000	   -708.89537486	     -0.00000000	     -0.00000000	  -8745.30408338
      1.45700000	   6229.56949597	      2.84383656	   2595.14768529	      0.00000000	      0.00000000	   -409.64303012	     -0.00000000	      0.00000000	  -9452.14142170
      1.45800000	   5761.17720696	      3.20347211	   2353.18003773	      0.00000000	      0.00000000	   -632.47238720	      0.00000000	     -0.00000000	 -10034.34638056
      1.45900000	   5132.01860729	      0.00000000	   1599.45336034	      0.00000000	      0.00000000	   -767.17101533	      0.00000000	     -0.00000000	 -10324.63575607
      1.46000000	   3654.24624568	      0.00000000	   2215.37125502	      0.00000000	      0.00000000	   -715.29719681	      0.00000000	     -0.00000000	  -8063.10495631
      1.46100000	   3864.12174843	      0.00000000	   1488.13328042	      0.00000000	      0.00000000	   -522.99188898	      0.00000000	      0.00000000	  -7508.18633335
      1.46200000	   4366.84039158	      0.19360377	   1612.64567440	      0.00000000	      0.00000000	   -474.19014651	     -0.00000000	     -0.00000000	  -7468.23987919
      1.46300000	   5488.99168943	     10.35707708	   1812.82348529	      0.00000000	      0.00000000	   -524.39293674	      0.00000000	      0.00000000	  -9140.94123808
      1.46400000	   4975.84714608	      0.00000000	   1846.07130218	      0.00000000	      0.00000000	   -809.64941093	      0.00000000	      0.00000000	 -10907.70801387
      1.46500000	   3295.95319765	      0.00000000	   1631.66521929	      0.00000000	      0.00000000	   -679.09695391	     -0.00000000	      0.00000000	  -7512.57479119
      1.46600000	   4102.32424080	     10.32161119	   1735.18977277	      0.00000000	      0.00000000	  -1064.74973088	     -0.00000000	      0.00000000	 -11635.80449722
      1.46700000	   5701.93849912	      0.00000000	   2326.47667218	      0.00000000	      0.00000000	   -744.46490250	      0.00000000	     -0.00000000	 -11232.56534127
      1.46800000	   4539.57744675	      3.71003613	   2615.51045631	      0.00000000	      0.00000000	   -894.31578881	      0.00000000	     -0.00000000	 -10767.15108321
      1.46900000	   5031.56451046	      0.00000000	   1893.43037496	      0.00000000	      0.00000000	   -894.73393612	      0.00000000	     -0.00000000	 -11495.41737321
      1.47000000	   5039.11736058	      0.00000000	   2289.74836207	      0.00000000	      0.00000000	   -372.27839058	      0.00000000	      0.00000000	  -7390.02233776
      1.47100000	   6160.07102377	      5.12933241	   2879.44355257	      0.00000000	      0.00000000	   -635.06327758	      0.00000000	     -0.00000000	 -11787.54321090
      1.47200000	   3995.04768102	      0.00000000	   2116.05180821	      0.00000000	      0.00000000	   -777.41061384	     -0.00000000	      0.00000000	  -9245.25028256
      1.47300000	   6368.32069975	      2.20101064	   2457.17864560	      0.00000000	      0.00000000	   -542.93754113	     -0.00000000	     -0.00000000	 -11136.22152092
      1.47400000	   5629.40090968	      0.00000000	   1920.20344382	      0.00000000	      0.00000000	   -800.79355274	     -0.00000000	     -0.00000000	 -11862.98372234
      1.47500000	   4713.65907225	      0.00000000	   1574.44306353	      0.00000000	      0.00000000	   -613.87899957	      0.00000000	      0.00000000	  -8412.83635857
      1.47600000	   4703.67500152	      0.00000000	   1644.77984639	      0.00000000	      0.00000000	   -456.22862448	      0.00000000	      0.00000000	  -7391.24482868
      1.47700000	   3927.13942477	      7.22234216	   1645.04256868	      0.00000000	      0.00000000	   -789.85020250	     -0.00000000	     -0.00000000	  -8876.88269534
      1.47800000	   5308.22744915	      0.00000000	   2196.89884844	      0.00000000	      0.00000000	   -652.81849217	     -0.00000000	     -0.00000000	 -10126.84076619
      1.47900000	   3529.50977918	      0.00000000	   2145.94948902	      0.00000000	      0.00000000	   -887.53657145	      0.00000000	      0.00000000	  -9275.11640236
      1.48000000	   5244.20420656	      4.36016054	   2688.57710838	      0.00000000	      0.00000000	   -649.54292250	      0.00000000	      0.00000000	 -10037.02906276
      1.48100000	   5659.91275368	      3.34605786	   1623.41599963	      0.00000000	      0.00000000	   -511.08604944	      0.00000000	      0.00000000	  -9496.82255779
      1.48200000	   6216.42003095	      6.30988578	   2256.22505702	      0.00000000	      0.00000000	   -659.76471492	     -0.00000000	      0.00000000	 -11744.64128041
      1.48300000	   5948.76023400	      0.00000000	   2252.48282687	      0.00000000	      0.00000000	   -683.98401267	     -0.00000000	     -0.00000000	 -12067.25620702
      1.48400000	   6521.02539310	      0.00000000	   1890.32227466	      0.00000000	      0.00000000	   -561.27429634	     -0.00000000	     -0.00000000	 -11376.88122367
      1.48500000	   5765.65909304	      4.23086095	   2416.46344702	      0.00000000	      0.00000000	   -481.57158951	     -0.00000000	      0.00000000	  -9161.11777314
      1.48600000	   5342.31154457	      2.24203440	   2844.41706205	      0.00000000	      0.00000000	   -815.18907253	      0.00000000	     -0.00000000	 -11045.94236884
      1.48700000	   6778.02661781	      0.00000000	   1905.84242466	      0.00000000	      0.00000000	   -379.26660422	     -0.00000000	      0.00000000	 -10690.96996033
      1.48800000	   4933.87377802	      0.00000000	   1771.25856160	      0.00000000	      0.00000000	   -949.38880255	     -0.00000000	     -0.00000000	 -11806.60274798
      1.48900000	   2997.37080929	      0.00000000	   2344.40064670	      0.00000000	      0.00000000	   -800.63988837	     -0.00000000	     -0.00000000	  -7998.29040381
      1.49000000	   3214.08253163	      5.22080777	   1931.41629245	      0.00000000	      0.00000000	   -792.53056353	     -0.00000000	      0.00000000	  -8289.90223882
      1.49100000	   5569.79613482	      2.87315310	   2122.81524390	      0.00000000	      0.00000000	   -618.28178331	      0.00000000	     -0.00000000	  -9872.60523630
      1.49200000	   4459.74931217	      0.00000000	   2855.22110982	      0.00000000	      0.00000000	   -850.47359038	      0.00000000	     -0.00000000	 -10361.26787700
      1.49300000	   3986.75270227	      0.00000000	   1850.38080652	      0.00000000	      0.00000000	   -553.44574297	      0.00000000	      0.00000000	  -7400.67973974
      1.49400000	   4321.36990473	      8.33442560	   2546.71388902	      0.00000000	      0.00000000	   -989.87023197	     -0.00000000	     -0.00000000	 -10890.32754330
      1.49500000	   6458.23977578	      3.40373692	   1762.08769472	      0.00000000	      0.00000000	   -591.41860559	      0.00000000	      0.00000000	 -11542.39816348
      1.49600000	   7011.84314103	      0.00000000	   2140.65648796	      0.00000000	      0.00000000	   -530.29659474	     -0.00000000	      0.00000000	 -11990.96194531
      1.49700000	   5259.59028990	      9.29038453	   1817.92591853	      0.00000000	      0.00000000	   -735.33574350	     -0.00000000	      0.00000000	 -11101.32714389
      1.49800000	   7389.13323490	      0.00000000	   2617.18332805	      0.00000000	      0.00000000	   -412.28043914	     -0.00000000	     -0.00000000	 -12088.15133398
      1.49900000	   3612.82244951	      0.00000000	   1301.02373915	      0.00000000	      0.00000000	   -663.72551729	      0.00000000	      0.00000000	  -7475.08898765
      1.50000000	   5332.09650129	      8.70774551	   2404.92912545	      0.00000000	      0.00000000	   -491.65746078	      0.00000000	     -0.00000000	  -8591.53451410
      1.50100000	   6741.23505746	      0.00000000	   2516.03160622	      0.00000000	      0.00000000	   -495.52870108	     -0.00000000	      0.00000000	 -10955.00554579
      1.50200000	   4386.16121206	      2.71414298	   1645.52909832	      0.00000000	      0.00000000	   -881.73625758	     -0.00000000	     -0.00000000	 -10342.42952352
      1.50300000	   4861.39567593	      2.58687060	   2392.32780294	      0.00000000	      0.00000000	   -922.86648423	      0.00000000	     -0.00000000	 -11370.23856293
      1.50400000	   6640.57132119	      1.37743639	   1451.93123634	      0.00000000	      0.00000000	   -408.48190058	     -0.00000000	      0.00000000	  -9985.40516608
      1.50500000	   6365.58713501	      0.68010848	   1938.57446459	      0.00000000	      0.00000000	   -629.45999557	     -0.00000000	     -0.00000000	 -12050.55404190
      1.50600000	   7459.29976816	      2.42520915	   2457.74019945	      0.00000000	      0.00000000	   -354.03191625	      0.00000000	     -0.00000000	 -12005.09153650
      1.50700000	   6357.66263210	      0.00000000	   2755.66889909	      0.00000000	      0.00000000	   -603.38967682	     -0.00000000	     -0.00000000	 -11667.95594935
      1.50800000	   5084.86187245	      0.00000000	   2159.06258911	      0.00000000	      0.00000000	   -548.66488617	     -0.00000000	     -0.00000000	  -8809.58965441
      1.50900000	   4945.57628214	      3.55991245	   2273.24618169	      0.00000000	      0.00000000	   -457.74873667	      0.00000000	      0.00000000	  -7738.33301473
      1.51000000	   4683.72292032	      7.94997411	   2392.84597612	      0.00000000	      0.00000000	   -975.41498092	      0.00000000	     -0.00000000	 -11863.93692249
      1.51100000	   5361.08989573	      0.00000000	   2621.63029338	      0.00000000	      0.00000000	   -738.80174249	     -0.00000000	     -0.00000000	 -11079.77710318
      1.51200000	   4694.35541903	      0.00000000	   2196.97733567	      0.00000000	      0.00000000	   -773.05011905	      0.00000000	      0.00000000	  -9658.98363143
      1.51300000	   5548.89974390	      0.00000000	   1614.57902111	      0.00000000	      0.00000000	   -488.65604002	     -0.00000000	     -0.00000000	  -9267.59319818
      1.51400000	   5167.76878880	      4.47071917	   2560.02522283	      0.00000000	      0.00000000	   -572.00467873	      0.00000000	      0.00000000	  -8989.44534699
      1.51500000	   6259.39938464	     10.37956488	   2773.54431406	      0.00000000	      0.00000000	   -690.25218024	      0.00000000	      0.00000000	 -12069.39720038
      1.51600000	   6635.34579952	      0.00000000	   2256.31133579	      0.00000000	      0.00000000	   -524.81763498	      0.00000000	     -0.00000000	 -11955.46083876
      1.51700000	   3663.78939226	      0.00000000	   1543.24333420	      0.00000000	      0.00000000	   -744.43291629	     -0.00000000	      0.00000000	  -8115.56857561
      1.51800000	   4465.69868113	      7.92290548	   1873.19670297	      0.00000000	      0.00000000	   -817.43404567	     -0.00000000	      0.00000000	  -9902.47279265
      1.51900000	   4090.45554551	      4.34348758	   2152.29723153	      0.00000000	      0.00000000	  -1035.26522638	      0.00000000	     -0.00000000	 -11211.46546184
      1.52000000	   4102.27047108	      0.00000000	   1924.37616014	      0.00000000	      0.00000000	   -953.33970959	      0.00000000	      0.00000000	 -10680.35191782
      1.52100000	   4681.45261537	      5.52785626	   1480.79849723	      0.00000000	      0.00000000	   -628.20304869	     -0.00000000	     -0.00000000	  -8406.70733637
      1.52200000	   7022.61615139	      0.00000000	   2811.16054546	      0.00000000	      0.00000000	   -450.12995660	      0.00000000	     -0.00000000	 -11749.04021241
      1.52300000	   4748.03449349	      0.00000000	   1982.22186820	      0.00000000	      0.00000000	   -663.78222986	      0.00000000	      0.00000000	  -9542.73508696
      1.52400000	   5631.97170010	     12.32957271	   1920.66126462	      0.00000000	      0.00000000	   -592.15530291	     -0.00000000	     -0.00000000	 -10462.69996538
      1.52500000	   7317.09910416	      0.00000000	   1803.27129066	      0.00000000	      0.00000000	   -407.33379974	     -0.00000000	     -0.00000000	 -12087.04646913
      1.52600000	   4965.78854901	      0.00000000	   1652.79265673	      0.00000000	      0.00000000	   -550.98565045	      0.00000000	      0.00000000	  -8543.25131829
      1.52700000	   5239.34220534	      9.66678598	   2203.63340295	      0.00000000	      0.00000000	   -735.63956247	      0.00000000	     -0.00000000	 -10316.12224138
      1.52800000	   4880.15340483	      0.00000000	   2184.45940101	      0.00000000	      0.00000000	   -952.10544844	      0.00000000	      0.00000000	 -11860.12583528
      1.52900000	   5909.70173718	      0.00000000	   2114.99041019	      0.00000000	      0.00000000	   -688.06966778	      0.00000000	      0.00000000	 -11513.31987189
      1.53000000	   4217.02331534	      0.00000000	   2470.40698542	      0.00000000	      0.00000000	   -786.95818939	     -0.00000000	      0.00000000	  -9419.89354876
      1.53100000	   4071.05487167	      6.88479768	   2519.35496884	      0.00000000	      0.00000000	   -869.01838185	     -0.00000000	     -0.00000000	 -10158.27668043
      1.53200000	   5482.81407689	      4.26326048	   2529.04630967	      0.00000000	      0.00000000	   -807.95367946	     -0.00000000	     -0.00000000	 -11887.14817545
      1.53300000	   7103.82994266	      0.00000000	   2508.90178899	      0.00000000	      0.00000000	   -429.88006386	      0.00000000	      0.00000000	 -11959.82760654
      1.53400000	   6028.18424970	      1.98618715	   1571.74382447	      0.00000000	      0.00000000	   -583.22817034	      0.00000000	     -0.00000000	 -10802.68953951
      1.53500000	   6342.40346979	      0.00000000	   2070.07440654	      0.00000000	      0.00000000	   -685.93805750	     -0.00000000	     -0.00000000	 -12043.94354863
      1.53600000	   5802.05529725	     10.17080524	   2671.73731908	      0.00000000	      0.00000000	   -586.51779629	     -0.00000000	      0.00000000	 -10012.12944084
      1.53700000	   5718.95788195	      0.00000000	   2403.66892153	      0.00000000	      0.00000000	   -749.95264536	     -0.00000000	      0.00000000	 -11940.55630492
      1.53800000	   4584.34778954	      0.00000000	   2455.28562141	      0.00000000	      0.00000000	   -710.56129410	      0.00000000	     -0.00000000	  -9546.01383592
      1.53900000	   5309.76291290	      5.86010659	   1614.16702712	      0.00000000	      0.00000000	   -829.27986630	      0.00000000	      0.00000000	 -11054.65684757
      1.54000000	   5526.49271587	      0.00000000	   1539.62898752	      0.00000000	      0.00000000	   -566.14521127	      0.00000000	     -0.00000000	  -8996.93144512
      1.54100000	   7684.24283228	      2.43171331	   2769.93288251	      0.00000000	      0.00000000	   -256.37670081	     -0.00000000	     -0.00000000	 -12080.05502744
      1.54200000	   7527.54952045	      0.00000000	   2292.91022141	      0.00000000	      0.00000000	   -265.77598327	     -0.00000000	     -0.00000000	 -11734.93890762
      1.54300000	   7569.55241555	      2.41321977	   1888.53344911	      0.00000000	      0.00000000	   -300.57209064	     -0.00000000	     -0.00000000	 -12067.99321739
      1.54400000	   5693.55655206	      2.38316235	   2044.66015372	      0.00000000	      0.00000000	   -573.27640241	     -0.00000000	     -0.00000000	  -9872.73359938
      1.54500000	   5248.74488847	      1.72252684	   2465.80668724	      0.00000000	      0.00000000	   -926.52090661	     -0.00000000	      0.00000000	 -12088.01920924
      1.54600000	   6324.13408232	      2.56514519	   1782.59357891	      0.00000000	      0.00000000	   -614.71129678	      0.00000000	     -0.00000000	 -11373.58507946
      1.54700000	   8147.91280621	      0.00000000	   1950.48999615	      0.00000000	      0.00000000	   -134.72044209	     -0.00000000	     -0.00000000	 -11710.15654855
      1.54800000	   5875.54705307	      0.00000000	   2040.44033546	      0.00000000	      0.00000000	   -591.48580601	     -0.00000000	      0.00000000	 -10537.68977398
      1.54900000	   5742.68497877	      0.00000000	   2869.76532255	      0.00000000	      0.00000000	   -691.40499912	     -0.00000000	     -0.00000000	 -11085.34621025
      1.55000000	   3546.54521116	      0.00000000	   1485.84228220	      0.00000000	      0.00000000	   -813.63564689	      0.00000000	      0.00000000	  -8852.06261934
      1.55100000	   5895.37544362	     11.06159816	   2660.97250382	      0.00000000	      0.00000000	   -647.03152770	     -0.00000000	     -0.00000000	 -11011.15406156
      1.55200000	   5597.50721011	      4.19004144	   1710.79792697	      0.00000000	      0.00000000	   -804.92220617	     -0.00000000	     -0.00000000	 -12087.49653607
      1.55300000	   6434.65266328	      0.00000000	   2750.78042308	      0.00000000	      0.00000000	   -619.70027772	     -0.00000000	     -0.00000000	 -11811.90951568
      1.55400000	   4238.17884194	      0.00000000	   1857.32245071	      0.00000000	      0.00000000	   -995.37177996	      0.00000000	     -0.00000000	 -11287.00866218
      1.55500000	   5850.15795340	      5.46828728	   2416.30928521	      0.00000000	      0.00000000	   -655.56243087	     -0.00000000	     -0.00000000	 -10648.95948719
      1.55600000	   6615.84666304	      5.29595150	   2222.45983188	      0.00000000	      0.00000000	   -583.21751804	     -0.00000000	     -0.00000000	 -12050.95975600
      1.55700000	   5445.71970130	      0.00000000	   2606.35629872	      0.00000000	      0.00000000	   -759.72977231	      0.00000000	      0.00000000	 -11608.99269476
      1.55800000	   6493.59229870	      0.00000000	   1506.22794887	      0.00000000	      0.00000000	   -442.51444003	     -0.00000000	      0.00000000	 -10246.99591863
      1.55900000	   6723.87668625	      0.30187866	   2237.43939064	      0.00000000	      0.00000000	   -420.83288157	      0.00000000	      0.00000000	 -10570.24427301
      1.56000000	   5470.08974839	      4.42035149	   1471.43207871	      0.00000000	      0.00000000	   -615.97496698	      0.00000000	     -0.00000000	  -9682.13782661
      1.56100000	   6701.98108552	      2.45028908	   2023.91056827	      0.00000000	      0.00000000	   -474.74169152	     -0.00000000	      0.00000000	 -11701.23617442
      1.56200000	   6931.86622764	      2.52539317	   2605.43569756	      0.00000000	      0.00000000	   -502.57692634	     -0.00000000	     -0.00000000	 -11566.23273044
      1.56300000	   5671.26858887	      3.17001884	   2677.01821531	      0.00000000	      0.00000000	   -822.87563163	      0.00000000	      0.00000000	 -11992.93455877
      1.56400000	   7794.40136787	      0.00000000	   2378.49725557	      0.00000000	      0.00000000	   -224.48154277	      0.00000000	      0.00000000	 -12051.80821438
      1.56500000	   4845.31474400	      0.00000000	   1760.62670720	      0.00000000	      0.00000000	   -887.05678522	      0.00000000	      0.00000000	 -11464.02335717
      1.56600000	   6744.03833548	      0.00000000	   2207.72365885	      0.00000000	      0.00000000	   -528.98715081	      0.00000000	     -0.00000000	 -11747.98201142
      1.56700000	   5252.89773446	      5.79860431	   2071.10693943	      0.00000000	      0.00000000	   -906.50529432	     -0.00000000	      0.00000000	 -11854.61418444
      1.56800000	   6915.09832907	      0.00000000	   1954.10929518	      0.00000000	      0.00000000	   -451.49169952	     -0.00000000	      0.00000000	 -11856.23072279
      1.56900000	   6905.50010174	      0.00000000	   1771.06123753	      0.00000000	      0.00000000	   -460.83701712	      0.00000000	      0.00000000	 -10824.04959856
      1.57000000	   7334.74523315	      7.11585023	   2771.98742191	      0.00000000	      0.00000000	   -332.27870237	     -0.00000000	     -0.00000000	 -12021.98447743
      1.57100000	   8305.34039543	      0.00000000	   2470.22006253	      0.00000000	      0.00000000	    -66.16666419	     -0.00000000	      0.00000000	 -11618.34644108
      1.57200000	   4826.79221373	      0.00000000	   1883.03488558	      0.00000000	      0.00000000	   -731.66431710	      0.00000000	      0.00000000	 -10068.75298956
      1.57300000	   5610.99617434	      0.00000000	   1988.32263734	      0.00000000	      0.00000000	   -571.81254878	     -0.00000000	      0.00000000	  -9592.46392611
      1.57400000	   5225.03281810	      0.00000000	   2117.80163631	      0.00000000	      0.00000000	   -633.50067271	      0.00000000	     -0.00000000	  -9850.21830205
      1.57500000	   3758.39600906	      0.00000000	   1766.50992050	      0.00000000	      0.00000000	   -836.63254420	     -0.00000000	     -0.00000000	  -9190.40335566
