Moment_ankle_angle_r
version=1
nRows=1575
nColumns=10
inDegrees=no

This analysis gathers basic information about muscles during a simulation (e.g., forces, tendon lengths, moment arms, etc).
Units are S.I. units (second, meters, Newtons, ...)
If the header above contains a line with 'inDegrees', this indicates whether rotational values are in degrees (yes) or radians (no).

endheader
time	bflh_r	bfsh_r	gasmed_r	glmax2_r	iliacus_r	recfem_r	soleus_r	tibant_r	vasmed_r
      0.00100000	      0.00000000	      0.00000000	  -4448.94892339	      0.00000000	      0.00000000	      0.00000000	  -3858.23160866	     33.46156784	      0.00000000
      0.00200000	      0.00000000	      0.00000000	  -5470.98811387	      0.00000000	      0.00000000	      0.00000000	  -4915.15523723	      0.00000000	      0.00000000
      0.00300000	      0.00000000	      0.00000000	  -4832.06927955	      0.00000000	      0.00000000	      0.00000000	  -4473.68626124	     13.26631944	      0.00000000
      0.00400000	      0.00000000	      0.00000000	  -5349.54676776	      0.00000000	      0.00000000	      0.00000000	  -4681.63141506	      0.00000000	      0.00000000
      0.00500000	      0.00000000	      0.00000000	  -5085.31650482	      0.00000000	      0.00000000	      0.00000000	  -4754.12935969	      0.00000000	      0.00000000
      0.00600000	      0.00000000	      0.00000000	  -5315.87119815	      0.00000000	      0.00000000	      0.00000000	  -4837.54589658	      0.00000000	      0.00000000
      0.00700000	      0.00000000	      0.00000000	  -5342.55676036	      0.00000000	      0.00000000	      0.00000000	  -4880.90367237	      0.00000000	      0.00000000
      0.00800000	      0.00000000	      0.00000000	  -4736.75874929	      0.00000000	      0.00000000	      0.00000000	  -3894.14741676	     11.11230396	      0.00000000
      0.00900000	      0.00000000	      0.00000000	  -4832.50134814	      0.00000000	      0.00000000	      0.00000000	  -4293.13332319	      0.00000000	      0.00000000
      0.01000000	      0.00000000	      0.00000000	  -5562.68127117	      0.00000000	      0.00000000	      0.00000000	  -5085.49346180	      0.00000000	      0.00000000
      0.01100000	      0.00000000	      0.00000000	  -4686.85672435	      0.00000000	      0.00000000	      0.00000000	  -3681.23597829	     91.26513621	      0.00000000
      0.01200000	      0.00000000	      0.00000000	  -4397.96432251	      0.00000000	      0.00000000	      0.00000000	  -3424.12664287	    106.34511192	      0.00000000
      0.01300000	      0.00000000	      0.00000000	  -4988.48497228	      0.00000000	      0.00000000	      0.00000000	  -4748.74734291	      0.00000000	      0.00000000
      0.01400000	      0.00000000	      0.00000000	  -4992.47491164	      0.00000000	      0.00000000	      0.00000000	  -4508.86438954	      0.00000000	      0.00000000
      0.01500000	      0.00000000	      0.00000000	  -5342.41030350	      0.00000000	      0.00000000	      0.00000000	  -4714.79953306	      0.00000000	      0.00000000
      0.01600000	      0.00000000	      0.00000000	  -5006.39522265	      0.00000000	      0.00000000	      0.00000000	  -4462.58837958	      0.00000000	      0.00000000
      0.01700000	      0.00000000	      0.00000000	  -5070.07971874	      0.00000000	      0.00000000	      0.00000000	  -4458.84236465	      0.00000000	      0.00000000
      0.01800000	      0.00000000	      0.00000000	  -4526.88506930	      0.00000000	      0.00000000	      0.00000000	  -3718.95451627	    117.87689072	      0.00000000
      0.01900000	      0.00000000	      0.00000000	  -4833.87158785	      0.00000000	      0.00000000	      0.00000000	  -4338.12400846	      0.00000000	      0.00000000
      0.02000000	      0.00000000	      0.00000000	  -4830.65823490	      0.00000000	      0.00000000	      0.00000000	  -4090.37598128	      0.01290644	      0.00000000
      0.02100000	      0.00000000	      0.00000000	  -4420.83649363	      0.00000000	      0.00000000	      0.00000000	  -3561.21493690	      0.00000000	      0.00000000
      0.02200000	      0.00000000	      0.00000000	  -5389.77588194	      0.00000000	      0.00000000	      0.00000000	  -5070.10849268	      0.00000000	      0.00000000
      0.02300000	      0.00000000	      0.00000000	  -5109.12419424	      0.00000000	      0.00000000	      0.00000000	  -4633.57372147	      0.00000000	      0.00000000
      0.02400000	      0.00000000	      0.00000000	  -5297.35130388	      0.00000000	      0.00000000	      0.00000000	  -5031.08283457	      0.00000000	      0.00000000
      0.02500000	      0.00000000	      0.00000000	  -4823.65076840	      0.00000000	      0.00000000	      0.00000000	  -4177.18116310	      0.00000000	      0.00000000
      0.02600000	      0.00000000	      0.00000000	  -4751.07137970	      0.00000000	      0.00000000	      0.00000000	  -4153.73111803	      0.00000000	      0.00000000
      0.02700000	      0.00000000	      0.00000000	  -4627.84535488	      0.00000000	      0.00000000	      0.00000000	  -3910.21657547	      0.00000000	      0.00000000
      0.02800000	      0.00000000	      0.00000000	  -4902.32163163	      0.00000000	      0.00000000	      0.00000000	  -4235.91670609	      0.00000000	      0.00000000
      0.02900000	      0.00000000	      0.00000000	  -5320.06301895	      0.00000000	      0.00000000	      0.00000000	  -4843.03512408	      0.00000000	      0.00000000
      0.03000000	      0.00000000	      0.00000000	  -5100.05435797	      0.00000000	      0.00000000	      0.00000000	  -4630.60362184	      0.00000000	      0.00000000
      0.03100000	      0.00000000	      0.00000000	  -5238.66345701	      0.00000000	      0.00000000	      0.00000000	  -4607.63612337	      0.00000000	      0.00000000
      0.03200000	      0.00000000	      0.00000000	  -4027.58460370	      0.00000000	      0.00000000	      0.00000000	  -3334.29527189	      2.23593140	      0.00000000
      0.03300000	      0.00000000	      0.00000000	  -5185.23239860	      0.00000000	      0.00000000	      0.00000000	  -4994.45811938	      0.00000000	      0.00000000
      0.03400000	      0.00000000	      0.00000000	  -4761.84104216	      0.00000000	      0.00000000	      0.00000000	  -3908.06649408	     13.41100013	      0.00000000
      0.03500000	      0.00000000	      0.00000000	  -5429.29712845	      0.00000000	      0.00000000	      0.00000000	  -4975.04387615	      0.00000000	      0.00000000
      0.03600000	      0.00000000	      0.00000000	  -4375.32827633	      0.00000000	      0.00000000	      0.00000000	  -3755.27667434	    101.09736717	      0.00000000
      0.03700000	      0.00000000	      0.00000000	  -5553.82405080	      0.00000000	      0.00000000	      0.00000000	  -5110.21360320	      0.00000000	      0.00000000
      0.03800000	      0.00000000	      0.00000000	  -3928.94384165	      0.00000000	      0.00000000	      0.00000000	  -3275.35902799	     26.75120643	      0.00000000
      0.03900000	      0.00000000	      0.00000000	  -4304.94765108	      0.00000000	      0.00000000	      0.00000000	  -3589.61273642	     20.92240692	      0.00000000
      0.04000000	      0.00000000	      0.00000000	  -4425.35868410	      0.00000000	      0.00000000	      0.00000000	  -3383.59655528	    174.02899816	      0.00000000
      0.04100000	      0.00000000	      0.00000000	  -5208.26946086	      0.00000000	      0.00000000	      0.00000000	  -4671.38005483	      0.00000000	      0.00000000
      0.04200000	      0.00000000	      0.00000000	  -5341.13198314	      0.00000000	      0.00000000	      0.00000000	  -4819.23968129	      0.00000000	      0.00000000
      0.04300000	      0.00000000	      0.00000000	  -5141.24379466	      0.00000000	      0.00000000	      0.00000000	  -4417.18166493	      0.00000000	      0.00000000
      0.04400000	      0.00000000	      0.00000000	  -5541.40913544	      0.00000000	      0.00000000	      0.00000000	  -5095.89979712	      0.00000000	      0.00000000
      0.04500000	      0.00000000	      0.00000000	  -4879.28429522	      0.00000000	      0.00000000	      0.00000000	  -4432.09847908	      0.00000000	      0.00000000
      0.04600000	      0.00000000	      0.00000000	  -5209.58851961	      0.00000000	      0.00000000	      0.00000000	  -4621.53412967	      0.00000000	      0.00000000
      0.04700000	      0.00000000	      0.00000000	  -5260.76317962	      0.00000000	      0.00000000	      0.00000000	  -4878.91014170	      0.00000000	      0.00000000
      0.04800000	      0.00000000	      0.00000000	  -4562.79835774	      0.00000000	      0.00000000	      0.00000000	  -3839.61417078	     14.68674828	      0.00000000
      0.04900000	      0.00000000	      0.00000000	  -5085.14310245	      0.00000000	      0.00000000	      0.00000000	  -4373.76235747	     26.44882335	      0.00000000
      0.05000000	      0.00000000	      0.00000000	  -5470.62006234	      0.00000000	      0.00000000	      0.00000000	  -4991.39644356	      0.00000000	      0.00000000
      0.05100000	      0.00000000	      0.00000000	  -4547.70243925	      0.00000000	      0.00000000	      0.00000000	  -3992.99019364	     47.90003770	      0.00000000
      0.05200000	      0.00000000	      0.00000000	  -4142.23516878	      0.00000000	      0.00000000	      0.00000000	  -3247.80351023	     16.34296291	      0.00000000
      0.05300000	      0.00000000	      0.00000000	  -4776.85434775	      0.00000000	      0.00000000	      0.00000000	  -4052.86046474	      0.00000000	      0.00000000
      0.05400000	      0.00000000	      0.00000000	  -4318.78239420	      0.00000000	      0.00000000	      0.00000000	  -3728.89719068	     76.36335195	      0.00000000
      0.05500000	      0.00000000	      0.00000000	  -5266.30671581	      0.00000000	      0.00000000	      0.00000000	  -4635.24958389	      0.00000000	      0.00000000
      0.05600000	      0.00000000	      0.00000000	  -5127.25613204	      0.00000000	      0.00000000	      0.00000000	  -4596.35547868	      0.00000000	      0.00000000
      0.05700000	      0.00000000	      0.00000000	  -5353.32555694	      0.00000000	      0.00000000	      0.00000000	  -4772.75205592	      0.00000000	      0.00000000
      0.05800000	      0.00000000	      0.00000000	  -5155.64561871	      0.00000000	      0.00000000	      0.00000000	  -4792.83048294	      0.00000000	      0.00000000
      0.05900000	      0.00000000	      0.00000000	  -4929.71533832	      0.00000000	      0.00000000	      0.00000000	  -4198.53652560	      0.00000000	      0.00000000
      0.06000000	      0.00000000	      0.00000000	  -3880.00201265	      0.00000000	      0.00000000	      0.00000000	  -2985.38978265	    123.61049913	      0.00000000
      0.06100000	      0.00000000	      0.00000000	  -5192.55222836	      0.00000000	      0.00000000	      0.00000000	  -4832.17472639	      0.00000000	      0.00000000
      0.06200000	      0.00000000	      0.00000000	  -5254.50842405	      0.00000000	      0.00000000	      0.00000000	  -4844.24833488	      0.00000000	      0.00000000
      0.06300000	      0.00000000	      0.00000000	  -4551.21516776	      0.00000000	      0.00000000	      0.00000000	  -3525.24223962	    170.37962718	      0.00000000
      0.06400000	      0.00000000	      0.00000000	  -5127.84279752	      0.00000000	      0.00000000	      0.00000000	  -4549.40135360	      0.00000000	      0.00000000
      0.06500000	      0.00000000	      0.00000000	  -5329.95817508	      0.00000000	      0.00000000	      0.00000000	  -4783.60617084	      0.00000000	      0.00000000
      0.06600000	      0.00000000	      0.00000000	  -4435.08536232	      0.00000000	      0.00000000	      0.00000000	  -3550.20947121	      0.00000000	      0.00000000
      0.06700000	      0.00000000	      0.00000000	  -5104.65014624	      0.00000000	      0.00000000	      0.00000000	  -4539.69828153	      0.00000000	      0.00000000
      0.06800000	      0.00000000	      0.00000000	  -5088.30565043	      0.00000000	      0.00000000	      0.00000000	  -4712.18767419	      0.00000000	      0.00000000
      0.06900000	      0.00000000	      0.00000000	  -4371.08599036	      0.00000000	      0.00000000	      0.00000000	  -3743.98361471	      0.00000000	      0.00000000
      0.07000000	      0.00000000	      0.00000000	  -4736.04035863	      0.00000000	      0.00000000	      0.00000000	  -3812.33501980	    135.55576723	      0.00000000
      0.07100000	      0.00000000	      0.00000000	  -5423.49892161	      0.00000000	      0.00000000	      0.00000000	  -5101.70773821	      0.00000000	      0.00000000
      0.07200000	      0.00000000	      0.00000000	  -4970.17715370	      0.00000000	      0.00000000	      0.00000000	  -4321.61269433	      0.31861779	      0.00000000
      0.07300000	      0.00000000	      0.00000000	  -5018.65607094	      0.00000000	      0.00000000	      0.00000000	  -4216.11773645	     24.11139522	      0.00000000
      0.07400000	      0.00000000	      0.00000000	  -5288.12976103	      0.00000000	      0.00000000	      0.00000000	  -4783.95772161	      0.00000000	      0.00000000
      0.07500000	      0.00000000	      0.00000000	  -5249.83647540	      0.00000000	      0.00000000	      0.00000000	  -5122.31490872	      0.00000000	      0.00000000
      0.07600000	      0.00000000	      0.00000000	  -4498.95043612	      0.00000000	      0.00000000	      0.00000000	  -3539.98819198	    137.25106318	      0.00000000
      0.07700000	      0.00000000	      0.00000000	  -4734.45051426	      0.00000000	      0.00000000	      0.00000000	  -3873.84987165	     22.36184343	      0.00000000
      0.07800000	      0.00000000	      0.00000000	  -4940.46511648	      0.00000000	      0.00000000	      0.00000000	  -4549.86370512	      0.00000000	      0.00000000
      0.07900000	      0.00000000	      0.00000000	  -4503.94647992	      0.00000000	      0.00000000	      0.00000000	  -3569.42864865	     18.59135112	      0.00000000
      0.08000000	      0.00000000	      0.00000000	  -4179.35684741	      0.00000000	      0.00000000	      0.00000000	  -3098.91668246	    133.87627731	      0.00000000
      0.08100000	      0.00000000	      0.00000000	  -5041.15687437	      0.00000000	      0.00000000	      0.00000000	  -4651.90895646	      0.00000000	      0.00000000
      0.08200000	      0.00000000	      0.00000000	  -4218.61734302	      0.00000000	      0.00000000	      0.00000000	  -3634.08894518	     32.07676197	      0.00000000
      0.08300000	      0.00000000	      0.00000000	  -5543.56992304	      0.00000000	      0.00000000	      0.00000000	  -5024.46495249	      0.00000000	      0.00000000
      0.08400000	      0.00000000	      0.00000000	  -4507.17404007	      0.00000000	      0.00000000	      0.00000000	  -3486.21064660	     60.66036686	      0.00000000
      0.08500000	      0.00000000	      0.00000000	  -5385.40314653	      0.00000000	      0.00000000	      0.00000000	  -4775.23973805	      0.00000000	      0.00000000
      0.08600000	      0.00000000	      0.00000000	  -4825.46528986	      0.00000000	      0.00000000	      0.00000000	  -4047.63198397	      0.00000000	      0.00000000
      0.08700000	      0.00000000	      0.00000000	  -5120.19771632	      0.00000000	      0.00000000	      0.00000000	  -4616.25847656	      0.00000000	      0.00000000
      0.08800000	      0.00000000	      0.00000000	  -5176.27556864	      0.00000000	      0.00000000	      0.00000000	  -4488.39905670	      0.00000000	      0.00000000
      0.08900000	      0.00000000	      0.00000000	  -5270.94887722	      0.00000000	      0.00000000	      0.00000000	  -4702.37501685	      0.00000000	      0.00000000
      0.09000000	      0.00000000	      0.00000000	  -5221.24930933	      0.00000000	      0.00000000	      0.00000000	  -4960.04742716	      0.00000000	      0.00000000
      0.09100000	      0.00000000	      0.00000000	  -5531.44639182	      0.00000000	      0.00000000	      0.00000000	  -5069.38919606	      0.00000000	      0.00000000
      0.09200000	      0.00000000	      0.00000000	  -3599.99483218	      0.00000000	      0.00000000	      0.00000000	  -2832.60203482	     86.14143816	      0.00000000
      0.09300000	      0.00000000	      0.00000000	  -5070.59447482	      0.00000000	      0.00000000	      0.00000000	  -4705.16535472	      0.00000000	      0.00000000
      0.09400000	      0.00000000	      0.00000000	  -4956.60624389	      0.00000000	      0.00000000	      0.00000000	  -4395.86243379	     34.37171778	      0.00000000
      0.09500000	      0.00000000	      0.00000000	  -4786.96251296	      0.00000000	      0.00000000	      0.00000000	  -4499.01923893	      0.00000000	      0.00000000
      0.09600000	      0.00000000	      0.00000000	  -4902.21575976	      0.00000000	      0.00000000	      0.00000000	  -4193.58902450	     38.35500803	      0.00000000
      0.09700000	      0.00000000	      0.00000000	  -4570.35269780	      0.00000000	      0.00000000	      0.00000000	  -4019.85174762	      0.00000000	      0.00000000
      0.09800000	      0.00000000	      0.00000000	  -4403.90797159	      0.00000000	      0.00000000	      0.00000000	  -3367.99995536	    130.62015077	      0.00000000
      0.09900000	      0.00000000	      0.00000000	  -5104.45302404	      0.00000000	      0.00000000	      0.00000000	  -4530.53537853	      0.00000000	      0.00000000
      0.10000000	      0.00000000	      0.00000000	  -5045.20887072	      0.00000000	      0.00000000	      0.00000000	  -4775.99030054	      0.00000000	      0.00000000
      0.10100000	      0.00000000	      0.00000000	  -4807.45401682	      0.00000000	      0.00000000	      0.00000000	  -4177.87092553	      0.00000000	      0.00000000
      0.10200000	      0.00000000	      0.00000000	  -4842.00956130	      0.00000000	      0.00000000	      0.00000000	  -4213.94015133	      0.00000000	      0.00000000
      0.10300000	      0.00000000	      0.00000000	  -4547.54299687	      0.00000000	      0.00000000	      0.00000000	  -3972.18552801	     86.41682454	      0.00000000
      0.10400000	      0.00000000	      0.00000000	  -5109.01309458	      0.00000000	      0.00000000	      0.00000000	  -4868.68324700	      0.00000000	      0.00000000
      0.10500000	      0.00000000	      0.00000000	  -4382.47026463	      0.00000000	      0.00000000	      0.00000000	  -3410.44123617	     52.44093927	      0.00000000
      0.10600000	      0.00000000	      0.00000000	  -5124.87807896	      0.00000000	      0.00000000	      0.00000000	  -4673.51959832	      0.00000000	      0.00000000
      0.10700000	      0.00000000	      0.00000000	  -3738.39638460	      0.00000000	      0.00000000	      0.00000000	  -2885.13331832	     50.40025037	      0.00000000
      0.10800000	      0.00000000	      0.00000000	  -5487.86745498	      0.00000000	      0.00000000	      0.00000000	  -4982.47049418	      0.00000000	      0.00000000
      0.10900000	      0.00000000	      0.00000000	  -4668.33564104	      0.00000000	      0.00000000	      0.00000000	  -4041.03906805	      0.00000000	      0.00000000
      0.11000000	      0.00000000	      0.00000000	  -5487.82004042	      0.00000000	      0.00000000	      0.00000000	  -4919.33594583	      0.00000000	      0.00000000
      0.11100000	      0.00000000	      0.00000000	  -4864.92566632	      0.00000000	      0.00000000	      0.00000000	  -4159.21487887	      0.00000000	      0.00000000
      0.11200000	      0.00000000	      0.00000000	  -4452.45699842	      0.00000000	      0.00000000	      0.00000000	  -3343.62054787	    167.99615452	      0.00000000
      0.11300000	      0.00000000	      0.00000000	  -4293.52417370	      0.00000000	      0.00000000	      0.00000000	  -3979.66932458	      0.00000000	      0.00000000
      0.11400000	      0.00000000	      0.00000000	  -5197.29058703	      0.00000000	      0.00000000	      0.00000000	  -5069.01947374	      0.00000000	      0.00000000
      0.11500000	      0.00000000	      0.00000000	  -5046.58371275	      0.00000000	      0.00000000	      0.00000000	  -4564.12193485	      0.00000000	      0.00000000
      0.11600000	      0.00000000	      0.00000000	  -4475.89404117	      0.00000000	      0.00000000	      0.00000000	  -3495.06485623	    107.06301928	      0.00000000
      0.11700000	      0.00000000	      0.00000000	  -5407.61607843	      0.00000000	      0.00000000	      0.00000000	  -4913.23105933	      0.00000000	      0.00000000
      0.11800000	      0.00000000	      0.00000000	  -5092.55261066	      0.00000000	      0.00000000	      0.00000000	  -4738.92733631	      0.00000000	      0.00000000
      0.11900000	      0.00000000	      0.00000000	  -4682.54339043	      0.00000000	      0.00000000	      0.00000000	  -3720.37930176	     88.08075660	      0.00000000
      0.12000000	      0.00000000	      0.00000000	  -5056.84166199	      0.00000000	      0.00000000	      0.00000000	  -4528.46683377	      0.00000000	      0.00000000
      0.12100000	      0.00000000	      0.00000000	  -4514.02617040	      0.00000000	      0.00000000	      0.00000000	  -4030.97069258	     59.55768488	      0.00000000
      0.12200000	      0.00000000	      0.00000000	  -4358.67947662	      0.00000000	      0.00000000	      0.00000000	  -3143.07813694	    234.02501932	      0.00000000
      0.12300000	      0.00000000	      0.00000000	  -5364.99133726	      0.00000000	      0.00000000	      0.00000000	  -4989.73623988	      0.00000000	      0.00000000
      0.12400000	      0.00000000	      0.00000000	  -4301.04771243	      0.00000000	      0.00000000	      0.00000000	  -3298.96101653	    103.19473490	      0.00000000
      0.12500000	      0.00000000	      0.00000000	  -4683.05881809	      0.00000000	      0.00000000	      0.00000000	  -3825.95413741	      0.00000000	      0.00000000
      0.12600000	      0.00000000	      0.00000000	  -4960.94119213	      0.00000000	      0.00000000	      0.00000000	  -4889.50094644	      0.00000000	      0.00000000
      0.12700000	      0.00000000	      0.00000000	  -4486.34928573	      0.00000000	      0.00000000	      0.00000000	  -3615.95787076	      0.00000000	      0.00000000
      0.12800000	      0.00000000	      0.00000000	  -4021.35614279	      0.00000000	      0.00000000	      0.00000000	  -2915.77842324	     71.31234669	      0.00000000
      0.12900000	      0.00000000	      0.00000000	  -4769.80489356	      0.00000000	      0.00000000	      0.00000000	  -4014.97699136	      0.00000000	      0.00000000
      0.13000000	      0.00000000	      0.00000000	  -5070.20538573	      0.00000000	      0.00000000	      0.00000000	  -5051.51588910	      0.00000000	      0.00000000
      0.13100000	      0.00000000	      0.00000000	  -4309.62773110	      0.00000000	      0.00000000	      0.00000000	  -3798.87621997	      0.00000000	      0.00000000
      0.13200000	      0.00000000	      0.00000000	  -4302.40069467	      0.00000000	      0.00000000	      0.00000000	  -3550.61827274	     67.93766122	      0.00000000
      0.13300000	      0.00000000	      0.00000000	  -4759.48841574	      0.00000000	      0.00000000	      0.00000000	  -4209.63385898	      0.00000000	      0.00000000
      0.13400000	      0.00000000	      0.00000000	  -5259.36386079	      0.00000000	      0.00000000	      0.00000000	  -4785.99348205	      0.00000000	      0.00000000
      0.13500000	      0.00000000	      0.00000000	  -5533.80932272	      0.00000000	      0.00000000	      0.00000000	  -5075.98602245	      0.00000000	      0.00000000
      0.13600000	      0.00000000	      0.00000000	  -5469.81824269	      0.00000000	      0.00000000	      0.00000000	  -4955.25326369	      0.00000000	      0.00000000
      0.13700000	      0.00000000	      0.00000000	  -4816.02928267	      0.00000000	      0.00000000	      0.00000000	  -4596.67820654	      0.00000000	      0.00000000
      0.13800000	      0.00000000	      0.00000000	  -4146.14293282	      0.00000000	      0.00000000	      0.00000000	  -3036.81452748	    189.48444632	      0.00000000
      0.13900000	      0.00000000	      0.00000000	  -3845.56520368	      0.00000000	      0.00000000	      0.00000000	  -2726.52948163	     90.09058015	      0.00000000
      0.14000000	      0.00000000	      0.00000000	  -5398.12237567	      0.00000000	      0.00000000	      0.00000000	  -5115.88100127	      0.00000000	      0.00000000
      0.14100000	      0.00000000	      0.00000000	  -4934.13120193	      0.00000000	      0.00000000	      0.00000000	  -4041.88224851	    104.60038118	      0.00000000
      0.14200000	      0.00000000	      0.00000000	  -4620.13190622	      0.00000000	      0.00000000	      0.00000000	  -3848.71824374	     13.63548929	      0.00000000
      0.14300000	      0.00000000	      0.00000000	  -5352.90750967	      0.00000000	      0.00000000	      0.00000000	  -4803.56666130	      0.00000000	      0.00000000
      0.14400000	      0.00000000	      0.00000000	  -4922.50825711	      0.00000000	      0.00000000	      0.00000000	  -4660.39840332	      0.00000000	      0.00000000
      0.14500000	      0.00000000	      0.00000000	  -4878.93937072	      0.00000000	      0.00000000	      0.00000000	  -4204.68044481	      0.00000000	      0.00000000
      0.14600000	      0.00000000	      0.00000000	  -4262.25681024	      0.00000000	      0.00000000	      0.00000000	  -3282.94425600	     77.40248501	      0.00000000
      0.14700000	      0.00000000	      0.00000000	  -4129.92957282	      0.00000000	      0.00000000	      0.00000000	  -3340.90529012	    183.62593512	      0.00000000
      0.14800000	      0.00000000	      0.00000000	  -4922.31600318	      0.00000000	      0.00000000	      0.00000000	  -4514.70093398	      0.00000000	      0.00000000
      0.14900000	      0.00000000	      0.00000000	  -4595.95474162	      0.00000000	      0.00000000	      0.00000000	  -3649.26698880	    128.33537185	      0.00000000
      0.15000000	      0.00000000	      0.00000000	  -5057.94489382	      0.00000000	      0.00000000	      0.00000000	  -4278.41387111	      0.00000000	      0.00000000
      0.15100000	      0.00000000	      0.00000000	  -4838.81897645	      0.00000000	      0.00000000	      0.00000000	  -4657.98297396	      0.00000000	      0.00000000
      0.15200000	      0.00000000	      0.00000000	  -4824.58804348	      0.00000000	      0.00000000	      0.00000000	  -4778.53846596	      0.00000000	      0.00000000
      0.15300000	      0.00000000	      0.00000000	  -5355.44158189	      0.00000000	      0.00000000	      0.00000000	  -5074.24774168	      0.00000000	      0.00000000
      0.15400000	      0.00000000	      0.00000000	  -4423.38261626	      0.00000000	      0.00000000	      0.00000000	  -3371.59621747	     85.97368569	      0.00000000
      0.15500000	      0.00000000	      0.00000000	  -4567.20726566	      0.00000000	      0.00000000	      0.00000000	  -3628.16421688	     21.27379574	      0.00000000
      0.15600000	      0.00000000	      0.00000000	  -3760.13080285	      0.00000000	      0.00000000	      0.00000000	  -2846.63153634	     50.00358023	      0.00000000
      0.15700000	      0.00000000	      0.00000000	  -4158.64522214	      0.00000000	      0.00000000	      0.00000000	  -3120.41595157	     51.59460940	      0.00000000
      0.15800000	      0.00000000	      0.00000000	  -3842.58621637	      0.00000000	      0.00000000	      0.00000000	  -2668.93959885	    148.31238528	      0.00000000
      0.15900000	      0.00000000	      0.00000000	  -4863.00168944	      0.00000000	      0.00000000	      0.00000000	  -4084.19257103	      0.00000000	      0.00000000
      0.16000000	      0.00000000	      0.00000000	  -4588.55212180	      0.00000000	      0.00000000	      0.00000000	  -4320.61025188	     26.98929715	      0.00000000
      0.16100000	      0.00000000	      0.00000000	  -5298.93809598	      0.00000000	      0.00000000	      0.00000000	  -4854.63036370	      0.00000000	      0.00000000
      0.16200000	      0.00000000	      0.00000000	  -5018.40939668	      0.00000000	      0.00000000	      0.00000000	  -4199.77532527	     31.14637097	      0.00000000
      0.16300000	      0.00000000	      0.00000000	  -4832.48346403	      0.00000000	      0.00000000	      0.00000000	  -4554.40851001	      0.11065204	      0.00000000
      0.16400000	      0.00000000	      0.00000000	  -4582.79908811	      0.00000000	      0.00000000	      0.00000000	  -3747.04636850	     81.99650910	      0.00000000
      0.16500000	      0.00000000	      0.00000000	  -5137.66418111	      0.00000000	      0.00000000	      0.00000000	  -4550.01997470	      0.00000000	      0.00000000
      0.16600000	      0.00000000	      0.00000000	  -4775.60256154	      0.00000000	      0.00000000	      0.00000000	  -4537.79924466	      0.00000000	      0.00000000
      0.16700000	      0.00000000	      0.00000000	  -4522.32193128	      0.00000000	      0.00000000	      0.00000000	  -3693.39130604	      0.00000000	      0.00000000
      0.16800000	      0.00000000	      0.00000000	  -3859.65441846	      0.00000000	      0.00000000	      0.00000000	  -2904.15664429	    226.26851028	      0.00000000
      0.16900000	      0.00000000	      0.00000000	  -4325.36494982	      0.00000000	      0.00000000	      0.00000000	  -3288.25352787	    211.23409284	      0.00000000
      0.17000000	      0.00000000	      0.00000000	  -5140.93102937	      0.00000000	      0.00000000	      0.00000000	  -4499.96402797	      0.00000000	      0.00000000
      0.17100000	      0.00000000	      0.00000000	  -4398.63925920	      0.00000000	      0.00000000	      0.00000000	  -3651.46866552	    108.84831898	      0.00000000
      0.17200000	      0.00000000	      0.00000000	  -5190.76212974	      0.00000000	      0.00000000	      0.00000000	  -4667.16159536	      0.00000000	      0.00000000
      0.17300000	      0.00000000	      0.00000000	  -4948.36405463	      0.00000000	      0.00000000	      0.00000000	  -4431.33721902	      0.00000000	      0.00000000
      0.17400000	      0.00000000	      0.00000000	  -4968.79300762	      0.00000000	      0.00000000	      0.00000000	  -4723.22236375	      0.00000000	      0.00000000
      0.17500000	      0.00000000	      0.00000000	  -5309.50596205	      0.00000000	      0.00000000	      0.00000000	  -4770.44003215	      0.00000000	      0.00000000
      0.17600000	      0.00000000	      0.00000000	  -5040.57187963	      0.00000000	      0.00000000	      0.00000000	  -4951.93582628	      0.00000000	      0.00000000
      0.17700000	      0.00000000	      0.00000000	  -4671.71363438	      0.00000000	      0.00000000	      0.00000000	  -3999.63315609	      0.00000000	      0.00000000
      0.17800000	      0.00000000	      0.00000000	  -4026.19761854	      0.00000000	      0.00000000	      0.00000000	  -3284.59425718	    129.56078210	      0.00000000
      0.17900000	      0.00000000	      0.00000000	  -5182.83744164	      0.00000000	      0.00000000	      0.00000000	  -5102.82647703	      0.00000000	      0.00000000
      0.18000000	      0.00000000	      0.00000000	  -5485.99349140	      0.00000000	      0.00000000	      0.00000000	  -4990.11019827	      0.00000000	      0.00000000
      0.18100000	      0.00000000	      0.00000000	  -3720.19240918	      0.00000000	      0.00000000	      0.00000000	  -2836.14729151	    120.51759667	      0.00000000
      0.18200000	      0.00000000	      0.00000000	  -4722.27339298	      0.00000000	      0.00000000	      0.00000000	  -4272.24102000	      0.00000000	      0.00000000
      0.18300000	      0.00000000	      0.00000000	  -4947.78813244	      0.00000000	      0.00000000	      0.00000000	  -4046.90803201	    102.18666829	      0.00000000
      0.18400000	      0.00000000	      0.00000000	  -3486.42506260	      0.00000000	      0.00000000	      0.00000000	  -2747.82624726	    176.98557091	      0.00000000
      0.18500000	      0.00000000	      0.00000000	  -3546.43049365	      0.00000000	      0.00000000	      0.00000000	  -2538.88729285	     98.51999992	      0.00000000
      0.18600000	      0.00000000	      0.00000000	  -5222.30278438	      0.00000000	      0.00000000	      0.00000000	  -4595.55504181	      0.00000000	      0.00000000
      0.18700000	      0.00000000	      0.00000000	  -4211.48048277	      0.00000000	      0.00000000	      0.00000000	  -3287.09200341	     11.36043082	      0.00000000
      0.18800000	      0.00000000	      0.00000000	  -4883.64999865	      0.00000000	      0.00000000	      0.00000000	  -4398.39628545	      0.00000000	      0.00000000
      0.18900000	      0.00000000	      0.00000000	  -4856.74869887	      0.00000000	      0.00000000	      0.00000000	  -4031.48654779	     16.01796903	      0.00000000
      0.19000000	      0.00000000	      0.00000000	  -5193.95609363	      0.00000000	      0.00000000	      0.00000000	  -4655.71326638	      0.00000000	      0.00000000
      0.19100000	      0.00000000	      0.00000000	  -4997.39632172	      0.00000000	      0.00000000	      0.00000000	  -5027.97889317	      0.00000000	      0.00000000
      0.19200000	      0.00000000	      0.00000000	  -4780.30348700	      0.00000000	      0.00000000	      0.00000000	  -4392.28208873	      0.00000000	      0.00000000
      0.19300000	      0.00000000	      0.00000000	  -4687.81466715	      0.00000000	      0.00000000	      0.00000000	  -3940.89114982	     51.96415007	      0.00000000
      0.19400000	      0.00000000	      0.00000000	  -5461.66982247	      0.00000000	      0.00000000	      0.00000000	  -5031.84285862	      0.00000000	      0.00000000
      0.19500000	      0.00000000	      0.00000000	  -4117.15819174	      0.00000000	      0.00000000	      0.00000000	  -3072.53547815	    111.04250823	      0.00000000
      0.19600000	      0.00000000	      0.00000000	  -4726.09758201	      0.00000000	      0.00000000	      0.00000000	  -4038.31397593	      0.00000000	      0.00000000
      0.19700000	      0.00000000	      0.00000000	  -4747.25764439	      0.00000000	      0.00000000	      0.00000000	  -4303.67653438	      0.00000000	      0.00000000
      0.19800000	      0.00000000	      0.00000000	  -5057.72664394	      0.00000000	      0.00000000	      0.00000000	  -4210.07056852	     77.90300891	      0.00000000
      0.19900000	      0.00000000	      0.00000000	  -4241.25085777	      0.00000000	      0.00000000	      0.00000000	  -3069.79003868	    170.28074434	      0.00000000
      0.20000000	      0.00000000	      0.00000000	  -4073.30076240	      0.00000000	      0.00000000	      0.00000000	  -3494.64566239	     63.98500746	      0.00000000
      0.20100000	      0.00000000	      0.00000000	  -4496.72933049	      0.00000000	      0.00000000	      0.00000000	  -3905.46660342	      0.00000000	      0.00000000
      0.20200000	      0.00000000	      0.00000000	  -4824.23232961	      0.00000000	      0.00000000	      0.00000000	  -4126.40714705	      0.00000000	      0.00000000
      0.20300000	      0.00000000	      0.00000000	  -4532.30643371	      0.00000000	      0.00000000	      0.00000000	  -4168.95960149	      0.00000000	      0.00000000
      0.20400000	      0.00000000	      0.00000000	  -5259.39145173	      0.00000000	      0.00000000	      0.00000000	  -4708.20686424	      0.00000000	      0.00000000
      0.20500000	      0.00000000	      0.00000000	  -3865.56960463	      0.00000000	      0.00000000	      0.00000000	  -2646.92888666	    155.27338918	      0.00000000
      0.20600000	      0.00000000	      0.00000000	  -3750.83486984	      0.00000000	      0.00000000	      0.00000000	  -3199.88789410	     75.05787269	      0.00000000
      0.20700000	      0.00000000	      0.00000000	  -4475.32709091	      0.00000000	      0.00000000	      0.00000000	  -3468.02507587	     71.20632851	      0.00000000
      0.20800000	      0.00000000	      0.00000000	  -4843.86825008	      0.00000000	      0.00000000	      0.00000000	  -4083.17736596	     50.39748304	      0.00000000
      0.20900000	      0.00000000	      0.00000000	  -3781.07171441	      0.00000000	      0.00000000	      0.00000000	  -2780.10716147	     99.77787683	      0.00000000
      0.21000000	      0.00000000	      0.00000000	  -5176.00675191	      0.00000000	      0.00000000	      0.00000000	  -4628.20852700	      0.00000000	      0.00000000
      0.21100000	      0.00000000	      0.00000000	  -4453.68590926	      0.00000000	      0.00000000	      0.00000000	  -3578.14524662	     77.07265368	      0.00000000
      0.21200000	      0.00000000	      0.00000000	  -4018.07078046	      0.00000000	      0.00000000	      0.00000000	  -3039.17875279	    174.52341471	      0.00000000
      0.21300000	      0.00000000	      0.00000000	  -4686.01562542	      0.00000000	      0.00000000	      0.00000000	  -4661.40550533	      7.18661268	      0.00000000
      0.21400000	      0.00000000	      0.00000000	  -4866.91952807	      0.00000000	      0.00000000	      0.00000000	  -4614.82251399	      0.00000000	      0.00000000
      0.21500000	      0.00000000	      0.00000000	  -5477.80766540	      0.00000000	      0.00000000	      0.00000000	  -5045.00414239	      0.00000000	      0.00000000
      0.21600000	      0.00000000	      0.00000000	  -4765.84551766	      0.00000000	      0.00000000	      0.00000000	  -4546.85114942	      0.00000000	      0.00000000
      0.21700000	      0.00000000	      0.00000000	  -4697.72427039	      0.00000000	      0.00000000	      0.00000000	  -3793.43215577	     78.27323471	      0.00000000
      0.21800000	      0.00000000	      0.00000000	  -3334.85936282	      0.00000000	      0.00000000	      0.00000000	  -2519.86308940	    183.56705277	      0.00000000
      0.21900000	      0.00000000	      0.00000000	  -4488.10734956	      0.00000000	      0.00000000	      0.00000000	  -4060.46407644	     44.85457829	      0.00000000
      0.22000000	      0.00000000	      0.00000000	  -4598.57977611	      0.00000000	      0.00000000	      0.00000000	  -3686.15529587	    162.84959292	      0.00000000
      0.22100000	      0.00000000	      0.00000000	  -4999.18138000	      0.00000000	      0.00000000	      0.00000000	  -4443.49246486	      0.00000000	      0.00000000
      0.22200000	      0.00000000	      0.00000000	  -5494.14049559	      0.00000000	      0.00000000	      0.00000000	  -5094.36692042	      0.00000000	      0.00000000
      0.22300000	      0.00000000	      0.00000000	  -3934.97052938	      0.00000000	      0.00000000	      0.00000000	  -3414.68159141	    214.49924495	      0.00000000
      0.22400000	      0.00000000	      0.00000000	  -4951.03380389	      0.00000000	      0.00000000	      0.00000000	  -4380.16162560	     21.36941628	      0.00000000
      0.22500000	      0.00000000	      0.00000000	  -4964.48383086	      0.00000000	      0.00000000	      0.00000000	  -4751.18459504	      0.00000000	      0.00000000
      0.22600000	      0.00000000	      0.00000000	  -5034.70773450	      0.00000000	      0.00000000	      0.00000000	  -4374.63714226	      0.00000000	      0.00000000
      0.22700000	      0.00000000	      0.00000000	  -4882.12411587	      0.00000000	      0.00000000	      0.00000000	  -4314.86224685	      0.00000000	      0.00000000
      0.22800000	      0.00000000	      0.00000000	  -4418.18198103	      0.00000000	      0.00000000	      0.00000000	  -3846.10911733	      3.62843455	      0.00000000
      0.22900000	      0.00000000	      0.00000000	  -5253.92208934	      0.00000000	      0.00000000	      0.00000000	  -4937.05525180	      0.00000000	      0.00000000
      0.23000000	      0.00000000	      0.00000000	  -4678.11503105	      0.00000000	      0.00000000	      0.00000000	  -3811.02536239	    119.37675639	      0.00000000
      0.23100000	      0.00000000	      0.00000000	  -4883.22888652	      0.00000000	      0.00000000	      0.00000000	  -4184.27478496	      0.00000000	      0.00000000
      0.23200000	      0.00000000	      0.00000000	  -3692.97261261	      0.00000000	      0.00000000	      0.00000000	  -2461.32130596	    136.77077287	      0.00000000
      0.23300000	      0.00000000	      0.00000000	  -3623.88865624	      0.00000000	      0.00000000	      0.00000000	  -2833.12403301	    213.75277363	      0.00000000
      0.23400000	      0.00000000	      0.00000000	  -5077.98197521	      0.00000000	      0.00000000	      0.00000000	  -5141.86809584	      0.00000000	      0.00000000
      0.23500000	      0.00000000	      0.00000000	  -4852.87527177	      0.00000000	      0.00000000	      0.00000000	  -4119.40109147	     74.08899487	      0.00000000
      0.23600000	      0.00000000	      0.00000000	  -5023.93326822	      0.00000000	      0.00000000	      0.00000000	  -4812.86210237	      0.00000000	      0.00000000
      0.23700000	      0.00000000	      0.00000000	  -5314.69428662	      0.00000000	      0.00000000	      0.00000000	  -4789.82811530	      0.00000000	      0.00000000
      0.23800000	      0.00000000	      0.00000000	  -4943.47500102	      0.00000000	      0.00000000	      0.00000000	  -5035.85330001	      0.00000000	      0.00000000
      0.23900000	      0.00000000	      0.00000000	  -3260.04405331	      0.00000000	      0.00000000	      0.00000000	  -2528.21291327	    211.65824775	      0.00000000
      0.24000000	      0.00000000	      0.00000000	  -4740.05550942	      0.00000000	      0.00000000	      0.00000000	  -4075.88860288	      0.00000000	      0.00000000
      0.24100000	      0.00000000	      0.00000000	  -4767.88291776	      0.00000000	      0.00000000	      0.00000000	  -4488.97943769	     27.82554920	      0.00000000
      0.24200000	      0.00000000	      0.00000000	  -4568.89104681	      0.00000000	      0.00000000	      0.00000000	  -3956.43386361	      3.48674959	      0.00000000
      0.24300000	      0.00000000	      0.00000000	  -3809.81631975	      0.00000000	      0.00000000	      0.00000000	  -2948.47740277	    189.02461981	      0.00000000
      0.24400000	      0.00000000	      0.00000000	  -5032.76220800	      0.00000000	      0.00000000	      0.00000000	  -4692.23330338	      0.00000000	      0.00000000
      0.24500000	      0.00000000	      0.00000000	  -4151.52334548	      0.00000000	      0.00000000	      0.00000000	  -3205.06877433	     22.90192542	      0.00000000
      0.24600000	      0.00000000	      0.00000000	  -3820.19565379	      0.00000000	      0.00000000	      0.00000000	  -3218.67523648	    138.25540836	      0.00000000
      0.24700000	      0.00000000	      0.00000000	  -5296.26894806	      0.00000000	      0.00000000	      0.00000000	  -4679.54967998	      0.00000000	      0.00000000
      0.24800000	      0.00000000	      0.00000000	  -3992.88052529	      0.00000000	      0.00000000	      0.00000000	  -2984.26154719	     90.70571485	      0.00000000
      0.24900000	      0.00000000	      0.00000000	  -4140.79502528	      0.00000000	      0.00000000	      0.00000000	  -3923.49445399	     83.47920229	      0.00000000
      0.25000000	      0.00000000	      0.00000000	  -4124.40536183	      0.00000000	      0.00000000	      0.00000000	  -3290.34494030	     34.33095421	      0.00000000
      0.25100000	      0.00000000	      0.00000000	  -4938.88715224	      0.00000000	      0.00000000	      0.00000000	  -4225.52169916	      0.00000000	      0.00000000
      0.25200000	      0.00000000	      0.00000000	  -4028.55307677	      0.00000000	      0.00000000	      0.00000000	  -3089.47046679	     39.09103372	      0.00000000
      0.25300000	      0.00000000	      0.00000000	  -4599.43691200	      0.00000000	      0.00000000	      0.00000000	  -4475.43618402	      0.00000000	      0.00000000
      0.25400000	      0.00000000	      0.00000000	  -4828.73834327	      0.00000000	      0.00000000	      0.00000000	  -4782.65795072	      0.00000000	      0.00000000
      0.25500000	      0.00000000	      0.00000000	  -4350.82099484	      0.00000000	      0.00000000	      0.00000000	  -3463.92140551	     79.70612225	      0.00000000
      0.25600000	      0.00000000	      0.00000000	  -5295.15889814	      0.00000000	      0.00000000	      0.00000000	  -4686.22131592	      0.00000000	      0.00000000
      0.25700000	      0.00000000	      0.00000000	  -3817.55780550	      0.00000000	      0.00000000	      0.00000000	  -2673.52244798	    302.37853830	      0.00000000
      0.25800000	      0.00000000	      0.00000000	  -4358.17457450	      0.00000000	      0.00000000	      0.00000000	  -4193.33194682	     13.64312259	      0.00000000
      0.25900000	      0.00000000	      0.00000000	  -4327.19669913	      0.00000000	      0.00000000	      0.00000000	  -4204.20599857	     89.65758584	      0.00000000
      0.26000000	      0.00000000	      0.00000000	  -4211.41906065	      0.00000000	      0.00000000	      0.00000000	  -3568.54674574	     48.37132765	      0.00000000
      0.26100000	      0.00000000	      0.00000000	  -4673.38546826	      0.00000000	      0.00000000	      0.00000000	  -4368.33834464	     10.94694197	      0.00000000
      0.26200000	      0.00000000	      0.00000000	  -5128.66640705	      0.00000000	      0.00000000	      0.00000000	  -4527.05980016	      0.00000000	      0.00000000
      0.26300000	      0.00000000	      0.00000000	  -3924.57141478	      0.00000000	      0.00000000	      0.00000000	  -2717.39906365	    183.79150406	      0.00000000
      0.26400000	      0.00000000	      0.00000000	  -3385.42222865	      0.00000000	      0.00000000	      0.00000000	  -2694.31530397	     99.93853819	      0.00000000
      0.26500000	      0.00000000	      0.00000000	  -3883.80408324	      0.00000000	      0.00000000	      0.00000000	  -2849.69258250	    273.53247203	      0.00000000
      0.26600000	      0.00000000	      0.00000000	  -4024.29593836	      0.00000000	      0.00000000	      0.00000000	  -3181.35467201	    148.60538974	      0.00000000
      0.26700000	      0.00000000	      0.00000000	  -4574.06965849	      0.00000000	      0.00000000	      0.00000000	  -4579.65883795	      0.00000000	      0.00000000
      0.26800000	      0.00000000	      0.00000000	  -4232.82231970	      0.00000000	      0.00000000	      0.00000000	  -3636.36279596	    151.54351763	      0.00000000
      0.26900000	      0.00000000	      0.00000000	  -4571.03581196	      0.00000000	      0.00000000	      0.00000000	  -3900.42765202	      3.07248236	      0.00000000
      0.27000000	      0.00000000	      0.00000000	  -4817.81598197	      0.00000000	      0.00000000	      0.00000000	  -5039.10314900	      0.00000000	      0.00000000
      0.27100000	      0.00000000	      0.00000000	  -4849.07379153	      0.00000000	      0.00000000	      0.00000000	  -4205.81201300	      0.00000000	      0.00000000
      0.27200000	      0.00000000	      0.00000000	  -4156.77600833	      0.00000000	      0.00000000	      0.00000000	  -3090.01610695	    185.47347467	      0.00000000
      0.27300000	      0.00000000	      0.00000000	  -4966.20031670	      0.00000000	      0.00000000	      0.00000000	  -4760.19729969	      0.00000000	      0.00000000
      0.27400000	      0.00000000	      0.00000000	  -4865.75144195	      0.00000000	      0.00000000	      0.00000000	  -4067.93366433	     45.50180361	      0.00000000
      0.27500000	      0.00000000	      0.00000000	  -5116.47396000	      0.00000000	      0.00000000	      0.00000000	  -4720.49378618	      0.00000000	      0.00000000
      0.27600000	      0.00000000	      0.00000000	  -4461.98348843	      0.00000000	      0.00000000	      0.00000000	  -3510.27736510	    185.94348546	      0.00000000
      0.27700000	      0.00000000	      0.00000000	  -3969.57977219	      0.00000000	      0.00000000	      0.00000000	  -3132.26034082	    189.64310544	      0.00000000
      0.27800000	      0.00000000	      0.00000000	  -4573.60337358	      0.00000000	      0.00000000	      0.00000000	  -4629.20276467	      0.00000000	      0.00000000
      0.27900000	      0.00000000	      0.00000000	  -4104.03673050	      0.00000000	      0.00000000	      0.00000000	  -4131.46359580	      0.00000000	      0.00000000
      0.28000000	      0.00000000	      0.00000000	  -4135.10836091	      0.00000000	      0.00000000	      0.00000000	  -2974.98570110	    192.07424462	      0.00000000
      0.28100000	      0.00000000	      0.00000000	  -3195.28981946	      0.00000000	      0.00000000	      0.00000000	  -2374.93842354	    192.35223925	      0.00000000
      0.28200000	      0.00000000	      0.00000000	  -4186.96869928	      0.00000000	      0.00000000	      0.00000000	  -3368.89321410	     75.02954056	      0.00000000
      0.28300000	      0.00000000	      0.00000000	  -4789.46465181	      0.00000000	      0.00000000	      0.00000000	  -4321.98492969	     29.02309185	      0.00000000
      0.28400000	      0.00000000	      0.00000000	  -5227.18679637	      0.00000000	      0.00000000	      0.00000000	  -4692.82019715	      3.89818549	      0.00000000
      0.28500000	      0.00000000	      0.00000000	  -4453.90396208	      0.00000000	      0.00000000	      0.00000000	  -4128.86416696	      4.22234502	      0.00000000
      0.28600000	      0.00000000	      0.00000000	  -4207.18294193	      0.00000000	      0.00000000	      0.00000000	  -3580.61447260	      0.00499129	      0.00000000
      0.28700000	      0.00000000	      0.00000000	  -5326.67343500	      0.00000000	      0.00000000	      0.00000000	  -4828.96592222	      0.00000000	      0.00000000
      0.28800000	      0.00000000	      0.00000000	  -4515.57324558	      0.00000000	      0.00000000	      0.00000000	  -4525.89272135	      0.00000000	      0.00000000
      0.28900000	      0.00000000	      0.00000000	  -4267.14572185	      0.00000000	      0.00000000	      0.00000000	  -4216.79702200	     70.96385648	      0.00000000
      0.29000000	      0.00000000	      0.00000000	  -5208.97552697	      0.00000000	      0.00000000	      0.00000000	  -4831.04038302	      0.00000000	      0.00000000
      0.29100000	      0.00000000	      0.00000000	  -4007.58779413	      0.00000000	      0.00000000	      0.00000000	  -2927.84477124	    257.11039738	      0.00000000
      0.29200000	      0.00000000	      0.00000000	  -3826.87843068	      0.00000000	      0.00000000	      0.00000000	  -2534.10333122	    229.51395804	      0.00000000
      0.29300000	      0.00000000	      0.00000000	  -4643.78544546	      0.00000000	      0.00000000	      0.00000000	  -3759.93515340	     82.01721551	      0.00000000
      0.29400000	      0.00000000	      0.00000000	  -3823.58424304	      0.00000000	      0.00000000	      0.00000000	  -2744.97999061	     86.76860593	      0.00000000
      0.29500000	      0.00000000	      0.00000000	  -4649.10238717	      0.00000000	      0.00000000	      0.00000000	  -4473.23631599	      0.00000000	      0.00000000
      0.29600000	      0.00000000	      0.00000000	  -4717.52215413	      0.00000000	      0.00000000	      0.00000000	  -4432.81071677	      0.00000000	      0.00000000
      0.29700000	      0.00000000	      0.00000000	  -5500.90783986	      0.00000000	      0.00000000	      0.00000000	  -5129.93359683	      0.00000000	      0.00000000
      0.29800000	      0.00000000	      0.00000000	  -4729.61134548	      0.00000000	      0.00000000	      0.00000000	  -4692.93780864	      0.00000000	      0.00000000
      0.29900000	      0.00000000	      0.00000000	  -4554.06544032	      0.00000000	      0.00000000	      0.00000000	  -4132.59331725	     54.01513805	      0.00000000
      0.30000000	      0.00000000	      0.00000000	  -3588.34101195	      0.00000000	      0.00000000	      0.00000000	  -3198.98498304	     39.40074569	      0.00000000
      0.30100000	      0.00000000	      0.00000000	  -5264.10060596	      0.00000000	      0.00000000	      0.00000000	  -4804.13981752	      0.00000000	      0.00000000
      0.30200000	      0.00000000	      0.00000000	  -3792.11529381	      0.00000000	      0.00000000	      0.00000000	  -2753.84399148	    140.19304553	      0.00000000
      0.30300000	      0.00000000	      0.00000000	  -5136.98378998	      0.00000000	      0.00000000	      0.00000000	  -4594.81386359	      0.00000000	      0.00000000
      0.30400000	      0.00000000	      0.00000000	  -4833.76730736	      0.00000000	      0.00000000	      0.00000000	  -4010.01588413	    117.23048009	      0.00000000
      0.30500000	      0.00000000	      0.00000000	  -3733.86490244	      0.00000000	      0.00000000	      0.00000000	  -3716.63279005	      0.00000000	      0.00000000
      0.30600000	      0.00000000	      0.00000000	  -4583.51921179	      0.00000000	      0.00000000	      0.00000000	  -3996.60772894	      3.23304812	      0.00000000
      0.30700000	      0.00000000	      0.00000000	  -5043.61804534	      0.00000000	      0.00000000	      0.00000000	  -4805.91702315	      0.00000000	      0.00000000
      0.30800000	      0.00000000	      0.00000000	  -4653.51465790	      0.00000000	      0.00000000	      0.00000000	  -3690.97159553	    179.89784277	      0.00000000
      0.30900000	      0.00000000	      0.00000000	  -5362.61083234	      0.00000000	      0.00000000	      0.00000000	  -4925.00073065	      0.00000000	      0.00000000
      0.31000000	      0.00000000	      0.00000000	  -3246.82684226	      0.00000000	      0.00000000	      0.00000000	  -2385.44674263	    121.96717388	      0.00000000
      0.31100000	      0.00000000	      0.00000000	  -4073.02002073	      0.00000000	      0.00000000	      0.00000000	  -3198.91827547	    168.44458771	      0.00000000
      0.31200000	      0.00000000	      0.00000000	  -4514.77423330	      0.00000000	      0.00000000	      0.00000000	  -4268.28480583	      0.00000000	      0.00000000
      0.31300000	      0.00000000	      0.00000000	  -5271.55595805	      0.00000000	      0.00000000	      0.00000000	  -4965.23206580	      0.00000000	      0.00000000
      0.31400000	      0.00000000	      0.00000000	  -5178.73325897	      0.00000000	      0.00000000	      0.00000000	  -4979.33736038	      0.00000000	      0.00000000
      0.31500000	      0.00000000	      0.00000000	  -3679.94764008	      0.00000000	      0.00000000	      0.00000000	  -3356.65077366	    242.60642615	      0.00000000
      0.31600000	      0.00000000	      0.00000000	  -3903.95510072	      0.00000000	      0.00000000	      0.00000000	  -3433.68763925	     29.89638637	      0.00000000
      0.31700000	      0.00000000	      0.00000000	  -3161.40069974	      0.00000000	      0.00000000	      0.00000000	  -2570.10869444	    111.36632363	      0.00000000
      0.31800000	      0.00000000	      0.00000000	  -4135.46160091	      0.00000000	      0.00000000	      0.00000000	  -4178.69160818	      7.50225028	      0.00000000
      0.31900000	      0.00000000	      0.00000000	  -3947.33748112	      0.00000000	      0.00000000	      0.00000000	  -3613.37583098	    134.06342692	      0.00000000
      0.32000000	      0.00000000	      0.00000000	  -5015.53980682	      0.00000000	      0.00000000	      0.00000000	  -5061.90965248	      0.00000000	      0.00000000
      0.32100000	      0.00000000	      0.00000000	  -3545.40756513	      0.00000000	      0.00000000	      0.00000000	  -3131.00235891	    183.72695018	      0.00000000
      0.32200000	      0.00000000	      0.00000000	  -4517.28673741	      0.00000000	      0.00000000	      0.00000000	  -4427.86172337	      0.00000000	      0.00000000
      0.32300000	      0.00000000	      0.00000000	  -4410.26533871	      0.00000000	      0.00000000	      0.00000000	  -4050.37911031	      0.00000000	      0.00000000
      0.32400000	      0.00000000	      0.00000000	  -4435.54302176	      0.00000000	      0.00000000	      0.00000000	  -3650.62289603	     17.83713712	      0.00000000
      0.32500000	      0.00000000	      0.00000000	  -3585.87733750	      0.00000000	      0.00000000	      0.00000000	  -2268.19373148	    218.30107912	      0.00000000
      0.32600000	      0.00000000	      0.00000000	  -3441.78942232	      0.00000000	      0.00000000	      0.00000000	  -2592.16373224	    226.81696003	      0.00000000
      0.32700000	      0.00000000	      0.00000000	  -4701.73299453	      0.00000000	      0.00000000	      0.00000000	  -4068.34540632	     44.25389279	      0.00000000
      0.32800000	      0.00000000	      0.00000000	  -5158.14312350	      0.00000000	      0.00000000	      0.00000000	  -4895.11457390	      0.00000000	      0.00000000
      0.32900000	      0.00000000	      0.00000000	  -3367.70360685	      0.00000000	      0.00000000	      0.00000000	  -3086.18061163	    103.19636563	      0.00000000
      0.33000000	      0.00000000	      0.00000000	  -4842.18004061	      0.00000000	      0.00000000	      0.00000000	  -4262.23390674	      0.00000000	      0.00000000
      0.33100000	      0.00000000	      0.00000000	  -3151.59549769	      0.00000000	      0.00000000	      0.00000000	  -2802.11347216	    159.58066370	      0.00000000
      0.33200000	      0.00000000	      0.00000000	  -4667.82367851	      0.00000000	      0.00000000	      0.00000000	  -4567.67867519	      0.00000000	      0.00000000
      0.33300000	      0.00000000	      0.00000000	  -3785.63039091	      0.00000000	      0.00000000	      0.00000000	  -2992.47313425	    145.57500229	      0.00000000
      0.33400000	      0.00000000	      0.00000000	  -4395.16683796	      0.00000000	      0.00000000	      0.00000000	  -3581.11828147	      1.28875516	      0.00000000
      0.33500000	      0.00000000	      0.00000000	  -4983.91278548	      0.00000000	      0.00000000	      0.00000000	  -4818.00110282	      0.00000000	      0.00000000
      0.33600000	      0.00000000	      0.00000000	  -4983.13356213	      0.00000000	      0.00000000	      0.00000000	  -4839.77097836	      0.00000000	      0.00000000
      0.33700000	      0.00000000	      0.00000000	  -4530.08905676	      0.00000000	      0.00000000	      0.00000000	  -3981.60177790	      1.34614973	      0.00000000
      0.33800000	      0.00000000	      0.00000000	  -4018.30232523	      0.00000000	      0.00000000	      0.00000000	  -3753.50719156	     76.34149282	      0.00000000
      0.33900000	      0.00000000	      0.00000000	  -5119.61537556	      0.00000000	      0.00000000	      0.00000000	  -4940.38634936	      0.00000000	      0.00000000
      0.34000000	      0.00000000	      0.00000000	  -3666.78403562	      0.00000000	      0.00000000	      0.00000000	  -2642.84277321	    101.56373734	      0.00000000
      0.34100000	      0.00000000	      0.00000000	  -4490.41458465	      0.00000000	      0.00000000	      0.00000000	  -4377.65688100	     18.37464218	      0.00000000
      0.34200000	      0.00000000	      0.00000000	  -4663.20388691	      0.00000000	      0.00000000	      0.00000000	  -4589.42296317	     26.64340853	      0.00000000
      0.34300000	      0.00000000	      0.00000000	  -4797.80439892	      0.00000000	      0.00000000	      0.00000000	  -3949.70702667	    136.20105929	      0.00000000
      0.34400000	      0.00000000	      0.00000000	  -5117.52526476	      0.00000000	      0.00000000	      0.00000000	  -4653.32580321	      0.00000000	      0.00000000
      0.34500000	      0.00000000	      0.00000000	  -2766.11012883	      0.00000000	      0.00000000	      0.00000000	  -2185.14785105	    160.73386556	      0.00000000
      0.34600000	      0.00000000	      0.00000000	  -4629.24936761	      0.00000000	      0.00000000	      0.00000000	  -4785.33777979	      0.00000000	      0.00000000
      0.34700000	      0.00000000	      0.00000000	  -3821.91663825	      0.00000000	      0.00000000	      0.00000000	  -3547.98144056	    164.94811834	      0.00000000
      0.34800000	      0.00000000	      0.00000000	  -3567.45998003	      0.00000000	      0.00000000	      0.00000000	  -2387.50863092	    173.17531774	      0.00000000
      0.34900000	      0.00000000	      0.00000000	  -5083.55122534	      0.00000000	      0.00000000	      0.00000000	  -4581.40961595	      3.39454640	      0.00000000
      0.35000000	      0.00000000	      0.00000000	  -3785.57873843	      0.00000000	      0.00000000	      0.00000000	  -3786.62548353	    153.41900148	      0.00000000
      0.35100000	      0.00000000	      0.00000000	  -4941.78086080	      0.00000000	      0.00000000	      0.00000000	  -4631.35269470	      5.59271583	      0.00000000
      0.35200000	      0.00000000	      0.00000000	  -3435.75737362	      0.00000000	      0.00000000	      0.00000000	  -2310.39423376	    276.98213981	      0.00000000
      0.35300000	      0.00000000	      0.00000000	  -4934.36739268	      0.00000000	      0.00000000	      0.00000000	  -4188.67281379	    101.78533299	      0.00000000
      0.35400000	      0.00000000	      0.00000000	  -5057.04756000	      0.00000000	      0.00000000	      0.00000000	  -4896.45332581	      0.00000000	      0.00000000
      0.35500000	      0.00000000	      0.00000000	  -4827.06459603	      0.00000000	      0.00000000	      0.00000000	  -4869.61139185	      0.00000000	      0.00000000
      0.35600000	      0.00000000	      0.00000000	  -4850.24914568	      0.00000000	      0.00000000	      0.00000000	  -4689.81698087	      0.00000000	      0.00000000
      0.35700000	      0.00000000	      0.00000000	  -3770.55127480	      0.00000000	      0.00000000	      0.00000000	  -3586.55987029	     87.39176685	      0.00000000
      0.35800000	      0.00000000	      0.00000000	  -3783.87334639	      0.00000000	      0.00000000	      0.00000000	  -2752.19791216	    164.24240230	      0.00000000
      0.35900000	      0.00000000	      0.00000000	  -3823.47281602	      0.00000000	      0.00000000	      0.00000000	  -2609.91212028	    213.29270424	      0.00000000
      0.36000000	      0.00000000	      0.00000000	  -4226.87125375	      0.00000000	      0.00000000	      0.00000000	  -3834.74439024	     29.72249983	      0.00000000
      0.36100000	      0.00000000	      0.00000000	  -4835.78839481	      0.00000000	      0.00000000	      0.00000000	  -4293.43671751	      0.00000000	      0.00000000
      0.36200000	      0.00000000	      0.00000000	  -4147.17144563	      0.00000000	      0.00000000	      0.00000000	  -3222.40932957	     64.08156134	      0.00000000
      0.36300000	      0.00000000	      0.00000000	  -3996.99915712	      0.00000000	      0.00000000	      0.00000000	  -3810.78799616	      0.00000000	      0.00000000
      0.36400000	      0.00000000	      0.00000000	  -3692.41063174	      0.00000000	      0.00000000	      0.00000000	  -2989.21498539	    106.30587361	      0.00000000
      0.36500000	      0.00000000	      0.00000000	  -3650.33132030	      0.00000000	      0.00000000	      0.00000000	  -3541.95873363	     22.52502010	      0.00000000
      0.36600000	      0.00000000	      0.00000000	  -3146.80395850	      0.00000000	      0.00000000	      0.00000000	  -2636.98247748	    158.71155903	      0.00000000
      0.36700000	      0.00000000	      0.00000000	  -4843.74293337	      0.00000000	      0.00000000	      0.00000000	  -4455.75346537	     14.53084057	      0.00000000
      0.36800000	      0.00000000	      0.00000000	  -3362.98546021	      0.00000000	      0.00000000	      0.00000000	  -2344.66253697	    134.38193210	      0.00000000
      0.36900000	      0.00000000	      0.00000000	  -4568.56702758	      0.00000000	      0.00000000	      0.00000000	  -4989.75437032	      0.00000000	      0.00000000
      0.37000000	      0.00000000	      0.00000000	  -3660.23736834	      0.00000000	      0.00000000	      0.00000000	  -3309.75387281	     85.48293634	      0.00000000
      0.37100000	      0.00000000	      0.00000000	  -3212.19284518	      0.00000000	      0.00000000	      0.00000000	  -3059.58488459	    189.00463901	      0.00000000
      0.37200000	      0.00000000	      0.00000000	  -4640.39974779	      0.00000000	      0.00000000	      0.00000000	  -4459.97885949	     44.18000235	      0.00000000
      0.37300000	      0.00000000	      0.00000000	  -5295.83246174	      0.00000000	      0.00000000	      0.00000000	  -4926.20967058	      0.00000000	      0.00000000
      0.37400000	      0.00000000	      0.00000000	  -4698.92105379	      0.00000000	      0.00000000	      0.00000000	  -4798.79881632	      0.00000000	      0.00000000
      0.37500000	      0.00000000	      0.00000000	  -4507.20885075	      0.00000000	      0.00000000	      0.00000000	  -4850.04364408	      0.00000000	      0.00000000
      0.37600000	      0.00000000	      0.00000000	  -2943.66933132	      0.00000000	      0.00000000	      0.00000000	  -2416.88704325	    185.79073896	      0.00000000
      0.37700000	      0.00000000	      0.00000000	  -4390.68206364	      0.00000000	      0.00000000	      0.00000000	  -4023.84214321	    138.80930306	      0.00000000
      0.37800000	      0.00000000	      0.00000000	  -4437.48584633	      0.00000000	      0.00000000	      0.00000000	  -5004.74771963	      0.00000000	      0.00000000
      0.37900000	      0.00000000	      0.00000000	  -3041.72952355	      0.00000000	      0.00000000	      0.00000000	  -2735.17903764	    193.54838519	      0.00000000
      0.38000000	      0.00000000	      0.00000000	  -4045.06341566	      0.00000000	      0.00000000	      0.00000000	  -3404.38467585	    227.41905357	      0.00000000
      0.38100000	      0.00000000	      0.00000000	  -3416.65111822	      0.00000000	      0.00000000	      0.00000000	  -2209.97263797	    249.69354787	      0.00000000
      0.38200000	      0.00000000	      0.00000000	  -3716.11209762	      0.00000000	      0.00000000	      0.00000000	  -2869.94378096	    164.10616471	      0.00000000
      0.38300000	      0.00000000	      0.00000000	  -3853.79081611	      0.00000000	      0.00000000	      0.00000000	  -3920.46474637	     12.23085605	      0.00000000
      0.38400000	      0.00000000	      0.00000000	  -4584.45816646	      0.00000000	      0.00000000	      0.00000000	  -4719.27718661	      0.00000000	      0.00000000
      0.38500000	      0.00000000	      0.00000000	  -3941.58255037	      0.00000000	      0.00000000	      0.00000000	  -2934.67606478	    287.22654128	      0.00000000
      0.38600000	      0.00000000	      0.00000000	  -3905.51301853	      0.00000000	      0.00000000	      0.00000000	  -3350.18600735	    170.96979844	      0.00000000
      0.38700000	      0.00000000	      0.00000000	  -3764.57491654	      0.00000000	      0.00000000	      0.00000000	  -3377.84257732	    199.16062947	      0.00000000
      0.38800000	      0.00000000	      0.00000000	  -4550.45490899	      0.00000000	      0.00000000	      0.00000000	  -4124.10857434	      0.00000000	      0.00000000
      0.38900000	      0.00000000	      0.00000000	  -4084.97787990	      0.00000000	      0.00000000	      0.00000000	  -3944.46374584	      0.00000000	      0.00000000
      0.39000000	      0.00000000	      0.00000000	  -4411.89623666	      0.00000000	      0.00000000	      0.00000000	  -3630.66581282	     13.87206496	      0.00000000
      0.39100000	      0.00000000	      0.00000000	  -4858.87915424	      0.00000000	      0.00000000	      0.00000000	  -4893.59009744	      0.00000000	      0.00000000
      0.39200000	      0.00000000	      0.00000000	  -4950.97628619	      0.00000000	      0.00000000	      0.00000000	  -4732.92640622	      0.00000000	      0.00000000
      0.39300000	      0.00000000	      0.00000000	  -4575.89882587	      0.00000000	      0.00000000	      0.00000000	  -3814.73648500	     10.69428875	      0.00000000
      0.39400000	      0.00000000	      0.00000000	  -4226.38124601	      0.00000000	      0.00000000	      0.00000000	  -4395.38160578	      0.00000000	      0.00000000
      0.39500000	      0.00000000	      0.00000000	  -4143.76904843	      0.00000000	      0.00000000	      0.00000000	  -3425.82945762	     68.14476952	      0.00000000
      0.39600000	      0.00000000	      0.00000000	  -5300.43918446	      0.00000000	      0.00000000	      0.00000000	  -4976.01342436	      0.00000000	      0.00000000
      0.39700000	      0.00000000	      0.00000000	  -3721.20272178	      0.00000000	      0.00000000	      0.00000000	  -3308.33343057	     36.50941958	      0.00000000
      0.39800000	      0.00000000	      0.00000000	  -3890.06174727	      0.00000000	      0.00000000	      0.00000000	  -4169.59387307	      0.00000000	      0.00000000
      0.39900000	      0.00000000	      0.00000000	  -4676.70122027	      0.00000000	      0.00000000	      0.00000000	  -4913.06372601	      0.00000000	      0.00000000
      0.40000000	      0.00000000	      0.00000000	  -5304.90723010	      0.00000000	      0.00000000	      0.00000000	  -4941.24939684	      0.00000000	      0.00000000
      0.40100000	      0.00000000	      0.00000000	  -4045.27397579	      0.00000000	      0.00000000	      0.00000000	  -4512.22651019	      0.00000000	      0.00000000
      0.40200000	      0.00000000	      0.00000000	  -2966.57559813	      0.00000000	      0.00000000	      0.00000000	  -2536.15929981	    143.72541171	      0.00000000
      0.40300000	      0.00000000	      0.00000000	  -4518.94192368	      0.00000000	      0.00000000	      0.00000000	  -4773.06715572	      0.00000000	      0.00000000
      0.40400000	      0.00000000	      0.00000000	  -4231.98508522	      0.00000000	      0.00000000	      0.00000000	  -3713.56300095	    177.66547108	      0.00000000
      0.40500000	      0.00000000	      0.00000000	  -3841.16439025	      0.00000000	      0.00000000	      0.00000000	  -4016.90982732	     16.19657056	      0.00000000
      0.40600000	      0.00000000	      0.00000000	  -3204.07097998	      0.00000000	      0.00000000	      0.00000000	  -2204.72996242	    228.53344222	      0.00000000
      0.40700000	      0.00000000	      0.00000000	  -4955.47783161	      0.00000000	      0.00000000	      0.00000000	  -4397.36422522	      4.89086111	      0.00000000
      0.40800000	      0.00000000	      0.00000000	  -3993.57526811	      0.00000000	      0.00000000	      0.00000000	  -3542.00823278	    191.05500253	      0.00000000
      0.40900000	      0.00000000	      0.00000000	  -4575.32247083	      0.00000000	      0.00000000	      0.00000000	  -4118.71799433	      0.00000000	      0.00000000
      0.41000000	      0.00000000	      0.00000000	  -5001.93609824	      0.00000000	      0.00000000	      0.00000000	  -5039.47059042	      0.00000000	      0.00000000
      0.41100000	      0.00000000	      0.00000000	  -4662.91538653	      0.00000000	      0.00000000	      0.00000000	  -4774.92065780	      0.00000000	      0.00000000
      0.41200000	      0.00000000	      0.00000000	  -4042.22159433	      0.00000000	      0.00000000	      0.00000000	  -4136.61252033	     69.00630673	      0.00000000
      0.41300000	      0.00000000	      0.00000000	  -3837.24532727	      0.00000000	      0.00000000	      0.00000000	  -3042.95620056	     58.68679506	      0.00000000
      0.41400000	      0.00000000	      0.00000000	  -2977.81003945	      0.00000000	      0.00000000	      0.00000000	  -2765.86536350	    159.31753347	      0.00000000
      0.41500000	      0.00000000	      0.00000000	  -4334.02692210	      0.00000000	      0.00000000	      0.00000000	  -4955.30773921	      0.00000000	      0.00000000
      0.41600000	      0.00000000	      0.00000000	  -4591.25035944	      0.00000000	      0.00000000	      0.00000000	  -3872.23252069	    140.72994027	      0.00000000
      0.41700000	      0.00000000	      0.00000000	  -4629.33206270	      0.00000000	      0.00000000	      0.00000000	  -4286.96790630	      0.00000000	      0.00000000
      0.41800000	      0.00000000	      0.00000000	  -3474.20389018	      0.00000000	      0.00000000	      0.00000000	  -3079.08936955	    195.18095736	      0.00000000
      0.41900000	      0.00000000	      0.00000000	  -4766.14666016	      0.00000000	      0.00000000	      0.00000000	  -4553.08842032	      0.00000000	      0.00000000
      0.42000000	      0.00000000	      0.00000000	  -3875.10741912	      0.00000000	      0.00000000	      0.00000000	  -2824.02812501	    306.91637056	      0.00000000
      0.42100000	      0.00000000	      0.00000000	  -3943.16523247	      0.00000000	      0.00000000	      0.00000000	  -3504.14683862	     20.34858201	      0.00000000
      0.42200000	      0.00000000	      0.00000000	  -4551.46746113	      0.00000000	      0.00000000	      0.00000000	  -4687.79395044	      0.00000000	      0.00000000
      0.42300000	      0.00000000	      0.00000000	  -3850.06520882	      0.00000000	      0.00000000	      0.00000000	  -2686.32648626	    233.19973059	      0.00000000
      0.42400000	      0.00000000	      0.00000000	  -4154.82297052	      0.00000000	      0.00000000	      0.00000000	  -3902.55895940	     95.99141550	      0.00000000
      0.42500000	      0.00000000	      0.00000000	  -3901.04138809	      0.00000000	      0.00000000	      0.00000000	  -4043.81932245	      9.47677689	      0.00000000
      0.42600000	      0.00000000	      0.00000000	  -3499.58542903	      0.00000000	      0.00000000	      0.00000000	  -3174.54059221	     46.88651563	      0.00000000
      0.42700000	      0.00000000	      0.00000000	  -3058.90479509	      0.00000000	      0.00000000	      0.00000000	  -2969.29651235	    273.50612702	      0.00000000
      0.42800000	      0.00000000	      0.00000000	  -3219.20759397	      0.00000000	      0.00000000	      0.00000000	  -2831.69087292	    206.09295353	      0.00000000
      0.42900000	      0.00000000	      0.00000000	  -4685.52240465	      0.00000000	      0.00000000	      0.00000000	  -4565.62031032	      0.86242472	      0.00000000
      0.43000000	      0.00000000	      0.00000000	  -4217.11828071	      0.00000000	      0.00000000	      0.00000000	  -3374.34958966	    247.13834370	      0.00000000
      0.43100000	      0.00000000	      0.00000000	  -4934.64687072	      0.00000000	      0.00000000	      0.00000000	  -4575.60770909	      0.00000000	      0.00000000
      0.43200000	      0.00000000	      0.00000000	  -4311.30143746	      0.00000000	      0.00000000	      0.00000000	  -3783.93563675	     15.55144131	      0.00000000
      0.43300000	      0.00000000	      0.00000000	  -4558.65045906	      0.00000000	      0.00000000	      0.00000000	  -4599.07203555	      0.00000000	      0.00000000
      0.43400000	      0.00000000	      0.00000000	  -4142.94921429	      0.00000000	      0.00000000	      0.00000000	  -3959.26167192	     68.16158622	      0.00000000
      0.43500000	      0.00000000	      0.00000000	  -4057.93640170	      0.00000000	      0.00000000	      0.00000000	  -4042.57431540	      9.74586162	      0.00000000
      0.43600000	      0.00000000	      0.00000000	  -3428.84226553	      0.00000000	      0.00000000	      0.00000000	  -2459.61992995	    313.19203169	      0.00000000
      0.43700000	      0.00000000	      0.00000000	  -3509.39932796	      0.00000000	      0.00000000	      0.00000000	  -3398.23694706	    223.35275995	      0.00000000
      0.43800000	      0.00000000	      0.00000000	  -3808.92091968	      0.00000000	      0.00000000	      0.00000000	  -4324.45562182	      0.00000000	      0.00000000
      0.43900000	      0.00000000	      0.00000000	  -4323.56662025	      0.00000000	      0.00000000	      0.00000000	  -4834.81847362	      0.00000000	      0.00000000
      0.44000000	      0.00000000	      0.00000000	  -4085.55792635	      0.00000000	      0.00000000	      0.00000000	  -4647.89053774	      0.00000000	      0.00000000
      0.44100000	      0.00000000	      0.00000000	  -3568.35688395	      0.00000000	      0.00000000	      0.00000000	  -3182.72147600	    104.81905278	      0.00000000
      0.44200000	      0.00000000	      0.00000000	  -3911.36916730	      0.00000000	      0.00000000	      0.00000000	  -4070.54969270	     29.88128631	      0.00000000
      0.44300000	      0.00000000	      0.00000000	  -2748.04963915	      0.00000000	      0.00000000	      0.00000000	  -2275.75190659	    141.79182764	      0.00000000
      0.44400000	      0.00000000	      0.00000000	  -3908.00722285	      0.00000000	      0.00000000	      0.00000000	  -4188.38219021	      0.75456387	      0.00000000
      0.44500000	      0.00000000	      0.00000000	  -3408.37359647	      0.00000000	      0.00000000	      0.00000000	  -2460.71570405	    162.25916866	      0.00000000
      0.44600000	      0.00000000	      0.00000000	  -4454.04705546	      0.00000000	      0.00000000	      0.00000000	  -4011.14053863	    136.46823507	      0.00000000
      0.44700000	      0.00000000	      0.00000000	  -5004.19926261	      0.00000000	      0.00000000	      0.00000000	  -4982.05623594	      0.00000000	      0.00000000
      0.44800000	      0.00000000	      0.00000000	  -4123.74013977	      0.00000000	      0.00000000	      0.00000000	  -3368.10835639	     37.58419367	      0.00000000
      0.44900000	      0.00000000	      0.00000000	  -4679.43984140	      0.00000000	      0.00000000	      0.00000000	  -4674.76351581	      0.00000000	      0.00000000
      0.45000000	      0.00000000	      0.00000000	  -5318.18964693	      0.00000000	      0.00000000	      0.00000000	  -5017.18777241	      0.00000000	      0.00000000
      0.45100000	      0.00000000	      0.00000000	  -4435.79087996	      0.00000000	      0.00000000	      0.00000000	  -4945.87370487	      0.00000000	      0.00000000
      0.45200000	      0.00000000	      0.00000000	  -4392.79316346	      0.00000000	      0.00000000	      0.00000000	  -4721.30160362	      0.00000000	      0.00000000
      0.45300000	      0.00000000	      0.00000000	  -3942.71891893	      0.00000000	      0.00000000	      0.00000000	  -4604.72472142	     16.09745338	      0.00000000
      0.45400000	      0.00000000	      0.00000000	  -3873.70282596	      0.00000000	      0.00000000	      0.00000000	  -3675.61450785	    146.88011045	      0.00000000
      0.45500000	      0.00000000	      0.00000000	  -4648.61863518	      0.00000000	      0.00000000	      0.00000000	  -4670.08385690	      0.00000000	      0.00000000
      0.45600000	      0.00000000	      0.00000000	  -3630.98497396	      0.00000000	      0.00000000	      0.00000000	  -2735.85608756	    280.32276721	      0.00000000
      0.45700000	      0.00000000	      0.00000000	  -3921.77303439	      0.00000000	      0.00000000	      0.00000000	  -3065.18745305	    219.32646704	      0.00000000
      0.45800000	      0.00000000	      0.00000000	  -3968.63039989	      0.00000000	      0.00000000	      0.00000000	  -4229.65570491	      0.00000000	      0.00000000
      0.45900000	      0.00000000	      0.00000000	  -3980.49479161	      0.00000000	      0.00000000	      0.00000000	  -3727.96795987	    193.04317150	      0.00000000
      0.46000000	      0.00000000	      0.00000000	  -3655.66653806	      0.00000000	      0.00000000	      0.00000000	  -3544.11427342	     71.71648101	      0.00000000
      0.46100000	      0.00000000	      0.00000000	  -3837.84616530	      0.00000000	      0.00000000	      0.00000000	  -4378.58109751	      0.00000000	      0.00000000
      0.46200000	      0.00000000	      0.00000000	  -3730.51747989	      0.00000000	      0.00000000	      0.00000000	  -4178.26159044	     15.97515663	      0.00000000
      0.46300000	      0.00000000	      0.00000000	  -4238.46796578	      0.00000000	      0.00000000	      0.00000000	  -3857.87676251	      6.77985776	      0.00000000
      0.46400000	      0.00000000	      0.00000000	  -4776.24524483	      0.00000000	      0.00000000	      0.00000000	  -4349.24332290	      0.00000000	      0.00000000
      0.46500000	      0.00000000	      0.00000000	  -3734.81820022	      0.00000000	      0.00000000	      0.00000000	  -3069.78506008	    261.36314412	      0.00000000
      0.46600000	      0.00000000	      0.00000000	  -2991.31180299	      0.00000000	      0.00000000	      0.00000000	  -2422.85318749	    297.91242877	      0.00000000
      0.46700000	      0.00000000	      0.00000000	  -4430.78366119	      0.00000000	      0.00000000	      0.00000000	  -4018.72887486	      0.00000000	      0.00000000
      0.46800000	      0.00000000	      0.00000000	  -4344.06708135	      0.00000000	      0.00000000	      0.00000000	  -3797.57186275	     79.36281931	      0.00000000
      0.46900000	      0.00000000	      0.00000000	  -4024.23371327	      0.00000000	      0.00000000	      0.00000000	  -4551.44759290	      0.00000000	      0.00000000
      0.47000000	      0.00000000	      0.00000000	  -3027.26814000	      0.00000000	      0.00000000	      0.00000000	  -2980.11755517	     98.07995380	      0.00000000
      0.47100000	      0.00000000	      0.00000000	  -4318.29566411	      0.00000000	      0.00000000	      0.00000000	  -4733.24871589	      0.00000000	      0.00000000
      0.47200000	      0.00000000	      0.00000000	  -3112.97133188	      0.00000000	      0.00000000	      0.00000000	  -2366.37409251	    235.11532201	      0.00000000
      0.47300000	      0.00000000	      0.00000000	  -3769.10650731	      0.00000000	      0.00000000	      0.00000000	  -3119.72767330	    277.54370652	      0.00000000
      0.47400000	      0.00000000	      0.00000000	  -4226.53270787	      0.00000000	      0.00000000	      0.00000000	  -3414.55077940	    127.32277834	      0.00000000
      0.47500000	      0.00000000	      0.00000000	  -4324.51081374	      0.00000000	      0.00000000	      0.00000000	  -4191.44973918	     73.33422690	      0.00000000
      0.47600000	      0.00000000	      0.00000000	  -4672.55334027	      0.00000000	      0.00000000	      0.00000000	  -4697.77759662	      7.37129163	      0.00000000
      0.47700000	      0.00000000	      0.00000000	  -3669.48446716	      0.00000000	      0.00000000	      0.00000000	  -2983.97175141	    174.03734988	      0.00000000
      0.47800000	      0.00000000	      0.00000000	  -4369.20629016	      0.00000000	      0.00000000	      0.00000000	  -4553.81985687	      0.00000000	      0.00000000
      0.47900000	      0.00000000	      0.00000000	  -4207.70857707	      0.00000000	      0.00000000	      0.00000000	  -4446.11076218	     11.74067200	      0.00000000
      0.48000000	      0.00000000	      0.00000000	  -3451.38993265	      0.00000000	      0.00000000	      0.00000000	  -2483.05620516	    169.34015449	      0.00000000
      0.48100000	      0.00000000	      0.00000000	  -4300.11321088	      0.00000000	      0.00000000	      0.00000000	  -3951.51009733	     44.59977394	      0.00000000
      0.48200000	      0.00000000	      0.00000000	  -2277.58587354	      0.00000000	      0.00000000	      0.00000000	  -2208.01721036	    163.11752552	      0.00000000
      0.48300000	      0.00000000	      0.00000000	  -4313.80381785	      0.00000000	      0.00000000	      0.00000000	  -4367.62681216	      0.00000000	      0.00000000
      0.48400000	      0.00000000	      0.00000000	  -3031.62448691	      0.00000000	      0.00000000	      0.00000000	  -3057.12652083	     90.15509218	      0.00000000
      0.48500000	      0.00000000	      0.00000000	  -4651.98386919	      0.00000000	      0.00000000	      0.00000000	  -4254.57900598	     19.06794713	      0.00000000
      0.48600000	      0.00000000	      0.00000000	  -2847.42587210	      0.00000000	      0.00000000	      0.00000000	  -2454.19584370	    278.50659101	      0.00000000
      0.48700000	      0.00000000	      0.00000000	  -3257.28254766	      0.00000000	      0.00000000	      0.00000000	  -3561.57453953	    203.26213604	      0.00000000
      0.48800000	      0.00000000	      0.00000000	  -3377.22048996	      0.00000000	      0.00000000	      0.00000000	  -3097.35979905	    248.54044859	      0.00000000
      0.48900000	      0.00000000	      0.00000000	  -4085.29684848	      0.00000000	      0.00000000	      0.00000000	  -3481.61578964	    154.75029303	      0.00000000
      0.49000000	      0.00000000	      0.00000000	  -4365.95717205	      0.00000000	      0.00000000	      0.00000000	  -4798.01829436	      0.00000000	      0.00000000
      0.49100000	      0.00000000	      0.00000000	  -4643.14576044	      0.00000000	      0.00000000	      0.00000000	  -4671.33521018	      0.00000000	      0.00000000
      0.49200000	      0.00000000	      0.00000000	  -4694.88028433	      0.00000000	      0.00000000	      0.00000000	  -5003.83326183	      0.00000000	      0.00000000
      0.49300000	      0.00000000	      0.00000000	  -4274.95853353	      0.00000000	      0.00000000	      0.00000000	  -4797.79259595	      0.00168420	      0.00000000
      0.49400000	      0.00000000	      0.00000000	  -4032.83452681	      0.00000000	      0.00000000	      0.00000000	  -3469.86855892	     30.40751212	      0.00000000
      0.49500000	      0.00000000	      0.00000000	  -3422.27489054	      0.00000000	      0.00000000	      0.00000000	  -3561.63478369	    118.74082275	      0.00000000
      0.49600000	      0.00000000	      0.00000000	  -4247.79223438	      0.00000000	      0.00000000	      0.00000000	  -3983.76400473	     14.56453749	      0.00000000
      0.49700000	      0.00000000	      0.00000000	  -2726.42764215	      0.00000000	      0.00000000	      0.00000000	  -2678.16087186	    170.64624941	      0.00000000
      0.49800000	      0.00000000	      0.00000000	  -4792.51258133	      0.00000000	      0.00000000	      0.00000000	  -4461.93800694	      0.00000000	      0.00000000
      0.49900000	      0.00000000	      0.00000000	  -3967.65932612	      0.00000000	      0.00000000	      0.00000000	  -3734.32315529	     54.69307637	      0.00000000
      0.50000000	      0.00000000	      0.00000000	  -4354.23013396	      0.00000000	      0.00000000	      0.00000000	  -5053.91776455	      0.00000000	      0.00000000
      0.50100000	      0.00000000	      0.00000000	  -2744.81891945	      0.00000000	      0.00000000	      0.00000000	  -2507.29248097	    315.66904236	      0.00000000
      0.50200000	      0.00000000	      0.00000000	  -2979.84308433	      0.00000000	      0.00000000	      0.00000000	  -3305.47078587	     61.05132807	      0.00000000
      0.50300000	      0.00000000	      0.00000000	  -4048.74653057	      0.00000000	      0.00000000	      0.00000000	  -4306.67421823	      0.00000000	      0.00000000
      0.50400000	      0.00000000	      0.00000000	  -4387.13716793	      0.00000000	      0.00000000	      0.00000000	  -4896.54808303	      0.00000000	      0.00000000
      0.50500000	      0.00000000	      0.00000000	  -3579.54253361	      0.00000000	      0.00000000	      0.00000000	  -3762.32494958	    115.13585337	      0.00000000
      0.50600000	      0.00000000	      0.00000000	  -3395.05323165	      0.00000000	      0.00000000	      0.00000000	  -3079.91964207	    221.52813539	      0.00000000
      0.50700000	      0.00000000	      0.00000000	  -3893.81958909	      0.00000000	      0.00000000	      0.00000000	  -3824.43518339	      0.00000000	      0.00000000
      0.50800000	      0.00000000	      0.00000000	  -2491.66569167	      0.00000000	      0.00000000	      0.00000000	  -2365.70318848	    169.27376195	      0.00000000
      0.50900000	      0.00000000	      0.00000000	  -3049.41349407	      0.00000000	      0.00000000	      0.00000000	  -3367.89294981	     59.67761589	      0.00000000
      0.51000000	      0.00000000	      0.00000000	  -3473.06720582	      0.00000000	      0.00000000	      0.00000000	  -2721.69433942	    223.92375037	      0.00000000
      0.51100000	      0.00000000	      0.00000000	  -3264.83054338	      0.00000000	      0.00000000	      0.00000000	  -2747.50889141	    165.11318282	      0.00000000
      0.51200000	      0.00000000	      0.00000000	  -2797.96549469	      0.00000000	      0.00000000	      0.00000000	  -3121.05319048	     55.77456000	      0.00000000
      0.51300000	      0.00000000	      0.00000000	  -4604.49392709	      0.00000000	      0.00000000	      0.00000000	  -4137.48147838	     66.79356543	      0.00000000
      0.51400000	      0.00000000	      0.00000000	  -4107.48855812	      0.00000000	      0.00000000	      0.00000000	  -4693.50629338	      0.00000000	      0.00000000
      0.51500000	      0.00000000	      0.00000000	  -4325.97192438	      0.00000000	      0.00000000	      0.00000000	  -4167.54157923	    104.96180235	      0.00000000
      0.51600000	      0.00000000	      0.00000000	  -5059.44000600	      0.00000000	      0.00000000	      0.00000000	  -5007.78996402	      0.00000000	      0.00000000
      0.51700000	      0.00000000	      0.00000000	  -4917.69163229	      0.00000000	      0.00000000	      0.00000000	  -5101.22535774	      0.00000000	      0.00000000
      0.51800000	      0.00000000	      0.00000000	  -4622.24989807	      0.00000000	      0.00000000	      0.00000000	  -4382.61552189	      0.00000000	      0.00000000
      0.51900000	      0.00000000	      0.00000000	  -4183.30186569	      0.00000000	      0.00000000	      0.00000000	  -4466.00889059	      0.01646957	      0.00000000
      0.52000000	      0.00000000	      0.00000000	  -3875.70800795	      0.00000000	      0.00000000	      0.00000000	  -4438.19570771	     23.48807608	      0.00000000
      0.52100000	      0.00000000	      0.00000000	  -4893.19006516	      0.00000000	      0.00000000	      0.00000000	  -4846.09110957	      0.00000000	      0.00000000
      0.52200000	      0.00000000	      0.00000000	  -5024.87772542	      0.00000000	      0.00000000	      0.00000000	  -4844.33397138	      0.00000000	      0.00000000
      0.52300000	      0.00000000	      0.00000000	  -2906.09904418	      0.00000000	      0.00000000	      0.00000000	  -2478.98106019	    185.61464488	      0.00000000
      0.52400000	      0.00000000	      0.00000000	  -4131.36251404	      0.00000000	      0.00000000	      0.00000000	  -4172.82472883	     16.03445110	      0.00000000
      0.52500000	      0.00000000	      0.00000000	  -3657.54841949	      0.00000000	      0.00000000	      0.00000000	  -3067.64634468	    165.33920901	      0.00000000
      0.52600000	      0.00000000	      0.00000000	  -2556.18396156	      0.00000000	      0.00000000	      0.00000000	  -2643.13871932	    115.12607365	      0.00000000
      0.52700000	      0.00000000	      0.00000000	  -2750.01479032	      0.00000000	      0.00000000	      0.00000000	  -3108.23889604	    228.74667800	      0.00000000
      0.52800000	      0.00000000	      0.00000000	  -4541.53188730	      0.00000000	      0.00000000	      0.00000000	  -4383.23606680	     30.07650369	      0.00000000
      0.52900000	      0.00000000	      0.00000000	  -4217.29092905	      0.00000000	      0.00000000	      0.00000000	  -3781.82136713	    156.98532176	      0.00000000
      0.53000000	      0.00000000	      0.00000000	  -5144.99855312	      0.00000000	      0.00000000	      0.00000000	  -5013.18871240	      0.00000000	      0.00000000
      0.53100000	      0.00000000	      0.00000000	  -4072.76769625	      0.00000000	      0.00000000	      0.00000000	  -4671.80632119	      0.00000000	      0.00000000
      0.53200000	      0.00000000	      0.00000000	  -4760.24662351	      0.00000000	      0.00000000	      0.00000000	  -4848.44084462	      0.00000000	      0.00000000
      0.53300000	      0.00000000	      0.00000000	  -3101.91845631	      0.00000000	      0.00000000	      0.00000000	  -3144.74485530	     75.12686304	      0.00000000
      0.53400000	      0.00000000	      0.00000000	  -2839.83504117	      0.00000000	      0.00000000	      0.00000000	  -2627.81667951	    178.33189505	      0.00000000
      0.53500000	      0.00000000	      0.00000000	  -4026.59638858	      0.00000000	      0.00000000	      0.00000000	  -3645.44694582	     94.67607481	      0.00000000
      0.53600000	      0.00000000	      0.00000000	  -4231.07583643	      0.00000000	      0.00000000	      0.00000000	  -4507.21275033	     33.30120285	      0.00000000
      0.53700000	      0.00000000	      0.00000000	  -2815.85683824	      0.00000000	      0.00000000	      0.00000000	  -2445.61002592	    227.01618173	      0.00000000
      0.53800000	      0.00000000	      0.00000000	  -3589.18860811	      0.00000000	      0.00000000	      0.00000000	  -3136.94149832	    185.03378722	      0.00000000
      0.53900000	      0.00000000	      0.00000000	  -3923.36941033	      0.00000000	      0.00000000	      0.00000000	  -4504.71440096	      0.00000000	      0.00000000
      0.54000000	      0.00000000	      0.00000000	  -3041.36754222	      0.00000000	      0.00000000	      0.00000000	  -2482.17326285	    252.90360318	      0.00000000
      0.54100000	      0.00000000	      0.00000000	  -4101.50439583	      0.00000000	      0.00000000	      0.00000000	  -5037.28645808	      0.00000000	      0.00000000
      0.54200000	      0.00000000	      0.00000000	  -3845.45134286	      0.00000000	      0.00000000	      0.00000000	  -3686.25643975	     25.33264747	      0.00000000
      0.54300000	      0.00000000	      0.00000000	  -3132.55407697	      0.00000000	      0.00000000	      0.00000000	  -3466.45717273	    154.36330925	      0.00000000
      0.54400000	      0.00000000	      0.00000000	  -2366.11389014	      0.00000000	      0.00000000	      0.00000000	  -2217.33631440	    228.82842426	      0.00000000
      0.54500000	      0.00000000	      0.00000000	  -4365.61593092	      0.00000000	      0.00000000	      0.00000000	  -4651.61485600	     20.66963773	      0.00000000
      0.54600000	      0.00000000	      0.00000000	  -4137.16202732	      0.00000000	      0.00000000	      0.00000000	  -3719.57973491	      0.00000000	      0.00000000
      0.54700000	      0.00000000	      0.00000000	  -4137.43343105	      0.00000000	      0.00000000	      0.00000000	  -3751.70835182	      3.64766914	      0.00000000
      0.54800000	      0.00000000	      0.00000000	  -4520.28721990	      0.00000000	      0.00000000	      0.00000000	  -4625.64786622	      0.00000000	      0.00000000
      0.54900000	      0.00000000	      0.00000000	  -3904.25637494	      0.00000000	      0.00000000	      0.00000000	  -4227.31999009	      0.00000000	      0.00000000
      0.55000000	      0.00000000	      0.00000000	  -4600.37169478	      0.00000000	      0.00000000	      0.00000000	  -4962.52037997	      0.00000000	      0.00000000
      0.55100000	      0.00000000	      0.00000000	  -4654.24458191	      0.00000000	      0.00000000	      0.00000000	  -4727.76451024	      0.00000000	      0.00000000
      0.55200000	      0.00000000	      0.00000000	  -3591.71098947	      0.00000000	      0.00000000	      0.00000000	  -3572.87554110	    185.42412724	      0.00000000
      0.55300000	      0.00000000	      0.00000000	  -3539.07902979	      0.00000000	      0.00000000	      0.00000000	  -2997.12253606	     90.45312530	      0.00000000
      0.55400000	      0.00000000	      0.00000000	  -4560.12007911	      0.00000000	      0.00000000	      0.00000000	  -4627.19752076	      0.00000000	      0.00000000
      0.55500000	      0.00000000	      0.00000000	  -2989.64796655	      0.00000000	      0.00000000	      0.00000000	  -2555.49007481	    271.61961824	      0.00000000
      0.55600000	      0.00000000	      0.00000000	  -2740.45470291	      0.00000000	      0.00000000	      0.00000000	  -2933.57513552	    173.86671475	      0.00000000
      0.55700000	      0.00000000	      0.00000000	  -3849.69945400	      0.00000000	      0.00000000	      0.00000000	  -4307.04112491	     27.06674576	      0.00000000
      0.55800000	      0.00000000	      0.00000000	  -3902.72433684	      0.00000000	      0.00000000	      0.00000000	  -3530.88037872	     61.29883305	      0.00000000
      0.55900000	      0.00000000	      0.00000000	  -4500.50011226	      0.00000000	      0.00000000	      0.00000000	  -4843.29198559	      0.00000000	      0.00000000
      0.56000000	      0.00000000	      0.00000000	  -4831.82449723	      0.00000000	      0.00000000	      0.00000000	  -4760.70134730	      0.00000000	      0.00000000
      0.56100000	      0.00000000	      0.00000000	  -3864.06979896	      0.00000000	      0.00000000	      0.00000000	  -4532.52960797	      0.00000000	      0.00000000
      0.56200000	      0.00000000	      0.00000000	  -2688.28916431	      0.00000000	      0.00000000	      0.00000000	  -2789.59174487	    165.78726734	      0.00000000
      0.56300000	      0.00000000	      0.00000000	  -3860.32266694	      0.00000000	      0.00000000	      0.00000000	  -4784.07237091	      0.00000000	      0.00000000
      0.56400000	      0.00000000	      0.00000000	  -4577.17340284	      0.00000000	      0.00000000	      0.00000000	  -4708.80402094	     11.99772327	      0.00000000
      0.56500000	      0.00000000	      0.00000000	  -4358.46846479	      0.00000000	      0.00000000	      0.00000000	  -4549.65160505	      0.00000000	      0.00000000
      0.56600000	      0.00000000	      0.00000000	  -2984.88779188	      0.00000000	      0.00000000	      0.00000000	  -2525.99873385	    137.18111931	      0.00000000
      0.56700000	      0.00000000	      0.00000000	  -2477.88845079	      0.00000000	      0.00000000	      0.00000000	  -2117.08395584	    165.86107191	      0.00000000
      0.56800000	      0.00000000	      0.00000000	  -2767.26697646	      0.00000000	      0.00000000	      0.00000000	  -2412.03167671	    187.75633320	      0.00000000
      0.56900000	      0.00000000	      0.00000000	  -3302.09530144	      0.00000000	      0.00000000	      0.00000000	  -4056.42853899	      0.00000000	      0.00000000
      0.57000000	      0.00000000	      0.00000000	  -3433.59944794	      0.00000000	      0.00000000	      0.00000000	  -3714.54981406	     22.00487744	      0.00000000
      0.57100000	      0.00000000	      0.00000000	  -3347.50177692	      0.00000000	      0.00000000	      0.00000000	  -3695.88831093	    183.24482951	      0.00000000
      0.57200000	      0.00000000	      0.00000000	  -3865.47081632	      0.00000000	      0.00000000	      0.00000000	  -4212.25946784	     54.65142115	      0.00000000
      0.57300000	      0.00000000	      0.00000000	  -2971.81327876	      0.00000000	      0.00000000	      0.00000000	  -3510.23623504	    120.00547831	      0.00000000
      0.57400000	      0.00000000	      0.00000000	  -5013.09454558	      0.00000000	      0.00000000	      0.00000000	  -4962.28661009	      0.00000000	      0.00000000
      0.57500000	      0.00000000	      0.00000000	  -4493.40046428	      0.00000000	      0.00000000	      0.00000000	  -4117.30746631	    113.95106342	      0.00000000
      0.57600000	      0.00000000	      0.00000000	  -3802.60612195	      0.00000000	      0.00000000	      0.00000000	  -4443.08614072	      6.74782319	      0.00000000
      0.57700000	      0.00000000	      0.00000000	  -3849.44180599	      0.00000000	      0.00000000	      0.00000000	  -3508.06122471	    222.19000865	      0.00000000
      0.57800000	      0.00000000	      0.00000000	  -3835.37787719	      0.00000000	      0.00000000	      0.00000000	  -4084.26523008	     40.42843619	      0.00000000
      0.57900000	      0.00000000	      0.00000000	  -4661.68585821	      0.00000000	      0.00000000	      0.00000000	  -5054.76236373	      0.00000000	      0.00000000
      0.58000000	      0.00000000	      0.00000000	  -2799.78480950	      0.00000000	      0.00000000	      0.00000000	  -2535.06079847	    206.55492830	      0.00000000
      0.58100000	      0.00000000	      0.00000000	  -3924.43563294	      0.00000000	      0.00000000	      0.00000000	  -4885.74243654	      0.00000000	      0.00000000
      0.58200000	      0.00000000	      0.00000000	  -4220.14650854	      0.00000000	      0.00000000	      0.00000000	  -4209.72516042	     26.05411769	      0.00000000
      0.58300000	      0.00000000	      0.00000000	  -3457.90413815	      0.00000000	      0.00000000	      0.00000000	  -3620.05223079	     47.42166473	      0.00000000
      0.58400000	      0.00000000	      0.00000000	  -2181.06792768	      0.00000000	      0.00000000	      0.00000000	  -2356.59995472	    159.29215528	      0.00000000
      0.58500000	      0.00000000	      0.00000000	  -3243.75562172	      0.00000000	      0.00000000	      0.00000000	  -2301.42698454	    308.14740945	      0.00000000
      0.58600000	      0.00000000	      0.00000000	  -3451.84993592	      0.00000000	      0.00000000	      0.00000000	  -3346.20622491	     51.53934619	      0.00000000
      0.58700000	      0.00000000	      0.00000000	  -4303.05136113	      0.00000000	      0.00000000	      0.00000000	  -4438.28432604	      0.00000000	      0.00000000
      0.58800000	      0.00000000	      0.00000000	  -4375.64053404	      0.00000000	      0.00000000	      0.00000000	  -4588.75820929	      0.00000000	      0.00000000
      0.58900000	      0.00000000	      0.00000000	  -4057.42584161	      0.00000000	      0.00000000	      0.00000000	  -3832.35555007	     40.55190338	      0.00000000
      0.59000000	      0.00000000	      0.00000000	  -4631.55735884	      0.00000000	      0.00000000	      0.00000000	  -4586.00800774	      0.00000000	      0.00000000
      0.59100000	      0.00000000	      0.00000000	  -3727.55452776	      0.00000000	      0.00000000	      0.00000000	  -3326.17311613	     79.80425551	      0.00000000
      0.59200000	      0.00000000	      0.00000000	  -4015.79426254	      0.00000000	      0.00000000	      0.00000000	  -4553.33835498	      0.00000000	      0.00000000
      0.59300000	      0.00000000	      0.00000000	  -3538.36024707	      0.00000000	      0.00000000	      0.00000000	  -4121.62626321	      0.05415478	      0.00000000
      0.59400000	      0.00000000	      0.00000000	  -2928.54658562	      0.00000000	      0.00000000	      0.00000000	  -3034.43996031	    272.89569561	      0.00000000
      0.59500000	      0.00000000	      0.00000000	  -3688.36077920	      0.00000000	      0.00000000	      0.00000000	  -3063.55210944	    261.85174407	      0.00000000
      0.59600000	      0.00000000	      0.00000000	  -2924.37457753	      0.00000000	      0.00000000	      0.00000000	  -2912.54719804	    193.38214429	      0.00000000
      0.59700000	      0.00000000	      0.00000000	  -4314.84576452	      0.00000000	      0.00000000	      0.00000000	  -4734.01899538	      0.00000000	      0.00000000
      0.59800000	      0.00000000	      0.00000000	  -3198.89806331	      0.00000000	      0.00000000	      0.00000000	  -3835.02121227	    134.08395601	      0.00000000
      0.59900000	      0.00000000	      0.00000000	  -3623.60651844	      0.00000000	      0.00000000	      0.00000000	  -4663.50419187	      0.01403198	      0.00000000
      0.60000000	      0.00000000	      0.00000000	  -2747.67316184	      0.00000000	      0.00000000	      0.00000000	  -3014.33837139	     59.21699197	      0.00000000
      0.60100000	      0.00000000	      0.00000000	  -3739.24725375	      0.00000000	      0.00000000	      0.00000000	  -4612.72696589	      0.00000000	      0.00000000
      0.60200000	      0.00000000	      0.00000000	  -3537.10695397	      0.00000000	      0.00000000	      0.00000000	  -4257.24875136	     44.93145223	      0.00000000
      0.60300000	      0.00000000	      0.00000000	  -3813.02527335	      0.00000000	      0.00000000	      0.00000000	  -4799.44351111	      0.00000000	      0.00000000
      0.60400000	      0.00000000	      0.00000000	  -3691.23265545	      0.00000000	      0.00000000	      0.00000000	  -3068.57398030	    281.73474943	      0.00000000
      0.60500000	      0.00000000	      0.00000000	  -3957.83113742	      0.00000000	      0.00000000	      0.00000000	  -3821.19634634	     67.99150114	      0.00000000
      0.60600000	      0.00000000	      0.00000000	  -3914.54806080	      0.00000000	      0.00000000	      0.00000000	  -3685.00068838	     23.64455468	      0.00000000
      0.60700000	      0.00000000	      0.00000000	  -4368.01836889	      0.00000000	      0.00000000	      0.00000000	  -4543.30117225	      0.00000000	      0.00000000
      0.60800000	      0.00000000	      0.00000000	  -3414.45222475	      0.00000000	      0.00000000	      0.00000000	  -2892.78104510	     85.97996296	      0.00000000
      0.60900000	      0.00000000	      0.00000000	  -3701.92225639	      0.00000000	      0.00000000	      0.00000000	  -3572.90750295	    195.48325007	      0.00000000
      0.61000000	      0.00000000	      0.00000000	  -2413.07627790	      0.00000000	      0.00000000	      0.00000000	  -2343.38597248	    134.61247234	      0.00000000
      0.61100000	      0.00000000	      0.00000000	  -3376.51684792	      0.00000000	      0.00000000	      0.00000000	  -2536.42488154	    336.92611382	      0.00000000
      0.61200000	      0.00000000	      0.00000000	  -3075.30326114	      0.00000000	      0.00000000	      0.00000000	  -3042.84761773	    249.56853583	      0.00000000
      0.61300000	      0.00000000	      0.00000000	  -4164.96563595	      0.00000000	      0.00000000	      0.00000000	  -4504.86879518	      0.00000000	      0.00000000
      0.61400000	      0.00000000	      0.00000000	  -3995.61549736	      0.00000000	      0.00000000	      0.00000000	  -4334.33016424	     43.16429687	      0.00000000
      0.61500000	      0.00000000	      0.00000000	  -4088.07502741	      0.00000000	      0.00000000	      0.00000000	  -4732.85075112	      0.00000000	      0.00000000
      0.61600000	      0.00000000	      0.00000000	  -3794.14991472	      0.00000000	      0.00000000	      0.00000000	  -4925.52430189	      0.00000000	      0.00000000
      0.61700000	      0.00000000	      0.00000000	  -3005.87302867	      0.00000000	      0.00000000	      0.00000000	  -2623.70791291	    279.66138381	      0.00000000
      0.61800000	      0.00000000	      0.00000000	  -4249.50547926	      0.00000000	      0.00000000	      0.00000000	  -4231.14943343	      0.00000000	      0.00000000
      0.61900000	      0.00000000	      0.00000000	  -2827.83145604	      0.00000000	      0.00000000	      0.00000000	  -3337.51406247	     97.36886793	      0.00000000
      0.62000000	      0.00000000	      0.00000000	  -3464.75411353	      0.00000000	      0.00000000	      0.00000000	  -3565.38155058	     72.90572397	      0.00000000
      0.62100000	      0.00000000	      0.00000000	  -4191.04663992	      0.00000000	      0.00000000	      0.00000000	  -4782.16503391	      0.00000000	      0.00000000
      0.62200000	      0.00000000	      0.00000000	  -3534.73347585	      0.00000000	      0.00000000	      0.00000000	  -4026.41107881	      0.00000000	      0.00000000
      0.62300000	      0.00000000	      0.00000000	  -2413.47998273	      0.00000000	      0.00000000	      0.00000000	  -2805.17948672	    118.76663345	      0.00000000
      0.62400000	      0.00000000	      0.00000000	  -3824.92293854	      0.00000000	      0.00000000	      0.00000000	  -4612.02878586	      0.00000000	      0.00000000
      0.62500000	      0.00000000	      0.00000000	  -3780.88365382	      0.00000000	      0.00000000	      0.00000000	  -3768.06199236	    168.02078347	      0.00000000
      0.62600000	      0.00000000	      0.00000000	  -4549.11550785	      0.00000000	      0.00000000	      0.00000000	  -4686.52524229	     12.99879970	      0.00000000
      0.62700000	      0.00000000	      0.00000000	  -3196.33301671	      0.00000000	      0.00000000	      0.00000000	  -2913.09789036	    243.76949710	      0.00000000
      0.62800000	      0.00000000	      0.00000000	  -2912.23504376	      0.00000000	      0.00000000	      0.00000000	  -2830.66981037	     95.09485570	      0.00000000
      0.62900000	      0.00000000	      0.00000000	  -2766.54267425	      0.00000000	      0.00000000	      0.00000000	  -3271.63468300	    207.02870268	      0.00000000
      0.63000000	      0.00000000	      0.00000000	  -3885.57465030	      0.00000000	      0.00000000	      0.00000000	  -3577.75810800	     62.13868554	      0.00000000
      0.63100000	      0.00000000	      0.00000000	  -3221.28650723	      0.00000000	      0.00000000	      0.00000000	  -3482.66135337	     81.77449175	      0.00000000
      0.63200000	      0.00000000	      0.00000000	  -3090.24331656	      0.00000000	      0.00000000	      0.00000000	  -4006.68920224	      0.00000000	      0.00000000
      0.63300000	      0.00000000	      0.00000000	  -4194.34543051	      0.00000000	      0.00000000	      0.00000000	  -4533.78928836	      0.00000000	      0.00000000
      0.63400000	      0.00000000	      0.00000000	  -4825.30406004	      0.00000000	      0.00000000	      0.00000000	  -4906.65899828	      0.00000000	      0.00000000
      0.63500000	      0.00000000	      0.00000000	  -3117.17248776	      0.00000000	      0.00000000	      0.00000000	  -3721.32450919	    189.87657132	      0.00000000
      0.63600000	      0.00000000	      0.00000000	  -2473.20557392	      0.00000000	      0.00000000	      0.00000000	  -2443.75538147	    181.67282971	      0.00000000
      0.63700000	      0.00000000	      0.00000000	  -2501.19960909	      0.00000000	      0.00000000	      0.00000000	  -2262.16195346	    218.21660701	      0.00000000
      0.63800000	      0.00000000	      0.00000000	  -4327.12548099	      0.00000000	      0.00000000	      0.00000000	  -4431.25885649	      0.00000000	      0.00000000
      0.63900000	      0.00000000	      0.00000000	  -4191.66181111	      0.00000000	      0.00000000	      0.00000000	  -4711.50680675	      0.00000000	      0.00000000
      0.64000000	      0.00000000	      0.00000000	  -3709.82622171	      0.00000000	      0.00000000	      0.00000000	  -3559.12622667	    195.00825674	      0.00000000
      0.64100000	      0.00000000	      0.00000000	  -2675.26052372	      0.00000000	      0.00000000	      0.00000000	  -2796.38506979	    245.12168003	      0.00000000
      0.64200000	      0.00000000	      0.00000000	  -4073.79689651	      0.00000000	      0.00000000	      0.00000000	  -4257.69461944	      0.00000000	      0.00000000
      0.64300000	      0.00000000	      0.00000000	  -3058.90618744	      0.00000000	      0.00000000	      0.00000000	  -2374.40871709	    323.02297468	      0.00000000
      0.64400000	      0.00000000	      0.00000000	  -3972.39602488	      0.00000000	      0.00000000	      0.00000000	  -3665.02696279	      5.71012339	      0.00000000
      0.64500000	      0.00000000	      0.00000000	  -3322.35946285	      0.00000000	      0.00000000	      0.00000000	  -4229.03171450	     19.62529330	      0.00000000
      0.64600000	      0.00000000	      0.00000000	  -3235.09604402	      0.00000000	      0.00000000	      0.00000000	  -3577.60577648	      4.69282876	      0.00000000
      0.64700000	      0.00000000	      0.00000000	  -4241.07394319	      0.00000000	      0.00000000	      0.00000000	  -4707.95608334	      0.00000000	      0.00000000
      0.64800000	      0.00000000	      0.00000000	  -3939.12896998	      0.00000000	      0.00000000	      0.00000000	  -4983.62251847	      0.00000000	      0.00000000
      0.64900000	      0.00000000	      0.00000000	  -3060.09707021	      0.00000000	      0.00000000	      0.00000000	  -3920.57589799	     32.59011154	      0.00000000
      0.65000000	      0.00000000	      0.00000000	  -4034.66423902	      0.00000000	      0.00000000	      0.00000000	  -4975.25970721	      0.00000000	      0.00000000
      0.65100000	      0.00000000	      0.00000000	  -4127.61954346	      0.00000000	      0.00000000	      0.00000000	  -4613.89947914	      0.00000000	      0.00000000
      0.65200000	      0.00000000	      0.00000000	  -3201.02891614	      0.00000000	      0.00000000	      0.00000000	  -4266.02554804	     18.19718375	      0.00000000
      0.65300000	      0.00000000	      0.00000000	  -3540.03013053	      0.00000000	      0.00000000	      0.00000000	  -3301.84841575	    210.25655455	      0.00000000
      0.65400000	      0.00000000	      0.00000000	  -2883.24135000	      0.00000000	      0.00000000	      0.00000000	  -2384.46649246	    127.23550035	      0.00000000
      0.65500000	      0.00000000	      0.00000000	  -4093.91938962	      0.00000000	      0.00000000	      0.00000000	  -3867.53699435	      6.00304504	      0.00000000
      0.65600000	      0.00000000	      0.00000000	  -3597.28384840	      0.00000000	      0.00000000	      0.00000000	  -3760.37764875	     49.43699598	      0.00000000
      0.65700000	      0.00000000	      0.00000000	  -3691.78056968	      0.00000000	      0.00000000	      0.00000000	  -4582.06902299	      0.00000000	      0.00000000
      0.65800000	      0.00000000	      0.00000000	  -4281.42732045	      0.00000000	      0.00000000	      0.00000000	  -4339.08047920	     44.61947691	      0.00000000
      0.65900000	      0.00000000	      0.00000000	  -3599.89026289	      0.00000000	      0.00000000	      0.00000000	  -4691.97865397	      0.00000000	      0.00000000
      0.66000000	      0.00000000	      0.00000000	  -2383.41312500	      0.00000000	      0.00000000	      0.00000000	  -2795.30635805	    115.63003317	      0.00000000
      0.66100000	      0.00000000	      0.00000000	  -2268.76908607	      0.00000000	      0.00000000	      0.00000000	  -2283.02141177	    224.70814657	      0.00000000
      0.66200000	      0.00000000	      0.00000000	  -3600.24129899	      0.00000000	      0.00000000	      0.00000000	  -3229.47266041	    122.00664994	      0.00000000
      0.66300000	      0.00000000	      0.00000000	  -3919.63467543	      0.00000000	      0.00000000	      0.00000000	  -4403.18498478	      0.31708146	      0.00000000
      0.66400000	      0.00000000	      0.00000000	  -2632.91042643	      0.00000000	      0.00000000	      0.00000000	  -2515.96147471	    191.18642244	      0.00000000
      0.66500000	      0.00000000	      0.00000000	  -3952.78495110	      0.00000000	      0.00000000	      0.00000000	  -4714.83949217	      0.00000000	      0.00000000
      0.66600000	      0.00000000	      0.00000000	  -3416.58212175	      0.00000000	      0.00000000	      0.00000000	  -4498.54998437	      0.00000000	      0.00000000
      0.66700000	      0.00000000	      0.00000000	  -3858.42770303	      0.00000000	      0.00000000	      0.00000000	  -4953.93880157	      0.00000000	      0.00000000
      0.66800000	      0.00000000	      0.00000000	  -4601.18631173	      0.00000000	      0.00000000	      0.00000000	  -5048.63093753	      0.00000000	      0.00000000
      0.66900000	      0.00000000	      0.00000000	  -3087.94648422	      0.00000000	      0.00000000	      0.00000000	  -3343.17335378	     75.83171261	      0.00000000
      0.67000000	      0.00000000	      0.00000000	  -3187.79056015	      0.00000000	      0.00000000	      0.00000000	  -3257.19337171	     51.62484358	      0.00000000
      0.67100000	      0.00000000	      0.00000000	  -3401.98589860	      0.00000000	      0.00000000	      0.00000000	  -3168.53465035	    271.67699874	      0.00000000
      0.67200000	      0.00000000	      0.00000000	  -3710.81433915	      0.00000000	      0.00000000	      0.00000000	  -4600.97219696	      0.00000000	      0.00000000
      0.67300000	      0.00000000	      0.00000000	  -3248.30226975	      0.00000000	      0.00000000	      0.00000000	  -3715.25343028	     85.00625138	      0.00000000
      0.67400000	      0.00000000	      0.00000000	  -3161.78968664	      0.00000000	      0.00000000	      0.00000000	  -2460.81082091	    331.86901579	      0.00000000
      0.67500000	      0.00000000	      0.00000000	  -3949.82835547	      0.00000000	      0.00000000	      0.00000000	  -4151.77894433	     91.66543084	      0.00000000
      0.67600000	      0.00000000	      0.00000000	  -3575.74118690	      0.00000000	      0.00000000	      0.00000000	  -3259.86471786	    100.70596321	      0.00000000
      0.67700000	      0.00000000	      0.00000000	  -2760.44651411	      0.00000000	      0.00000000	      0.00000000	  -2615.85130199	    234.81022391	      0.00000000
      0.67800000	      0.00000000	      0.00000000	  -3610.51218336	      0.00000000	      0.00000000	      0.00000000	  -4942.91033860	      0.00000000	      0.00000000
      0.67900000	      0.00000000	      0.00000000	  -3608.39243157	      0.00000000	      0.00000000	      0.00000000	  -3667.60748930	      8.11390942	      0.00000000
      0.68000000	      0.00000000	      0.00000000	  -3547.44925526	      0.00000000	      0.00000000	      0.00000000	  -3645.80659078	    154.47010895	      0.00000000
      0.68100000	      0.00000000	      0.00000000	  -2990.38118551	      0.00000000	      0.00000000	      0.00000000	  -3887.12536811	      0.00000000	      0.00000000
      0.68200000	      0.00000000	      0.00000000	  -2821.86797723	      0.00000000	      0.00000000	      0.00000000	  -2652.15580981	    171.99127882	      0.00000000
      0.68300000	      0.00000000	      0.00000000	  -3948.89297096	      0.00000000	      0.00000000	      0.00000000	  -4393.57409774	      0.00000000	      0.00000000
      0.68400000	      0.00000000	      0.00000000	  -2704.29565083	      0.00000000	      0.00000000	      0.00000000	  -2157.18041742	    239.80244352	      0.00000000
      0.68500000	      0.00000000	      0.00000000	  -4464.61343402	      0.00000000	      0.00000000	      0.00000000	  -4465.57221432	     16.61605113	      0.00000000
      0.68600000	      0.00000000	      0.00000000	  -4344.79246874	      0.00000000	      0.00000000	      0.00000000	  -4603.15053131	      0.00000000	      0.00000000
      0.68700000	      0.00000000	      0.00000000	  -3562.63726191	      0.00000000	      0.00000000	      0.00000000	  -3307.01003730	    233.32510872	      0.00000000
      0.68800000	      0.00000000	      0.00000000	  -3362.69785149	      0.00000000	      0.00000000	      0.00000000	  -3662.70085859	     61.74473636	      0.00000000
      0.68900000	      0.00000000	      0.00000000	  -3513.31693473	      0.00000000	      0.00000000	      0.00000000	  -4407.19423161	     13.88736583	      0.00000000
      0.69000000	      0.00000000	      0.00000000	  -3479.13366507	      0.00000000	      0.00000000	      0.00000000	  -4719.73610734	      0.00000000	      0.00000000
      0.69100000	      0.00000000	      0.00000000	  -3018.35889965	      0.00000000	      0.00000000	      0.00000000	  -3691.97208053	    111.30321381	      0.00000000
      0.69200000	      0.00000000	      0.00000000	  -2965.81588565	      0.00000000	      0.00000000	      0.00000000	  -3496.97382781	    216.07288750	      0.00000000
      0.69300000	      0.00000000	      0.00000000	  -2111.18890492	      0.00000000	      0.00000000	      0.00000000	  -2368.34935877	    175.52793395	      0.00000000
      0.69400000	      0.00000000	      0.00000000	  -3617.48796562	      0.00000000	      0.00000000	      0.00000000	  -4354.19931329	      0.00000000	      0.00000000
      0.69500000	      0.00000000	      0.00000000	  -3907.60808035	      0.00000000	      0.00000000	      0.00000000	  -4768.70370593	      0.00000000	      0.00000000
      0.69600000	      0.00000000	      0.00000000	  -4805.92562442	      0.00000000	      0.00000000	      0.00000000	  -5055.07210464	      0.00000000	      0.00000000
      0.69700000	      0.00000000	      0.00000000	  -4438.97539269	      0.00000000	      0.00000000	      0.00000000	  -4946.24503949	      0.00000000	      0.00000000
      0.69800000	      0.00000000	      0.00000000	  -3415.71106298	      0.00000000	      0.00000000	      0.00000000	  -3825.14541053	      9.57397150	      0.00000000
      0.69900000	      0.00000000	      0.00000000	  -2352.33938218	      0.00000000	      0.00000000	      0.00000000	  -2282.95186611	    173.51722615	      0.00000000
      0.70000000	      0.00000000	      0.00000000	  -2565.76011682	      0.00000000	      0.00000000	      0.00000000	  -3015.81282488	    198.74935179	      0.00000000
      0.70100000	      0.00000000	      0.00000000	  -4314.77925186	      0.00000000	      0.00000000	      0.00000000	  -4785.74478973	      0.00000000	      0.00000000
      0.70200000	      0.00000000	      0.00000000	  -3549.39078150	      0.00000000	      0.00000000	      0.00000000	  -4478.26131424	      0.00000000	      0.00000000
      0.70300000	      0.00000000	      0.00000000	  -3329.67563938	      0.00000000	      0.00000000	      0.00000000	  -3476.48314917	    228.53156656	      0.00000000
      0.70400000	      0.00000000	      0.00000000	  -3643.82112846	      0.00000000	      0.00000000	      0.00000000	  -4401.44959993	      6.37519807	      0.00000000
      0.70500000	      0.00000000	      0.00000000	  -3746.95482798	      0.00000000	      0.00000000	      0.00000000	  -4389.34264198	     23.95968104	      0.00000000
      0.70600000	      0.00000000	      0.00000000	  -2274.94235775	      0.00000000	      0.00000000	      0.00000000	  -2458.75903470	    275.09365508	      0.00000000
      0.70700000	      0.00000000	      0.00000000	  -4210.40066867	      0.00000000	      0.00000000	      0.00000000	  -4299.49904622	     49.02604139	      0.00000000
      0.70800000	      0.00000000	      0.00000000	  -4014.53928461	      0.00000000	      0.00000000	      0.00000000	  -3873.01128234	    139.77665772	      0.00000000
      0.70900000	      0.00000000	      0.00000000	  -3254.47878387	      0.00000000	      0.00000000	      0.00000000	  -3885.18515015	     71.16456566	      0.00000000
      0.71000000	      0.00000000	      0.00000000	  -3984.88412894	      0.00000000	      0.00000000	      0.00000000	  -4687.20769719	      0.00000000	      0.00000000
      0.71100000	      0.00000000	      0.00000000	  -2923.01401788	      0.00000000	      0.00000000	      0.00000000	  -4005.38525832	     39.22266370	      0.00000000
      0.71200000	      0.00000000	      0.00000000	  -2612.40964190	      0.00000000	      0.00000000	      0.00000000	  -2797.55611548	     91.72246791	      0.00000000
      0.71300000	      0.00000000	      0.00000000	  -3597.11250564	      0.00000000	      0.00000000	      0.00000000	  -3561.62446410	      5.75096187	      0.00000000
      0.71400000	      0.00000000	      0.00000000	  -3024.05080162	      0.00000000	      0.00000000	      0.00000000	  -3920.95809021	    165.97637377	      0.00000000
      0.71500000	      0.00000000	      0.00000000	  -3580.83600600	      0.00000000	      0.00000000	      0.00000000	  -4812.71209882	      0.00000000	      0.00000000
      0.71600000	      0.00000000	      0.00000000	  -3458.17715290	      0.00000000	      0.00000000	      0.00000000	  -4646.30162318	      8.66050863	      0.00000000
      0.71700000	      0.00000000	      0.00000000	  -2965.45823873	      0.00000000	      0.00000000	      0.00000000	  -2398.85882140	    155.55041197	      0.00000000
      0.71800000	      0.00000000	      0.00000000	  -4139.49674432	      0.00000000	      0.00000000	      0.00000000	  -4761.44153734	      0.00000000	      0.00000000
      0.71900000	      0.00000000	      0.00000000	  -1813.83170228	      0.00000000	      0.00000000	      0.00000000	  -2136.45164369	    221.49673550	      0.00000000
      0.72000000	      0.00000000	      0.00000000	  -4188.77367320	      0.00000000	      0.00000000	      0.00000000	  -4890.38738078	      0.00000000	      0.00000000
      0.72100000	      0.00000000	      0.00000000	  -3359.82202391	      0.00000000	      0.00000000	      0.00000000	  -3303.48205669	    134.24200881	      0.00000000
      0.72200000	      0.00000000	      0.00000000	  -2263.54648331	      0.00000000	      0.00000000	      0.00000000	  -2608.06383460	    128.20566229	      0.00000000
      0.72300000	      0.00000000	      0.00000000	  -2959.64381662	      0.00000000	      0.00000000	      0.00000000	  -2625.14051793	    181.69540503	      0.00000000
      0.72400000	      0.00000000	      0.00000000	  -4020.93927248	      0.00000000	      0.00000000	      0.00000000	  -4465.59795823	      0.00000000	      0.00000000
      0.72500000	      0.00000000	      0.00000000	  -3248.31495650	      0.00000000	      0.00000000	      0.00000000	  -3035.16928877	    104.70479701	      0.00000000
      0.72600000	      0.00000000	      0.00000000	  -4019.51015039	      0.00000000	      0.00000000	      0.00000000	  -4120.00142218	      0.00000000	      0.00000000
      0.72700000	      0.00000000	      0.00000000	  -4444.06663659	      0.00000000	      0.00000000	      0.00000000	  -4809.73162900	      0.00000000	      0.00000000
      0.72800000	      0.00000000	      0.00000000	  -2720.05450648	      0.00000000	      0.00000000	      0.00000000	  -3754.28027047	     35.09885150	      0.00000000
      0.72900000	      0.00000000	      0.00000000	  -2145.56440087	      0.00000000	      0.00000000	      0.00000000	  -2385.37742383	    301.00847478	      0.00000000
      0.73000000	      0.00000000	      0.00000000	  -3735.52890954	      0.00000000	      0.00000000	      0.00000000	  -4008.54039003	      0.00000000	      0.00000000
      0.73100000	      0.00000000	      0.00000000	  -3564.98316550	      0.00000000	      0.00000000	      0.00000000	  -4286.38591740	     41.76571489	      0.00000000
      0.73200000	      0.00000000	      0.00000000	  -3109.55962496	      0.00000000	      0.00000000	      0.00000000	  -3495.93478449	     95.31045374	      0.00000000
      0.73300000	      0.00000000	      0.00000000	  -4695.66877549	      0.00000000	      0.00000000	      0.00000000	  -5071.76457376	      0.00000000	      0.00000000
      0.73400000	      0.00000000	      0.00000000	  -3782.76679885	      0.00000000	      0.00000000	      0.00000000	  -4334.37390942	     79.84453499	      0.00000000
      0.73500000	      0.00000000	      0.00000000	  -3406.11539826	      0.00000000	      0.00000000	      0.00000000	  -4481.53555672	      0.00000000	      0.00000000
      0.73600000	      0.00000000	      0.00000000	  -2323.40577621	      0.00000000	      0.00000000	      0.00000000	  -2608.44334316	    267.92929996	      0.00000000
      0.73700000	      0.00000000	      0.00000000	  -2894.18020042	      0.00000000	      0.00000000	      0.00000000	  -3657.42970462	    181.03637159	      0.00000000
      0.73800000	      0.00000000	      0.00000000	  -2387.20996155	      0.00000000	      0.00000000	      0.00000000	  -3031.55636510	    187.12637894	      0.00000000
      0.73900000	      0.00000000	      0.00000000	  -3294.51697673	      0.00000000	      0.00000000	      0.00000000	  -4464.14849362	      0.00000000	      0.00000000
      0.74000000	      0.00000000	      0.00000000	  -3618.16118528	      0.00000000	      0.00000000	      0.00000000	  -3692.69393898	    127.39099166	      0.00000000
      0.74100000	      0.00000000	      0.00000000	  -3313.94253526	      0.00000000	      0.00000000	      0.00000000	  -3190.76471844	    121.35698815	      0.00000000
      0.74200000	      0.00000000	      0.00000000	  -4393.05859547	      0.00000000	      0.00000000	      0.00000000	  -4565.62515042	      0.00000000	      0.00000000
      0.74300000	      0.00000000	      0.00000000	  -3754.56142711	      0.00000000	      0.00000000	      0.00000000	  -4370.79563687	      0.00000000	      0.00000000
      0.74400000	      0.00000000	      0.00000000	  -3702.98693140	      0.00000000	      0.00000000	      0.00000000	  -4369.66323818	      0.00000000	      0.00000000
      0.74500000	      0.00000000	      0.00000000	  -3381.32452183	      0.00000000	      0.00000000	      0.00000000	  -3547.90345772	     39.67035895	      0.00000000
      0.74600000	      0.00000000	      0.00000000	  -2527.74477617	      0.00000000	      0.00000000	      0.00000000	  -2759.55159703	    243.87214445	      0.00000000
      0.74700000	      0.00000000	      0.00000000	  -2147.40579917	      0.00000000	      0.00000000	      0.00000000	  -2811.73211667	    184.37145259	      0.00000000
      0.74800000	      0.00000000	      0.00000000	  -3845.46027132	      0.00000000	      0.00000000	      0.00000000	  -4312.65666742	      6.90559982	      0.00000000
      0.74900000	      0.00000000	      0.00000000	  -2406.91958903	      0.00000000	      0.00000000	      0.00000000	  -2605.63278986	    303.18730052	      0.00000000
      0.75000000	      0.00000000	      0.00000000	  -3096.18246961	      0.00000000	      0.00000000	      0.00000000	  -3114.17428518	    259.63010145	      0.00000000
      0.75100000	      0.00000000	      0.00000000	  -4245.88701182	      0.00000000	      0.00000000	      0.00000000	  -4885.73771204	      0.00000000	      0.00000000
      0.75200000	      0.00000000	      0.00000000	  -2274.53037575	      0.00000000	      0.00000000	      0.00000000	  -2793.49103593	    254.16253773	      0.00000000
      0.75300000	      0.00000000	      0.00000000	  -3202.29500155	      0.00000000	      0.00000000	      0.00000000	  -2868.78957160	    132.24661696	      0.00000000
      0.75400000	      0.00000000	      0.00000000	  -3069.52676869	      0.00000000	      0.00000000	      0.00000000	  -3785.99968981	    165.97128830	      0.00000000
      0.75500000	      0.00000000	      0.00000000	  -2034.22030152	      0.00000000	      0.00000000	      0.00000000	  -2250.12464579	    166.44359592	      0.00000000
      0.75600000	      0.00000000	      0.00000000	  -4144.21032820	      0.00000000	      0.00000000	      0.00000000	  -4876.68902397	      0.00000000	      0.00000000
      0.75700000	      0.00000000	      0.00000000	  -4020.03604512	      0.00000000	      0.00000000	      0.00000000	  -4320.34324770	     12.06914777	      0.00000000
      0.75800000	      0.00000000	      0.00000000	  -3649.09959427	      0.00000000	      0.00000000	      0.00000000	  -4554.12748645	      0.00000000	      0.00000000
      0.75900000	      0.00000000	      0.00000000	  -4324.77468432	      0.00000000	      0.00000000	      0.00000000	  -4478.51278930	     51.06687321	      0.00000000
      0.76000000	      0.00000000	      0.00000000	  -3374.90011683	      0.00000000	      0.00000000	      0.00000000	  -3963.25592723	     90.17550915	      0.00000000
      0.76100000	      0.00000000	      0.00000000	  -2423.45413405	      0.00000000	      0.00000000	      0.00000000	  -3058.76163257	     76.45607226	      0.00000000
      0.76200000	      0.00000000	      0.00000000	  -3320.88693778	      0.00000000	      0.00000000	      0.00000000	  -3035.68261465	    250.57504046	      0.00000000
      0.76300000	      0.00000000	      0.00000000	  -3875.06588285	      0.00000000	      0.00000000	      0.00000000	  -4226.08194502	      0.00000000	      0.00000000
      0.76400000	      0.00000000	      0.00000000	  -2908.46640627	      0.00000000	      0.00000000	      0.00000000	  -4029.80417412	     46.61775791	      0.00000000
      0.76500000	      0.00000000	      0.00000000	  -2767.25090861	      0.00000000	      0.00000000	      0.00000000	  -3714.79304267	    118.37145152	      0.00000000
      0.76600000	      0.00000000	      0.00000000	  -2393.46543326	      0.00000000	      0.00000000	      0.00000000	  -2354.47703890	    184.87054925	      0.00000000
      0.76700000	      0.00000000	      0.00000000	  -2520.30891035	      0.00000000	      0.00000000	      0.00000000	  -2430.60564651	    323.01322667	      0.00000000
      0.76800000	      0.00000000	      0.00000000	  -3139.09517998	      0.00000000	      0.00000000	      0.00000000	  -2885.80407497	    185.64027640	      0.00000000
      0.76900000	      0.00000000	      0.00000000	  -3174.85886129	      0.00000000	      0.00000000	      0.00000000	  -3290.75156678	    143.61184725	      0.00000000
      0.77000000	      0.00000000	      0.00000000	  -3059.10595640	      0.00000000	      0.00000000	      0.00000000	  -3630.04065465	     55.90013653	      0.00000000
      0.77100000	      0.00000000	      0.00000000	  -3564.88115361	      0.00000000	      0.00000000	      0.00000000	  -5034.75885479	      0.00000000	      0.00000000
      0.77200000	      0.00000000	      0.00000000	  -3709.07383218	      0.00000000	      0.00000000	      0.00000000	  -4510.23804105	      0.00000000	      0.00000000
      0.77300000	      0.00000000	      0.00000000	  -4095.07263425	      0.00000000	      0.00000000	      0.00000000	  -4596.47820115	      0.00000000	      0.00000000
      0.77400000	      0.00000000	      0.00000000	  -2870.21813407	      0.00000000	      0.00000000	      0.00000000	  -4138.17232302	      4.33762701	      0.00000000
      0.77500000	      0.00000000	      0.00000000	  -3160.85941520	      0.00000000	      0.00000000	      0.00000000	  -4095.17160547	      0.00000000	      0.00000000
      0.77600000	      0.00000000	      0.00000000	  -4355.79260796	      0.00000000	      0.00000000	      0.00000000	  -4878.92235264	      0.00000000	      0.00000000
      0.77700000	      0.00000000	      0.00000000	  -2876.81284279	      0.00000000	      0.00000000	      0.00000000	  -3205.60569450	    213.15168971	      0.00000000
      0.77800000	      0.00000000	      0.00000000	  -3088.91259335	      0.00000000	      0.00000000	      0.00000000	  -3866.00595972	    117.94484578	      0.00000000
      0.77900000	      0.00000000	      0.00000000	  -2154.31185753	      0.00000000	      0.00000000	      0.00000000	  -2163.57390120	    235.44160158	      0.00000000
      0.78000000	      0.00000000	      0.00000000	  -4380.60958653	      0.00000000	      0.00000000	      0.00000000	  -5085.38725338	      0.00000000	      0.00000000
      0.78100000	      0.00000000	      0.00000000	  -3462.15953960	      0.00000000	      0.00000000	      0.00000000	  -4893.94734044	      0.00000000	      0.00000000
      0.78200000	      0.00000000	      0.00000000	  -3672.77492758	      0.00000000	      0.00000000	      0.00000000	  -4994.73563117	      0.00000000	      0.00000000
      0.78300000	      0.00000000	      0.00000000	  -2979.76337422	      0.00000000	      0.00000000	      0.00000000	  -3304.42596806	     79.05711860	      0.00000000
      0.78400000	      0.00000000	      0.00000000	  -2798.24771009	      0.00000000	      0.00000000	      0.00000000	  -3630.97594949	    115.26849942	      0.00000000
      0.78500000	      0.00000000	      0.00000000	  -3625.48962358	      0.00000000	      0.00000000	      0.00000000	  -4159.31729784	    113.05709884	      0.00000000
      0.78600000	      0.00000000	      0.00000000	  -4289.89133974	      0.00000000	      0.00000000	      0.00000000	  -4575.16928121	      0.00000000	      0.00000000
      0.78700000	      0.00000000	      0.00000000	  -2610.67563944	      0.00000000	      0.00000000	      0.00000000	  -3156.41534474	    132.83810466	      0.00000000
      0.78800000	      0.00000000	      0.00000000	  -2384.09251116	      0.00000000	      0.00000000	      0.00000000	  -2433.53802850	    251.57696822	      0.00000000
      0.78900000	      0.00000000	      0.00000000	  -3595.74742142	      0.00000000	      0.00000000	      0.00000000	  -4508.48325005	      0.00000000	      0.00000000
      0.79000000	      0.00000000	      0.00000000	  -2966.26296390	      0.00000000	      0.00000000	      0.00000000	  -3053.42545988	    250.24821767	      0.00000000
      0.79100000	      0.00000000	      0.00000000	  -2805.56166630	      0.00000000	      0.00000000	      0.00000000	  -3957.61917035	      0.00000000	      0.00000000
      0.79200000	      0.00000000	      0.00000000	  -3788.62493823	      0.00000000	      0.00000000	      0.00000000	  -4028.76310283	      0.00000000	      0.00000000
      0.79300000	      0.00000000	      0.00000000	  -3019.67017217	      0.00000000	      0.00000000	      0.00000000	  -2722.98712124	    162.85967901	      0.00000000
      0.79400000	      0.00000000	      0.00000000	  -3362.96164012	      0.00000000	      0.00000000	      0.00000000	  -3143.86939782	     72.84243384	      0.00000000
      0.79500000	      0.00000000	      0.00000000	  -4091.32719747	      0.00000000	      0.00000000	      0.00000000	  -4562.86486378	      0.00000000	      0.00000000
      0.79600000	      0.00000000	      0.00000000	  -1793.25906388	      0.00000000	      0.00000000	      0.00000000	  -2227.63153479	    258.14049746	      0.00000000
      0.79700000	      0.00000000	      0.00000000	  -3351.87616953	      0.00000000	      0.00000000	      0.00000000	  -4652.81710877	     11.81760661	      0.00000000
      0.79800000	      0.00000000	      0.00000000	  -1892.33368659	      0.00000000	      0.00000000	      0.00000000	  -2603.21664923	    211.76183591	      0.00000000
      0.79900000	      0.00000000	      0.00000000	  -3446.85755019	      0.00000000	      0.00000000	      0.00000000	  -3757.08783751	      0.00000000	      0.00000000
      0.80000000	      0.00000000	      0.00000000	  -3012.08196150	      0.00000000	      0.00000000	      0.00000000	  -3826.04735232	      0.00000000	      0.00000000
      0.80100000	      0.00000000	      0.00000000	  -3251.84209233	      0.00000000	      0.00000000	      0.00000000	  -4015.93861602	      0.00000000	      0.00000000
      0.80200000	      0.00000000	      0.00000000	  -2109.70972638	      0.00000000	      0.00000000	      0.00000000	  -2145.27172022	    161.14155842	      0.00000000
      0.80300000	      0.00000000	      0.00000000	  -2945.60532500	      0.00000000	      0.00000000	      0.00000000	  -2726.99668626	    269.64987771	      0.00000000
      0.80400000	      0.00000000	      0.00000000	  -1884.20438424	      0.00000000	      0.00000000	      0.00000000	  -2458.29778579	    272.52858348	      0.00000000
      0.80500000	      0.00000000	      0.00000000	  -3258.65485609	      0.00000000	      0.00000000	      0.00000000	  -3592.19272864	     90.29080628	      0.00000000
      0.80600000	      0.00000000	      0.00000000	  -2307.13655193	      0.00000000	      0.00000000	      0.00000000	  -2634.19790138	    160.72778523	      0.00000000
      0.80700000	      0.00000000	      0.00000000	  -3609.73612256	      0.00000000	      0.00000000	      0.00000000	  -4582.57564324	      0.00000000	      0.00000000
      0.80800000	      0.00000000	      0.00000000	  -3173.07630679	      0.00000000	      0.00000000	      0.00000000	  -3324.65030076	    107.43910154	      0.00000000
      0.80900000	      0.00000000	      0.00000000	  -3212.27369726	      0.00000000	      0.00000000	      0.00000000	  -4787.85816099	      0.00000000	      0.00000000
      0.81000000	      0.00000000	      0.00000000	  -3362.15847970	      0.00000000	      0.00000000	      0.00000000	  -3980.69274487	     37.49839778	      0.00000000
      0.81100000	      0.00000000	      0.00000000	  -1753.30552473	      0.00000000	      0.00000000	      0.00000000	  -2266.59495726	    201.85614689	      0.00000000
      0.81200000	      0.00000000	      0.00000000	  -3102.55589547	      0.00000000	      0.00000000	      0.00000000	  -4148.84127096	     48.92270909	      0.00000000
      0.81300000	      0.00000000	      0.00000000	  -3166.89631878	      0.00000000	      0.00000000	      0.00000000	  -4429.11786053	     31.58781083	      0.00000000
      0.81400000	      0.00000000	      0.00000000	  -2586.33839902	      0.00000000	      0.00000000	      0.00000000	  -3221.73838029	    240.07703668	      0.00000000
      0.81500000	      0.00000000	      0.00000000	  -3757.84559837	      0.00000000	      0.00000000	      0.00000000	  -3932.31473198	     64.66390909	      0.00000000
      0.81600000	      0.00000000	      0.00000000	  -3455.85006128	      0.00000000	      0.00000000	      0.00000000	  -3417.26190907	     19.01663466	      0.00000000
      0.81700000	      0.00000000	      0.00000000	  -3392.23971615	      0.00000000	      0.00000000	      0.00000000	  -4708.33588314	     13.70785957	      0.00000000
      0.81800000	      0.00000000	      0.00000000	  -4242.65673879	      0.00000000	      0.00000000	      0.00000000	  -4988.56805127	      0.00000000	      0.00000000
      0.81900000	      0.00000000	      0.00000000	  -2963.86308023	      0.00000000	      0.00000000	      0.00000000	  -3231.94795348	    194.22167441	      0.00000000
      0.82000000	      0.00000000	      0.00000000	  -4338.88854489	      0.00000000	      0.00000000	      0.00000000	  -4761.98223006	      0.00000000	      0.00000000
      0.82100000	      0.00000000	      0.00000000	  -2558.92130756	      0.00000000	      0.00000000	      0.00000000	  -3255.58121044	    159.36728430	      0.00000000
      0.82200000	      0.00000000	      0.00000000	  -3822.40967833	      0.00000000	      0.00000000	      0.00000000	  -4286.76424232	      0.00000000	      0.00000000
      0.82300000	      0.00000000	      0.00000000	  -3224.51673859	      0.00000000	      0.00000000	      0.00000000	  -3257.27638172	    256.64472151	      0.00000000
      0.82400000	      0.00000000	      0.00000000	  -3737.28654691	      0.00000000	      0.00000000	      0.00000000	  -4488.55563707	      0.00000000	      0.00000000
      0.82500000	      0.00000000	      0.00000000	  -3231.47778092	      0.00000000	      0.00000000	      0.00000000	  -4696.15481670	      0.00000000	      0.00000000
      0.82600000	      0.00000000	      0.00000000	  -3630.54033914	      0.00000000	      0.00000000	      0.00000000	  -4594.82164840	      0.00000000	      0.00000000
      0.82700000	      0.00000000	      0.00000000	  -2890.81528268	      0.00000000	      0.00000000	      0.00000000	  -3053.93630713	     84.67179925	      0.00000000
      0.82800000	      0.00000000	      0.00000000	  -3398.70153676	      0.00000000	      0.00000000	      0.00000000	  -3335.34969425	    114.69038653	      0.00000000
      0.82900000	      0.00000000	      0.00000000	  -3017.27096223	      0.00000000	      0.00000000	      0.00000000	  -4458.30933574	      0.00000000	      0.00000000
      0.83000000	      0.00000000	      0.00000000	  -3107.11061590	      0.00000000	      0.00000000	      0.00000000	  -3217.96410421	    260.44996351	      0.00000000
      0.83100000	      0.00000000	      0.00000000	  -4107.07147355	      0.00000000	      0.00000000	      0.00000000	  -4539.89808274	      0.00000000	      0.00000000
      0.83200000	      0.00000000	      0.00000000	  -2238.14567852	      0.00000000	      0.00000000	      0.00000000	  -2728.55298495	    264.26975181	      0.00000000
      0.83300000	      0.00000000	      0.00000000	  -1817.38302916	      0.00000000	      0.00000000	      0.00000000	  -2124.42804619	    272.38970295	      0.00000000
      0.83400000	      0.00000000	      0.00000000	  -3264.85287279	      0.00000000	      0.00000000	      0.00000000	  -4197.59094822	      0.00000000	      0.00000000
      0.83500000	      0.00000000	      0.00000000	  -2517.99810618	      0.00000000	      0.00000000	      0.00000000	  -3553.11667907	    118.40497947	      0.00000000
      0.83600000	      0.00000000	      0.00000000	  -2657.99878945	      0.00000000	      0.00000000	      0.00000000	  -3316.10138600	    171.72293252	      0.00000000
      0.83700000	      0.00000000	      0.00000000	  -3517.09151205	      0.00000000	      0.00000000	      0.00000000	  -3808.64681988	      4.72357118	      0.00000000
      0.83800000	      0.00000000	      0.00000000	  -3318.70351928	      0.00000000	      0.00000000	      0.00000000	  -4993.79278415	      0.00000000	      0.00000000
      0.83900000	      0.00000000	      0.00000000	  -3678.71856493	      0.00000000	      0.00000000	      0.00000000	  -4496.65624047	      0.00000000	      0.00000000
      0.84000000	      0.00000000	      0.00000000	  -3472.14787766	      0.00000000	      0.00000000	      0.00000000	  -4368.58144539	     80.34856444	      0.00000000
      0.84100000	      0.00000000	      0.00000000	  -2076.92966035	      0.00000000	      0.00000000	      0.00000000	  -2771.55561525	    251.87196896	      0.00000000
      0.84200000	      0.00000000	      0.00000000	  -3892.88893580	      0.00000000	      0.00000000	      0.00000000	  -4550.27297775	      2.96297638	      0.00000000
      0.84300000	      0.00000000	      0.00000000	  -3762.38289415	      0.00000000	      0.00000000	      0.00000000	  -4065.92862990	     96.78764955	      0.00000000
      0.84400000	      0.00000000	      0.00000000	  -2676.48171526	      0.00000000	      0.00000000	      0.00000000	  -3643.80175760	     81.86867366	      0.00000000
      0.84500000	      0.00000000	      0.00000000	  -2787.54319547	      0.00000000	      0.00000000	      0.00000000	  -2405.66223808	    317.93828698	      0.00000000
      0.84600000	      0.00000000	      0.00000000	  -3112.08887155	      0.00000000	      0.00000000	      0.00000000	  -4282.64801081	     12.86534319	      0.00000000
      0.84700000	      0.00000000	      0.00000000	  -3000.09841696	      0.00000000	      0.00000000	      0.00000000	  -3292.40015381	    232.06806356	      0.00000000
      0.84800000	      0.00000000	      0.00000000	  -1709.65745724	      0.00000000	      0.00000000	      0.00000000	  -2313.85328579	    193.16949031	      0.00000000
      0.84900000	      0.00000000	      0.00000000	  -3354.12567706	      0.00000000	      0.00000000	      0.00000000	  -4083.30732479	      8.25255216	      0.00000000
      0.85000000	      0.00000000	      0.00000000	  -3771.04519872	      0.00000000	      0.00000000	      0.00000000	  -4550.36465960	      0.00000000	      0.00000000
      0.85100000	      0.00000000	      0.00000000	  -3560.43584032	      0.00000000	      0.00000000	      0.00000000	  -4234.53242942	      0.00000000	      0.00000000
      0.85200000	      0.00000000	      0.00000000	  -3358.23626755	      0.00000000	      0.00000000	      0.00000000	  -3402.59092743	    237.79390303	      0.00000000
      0.85300000	      0.00000000	      0.00000000	  -3516.31510733	      0.00000000	      0.00000000	      0.00000000	  -4713.03419421	      0.00000000	      0.00000000
      0.85400000	      0.00000000	      0.00000000	  -3267.25795644	      0.00000000	      0.00000000	      0.00000000	  -4358.53070837	      0.00000000	      0.00000000
      0.85500000	      0.00000000	      0.00000000	  -2462.69294054	      0.00000000	      0.00000000	      0.00000000	  -3684.48229352	     18.63215328	      0.00000000
      0.85600000	      0.00000000	      0.00000000	  -2377.95289692	      0.00000000	      0.00000000	      0.00000000	  -2023.95308698	    246.84189331	      0.00000000
      0.85700000	      0.00000000	      0.00000000	  -1852.57958030	      0.00000000	      0.00000000	      0.00000000	  -2766.98978505	    234.35612165	      0.00000000
      0.85800000	      0.00000000	      0.00000000	  -3869.81464093	      0.00000000	      0.00000000	      0.00000000	  -4873.75676683	      0.00000000	      0.00000000
      0.85900000	      0.00000000	      0.00000000	  -4103.14655459	      0.00000000	      0.00000000	      0.00000000	  -4467.63805651	     13.36870401	      0.00000000
      0.86000000	      0.00000000	      0.00000000	  -2982.70795464	      0.00000000	      0.00000000	      0.00000000	  -3429.99478080	    114.76826951	      0.00000000
      0.86100000	      0.00000000	      0.00000000	  -3535.99708912	      0.00000000	      0.00000000	      0.00000000	  -3888.43631198	    156.49313596	      0.00000000
      0.86200000	      0.00000000	      0.00000000	  -3885.00470440	      0.00000000	      0.00000000	      0.00000000	  -4702.64945171	     17.50320282	      0.00000000
      0.86300000	      0.00000000	      0.00000000	  -2361.73346297	      0.00000000	      0.00000000	      0.00000000	  -3197.82974735	    250.98992577	      0.00000000
      0.86400000	      0.00000000	      0.00000000	  -3613.69622621	      0.00000000	      0.00000000	      0.00000000	  -4662.33897062	      0.00000000	      0.00000000
      0.86500000	      0.00000000	      0.00000000	  -3750.47445596	      0.00000000	      0.00000000	      0.00000000	  -4954.07840198	      0.00000000	      0.00000000
      0.86600000	      0.00000000	      0.00000000	  -3312.22500223	      0.00000000	      0.00000000	      0.00000000	  -3458.54228660	     36.29134514	      0.00000000
      0.86700000	      0.00000000	      0.00000000	  -3250.34965471	      0.00000000	      0.00000000	      0.00000000	  -4054.78089376	     11.58483458	      0.00000000
      0.86800000	      0.00000000	      0.00000000	  -1703.15145390	      0.00000000	      0.00000000	      0.00000000	  -2333.05371563	    146.80940264	      0.00000000
      0.86900000	      0.00000000	      0.00000000	  -3865.75697784	      0.00000000	      0.00000000	      0.00000000	  -4504.19632175	      0.00000000	      0.00000000
      0.87000000	      0.00000000	      0.00000000	  -1967.00669263	      0.00000000	      0.00000000	      0.00000000	  -2807.33542382	    286.00168572	      0.00000000
      0.87100000	      0.00000000	      0.00000000	  -2307.87266040	      0.00000000	      0.00000000	      0.00000000	  -3137.20829973	    153.60444649	      0.00000000
      0.87200000	      0.00000000	      0.00000000	  -1832.34715263	      0.00000000	      0.00000000	      0.00000000	  -2215.85125715	    205.34910269	      0.00000000
      0.87300000	      0.00000000	      0.00000000	  -3530.31546206	      0.00000000	      0.00000000	      0.00000000	  -4065.62455747	     54.92894767	      0.00000000
      0.87400000	      0.00000000	      0.00000000	  -2357.71008544	      0.00000000	      0.00000000	      0.00000000	  -3350.16031515	    188.85654715	      0.00000000
      0.87500000	      0.00000000	      0.00000000	  -3367.29343989	      0.00000000	      0.00000000	      0.00000000	  -4087.33351854	     33.15984513	      0.00000000
      0.87600000	      0.00000000	      0.00000000	  -2801.64499120	      0.00000000	      0.00000000	      0.00000000	  -3579.33896110	     27.18236457	      0.00000000
      0.87700000	      0.00000000	      0.00000000	  -2046.56968460	      0.00000000	      0.00000000	      0.00000000	  -2590.76107823	    270.33545781	      0.00000000
      0.87800000	      0.00000000	      0.00000000	  -3483.00745193	      0.00000000	      0.00000000	      0.00000000	  -3642.42165189	    164.02734272	      0.00000000
      0.87900000	      0.00000000	      0.00000000	  -1912.39704953	      0.00000000	      0.00000000	      0.00000000	  -2450.31181410	    268.15256693	      0.00000000
      0.88000000	      0.00000000	      0.00000000	  -2271.40860331	      0.00000000	      0.00000000	      0.00000000	  -3484.85435856	    200.87751170	      0.00000000
      0.88100000	      0.00000000	      0.00000000	  -2810.88271970	      0.00000000	      0.00000000	      0.00000000	  -3450.61063339	    246.25469544	      0.00000000
      0.88200000	      0.00000000	      0.00000000	  -3695.90715702	      0.00000000	      0.00000000	      0.00000000	  -4170.24235465	      0.00000000	      0.00000000
      0.88300000	      0.00000000	      0.00000000	  -2762.99407630	      0.00000000	      0.00000000	      0.00000000	  -3419.94556462	    222.44490813	      0.00000000
      0.88400000	      0.00000000	      0.00000000	  -2177.80079022	      0.00000000	      0.00000000	      0.00000000	  -2633.63554152	    113.07823555	      0.00000000
      0.88500000	      0.00000000	      0.00000000	  -4037.49677078	      0.00000000	      0.00000000	      0.00000000	  -4773.20057264	      0.00000000	      0.00000000
      0.88600000	      0.00000000	      0.00000000	  -2947.60437972	      0.00000000	      0.00000000	      0.00000000	  -4431.88350273	     12.48891985	      0.00000000
      0.88700000	      0.00000000	      0.00000000	  -4365.43070965	      0.00000000	      0.00000000	      0.00000000	  -5062.83140643	      0.00000000	      0.00000000
      0.88800000	      0.00000000	      0.00000000	  -2625.88471439	      0.00000000	      0.00000000	      0.00000000	  -3428.83102105	     49.91207001	      0.00000000
      0.88900000	      0.00000000	      0.00000000	  -2215.97890653	      0.00000000	      0.00000000	      0.00000000	  -2230.94775277	    166.51223436	      0.00000000
      0.89000000	      0.00000000	      0.00000000	  -3400.22077573	      0.00000000	      0.00000000	      0.00000000	  -3915.50459673	     60.29131714	      0.00000000
      0.89100000	      0.00000000	      0.00000000	  -2053.40875688	      0.00000000	      0.00000000	      0.00000000	  -2070.18004557	    259.72776608	      0.00000000
      0.89200000	      0.00000000	      0.00000000	  -2791.20861378	      0.00000000	      0.00000000	      0.00000000	  -4353.58932171	      0.00000000	      0.00000000
      0.89300000	      0.00000000	      0.00000000	  -2022.60113254	      0.00000000	      0.00000000	      0.00000000	  -2769.65988487	    153.83576520	      0.00000000
      0.89400000	      0.00000000	      0.00000000	  -4151.13660056	      0.00000000	      0.00000000	      0.00000000	  -4605.82928134	      0.00000000	      0.00000000
      0.89500000	      0.00000000	      0.00000000	  -3495.16604831	      0.00000000	      0.00000000	      0.00000000	  -4147.02758551	     11.71187967	      0.00000000
      0.89600000	      0.00000000	      0.00000000	  -3228.60409215	      0.00000000	      0.00000000	      0.00000000	  -3947.31015559	    112.91753131	      0.00000000
      0.89700000	      0.00000000	      0.00000000	  -2760.98965852	      0.00000000	      0.00000000	      0.00000000	  -3860.74014900	     20.94562192	      0.00000000
      0.89800000	      0.00000000	      0.00000000	  -3149.74928036	      0.00000000	      0.00000000	      0.00000000	  -4577.26114296	      0.00000000	      0.00000000
      0.89900000	      0.00000000	      0.00000000	  -3897.87957007	      0.00000000	      0.00000000	      0.00000000	  -4542.86614529	      0.00000000	      0.00000000
      0.90000000	      0.00000000	      0.00000000	  -3376.37353899	      0.00000000	      0.00000000	      0.00000000	  -5107.49522160	      0.00000000	      0.00000000
      0.90100000	      0.00000000	      0.00000000	  -3500.76287964	      0.00000000	      0.00000000	      0.00000000	  -4527.93140602	      0.00000000	      0.00000000
      0.90200000	      0.00000000	      0.00000000	  -2623.85289949	      0.00000000	      0.00000000	      0.00000000	  -3348.70627601	     63.43368619	      0.00000000
      0.90300000	      0.00000000	      0.00000000	  -3362.07641444	      0.00000000	      0.00000000	      0.00000000	  -4015.93426019	     65.65216484	      0.00000000
      0.90400000	      0.00000000	      0.00000000	  -3777.43182420	      0.00000000	      0.00000000	      0.00000000	  -4391.10994845	      0.00000000	      0.00000000
      0.90500000	      0.00000000	      0.00000000	  -2059.33254772	      0.00000000	      0.00000000	      0.00000000	  -2878.22823223	    200.89328402	      0.00000000
      0.90600000	      0.00000000	      0.00000000	  -2248.27215598	      0.00000000	      0.00000000	      0.00000000	  -3004.68154654	     67.16251810	      0.00000000
      0.90700000	      0.00000000	      0.00000000	  -2387.16286746	      0.00000000	      0.00000000	      0.00000000	  -3824.00713666	    131.90287183	      0.00000000
      0.90800000	      0.00000000	      0.00000000	  -3033.28492133	      0.00000000	      0.00000000	      0.00000000	  -4812.51120208	      0.00000000	      0.00000000
      0.90900000	      0.00000000	      0.00000000	  -1870.22465286	      0.00000000	      0.00000000	      0.00000000	  -2179.46585139	    168.49707867	      0.00000000
      0.91000000	      0.00000000	      0.00000000	  -2975.02800205	      0.00000000	      0.00000000	      0.00000000	  -3308.25931399	    153.33232599	      0.00000000
      0.91100000	      0.00000000	      0.00000000	  -2561.66178236	      0.00000000	      0.00000000	      0.00000000	  -2288.76060760	    237.13553775	      0.00000000
      0.91200000	      0.00000000	      0.00000000	  -3540.87072995	      0.00000000	      0.00000000	      0.00000000	  -4408.26352184	     30.37707422	      0.00000000
      0.91300000	      0.00000000	      0.00000000	  -3674.59981480	      0.00000000	      0.00000000	      0.00000000	  -4362.73449002	      0.00000000	      0.00000000
      0.91400000	      0.00000000	      0.00000000	  -2978.93927789	      0.00000000	      0.00000000	      0.00000000	  -4560.83967665	      0.00000000	      0.00000000
      0.91500000	      0.00000000	      0.00000000	  -2091.59942450	      0.00000000	      0.00000000	      0.00000000	  -2190.18673339	    324.36631666	      0.00000000
      0.91600000	      0.00000000	      0.00000000	  -3053.67319692	      0.00000000	      0.00000000	      0.00000000	  -2997.73855026	    275.12065677	      0.00000000
      0.91700000	      0.00000000	      0.00000000	  -2759.35109444	      0.00000000	      0.00000000	      0.00000000	  -4193.72541423	     42.15743188	      0.00000000
      0.91800000	      0.00000000	      0.00000000	  -2578.98732343	      0.00000000	      0.00000000	      0.00000000	  -2578.67190650	    223.45687874	      0.00000000
      0.91900000	      0.00000000	      0.00000000	  -3076.97718949	      0.00000000	      0.00000000	      0.00000000	  -3832.44607020	    175.45338314	      0.00000000
      0.92000000	      0.00000000	      0.00000000	  -2934.66478176	      0.00000000	      0.00000000	      0.00000000	  -4364.13538264	      1.97643966	      0.00000000
      0.92100000	      0.00000000	      0.00000000	  -2818.99412168	      0.00000000	      0.00000000	      0.00000000	  -3998.85653256	      0.49494612	      0.00000000
      0.92200000	      0.00000000	      0.00000000	  -3805.05450676	      0.00000000	      0.00000000	      0.00000000	  -5042.04598208	      0.00000000	      0.00000000
      0.92300000	      0.00000000	      0.00000000	  -2301.55268868	      0.00000000	      0.00000000	      0.00000000	  -3013.15046396	    214.94437649	      0.00000000
      0.92400000	      0.00000000	      0.00000000	  -3237.98498891	      0.00000000	      0.00000000	      0.00000000	  -4601.16133852	      0.00000000	      0.00000000
      0.92500000	      0.00000000	      0.00000000	  -3713.89366721	      0.00000000	      0.00000000	      0.00000000	  -4195.97558155	    117.26253220	      0.00000000
      0.92600000	      0.00000000	      0.00000000	  -2944.77368710	      0.00000000	      0.00000000	      0.00000000	  -3986.97230016	     25.53439887	      0.00000000
      0.92700000	      0.00000000	      0.00000000	  -3633.73139884	      0.00000000	      0.00000000	      0.00000000	  -4909.87531503	      0.00000000	      0.00000000
      0.92800000	      0.00000000	      0.00000000	  -3769.95338193	      0.00000000	      0.00000000	      0.00000000	  -4523.88963127	      0.00000000	      0.00000000
      0.92900000	      0.00000000	      0.00000000	  -3157.92709442	      0.00000000	      0.00000000	      0.00000000	  -3684.65082900	    165.24938531	      0.00000000
      0.93000000	      0.00000000	      0.00000000	  -2113.58350688	      0.00000000	      0.00000000	      0.00000000	  -3050.94513137	    179.11080926	      0.00000000
      0.93100000	      0.00000000	      0.00000000	  -2253.71941633	      0.00000000	      0.00000000	      0.00000000	  -2388.73342090	    330.86110535	      0.00000000
      0.93200000	      0.00000000	      0.00000000	  -3826.29267276	      0.00000000	      0.00000000	      0.00000000	  -4481.76018545	      0.00000000	      0.00000000
      0.93300000	      0.00000000	      0.00000000	  -3686.70490303	      0.00000000	      0.00000000	      0.00000000	  -4204.41012931	      0.00000000	      0.00000000
      0.93400000	      0.00000000	      0.00000000	  -1689.94765986	      0.00000000	      0.00000000	      0.00000000	  -2118.71925121	    164.69193737	      0.00000000
      0.93500000	      0.00000000	      0.00000000	  -3405.21959681	      0.00000000	      0.00000000	      0.00000000	  -4021.72843470	    128.74468025	      0.00000000
      0.93600000	      0.00000000	      0.00000000	  -4245.78707306	      0.00000000	      0.00000000	      0.00000000	  -4933.82682794	      0.00000000	      0.00000000
      0.93700000	      0.00000000	      0.00000000	  -2940.41759164	      0.00000000	      0.00000000	      0.00000000	  -3656.34227054	    203.63988868	      0.00000000
      0.93800000	      0.00000000	      0.00000000	  -3376.28144607	      0.00000000	      0.00000000	      0.00000000	  -4381.06035683	     28.50368720	      0.00000000
      0.93900000	      0.00000000	      0.00000000	  -1737.52989139	      0.00000000	      0.00000000	      0.00000000	  -2619.95700581	    292.20765855	      0.00000000
      0.94000000	      0.00000000	      0.00000000	  -3206.39515922	      0.00000000	      0.00000000	      0.00000000	  -4978.74918848	      0.00000000	      0.00000000
      0.94100000	      0.00000000	      0.00000000	  -3000.01059337	      0.00000000	      0.00000000	      0.00000000	  -3834.92105751	     26.61396311	      0.00000000
      0.94200000	      0.00000000	      0.00000000	  -2926.31393149	      0.00000000	      0.00000000	      0.00000000	  -4257.41043511	     30.87276489	      0.00000000
      0.94300000	      0.00000000	      0.00000000	  -2623.42745352	      0.00000000	      0.00000000	      0.00000000	  -3603.71011560	     30.03173302	      0.00000000
      0.94400000	      0.00000000	      0.00000000	  -3166.81122061	      0.00000000	      0.00000000	      0.00000000	  -4218.16530256	      0.00000000	      0.00000000
      0.94500000	      0.00000000	      0.00000000	  -3786.61213177	      0.00000000	      0.00000000	      0.00000000	  -4742.87636845	      0.00000000	      0.00000000
      0.94600000	      0.00000000	      0.00000000	  -1612.49079801	      0.00000000	      0.00000000	      0.00000000	  -2519.70497741	    174.04599560	      0.00000000
      0.94700000	      0.00000000	      0.00000000	  -2677.09871097	      0.00000000	      0.00000000	      0.00000000	  -2531.70853746	    226.85633240	      0.00000000
      0.94800000	      0.00000000	      0.00000000	  -2044.88362576	      0.00000000	      0.00000000	      0.00000000	  -2920.85703944	    207.23138153	      0.00000000
      0.94900000	      0.00000000	      0.00000000	  -2187.72802303	      0.00000000	      0.00000000	      0.00000000	  -3334.88148383	    255.81073834	      0.00000000
      0.95000000	      0.00000000	      0.00000000	  -2105.65494490	      0.00000000	      0.00000000	      0.00000000	  -3392.90248932	     65.11499000	      0.00000000
      0.95100000	      0.00000000	      0.00000000	  -3898.36315197	      0.00000000	      0.00000000	      0.00000000	  -4657.86834071	      0.00000000	      0.00000000
      0.95200000	      0.00000000	      0.00000000	  -2307.46594975	      0.00000000	      0.00000000	      0.00000000	  -2661.89621429	    302.63595957	      0.00000000
      0.95300000	      0.00000000	      0.00000000	  -3247.25537042	      0.00000000	      0.00000000	      0.00000000	  -3592.60676391	    160.42228505	      0.00000000
      0.95400000	      0.00000000	      0.00000000	  -3209.75014068	      0.00000000	      0.00000000	      0.00000000	  -4540.58632998	      0.00000000	      0.00000000
      0.95500000	      0.00000000	      0.00000000	  -3591.18404619	      0.00000000	      0.00000000	      0.00000000	  -3974.05006197	     80.05053956	      0.00000000
      0.95600000	      0.00000000	      0.00000000	  -2044.90975949	      0.00000000	      0.00000000	      0.00000000	  -2916.74774249	    158.68036530	      0.00000000
      0.95700000	      0.00000000	      0.00000000	  -2731.97278888	      0.00000000	      0.00000000	      0.00000000	  -4310.43125242	     44.16103068	      0.00000000
      0.95800000	      0.00000000	      0.00000000	  -2454.24330643	      0.00000000	      0.00000000	      0.00000000	  -3963.03284790	      0.00000000	      0.00000000
      0.95900000	      0.00000000	      0.00000000	  -2924.93570143	      0.00000000	      0.00000000	      0.00000000	  -4701.06106926	      0.00000000	      0.00000000
      0.96000000	      0.00000000	      0.00000000	  -3763.66089757	      0.00000000	      0.00000000	      0.00000000	  -4664.77890399	      0.00000000	      0.00000000
      0.96100000	      0.00000000	      0.00000000	  -3748.40460335	      0.00000000	      0.00000000	      0.00000000	  -4748.39429610	     14.85433026	      0.00000000
      0.96200000	      0.00000000	      0.00000000	  -1703.38903136	      0.00000000	      0.00000000	      0.00000000	  -2086.27396061	    194.54949225	      0.00000000
      0.96300000	      0.00000000	      0.00000000	  -2491.70276309	      0.00000000	      0.00000000	      0.00000000	  -3260.14761744	    171.17589573	      0.00000000
      0.96400000	      0.00000000	      0.00000000	  -3829.25567485	      0.00000000	      0.00000000	      0.00000000	  -4645.92808131	      0.00000000	      0.00000000
      0.96500000	      0.00000000	      0.00000000	  -3546.18121188	      0.00000000	      0.00000000	      0.00000000	  -4279.83652028	      0.00000000	      0.00000000
      0.96600000	      0.00000000	      0.00000000	  -3700.91914802	      0.00000000	      0.00000000	      0.00000000	  -4224.21941443	    111.36721395	      0.00000000
      0.96700000	      0.00000000	      0.00000000	  -2170.58124157	      0.00000000	      0.00000000	      0.00000000	  -2926.94817239	    123.82564643	      0.00000000
      0.96800000	      0.00000000	      0.00000000	  -2537.09265926	      0.00000000	      0.00000000	      0.00000000	  -3004.50112922	    278.83452231	      0.00000000
      0.96900000	      0.00000000	      0.00000000	  -2773.12329615	      0.00000000	      0.00000000	      0.00000000	  -3482.54261326	    116.86011617	      0.00000000
      0.97000000	      0.00000000	      0.00000000	  -2394.72270573	      0.00000000	      0.00000000	      0.00000000	  -3996.05215656	     17.16691085	      0.00000000
      0.97100000	      0.00000000	      0.00000000	  -3585.02172920	      0.00000000	      0.00000000	      0.00000000	  -4829.59627879	      0.00000000	      0.00000000
      0.97200000	      0.00000000	      0.00000000	  -2591.24173756	      0.00000000	      0.00000000	      0.00000000	  -3959.81511793	    132.54118524	      0.00000000
      0.97300000	      0.00000000	      0.00000000	  -2041.37055885	      0.00000000	      0.00000000	      0.00000000	  -2527.24148637	    233.12887817	      0.00000000
      0.97400000	      0.00000000	      0.00000000	  -1519.78125893	      0.00000000	      0.00000000	      0.00000000	  -2074.29123572	    222.00541677	      0.00000000
      0.97500000	      0.00000000	      0.00000000	  -2019.11324517	      0.00000000	      0.00000000	      0.00000000	  -3131.62944606	    275.80759371	      0.00000000
      0.97600000	      0.00000000	      0.00000000	  -2032.07711449	      0.00000000	      0.00000000	      0.00000000	  -2398.89035276	    222.11645204	      0.00000000
      0.97700000	      0.00000000	      0.00000000	  -3587.55337581	      0.00000000	      0.00000000	      0.00000000	  -5041.63370452	      0.00000000	      0.00000000
      0.97800000	      0.00000000	      0.00000000	  -1434.52811017	      0.00000000	      0.00000000	      0.00000000	  -1962.85471104	    244.45955868	      0.00000000
      0.97900000	      0.00000000	      0.00000000	  -2220.67722630	      0.00000000	      0.00000000	      0.00000000	  -2420.72006693	    319.69488843	      0.00000000
      0.98000000	      0.00000000	      0.00000000	  -2528.47614687	      0.00000000	      0.00000000	      0.00000000	  -3421.44659318	    252.26862785	      0.00000000
      0.98100000	      0.00000000	      0.00000000	  -2849.21289964	      0.00000000	      0.00000000	      0.00000000	  -4429.52512388	      3.65198644	      0.00000000
      0.98200000	      0.00000000	      0.00000000	  -2152.98898552	      0.00000000	      0.00000000	      0.00000000	  -3413.76362231	     51.03163515	      0.00000000
      0.98300000	      0.00000000	      0.00000000	  -3283.15036285	      0.00000000	      0.00000000	      0.00000000	  -4625.19117308	      0.00000000	      0.00000000
      0.98400000	      0.00000000	      0.00000000	  -3386.57090433	      0.00000000	      0.00000000	      0.00000000	  -3900.45595468	     10.05847306	      0.00000000
      0.98500000	      0.00000000	      0.00000000	  -1920.11294742	      0.00000000	      0.00000000	      0.00000000	  -2682.74590277	    198.02984771	      0.00000000
      0.98600000	      0.00000000	      0.00000000	  -3189.52432383	      0.00000000	      0.00000000	      0.00000000	  -4509.60842978	      0.00000000	      0.00000000
      0.98700000	      0.00000000	      0.00000000	  -2190.02798926	      0.00000000	      0.00000000	      0.00000000	  -3436.73120724	     42.84838685	      0.00000000
      0.98800000	      0.00000000	      0.00000000	  -2925.31093931	      0.00000000	      0.00000000	      0.00000000	  -3915.90457334	     50.59185357	      0.00000000
      0.98900000	      0.00000000	      0.00000000	  -2956.88601680	      0.00000000	      0.00000000	      0.00000000	  -3472.47397003	    190.55235574	      0.00000000
      0.99000000	      0.00000000	      0.00000000	  -2911.97995401	      0.00000000	      0.00000000	      0.00000000	  -3273.07847385	     56.55252437	      0.00000000
      0.99100000	      0.00000000	      0.00000000	  -3414.02828950	      0.00000000	      0.00000000	      0.00000000	  -4536.55344225	      0.00000000	      0.00000000
      0.99200000	      0.00000000	      0.00000000	  -3754.70782526	      0.00000000	      0.00000000	      0.00000000	  -4780.18319585	      0.00000000	      0.00000000
      0.99300000	      0.00000000	      0.00000000	  -3929.90870785	      0.00000000	      0.00000000	      0.00000000	  -4587.27105539	     35.08133448	      0.00000000
      0.99400000	      0.00000000	      0.00000000	  -2643.48325315	      0.00000000	      0.00000000	      0.00000000	  -4431.31153512	     56.43171349	      0.00000000
      0.99500000	      0.00000000	      0.00000000	  -1918.78210536	      0.00000000	      0.00000000	      0.00000000	  -2771.03979668	    330.48645689	      0.00000000
      0.99600000	      0.00000000	      0.00000000	  -4140.06800259	      0.00000000	      0.00000000	      0.00000000	  -4913.28978610	      0.00000000	      0.00000000
      0.99700000	      0.00000000	      0.00000000	  -3634.42871421	      0.00000000	      0.00000000	      0.00000000	  -4786.23152174	      0.00000000	      0.00000000
      0.99800000	      0.00000000	      0.00000000	  -3262.64280255	      0.00000000	      0.00000000	      0.00000000	  -3856.65938929	     81.62530701	      0.00000000
      0.99900000	      0.00000000	      0.00000000	  -1604.91909899	      0.00000000	      0.00000000	      0.00000000	  -2732.81461973	    175.31950873	      0.00000000
      1.00000000	      0.00000000	      0.00000000	  -1938.65240315	      0.00000000	      0.00000000	      0.00000000	  -3156.94001842	    174.60521663	      0.00000000
      1.00100000	      0.00000000	      0.00000000	  -3781.86885340	      0.00000000	      0.00000000	      0.00000000	  -4716.57184558	      0.00000000	      0.00000000
      1.00200000	      0.00000000	      0.00000000	  -3665.82008617	      0.00000000	      0.00000000	      0.00000000	  -4339.38674914	      2.83210154	      0.00000000
      1.00300000	      0.00000000	      0.00000000	  -1763.55341117	      0.00000000	      0.00000000	      0.00000000	  -2773.40929376	    147.59713384	      0.00000000
      1.00400000	      0.00000000	      0.00000000	  -2837.11912914	      0.00000000	      0.00000000	      0.00000000	  -4710.80477353	      0.00000000	      0.00000000
      1.00500000	      0.00000000	      0.00000000	  -2585.00360444	      0.00000000	      0.00000000	      0.00000000	  -3583.72193586	     80.87688708	      0.00000000
      1.00600000	      0.00000000	      0.00000000	  -1636.66032946	      0.00000000	      0.00000000	      0.00000000	  -2831.28656476	    319.81610374	      0.00000000
      1.00700000	      0.00000000	      0.00000000	  -3389.40590610	      0.00000000	      0.00000000	      0.00000000	  -4272.48040153	     40.23837476	      0.00000000
      1.00800000	      0.00000000	      0.00000000	  -2633.47239619	      0.00000000	      0.00000000	      0.00000000	  -3209.61905435	    120.42760157	      0.00000000
      1.00900000	      0.00000000	      0.00000000	  -2385.91009261	      0.00000000	      0.00000000	      0.00000000	  -2956.15172133	    279.45930229	      0.00000000
      1.01000000	      0.00000000	      0.00000000	  -3395.58814092	      0.00000000	      0.00000000	      0.00000000	  -5012.55844497	      0.00000000	      0.00000000
      1.01100000	      0.00000000	      0.00000000	  -2019.84691314	      0.00000000	      0.00000000	      0.00000000	  -3149.27971308	    165.38228243	      0.00000000
      1.01200000	      0.00000000	      0.00000000	  -2874.27110944	      0.00000000	      0.00000000	      0.00000000	  -3223.28272721	    104.06499442	      0.00000000
      1.01300000	      0.00000000	      0.00000000	  -2770.95196789	      0.00000000	      0.00000000	      0.00000000	  -3090.31477386	    204.97116438	      0.00000000
      1.01400000	      0.00000000	      0.00000000	  -3623.57393678	      0.00000000	      0.00000000	      0.00000000	  -4621.61403869	      0.00000000	      0.00000000
      1.01500000	      0.00000000	      0.00000000	  -3498.14996147	      0.00000000	      0.00000000	      0.00000000	  -4053.49545639	      0.00000000	      0.00000000
      1.01600000	      0.00000000	      0.00000000	  -2743.97828822	      0.00000000	      0.00000000	      0.00000000	  -4269.56219438	     94.75774061	      0.00000000
      1.01700000	      0.00000000	      0.00000000	  -2429.65543831	      0.00000000	      0.00000000	      0.00000000	  -4195.41145762	     45.32184946	      0.00000000
      1.01800000	      0.00000000	      0.00000000	  -1618.27805966	      0.00000000	      0.00000000	      0.00000000	  -2697.05470482	    294.27496058	      0.00000000
      1.01900000	      0.00000000	      0.00000000	  -2818.84549132	      0.00000000	      0.00000000	      0.00000000	  -3783.05615345	     60.90651135	      0.00000000
      1.02000000	      0.00000000	      0.00000000	  -2954.94592264	      0.00000000	      0.00000000	      0.00000000	  -3831.64172609	    177.11917885	      0.00000000
      1.02100000	      0.00000000	      0.00000000	  -3119.66597000	      0.00000000	      0.00000000	      0.00000000	  -4618.42177075	      0.00000000	      0.00000000
      1.02200000	      0.00000000	      0.00000000	  -1605.29732497	      0.00000000	      0.00000000	      0.00000000	  -2059.92719544	    258.11039547	      0.00000000
      1.02300000	      0.00000000	      0.00000000	  -1869.61092338	      0.00000000	      0.00000000	      0.00000000	  -2173.71476704	    216.85060794	      0.00000000
      1.02400000	      0.00000000	      0.00000000	  -3424.08257573	      0.00000000	      0.00000000	      0.00000000	  -5019.17123467	      0.00000000	      0.00000000
      1.02500000	      0.00000000	      0.00000000	  -3196.52351166	      0.00000000	      0.00000000	      0.00000000	  -4478.42665283	      0.00000000	      0.00000000
      1.02600000	      0.00000000	      0.00000000	  -2841.26455244	      0.00000000	      0.00000000	      0.00000000	  -4120.43711153	    127.97417597	      0.00000000
      1.02700000	      0.00000000	      0.00000000	  -2752.59632848	      0.00000000	      0.00000000	      0.00000000	  -4039.89851349	    171.58179676	      0.00000000
      1.02800000	      0.00000000	      0.00000000	  -2614.12024006	      0.00000000	      0.00000000	      0.00000000	  -2825.88364432	    121.57479617	      0.00000000
      1.02900000	      0.00000000	      0.00000000	  -2439.98609009	      0.00000000	      0.00000000	      0.00000000	  -2745.84260858	    170.44019648	      0.00000000
      1.03000000	      0.00000000	      0.00000000	  -2364.02664485	      0.00000000	      0.00000000	      0.00000000	  -3898.89041374	      0.00000000	      0.00000000
      1.03100000	      0.00000000	      0.00000000	  -2443.27722207	      0.00000000	      0.00000000	      0.00000000	  -3904.14954628	     47.23087212	      0.00000000
      1.03200000	      0.00000000	      0.00000000	  -1225.06874880	      0.00000000	      0.00000000	      0.00000000	  -2105.66802122	    242.70142479	      0.00000000
      1.03300000	      0.00000000	      0.00000000	  -2895.68894393	      0.00000000	      0.00000000	      0.00000000	  -3902.03856640	    140.61385967	      0.00000000
      1.03400000	      0.00000000	      0.00000000	  -2940.18956881	      0.00000000	      0.00000000	      0.00000000	  -4604.46971590	      0.00000000	      0.00000000
      1.03500000	      0.00000000	      0.00000000	  -3034.19266333	      0.00000000	      0.00000000	      0.00000000	  -4295.89902175	     67.65116867	      0.00000000
      1.03600000	      0.00000000	      0.00000000	  -2642.20826262	      0.00000000	      0.00000000	      0.00000000	  -3358.73160040	    123.74163892	      0.00000000
      1.03700000	      0.00000000	      0.00000000	  -2736.38791660	      0.00000000	      0.00000000	      0.00000000	  -3369.54925180	    176.36221585	      0.00000000
      1.03800000	      0.00000000	      0.00000000	  -1875.22971742	      0.00000000	      0.00000000	      0.00000000	  -2316.56945977	    233.15623287	      0.00000000
      1.03900000	      0.00000000	      0.00000000	  -3387.69645220	      0.00000000	      0.00000000	      0.00000000	  -4625.78869590	      0.00000000	      0.00000000
      1.04000000	      0.00000000	      0.00000000	  -3881.46099443	      0.00000000	      0.00000000	      0.00000000	  -4990.10554441	      0.00000000	      0.00000000
      1.04100000	      0.00000000	      0.00000000	  -2814.24163934	      0.00000000	      0.00000000	      0.00000000	  -4625.89823383	      0.00000000	      0.00000000
      1.04200000	      0.00000000	      0.00000000	  -3647.76149649	      0.00000000	      0.00000000	      0.00000000	  -4493.12634732	      1.41535159	      0.00000000
      1.04300000	      0.00000000	      0.00000000	  -3893.04477781	      0.00000000	      0.00000000	      0.00000000	  -5131.68801365	      0.00000000	      0.00000000
      1.04400000	      0.00000000	      0.00000000	  -2137.84211480	      0.00000000	      0.00000000	      0.00000000	  -3303.49968033	    226.54154863	      0.00000000
      1.04500000	      0.00000000	      0.00000000	  -2338.64245497	      0.00000000	      0.00000000	      0.00000000	  -2193.98018345	    322.91022005	      0.00000000
      1.04600000	      0.00000000	      0.00000000	  -2745.84252131	      0.00000000	      0.00000000	      0.00000000	  -4102.09568249	      0.00000000	      0.00000000
      1.04700000	      0.00000000	      0.00000000	  -3140.76032848	      0.00000000	      0.00000000	      0.00000000	  -5001.19356511	      0.00000000	      0.00000000
      1.04800000	      0.00000000	      0.00000000	  -1792.20359205	      0.00000000	      0.00000000	      0.00000000	  -2556.26830550	    255.21636600	      0.00000000
      1.04900000	      0.00000000	      0.00000000	  -1513.95789380	      0.00000000	      0.00000000	      0.00000000	  -2804.27970339	    271.86322858	      0.00000000
      1.05000000	      0.00000000	      0.00000000	  -3540.18167557	      0.00000000	      0.00000000	      0.00000000	  -4247.35917235	      0.00000000	      0.00000000
      1.05100000	      0.00000000	      0.00000000	  -2546.19714849	      0.00000000	      0.00000000	      0.00000000	  -3565.50953836	     42.20697751	      0.00000000
      1.05200000	      0.00000000	      0.00000000	  -3686.72642762	      0.00000000	      0.00000000	      0.00000000	  -4986.81232744	      0.00000000	      0.00000000
      1.05300000	      0.00000000	      0.00000000	  -1518.51245982	      0.00000000	      0.00000000	      0.00000000	  -2519.32961461	    338.11227699	      0.00000000
      1.05400000	      0.00000000	      0.00000000	  -1784.34532366	      0.00000000	      0.00000000	      0.00000000	  -3036.97614630	    168.70282969	      0.00000000
      1.05500000	      0.00000000	      0.00000000	  -2313.98195622	      0.00000000	      0.00000000	      0.00000000	  -3901.10664968	      9.92302816	      0.00000000
      1.05600000	      0.00000000	      0.00000000	  -2993.00040131	      0.00000000	      0.00000000	      0.00000000	  -3383.80123552	     98.61834302	      0.00000000
      1.05700000	      0.00000000	      0.00000000	  -1955.27540108	      0.00000000	      0.00000000	      0.00000000	  -2876.39888172	    282.13112802	      0.00000000
      1.05800000	      0.00000000	      0.00000000	  -2502.12198401	      0.00000000	      0.00000000	      0.00000000	  -3896.74656193	     70.44614294	      0.00000000
      1.05900000	      0.00000000	      0.00000000	  -3604.57585790	      0.00000000	      0.00000000	      0.00000000	  -4370.20866457	      0.00000000	      0.00000000
      1.06000000	      0.00000000	      0.00000000	  -2552.18114741	      0.00000000	      0.00000000	      0.00000000	  -3224.50170780	    102.82785465	      0.00000000
      1.06100000	      0.00000000	      0.00000000	  -2172.22471360	      0.00000000	      0.00000000	      0.00000000	  -3403.88029126	    274.77215269	      0.00000000
      1.06200000	      0.00000000	      0.00000000	  -2856.71799930	      0.00000000	      0.00000000	      0.00000000	  -4847.32032893	      0.00000000	      0.00000000
      1.06300000	      0.00000000	      0.00000000	  -2199.14262536	      0.00000000	      0.00000000	      0.00000000	  -3536.94325148	    204.54972637	      0.00000000
      1.06400000	      0.00000000	      0.00000000	  -2741.42697844	      0.00000000	      0.00000000	      0.00000000	  -4680.07042412	      0.00000000	      0.00000000
      1.06500000	      0.00000000	      0.00000000	  -2767.05548881	      0.00000000	      0.00000000	      0.00000000	  -4059.13499851	     18.55615292	      0.00000000
      1.06600000	      0.00000000	      0.00000000	  -3435.93866478	      0.00000000	      0.00000000	      0.00000000	  -4366.63283889	      0.00000000	      0.00000000
      1.06700000	      0.00000000	      0.00000000	  -3790.32117562	      0.00000000	      0.00000000	      0.00000000	  -4699.14191688	      0.00000000	      0.00000000
      1.06800000	      0.00000000	      0.00000000	  -2481.69918471	      0.00000000	      0.00000000	      0.00000000	  -2917.41530934	    303.97337858	      0.00000000
      1.06900000	      0.00000000	      0.00000000	  -1915.58343794	      0.00000000	      0.00000000	      0.00000000	  -2492.10032344	    292.02013199	      0.00000000
      1.07000000	      0.00000000	      0.00000000	  -3580.91786777	      0.00000000	      0.00000000	      0.00000000	  -4765.46589615	     14.06909823	      0.00000000
      1.07100000	      0.00000000	      0.00000000	  -3001.76274881	      0.00000000	      0.00000000	      0.00000000	  -4117.02119927	    137.50117940	      0.00000000
      1.07200000	      0.00000000	      0.00000000	  -2663.06460002	      0.00000000	      0.00000000	      0.00000000	  -3023.10777583	    219.62738881	      0.00000000
      1.07300000	      0.00000000	      0.00000000	  -3050.32282670	      0.00000000	      0.00000000	      0.00000000	  -4454.20378751	     25.73872584	      0.00000000
      1.07400000	      0.00000000	      0.00000000	  -1368.43394988	      0.00000000	      0.00000000	      0.00000000	  -2241.68591835	    304.25131999	      0.00000000
      1.07500000	      0.00000000	      0.00000000	  -3368.13836482	      0.00000000	      0.00000000	      0.00000000	  -4626.84564909	      0.00000000	      0.00000000
      1.07600000	      0.00000000	      0.00000000	  -1492.65092786	      0.00000000	      0.00000000	      0.00000000	  -2084.05234852	    226.27600782	      0.00000000
      1.07700000	      0.00000000	      0.00000000	  -2400.18374110	      0.00000000	      0.00000000	      0.00000000	  -3275.70235503	     80.86966118	      0.00000000
      1.07800000	      0.00000000	      0.00000000	  -2377.62233823	      0.00000000	      0.00000000	      0.00000000	  -4067.84725579	     25.04392773	      0.00000000
      1.07900000	      0.00000000	      0.00000000	  -2762.38346658	      0.00000000	      0.00000000	      0.00000000	  -3033.33379822	     96.00571615	      0.00000000
      1.08000000	      0.00000000	      0.00000000	  -3015.41270145	      0.00000000	      0.00000000	      0.00000000	  -4479.42548141	      0.00000000	      0.00000000
      1.08100000	      0.00000000	      0.00000000	  -3544.73230368	      0.00000000	      0.00000000	      0.00000000	  -4867.72100009	      0.00000000	      0.00000000
      1.08200000	      0.00000000	      0.00000000	  -2834.80652542	      0.00000000	      0.00000000	      0.00000000	  -4451.84742377	      7.29674228	      0.00000000
      1.08300000	      0.00000000	      0.00000000	  -3919.56048066	      0.00000000	      0.00000000	      0.00000000	  -5013.74944237	      0.00000000	      0.00000000
      1.08400000	      0.00000000	      0.00000000	  -3216.60480361	      0.00000000	      0.00000000	      0.00000000	  -3894.81765435	     60.73022111	      0.00000000
      1.08500000	      0.00000000	      0.00000000	  -2819.06534349	      0.00000000	      0.00000000	      0.00000000	  -4033.65083265	     23.66220474	      0.00000000
      1.08600000	      0.00000000	      0.00000000	  -2500.94270577	      0.00000000	      0.00000000	      0.00000000	  -4073.98784196	      1.73949847	      0.00000000
      1.08700000	      0.00000000	      0.00000000	  -3068.27193861	      0.00000000	      0.00000000	      0.00000000	  -4932.61851711	      0.00000000	      0.00000000
      1.08800000	      0.00000000	      0.00000000	  -3522.40971881	      0.00000000	      0.00000000	      0.00000000	  -4797.55899321	      8.75860725	      0.00000000
      1.08900000	      0.00000000	      0.00000000	  -3652.96626153	      0.00000000	      0.00000000	      0.00000000	  -4679.20317116	      0.00000000	      0.00000000
      1.09000000	      0.00000000	      0.00000000	  -2528.78192266	      0.00000000	      0.00000000	      0.00000000	  -3050.94086813	    240.76937274	      0.00000000
      1.09100000	      0.00000000	      0.00000000	  -1796.63805831	      0.00000000	      0.00000000	      0.00000000	  -2494.74385921	    223.86956923	      0.00000000
      1.09200000	      0.00000000	      0.00000000	  -2717.49609266	      0.00000000	      0.00000000	      0.00000000	  -3946.37830744	    155.55733232	      0.00000000
      1.09300000	      0.00000000	      0.00000000	  -2608.99708132	      0.00000000	      0.00000000	      0.00000000	  -2895.85428238	    329.68235683	      0.00000000
      1.09400000	      0.00000000	      0.00000000	  -1581.60554130	      0.00000000	      0.00000000	      0.00000000	  -2980.78136403	    268.68793893	      0.00000000
      1.09500000	      0.00000000	      0.00000000	  -2865.32280727	      0.00000000	      0.00000000	      0.00000000	  -4398.15774479	      0.00000000	      0.00000000
      1.09600000	      0.00000000	      0.00000000	  -2030.24806975	      0.00000000	      0.00000000	      0.00000000	  -3685.75011039	    112.44217722	      0.00000000
      1.09700000	      0.00000000	      0.00000000	  -2071.15217051	      0.00000000	      0.00000000	      0.00000000	  -3439.05354631	    228.23323675	      0.00000000
      1.09800000	      0.00000000	      0.00000000	  -2705.51622573	      0.00000000	      0.00000000	      0.00000000	  -3477.93982776	    262.26246155	      0.00000000
      1.09900000	      0.00000000	      0.00000000	  -2045.75613703	      0.00000000	      0.00000000	      0.00000000	  -2603.79670691	    340.24211936	      0.00000000
      1.10000000	      0.00000000	      0.00000000	  -2355.69493743	      0.00000000	      0.00000000	      0.00000000	  -4127.36923263	    100.14833988	      0.00000000
      1.10100000	      0.00000000	      0.00000000	  -2070.94091808	      0.00000000	      0.00000000	      0.00000000	  -2208.87437826	    269.30982006	      0.00000000
      1.10200000	      0.00000000	      0.00000000	  -1557.58295643	      0.00000000	      0.00000000	      0.00000000	  -2512.37063177	    158.84953140	      0.00000000
      1.10300000	      0.00000000	      0.00000000	  -2493.48940371	      0.00000000	      0.00000000	      0.00000000	  -3372.07887372	    168.40423420	      0.00000000
      1.10400000	      0.00000000	      0.00000000	  -2288.60725539	      0.00000000	      0.00000000	      0.00000000	  -3659.70026885	     36.16724845	      0.00000000
      1.10500000	      0.00000000	      0.00000000	  -3056.99883181	      0.00000000	      0.00000000	      0.00000000	  -4456.10539256	      0.00000000	      0.00000000
      1.10600000	      0.00000000	      0.00000000	  -3150.73134244	      0.00000000	      0.00000000	      0.00000000	  -4584.84778774	     60.80055432	      0.00000000
      1.10700000	      0.00000000	      0.00000000	  -2659.78329838	      0.00000000	      0.00000000	      0.00000000	  -4228.14766153	     90.58643228	      0.00000000
      1.10800000	      0.00000000	      0.00000000	  -2901.78641217	      0.00000000	      0.00000000	      0.00000000	  -4519.83533871	     17.56824181	      0.00000000
      1.10900000	      0.00000000	      0.00000000	  -1742.03069227	      0.00000000	      0.00000000	      0.00000000	  -3185.18678233	    177.73242860	      0.00000000
      1.11000000	      0.00000000	      0.00000000	  -3337.29005591	      0.00000000	      0.00000000	      0.00000000	  -4313.93800897	     64.72661829	      0.00000000
      1.11100000	      0.00000000	      0.00000000	  -3702.41755164	      0.00000000	      0.00000000	      0.00000000	  -4560.24713643	      0.00000000	      0.00000000
      1.11200000	      0.00000000	      0.00000000	  -1798.06465861	      0.00000000	      0.00000000	      0.00000000	  -3130.88412441	    230.95098738	      0.00000000
      1.11300000	      0.00000000	      0.00000000	  -3514.40789506	      0.00000000	      0.00000000	      0.00000000	  -4721.11756666	      0.00000000	      0.00000000
      1.11400000	      0.00000000	      0.00000000	  -2959.25703658	      0.00000000	      0.00000000	      0.00000000	  -4460.56109793	      0.00000000	      0.00000000
      1.11500000	      0.00000000	      0.00000000	  -2601.14398194	      0.00000000	      0.00000000	      0.00000000	  -3677.46993097	    155.64184126	      0.00000000
      1.11600000	      0.00000000	      0.00000000	  -2077.43594732	      0.00000000	      0.00000000	      0.00000000	  -3045.15305446	    300.39358702	      0.00000000
      1.11700000	      0.00000000	      0.00000000	  -2929.16807529	      0.00000000	      0.00000000	      0.00000000	  -5061.35460916	      0.00000000	      0.00000000
      1.11800000	      0.00000000	      0.00000000	  -1575.79714162	      0.00000000	      0.00000000	      0.00000000	  -2885.00838225	    324.56150249	      0.00000000
      1.11900000	      0.00000000	      0.00000000	  -3422.31272669	      0.00000000	      0.00000000	      0.00000000	  -4108.49924525	      1.25394826	      0.00000000
      1.12000000	      0.00000000	      0.00000000	  -2588.19006312	      0.00000000	      0.00000000	      0.00000000	  -2922.78330403	    247.30041444	      0.00000000
      1.12100000	      0.00000000	      0.00000000	  -1187.77294339	      0.00000000	      0.00000000	      0.00000000	  -2176.97932796	    310.32620480	      0.00000000
      1.12200000	      0.00000000	      0.00000000	  -2671.29534870	      0.00000000	      0.00000000	      0.00000000	  -3529.12751668	     39.75103745	      0.00000000
      1.12300000	      0.00000000	      0.00000000	  -2226.78502166	      0.00000000	      0.00000000	      0.00000000	  -3716.36585797	    200.05776198	      0.00000000
      1.12400000	      0.00000000	      0.00000000	  -3597.35699637	      0.00000000	      0.00000000	      0.00000000	  -4804.76662626	      0.00000000	      0.00000000
      1.12500000	      0.00000000	      0.00000000	  -3738.11351376	      0.00000000	      0.00000000	      0.00000000	  -4981.58091846	      0.00000000	      0.00000000
      1.12600000	      0.00000000	      0.00000000	  -2967.93419580	      0.00000000	      0.00000000	      0.00000000	  -4937.78177806	      0.00000000	      0.00000000
      1.12700000	      0.00000000	      0.00000000	  -2156.23108346	      0.00000000	      0.00000000	      0.00000000	  -2348.84628919	    263.78200498	      0.00000000
      1.12800000	      0.00000000	      0.00000000	  -3173.18575532	      0.00000000	      0.00000000	      0.00000000	  -4572.45345242	     55.58166939	      0.00000000
      1.12900000	      0.00000000	      0.00000000	  -2274.93282576	      0.00000000	      0.00000000	      0.00000000	  -3159.45814705	     98.29003368	      0.00000000
      1.13000000	      0.00000000	      0.00000000	  -3874.25730425	      0.00000000	      0.00000000	      0.00000000	  -4902.78763906	      0.00000000	      0.00000000
      1.13100000	      0.00000000	      0.00000000	  -2055.82933075	      0.00000000	      0.00000000	      0.00000000	  -3375.60751493	    266.51814929	      0.00000000
      1.13200000	      0.00000000	      0.00000000	  -2853.03223525	      0.00000000	      0.00000000	      0.00000000	  -3646.27546903	    169.94397995	      0.00000000
      1.13300000	      0.00000000	      0.00000000	  -2590.76079614	      0.00000000	      0.00000000	      0.00000000	  -4358.20314338	     16.48094362	      0.00000000
      1.13400000	      0.00000000	      0.00000000	  -2947.16109744	      0.00000000	      0.00000000	      0.00000000	  -4673.30907690	     24.58824650	      0.00000000
      1.13500000	      0.00000000	      0.00000000	  -2905.03694684	      0.00000000	      0.00000000	      0.00000000	  -4672.30297030	      0.00000000	      0.00000000
      1.13600000	      0.00000000	      0.00000000	  -2967.96963724	      0.00000000	      0.00000000	      0.00000000	  -4479.72361350	     84.05082534	      0.00000000
      1.13700000	      0.00000000	      0.00000000	  -2775.62333172	      0.00000000	      0.00000000	      0.00000000	  -3642.31578056	    248.08405718	      0.00000000
      1.13800000	      0.00000000	      0.00000000	  -1982.52061899	      0.00000000	      0.00000000	      0.00000000	  -3727.99762002	    138.96974529	      0.00000000
      1.13900000	      0.00000000	      0.00000000	  -3272.15199726	      0.00000000	      0.00000000	      0.00000000	  -4779.72500804	      0.00000000	      0.00000000
      1.14000000	      0.00000000	      0.00000000	  -3054.60736096	      0.00000000	      0.00000000	      0.00000000	  -4141.97046182	    119.89589020	      0.00000000
      1.14100000	      0.00000000	      0.00000000	  -2629.75192246	      0.00000000	      0.00000000	      0.00000000	  -4548.82130251	      0.16745630	      0.00000000
      1.14200000	      0.00000000	      0.00000000	  -1389.54140540	      0.00000000	      0.00000000	      0.00000000	  -2562.46306771	    323.38168115	      0.00000000
      1.14300000	      0.00000000	      0.00000000	  -3152.91362649	      0.00000000	      0.00000000	      0.00000000	  -4377.91656657	      0.00000000	      0.00000000
      1.14400000	      0.00000000	      0.00000000	  -1301.72268282	      0.00000000	      0.00000000	      0.00000000	  -2418.20456636	    228.61073524	      0.00000000
      1.14500000	      0.00000000	      0.00000000	  -2435.65906419	      0.00000000	      0.00000000	      0.00000000	  -2902.96634759	    163.82456199	      0.00000000
      1.14600000	      0.00000000	      0.00000000	  -2750.81927966	      0.00000000	      0.00000000	      0.00000000	  -3709.84401425	    105.50619298	      0.00000000
      1.14700000	      0.00000000	      0.00000000	  -2382.11024043	      0.00000000	      0.00000000	      0.00000000	  -2546.30125013	    158.57804889	      0.00000000
      1.14800000	      0.00000000	      0.00000000	  -3954.50957735	      0.00000000	      0.00000000	      0.00000000	  -5043.74092181	      0.00000000	      0.00000000
      1.14900000	      0.00000000	      0.00000000	  -2525.80824732	      0.00000000	      0.00000000	      0.00000000	  -3848.96134807	     49.25890823	      0.00000000
      1.15000000	      0.00000000	      0.00000000	  -1430.81193369	      0.00000000	      0.00000000	      0.00000000	  -2060.37009808	    236.31417794	      0.00000000
      1.15100000	      0.00000000	      0.00000000	  -2649.87896309	      0.00000000	      0.00000000	      0.00000000	  -2928.17621871	    336.84389501	      0.00000000
      1.15200000	      0.00000000	      0.00000000	  -2121.23742368	      0.00000000	      0.00000000	      0.00000000	  -2825.22060569	    301.53261332	      0.00000000
      1.15300000	      0.00000000	      0.00000000	  -2699.29903428	      0.00000000	      0.00000000	      0.00000000	  -3300.40082127	    161.47403203	      0.00000000
      1.15400000	      0.00000000	      0.00000000	  -3028.82669683	      0.00000000	      0.00000000	      0.00000000	  -4068.99778717	     41.00186504	      0.00000000
      1.15500000	      0.00000000	      0.00000000	  -2624.72762919	      0.00000000	      0.00000000	      0.00000000	  -4647.32271799	      0.00000000	      0.00000000
      1.15600000	      0.00000000	      0.00000000	  -3548.95325495	      0.00000000	      0.00000000	      0.00000000	  -4483.41616706	      0.00000000	      0.00000000
      1.15700000	      0.00000000	      0.00000000	  -1870.89631889	      0.00000000	      0.00000000	      0.00000000	  -2921.32697980	    273.53422006	      0.00000000
      1.15800000	      0.00000000	      0.00000000	  -2383.16152202	      0.00000000	      0.00000000	      0.00000000	  -3897.42746203	    181.53758636	      0.00000000
      1.15900000	      0.00000000	      0.00000000	  -2831.89447687	      0.00000000	      0.00000000	      0.00000000	  -4743.86909854	     21.86663801	      0.00000000
      1.16000000	      0.00000000	      0.00000000	  -3357.59524538	      0.00000000	      0.00000000	      0.00000000	  -4599.88862254	      0.00000000	      0.00000000
      1.16100000	      0.00000000	      0.00000000	  -1917.43273295	      0.00000000	      0.00000000	      0.00000000	  -2132.67442575	    258.15266269	      0.00000000
      1.16200000	      0.00000000	      0.00000000	  -2261.02833772	      0.00000000	      0.00000000	      0.00000000	  -4071.72570141	     84.36432255	      0.00000000
      1.16300000	      0.00000000	      0.00000000	  -3351.77177989	      0.00000000	      0.00000000	      0.00000000	  -4372.71769260	     48.14918502	      0.00000000
      1.16400000	      0.00000000	      0.00000000	  -1423.98490447	      0.00000000	      0.00000000	      0.00000000	  -2233.85544407	    300.40189093	      0.00000000
      1.16500000	      0.00000000	      0.00000000	  -2758.36188481	      0.00000000	      0.00000000	      0.00000000	  -4729.70330479	      0.00000000	      0.00000000
      1.16600000	      0.00000000	      0.00000000	  -1721.65587098	      0.00000000	      0.00000000	      0.00000000	  -2822.85301460	    194.28478621	      0.00000000
      1.16700000	      0.00000000	      0.00000000	  -3075.01432754	      0.00000000	      0.00000000	      0.00000000	  -4529.62472521	     36.86255918	      0.00000000
      1.16800000	      0.00000000	      0.00000000	  -3097.30900400	      0.00000000	      0.00000000	      0.00000000	  -3779.87245900	     96.92609632	      0.00000000
      1.16900000	      0.00000000	      0.00000000	  -3437.52748087	      0.00000000	      0.00000000	      0.00000000	  -4707.82844762	      0.00000000	      0.00000000
      1.17000000	      0.00000000	      0.00000000	  -2833.76039895	      0.00000000	      0.00000000	      0.00000000	  -4275.93987438	    126.91182787	      0.00000000
      1.17100000	      0.00000000	      0.00000000	  -2822.16811560	      0.00000000	      0.00000000	      0.00000000	  -4783.47142614	      1.23099822	      0.00000000
      1.17200000	      0.00000000	      0.00000000	  -2134.12343027	      0.00000000	      0.00000000	      0.00000000	  -2867.05969962	    138.78581587	      0.00000000
      1.17300000	      0.00000000	      0.00000000	  -2370.30672703	      0.00000000	      0.00000000	      0.00000000	  -3664.71082630	    150.11666782	      0.00000000
      1.17400000	      0.00000000	      0.00000000	  -3230.28812604	      0.00000000	      0.00000000	      0.00000000	  -4820.88147030	      0.00000000	      0.00000000
      1.17500000	      0.00000000	      0.00000000	  -2035.32119251	      0.00000000	      0.00000000	      0.00000000	  -3713.48098717	    235.48520970	      0.00000000
      1.17600000	      0.00000000	      0.00000000	  -2899.51329322	      0.00000000	      0.00000000	      0.00000000	  -4516.24619180	     85.97171398	      0.00000000
      1.17700000	      0.00000000	      0.00000000	  -2227.55738627	      0.00000000	      0.00000000	      0.00000000	  -2946.41037141	    303.66092200	      0.00000000
      1.17800000	      0.00000000	      0.00000000	  -3097.31677763	      0.00000000	      0.00000000	      0.00000000	  -4626.51573941	      0.00000000	      0.00000000
      1.17900000	      0.00000000	      0.00000000	  -2672.01871599	      0.00000000	      0.00000000	      0.00000000	  -4255.33292861	    153.18087045	      0.00000000
      1.18000000	      0.00000000	      0.00000000	  -2584.37115390	      0.00000000	      0.00000000	      0.00000000	  -3087.73684712	    181.24172229	      0.00000000
      1.18100000	      0.00000000	      0.00000000	  -2006.54812108	      0.00000000	      0.00000000	      0.00000000	  -3823.45049633	    146.61402745	      0.00000000
      1.18200000	      0.00000000	      0.00000000	  -1370.96327181	      0.00000000	      0.00000000	      0.00000000	  -2245.23611427	    245.47246796	      0.00000000
      1.18300000	      0.00000000	      0.00000000	  -2336.74451093	      0.00000000	      0.00000000	      0.00000000	  -4016.23854635	      6.95865195	      0.00000000
      1.18400000	      0.00000000	      0.00000000	  -3013.80706682	      0.00000000	      0.00000000	      0.00000000	  -4483.54916333	      0.00000000	      0.00000000
      1.18500000	      0.00000000	      0.00000000	  -2190.87193665	      0.00000000	      0.00000000	      0.00000000	  -3544.00608055	    144.72600695	      0.00000000
      1.18600000	      0.00000000	      0.00000000	  -1991.81963657	      0.00000000	      0.00000000	      0.00000000	  -2371.35427883	    200.89385395	      0.00000000
      1.18700000	      0.00000000	      0.00000000	  -3176.47956215	      0.00000000	      0.00000000	      0.00000000	  -3777.31457070	    225.85983750	      0.00000000
      1.18800000	      0.00000000	      0.00000000	  -3224.65130279	      0.00000000	      0.00000000	      0.00000000	  -4195.32338029	     72.20986573	      0.00000000
      1.18900000	      0.00000000	      0.00000000	  -3413.87615692	      0.00000000	      0.00000000	      0.00000000	  -4661.89148123	      0.00000000	      0.00000000
      1.19000000	      0.00000000	      0.00000000	  -2875.81985682	      0.00000000	      0.00000000	      0.00000000	  -4256.77269590	    125.50527007	      0.00000000
      1.19100000	      0.00000000	      0.00000000	  -2416.23739600	      0.00000000	      0.00000000	      0.00000000	  -2751.33025651	    260.21216914	      0.00000000
      1.19200000	      0.00000000	      0.00000000	  -3509.46457644	      0.00000000	      0.00000000	      0.00000000	  -4984.84325120	      0.00000000	      0.00000000
      1.19300000	      0.00000000	      0.00000000	  -2627.42773860	      0.00000000	      0.00000000	      0.00000000	  -4372.85699865	      0.00000000	      0.00000000
      1.19400000	      0.00000000	      0.00000000	  -3474.18663971	      0.00000000	      0.00000000	      0.00000000	  -4636.31000697	     14.29658320	      0.00000000
      1.19500000	      0.00000000	      0.00000000	  -1238.83671379	      0.00000000	      0.00000000	      0.00000000	  -2078.65824349	    261.70558237	      0.00000000
      1.19600000	      0.00000000	      0.00000000	  -3402.81165811	      0.00000000	      0.00000000	      0.00000000	  -4221.91766601	      4.29153826	      0.00000000
      1.19700000	      0.00000000	      0.00000000	  -3179.44571599	      0.00000000	      0.00000000	      0.00000000	  -5048.28782466	      0.00000000	      0.00000000
      1.19800000	      0.00000000	      0.00000000	  -2878.93339802	      0.00000000	      0.00000000	      0.00000000	  -4994.46983951	      0.00000000	      0.00000000
      1.19900000	      0.00000000	      0.00000000	  -1799.71876321	      0.00000000	      0.00000000	      0.00000000	  -3347.79065333	    267.34575902	      0.00000000
      1.20000000	      0.00000000	      0.00000000	  -2304.18715832	      0.00000000	      0.00000000	      0.00000000	  -3136.90141032	    234.35160022	      0.00000000
      1.20100000	      0.00000000	      0.00000000	  -2811.86440484	      0.00000000	      0.00000000	      0.00000000	  -4921.82275345	      0.00000000	      0.00000000
      1.20200000	      0.00000000	      0.00000000	  -2092.88592807	      0.00000000	      0.00000000	      0.00000000	  -3249.77388412	    104.32240297	      0.00000000
      1.20300000	      0.00000000	      0.00000000	  -2341.90597001	      0.00000000	      0.00000000	      0.00000000	  -2462.84003755	    198.31706974	      0.00000000
      1.20400000	      0.00000000	      0.00000000	  -2879.20170966	      0.00000000	      0.00000000	      0.00000000	  -4286.53319931	    140.93912507	      0.00000000
      1.20500000	      0.00000000	      0.00000000	  -2689.04728091	      0.00000000	      0.00000000	      0.00000000	  -4736.01221171	      0.00560316	      0.00000000
      1.20600000	      0.00000000	      0.00000000	  -3434.57344022	      0.00000000	      0.00000000	      0.00000000	  -4825.87362397	      0.00000000	      0.00000000
      1.20700000	      0.00000000	      0.00000000	  -2066.41308700	      0.00000000	      0.00000000	      0.00000000	  -3328.04712799	    216.74484733	      0.00000000
      1.20800000	      0.00000000	      0.00000000	  -1930.13137999	      0.00000000	      0.00000000	      0.00000000	  -2202.30182093	    284.69754218	      0.00000000
      1.20900000	      0.00000000	      0.00000000	  -2710.58647271	      0.00000000	      0.00000000	      0.00000000	  -4168.87128435	    177.58353005	      0.00000000
      1.21000000	      0.00000000	      0.00000000	  -1818.24326185	      0.00000000	      0.00000000	      0.00000000	  -2233.64602694	    307.56384527	      0.00000000
      1.21100000	      0.00000000	      0.00000000	  -2582.62819434	      0.00000000	      0.00000000	      0.00000000	  -4411.91950388	      0.00000000	      0.00000000
      1.21200000	      0.00000000	      0.00000000	  -1310.39822623	      0.00000000	      0.00000000	      0.00000000	  -2353.95302424	    258.34036856	      0.00000000
      1.21300000	      0.00000000	      0.00000000	  -3740.32055215	      0.00000000	      0.00000000	      0.00000000	  -5039.41217725	      0.00000000	      0.00000000
      1.21400000	      0.00000000	      0.00000000	  -1679.93527067	      0.00000000	      0.00000000	      0.00000000	  -2978.39198224	    226.62332282	      0.00000000
      1.21500000	      0.00000000	      0.00000000	  -3031.26494258	      0.00000000	      0.00000000	      0.00000000	  -4566.45245493	     49.33529336	      0.00000000
      1.21600000	      0.00000000	      0.00000000	  -1768.31786784	      0.00000000	      0.00000000	      0.00000000	  -3056.83227428	    292.28337850	      0.00000000
      1.21700000	      0.00000000	      0.00000000	  -3220.91467046	      0.00000000	      0.00000000	      0.00000000	  -4192.44526870	      0.00103119	      0.00000000
      1.21800000	      0.00000000	      0.00000000	  -3509.58726102	      0.00000000	      0.00000000	      0.00000000	  -4862.46294035	      0.00000000	      0.00000000
      1.21900000	      0.00000000	      0.00000000	  -2985.47706246	      0.00000000	      0.00000000	      0.00000000	  -4802.59749302	     17.47234833	      0.00000000
      1.22000000	      0.00000000	      0.00000000	  -2803.17348374	      0.00000000	      0.00000000	      0.00000000	  -3466.78285647	    191.49710413	      0.00000000
      1.22100000	      0.00000000	      0.00000000	  -3322.78733357	      0.00000000	      0.00000000	      0.00000000	  -5030.58601459	      0.00000000	      0.00000000
      1.22200000	      0.00000000	      0.00000000	  -2126.04436604	      0.00000000	      0.00000000	      0.00000000	  -2885.35543280	    189.32064989	      0.00000000
      1.22300000	      0.00000000	      0.00000000	  -3228.56973470	      0.00000000	      0.00000000	      0.00000000	  -3968.70106069	     43.53864313	      0.00000000
      1.22400000	      0.00000000	      0.00000000	  -3241.89860446	      0.00000000	      0.00000000	      0.00000000	  -4052.23451516	     48.95762805	      0.00000000
      1.22500000	      0.00000000	      0.00000000	  -2400.68936072	      0.00000000	      0.00000000	      0.00000000	  -4054.65924566	    113.61933140	      0.00000000
      1.22600000	      0.00000000	      0.00000000	  -2104.66220117	      0.00000000	      0.00000000	      0.00000000	  -3794.12906961	     78.11578774	      0.00000000
      1.22700000	      0.00000000	      0.00000000	  -1844.40592361	      0.00000000	      0.00000000	      0.00000000	  -3316.65385117	    197.20460641	      0.00000000
      1.22800000	      0.00000000	      0.00000000	  -1754.90569855	      0.00000000	      0.00000000	      0.00000000	  -2335.55652347	    334.42408730	      0.00000000
      1.22900000	      0.00000000	      0.00000000	  -1967.40135083	      0.00000000	      0.00000000	      0.00000000	  -3019.85879270	    213.92984075	      0.00000000
      1.23000000	      0.00000000	      0.00000000	  -2790.60936389	      0.00000000	      0.00000000	      0.00000000	  -3853.34952428	     17.65128253	      0.00000000
      1.23100000	      0.00000000	      0.00000000	  -3648.76067336	      0.00000000	      0.00000000	      0.00000000	  -4913.61740116	      0.32331983	      0.00000000
      1.23200000	      0.00000000	      0.00000000	  -2587.23259888	      0.00000000	      0.00000000	      0.00000000	  -4226.87261038	    157.82238659	      0.00000000
      1.23300000	      0.00000000	      0.00000000	  -2204.87158033	      0.00000000	      0.00000000	      0.00000000	  -2488.23255555	    306.51402479	      0.00000000
      1.23400000	      0.00000000	      0.00000000	  -2596.36797389	      0.00000000	      0.00000000	      0.00000000	  -4559.30030562	      0.00000000	      0.00000000
      1.23500000	      0.00000000	      0.00000000	  -1586.48057421	      0.00000000	      0.00000000	      0.00000000	  -2666.73554509	    337.75691865	      0.00000000
      1.23600000	      0.00000000	      0.00000000	  -2729.97555622	      0.00000000	      0.00000000	      0.00000000	  -3043.36078311	    241.63538584	      0.00000000
      1.23700000	      0.00000000	      0.00000000	  -2728.80498942	      0.00000000	      0.00000000	      0.00000000	  -3651.96091111	    204.11315158	      0.00000000
      1.23800000	      0.00000000	      0.00000000	  -3375.09937411	      0.00000000	      0.00000000	      0.00000000	  -4661.47833564	      0.00000000	      0.00000000
      1.23900000	      0.00000000	      0.00000000	  -3447.61573226	      0.00000000	      0.00000000	      0.00000000	  -4449.25937407	     31.14569557	      0.00000000
      1.24000000	      0.00000000	      0.00000000	  -3190.88463728	      0.00000000	      0.00000000	      0.00000000	  -4721.87094023	      0.00000000	      0.00000000
      1.24100000	      0.00000000	      0.00000000	  -3315.44853605	      0.00000000	      0.00000000	      0.00000000	  -4779.57863691	     24.15240924	      0.00000000
      1.24200000	      0.00000000	      0.00000000	  -2177.60922931	      0.00000000	      0.00000000	      0.00000000	  -3385.40374902	    294.67883300	      0.00000000
      1.24300000	      0.00000000	      0.00000000	  -2828.40512369	      0.00000000	      0.00000000	      0.00000000	  -4873.11871739	      0.00000000	      0.00000000
      1.24400000	      0.00000000	      0.00000000	  -3885.45829547	      0.00000000	      0.00000000	      0.00000000	  -4867.86956843	      0.00000000	      0.00000000
      1.24500000	      0.00000000	      0.00000000	  -3721.53045164	      0.00000000	      0.00000000	      0.00000000	  -4753.24463644	      9.69299762	      0.00000000
      1.24600000	      0.00000000	      0.00000000	  -2127.79060501	      0.00000000	      0.00000000	      0.00000000	  -3087.63376669	    303.12028323	      0.00000000
      1.24700000	      0.00000000	      0.00000000	  -2365.39602647	      0.00000000	      0.00000000	      0.00000000	  -4001.75569902	      4.29211402	      0.00000000
      1.24800000	      0.00000000	      0.00000000	  -2741.31197574	      0.00000000	      0.00000000	      0.00000000	  -3470.58376430	    107.72834901	      0.00000000
      1.24900000	      0.00000000	      0.00000000	  -1964.44486783	      0.00000000	      0.00000000	      0.00000000	  -3314.24434817	    127.17311932	      0.00000000
      1.25000000	      0.00000000	      0.00000000	  -2652.28423299	      0.00000000	      0.00000000	      0.00000000	  -4210.36399658	     96.11663402	      0.00000000
      1.25100000	      0.00000000	      0.00000000	  -2713.14393766	      0.00000000	      0.00000000	      0.00000000	  -4102.32221000	      8.96846385	      0.00000000
      1.25200000	      0.00000000	      0.00000000	  -1380.43564678	      0.00000000	      0.00000000	      0.00000000	  -2320.95812795	    242.04013317	      0.00000000
      1.25300000	      0.00000000	      0.00000000	  -1974.61128265	      0.00000000	      0.00000000	      0.00000000	  -2906.75369727	    285.52676088	      0.00000000
      1.25400000	      0.00000000	      0.00000000	  -3338.45764222	      0.00000000	      0.00000000	      0.00000000	  -4294.55482351	    106.01462489	      0.00000000
      1.25500000	      0.00000000	      0.00000000	  -3126.95835028	      0.00000000	      0.00000000	      0.00000000	  -4869.59498329	      0.00000000	      0.00000000
      1.25600000	      0.00000000	      0.00000000	  -2763.82608607	      0.00000000	      0.00000000	      0.00000000	  -3487.66077374	    224.03754555	      0.00000000
      1.25700000	      0.00000000	      0.00000000	  -2168.40040375	      0.00000000	      0.00000000	      0.00000000	  -2692.47310080	    172.01392531	      0.00000000
      1.25800000	      0.00000000	      0.00000000	  -2969.79390776	      0.00000000	      0.00000000	      0.00000000	  -4037.03944268	     50.63339996	      0.00000000
      1.25900000	      0.00000000	      0.00000000	  -3159.90456382	      0.00000000	      0.00000000	      0.00000000	  -5087.25536445	      0.00000000	      0.00000000
      1.26000000	      0.00000000	      0.00000000	  -1827.78573116	      0.00000000	      0.00000000	      0.00000000	  -2216.33191540	    234.28739086	      0.00000000
      1.26100000	      0.00000000	      0.00000000	  -2969.59343476	      0.00000000	      0.00000000	      0.00000000	  -5078.27926431	      0.00000000	      0.00000000
      1.26200000	      0.00000000	      0.00000000	  -1431.62417744	      0.00000000	      0.00000000	      0.00000000	  -2548.00446125	    239.85529770	      0.00000000
      1.26300000	      0.00000000	      0.00000000	  -3035.30583955	      0.00000000	      0.00000000	      0.00000000	  -4487.12222827	      1.39116506	      0.00000000
      1.26400000	      0.00000000	      0.00000000	  -1969.12986279	      0.00000000	      0.00000000	      0.00000000	  -2971.75605896	    201.14035772	      0.00000000
      1.26500000	      0.00000000	      0.00000000	  -2417.85155117	      0.00000000	      0.00000000	      0.00000000	  -3348.43341281	    200.03792957	      0.00000000
      1.26600000	      0.00000000	      0.00000000	  -3881.56996866	      0.00000000	      0.00000000	      0.00000000	  -5009.00526243	      0.00000000	      0.00000000
      1.26700000	      0.00000000	      0.00000000	  -3566.87997841	      0.00000000	      0.00000000	      0.00000000	  -4427.98968962	     27.21050983	      0.00000000
      1.26800000	      0.00000000	      0.00000000	  -2603.32000527	      0.00000000	      0.00000000	      0.00000000	  -4572.66313735	      0.00000000	      0.00000000
      1.26900000	      0.00000000	      0.00000000	  -1306.38626300	      0.00000000	      0.00000000	      0.00000000	  -2051.40852635	    276.87306515	      0.00000000
      1.27000000	      0.00000000	      0.00000000	  -2572.70381989	      0.00000000	      0.00000000	      0.00000000	  -4151.09694978	    167.09663442	      0.00000000
      1.27100000	      0.00000000	      0.00000000	  -3060.90755287	      0.00000000	      0.00000000	      0.00000000	  -3544.15317802	     61.69298089	      0.00000000
      1.27200000	      0.00000000	      0.00000000	  -3589.76640245	      0.00000000	      0.00000000	      0.00000000	  -5140.55518167	      0.00000000	      0.00000000
      1.27300000	      0.00000000	      0.00000000	  -3729.38595185	      0.00000000	      0.00000000	      0.00000000	  -5013.90334333	      0.00000000	      0.00000000
      1.27400000	      0.00000000	      0.00000000	  -2174.24960301	      0.00000000	      0.00000000	      0.00000000	  -3817.92953614	    179.94060504	      0.00000000
      1.27500000	      0.00000000	      0.00000000	  -3257.00765367	      0.00000000	      0.00000000	      0.00000000	  -4032.57097879	     93.54679097	      0.00000000
      1.27600000	      0.00000000	      0.00000000	  -2208.25579870	      0.00000000	      0.00000000	      0.00000000	  -3850.56832621	    155.44044706	      0.00000000
      1.27700000	      0.00000000	      0.00000000	  -3368.30503680	      0.00000000	      0.00000000	      0.00000000	  -4248.54133400	     14.00464597	      0.00000000
      1.27800000	      0.00000000	      0.00000000	  -3699.74258353	      0.00000000	      0.00000000	      0.00000000	  -4584.06427882	      0.00000000	      0.00000000
      1.27900000	      0.00000000	      0.00000000	  -2730.07182357	      0.00000000	      0.00000000	      0.00000000	  -3197.46011554	    131.27536477	      0.00000000
      1.28000000	      0.00000000	      0.00000000	  -3231.71259333	      0.00000000	      0.00000000	      0.00000000	  -5125.58529721	      0.00000000	      0.00000000
      1.28100000	      0.00000000	      0.00000000	  -3209.32614946	      0.00000000	      0.00000000	      0.00000000	  -4131.23377234	     66.42689030	      0.00000000
      1.28200000	      0.00000000	      0.00000000	  -2599.47642453	      0.00000000	      0.00000000	      0.00000000	  -3797.81028129	     21.77284161	      0.00000000
      1.28300000	      0.00000000	      0.00000000	  -1477.84729902	      0.00000000	      0.00000000	      0.00000000	  -2341.72382166	    287.40768403	      0.00000000
      1.28400000	      0.00000000	      0.00000000	  -2809.37194490	      0.00000000	      0.00000000	      0.00000000	  -4855.52648859	      0.00000000	      0.00000000
      1.28500000	      0.00000000	      0.00000000	  -2956.00316927	      0.00000000	      0.00000000	      0.00000000	  -3870.30920306	     91.84883935	      0.00000000
      1.28600000	      0.00000000	      0.00000000	  -3280.09368168	      0.00000000	      0.00000000	      0.00000000	  -4991.32977306	      0.00000000	      0.00000000
      1.28700000	      0.00000000	      0.00000000	  -2354.82003132	      0.00000000	      0.00000000	      0.00000000	  -4093.47563581	     27.30781977	      0.00000000
      1.28800000	      0.00000000	      0.00000000	  -3954.88700793	      0.00000000	      0.00000000	      0.00000000	  -4872.18998939	      0.00000000	      0.00000000
      1.28900000	      0.00000000	      0.00000000	  -3309.57092562	      0.00000000	      0.00000000	      0.00000000	  -4513.98457771	      0.00000000	      0.00000000
      1.29000000	      0.00000000	      0.00000000	  -2436.45949727	      0.00000000	      0.00000000	      0.00000000	  -3671.76740662	    264.41129399	      0.00000000
      1.29100000	      0.00000000	      0.00000000	  -2009.95202938	      0.00000000	      0.00000000	      0.00000000	  -2628.23166693	    304.79905776	      0.00000000
      1.29200000	      0.00000000	      0.00000000	  -2262.64127954	      0.00000000	      0.00000000	      0.00000000	  -3011.79469211	    316.67304063	      0.00000000
      1.29300000	      0.00000000	      0.00000000	  -1627.18028927	      0.00000000	      0.00000000	      0.00000000	  -3023.65658494	    177.74433176	      0.00000000
      1.29400000	      0.00000000	      0.00000000	  -3065.48513449	      0.00000000	      0.00000000	      0.00000000	  -4820.07585776	     16.85497884	      0.00000000
      1.29500000	      0.00000000	      0.00000000	  -3213.07614824	      0.00000000	      0.00000000	      0.00000000	  -5109.24603937	      0.00000000	      0.00000000
      1.29600000	      0.00000000	      0.00000000	  -2139.31604582	      0.00000000	      0.00000000	      0.00000000	  -2492.07229775	    355.84276848	      0.00000000
      1.29700000	      0.00000000	      0.00000000	  -1932.47503563	      0.00000000	      0.00000000	      0.00000000	  -2594.60435796	    190.51559124	      0.00000000
      1.29800000	      0.00000000	      0.00000000	  -2634.48405072	      0.00000000	      0.00000000	      0.00000000	  -3658.15377746	     78.86427610	      0.00000000
      1.29900000	      0.00000000	      0.00000000	  -2742.93226305	      0.00000000	      0.00000000	      0.00000000	  -3094.26718096	    274.38579922	      0.00000000
      1.30000000	      0.00000000	      0.00000000	  -2591.70529196	      0.00000000	      0.00000000	      0.00000000	  -4010.91488933	    191.60848041	      0.00000000
      1.30100000	      0.00000000	      0.00000000	  -3349.13048547	      0.00000000	      0.00000000	      0.00000000	  -4298.21116331	     85.78621945	      0.00000000
      1.30200000	      0.00000000	      0.00000000	  -3053.32621245	      0.00000000	      0.00000000	      0.00000000	  -4439.39018592	    112.39660937	      0.00000000
      1.30300000	      0.00000000	      0.00000000	  -3952.48883117	      0.00000000	      0.00000000	      0.00000000	  -4907.39406061	      0.00000000	      0.00000000
      1.30400000	      0.00000000	      0.00000000	  -3165.09603682	      0.00000000	      0.00000000	      0.00000000	  -4744.06803267	     46.73371629	      0.00000000
      1.30500000	      0.00000000	      0.00000000	  -2396.27517292	      0.00000000	      0.00000000	      0.00000000	  -3209.79077941	    239.18866221	      0.00000000
      1.30600000	      0.00000000	      0.00000000	  -1802.14799418	      0.00000000	      0.00000000	      0.00000000	  -3027.35583740	    292.34140553	      0.00000000
      1.30700000	      0.00000000	      0.00000000	  -1937.15269391	      0.00000000	      0.00000000	      0.00000000	  -2974.07500250	    313.79077619	      0.00000000
      1.30800000	      0.00000000	      0.00000000	  -1493.62457533	      0.00000000	      0.00000000	      0.00000000	  -2560.59259986	    323.66194053	      0.00000000
      1.30900000	      0.00000000	      0.00000000	  -2805.06823442	      0.00000000	      0.00000000	      0.00000000	  -3306.57191711	    173.37625179	      0.00000000
      1.31000000	      0.00000000	      0.00000000	  -2066.86150257	      0.00000000	      0.00000000	      0.00000000	  -3251.13670947	    276.32665191	      0.00000000
      1.31100000	      0.00000000	      0.00000000	  -3233.93340525	      0.00000000	      0.00000000	      0.00000000	  -5025.66588913	      0.00000000	      0.00000000
      1.31200000	      0.00000000	      0.00000000	  -2893.47358600	      0.00000000	      0.00000000	      0.00000000	  -4887.82146648	      0.00000000	      0.00000000
      1.31300000	      0.00000000	      0.00000000	  -3343.40103713	      0.00000000	      0.00000000	      0.00000000	  -4570.09055557	      0.19301958	      0.00000000
      1.31400000	      0.00000000	      0.00000000	  -2526.92939687	      0.00000000	      0.00000000	      0.00000000	  -3071.61001669	    151.51877001	      0.00000000
      1.31500000	      0.00000000	      0.00000000	  -2781.64326165	      0.00000000	      0.00000000	      0.00000000	  -4649.20571527	      0.00000000	      0.00000000
      1.31600000	      0.00000000	      0.00000000	  -2728.01808422	      0.00000000	      0.00000000	      0.00000000	  -3444.27203637	     74.74079854	      0.00000000
      1.31700000	      0.00000000	      0.00000000	  -2943.48483327	      0.00000000	      0.00000000	      0.00000000	  -4215.87986838	      0.00000000	      0.00000000
      1.31800000	      0.00000000	      0.00000000	  -2277.40633288	      0.00000000	      0.00000000	      0.00000000	  -2224.92529374	    302.17842815	      0.00000000
      1.31900000	      0.00000000	      0.00000000	  -2940.58486806	      0.00000000	      0.00000000	      0.00000000	  -4410.87302308	     43.39393170	      0.00000000
      1.32000000	      0.00000000	      0.00000000	  -2074.44603937	      0.00000000	      0.00000000	      0.00000000	  -2078.35564545	    290.99740832	      0.00000000
      1.32100000	      0.00000000	      0.00000000	  -3352.08427732	      0.00000000	      0.00000000	      0.00000000	  -4485.96718280	      0.00000000	      0.00000000
      1.32200000	      0.00000000	      0.00000000	  -2755.46675868	      0.00000000	      0.00000000	      0.00000000	  -3853.96493421	    107.18488943	      0.00000000
      1.32300000	      0.00000000	      0.00000000	  -2201.28673037	      0.00000000	      0.00000000	      0.00000000	  -3875.41113027	    208.04602990	      0.00000000
      1.32400000	      0.00000000	      0.00000000	  -3045.08821113	      0.00000000	      0.00000000	      0.00000000	  -3409.73813155	    105.05864377	      0.00000000
      1.32500000	      0.00000000	      0.00000000	  -3265.90600748	      0.00000000	      0.00000000	      0.00000000	  -5095.59783538	      0.00000000	      0.00000000
      1.32600000	      0.00000000	      0.00000000	  -1633.31724225	      0.00000000	      0.00000000	      0.00000000	  -2739.28600925	    347.49747629	      0.00000000
      1.32700000	      0.00000000	      0.00000000	  -2582.26451702	      0.00000000	      0.00000000	      0.00000000	  -3467.07701270	    154.68259872	      0.00000000
      1.32800000	      0.00000000	      0.00000000	  -2126.94065911	      0.00000000	      0.00000000	      0.00000000	  -2857.46342934	    300.75382097	      0.00000000
      1.32900000	      0.00000000	      0.00000000	  -1727.82208146	      0.00000000	      0.00000000	      0.00000000	  -2730.92927953	    337.21352323	      0.00000000
      1.33000000	      0.00000000	      0.00000000	  -2115.46547527	      0.00000000	      0.00000000	      0.00000000	  -2947.62286646	    280.72590357	      0.00000000
      1.33100000	      0.00000000	      0.00000000	  -3018.41795009	      0.00000000	      0.00000000	      0.00000000	  -5014.69958932	      0.00000000	      0.00000000
      1.33200000	      0.00000000	      0.00000000	  -2423.75370440	      0.00000000	      0.00000000	      0.00000000	  -2905.58991264	    261.76185889	      0.00000000
      1.33300000	      0.00000000	      0.00000000	  -2636.40621915	      0.00000000	      0.00000000	      0.00000000	  -3826.11578158	     74.54298224	      0.00000000
      1.33400000	      0.00000000	      0.00000000	  -3330.48846617	      0.00000000	      0.00000000	      0.00000000	  -4724.36418346	     42.46363991	      0.00000000
      1.33500000	      0.00000000	      0.00000000	  -2318.91768221	      0.00000000	      0.00000000	      0.00000000	  -3800.63114869	    135.12653558	      0.00000000
      1.33600000	      0.00000000	      0.00000000	  -3710.92627695	      0.00000000	      0.00000000	      0.00000000	  -4476.07291544	      0.00000000	      0.00000000
      1.33700000	      0.00000000	      0.00000000	  -2964.94237211	      0.00000000	      0.00000000	      0.00000000	  -4417.89516575	      0.00000000	      0.00000000
      1.33800000	      0.00000000	      0.00000000	  -3552.19785402	      0.00000000	      0.00000000	      0.00000000	  -4838.81640027	      0.00000000	      0.00000000
      1.33900000	      0.00000000	      0.00000000	  -3381.57759384	      0.00000000	      0.00000000	      0.00000000	  -4149.68339128	    188.06779698	      0.00000000
      1.34000000	      0.00000000	      0.00000000	  -3409.65142870	      0.00000000	      0.00000000	      0.00000000	  -4547.14258808	     91.56250805	      0.00000000
      1.34100000	      0.00000000	      0.00000000	  -3712.32920931	      0.00000000	      0.00000000	      0.00000000	  -4660.33417008	      0.00000000	      0.00000000
      1.34200000	      0.00000000	      0.00000000	  -2934.98915160	      0.00000000	      0.00000000	      0.00000000	  -4535.45110603	     56.01468841	      0.00000000
      1.34300000	      0.00000000	      0.00000000	  -2822.41380877	      0.00000000	      0.00000000	      0.00000000	  -2966.97676915	    162.87449879	      0.00000000
      1.34400000	      0.00000000	      0.00000000	  -2811.83887074	      0.00000000	      0.00000000	      0.00000000	  -4383.50897277	     14.45101100	      0.00000000
      1.34500000	      0.00000000	      0.00000000	  -1842.62081920	      0.00000000	      0.00000000	      0.00000000	  -2036.92353077	    287.86417268	      0.00000000
      1.34600000	      0.00000000	      0.00000000	  -3204.96785530	      0.00000000	      0.00000000	      0.00000000	  -3601.13552946	    223.68768200	      0.00000000
      1.34700000	      0.00000000	      0.00000000	  -2757.42086266	      0.00000000	      0.00000000	      0.00000000	  -3115.57519571	    247.51381221	      0.00000000
      1.34800000	      0.00000000	      0.00000000	  -3128.46992141	      0.00000000	      0.00000000	      0.00000000	  -3926.96661047	     97.43085564	      0.00000000
      1.34900000	      0.00000000	      0.00000000	  -3023.41605243	      0.00000000	      0.00000000	      0.00000000	  -4958.78513078	      0.00000000	      0.00000000
      1.35000000	      0.00000000	      0.00000000	  -2793.33706560	      0.00000000	      0.00000000	      0.00000000	  -4545.79219058	      0.00000000	      0.00000000
      1.35100000	      0.00000000	      0.00000000	  -3224.04668555	      0.00000000	      0.00000000	      0.00000000	  -4412.04375769	      0.00000000	      0.00000000
      1.35200000	      0.00000000	      0.00000000	  -2156.30100553	      0.00000000	      0.00000000	      0.00000000	  -3520.64411093	    211.67752980	      0.00000000
      1.35300000	      0.00000000	      0.00000000	  -3366.16368822	      0.00000000	      0.00000000	      0.00000000	  -4868.61798254	      0.00000000	      0.00000000
      1.35400000	      0.00000000	      0.00000000	  -2464.13209131	      0.00000000	      0.00000000	      0.00000000	  -4074.73529684	      0.54001590	      0.00000000
      1.35500000	      0.00000000	      0.00000000	  -2635.09273838	      0.00000000	      0.00000000	      0.00000000	  -2751.41391019	    346.69443838	      0.00000000
      1.35600000	      0.00000000	      0.00000000	  -3974.55269319	      0.00000000	      0.00000000	      0.00000000	  -4650.56349089	      5.66024999	      0.00000000
      1.35700000	      0.00000000	      0.00000000	  -3577.21943298	      0.00000000	      0.00000000	      0.00000000	  -4745.81614413	      0.00000000	      0.00000000
      1.35800000	      0.00000000	      0.00000000	  -1705.85458137	      0.00000000	      0.00000000	      0.00000000	  -2560.86393012	    301.52917134	      0.00000000
      1.35900000	      0.00000000	      0.00000000	  -2991.73558469	      0.00000000	      0.00000000	      0.00000000	  -3841.48738125	     41.08851108	      0.00000000
      1.36000000	      0.00000000	      0.00000000	  -2924.78851224	      0.00000000	      0.00000000	      0.00000000	  -4795.17110820	     27.46370102	      0.00000000
      1.36100000	      0.00000000	      0.00000000	  -3171.07349986	      0.00000000	      0.00000000	      0.00000000	  -3568.35039925	    188.86309473	      0.00000000
      1.36200000	      0.00000000	      0.00000000	  -2804.90723107	      0.00000000	      0.00000000	      0.00000000	  -3384.43022647	    258.35985665	      0.00000000
      1.36300000	      0.00000000	      0.00000000	  -3771.24118206	      0.00000000	      0.00000000	      0.00000000	  -4421.39252852	    104.34234042	      0.00000000
      1.36400000	      0.00000000	      0.00000000	  -2384.96684243	      0.00000000	      0.00000000	      0.00000000	  -2420.08552729	    364.08014921	      0.00000000
      1.36500000	      0.00000000	      0.00000000	  -3445.59390915	      0.00000000	      0.00000000	      0.00000000	  -4867.23185874	      0.00000000	      0.00000000
      1.36600000	      0.00000000	      0.00000000	  -2537.86249647	      0.00000000	      0.00000000	      0.00000000	  -4124.38527485	     41.71207974	      0.00000000
      1.36700000	      0.00000000	      0.00000000	  -1520.68488600	      0.00000000	      0.00000000	      0.00000000	  -2258.80826574	    256.96703754	      0.00000000
      1.36800000	      0.00000000	      0.00000000	  -4046.13739190	      0.00000000	      0.00000000	      0.00000000	  -5070.51217667	      0.00000000	      0.00000000
      1.36900000	      0.00000000	      0.00000000	  -3209.93432349	      0.00000000	      0.00000000	      0.00000000	  -4594.86912219	      0.03456971	      0.00000000
      1.37000000	      0.00000000	      0.00000000	  -2462.73687131	      0.00000000	      0.00000000	      0.00000000	  -2759.78966503	    217.27786309	      0.00000000
      1.37100000	      0.00000000	      0.00000000	  -1731.65433416	      0.00000000	      0.00000000	      0.00000000	  -2484.61043868	    218.58430525	      0.00000000
      1.37200000	      0.00000000	      0.00000000	  -2503.82644189	      0.00000000	      0.00000000	      0.00000000	  -3190.29072801	    216.88308100	      0.00000000
      1.37300000	      0.00000000	      0.00000000	  -2801.25997521	      0.00000000	      0.00000000	      0.00000000	  -4256.61009153	    164.55071807	      0.00000000
      1.37400000	      0.00000000	      0.00000000	  -2898.73787495	      0.00000000	      0.00000000	      0.00000000	  -4032.56293718	    134.60678903	      0.00000000
      1.37500000	      0.00000000	      0.00000000	  -3059.39071612	      0.00000000	      0.00000000	      0.00000000	  -3873.27137336	    180.94464830	      0.00000000
      1.37600000	      0.00000000	      0.00000000	  -2140.07600480	      0.00000000	      0.00000000	      0.00000000	  -3520.98164796	    137.81279000	      0.00000000
      1.37700000	      0.00000000	      0.00000000	  -4046.82961023	      0.00000000	      0.00000000	      0.00000000	  -4883.66596600	      5.26646614	      0.00000000
      1.37800000	      0.00000000	      0.00000000	  -3494.13886762	      0.00000000	      0.00000000	      0.00000000	  -4330.74330812	    134.22059564	      0.00000000
      1.37900000	      0.00000000	      0.00000000	  -3235.88706846	      0.00000000	      0.00000000	      0.00000000	  -4423.27003278	      0.00000000	      0.00000000
      1.38000000	      0.00000000	      0.00000000	  -3918.75260053	      0.00000000	      0.00000000	      0.00000000	  -4824.29593458	      0.00000000	      0.00000000
      1.38100000	      0.00000000	      0.00000000	  -3712.84453047	      0.00000000	      0.00000000	      0.00000000	  -4925.06176402	      0.00000000	      0.00000000
      1.38200000	      0.00000000	      0.00000000	  -2776.05545547	      0.00000000	      0.00000000	      0.00000000	  -4376.57683824	    101.18516785	      0.00000000
      1.38300000	      0.00000000	      0.00000000	  -1623.24017632	      0.00000000	      0.00000000	      0.00000000	  -2641.52932455	    373.69866167	      0.00000000
      1.38400000	      0.00000000	      0.00000000	  -2774.12959312	      0.00000000	      0.00000000	      0.00000000	  -3061.65792230	    149.78093468	      0.00000000
      1.38500000	      0.00000000	      0.00000000	  -4041.31916457	      0.00000000	      0.00000000	      0.00000000	  -4645.46443852	     40.85179992	      0.00000000
      1.38600000	      0.00000000	      0.00000000	  -2181.43446300	      0.00000000	      0.00000000	      0.00000000	  -3095.78919514	    216.84793992	      0.00000000
      1.38700000	      0.00000000	      0.00000000	  -2419.61909976	      0.00000000	      0.00000000	      0.00000000	  -3139.81802496	    326.27527004	      0.00000000
      1.38800000	      0.00000000	      0.00000000	  -2928.93844367	      0.00000000	      0.00000000	      0.00000000	  -2850.59331847	    234.18201726	      0.00000000
      1.38900000	      0.00000000	      0.00000000	  -2312.68893270	      0.00000000	      0.00000000	      0.00000000	  -3488.18173268	    116.57847380	      0.00000000
      1.39000000	      0.00000000	      0.00000000	  -3858.57357417	      0.00000000	      0.00000000	      0.00000000	  -4933.31242267	      0.00000000	      0.00000000
      1.39100000	      0.00000000	      0.00000000	  -3539.55381867	      0.00000000	      0.00000000	      0.00000000	  -4784.09871470	      0.00000000	      0.00000000
      1.39200000	      0.00000000	      0.00000000	  -2531.38062363	      0.00000000	      0.00000000	      0.00000000	  -3751.40461480	    125.90131623	      0.00000000
      1.39300000	      0.00000000	      0.00000000	  -3606.50525162	      0.00000000	      0.00000000	      0.00000000	  -4673.83646330	     12.42075377	      0.00000000
      1.39400000	      0.00000000	      0.00000000	  -2731.60255401	      0.00000000	      0.00000000	      0.00000000	  -3874.38626923	     26.79619612	      0.00000000
      1.39500000	      0.00000000	      0.00000000	  -3062.70512111	      0.00000000	      0.00000000	      0.00000000	  -4452.27213778	     44.67488012	      0.00000000
      1.39600000	      0.00000000	      0.00000000	  -1676.68946723	      0.00000000	      0.00000000	      0.00000000	  -2648.32529149	    290.12553489	      0.00000000
      1.39700000	      0.00000000	      0.00000000	  -2172.23152152	      0.00000000	      0.00000000	      0.00000000	  -2482.83585311	    347.09236720	      0.00000000
      1.39800000	      0.00000000	      0.00000000	  -2435.79304814	      0.00000000	      0.00000000	      0.00000000	  -2298.90634375	    258.85525263	      0.00000000
      1.39900000	      0.00000000	      0.00000000	  -3382.27046935	      0.00000000	      0.00000000	      0.00000000	  -3774.35625039	    206.46353753	      0.00000000
      1.40000000	      0.00000000	      0.00000000	  -2077.10517776	      0.00000000	      0.00000000	      0.00000000	  -2705.51781010	    208.05809422	      0.00000000
      1.40100000	      0.00000000	      0.00000000	  -1657.78437813	      0.00000000	      0.00000000	      0.00000000	  -2261.72479571	    299.06474047	      0.00000000
      1.40200000	      0.00000000	      0.00000000	  -2299.80912308	      0.00000000	      0.00000000	      0.00000000	  -3601.60002459	    190.02929371	      0.00000000
      1.40300000	      0.00000000	      0.00000000	  -2650.56085744	      0.00000000	      0.00000000	      0.00000000	  -2491.54268620	    200.13031786	      0.00000000
      1.40400000	      0.00000000	      0.00000000	  -3628.67537851	      0.00000000	      0.00000000	      0.00000000	  -4258.77687945	      0.08850043	      0.00000000
      1.40500000	      0.00000000	      0.00000000	  -3324.67386145	      0.00000000	      0.00000000	      0.00000000	  -3939.63286104	     68.78556644	      0.00000000
      1.40600000	      0.00000000	      0.00000000	  -3841.21112494	      0.00000000	      0.00000000	      0.00000000	  -4831.38767373	      0.00000000	      0.00000000
      1.40700000	      0.00000000	      0.00000000	  -2903.28457648	      0.00000000	      0.00000000	      0.00000000	  -4057.54078088	    149.17222297	      0.00000000
      1.40800000	      0.00000000	      0.00000000	  -2891.85100041	      0.00000000	      0.00000000	      0.00000000	  -3743.05557896	    240.02716166	      0.00000000
      1.40900000	      0.00000000	      0.00000000	  -3181.55431017	      0.00000000	      0.00000000	      0.00000000	  -3250.92842775	    158.41211288	      0.00000000
      1.41000000	      0.00000000	      0.00000000	  -3045.18137311	      0.00000000	      0.00000000	      0.00000000	  -4062.54677251	      9.66553662	      0.00000000
      1.41100000	      0.00000000	      0.00000000	  -3317.78413137	      0.00000000	      0.00000000	      0.00000000	  -3970.24672971	    118.32092281	      0.00000000
      1.41200000	      0.00000000	      0.00000000	  -4272.89270324	      0.00000000	      0.00000000	      0.00000000	  -5049.32573824	      0.00000000	      0.00000000
      1.41300000	      0.00000000	      0.00000000	  -1949.56791602	      0.00000000	      0.00000000	      0.00000000	  -2717.91434107	    362.33335747	      0.00000000
      1.41400000	      0.00000000	      0.00000000	  -3090.13442037	      0.00000000	      0.00000000	      0.00000000	  -4848.66124458	      0.00000000	      0.00000000
      1.41500000	      0.00000000	      0.00000000	  -4280.57060114	      0.00000000	      0.00000000	      0.00000000	  -5064.36802312	      0.00000000	      0.00000000
      1.41600000	      0.00000000	      0.00000000	  -2527.62565950	      0.00000000	      0.00000000	      0.00000000	  -2861.78012442	    223.56759120	      0.00000000
      1.41700000	      0.00000000	      0.00000000	  -2612.40742636	      0.00000000	      0.00000000	      0.00000000	  -3975.68946589	    163.23836286	      0.00000000
      1.41800000	      0.00000000	      0.00000000	  -3204.27701241	      0.00000000	      0.00000000	      0.00000000	  -4603.96599407	     87.87959353	      0.00000000
      1.41900000	      0.00000000	      0.00000000	  -2457.04202325	      0.00000000	      0.00000000	      0.00000000	  -3200.01159063	    231.11476123	      0.00000000
      1.42000000	      0.00000000	      0.00000000	  -2653.20009742	      0.00000000	      0.00000000	      0.00000000	  -4062.03568014	      3.62272409	      0.00000000
      1.42100000	      0.00000000	      0.00000000	  -4074.83934279	      0.00000000	      0.00000000	      0.00000000	  -4536.86135105	      1.32969837	      0.00000000
      1.42200000	      0.00000000	      0.00000000	  -2158.15570664	      0.00000000	      0.00000000	      0.00000000	  -2484.54242139	    258.31964477	      0.00000000
      1.42300000	      0.00000000	      0.00000000	  -3747.57139802	      0.00000000	      0.00000000	      0.00000000	  -4901.12314066	      2.49060832	      0.00000000
      1.42400000	      0.00000000	      0.00000000	  -2438.44272958	      0.00000000	      0.00000000	      0.00000000	  -2442.99446194	    367.96433266	      0.00000000
      1.42500000	      0.00000000	      0.00000000	  -1831.71047480	      0.00000000	      0.00000000	      0.00000000	  -2294.87012136	    256.22585894	      0.00000000
      1.42600000	      0.00000000	      0.00000000	  -2345.52508229	      0.00000000	      0.00000000	      0.00000000	  -2244.04666500	    257.06326951	      0.00000000
      1.42700000	      0.00000000	      0.00000000	  -1808.01733778	      0.00000000	      0.00000000	      0.00000000	  -1857.95818777	    315.48062496	      0.00000000
      1.42800000	      0.00000000	      0.00000000	  -3822.45471339	      0.00000000	      0.00000000	      0.00000000	  -5007.28321745	      0.00000000	      0.00000000
      1.42900000	      0.00000000	      0.00000000	  -4337.80316656	      0.00000000	      0.00000000	      0.00000000	  -4843.37055238	      0.00000000	      0.00000000
      1.43000000	      0.00000000	      0.00000000	  -3793.56178619	      0.00000000	      0.00000000	      0.00000000	  -4052.24475311	    172.14206405	      0.00000000
      1.43100000	      0.00000000	      0.00000000	  -2495.90741054	      0.00000000	      0.00000000	      0.00000000	  -3139.06245481	    326.05220812	      0.00000000
      1.43200000	      0.00000000	      0.00000000	  -3390.10363681	      0.00000000	      0.00000000	      0.00000000	  -4201.04044643	      0.78435757	      0.00000000
      1.43300000	      0.00000000	      0.00000000	  -2619.10933580	      0.00000000	      0.00000000	      0.00000000	  -3625.29499356	     69.06229448	      0.00000000
      1.43400000	      0.00000000	      0.00000000	  -2992.98602088	      0.00000000	      0.00000000	      0.00000000	  -4511.01548431	      0.00000000	      0.00000000
      1.43500000	      0.00000000	      0.00000000	  -3822.07279628	      0.00000000	      0.00000000	      0.00000000	  -4360.59036981	     37.97045270	      0.00000000
      1.43600000	      0.00000000	      0.00000000	  -3147.44182997	      0.00000000	      0.00000000	      0.00000000	  -2896.29146085	    256.09707866	      0.00000000
      1.43700000	      0.00000000	      0.00000000	  -3380.93316912	      0.00000000	      0.00000000	      0.00000000	  -4625.62933933	      5.52942485	      0.00000000
      1.43800000	      0.00000000	      0.00000000	  -2891.68784091	      0.00000000	      0.00000000	      0.00000000	  -3029.47184846	    186.68902823	      0.00000000
      1.43900000	      0.00000000	      0.00000000	  -2898.43529681	      0.00000000	      0.00000000	      0.00000000	  -3260.45481184	    313.72570801	      0.00000000
      1.44000000	      0.00000000	      0.00000000	  -2305.00094698	      0.00000000	      0.00000000	      0.00000000	  -2184.48607366	    315.99839304	      0.00000000
      1.44100000	      0.00000000	      0.00000000	  -2981.60959983	      0.00000000	      0.00000000	      0.00000000	  -4529.10671285	     54.31276361	      0.00000000
      1.44200000	      0.00000000	      0.00000000	  -3425.26152855	      0.00000000	      0.00000000	      0.00000000	  -5021.51033936	      0.00000000	      0.00000000
      1.44300000	      0.00000000	      0.00000000	  -3615.95219601	      0.00000000	      0.00000000	      0.00000000	  -3947.45310361	    177.50757622	      0.00000000
      1.44400000	      0.00000000	      0.00000000	  -3016.94688001	      0.00000000	      0.00000000	      0.00000000	  -3976.69174782	     50.07787085	      0.00000000
      1.44500000	      0.00000000	      0.00000000	  -2872.36980977	      0.00000000	      0.00000000	      0.00000000	  -2774.96974597	    160.16998029	      0.00000000
      1.44600000	      0.00000000	      0.00000000	  -2548.30460179	      0.00000000	      0.00000000	      0.00000000	  -3728.63598302	    198.12347065	      0.00000000
      1.44700000	      0.00000000	      0.00000000	  -2252.75063694	      0.00000000	      0.00000000	      0.00000000	  -2274.98471261	    339.15632175	      0.00000000
      1.44800000	      0.00000000	      0.00000000	  -3034.98470163	      0.00000000	      0.00000000	      0.00000000	  -4377.96384953	    110.14598052	      0.00000000
      1.44900000	      0.00000000	      0.00000000	  -3227.28964447	      0.00000000	      0.00000000	      0.00000000	  -4506.22044710	      0.00000000	      0.00000000
      1.45000000	      0.00000000	      0.00000000	  -2912.64197101	      0.00000000	      0.00000000	      0.00000000	  -3499.32443231	    225.71444590	      0.00000000
      1.45100000	      0.00000000	      0.00000000	  -3882.56907835	      0.00000000	      0.00000000	      0.00000000	  -4708.75290063	      4.86628933	      0.00000000
      1.45200000	      0.00000000	      0.00000000	  -2725.00476273	      0.00000000	      0.00000000	      0.00000000	  -2718.54518624	    192.01292990	      0.00000000
      1.45300000	      0.00000000	      0.00000000	  -3052.44182711	      0.00000000	      0.00000000	      0.00000000	  -3531.13579889	    236.59196160	      0.00000000
      1.45400000	      0.00000000	      0.00000000	  -2678.67302513	      0.00000000	      0.00000000	      0.00000000	  -3528.63571588	     92.29553910	      0.00000000
      1.45500000	      0.00000000	      0.00000000	  -3110.07011041	      0.00000000	      0.00000000	      0.00000000	  -4497.20299093	     96.11591809	      0.00000000
      1.45600000	      0.00000000	      0.00000000	  -3666.33044553	      0.00000000	      0.00000000	      0.00000000	  -4814.46229922	      0.00000000	      0.00000000
      1.45700000	      0.00000000	      0.00000000	  -3793.45736476	      0.00000000	      0.00000000	      0.00000000	  -4786.25258862	      0.00000000	      0.00000000
      1.45800000	      0.00000000	      0.00000000	  -3397.58080974	      0.00000000	      0.00000000	      0.00000000	  -3986.37514680	      6.54208110	      0.00000000
      1.45900000	      0.00000000	      0.00000000	  -2204.27385558	      0.00000000	      0.00000000	      0.00000000	  -1966.61106599	    316.07200474	      0.00000000
      1.46000000	      0.00000000	      0.00000000	  -3205.36014392	      0.00000000	      0.00000000	      0.00000000	  -4284.94913528	      0.00000000	      0.00000000
      1.46100000	      0.00000000	      0.00000000	  -2233.98500594	      0.00000000	      0.00000000	      0.00000000	  -3193.79314020	    156.28055099	      0.00000000
      1.46200000	      0.00000000	      0.00000000	  -2502.58137089	      0.00000000	      0.00000000	      0.00000000	  -3618.46489628	    164.95256860	      0.00000000
      1.46300000	      0.00000000	      0.00000000	  -2757.20815516	      0.00000000	      0.00000000	      0.00000000	  -3334.40813522	    297.46763399	      0.00000000
      1.46400000	      0.00000000	      0.00000000	  -2677.90419428	      0.00000000	      0.00000000	      0.00000000	  -2501.51983376	    263.40954031	      0.00000000
      1.46500000	      0.00000000	      0.00000000	  -2506.47290674	      0.00000000	      0.00000000	      0.00000000	  -3385.39088486	    263.92440488	      0.00000000
      1.46600000	      0.00000000	      0.00000000	  -2428.37111575	      0.00000000	      0.00000000	      0.00000000	  -1838.12620359	    289.00903501	      0.00000000
      1.46700000	      0.00000000	      0.00000000	  -3568.25966847	      0.00000000	      0.00000000	      0.00000000	  -3769.75499050	     83.27057459	      0.00000000
      1.46800000	      0.00000000	      0.00000000	  -4028.94097177	      0.00000000	      0.00000000	      0.00000000	  -4659.01308316	     39.48288325	      0.00000000
      1.46900000	      0.00000000	      0.00000000	  -2897.29170867	      0.00000000	      0.00000000	      0.00000000	  -2584.14389830	    317.53868080	      0.00000000
      1.47000000	      0.00000000	      0.00000000	  -3451.98178124	      0.00000000	      0.00000000	      0.00000000	  -4867.80665358	      0.00000000	      0.00000000
      1.47100000	      0.00000000	      0.00000000	  -4453.76834742	      0.00000000	      0.00000000	      0.00000000	  -4847.28680240	      0.00000000	      0.00000000
      1.47200000	      0.00000000	      0.00000000	  -3213.11325458	      0.00000000	      0.00000000	      0.00000000	  -4008.21661489	    140.73101498	      0.00000000
      1.47300000	      0.00000000	      0.00000000	  -3817.47219947	      0.00000000	      0.00000000	      0.00000000	  -4188.01516486	     59.13809665	      0.00000000
      1.47400000	      0.00000000	      0.00000000	  -3059.31376613	      0.00000000	      0.00000000	      0.00000000	  -2639.29786312	    356.57842988	      0.00000000
      1.47500000	      0.00000000	      0.00000000	  -2378.19614825	      0.00000000	      0.00000000	      0.00000000	  -2941.57507133	    347.94286800	      0.00000000
      1.47600000	      0.00000000	      0.00000000	  -2497.55473356	      0.00000000	      0.00000000	      0.00000000	  -3403.07690990	    202.11267644	      0.00000000
      1.47700000	      0.00000000	      0.00000000	  -2374.27295353	      0.00000000	      0.00000000	      0.00000000	  -2768.86000238	    252.97280630	      0.00000000
      1.47800000	      0.00000000	      0.00000000	  -3310.03216678	      0.00000000	      0.00000000	      0.00000000	  -3810.45632869	    116.39169543	      0.00000000
      1.47900000	      0.00000000	      0.00000000	  -3102.23476205	      0.00000000	      0.00000000	      0.00000000	  -3807.40597547	     36.50383666	      0.00000000
      1.48000000	      0.00000000	      0.00000000	  -3988.99486355	      0.00000000	      0.00000000	      0.00000000	  -4867.06795852	      0.00000000	      0.00000000
      1.48100000	      0.00000000	      0.00000000	  -2174.65004578	      0.00000000	      0.00000000	      0.00000000	  -2252.78953832	    221.71899055	      0.00000000
      1.48200000	      0.00000000	      0.00000000	  -3538.20095938	      0.00000000	      0.00000000	      0.00000000	  -3482.07260989	    131.94806198	      0.00000000
      1.48300000	      0.00000000	      0.00000000	  -3795.75050025	      0.00000000	      0.00000000	      0.00000000	  -3626.27455408	    249.92435223	      0.00000000
      1.48400000	      0.00000000	      0.00000000	  -2755.94550945	      0.00000000	      0.00000000	      0.00000000	  -2446.52304711	    248.36474847	      0.00000000
      1.48500000	      0.00000000	      0.00000000	  -3647.98593670	      0.00000000	      0.00000000	      0.00000000	  -4701.77029513	     60.45822814	      0.00000000
      1.48600000	      0.00000000	      0.00000000	  -4263.04125376	      0.00000000	      0.00000000	      0.00000000	  -4884.83286897	      0.00000000	      0.00000000
      1.48700000	      0.00000000	      0.00000000	  -2713.44917038	      0.00000000	      0.00000000	      0.00000000	  -2658.34485334	    202.48107346	      0.00000000
      1.48800000	      0.00000000	      0.00000000	  -2718.86085635	      0.00000000	      0.00000000	      0.00000000	  -2139.85145006	    382.81364375	      0.00000000
      1.48900000	      0.00000000	      0.00000000	  -3510.84643958	      0.00000000	      0.00000000	      0.00000000	  -4781.90796086	      0.12895418	      0.00000000
      1.49000000	      0.00000000	      0.00000000	  -2964.60159877	      0.00000000	      0.00000000	      0.00000000	  -3913.04108214	    193.26114106	      0.00000000
      1.49100000	      0.00000000	      0.00000000	  -3103.57629059	      0.00000000	      0.00000000	      0.00000000	  -3590.83801725	     88.07380685	      0.00000000
      1.49200000	      0.00000000	      0.00000000	  -4201.57859615	      0.00000000	      0.00000000	      0.00000000	  -5050.34775665	      0.00000000	      0.00000000
      1.49300000	      0.00000000	      0.00000000	  -2815.17270692	      0.00000000	      0.00000000	      0.00000000	  -3987.14577261	     60.76704977	      0.00000000
      1.49400000	      0.00000000	      0.00000000	  -3748.41616878	      0.00000000	      0.00000000	      0.00000000	  -4195.35287589	      0.00000000	      0.00000000
      1.49500000	      0.00000000	      0.00000000	  -2622.80574703	      0.00000000	      0.00000000	      0.00000000	  -2132.09103534	    349.80762767	      0.00000000
      1.49600000	      0.00000000	      0.00000000	  -3491.88358103	      0.00000000	      0.00000000	      0.00000000	  -3238.09160411	    248.73536384	      0.00000000
      1.49700000	      0.00000000	      0.00000000	  -2771.81619192	      0.00000000	      0.00000000	      0.00000000	  -2556.45445180	    368.46625613	      0.00000000
      1.49800000	      0.00000000	      0.00000000	  -4375.71680221	      0.00000000	      0.00000000	      0.00000000	  -4459.49319208	     24.67661724	      0.00000000
      1.49900000	      0.00000000	      0.00000000	  -1803.31933603	      0.00000000	      0.00000000	      0.00000000	  -2181.38527667	    273.89047634	      0.00000000
      1.50000000	      0.00000000	      0.00000000	  -3595.72857362	      0.00000000	      0.00000000	      0.00000000	  -4767.92303616	      7.82171944	      0.00000000
      1.50100000	      0.00000000	      0.00000000	  -3827.27976732	      0.00000000	      0.00000000	      0.00000000	  -4277.97168529	     14.60693457	      0.00000000
      1.50200000	      0.00000000	      0.00000000	  -2323.65475551	      0.00000000	      0.00000000	      0.00000000	  -2146.46519933	    321.84554218	      0.00000000
      1.50300000	      0.00000000	      0.00000000	  -3723.27411208	      0.00000000	      0.00000000	      0.00000000	  -3945.45077329	     73.89888598	      0.00000000
      1.50400000	      0.00000000	      0.00000000	  -1892.82069858	      0.00000000	      0.00000000	      0.00000000	  -1600.78260075	    317.28120051	      0.00000000
      1.50500000	      0.00000000	      0.00000000	  -3199.91331329	      0.00000000	      0.00000000	      0.00000000	  -2538.30941926	    323.49744213	      0.00000000
      1.50600000	      0.00000000	      0.00000000	  -4168.41285604	      0.00000000	      0.00000000	      0.00000000	  -4010.25516462	     44.77639882	      0.00000000
      1.50700000	      0.00000000	      0.00000000	  -4168.98018337	      0.00000000	      0.00000000	      0.00000000	  -4504.66358569	      0.00000000	      0.00000000
      1.50800000	      0.00000000	      0.00000000	  -3302.20130928	      0.00000000	      0.00000000	      0.00000000	  -4293.35024183	    136.69884860	      0.00000000
      1.50900000	      0.00000000	      0.00000000	  -3435.16806576	      0.00000000	      0.00000000	      0.00000000	  -4740.52646623	     12.19565733	      0.00000000
      1.51000000	      0.00000000	      0.00000000	  -3871.22881074	      0.00000000	      0.00000000	      0.00000000	  -3916.86374100	    107.68162355	      0.00000000
      1.51100000	      0.00000000	      0.00000000	  -4086.97393612	      0.00000000	      0.00000000	      0.00000000	  -4623.72785379	     47.96582937	      0.00000000
      1.51200000	      0.00000000	      0.00000000	  -3372.64621595	      0.00000000	      0.00000000	      0.00000000	  -4117.14988641	    179.51151260	      0.00000000
      1.51300000	      0.00000000	      0.00000000	  -2408.01368675	      0.00000000	      0.00000000	      0.00000000	  -2720.25665067	    367.17606908	      0.00000000
      1.51400000	      0.00000000	      0.00000000	  -3783.80839896	      0.00000000	      0.00000000	      0.00000000	  -4928.32601258	      0.00000013	      0.00000000
      1.51500000	      0.00000000	      0.00000000	  -4554.04727541	      0.00000000	      0.00000000	      0.00000000	  -4791.63925553	      0.99537903	      0.00000000
      1.51600000	      0.00000000	      0.00000000	  -3504.11628673	      0.00000000	      0.00000000	      0.00000000	  -3334.43267115	     99.59155588	      0.00000000
      1.51700000	      0.00000000	      0.00000000	  -2238.88369003	      0.00000000	      0.00000000	      0.00000000	  -2755.45071825	    255.94365772	      0.00000000
      1.51800000	      0.00000000	      0.00000000	  -2647.59027115	      0.00000000	      0.00000000	      0.00000000	  -2858.64715487	    176.13246282	      0.00000000
      1.51900000	      0.00000000	      0.00000000	  -3364.02403084	      0.00000000	      0.00000000	      0.00000000	  -3449.30707691	    222.37460306	      0.00000000
      1.52000000	      0.00000000	      0.00000000	  -2936.45650243	      0.00000000	      0.00000000	      0.00000000	  -2993.11465033	    308.53600285	      0.00000000
      1.52100000	      0.00000000	      0.00000000	  -2137.50212315	      0.00000000	      0.00000000	      0.00000000	  -2513.41791808	    307.10746920	      0.00000000
      1.52200000	      0.00000000	      0.00000000	  -4305.53506044	      0.00000000	      0.00000000	      0.00000000	  -4658.39503278	      0.00000000	      0.00000000
      1.52300000	      0.00000000	      0.00000000	  -2977.12884172	      0.00000000	      0.00000000	      0.00000000	  -3524.90474810	    193.76683540	      0.00000000
      1.52400000	      0.00000000	      0.00000000	  -2760.67666258	      0.00000000	      0.00000000	      0.00000000	  -2815.48318314	    198.55921011	      0.00000000
      1.52500000	      0.00000000	      0.00000000	  -2576.97433663	      0.00000000	      0.00000000	      0.00000000	  -1792.13548390	    248.50898381	      0.00000000
      1.52600000	      0.00000000	      0.00000000	  -2484.79586219	      0.00000000	      0.00000000	      0.00000000	  -3067.10654987	    301.39821557	      0.00000000
      1.52700000	      0.00000000	      0.00000000	  -3387.22428411	      0.00000000	      0.00000000	      0.00000000	  -3858.60190080	    175.00793966	      0.00000000
      1.52800000	      0.00000000	      0.00000000	  -3504.52688873	      0.00000000	      0.00000000	      0.00000000	  -3348.74888367	    205.85981443	      0.00000000
      1.52900000	      0.00000000	      0.00000000	  -3345.21880803	      0.00000000	      0.00000000	      0.00000000	  -3280.10223425	    254.08764804	      0.00000000
      1.53000000	      0.00000000	      0.00000000	  -3719.20092530	      0.00000000	      0.00000000	      0.00000000	  -4717.86109361	     40.70008087	      0.00000000
      1.53100000	      0.00000000	      0.00000000	  -3608.85836237	      0.00000000	      0.00000000	      0.00000000	  -4258.90121909	      0.00000000	      0.00000000
      1.53200000	      0.00000000	      0.00000000	  -4424.88569685	      0.00000000	      0.00000000	      0.00000000	  -4300.12546989	     39.27375314	      0.00000000
      1.53300000	      0.00000000	      0.00000000	  -4145.59313979	      0.00000000	      0.00000000	      0.00000000	  -4274.24887770	    105.51041318	      0.00000000
      1.53400000	      0.00000000	      0.00000000	  -2141.89778533	      0.00000000	      0.00000000	      0.00000000	  -1688.53308818	    338.29920461	      0.00000000
      1.53500000	      0.00000000	      0.00000000	  -3174.10771163	      0.00000000	      0.00000000	      0.00000000	  -2761.05154842	    179.34078324	      0.00000000
      1.53600000	      0.00000000	      0.00000000	  -3923.63114201	      0.00000000	      0.00000000	      0.00000000	  -4774.29599658	      0.00000000	      0.00000000
      1.53700000	      0.00000000	      0.00000000	  -4200.63543105	      0.00000000	      0.00000000	      0.00000000	  -3985.68358273	    109.56080155	      0.00000000
      1.53800000	      0.00000000	      0.00000000	  -3506.21889456	      0.00000000	      0.00000000	      0.00000000	  -4327.82667398	      0.00000000	      0.00000000
      1.53900000	      0.00000000	      0.00000000	  -2188.42762891	      0.00000000	      0.00000000	      0.00000000	  -1684.22382226	    317.01414204	      0.00000000
      1.54000000	      0.00000000	      0.00000000	  -2123.41401311	      0.00000000	      0.00000000	      0.00000000	  -2317.93068575	    259.45556920	      0.00000000
      1.54100000	      0.00000000	      0.00000000	  -4590.65668429	      0.00000000	      0.00000000	      0.00000000	  -4827.44027507	     30.85283858	      0.00000000
      1.54200000	      0.00000000	      0.00000000	  -3562.51706238	      0.00000000	      0.00000000	      0.00000000	  -3534.57885702	     97.26737792	      0.00000000
      1.54300000	      0.00000000	      0.00000000	  -3118.26829009	      0.00000000	      0.00000000	      0.00000000	  -2427.90927515	    367.56170263	      0.00000000
      1.54400000	      0.00000000	      0.00000000	  -3046.06629333	      0.00000000	      0.00000000	      0.00000000	  -3498.73505413	    161.34453040	      0.00000000
      1.54500000	      0.00000000	      0.00000000	  -4086.87412845	      0.00000000	      0.00000000	      0.00000000	  -4021.21851872	     49.88804254	      0.00000000
      1.54600000	      0.00000000	      0.00000000	  -2656.51508677	      0.00000000	      0.00000000	      0.00000000	  -2260.35282264	    342.37777328	      0.00000000
      1.54700000	      0.00000000	      0.00000000	  -3209.86293725	      0.00000000	      0.00000000	      0.00000000	  -2403.99053069	    233.51850124	      0.00000000
      1.54800000	      0.00000000	      0.00000000	  -3111.19229464	      0.00000000	      0.00000000	      0.00000000	  -3329.41964681	    237.36518981	      0.00000000
      1.54900000	      0.00000000	      0.00000000	  -4344.39052887	      0.00000000	      0.00000000	      0.00000000	  -4994.09828119	      0.00000000	      0.00000000
      1.55000000	      0.00000000	      0.00000000	  -1988.72619102	      0.00000000	      0.00000000	      0.00000000	  -2141.27148977	    245.92097030	      0.00000000
      1.55100000	      0.00000000	      0.00000000	  -4126.62398655	      0.00000000	      0.00000000	      0.00000000	  -4711.28031910	     40.83432306	      0.00000000
      1.55200000	      0.00000000	      0.00000000	  -2619.24318724	      0.00000000	      0.00000000	      0.00000000	  -1740.11221472	    375.70097514	      0.00000000
      1.55300000	      0.00000000	      0.00000000	  -4747.24958418	      0.00000000	      0.00000000	      0.00000000	  -4757.88728001	      0.00000000	      0.00000000
      1.55400000	      0.00000000	      0.00000000	  -2854.07587198	      0.00000000	      0.00000000	      0.00000000	  -2607.05462135	    356.86377525	      0.00000000
      1.55500000	      0.00000000	      0.00000000	  -3712.74712335	      0.00000000	      0.00000000	      0.00000000	  -4223.22618261	     69.83482325	      0.00000000
      1.55600000	      0.00000000	      0.00000000	  -3686.82181613	      0.00000000	      0.00000000	      0.00000000	  -3482.99893163	    222.99681635	      0.00000000
      1.55700000	      0.00000000	      0.00000000	  -4168.04742885	      0.00000000	      0.00000000	      0.00000000	  -4509.31428053	     52.22994401	      0.00000000
      1.55800000	      0.00000000	      0.00000000	  -2020.16311311	      0.00000000	      0.00000000	      0.00000000	  -1700.37438625	    332.38720329	      0.00000000
      1.55900000	      0.00000000	      0.00000000	  -3444.22459715	      0.00000000	      0.00000000	      0.00000000	  -3840.99818443	    157.30022526	      0.00000000
      1.56000000	      0.00000000	      0.00000000	  -1873.70927988	      0.00000000	      0.00000000	      0.00000000	  -1701.29389176	    266.46718786	      0.00000000
      1.56100000	      0.00000000	      0.00000000	  -3384.31216749	      0.00000000	      0.00000000	      0.00000000	  -2659.40888772	    203.61437859	      0.00000000
      1.56200000	      0.00000000	      0.00000000	  -4846.89998811	      0.00000000	      0.00000000	      0.00000000	  -4687.44530889	     25.03777452	      0.00000000
      1.56300000	      0.00000000	      0.00000000	  -4369.20117575	      0.00000000	      0.00000000	      0.00000000	  -4351.23429142	      0.00000000	      0.00000000
      1.56400000	      0.00000000	      0.00000000	  -3939.73033239	      0.00000000	      0.00000000	      0.00000000	  -3725.79180956	     62.23309920	      0.00000000
      1.56500000	      0.00000000	      0.00000000	  -2521.73163044	      0.00000000	      0.00000000	      0.00000000	  -2036.69544661	    300.25281131	      0.00000000
      1.56600000	      0.00000000	      0.00000000	  -3488.33711016	      0.00000000	      0.00000000	      0.00000000	  -3394.16678454	    173.38728861	      0.00000000
      1.56700000	      0.00000000	      0.00000000	  -3373.16460049	      0.00000000	      0.00000000	      0.00000000	  -3138.43874319	    320.69209035	      0.00000000
      1.56800000	      0.00000000	      0.00000000	  -3286.36438998	      0.00000000	      0.00000000	      0.00000000	  -2539.74897076	    290.04854103	      0.00000000
      1.56900000	      0.00000000	      0.00000000	  -2388.51826070	      0.00000000	      0.00000000	      0.00000000	  -2119.15109139	    222.95478971	      0.00000000
      1.57000000	      0.00000000	      0.00000000	  -4513.13772880	      0.00000000	      0.00000000	      0.00000000	  -4786.48458759	      1.97965805	      0.00000000
      1.57100000	      0.00000000	      0.00000000	  -4580.84960819	      0.00000000	      0.00000000	      0.00000000	  -4342.54562360	    109.42383208	      0.00000000
      1.57200000	      0.00000000	      0.00000000	  -2786.07805053	      0.00000000	      0.00000000	      0.00000000	  -3002.73403464	    247.29453904	      0.00000000
      1.57300000	      0.00000000	      0.00000000	  -2885.88520019	      0.00000000	      0.00000000	      0.00000000	  -3356.80281027	    129.50438150	      0.00000000
      1.57400000	      0.00000000	      0.00000000	  -3114.58658674	      0.00000000	      0.00000000	      0.00000000	  -3616.24076777	     98.13700536	      0.00000000
      1.57500000	      0.00000000	      0.00000000	  -2472.76513621	      0.00000000	      0.00000000	      0.00000000	  -2834.75291405	    171.89633543	      0.00000000
