DataType=double
version=3
OpenSimVersion=4.5
endheader
time	ground_force_1_vx	ground_force_1_vy	ground_force_1_vz	ground_force_1_px	ground_force_1_py	ground_force_1_pz	ground_moment_1_mx	ground_moment_1_my	ground_moment_1_mz	ground_force_2_vx	ground_force_2_vy	ground_force_2_vz	ground_force_2_px	ground_force_2_py	ground_force_2_pz	ground_moment_2_mx	ground_moment_2_my	ground_moment_2_mz
0	4.908273922	658.4854501999999	25.96199006	0.8076506260422924	0	0.254876446341871	-112.8981094	-4.178723405	-22.85521953	0	0	0	0.8089	0	0.745900015	0	0	0
0.005	4.626406675	659.3587865	26.80350432	0.8076506260422924	0	0.254876446341871	-113.3757871	-2.271292607	-25.61519235	0	0	0	0.8089	0	0.745900015	0	0	0
0.01	5.029074147	660.7734358	27.77806046	0.8076506260422924	0	0.254876446341871	-113.8741361	-0.516634296	-28.77383676	0	0	0	0.8089	0	0.745900015	0	0	0
0.015	6.277326643	662.6693074999999	28.73296581	0.8076506260422924	0	0.254876446341871	-114.3842372	0.992576101	-32.25578123	0	0	0	0.8089	0	0.745900015	0	0	0
0.02	8.202590984	664.8958568	29.47566055	0.8076506260422924	0	0.254876446341871	-114.9051812	2.242380356	-36.08064535	0	0	0	0.8089	0	0.745900015	0	0	0
0.025	10.56868828	667.3109286	29.96667961	0.8076506260422924	0	0.254876446341871	-115.4337257	3.281085582	-40.1465232	0	0	0	0.8089	0	0.745900015	0	0	0
0.03	13.26149821	669.8961724	30.36071561	0.8076506260422924	0	0.254876446341871	-115.961637	4.123715793	-44.24679627	0	0	0	0.8089	0	0.745900015	0	0	0
0.035	16.1316851	672.623684	30.82442468	0.8076506260422924	0	0.254876446341871	-116.4849781	4.828000984	-48.33977799	0	0	0	0.8089	0	0.745900015	0	0	0
0.04	19.02539671	675.3538783	31.34889533	0.8076506260422924	0	0.254876446341871	-117.0083677	5.470778784	-52.54883896	0	0	0	0.8089	0	0.745900015	0	0	0
0.045	21.9998475	677.9954119	31.80599415	0.8076506260422924	0	0.254876446341871	-117.5348834	6.083588577	-56.87321681	0	0	0	0.8089	0	0.745900015	0	0	0
0.05	25.13628041	680.6044842	32.17020587	0.8076506260422924	0	0.254876446341871	-118.0569058	6.711112606	-61.20261162	0	0	0	0.8089	0	0.745900015	0	0	0
0.055	28.31853175	683.2338473999999	32.59582686	0.8076506260422924	0	0.254876446341871	-118.5627128	7.369464329	-65.50578187000001	0	0	0	0.8089	0	0.745900015	0	0	0
0.06	31.4887822	685.749683	33.21191643	0.8076506260422924	0	0.254876446341871	-119.0440181	8.052271375	-69.79731594	0	0	0	0.8089	0	0.745900015	0	0	0
0.065	34.81968175	688.0129705000001	33.94937852	0.8076506260422924	0	0.254876446341871	-119.5016099	8.781351426000001	-74.04064687	0	0	0	0.8089	0	0.745900015	0	0	0
0.07000000000000001	38.37442298	690.1505654	34.59224229	0.8076506260422924	0	0.254876446341871	-119.9380998	9.550290781999999	-78.24057709	0	0	0	0.8089	0	0.745900015	0	0	0
0.075	41.98193527	692.3032514	35.00856177	0.8076506260422924	0	0.254876446341871	-120.353074	10.36110571	-82.43293077	0	0	0	0.8089	0	0.745900015	0	0	0
0.08	45.57039779	694.4161048	35.25151957	0.8076506260422924	0	0.254876446341871	-120.7366607	11.20569449	-86.5841853	0	0	0	0.8089	0	0.745900015	0	0	0
0.08500000000000001	49.24949881	696.3262334	35.48203939	0.8076506260422924	0	0.254876446341871	-121.0822059	12.05484951	-90.64019931	0	0	0	0.8089	0	0.745900015	0	0	0
0.09	53.01513697	697.9683889	35.77291271	0.8076506260422924	0	0.254876446341871	-121.3892473	12.91990973	-94.65732453	0	0	0	0.8089	0	0.745900015	0	0	0
0.095	56.74562798	699.3911356	36.02842489	0.8076506260422924	0	0.254876446341871	-121.6549846	13.81750235	-98.70758300999999	0	0	0	0.8089	0	0.745900015	0	0	0
0.1	60.42926596	700.5713233	36.15412046	0.8076506260422924	0	0.254876446341871	-121.8738954	14.74940929	-102.746235	0	0	0	0.8089	0	0.745900015	0	0	0
0.105	64.14966901	701.3642517	36.2075152	0.8076506260422924	0	0.254876446341871	-122.0266546	15.7114914	-106.6685074	0	0	0	0.8089	0	0.745900015	0	0	0
0.11	67.88969468000001	701.6125337	36.38757396	0.8076506260422924	0	0.254876446341871	-122.0953287	16.69273498	-110.4639538	0	0	0	0.8089	0	0.745900015	0	0	0
0.115	71.60697121	701.3122974	36.78089152	0.8076506260422924	0	0.254876446341871	-122.0691365	17.67895695	-114.1540043	0	0	0	0.8089	0	0.745900015	0	0	0
0.12	75.36885196999999	700.5056971	37.21589842	0.8076506260422924	0	0.254876446341871	-121.9351692	18.67552718	-117.7178343	0	0	0	0.8089	0	0.745900015	0	0	0
0.125	79.24123779999999	699.09474	37.49320557	0.8076506260422924	0	0.254876446341871	-121.6898713	19.68426581	-121.1328659	0	0	0	0.8089	0	0.745900015	0	0	0
0.13	83.16889965	697.0115109	37.58202654	0.8076506260422924	0	0.254876446341871	-121.3209271	20.68711945	-124.4607	0	0	0	0.8089	0	0.745900015	0	0	0
0.135	87.11837401	694.2236348	37.64974436	0.8076506260422924	0	0.254876446341871	-120.8311383	21.67058087	-127.7367761	0	0	0	0.8089	0	0.745900015	0	0	0
0.14	91.15783774000001	690.7287877	37.7535898	0.8076506260422924	0	0.254876446341871	-120.2215857	22.61235618	-130.8876202	0	0	0	0.8089	0	0.745900015	0	0	0
0.145	95.27978040000001	686.4543674	37.75366668	0.8076506260422924	0	0.254876446341871	-119.4934407	23.51610743	-133.8474166	-1.927236064	11.90877516	-1.252246009	0.8089	0	0.745900015	2.316268305	0.379943451	2.476127956
0.15	99.39489879	681.3138484	37.47756639	0.8076506260422924	0	0.254876446341871	-118.6419655	24.3881171	-136.6153439	1.838868244	24.40382715	-0.286326241	0.8089	0	0.745900015	4.869774914	-0.568214474	4.59686512
0.155	103.5140504	675.2062595	36.88789041	0.8076506260422924	0	0.254876446341871	-117.6348727	25.20854122	-139.1362555	7.38632307	42.79655303	1.795319431	0.8089	0	0.745900015	8.603902445999999	-1.983385628	7.563212531
0.16	107.678893	667.9061668000001	36.12337394	0.8076506260422924	0	0.254876446341871	-116.4283781	25.97265376	-141.2791891	14.2561878	67.77117263	5.355957502	0.8089	0	0.745900015	13.63128022	-3.746031069	11.40585522
0.165	111.7783836	659.1223608	35.24161803	0.8076506260422924	0	0.254876446341871	-114.9528737	26.66460052	-142.9210443	20.73251076	99.19617359	10.50579029	0.8089	0	0.745900015	19.89285457	-5.582645185	16.11096388
0.17	115.648494	648.4808124	34.19778868	0.8076506260422924	0	0.254876446341871	-113.1456289	27.28457234	-143.9615038	24.48889185	135.7686793	16.89084037	0.8089	0	0.745900015	27.12785147	-7.069078813	21.50497234
0.175	119.259932	635.6278969	32.89156155	0.8076506260422924	0	0.254876446341871	-110.9374489	27.81605255	-144.292314	24.05006105	175.2505307	23.60727052	0.8089	0	0.745900015	34.93141009	-7.880700606	27.28379727
0.18	122.5789334	620.1834996	31.34445343	0.8076506260422924	0	0.254876446341871	-108.2668884	28.22665593	-143.8232616	19.32206035	215.2624691	29.59072586	0.8089	0	0.745900015	42.8381941	-7.829421222	33.12473135
0.185	125.3631321	601.8058896	29.68197187	0.8076506260422924	0	0.254876446341871	-105.080718	28.48113706	-142.4812611	11.01458143	253.9101609	34.04201705	0.8089	0	0.745900015	50.45663176	-6.895021725	38.774963
0.19	127.3056818	580.3659178	27.9733166	0.8076506260422924	0	0.254876446341871	-101.3399688	28.53421826	-140.1315639	0.401271839	290.0333239	36.70406026	0.8089	0	0.745900015	57.51097192	-5.368003945	44.15656062
0.195	128.1923601	555.8957101	26.1499352	0.8076506260422924	0	0.254876446341871	-97.04095648000001	28.3413761	-136.6565456	-10.73806274	323.1365994	37.56020539	0.8089	0	0.745900015	63.86969608	-3.534253122	49.23746207
0.2	127.8516839	528.5127974	24.05935359	0.8076506260422924	0	0.254876446341871	-92.20874415	27.85215603	-132.0642875	-20.91900219	353.1398884	36.5237222	0.8089	0	0.745900015	69.49842859	-1.481550172	53.80123622
0.205	126.0834687	498.4277008	21.65347635	0.8076506260422924	0	0.254876446341871	-86.90028785	27.02920433	-126.4651623	-29.78318307	380.0552381	33.45014878	0.8089	0	0.745900015	74.39605396	0.713520858	57.57402499
0.21	122.7098379	466.1316894	19.0088122	0.8076506260422924	0	0.254876446341871	-81.19614806	25.84040275	-119.9724316	-37.6782924	403.9764478	28.29059858	0.8089	0	0.745900015	78.59301574	3.048658025	60.56804051
0.215	117.6679196	432.3109255	16.20692444	0.8076506260422924	0	0.254876446341871	-75.20030482	24.28116924	-112.6771516	-44.6630208	425.3861411	21.16611743	0.8089	0	0.745900015	82.18727281	5.486967051	62.97689449
0.22	111.0635156	397.6028306	13.24895898	0.8076506260422924	0	0.254876446341871	-69.03579999999999	22.38620593	-104.7465518	-50.4234418	445.2883135	12.40201799	0.8089	0	0.745900015	85.37021935	7.934662685	64.81466143
0.225	103.2055794	362.6335971	10.13420972	0.8076506260422924	0	0.254876446341871	-62.83483078	20.22394893	-96.44798534	-54.99791845	464.9613863	2.537658655	0.8089	0	0.745900015	88.41947825	10.38704535	66.09215433
0.23	94.53108729	328.0972874	6.971479262	0.8076506260422924	0	0.254876446341871	-56.71813065	17.90719473	-88.02942249	-59.11766867	485.8160134	-7.683778901	0.8089	0	0.745900015	91.62073131	12.78538246	67.21284308
0.235	85.43769312000001	294.5957018	3.980781072	0.8076506260422924	0	0.254876446341871	-50.77475751	15.57116417	-79.61555658	-63.66616945	509.2044591	-17.42827922	0.8089	0	0.745900015	95.18211633	15.02484551	68.71298566
0.24	76.21081089	262.4439105	1.395883284	0.8076506260422924	0	0.254876446341871	-45.05925673	13.31927447	-71.27269941	-68.85565518	535.6070783	-25.98809818	0.8089	0	0.745900015	99.20293846	17.05094767	70.70381732
0.245	67.14261605999999	231.754836	-0.602668273	0.8076506260422924	0	0.254876446341871	-39.61124316	11.22517381	-63.12661899	-74.13622094999999	564.2324999	-32.85048847	0.8089	0	0.745900015	103.6426522	18.76690974	72.87593791
0.25	58.56525443	202.6342662	-1.965248099	0.8076506260422924	0	0.254876446341871	-34.463422	9.332481851000001	-55.34761325	-78.95463212	593.7309807	-37.84714298	0.8089	0	0.745900015	108.3686465	20.09014367	74.92951209
0.255	50.64480991	175.1774645	-2.754438777	0.8076506260422924	0	0.254876446341871	-29.64688538	7.664914866	-48.06552982	-83.22918925	623.1587436999999	-41.13001354	0.8089	0	0.745900015	113.2134032	21.01515445	76.80563646
0.26	43.32397135	149.5230783	-3.097439464	0.8076506260422924	0	0.254876446341871	-25.18341061	6.236215464	-41.32237629	-86.96417291	651.8576118	-43.00668528	0.8089	0	0.745900015	118.0130338	21.55946829	78.53388644
0.265	36.55258238	125.861777	-3.098712679	0.8076506260422924	0	0.254876446341871	-21.08996326	5.028190887	-35.08245348	-89.87417313	678.9019906	-43.85217379	0.8089	0	0.745900015	122.6204127	21.82046265	79.95605209
0.27	30.36503542	104.2768505	-2.815717811	0.8076506260422924	0	0.254876446341871	-17.37774704	4.004644596	-29.36109016	-91.70785127000001	703.295566	-44.09704707	0.8089	0	0.745900015	126.8988338	21.89222265	80.73811842000001
0.275	24.74141855	84.70235658999999	-2.305271808	0.8076506260422924	0	0.254876446341871	-14.0502997	3.131488331	-24.23872685	-92.59436273	724.5382834	-44.14421473	0.8089	0	0.745900015	130.7410527	21.79411016	80.72145121
0.28	19.55850658	67.13917410000001	-1.67540364	0.8076506260422924	0	0.254876446341871	-11.10696041	2.369929103	-19.707563	-92.78287038000001	742.6466986	-44.17140152	0.8089	0	0.745900015	134.0982535	21.55286221	80.11721125
0.285	14.69738579	51.73573055	-1.06687815	0.8076506260422924	0	0.254876446341871	-8.544379442	1.701162074	-15.63611549	-92.39675597	757.8272674999999	-44.05977682	0.8089	0	0.745900015	136.9826309	21.17272938	79.13845555
0.29	10.14766791	38.53939443	-0.555324488	0.8076506260422924	0	0.254876446341871	-6.361187396	1.113201857	-11.96624754	-91.49571939	770.3587333	-43.60238814	0.8089	0	0.745900015	139.4385733	20.68210164	77.71554754
0.295	6.084097964	27.42502097	-0.141548797	0.8076506260422924	0	0.254876446341871	-4.543830614	0.599035835	-8.794578467999999	-90.19511803	780.5209438000001	-42.81226098	0.8089	0	0.745900015	141.5091162	20.14964697	75.81070703
0.3	2.806639992	18.2705562	0.218889132	0.8076506260422924	0	0.254876446341871	-3.075867774	0.170480549	-6.180979979	-88.74297482	788.5564405	-41.93015572	0.8089	0	0.745900015	143.2030505	19.62128399	73.6975197
0.305	0.499506285	11.11105704	0.508296948	0.8076506260422924	0	0.254876446341871	-1.93390838	-0.14293547	-4.017680247	-87.44851545	794.6796189	-41.22848096	0.8089	0	0.745900015	144.5130324	19.12720448	71.64624250999999
0.31	0	0	0	0.8076506260422924	0	0.254876446341871	0	0	0	-86.34347634	798.9545053000001	-40.77362306	0.8089	0	0.745900015	145.4237705	18.69323787	69.66829404000001
0.315	0	0	0	0.8076506260422924	0	0.254876446341871	0	0	0	-85.14806866000001	801.1504053	-40.50600464	0.8089	0	0.745900015	145.9187425	18.29590397	67.6397194
0.32	0	0	0	0.8076506260422924	0	0.254876446341871	0	0	0	-83.72642519999999	801.0005917	-40.46870045	0.8089	0	0.745900015	145.983991	17.90627019	65.48923537
0.325	0	0	0	0.8076506260422924	0	0.254876446341871	0	0	0	-82.25033575	798.5581912	-40.82020509	0.8089	0	0.745900015	145.6171441	17.52383013	63.25883745
0.33	0	0	0	0.8076506260422924	0	0.254876446341871	0	0	0	-80.7873318	794.1254397	-41.60913902	0.8089	0	0.745900015	144.8435152	17.14404257	61.0421583
0.335	0	0	0	0.8076506260422924	0	0.254876446341871	0	0	0	-79.11310097	787.9243476	-42.61379896	0.8089	0	0.745900015	143.7082637	16.75146156	58.81838123
0.34	0	0	0	0.8076506260422924	0	0.254876446341871	0	0	0	-77.07469871000001	779.9784785000001	-43.56182313	0.8089	0	0.745900015	142.2649347	16.30166406	56.40647754
0.345	0	0	0	0.8076506260422924	0	0.254876446341871	0	0	0	-74.75897553	770.4317407999999	-44.38764063	0.8089	0	0.745900015	140.5522561	15.78499365	53.75932824
0.35	0	0	0	0.8076506260422924	0	0.254876446341871	0	0	0	-72.29326224	759.6689349	-45.2589447	0.8089	0	0.745900015	138.6010084	15.25026632	51.07249504
0.355	0	0	0	0.8076506260422924	0	0.254876446341871	0	0	0	-69.75633831	747.9940811	-46.28221663	0.8089	0	0.745900015	136.4480215	14.71740824	48.50220438
0.36	0	0	0	0.8076506260422924	0	0.254876446341871	0	0	0	-67.22943367000001	735.4522622	-47.30668487	0.8089	0	0.745900015	134.1476648	14.18626275	45.95315378
0.365	0	0	0	0.8076506260422924	0	0.254876446341871	0	0	0	-64.75774267	722.1623871	-48.08608866	0.8089	0	0.745900015	131.7641097	13.64269642	43.29005701
0.37	0	0	0	0.8076506260422924	0	0.254876446341871	0	0	0	-62.34010913	708.5759306	-48.53413338	0.8089	0	0.745900015	129.3489931	13.08420103	40.62381009
0.375	0	0	0	0.8076506260422924	0	0.254876446341871	0	0	0	-60.05091145	695.1481952	-48.77610853	0.8089	0	0.745900015	126.9471829	12.55373535	38.13380991
0.38	0	0	0	0.8076506260422924	0	0.254876446341871	0	0	0	-57.96528562	682.0115472	-48.91206043	0.8089	0	0.745900015	124.5988485	12.0529451	35.77233912
0.385	0	0	0	0.8076506260422924	0	0.254876446341871	0	0	0	-55.92400447	669.1721939	-48.84494272	0.8089	0	0.745900015	122.3440851	11.54584949	33.38277358
0.39	0	0	0	0.8076506260422924	0	0.254876446341871	0	0	0	-53.69564889	656.8819321	-48.37174335	0.8089	0	0.745900015	120.2240348	11.04797434	30.9688189
0.395	0	0	0	0.8076506260422924	0	0.254876446341871	0	0	0	-51.37530985	645.5033277	-47.3850945	0.8089	0	0.745900015	118.2664591	10.5639235	28.6358199
0.4	0	0	0	0.8076506260422924	0	0.254876446341871	0	0	0	-49.23773411	635.1465194	-45.99297971	0.8089	0	0.745900015	116.493225	10.10019019	26.43918519
0.405	0	0	0	0.8076506260422924	0	0.254876446341871	0	0	0	-47.27186661	625.7912638	-44.39484485	0.8089	0	0.745900015	114.9191745	9.684462631000001	24.36704818
0.41	0	0	0	0.8076506260422924	0	0.254876446341871	0	0	0	-45.28118545	617.5413196	-42.69656987	0.8089	0	0.745900015	113.5518775	9.289865423	22.37703621
0.415	0	0	0	0.8076506260422924	0	0.254876446341871	0	0	0	-43.30385654	610.5154389	-40.86259554	0.8089	0	0.745900015	112.3928701	8.921367869999999	20.48418412
0.42	0	0	0	0.8076506260422924	0	0.254876446341871	0	0	0	-41.5979132	604.7348519	-38.87930082	0.8089	0	0.745900015	111.4412559	8.596068274	18.74901843
0.425	0	0	0	0.8076506260422924	0	0.254876446341871	0	0	0	-40.25506953	600.2205136	-36.8597777	0.8089	0	0.745900015	110.6886404	8.287033814999999	17.1745839
0.43	0	0	0	0.8076506260422924	0	0.254876446341871	0	0	0	-39.11050101	596.9523229	-35.0032456	0.8089	0	0.745900015	110.1331172	8.004318979000001	15.64414772
0.435	0	0	0	0.8076506260422924	0	0.254876446341871	0	0	0	-38.01981334	594.7961574	-33.4145972	0.8089	0	0.745900015	109.769243	7.755060949	14.02745564
0.44	0	0	0	0.8076506260422924	0	0.254876446341871	0	0	0	-36.98068199	593.6592647	-32.08391506	0.8089	0	0.745900015	109.5852996	7.505920277	12.29297288
0.445	0	0	0	0.8076506260422924	0	0.254876446341871	0	0	0	-35.98704537	593.6169454	-30.98990441	0.8089	0	0.745900015	109.5744316	7.246641614	10.49324356
0.45	0	0	0	0.8076506260422924	0	0.254876446341871	0	0	0	-34.96758056	594.6763195	-30.10742167	0.8089	0	0.745900015	109.7314766	6.953902885	8.609847053999999
0.455	0	0	0	0.8076506260422924	0	0.254876446341871	0	0	0	-33.84256698	596.5896748	-29.38853538	0.8089	0	0.745900015	110.0492665	6.609586149	6.512886374
0.46	0	0	0	0.8076506260422924	0	0.254876446341871	0	0	0	-32.51978147	599.1440614000001	-28.79609765	0.8089	0	0.745900015	110.5136707	6.233921297	4.141249551
0.465	0	0	0	0.8076506260422924	0	0.254876446341871	0	0	0	-30.94829118	602.3674877	-28.32707594	0.8089	0	0.745900015	111.0999684	5.827989758	1.561478878
0.47	0	0	0	0.8076506260422924	0	0.254876446341871	0	0	0	-29.19759144	606.1722473999999	-27.951743	0.8089	0	0.745900015	111.7806552	5.379425532	-1.16075561
0.475	0	0	0	0.8076506260422924	0	0.254876446341871	0	0	0	-27.35429976	610.2625895	-27.56907329	0.8089	0	0.745900015	112.5273127	4.889615243	-4.054413107
0.48	0	0	0	0.8076506260422924	0	0.254876446341871	0	0	0	-25.365744	614.4697111	-27.0997245	0.8089	0	0.745900015	113.3098085	4.372211499	-7.159999367
0.485	0	0	0	0.8076506260422924	0	0.254876446341871	0	0	0	-23.15656066	618.8085423	-26.59341174	0.8089	0	0.745900015	114.1035329	3.846233795	-10.46121337
0.49	0	0	0	0.8076506260422924	0	0.254876446341871	0	0	0	-20.8298804	623.1989916	-26.13912164	0.8089	0	0.745900015	114.8825419	3.322553538	-13.90823049
0.495	0	0	0	0.8076506260422924	0	0.254876446341871	0	0	0	-18.54672385	627.4288596	-25.76674666	0.8089	0	0.745900015	115.6259167	2.792315502	-17.47771732
0.5	0	0	0	0.8076506260422924	0	0.254876446341871	0	0	0	-16.24968792	631.4605864	-25.44511577	0.8089	0	0.745900015	116.3211069	2.261802402	-21.14662769
0.505	0	0	0	0.8076506260422924	0	0.254876446341871	0	0	0	-13.77678667	635.4302247000001	-25.14383904	0.8089	0	0.745900015	116.9616635	1.737803268	-24.8724931
0.51	0	0	0	0.8076506260422924	0	0.254876446341871	0	0	0	-11.18630502	639.2801772	-24.86405095	0.8089	0	0.745900015	117.5377892	1.199498054	-28.63854666
0.515	0	0	0	0.8076506260422924	0	0.254876446341871	0	0	0	-8.643902545	642.8338716	-24.67904407	0.8089	0	0.745900015	118.0460418	0.61702164	-32.43878875
0.52	0	0	0	0.8076506260422924	0	0.254876446341871	0	0	0	-6.089849715	646.1957264	-24.6455539	0.8089	0	0.745900015	118.4802345	0.001111384	-36.24359701
0.525	0	0	0	0.8076506260422924	0	0.254876446341871	0	0	0	-3.343087436	649.5275435999999	-24.80974891	0.8089	0	0.745900015	118.8529732	-0.649325153	-40.06334909
0.53	0	0	0	0.8076506260422924	0	0.254876446341871	0	0	0	-0.411452902	652.8092235	-25.14696653	0.8089	0	0.745900015	119.1840273	-1.330027749	-43.94754212
0.535	0	0	0	0.8076506260422924	0	0.254876446341871	0	0	0	2.524094218	656.0445941	-25.60884288	0.8089	0	0.745900015	119.5006846	-2.043429684	-47.92605103
0.54	0	0	0	0.8076506260422924	0	0.254876446341871	0	0	0	5.404538803	659.4719543	-26.16609005	0.8089	0	0.745900015	119.8344692	-2.789164652	-51.94318824
0.545	0	0	0	0.8076506260422924	0	0.254876446341871	0	0	0	8.322115393000001	663.2937489	-26.76017159	0.8089	0	0.745900015	120.2045394	-3.535171607	-55.90669734
0.55	0	0	0	0.8076506260422924	0	0.254876446341871	0	0	0	11.27799785	667.3721872	-27.35274271	0.8089	0	0.745900015	120.6213931	-4.273343255	-59.85506875
0.555	0	0	0	0.8076506260422924	0	0.254876446341871	0	0	0	14.22736137	671.4866368	-27.92325474	0.8089	0	0.745900015	121.0744224	-5.024761865	-63.88628347
0.5600000000000001	0	0	0	0.8076506260422924	0	0.254876446341871	0	0	0	17.27840782	675.5632212	-28.49966572	0.8089	0	0.745900015	121.5548224	-5.799225415	-67.96306127
0.5649999999999999	0	0	0	0.8076506260422924	0	0.254876446341871	0	0	0	20.53213648	679.6418618	-29.07349776	0.8089	0	0.745900015	122.052607	-6.587205152	-71.99097943
0.57	0	0	0	0.8076506260422924	0	0.254876446341871	0	0	0	23.89963611	683.6439856	-29.6133064	0.8089	0	0.745900015	122.5594709	-7.397805089	-76.01566687
0.575	0	0	0	0.8076506260422924	0	0.254876446341871	0	0	0	27.34129228	687.3750169	-30.11527354	0.8089	0	0.745900015	123.065169	-8.238963793	-80.10534542000001
0.58	0	0	0	0.8076506260422924	0	0.254876446341871	0	0	0	30.97286978	690.7428145	-30.6242477	0.8089	0	0.745900015	123.5575664	-9.106463722999999	-84.25705682
0.585	0	0	0	0.8076506260422924	0	0.254876446341871	0	0	0	34.8146113	693.7520812	-31.17682097	0.8089	0	0.745900015	124.0241332	-9.986141460000001	-88.45461588000001
0.59	0	0	0	0.8076506260422924	0	0.254876446341871	0	0	0	38.74552017	696.3585194	-31.74830031	0.8089	0	0.745900015	124.4492937	-10.86394743	-92.69142728
0.595	0	0	0	0.8076506260422924	0	0.254876446341871	0	0	0	42.72907716	698.4542685	-32.3278352	0.8089	0	0.745900015	124.8282326	-11.74998941	-96.93878399
0.6	0	0	0	0.8076506260422924	0	0.254876446341871	0	0	0	46.81979172	700.0544121	-32.91508858	0.8089	0	0.745900015	125.159074	-12.66037602	-101.1868631
0.605	0	0	0	0.8076506260422924	0	0.254876446341871	0	0	0	50.96975299	701.2360486	-33.50536717	0.8089	0	0.745900015	125.4468434	-13.59996948	-105.4412151
0.61	0	0	0	0.8076506260422924	0	0.254876446341871	0	0	0	55.0674109	702.063028	-34.06167461	0.8089	0	0.745900015	125.6941929	-14.55757612	-109.6598441
0.615	0	0	0	0.8076506260422924	0	0.254876446341871	0	0	0	59.07604484	702.540246	-34.57329712	0.8089	0	0.745900015	125.900695	-15.52305129	-113.806129
0.62	0	0	0	0.8076506260422924	0	0.254876446341871	0	0	0	63.01360967	702.6519383	-35.05077299	0.8089	0	0.745900015	126.0644229	-16.48282615	-117.909701
0.625	0	0	0	0.8076506260422924	0	0.254876446341871	0	0	0	66.87148114	702.3899831	-35.42842176	0.8089	0	0.745900015	126.174037	-17.42344668	-122.0009496
0.63	0	0	0	0.8076506260422924	0	0.254876446341871	0	0	0	70.61155501	701.7451876	-35.64335469	0.8089	0	0.745900015	126.2262324	-18.34167416	-126.0417852
0.635	0	0	0	0.8076506260422924	0	0.254876446341871	0	0	0	74.22016225	700.7697721	-35.6830719	0.8089	0	0.745900015	126.2129107	-19.21739858	-129.9586273
0.64	0	0	0	0.8076506260422924	0	0.254876446341871	0	0	0	77.69359154999999	699.4304404	-35.61791779	0.8089	0	0.745900015	126.1281536	-20.06575922	-133.7584834
0.645	0	0	0	0.8076506260422924	0	0.254876446341871	0	0	0	81.07814715000001	697.5831995999999	-35.47952476	0.8089	0	0.745900015	125.9608516	-20.89217277	-137.4602123
0.65	0	0	0	0.8076506260422924	0	0.254876446341871	0	0	0	84.46869663	695.1766807	-35.24208315	0.8089	0	0.745900015	125.7061568	-21.69084986	-141.0076074
0.655	0	0	0	0.8076506260422924	0	0.254876446341871	0	0	0	87.90660948	692.3981694	-34.84841749	0.8089	0	0.745900015	125.3583777	-22.47790338	-144.3342541
0.66	0	0	0	0.8076506260422924	0	0.254876446341871	0	0	0	91.35459745999999	689.2705543	-34.27729689	0.8089	0	0.745900015	124.9084796	-23.27188394	-147.4284535
0.665	0	0	0	0.8076506260422924	0	0.254876446341871	0	0	0	94.81609687	685.4945008	-33.58130189	0.8089	0	0.745900015	124.3441776	-24.07627433	-150.3101676
0.67	0	0	0	0.8076506260422924	0	0.254876446341871	0	0	0	98.39514285	680.8920098	-32.82293539	0.8089	0	0.745900015	123.6358693	-24.88309091	-152.978608
0.675	0.174074111	10.68989682	1.583340813	0.8076506260422924	0	0.254876446341871	-2.22834902	0.076951594	1.929836558	102.1878104	675.4309122	-32.03799497	0.8089	0	0.745900015	122.7517769	-25.68475875	-155.3754473
0.68	4.068840518	24.60733174	0.658665758	0.8076506260422924	0	0.254876446341871	-4.843911313	1.068353652	4.077917088	106.1647307	668.8956961	-31.14880035	0.8089	0	0.745900015	121.6459993	-26.474513	-157.3860231
0.6850000000000001	9.420659486	44.81405688	-1.337478278	0.8076506260422924	0	0.254876446341871	-8.601233116	2.504089486	7.155232146	110.1841104	660.8327879	-30.06922435	0.8089	0	0.745900015	120.2626575	-27.26917375	-158.9359852
0.6899999999999999	15.63878437	71.70044242	-4.773551401	0.8076506260422924	0	0.254876446341871	-13.57616638	4.270708534	11.11272033	114.1676426	650.8659891999999	-28.80117806	0.8089	0	0.745900015	118.5363399	-28.04570774	-159.9647039
0.695	21.28538939	104.832499	-9.685564732	0.8076506260422924	0	0.254876446341871	-19.69917908	6.069720754	15.6892124	118.1164281	638.7073801	-27.40783949	0.8089	0	0.745900015	116.392251	-28.7378647	-160.2914359
0.7	24.30671449	143.1280444	-15.53168855	0.8076506260422924	0	0.254876446341871	-26.77727697	7.497390141	20.65490478	121.8416418	623.9112612	-25.9208915	0.8089	0	0.745900015	113.7487244	-29.30795616	-159.706282
0.705	23.18890501	185.3434856	-21.36705689	0.8076506260422924	0	0.254876446341871	-34.55709556	8.247284896	26.0047914	124.9653167	605.9116632	-24.30311293	0.8089	0	0.745900015	110.520852	-29.72617421	-158.09428
0.71	17.68445842	230.4136432	-26.30695158	0.8076506260422924	0	0.254876446341871	-42.81872063	8.125410992000001	31.78923745	127.2339994	584.3217969	-22.52564331	0.8089	0	0.745900015	106.6406384	-29.93326252	-155.352263
0.715	8.610861056999999	277.6335072	-29.97417568	0.8076506260422924	0	0.254876446341871	-51.3923141	7.149426224	37.88984692	128.5214961	558.9866876999999	-20.57758148	0.8089	0	0.745900015	102.0553818	-29.85264662	-151.3168261
0.72	-2.566266819	326.3596772	-32.43813912	0.8076506260422924	0	0.254876446341871	-60.09004704	5.588218794	44.19501733	128.523249	529.7787588	-18.50402077	0.8089	0	0.745900015	96.74653506	-29.41544662	-145.8909764
0.725	-14.29752926	375.5271584	-33.51304389	0.8076506260422924	0	0.254876446341871	-68.67836489	3.604174012	50.62741326	126.7972307	496.7136118	-16.36174199	0.8089	0	0.745900015	90.7367843	-28.553895	-139.1052739
0.73	-25.57310835	423.6269106	-32.38762795	0.8076506260422924	0	0.254876446341871	-76.87930851	1.263660459	56.93661705	123.118488	460.1825149	-14.16510187	0.8089	0	0.745900015	84.10236116999999	-27.24459901	-131.0304923
0.735	-36.03313303	469.1566571	-28.10287772	0.8076506260422924	0	0.254876446341871	-84.42689163999999	-1.397953296	62.76612307	117.4876537	420.997614	-11.85893124	0.8089	0	0.745900015	76.97690977000001	-25.47518833	-121.7651275
0.74	-45.57485714	511.1287771	-20.42947939	0.8076506260422924	0	0.254876446341871	-91.1381786	-4.394808424	67.93913331	109.8598756	380.2005747	-9.388396553	0.8089	0	0.745900015	69.54386713	-23.23782323	-111.547847
0.745	-54.17542096	549.1957245	-10.19947572	0.8076506260422924	0	0.254876446341871	-96.9530185	-7.554083674	72.39104351	100.2853548	338.9014603	-6.777434283	0.8089	0	0.745900015	62.01320521	-20.61826344	-100.7334043
0.75	-61.89968113	583.4788706000001	1.205795706	0.8076506260422924	0	0.254876446341871	-101.9352328	-10.62623023	76.02855296	89.26989914000001	298.2698516	-4.135208125	0.8089	0	0.745900015	54.60065232	-17.75078761	-89.64123569
0.755	-68.82308324	614.4396167	12.53015103	0.8076506260422924	0	0.254876446341871	-106.2224009	-13.42062432	78.81770873000001	77.57931838	259.4171025	-1.583363556	0.8089	0	0.745900015	47.50050955	-14.77119995	-78.61230297
0.76	-74.96806726	642.7040277	22.81497438	0.8076506260422924	0	0.254876446341871	-109.9619078	-15.71387696	80.93220143000001	65.87696767	223.1017645	0.763441436	0.8089	0	0.745900015	40.85761874	-11.86852863	-68.02692871000001
0.765	-80.33676677	668.7830776	31.3005667	0.8076506260422924	0	0.254876446341871	-113.3001487	-17.38844667	82.62167101	54.76223031	189.7280563	2.751286603	0.8089	0	0.745900015	34.75465367	-9.222603879999999	-58.0961294
0.77	-84.8705987	693.0887796	37.49454682	0.8076506260422924	0	0.254876446341871	-116.3710993	-18.43008172	84.00304610000001	44.69500224	159.5433874	4.153615367	0.8089	0	0.745900015	29.22836424	-6.958626057	-48.90184233
0.775	-88.49762327000001	716.0872407000001	41.44203453	0.8076506260422924	0	0.254876446341871	-119.2511507	-18.93365682	85.08027647999999	35.81236543	132.6554731	4.799758181	0.8089	0	0.745900015	24.28651034	-5.143444159	-40.57992613
0.78	-91.44524543	737.958398	43.8641973	0.8076506260422924	0	0.254876446341871	-121.9391747	-19.1285917	85.88873098000001	28.10831742	108.9843272	4.699279541	0.8089	0	0.745900015	19.92230664	-3.767495886	-33.24509961
0.785	-94.15195539	758.1972397	45.67941282	0.8076506260422924	0	0.254876446341871	-124.3373114	-19.1544182	86.54591877999999	21.5645539	88.38651522000001	4.005395404	0.8089	0	0.745900015	16.1182146	-2.759263273	-26.90680089
0.79	-96.64454368	775.844284	47.47170588	0.8076506260422924	0	0.254876446341871	-126.3278201	-19.04010563	87.08818291	15.99395904	70.70716774	2.914119546	0.8089	0	0.745900015	12.84189563	-2.041167805	-21.51673904
0.795	-98.45280210999999	790.3614317	49.28523274	0.8076506260422924	0	0.254876446341871	-127.8514241	-18.80344454	87.2868017	11.11065542	55.67768494	1.636236514	0.8089	0	0.745900015	10.04864245	-1.516627694	-16.97492956
0.8	-99.34563223000001	801.8671000000001	50.81150433	0.8076506260422924	0	0.254876446341871	-128.9031403	-18.40851815	86.84666814000001	6.876098649	42.95272072	0.411536133	0.8089	0	0.745900015	7.687521563	-1.104284152	-13.10718099
0.805	-99.63025102	810.6015232	51.90316863	0.8076506260422924	0	0.254876446341871	-129.5070507	-17.87047196	85.7979258	3.443398012	32.28050523	-0.560453729	0.8089	0	0.745900015	5.715014876	-0.76284582	-9.776615272000001
0.8100000000000001	-99.54231588	816.7404542	52.86172904	0.8076506260422924	0	0.254876446341871	-129.6796128	-17.26480051	84.45834348	0.800577491	23.51920725	-1.173373893	0.8089	0	0.745900015	4.095140536	-0.467678019	-6.942687825
0.8149999999999999	-98.91236816	820.5603599	54.19051894	0.8076506260422924	0	0.254876446341871	-129.4444515	-16.6271721	82.91386701	-1.195257979	16.46237235	-1.423188763	0.8089	0	0.745900015	2.795085037	-0.233634833	-4.5657736
0.82	-97.5285672	822.3545648	56.00616624	0.8076506260422924	0	0.254876446341871	-128.8535864	-15.99208058	80.93604193	-2.4907201	10.89590183	-1.371226056	0.8089	0	0.745900015	1.779053114	-0.064603973	-2.584752259
0.825	-95.48114536999999	822.2611985	57.86344559	0.8076506260422924	0	0.254876446341871	-127.9633397	-15.32950638	78.44591358	0	0	0	0.8089	0	0.745900015	0	0	0
0.83	-93.04996257000001	820.3924699	59.35544119	0.8076506260422924	0	0.254876446341871	-126.8122756	-14.59310033	75.73685566	0	0	0	0.8089	0	0.745900015	0	0	0
0.835	-90.43375431	817.0093526000001	60.62828541	0.8076506260422924	0	0.254876446341871	-125.4181079	-13.83989879	73.06362844	0	0	0	0.8089	0	0.745900015	0	0	0
0.84	-87.64483051000001	812.2144044	62.09825862	0.8076506260422924	0	0.254876446341871	-123.7943808	-13.09683174	70.31054157	0	0	0	0.8089	0	0.745900015	0	0	0
0.845	-84.59594430999999	805.7948388999999	63.76921106	0.8076506260422924	0	0.254876446341871	-121.9503647	-12.3744986	67.31300269	0	0	0	0.8089	0	0.745900015	0	0	0
0.85	-81.37400316	797.6095585	65.17394543	0.8076506260422924	0	0.254876446341871	-119.8928189	-11.67466834	64.18262271	0	0	0	0.8089	0	0.745900015	0	0	0
0.855	-78.30398482	787.8694798	65.95447246000001	0.8076506260422924	0	0.254876446341871	-117.626248	-10.95831784	61.08791412	0	0	0	0.8089	0	0.745900015	0	0	0
0.86	-75.54046830999999	776.8207532	66.24524807	0.8076506260422924	0	0.254876446341871	-115.1636894	-10.25358502	57.97542616	0	0	0	0.8089	0	0.745900015	0	0	0
0.865	-72.80995439	764.4488184000001	66.40243224	0.8076506260422924	0	0.254876446341871	-112.5391519	-9.597503394	54.74599468	0	0	0	0.8089	0	0.745900015	0	0	0
0.87	-69.87375960999999	750.901232	66.50319872999999	0.8076506260422924	0	0.254876446341871	-109.8045178	-8.966538036999999	51.43852037	0	0	0	0.8089	0	0.745900015	0	0	0
0.875	-66.94942211	736.7210851	66.33671459	0.8076506260422924	0	0.254876446341871	-107.0306922	-8.340200784	48.14420047	0	0	0	0.8089	0	0.745900015	0	0	0
0.88	-64.26347815	722.404457	65.75820806	0.8076506260422924	0	0.254876446341871	-104.2852661	-7.694243223	44.94327449	0	0	0	0.8089	0	0.745900015	0	0	0
0.885	-61.61219971	708.0762217	64.94449539	0.8076506260422924	0	0.254876446341871	-101.6159924	-7.034273506	41.87735384	0	0	0	0.8089	0	0.745900015	0	0	0
0.89	-58.78800797	693.8448684	64.27670215000001	0.8076506260422924	0	0.254876446341871	-99.06607545	-6.419280221	38.90372679	0	0	0	0.8089	0	0.745900015	0	0	0
0.895	-55.98059695	680.0941292	63.89686912	0.8076506260422924	0	0.254876446341871	-96.67086676	-5.865697353	36.0196342	0	0	0	0.8089	0	0.745900015	0	0	0
0.9	-53.46575108	667.1533954	63.57139588	0.8076506260422924	0	0.254876446341871	-94.46734377999999	-5.356217338	33.33083357	0	0	0	0.8089	0	0.745900015	0	0	0
0.905	-51.24016896	655.0416649	62.96382277	0.8076506260422924	0	0.254876446341871	-92.48309273	-4.888736345	30.87845444	0	0	0	0.8089	0	0.745900015	0	0	0
0.91	-49.16710218	643.7469933	62.03293252	0.8076506260422924	0	0.254876446341871	-90.74722894	-4.444227963	28.50932856	0	0	0	0.8089	0	0.745900015	0	0	0
0.915	-47.20091292	633.5557632	60.95515969	0.8076506260422924	0	0.254876446341871	-89.28547537	-4.052805604	26.13063837	0	0	0	0.8089	0	0.745900015	0	0	0
0.92	-45.39635102	624.7803531	59.77355354	0.8076506260422924	0	0.254876446341871	-88.11797993	-3.737447193	23.88287068	0	0	0	0.8089	0	0.745900015	0	0	0
0.925	-43.80896866	617.4648696	58.28726936	0.8076506260422924	0	0.254876446341871	-87.25582934000001	-3.459210986	21.88073015	0	0	0	0.8089	0	0.745900015	0	0	0
0.93	-42.36119084	611.5547829	56.30476718	0.8076506260422924	0	0.254876446341871	-86.69179278999999	-3.203837948	19.97491951	0	0	0	0.8089	0	0.745900015	0	0	0
0.9350000000000001	-40.83578369	607.0473335	53.9411934	0.8076506260422924	0	0.254876446341871	-86.41594209	-2.954154914	17.9528422	0	0	0	0.8089	0	0.745900015	0	0	0
0.9399999999999999	-39.12532271	603.9779169	51.44244876	0.8076506260422924	0	0.254876446341871	-86.39248886	-2.715061166	15.82681204	0	0	0	0.8089	0	0.745900015	0	0	0
0.945	-37.41718123	602.178117	48.99830174	0.8076506260422924	0	0.254876446341871	-86.58626923999999	-2.503880663	13.71448324	0	0	0	0.8089	0	0.745900015	0	0	0
0.95	-35.86503932	601.4157309	46.65316222	0.8076506260422924	0	0.254876446341871	-86.97177133	-2.30247085	11.58148302	0	0	0	0.8089	0	0.745900015	0	0	0
0.955	-34.27736279	601.5965461	44.36236266	0.8076506260422924	0	0.254876446341871	-87.52405462	-2.087569695	9.277458163	0	0	0	0.8089	0	0.745900015	0	0	0
0.96	-32.45461765	602.622797	42.13988527	0.8076506260422924	0	0.254876446341871	-88.22497158	-1.858893236	6.727912298	0	0	0	0.8089	0	0.745900015	0	0	0
0.965	-30.52673785	604.3727028	40.0524	0.8076506260422924	0	0.254876446341871	-89.04324520999999	-1.616368848	4.012621959	0	0	0	0.8089	0	0.745900015	0	0	0
0.97	-28.68155438	606.7728815	38.23031994	0.8076506260422924	0	0.254876446341871	-89.95828806999999	-1.367919883	1.242259287	0	0	0	0.8089	0	0.745900015	0	0	0
0.975	-26.82133178	609.8649382999999	36.72083435	0.8076506260422924	0	0.254876446341871	-90.95402728000001	-1.121813658	-1.594062618	0	0	0	0.8089	0	0.745900015	0	0	0
0.98	-24.7805707	613.5437704	35.41247003	0.8076506260422924	0	0.254876446341871	-92.01365997000001	-0.846510126	-4.611328524	0	0	0	0.8089	0	0.745900015	0	0	0
0.985	-22.62849535	617.5603256000001	34.17400449	0.8076506260422924	0	0.254876446341871	-93.12016396	-0.536786594	-7.850171162	0	0	0	0.8089	0	0.745900015	0	0	0
0.99	-20.52477373	621.8651359	33.00147697	0.8076506260422924	0	0.254876446341871	-94.24356432	-0.205688906	-11.19125756	0	0	0	0.8089	0	0.745900015	0	0	0
0.995	-18.46395222	626.4968065	32.05496201	0.8076506260422924	0	0.254876446341871	-95.36266257	0.137668632	-14.51729534	0	0	0	0.8089	0	0.745900015	0	0	0
1	-16.35087905	631.3358708	31.41930213	0.8076506260422924	0	0.254876446341871	-96.46449396	0.477930464	-17.89010262	0	0	0	0.8089	0	0.745900015	0	0	0
1.005	-14.15825977	636.1067549000001	30.98255645	0.8076506260422924	0	0.254876446341871	-97.54147904	0.853619904	-21.3924356	0	0	0	0.8089	0	0.745900015	0	0	0
1.01	-11.93606481	640.7377209	30.5801402	0.8076506260422924	0	0.254876446341871	-98.58230125	1.278571669	-24.96335388	0	0	0	0.8089	0	0.745900015	0	0	0
1.015	-9.737098667	645.335705	30.18411135	0.8076506260422924	0	0.254876446341871	-99.56997244999999	1.71516086	-28.48848829	0	0	0	0.8089	0	0.745900015	0	0	0
1.02	-7.56787854	649.820118	29.9052474	0.8076506260422924	0	0.254876446341871	-100.4947621	2.158825639	-32.01944234	0	0	0	0.8089	0	0.745900015	0	0	0
1.025	-5.332153238	653.926027	29.77952279	0.8076506260422924	0	0.254876446341871	-101.3502347	2.594283905	-35.64291989	0	0	0	0.8089	0	0.745900015	0	0	0
1.03	-2.957494834	657.5194873	29.70087403	0.8076506260422924	0	0.254876446341871	-102.1345326	3.025431084	-39.30364613	0	0	0	0.8089	0	0.745900015	0	0	0
1.035	-0.550218617	660.7349107	29.52783291	0.8076506260422924	0	0.254876446341871	-102.8457298	3.465544301	-42.90770695	0	0	0	0.8089	0	0.745900015	0	0	0
1.04	1.781296662	663.67074	29.2546825	0.8076506260422924	0	0.254876446341871	-103.4877118	3.905724841	-46.49791897	0	0	0	0.8089	0	0.745900015	0	0	0
1.045	4.18453878	666.182685	28.99084769	0.8076506260422924	0	0.254876446341871	-104.0617903	4.334994555	-50.13886563	0	0	0	0.8089	0	0.745900015	0	0	0
1.05	6.815056042	668.1460742	28.83928432	0.8076506260422924	0	0.254876446341871	-104.5653882	4.759706321	-53.83321794	0	0	0	0.8089	0	0.745900015	0	0	0
1.055	9.552865202	669.6892018	28.81222796	0.8076506260422924	0	0.254876446341871	-105.0052823	5.192410842	-57.54993188	0	0	0	0.8089	0	0.745900015	0	0	0
1.06	12.26457118	671.0152251	28.8076858	0.8076506260422924	0	0.254876446341871	-105.390301	5.65498508	-61.25766898	0	0	0	0.8089	0	0.745900015	0	0	0
1.065	15.08802821	672.0822061	28.77013953	0.8076506260422924	0	0.254876446341871	-105.7342967	6.159825399	-64.97034902	0	0	0	0.8089	0	0.745900015	0	0	0
1.07	18.18928893	672.8074317000001	28.78976065	0.8076506260422924	0	0.254876446341871	-106.0444053	6.704493994	-68.76571736	0	0	0	0.8089	0	0.745900015	0	0	0
1.075	21.49151254	673.3529453	28.9990668	0.8076506260422924	0	0.254876446341871	-106.320173	7.289912348	-72.64121106	0	0	0	0.8089	0	0.745900015	0	0	0
1.08	24.79579945	673.9691693	29.40016704	0.8076506260422924	0	0.254876446341871	-106.5720532	7.909965488	-76.52897425	0	0	0	0.8089	0	0.745900015	0	0	0
1.085	28.06440679	674.7029042	29.85751474	0.8076506260422924	0	0.254876446341871	-106.8214848	8.564404111	-80.42117134	0	0	0	0.8089	0	0.745900015	0	0	0
1.09	31.40964374	675.4869227	30.27205599	0.8076506260422924	0	0.254876446341871	-107.0898564	9.244575148999999	-84.42321895000001	0	0	0	0.8089	0	0.745900015	0	0	0
1.095	34.86678897	676.3729123000001	30.69491316	0.8076506260422924	0	0.254876446341871	-107.3882267	9.930616821999999	-88.59031999	0	0	0	0.8089	0	0.745900015	0	0	0
1.1	38.31004057	677.5257824	31.22111938	0.8076506260422924	0	0.254876446341871	-107.7188573	10.61270822	-92.81856157999999	0	0	0	0.8089	0	0.745900015	0	0	0
1.105	41.60708482	678.9702903	31.81113959	0.8076506260422924	0	0.254876446341871	-108.082265	11.29520365	-96.96743407	0	0	0	0.8089	0	0.745900015	0	0	0
1.11	44.76647202	680.5861976	32.31651906	0.8076506260422924	0	0.254876446341871	-108.4803234	11.98758879	-101.069689	0	0	0	0.8089	0	0.745900015	0	0	0
1.115	47.92789168	682.2862694	32.65170722	0.8076506260422924	0	0.254876446341871	-108.9067644	12.69731314	-105.2383255	0	0	0	0.8089	0	0.745900015	0	0	0
1.12	51.19376664	684.0154443	32.86354813	0.8076506260422924	0	0.254876446341871	-109.3400395	13.40888903	-109.4232284	0	0	0	0.8089	0	0.745900015	0	0	0
1.125	54.49384678	685.617417	33.04535639	0.8076506260422924	0	0.254876446341871	-109.7468902	14.11040405	-113.4375551	0	0	0	0.8089	0	0.745900015	0	0	0
1.13	57.70126049	686.9582948	33.25696683	0.8076506260422924	0	0.254876446341871	-110.1043579	14.81297831	-117.2822562	0	0	0	0.8089	0	0.745900015	0	0	0
1.135	60.93034991	688.0167272	33.47417025	0.8076506260422924	0	0.254876446341871	-110.4029856	15.52762619	-121.1078762	0	0	0	0.8089	0	0.745900015	0	0	0
1.14	64.42128375999999	688.7501981	33.63076187	0.8076506260422924	0	0.254876446341871	-110.6339217	16.27546964	-124.9723752	0	0	0	0.8089	0	0.745900015	0	0	0
1.145	68.1414161	689.0263399	33.74276028	0.8076506260422924	0	0.254876446341871	-110.7820517	17.07210117	-128.7752795	0	0	0	0.8089	0	0.745900015	0	0	0
1.15	71.86091675	688.7778577	33.93833672	0.8076506260422924	0	0.254876446341871	-110.8318191	17.9085805	-132.4177928	0	0	0	0.8089	0	0.745900015	0	0	0
1.155	75.59211510999999	688.021595	34.31636874	0.8076506260422924	0	0.254876446341871	-110.7775573	18.7878992	-135.8994222	0	0	0	0.8089	0	0.745900015	0	0	0
1.16	79.54781832	686.7340507	34.80614377	0.8076506260422924	0	0.254876446341871	-110.624358	19.71581303	-139.2774798	0	0	0	0.8089	0	0.745900015	0	0	0
1.165	83.70456003	684.8260992	35.23806158	0.8076506260422924	0	0.254876446341871	-110.3757824	20.68795568	-142.5898011	0	0	0	0.8089	0	0.745900015	0	0	0
1.17	87.82126461999999	682.3000383	35.56154981	0.8076506260422924	0	0.254876446341871	-110.0319559	21.69776637	-145.7825129	0	0	0	0.8089	0	0.745900015	0	0	0
1.175	91.85005888000001	679.2704355	35.87225222	0.8076506260422924	0	0.254876446341871	-109.591135	22.70754781	-148.7295203	0	0	0	0.8089	0	0.745900015	0	0	0
1.18	95.90423232000001	675.7419701	36.23283329	0.8076506260422924	0	0.254876446341871	-109.0571107	23.69677832	-151.4741968	0	0	0	0.8089	0	0.745900015	0	0	0
1.185	100.0155431	671.5541522	36.55416484	0.8076506260422924	0	0.254876446341871	-108.4462404	24.66855592	-154.1632438	0	0	0	0.8089	0	0.745900015	0	0	0
1.19	104.1470685	666.6903234	36.67187263	0.8076506260422924	0	0.254876446341871	-107.7653062	25.6018632	-156.7739692	0	0	0	0.8089	0	0.745900015	0	0	0
1.195	108.2770985	661.2822362000001	36.56922107	0.8076506260422924	0	0.254876446341871	-107.0097855	26.48307238	-159.1362661	-0.17649505	15.92854805	-1.661531163	0.8089	0	0.745900015	3.251136015	0.056014017	2.516897162
1.2	112.3611479	655.323275	36.33850031	0.8076506260422924	0	0.254876446341871	-106.1594278	27.29194512	-161.2101922	3.843331458	33.15581986	-0.239216521	0.8089	0	0.745900015	6.913820448	-0.94753272	4.807885033
1.205	116.4006026	648.5478193	36.01941334	0.8076506260422924	0	0.254876446341871	-105.1920198	28.01714533	-163.0427123	9.090889494000001	58.20724388	2.835277187	0.8089	0	0.745900015	12.1490477	-2.356951599	8.165908440999999
1.21	120.4601419	640.729654	35.46562647	0.8076506260422924	0	0.254876446341871	-104.0612462	28.66745345	-164.5555315	14.55559353	91.82018336	7.965922643	0.8089	0	0.745900015	19.02457745	-4.02082682	12.70621928
1.215	124.483668	631.6516927	34.54419265	0.8076506260422924	0	0.254876446341871	-102.7136894	29.23507445	-165.5559619	18.56030491	133.0071156	15.0850859	0.8089	0	0.745900015	27.35772696	-5.567863812	18.1142421
1.22	128.2764615	620.886312	33.28144186	0.8076506260422924	0	0.254876446341871	-101.083979	29.69005184	-165.8649014	19.15940113	179.2711211	23.46782653	0.8089	0	0.745900015	36.71101099	-6.58640277	23.91066762
1.225	131.7092348	607.8243255	31.77540265	0.8076506260422924	0	0.254876446341871	-99.08687952	30.00276313	-165.3304579	15.17792897	227.6109607	31.86269171	0.8089	0	0.745900015	46.46079383	-6.82172245	29.83754383
1.23	134.6866369	592.0092835	30.09186671	0.8076506260422924	0	0.254876446341871	-96.65395492	30.1166503	-163.829898	6.793864286	275.0811142	38.91146898	0.8089	0	0.745900015	55.95270682	-6.111530411	35.73700631
1.235	136.936014	573.2978866	28.10810056	0.8076506260422924	0	0.254876446341871	-93.72240976000001	29.97338992	-161.2460367	-4.535157857	319.0027569	43.5819444	0.8089	0	0.745900015	64.66788402	-4.59266231	41.28063968
1.24	138.0149531	551.494051	25.68749755	0.8076506260422924	0	0.254876446341871	-90.2569592	29.53236891	-157.4793496	-16.53492882	357.7249564	45.45367295	0.8089	0	0.745900015	72.29714404000001	-2.637408134	46.16323509
1.245	137.60136	526.4367998	22.83860226	0.8076506260422924	0	0.254876446341871	-86.24208052	28.7259097	-152.4457924	-27.27989569	390.9930456	44.5725781	0.8089	0	0.745900015	78.74774167	-0.482636296	50.22514813
1.25	135.5195408	498.3152293	19.7194631	0.8076506260422924	0	0.254876446341871	-81.69647983	27.51905252	-146.1491054	-36.17800126	419.199026	41.33080348	0.8089	0	0.745900015	83.99393517999999	1.715884618	53.41485501
1.255	131.5432165	467.6159222	16.45615961	0.8076506260422924	0	0.254876446341871	-76.68374360999999	25.90762287	-138.7369436	-43.5679008	442.2898415	35.89052515	0.8089	0	0.745900015	88.05619414	3.87894512	55.71806025
1.26	125.5246817	434.8656009	13.02439946	0.8076506260422924	0	0.254876446341871	-71.29843418999999	23.91305109	-130.3815873	-49.56767869	460.3287176	28.02220204	0.8089	0	0.745900015	91.04227404	6.066131781	57.09733687
1.265	117.6541897	400.5499013	9.423523027	0.8076506260422924	0	0.254876446341871	-65.6489684	21.62056757	-121.2077103	-53.95971286	474.5830486	17.67156909	0.8089	0	0.745900015	93.21561658	8.24547155	57.51731624
1.27	108.3862799	365.3486823	5.8563874	0.8076506260422924	0	0.254876446341871	-59.84117749	19.11966401	-111.3999637	-57.04141039	487.3713294	5.658509464	0.8089	0	0.745900015	95.00962405	10.38164776	57.21132282
1.275	98.22031945000001	330.0486662	2.65871826	0.8076506260422924	0	0.254876446341871	-53.98320701	16.54022349	-101.2405507	-59.85232453	501.1946421	-6.458343683	0.8089	0	0.745900015	96.91548408	12.4595002	56.77092495
1.28	87.71772558000001	295.2610703	0.021236826	0.8076506260422924	0	0.254876446341871	-48.17288519	14.03792158	-90.95398215	-63.32898442	518.1953138	-17.41963713	0.8089	0	0.745900015	99.35261199999999	14.38209991	56.72231046
1.285	77.45488467	261.3328342	-2.037622428	0.8076506260422924	0	0.254876446341871	-42.49584375	11.72512708	-80.67351606	-67.55818506999999	539.6495049	-26.75830224	0.8089	0	0.745900015	102.5566885	16.14821696	57.20940199
1.29	67.80154580999999	228.6178018	-3.497932977	0.8076506260422924	0	0.254876446341871	-37.02524354	9.686082703	-70.60472319	-72.15722098000001	565.3141203	-34.43517649	0.8089	0	0.745900015	106.5693174	17.74108472	58.07739314
1.295	58.9084407	197.5505438	-4.297205463	0.8076506260422924	0	0.254876446341871	-31.82397952	7.945976004	-61.01023697	-76.94291286000001	593.877741	-40.2173877	0.8089	0	0.745900015	111.2554467	19.06931688	59.20504287
1.3	50.83751092	168.3788673	-4.465467328	0.8076506260422924	0	0.254876446341871	-26.95311106	6.480435458	-52.07629224	-81.86539008	623.9576072	-43.84323023	0.8089	0	0.745900015	116.3935129	20.0915792	60.5568844
1.305	43.55241416	141.2732672	-4.19270754	0.8076506260422924	0	0.254876446341871	-22.47093317	5.280428302	-43.88757941	-86.5533008	654.3709012	-45.4749586	0.8089	0	0.745900015	121.7293725	20.78540921	61.95833702
1.31	36.89501137	116.549821	-3.70981521	0.8076506260422924	0	0.254876446341871	-18.42051357	4.297150353	-36.518609	-90.3891199	683.6780427	-45.82049347	0.8089	0	0.745900015	127.0186297	21.16456559	63.03247337
1.315	30.72612918	94.43744916	-3.124181562	0.8076506260422924	0	0.254876446341871	-14.82474951	3.473247557	-30.00934428	-93.05608524	710.5179707999999	-45.71403383	0.8089	0	0.745900015	132.0550664	21.35754393	63.46789983
1.32	24.99203515	74.86446535	-2.442645409	0.8076506260422924	0	0.254876446341871	-11.68174107	2.761111146	-24.29389133	-94.64775075999999	734.3498991	-45.60178774	0.8089	0	0.745900015	136.6849316	21.38800411	63.27660648
1.325	19.6159106	57.69744048	-1.673806978	0.8076506260422924	0	0.254876446341871	-8.975498882	2.113733783	-19.28389176	-95.29157465999999	755.211103	-45.43015035	0.8089	0	0.745900015	140.8434651	21.1868482	62.59159345
1.33	14.55267257	42.9860937	-0.895451489	0.8076506260422924	0	0.254876446341871	-6.687689116	1.524214923	-14.90368605	-94.95414327	773.0965893	-44.80645489	0.8089	0	0.745900015	144.5307041	20.77268847	61.35093
1.335	9.927108729	30.74278328	-0.245551069	0.8076506260422924	0	0.254876446341871	-4.794681226	0.98976295	-11.11018385	-93.63884752	787.96795	-43.47543321	0.8089	0	0.745900015	147.7633199	20.14801857	59.36939436
1.34	5.96174611	20.74089813	0.189774212	0.8076506260422924	0	0.254876446341871	-3.269452097	0.5217730900000001	-7.901936256	-91.50785498	800.0766652999999	-41.65339818	0.8089	0	0.745900015	150.5366523	19.3828186	56.77276279
1.345	2.799782611	12.79715792	0.41410611	0.8076506260422924	0	0.254876446341871	-2.073814419	0.149816683	-5.28625569	-88.8610262	809.7441093	-39.88798296	0.8089	0	0.745900015	152.8346211	18.58658763	53.93613297
1.35	0	0	0	0.8076506260422924	0	0.254876446341871	0	0	0	-85.98143297999999	817.0275208	-38.50079637	0.8089	0	0.745900015	154.6340818	17.76186571	50.99954884
1.355	0	0	0	0.8076506260422924	0	0.254876446341871	0	0	0	-82.89098896	821.7497317	-37.37711064	0.8089	0	0.745900015	155.9143493	16.92052977	47.84683275
1.36	0	0	0	0.8076506260422924	0	0.254876446341871	0	0	0	-79.48574873	823.7683714	-36.35169769	0.8089	0	0.745900015	156.6463375	16.10459371	44.52560012
1.365	0	0	0	0.8076506260422924	0	0.254876446341871	0	0	0	-76.02438454	823.1140313	-35.62543227	0.8089	0	0.745900015	156.7901443	15.3265816	41.28229898
1.37	0	0	0	0.8076506260422924	0	0.254876446341871	0	0	0	-73.02659704	819.7949834	-35.61808432	0.8089	0	0.745900015	156.3310033	14.63827394	38.24197768
1.375	0	0	0	0.8076506260422924	0	0.254876446341871	0	0	0	-70.56242951999999	813.82975	-36.40564032	0.8089	0	0.745900015	155.2989693	14.06211712	35.38579398
1.38	0	0	0	0.8076506260422924	0	0.254876446341871	0	0	0	-68.26745686	805.4841548000001	-37.59627986	0.8089	0	0.745900015	153.7733289	13.55924866	32.67581109
1.385	0	0	0	0.8076506260422924	0	0.254876446341871	0	0	0	-66.10830618	795.3112115	-38.76795696	0.8089	0	0.745900015	151.8601262	13.12728742	30.11179103
1.39	0	0	0	0.8076506260422924	0	0.254876446341871	0	0	0	-64.46821536	783.8486002	-39.85065961	0.8089	0	0.745900015	149.6488558	12.74559756	27.77608686
1.395	0	0	0	0.8076506260422924	0	0.254876446341871	0	0	0	-63.42085669	771.4545296	-41.0595836	0.8089	0	0.745900015	147.2132667	12.40468315	25.78356426
1.4	0	0	0	0.8076506260422924	0	0.254876446341871	0	0	0	-62.52803041	758.4734278	-42.49155559	0.8089	0	0.745900015	144.6286775	12.12155429	24.11559113
1.405	0	0	0	0.8076506260422924	0	0.254876446341871	0	0	0	-61.48738503	745.2493453	-43.9379803	0.8089	0	0.745900015	141.9781706	11.84096531	22.58687385
1.41	0	0	0	0.8076506260422924	0	0.254876446341871	0	0	0	-60.430524	732.054592	-45.09225813	0.8089	0	0.745900015	139.3313361	11.53509193	21.13442873
1.415	0	0	0	0.8076506260422924	0	0.254876446341871	0	0	0	-59.53888522	719.129803	-45.90740856	0.8089	0	0.745900015	136.7366051	11.20831147	19.85935521
1.42	0	0	0	0.8076506260422924	0	0.254876446341871	0	0	0	-58.71467866	706.7271388	-46.56357324	0.8089	0	0.745900015	134.2221729	10.88818797	18.76625798
1.425	0	0	0	0.8076506260422924	0	0.254876446341871	0	0	0	-57.75579365	694.9247597	-47.14086136	0.8089	0	0.745900015	131.8126064	10.63058634	17.69278394
1.43	0	0	0	0.8076506260422924	0	0.254876446341871	0	0	0	-56.62862534	683.6350861	-47.44875084	0.8089	0	0.745900015	129.5336846	10.4088696	16.55190389
1.435	0	0	0	0.8076506260422924	0	0.254876446341871	0	0	0	-55.47206348	672.9666456	-47.22345626	0.8089	0	0.745900015	127.4020509	10.18340209	15.4132164
1.44	0	0	0	0.8076506260422924	0	0.254876446341871	0	0	0	-54.37018489	663.1797644	-46.44856042	0.8089	0	0.745900015	125.430307	9.976198353999999	14.33618156
1.445	0	0	0	0.8076506260422924	0	0.254876446341871	0	0	0	-53.20792272	654.3076665	-45.29217715	0.8089	0	0.745900015	123.6152128	9.787701374999999	13.30265416
1.45	0	0	0	0.8076506260422924	0	0.254876446341871	0	0	0	-51.87534599	646.1571256	-43.89190629	0.8089	0	0.745900015	121.9517533	9.609248611	12.23014536
1.455	0	0	0	0.8076506260422924	0	0.254876446341871	0	0	0	-50.45293905	638.6852373	-42.24295864	0.8089	0	0.745900015	120.4367932	9.410360981	11.0497036
1.46	0	0	0	0.8076506260422924	0	0.254876446341871	0	0	0	-49.03707875	632.0270344	-40.31563319	0.8089	0	0.745900015	119.062889	9.158934448	9.822304574
1.465	0	0	0	0.8076506260422924	0	0.254876446341871	0	0	0	-47.6025813	626.2345708	-38.22516482	0.8089	0	0.745900015	117.8115905	8.881315413999999	8.629076286
1.47	0	0	0	0.8076506260422924	0	0.254876446341871	0	0	0	-46.11766295	621.1744032	-36.26692799	0.8089	0	0.745900015	116.6692441	8.589936055000001	7.394073048
1.475	0	0	0	0.8076506260422924	0	0.254876446341871	0	0	0	-44.57549955	616.7832324	-34.69780971	0.8089	0	0.745900015	115.6382937	8.269676239000001	5.970872577
1.48	0	0	0	0.8076506260422924	0	0.254876446341871	0	0	0	-42.92785533	613.1920112	-33.53853361	0.8089	0	0.745900015	114.739213	7.911999961	4.34344486
1.485	0	0	0	0.8076506260422924	0	0.254876446341871	0	0	0	-41.12114544	610.5661376	-32.63770244	0.8089	0	0.745900015	113.9943979	7.484552047	2.578698139
1.49	0	0	0	0.8076506260422924	0	0.254876446341871	0	0	0	-39.15803609	608.9867489	-31.92529276	0.8089	0	0.745900015	113.4184703	6.982481987	0.650979194
1.495	0	0	0	0.8076506260422924	0	0.254876446341871	0	0	0	-37.04767809	608.4570299	-31.48684615	0.8089	0	0.745900015	113.0185728	6.448776216	-1.526520131
1.5	0	0	0	0.8076506260422924	0	0.254876446341871	0	0	0	-34.79161971	608.8821453	-31.34988539	0.8089	0	0.745900015	112.7913424	5.889176994	-3.955354351
1.505	0	0	0	0.8076506260422924	0	0.254876446341871	0	0	0	-32.47435915	610.1105967	-31.3452193	0.8089	0	0.745900015	112.7259869	5.32268234	-6.571182844
1.51	0	0	0	0.8076506260422924	0	0.254876446341871	0	0	0	-30.22431364	612.0366017	-31.27456881	0.8089	0	0.745900015	112.8092207	4.783693018	-9.352961042
1.515	0	0	0	0.8076506260422924	0	0.254876446341871	0	0	0	-28.05283928	614.4913156	-31.07853752	0.8089	0	0.745900015	113.0089719	4.257718555	-12.29011494
1.52	0	0	0	0.8076506260422924	0	0.254876446341871	0	0	0	-25.91386541	617.1255832000001	-30.83360186	0.8089	0	0.745900015	113.2816288	3.747879274	-15.37918183
1.525	0	0	0	0.8076506260422924	0	0.254876446341871	0	0	0	-23.81347721	619.590674	-30.61618486	0.8089	0	0.745900015	113.5882502	3.264664426	-18.64549965
1.53	0	0	0	0.8076506260422924	0	0.254876446341871	0	0	0	-21.70860009	621.7689289	-30.38784791	0.8089	0	0.745900015	113.8915421	2.78403518	-22.06831343
1.535	0	0	0	0.8076506260422924	0	0.254876446341871	0	0	0	-19.48634579	623.6542345	-30.08331108	0.8089	0	0.745900015	114.1670112	2.31453635	-25.54459349
1.54	0	0	0	0.8076506260422924	0	0.254876446341871	0	0	0	-17.15879815	625.1436024	-29.7074348	0.8089	0	0.745900015	114.396497	1.838605039	-29.04343519
1.545	0	0	0	0.8076506260422924	0	0.254876446341871	0	0	0	-14.8324824	626.1189314	-29.34822421	0.8089	0	0.745900015	114.5694004	1.327445962	-32.61313186
1.55	0	0	0	0.8076506260422924	0	0.254876446341871	0	0	0	-12.47380965	626.6789831999999	-29.05876118	0.8089	0	0.745900015	114.6809985	0.8314276	-36.22955131
1.555	0	0	0	0.8076506260422924	0	0.254876446341871	0	0	0	-10.01403123	627.0528565	-28.8059862	0.8089	0	0.745900015	114.7411669	0.341568297	-39.81975422
1.56	0	0	0	0.8076506260422924	0	0.254876446341871	0	0	0	-7.570350243	627.3375498	-28.49535704	0.8089	0	0.745900015	114.7665029	-0.172230705	-43.3893557
1.565	0	0	0	0.8076506260422924	0	0.254876446341871	0	0	0	-5.263572624	627.4785697999999	-28.10538719	0.8089	0	0.745900015	114.7790597	-0.685184286	-46.98677312
1.57	0	0	0	0.8076506260422924	0	0.254876446341871	0	0	0	-2.982991606	627.5514924	-27.7001251	0.8089	0	0.745900015	114.7854041	-1.196843924	-50.59072833
1.575	0	0	0	0.8076506260422924	0	0.254876446341871	0	0	0	-0.58491582	627.7120032	-27.37062133	0.8089	0	0.745900015	114.7909029	-1.685827448	-54.14930911
1.58	0	0	0	0.8076506260422924	0	0.254876446341871	0	0	0	1.853320787	627.9801923	-27.12607883	0.8089	0	0.745900015	114.8116986	-2.140339548	-57.67319846
1.585	0	0	0	0.8076506260422924	0	0.254876446341871	0	0	0	4.22218572	628.3627691	-26.85858941	0.8089	0	0.745900015	114.8617558	-2.617509553	-61.19990395
1.59	0	0	0	0.8076506260422924	0	0.254876446341871	0	0	0	6.630691948	628.9508903	-26.53451769	0.8089	0	0.745900015	114.961352	-3.133586325	-64.71806117
1.595	0	0	0	0.8076506260422924	0	0.254876446341871	0	0	0	9.226580038	629.8771444	-26.25897969	0.8089	0	0.745900015	115.1225868	-3.665836964	-68.22757007
1.6	0	0	0	0.8076506260422924	0	0.254876446341871	0	0	0	11.9722268	631.1586407999999	-26.16184883	0.8089	0	0.745900015	115.3448003	-4.244437045	-71.78764964
1.605	0	0	0	0.8076506260422924	0	0.254876446341871	0	0	0	14.81788144	632.7327289999999	-26.26501584	0.8089	0	0.745900015	115.6312593	-4.884607471	-75.42366521
1.61	0	0	0	0.8076506260422924	0	0.254876446341871	0	0	0	17.86483758	634.6712717	-26.46270429	0.8089	0	0.745900015	115.9916332	-5.588998686	-79.10960353
1.615	0	0	0	0.8076506260422924	0	0.254876446341871	0	0	0	21.20446615	637.0728821	-26.64132108	0.8089	0	0.745900015	116.4285024	-6.368424261	-82.86804878
1.62	0	0	0	0.8076506260422924	0	0.254876446341871	0	0	0	24.80224338	639.8591209	-26.85067874	0.8089	0	0.745900015	116.9424724	-7.190246842	-86.77284435
1.625	0	0	0	0.8076506260422924	0	0.254876446341871	0	0	0	28.60378092	642.9287032	-27.22568726	0.8089	0	0.745900015	117.5248162	-8.040268855000001	-90.85875806
1.63	0	0	0	0.8076506260422924	0	0.254876446341871	0	0	0	32.59675327	646.3068082	-27.80874708	0.8089	0	0.745900015	118.1737142	-8.934983249	-95.09265551
1.635	0	0	0	0.8076506260422924	0	0.254876446341871	0	0	0	36.72973716	650.0687822	-28.4409722	0.8089	0	0.745900015	118.8906684	-9.851968096	-99.44653924000001
1.64	0	0	0	0.8076506260422924	0	0.254876446341871	0	0	0	40.87964575	654.1951441	-28.95558591	0.8089	0	0.745900015	119.6804231	-10.7823523	-103.9033903
1.645	0	0	0	0.8076506260422924	0	0.254876446341871	0	0	0	44.90140627	658.6293149000001	-29.33540582	0.8089	0	0.745900015	120.5288924	-11.71878874	-108.4562517
1.65	0	0	0	0.8076506260422924	0	0.254876446341871	0	0	0	48.6813238	663.26962	-29.72743977	0.8089	0	0.745900015	121.4242773	-12.63295956	-113.1246726
1.655	0	0	0	0.8076506260422924	0	0.254876446341871	0	0	0	52.20746015	668.0469788	-30.16950028	0.8089	0	0.745900015	122.3483288	-13.50679903	-117.880694
1.66	0	0	0	0.8076506260422924	0	0.254876446341871	0	0	0	55.53405076	672.899026	-30.53596479	0.8089	0	0.745900015	123.2834296	-14.35029539	-122.6860643
1.665	0	0	0	0.8076506260422924	0	0.254876446341871	0	0	0	58.73293646	677.7419318	-30.7251657	0.8089	0	0.745900015	124.2202348	-15.17784928	-127.5489443
1.67	0	0	0	0.8076506260422924	0	0.254876446341871	0	0	0	61.8946068	682.4535764	-30.73901488	0.8089	0	0.745900015	125.1323217	-16.00327617	-132.4715308
1.675	0	0	0	0.8076506260422924	0	0.254876446341871	0	0	0	65.10132618999999	686.8326	-30.71467047	0.8089	0	0.745900015	125.998543	-16.84873991	-137.3943569
1.68	0	0	0	0.8076506260422924	0	0.254876446341871	0	0	0	68.43682506	690.8439136	-30.71430301	0.8089	0	0.745900015	126.7931283	-17.69993843	-142.217726
1.685	0	0	0	0.8076506260422924	0	0.254876446341871	0	0	0	71.95225565	694.4970495	-30.71029785	0.8089	0	0.745900015	127.5017961	-18.57500831	-146.9089332
1.69	0	0	0	0.8076506260422924	0	0.254876446341871	0	0	0	75.66151738000001	697.6765075	-30.61764027	0.8089	0	0.745900015	128.108299	-19.50230517	-151.4911413
1.695	0	0	0	0.8076506260422924	0	0.254876446341871	0	0	0	79.57620009999999	700.2174159	-30.40481786	0.8089	0	0.745900015	128.5957349	-20.48653692	-155.9695732
1.7	0	0	0	0.8076506260422924	0	0.254876446341871	0	0	0	83.72150082	702.1107097	-30.11863657	0.8089	0	0.745900015	128.9459437	-21.51739304	-160.2958729
1.705	0	0	0	0.8076506260422924	0	0.254876446341871	0	0	0	88.11093807	703.37908	-29.79575654	0.8089	0	0.745900015	129.1376242	-22.5712845	-164.3845347
1.71	0	0	0	0.8076506260422924	0	0.254876446341871	0	0	0	92.70118214	703.8075271	-29.43741427	0.8089	0	0.745900015	129.1546223	-23.65777175	-168.2327223
1.715	0	0	0	0.8076506260422924	0	0.254876446341871	0	0	0	97.47767991000001	703.1166939	-28.99587954	0.8089	0	0.745900015	128.9657686	-24.78846695	-171.9003459
1.72	0	0	0	0.8076506260422924	0	0.254876446341871	0	0	0	102.5146029	701.1242433	-28.48472137	0.8089	0	0.745900015	128.5352137	-25.95476721	-175.3251914
1.725	8.729781417	21.87503671	0.148960638	0.8076506260422924	0	0.254876446341871	-4.153608372	1.957966865	3.619234305	107.8187122	697.7167856999999	-27.93794778	0.8089	0	0.745900015	127.8153723	-27.1238276	-178.2981692
1.73	14.90453151	40.09496928	-1.507126373	0.8076506260422924	0	0.254876446341871	-7.496804845	3.409382197	6.386727451	113.1875453	692.6426494999999	-27.35955845	0.8089	0	0.745900015	126.7599697	-28.27234886	-180.6726536
1.735	21.92894065	64.09420329	-4.258913161	0.8076506260422924	0	0.254876446341871	-11.90222337	5.113271506	9.704283025000001	118.4173374	685.5060498	-26.69094603	0.8089	0	0.745900015	125.3225947	-29.38821525	-182.4072164
1.74	27.85037564	93.25241355999999	-8.252077808999999	0.8076506260422924	0	0.254876446341871	-17.25933529	6.768053745	13.4989703	123.492771	675.9658453	-25.84350884	0.8089	0	0.745900015	123.4462124	-30.43112434	-183.4090934
1.745	30.37748791	126.0704278	-13.24792372	0.8076506260422924	0	0.254876446341871	-23.34633675	8.003323819	17.60712773	128.3262529	663.7279818	-24.80557249	0.8089	0	0.745900015	121.0673749	-31.33247293	-183.4804261
1.75	28.53957119	161.0224228	-18.50844324	0.8076506260422924	0	0.254876446341871	-29.94291246	8.602930428000001	21.89110241	132.5409374	648.3975133	-23.61072023	0.8089	0	0.745900015	118.1097636	-32.02903849	-182.4236455
1.755	22.97668676	197.5431785	-23.27428243	0.8076506260422924	0	0.254876446341871	-36.92285554	8.510737075	26.30984579	135.753735	629.4826593	-22.31078093	0.8089	0	0.745900015	114.513386	-32.46991727	-180.1414715
1.76	14.83218561	235.9079265	-27.39833159	0.8076506260422924	0	0.254876446341871	-44.27778641	7.83979347	30.89950165	137.8825509	606.7036604	-20.86632223	0.8089	0	0.745900015	110.2394205	-32.597665	-176.576961
1.765	5.203254569	276.5031434	-31.4533607	0.8076506260422924	0	0.254876446341871	-51.98927107	6.887623635	35.83130474	138.8875333	580.0817466	-19.16815715	0.8089	0	0.745900015	105.2795726	-32.35731484	-171.6328201
1.77	-4.776088129	318.9639838	-35.71719554	0.8076506260422924	0	0.254876446341871	-59.91925218	5.820015564	41.1958745	138.4179956	549.7832218999999	-17.15403843	0.8089	0	0.745900015	99.65358083	-31.70131467	-165.2439409
1.775	-14.20169536	361.8329044	-39.21038896	0.8076506260422924	0	0.254876446341871	-67.79254046	4.596157707	46.60957353	136.0875147	516.0421904999999	-14.90632217	0.8089	0	0.745900015	93.41589139	-30.60497718	-157.4261455
1.78	-22.68892373	403.1745504	-40.15246901	0.8076506260422924	0	0.254876446341871	-75.26558236	3.109462244	51.49378835	131.8883846	479.3127633	-12.57882134	0.8089	0	0.745900015	86.66753386000001	-29.04415239	-148.2820385
1.785	-30.17363734	441.5394099	-37.38188806	0.8076506260422924	0	0.254876446341871	-82.07874001	1.245217883	55.67338699	125.9902004	440.3972858	-10.18861125	0.8089	0	0.745900015	79.54746634	-27.02092999	-138.0189848
1.79	-36.66068132	476.5879145	-31.29201413	0.8076506260422924	0	0.254876446341871	-88.12032451	-0.936615035	59.30610092	118.4173173	400.2623133	-7.653741126	0.8089	0	0.745900015	72.22771032	-24.60682168	-126.9052559
1.795	-42.23239896	508.7102689	-23.1129555	0.8076506260422924	0	0.254876446341871	-93.43249443000001	-3.263406023	62.32486558	109.2929408	359.8892094	-4.936279147	0.8089	0	0.745900015	64.87656575	-21.90714741	-115.1940234
1.8	-46.98906836	538.4114305000001	-13.68588879	0.8076506260422924	0	0.254876446341871	-98.14359277	-5.64686349	64.56779326	99.11875094	320.134928	-2.199093848	0.8089	0	0.745900015	57.65464796	-19.0493435	-103.205425
1.805	-51.14512573	566.2296099	-3.280672447	0.8076506260422924	0	0.254876446341871	-102.3775619	-8.001260670000001	66.27241058	88.58369462	281.6596709	0.327798155	0.8089	0	0.745900015	50.68735876	-16.16237884	-91.32600543
1.81	-55.28018651	592.7948092	7.62716569	0.8076506260422924	0	0.254876446341871	-106.2472634	-10.23124493	67.9196005	78.18481765999999	244.9611258	2.452247669	0.8089	0	0.745900015	44.07767626	-13.39005724	-79.84288674
1.815	-59.94946883	618.6003459999999	17.78794961	0.8076506260422924	0	0.254876446341871	-109.8607575	-12.19010602	69.71259348	68.12635299999999	210.6045065	4.098021741	0.8089	0	0.745900015	37.89928823	-10.86679605	-68.89609068
1.82	-64.95949318	643.6690265	25.74242487	0.8076506260422924	0	0.254876446341871	-113.2989295	-13.6731845	71.49408663	58.51665931	179.0803784	5.225578603	0.8089	0	0.745900015	32.20251168	-8.703086468	-58.62582328
1.825	-69.63080474	667.7143559	30.96781983	0.8076506260422924	0	0.254876446341871	-116.5989421	-14.64169601	73.08858902	49.53118313	150.5043307	5.73638377	0.8089	0	0.745900015	27.01887005	-6.933332708	-49.23407259
1.83	-73.81296168	690.5816182	34.20704996	0.8076506260422924	0	0.254876446341871	-119.7321033	-15.22629466	74.5170797	41.33625809	124.7815374	5.520437385	0.8089	0	0.745900015	22.35420343	-5.530322887	-40.86868831
1.835	-77.97266499	712.16276	36.66828788	0.8076506260422924	0	0.254876446341871	-122.6129932	-15.61080054	75.92872995	33.85986	101.9259847	4.578749931	0.8089	0	0.745900015	18.2020052	-4.437878074	-33.50875971
1.84	-82.2535031	732.00611	39.09672344	0.8076506260422924	0	0.254876446341871	-125.1512344	-15.94536342	77.35428598	26.83258265	81.98452515	3.146257746	0.8089	0	0.745900015	14.55210662	-3.579751307	-27.02344435
1.845	-86.16247734	749.4869956	41.50765924	0.8076506260422924	0	0.254876446341871	-127.2851837	-16.23322922	78.55917377999999	20.17291364	64.76921738	1.605060981	0.8089	0	0.745900015	11.39158989	-2.90209013	-21.30430467
1.85	-89.35110040000001	764.312768	43.6130425	0.8076506260422924	0	0.254876446341871	-128.9993678	-16.41310291	79.26736767	14.13390076	49.96078605	0.270148054	0.8089	0	0.745900015	8.687128673	-2.340299083	-16.34224831
1.855	-92.07078896	776.7832866	45.31538593	0.8076506260422924	0	0.254876446341871	-130.3102625	-16.4993805	79.51321057	8.990447267	37.30044443	-0.803198764	0.8089	0	0.745900015	6.404158368	-1.828825144	-12.15497843
1.86	-94.57827322	787.3896667	46.83733956	0.8076506260422924	0	0.254876446341871	-131.2434046	-16.51168023	79.56846358	4.769841821	26.67820142	-1.652356276	0.8089	0	0.745900015	4.510478918	-1.355951479	-8.658803491
1.865	-96.55750783000001	796.3108575	48.5164972	0.8076506260422924	0	0.254876446341871	-131.8338683	-16.46537323	79.51080011000001	1.420789049	18.06042882	-2.20636684	0.8089	0	0.745900015	2.986967342	-0.952046088	-5.708728227
1.87	-97.55523843	803.4698393	50.43956455	0.8076506260422924	0	0.254876446341871	-132.113668	-16.36637158	79.06471578999999	-0.932646788	11.40826242	-2.306556806	0.8089	0	0.745900015	1.814928215	-0.621098529	-3.303329663
1.875	-97.5963744	808.8245704	52.36306417	0.8076506260422924	0	0.254876446341871	-132.103454	-16.16477212	78.05220933	0	0	0	0.8089	0	0.745900015	0	0	0
1.88	-97.0228698	812.5021513	54.0168326	0.8076506260422924	0	0.254876446341871	-131.8140129	-15.85367055	76.69129066000001	0	0	0	0.8089	0	0.745900015	0	0	0
1.885	-96.02352867	814.6273190000001	55.44278992	0.8076506260422924	0	0.254876446341871	-131.2582242	-15.47561894	75.25046928	0	0	0	0.8089	0	0.745900015	0	0	0
1.89	-94.59147969999999	815.1604535	56.86740263	0.8076506260422924	0	0.254876446341871	-130.4417721	-15.06442069	73.60186410999999	0	0	0	0.8089	0	0.745900015	0	0	0
1.895	-92.68511857999999	813.8719177	58.35443159	0.8076506260422924	0	0.254876446341871	-129.3728926	-14.63935831	71.49281096	0	0	0	0.8089	0	0.745900015	0	0	0
1.9	-90.36837989	810.6261314	59.65461641	0.8076506260422924	0	0.254876446341871	-128.0457824	-14.19134014	69.04802912	0	0	0	0.8089	0	0.745900015	0	0	0
1.905	-87.91867333	805.498632	60.5336796	0.8076506260422924	0	0.254876446341871	-126.4493683	-13.70536819	66.56462723999999	0	0	0	0.8089	0	0.745900015	0	0	0
1.91	-85.57529391	798.6587509	61.07390899	0.8076506260422924	0	0.254876446341871	-124.5937482	-13.19716406	64.04349762	0	0	0	0.8089	0	0.745900015	0	0	0
1.915	-83.16635973	790.2191551	61.48183856	0.8076506260422924	0	0.254876446341871	-122.5063752	-12.68665551	61.33322544	0	0	0	0.8089	0	0.745900015	0	0	0
1.92	-80.43322836999999	780.2849623	61.77686403	0.8076506260422924	0	0.254876446341871	-120.236341	-12.17093153	58.43677504	0	0	0	0.8089	0	0.745900015	0	0	0
1.925	-77.55534609	769.1971015	61.75807473	0.8076506260422924	0	0.254876446341871	-117.8418781	-11.64267508	55.48326693	0	0	0	0.8089	0	0.745900015	0	0	0
1.93	-74.86770677	757.4687833	61.30845305	0.8076506260422924	0	0.254876446341871	-115.3899816	-11.0769627	52.5472087	0	0	0	0.8089	0	0.745900015	0	0	0
1.935	-72.26523127	745.4855734	60.54943658	0.8076506260422924	0	0.254876446341871	-112.9381046	-10.48643579	49.64233809	0	0	0	0.8089	0	0.745900015	0	0	0
1.94	-69.45494887	733.3570899	59.7258528	0.8076506260422924	0	0.254876446341871	-110.5291745	-9.910386357	46.73806921	0	0	0	0.8089	0	0.745900015	0	0	0
1.945	-66.52937492	721.1569330999999	58.97110362	0.8076506260422924	0	0.254876446341871	-108.1939246	-9.346288806	43.81754604	0	0	0	0.8089	0	0.745900015	0	0	0
1.95	-63.77914071	709.1214344	58.20894292	0.8076506260422924	0	0.254876446341871	-105.9510065	-8.784980881999999	40.98067654	0	0	0	0.8089	0	0.745900015	0	0	0
1.955	-61.22041091	697.4795865999999	57.33099837	0.8076506260422924	0	0.254876446341871	-103.8219141	-8.219030518	38.35091411	0	0	0	0.8089	0	0.745900015	0	0	0
1.96	-58.69502771	686.3083245	56.32334722	0.8076506260422924	0	0.254876446341871	-101.8185477	-7.644431933	35.79658453	0	0	0	0.8089	0	0.745900015	0	0	0
1.965	-56.13658286	675.5444671	55.31425517	0.8076506260422924	0	0.254876446341871	-99.96000263000001	-7.082002346	33.11101445	0	0	0	0.8089	0	0.745900015	0	0	0
1.97	-53.56574199	665.3044462	54.36887981	0.8076506260422924	0	0.254876446341871	-98.2545756	-6.54417846	30.3612239	0	0	0	0.8089	0	0.745900015	0	0	0
1.975	-51.07405215	655.8334073	53.42119962	0.8076506260422924	0	0.254876446341871	-96.71132686	-6.015119209	27.74324047	0	0	0	0.8089	0	0.745900015	0	0	0
1.98	-48.76234268	647.2499964	52.3813799	0.8076506260422924	0	0.254876446341871	-95.35313252	-5.501815479	25.20556979	0	0	0	0.8089	0	0.745900015	0	0	0
1.985	-46.51837814	639.5415673	51.22604652	0.8076506260422924	0	0.254876446341871	-94.1946799	-5.00629414	22.5614748	0	0	0	0.8089	0	0.745900015	0	0	0
1.99	-44.14720597	632.7226547	50.06763658	0.8076506260422924	0	0.254876446341871	-93.24784228	-4.536215083	19.80402287	0	0	0	0.8089	0	0.745900015	0	0	0
1.995	-41.74152633	626.8965320999999	49.00128239	0.8076506260422924	0	0.254876446341871	-92.5057077	-4.111335262	17.08203677	0	0	0	0.8089	0	0.745900015	0	0	0
2	-39.55190127	622.137595	48.02234916	0.8076506260422924	0	0.254876446341871	-91.96237315	-3.686259295	14.42744683	0	0	0	0.8089	0	0.745900015	0	0	0
2.005	-37.48554071	618.4534768	47.01147431	0.8076506260422924	0	0.254876446341871	-91.60966284	-3.246717407	11.72190757	0	0	0	0.8089	0	0.745900015	0	0	0
2.01	-35.2087058	615.7489495	45.8818354	0.8076506260422924	0	0.254876446341871	-91.43560497999999	-2.798141544	8.855629397	0	0	0	0.8089	0	0.745900015	0	0	0
2.015	-32.7022285	613.903989	44.6789399	0.8076506260422924	0	0.254876446341871	-91.41926382	-2.334737478	5.842881644	0	0	0	0.8089	0	0.745900015	0	0	0
2.02	-30.25170357	612.8415982	43.51960041	0.8076506260422924	0	0.254876446341871	-91.5320509	-1.885875212	2.775874962	0	0	0	0.8089	0	0.745900015	0	0	0
2.025	-27.92237168	612.4367136	42.46482222	0.8076506260422924	0	0.254876446341871	-91.75164830999999	-1.443838281	-0.268929372	0	0	0	0.8089	0	0.745900015	0	0	0
2.03	-25.50765003	612.545038	41.43000396	0.8076506260422924	0	0.254876446341871	-92.0529037	-0.9958452249999999	-3.333661592	0	0	0	0.8089	0	0.745900015	0	0	0
2.035	-22.9596267	613.0162617	40.35312803	0.8076506260422924	0	0.254876446341871	-92.42535644	-0.554162965	-6.539998165	0	0	0	0.8089	0	0.745900015	0	0	0
2.04	-20.43330123	613.7997121	39.27328347	0.8076506260422924	0	0.254876446341871	-92.84712533	-0.119199868	-9.877018879	0	0	0	0.8089	0	0.745900015	0	0	0
2.045	-17.97357277	614.8681682	38.32940504	0.8076506260422924	0	0.254876446341871	-93.29468721000001	0.31324798	-13.13549348	0	0	0	0.8089	0	0.745900015	0	0	0
2.05	-15.52918087	616.2276035	37.61018558	0.8076506260422924	0	0.254876446341871	-93.75917692	0.740288809	-16.24223903	0	0	0	0.8089	0	0.745900015	0	0	0
2.055	-13.08161361	617.8925733	37.02503551	0.8076506260422924	0	0.254876446341871	-94.24078733	1.190709349	-19.37231936	0	0	0	0.8089	0	0.745900015	0	0	0
2.06	-10.56697777	619.7865578	36.43277627	0.8076506260422924	0	0.254876446341871	-94.74745962	1.681018089	-22.63232446	0	0	0	0.8089	0	0.745900015	0	0	0
2.065	-7.904275548	621.8236596	35.77595995	0.8076506260422924	0	0.254876446341871	-95.26350196999999	2.189626302	-25.91366133	0	0	0	0.8089	0	0.745900015	0	0	0
2.07	-5.181294614	623.9348502	35.18374094	0.8076506260422924	0	0.254876446341871	-95.77302777	2.724922097	-29.14773152	0	0	0	0.8089	0	0.745900015	0	0	0
2.075	-2.508027028	626.0585328	34.77130786	0.8076506260422924	0	0.254876446341871	-96.27099899	3.271295136	-32.40602579	0	0	0	0.8089	0	0.745900015	0	0	0
2.08	0.234237902	628.0732313	34.47688049	0.8076506260422924	0	0.254876446341871	-96.76337739	3.815483658	-35.73527614	0	0	0	0.8089	0	0.745900015	0	0	0
2.085	3.182274073	629.8938193	34.1611294	0.8076506260422924	0	0.254876446341871	-97.25495023000001	4.370183779	-39.10965723	0	0	0	0.8089	0	0.745900015	0	0	0
2.09	6.223954983	631.5748624	33.80992321	0.8076506260422924	0	0.254876446341871	-97.7398721	4.91842418	-42.51739982	0	0	0	0.8089	0	0.745900015	0	0	0
2.095	9.238464584999999	633.1739439	33.56931778	0.8076506260422924	0	0.254876446341871	-98.21691606	5.455651788	-45.91975017	0	0	0	0.8089	0	0.745900015	0	0	0
2.1	12.31535241	634.72104	33.51762885	0.8076506260422924	0	0.254876446341871	-98.68838475	5.986935212	-49.28052709	0	0	0	0.8089	0	0.745900015	0	0	0
2.105	15.53926577	636.2398194	33.58773218	0.8076506260422924	0	0.254876446341871	-99.17172803	6.517141625	-52.67454368	0	0	0	0.8089	0	0.745900015	0	0	0
2.11	18.85389797	637.8578291	33.63206221	0.8076506260422924	0	0.254876446341871	-99.68028364	7.069787874	-56.21082805	0	0	0	0.8089	0	0.745900015	0	0	0
2.115	22.22868984	639.7141076	33.60356005	0.8076506260422924	0	0.254876446341871	-100.2224354	7.658855143	-59.87626637	0	0	0	0.8089	0	0.745900015	0	0	0
2.12	25.69053951	641.8598776	33.60905581	0.8076506260422924	0	0.254876446341871	-100.8088253	8.265773188000001	-63.60128428	0	0	0	0.8089	0	0.745900015	0	0	0
2.125	29.19723306	644.2999174	33.74438455	0.8076506260422924	0	0.254876446341871	-101.443352	8.896446836000001	-67.42051024	0	0	0	0.8089	0	0.745900015	0	0	0
2.13	32.71320688	647.0239994	34.00654774	0.8076506260422924	0	0.254876446341871	-102.1386078	9.550572198999999	-71.40629147999999	0	0	0	0.8089	0	0.745900015	0	0	0
2.135	36.29397284	650.1072053	34.28886465	0.8076506260422924	0	0.254876446341871	-102.8950403	10.20733634	-75.55440032	0	0	0	0.8089	0	0.745900015	0	0	0
2.14	39.94148492	653.5216684	34.55691585	0.8076506260422924	0	0.254876446341871	-103.7055212	10.89148952	-79.80352136	0	0	0	0.8089	0	0.745900015	0	0	0
2.145	43.55567601	657.1526717	34.89562396	0.8076506260422924	0	0.254876446341871	-104.56023	11.59684792	-84.10136228	0	0	0	0.8089	0	0.745900015	0	0	0
2.15	47.09636456	660.9442311	35.36766676	0.8076506260422924	0	0.254876446341871	-105.4430719	12.30589522	-88.42080756999999	0	0	0	0.8089	0	0.745900015	0	0	0
2.155	50.65395162	664.8386017	35.92060858	0.8076506260422924	0	0.254876446341871	-106.3447619	13.03440722	-92.76326872999999	0	0	0	0.8089	0	0.745900015	0	0	0
2.16	54.31128687	668.7072418	36.39619508	0.8076506260422924	0	0.254876446341871	-107.2510195	13.77436117	-97.12938604999999	0	0	0	0.8089	0	0.745900015	0	0	0
2.165	58.03397146	672.3906095	36.71325514	0.8076506260422924	0	0.254876446341871	-108.1470254	14.54000088	-101.4738526	0	0	0	0.8089	0	0.745900015	0	0	0
2.17	61.75977446	675.8696723	36.90212132	0.8076506260422924	0	0.254876446341871	-109.0097325	15.32676167	-105.7444351	0	0	0	0.8089	0	0.745900015	0	0	0
2.175	65.51413759	679.1236709	37.04394448	0.8076506260422924	0	0.254876446341871	-109.8286569	16.10656638	-109.9511456	0	0	0	0.8089	0	0.745900015	0	0	0
2.18	69.38146841	682.0065876	37.11814824	0.8076506260422924	0	0.254876446341871	-110.5919247	16.87866348	-114.1312038	0	0	0	0.8089	0	0.745900015	0	0	0
2.185	73.37830167	684.3638979999999	37.05050002	0.8076506260422924	0	0.254876446341871	-111.2829313	17.64007882	-118.2725032	0	0	0	0.8089	0	0.745900015	0	0	0
2.19	77.43541075	686.1827868	36.85263383	0.8076506260422924	0	0.254876446341871	-111.8849725	18.38780194	-122.2480194	0	0	0	0.8089	0	0.745900015	0	0	0
2.195	81.46818254999999	687.4842738999999	36.59532644	0.8076506260422924	0	0.254876446341871	-112.3694203	19.13681126	-125.9694633	0	0	0	0.8089	0	0.745900015	0	0	0
2.2	85.47310458	688.0858526	36.39116854	0.8076506260422924	0	0.254876446341871	-112.7306896	19.89443639	-129.5249494	0	0	0	0.8089	0	0.745900015	0	0	0
2.205	89.57422013999999	687.8287711	36.22007768	0.8076506260422924	0	0.254876446341871	-112.9566488	20.66801825	-133.0051976	0	0	0	0.8089	0	0.745900015	0	0	0
2.21	93.8246412	686.7100109	36.01038412	0.8076506260422924	0	0.254876446341871	-113.0329163	21.48764195	-136.3634964	0	0	0	0.8089	0	0.745900015	0	0	0
2.215	98.05451632	684.7542357	35.7531687	0.8076506260422924	0	0.254876446341871	-112.9481308	22.33790046	-139.5216682	0	0	0	0.8089	0	0.745900015	0	0	0
2.22	102.1250648	681.8583640000001	35.49574011	0.8076506260422924	0	0.254876446341871	-112.6906379	23.205248	-142.4967681	0	0	0	0.8089	0	0.745900015	0	0	0
2.225	106.1782463	677.8210522000001	35.29212935	0.8076506260422924	0	0.254876446341871	-112.2550695	24.08195245	-145.3419993	0	0	0	0.8089	0	0.745900015	0	0	0
2.23	110.3619248	672.5697668	35.10190973	0.8076506260422924	0	0.254876446341871	-111.6238063	24.94099997	-148.0387889	0	0	0	0.8089	0	0.745900015	0	0	0
2.235	114.5319717	666.070343	34.83059831	0.8076506260422924	0	0.254876446341871	-110.7718596	25.78890181	-150.434173	0	0	0	0.8089	0	0.745900015	0	0	0
2.24	118.4606398	658.1861897	34.39939592	0.8076506260422924	0	0.254876446341871	-109.6619604	26.60612511	-152.3112505	-2.055626261	21.03447231	-4.329477086	0.8089	0	0.745900015	4.336094425	0.893109673	3.943170682
2.245	122.1237311	648.6074137000001	33.81137664	0.8076506260422924	0	0.254876446341871	-108.249654	27.35977538	-153.5837	1.541225055	43.66100043	-3.303567631	0.8089	0	0.745900015	8.940119430999999	0.004547854	7.59069705
2.25	125.6160077	636.9687259	33.1007919	0.8076506260422924	0	0.254876446341871	-106.4887172	28.02999925	-154.2670278	6.596736201	76.10503308	-0.447467287	0.8089	0	0.745900015	15.47841861	-1.338896387	12.74952375
2.255	128.8443854	622.9889314	32.19152198	0.8076506260422924	0	0.254876446341871	-104.3151973	28.56705998	-154.27577	11.66075829	119.1117381	4.867425449	0.8089	0	0.745900015	24.03009489	-2.985505633	19.55719966
2.26	131.4761773	606.353466	30.97672548	0.8076506260422924	0	0.254876446341871	-101.6645385	28.93036552	-153.3576435	14.63694737	171.5541727	12.75187316	0.8089	0	0.745900015	34.35854741	-4.465318402	27.82328197
2.265	133.1855055	586.7307862	29.41020463	0.8076506260422924	0	0.254876446341871	-98.46935928000001	29.05699115	-151.2758631	13.46411478	230.3112871	22.26049761	0.8089	0	0.745900015	45.88890928	-5.331160412	36.95598023
2.27	133.7872563	563.7453528999999	27.56454342	0.8076506260422924	0	0.254876446341871	-94.68198261000001	28.87904427	-147.9945767	6.99532311	290.9902684	31.6412861	0.8089	0	0.745900015	57.75199399	-5.273518912	46.2683887
2.275	133.1272037	537.1501562	25.50331122	0.8076506260422924	0	0.254876446341871	-90.28182467000001	28.34932573	-143.541012	-4.363210647	348.9533144	38.94815105	0.8089	0	0.745900015	69.03160923	-4.078430279	55.19709532
2.28	130.9311281	507.0059946	23.17257211	0.8076506260422924	0	0.254876446341871	-85.2804622	27.41648219	-137.8236841	-18.49743002	400.5977622	42.7816106	0.8089	0	0.745900015	79.0081732	-2.014875928	63.28175498
2.285	126.8595574	473.6696115	20.49648255	0.8076506260422924	0	0.254876446341871	-79.73823065000001	26.05064767	-130.7298292	-32.49773789	444.3251093	42.60465913	0.8089	0	0.745900015	87.35899216999999	0.50345731	70.09759603000001
2.29	120.7781565	437.8343895	17.47964544	0.8076506260422924	0	0.254876446341871	-73.75871062	24.25349866	-122.3788601	-44.45529286	480.4466984	38.95422756	0.8089	0	0.745900015	94.08429080000001	3.311245125	75.41410116
2.295	112.9253794	400.3897478	14.2421248	0.8076506260422924	0	0.254876446341871	-67.48682599	22.08590278	-113.1515157	-54.43304044	509.9428732	32.90502375	0.8089	0	0.745900015	99.32765655	6.150163994	79.31643939
2.3	103.7483885	362.2849052	10.90694418	0.8076506260422924	0	0.254876446341871	-61.08346476	19.65327847	-103.3966557	-63.24461633	533.7874822	24.9803711	0.8089	0	0.745900015	103.3148981	8.960968043999999	82.11186592999999
2.305	93.61826659	324.4385594	7.5760305	0.8076506260422924	0	0.254876446341871	-54.70487776	17.0931818	-93.34153146	-70.84783003	553.590063	14.9300838	0.8089	0	0.745900015	106.3832115	11.83413024	84.05453624
2.31	82.93349834	287.6894613	4.415905859	0.8076506260422924	0	0.254876446341871	-48.48578582	14.55265684	-83.21005725000001	-76.82239337999999	571.8489185	2.891157359	0.8089	0	0.745900015	108.9853532	14.65989577	85.28363868
2.315	72.34214593999999	252.7098765	1.646429802	0.8076506260422924	0	0.254876446341871	-42.52928091	12.14788601	-73.30608325999999	-81.80024392	591.0411101	-9.703319602000001	0.8089	0	0.745900015	111.6206741	17.37670573	86.13496956
2.32	62.46409205	219.8470482	-0.542656135	0.8076506260422924	0	0.254876446341871	-36.91517578	9.975078570999999	-63.91378809	-87.13779656	612.9638863	-20.91073173	0.8089	0	0.745900015	114.673505	19.8689916	87.23299113
2.325	53.46132965	189.2702168	-2.112208857	0.8076506260422924	0	0.254876446341871	-31.68755017	8.08998547	-55.17100649	-93.26267326	638.5072196	-29.82480023	0.8089	0	0.745900015	118.2808665	21.98267948	89.01280283
2.33	45.25536306	161.1405017	-3.114073343	0.8076506260422924	0	0.254876446341871	-26.86711627	6.506944858	-47.0715266	-99.39585719999999	666.9693043	-36.91350985	0.8089	0	0.745900015	122.3577531	23.76612087	91.25596607999999
2.335	37.94212929	135.5308153	-3.597191582	0.8076506260422924	0	0.254876446341871	-22.47039805	5.20301443	-39.61783399	-104.8207692	696.1719096	-42.73237912	0.8089	0	0.745900015	126.6758953	25.17896418	93.41491602000001
2.34	31.64066092	112.3189586	-3.607645181	0.8076506260422924	0	0.254876446341871	-18.51113812	4.14213181	-32.93232218	-109.4807675	724.1122517	-47.07334886	0.8089	0	0.745900015	130.9869083	26.104679	95.27434940000001
2.345	26.199824	91.42083537000001	-3.244061871	0.8076506260422924	0	0.254876446341871	-14.99131027	3.293409064	-27.09387572	-113.3709705	750.0920482	-49.60452959	0.8089	0	0.745900015	135.1047761	26.59116503	96.95356945
2.35	21.33416662	72.95276706	-2.660222553	0.8076506260422924	0	0.254876446341871	-11.90012909	2.613311273	-21.94538148	-116.2216076	773.7614708999999	-50.64952955	0.8089	0	0.745900015	138.8602422	26.72003183	98.36722007
2.355	16.88607263	56.99724289	-1.995038723	0.8076506260422924	0	0.254876446341871	-9.225626245999999	2.048251335	-17.29189664	-117.8907675	793.963666	-51.14164881	0.8089	0	0.745900015	142.1211935	26.60144016	99.06975203
2.36	12.84850273	43.30050532	-1.342015401	0.8076506260422924	0	0.254876446341871	-6.946098484	1.559898437	-13.19266268	-118.4174361	809.893061	-51.73647665	0.8089	0	0.745900015	144.8274903	26.3283052	98.83082013000001
2.365	9.292750204000001	31.50217547	-0.727120888	0.8076506260422924	0	0.254876446341871	-5.040392037	1.126168527	-9.802662881	-117.8458566	822.292989	-52.2349309	0.8089	0	0.745900015	146.9984703	25.84679233	97.91872343
2.37	6.277781705	21.65140669	-0.198946344	0.8076506260422924	0	0.254876446341871	-3.481590654	0.733833308	-7.040340134	-116.4295202	832.2413752	-52.05377809	0.8089	0	0.745900015	148.7222401	25.16440217	96.63014422000001
2.375	3.729839674	13.93622964	0.179606561	0.8076506260422924	0	0.254876446341871	-2.251876134	0.396447547	-4.712542624	-114.6168634	839.8780281000001	-51.01822517	0.8089	0	0.745900015	150.0563788	24.34479998	94.9319217
2.38	0	0	0	0.8076506260422924	0	0.254876446341871	0	0	0	-112.6062726	844.9539901000001	-49.78350029	0.8089	0	0.745900015	151.0011546	23.47064405	92.74887510000001
2.385	0	0	0	0.8076506260422924	0	0.254876446341871	0	0	0	-110.3716645	847.7535445	-49.18034862	0.8089	0	0.745900015	151.5269079	22.70390974	90.31385324999999
2.39	0	0	0	0.8076506260422924	0	0.254876446341871	0	0	0	-108.19616	848.5311496	-49.30170463	0.8089	0	0.745900015	151.615453	22.06798874	87.93977979
2.395	0	0	0	0.8076506260422924	0	0.254876446341871	0	0	0	-106.5078268	846.9759926	-49.51540116	0.8089	0	0.745900015	151.2660055	21.48470108	85.66225648
2.4	0	0	0	0.8076506260422924	0	0.254876446341871	0	0	0	-105.114237	842.8392056	-49.40748172	0.8089	0	0.745900015	150.488794	20.93133787	83.32533806000001
2.405	0	0	0	0.8076506260422924	0	0.254876446341871	0	0	0	-103.4005056	836.4170515	-49.28219809	0.8089	0	0.745900015	149.2924833	20.40426006	80.88622015
2.41	0	0	0	0.8076506260422924	0	0.254876446341871	0	0	0	-101.3240175	828.0132526	-49.59997065	0.8089	0	0.745900015	147.6868913	19.93231476	78.4370083
2.415	0	0	0	0.8076506260422924	0	0.254876446341871	0	0	0	-99.33046113	817.5757865	-50.33364542	0.8089	0	0.745900015	145.7099042	19.48254933	76.02747242
2.42	0	0	0	0.8076506260422924	0	0.254876446341871	0	0	0	-97.33387063000001	805.3201974999999	-51.02037836	0.8089	0	0.745900015	143.411467	18.97980207	73.5933053
2.425	0	0	0	0.8076506260422924	0	0.254876446341871	0	0	0	-94.77381794	791.7313563	-51.40243758	0.8089	0	0.745900015	140.8519767	18.42614788	70.99480979000001
2.43	0	0	0	0.8076506260422924	0	0.254876446341871	0	0	0	-91.61684305	777.028961	-51.64689878	0.8089	0	0.745900015	138.0794843	17.85793257	68.18895308
2.435	0	0	0	0.8076506260422924	0	0.254876446341871	0	0	0	-88.41385307	761.3080404	-52.06538658	0.8089	0	0.745900015	135.1413345	17.30651871	65.34137683
2.44	0	0	0	0.8076506260422924	0	0.254876446341871	0	0	0	-85.39757779999999	745.0303617	-52.71376109	0.8089	0	0.745900015	132.0988862	16.79982853	62.64637923
2.445	0	0	0	0.8076506260422924	0	0.254876446341871	0	0	0	-82.28584205	728.6496011	-53.30577328	0.8089	0	0.745900015	129.0160865	16.3070562	60.08527392
2.45	0	0	0	0.8076506260422924	0	0.254876446341871	0	0	0	-78.96498355	712.123369	-53.58309358	0.8089	0	0.745900015	125.951078	15.81501401	57.47578634
2.455	0	0	0	0.8076506260422924	0	0.254876446341871	0	0	0	-75.6869451	695.4477983	-53.62010794	0.8089	0	0.745900015	122.9448608	15.35092857	54.79309681
2.46	0	0	0	0.8076506260422924	0	0.254876446341871	0	0	0	-72.61142353	679.1480407	-53.66583923	0.8089	0	0.745900015	120.0372939	14.91854869	52.24194119
2.465	0	0	0	0.8076506260422924	0	0.254876446341871	0	0	0	-69.68686258	663.7473482	-53.68051965	0.8089	0	0.745900015	117.2771343	14.52653189	49.89571876
2.47	0	0	0	0.8076506260422924	0	0.254876446341871	0	0	0	-66.88842308	649.2024459	-53.31183012	0.8089	0	0.745900015	114.7165969	14.12744387	47.51862921
2.475	0	0	0	0.8076506260422924	0	0.254876446341871	0	0	0	-64.16187632	635.4580727	-52.34164484	0.8089	0	0.745900015	112.3844613	13.67604584	44.97398015
2.48	0	0	0	0.8076506260422924	0	0.254876446341871	0	0	0	-61.42316378	622.9214891	-51.00565753	0.8089	0	0.745900015	110.2919822	13.22430039	42.44335325
2.485	0	0	0	0.8076506260422924	0	0.254876446341871	0	0	0	-58.78846425	611.8992272	-49.66043703	0.8089	0	0.745900015	108.4417481	12.78537876	40.07002824
2.49	0	0	0	0.8076506260422924	0	0.254876446341871	0	0	0	-56.38362356	602.1747722	-48.34996425	0.8089	0	0.745900015	106.8439247	12.34350112	37.75334631
2.495	0	0	0	0.8076506260422924	0	0.254876446341871	0	0	0	-54.0065373	593.6182559	-46.8711786	0.8089	0	0.745900015	105.51075	11.89616859	35.38343841
2.5	0	0	0	0.8076506260422924	0	0.254876446341871	0	0	0	-51.44399454	586.4974705	-45.15859209	0.8089	0	0.745900015	104.4365834	11.41895332	33.00959647
2.505	0	0	0	0.8076506260422924	0	0.254876446341871	0	0	0	-48.91295891	580.8720218	-43.41435982	0.8089	0	0.745900015	103.6002444	10.93973765	30.71824818
2.51	0	0	0	0.8076506260422924	0	0.254876446341871	0	0	0	-46.6976221	576.4601555	-41.88978717	0.8089	0	0.745900015	102.9839652	10.4888273	28.47641013
2.515	0	0	0	0.8076506260422924	0	0.254876446341871	0	0	0	-44.60253161	573.2322438	-40.619683	0.8089	0	0.745900015	102.5820903	10.03891849	26.19672575
2.52	0	0	0	0.8076506260422924	0	0.254876446341871	0	0	0	-42.31842768	571.3581586	-39.42826771	0.8089	0	0.745900015	102.3972456	9.590928842	23.84424031
2.525	0	0	0	0.8076506260422924	0	0.254876446341871	0	0	0	-40.05165479	570.7088423	-38.16815567	0.8089	0	0.745900015	102.4204396	9.134296164	21.38752871
2.53	0	0	0	0.8076506260422924	0	0.254876446341871	0	0	0	-38.12209278	570.9922478	-36.90322661	0.8089	0	0.745900015	102.6212077	8.660380632000001	18.84640539
2.535	0	0	0	0.8076506260422924	0	0.254876446341871	0	0	0	-36.35535939	572.1772296	-35.83831644	0.8089	0	0.745900015	102.9724708	8.225704055	16.28343737
2.54	0	0	0	0.8076506260422924	0	0.254876446341871	0	0	0	-34.45643984	574.3166922	-35.00361452	0.8089	0	0.745900015	103.4591105	7.83401755	13.67454718
2.545	0	0	0	0.8076506260422924	0	0.254876446341871	0	0	0	-32.54849976	577.1676887	-34.17994063	0.8089	0	0.745900015	104.0725052	7.443660476	10.92451986
2.55	0	0	0	0.8076506260422924	0	0.254876446341871	0	0	0	-30.85187486	580.4612507000001	-33.22024473	0.8089	0	0.745900015	104.8009235	7.0473467	8.024261031
2.555	0	0	0	0.8076506260422924	0	0.254876446341871	0	0	0	-29.22623528	584.2992948	-32.28576232	0.8089	0	0.745900015	105.6292042	6.6467063	5.046834999
2.56	0	0	0	0.8076506260422924	0	0.254876446341871	0	0	0	-27.45131539	588.7733911	-31.58765235	0.8089	0	0.745900015	106.5373361	6.261771368	1.991738508
2.565	0	0	0	0.8076506260422924	0	0.254876446341871	0	0	0	-25.63362132	593.5817873	-31.10596214	0.8089	0	0.745900015	107.5198336	5.89247781	-1.247829429
2.57	0	0	0	0.8076506260422924	0	0.254876446341871	0	0	0	-23.9393777	598.5430535	-30.61416675	0.8089	0	0.745900015	108.5702959	5.518209535	-4.676901434
2.575	0	0	0	0.8076506260422924	0	0.254876446341871	0	0	0	-22.28115448	603.842765	-30.0022522	0.8089	0	0.745900015	109.6747067	5.134905696	-8.194681504
2.58	0	0	0	0.8076506260422924	0	0.254876446341871	0	0	0	-20.51296473	609.4792612	-29.38444226	0.8089	0	0.745900015	110.8081963	4.759041487	-11.77159887
2.585	0	0	0	0.8076506260422924	0	0.254876446341871	0	0	0	-18.6460809	615.0509819	-28.87712427	0.8089	0	0.745900015	111.9321835	4.38899721	-15.46206204
2.59	0	0	0	0.8076506260422924	0	0.254876446341871	0	0	0	-16.71770088	620.32809	-28.48797103	0.8089	0	0.745900015	113.0249789	4.003616217	-19.28365362
2.595	0	0	0	0.8076506260422924	0	0.254876446341871	0	0	0	-14.65232896	625.5285002000001	-28.07846551	0.8089	0	0.745900015	114.0725686	3.601724848	-23.14779181
2.6	0	0	0	0.8076506260422924	0	0.254876446341871	0	0	0	-12.45086877	630.6977333	-27.53805893	0.8089	0	0.745900015	115.0648272	3.157853585	-27.01241696
2.605	0	0	0	0.8076506260422924	0	0.254876446341871	0	0	0	-10.22872839	635.5687834	-26.93162843	0.8089	0	0.745900015	115.9872448	2.66155357	-30.93550135
2.61	0	0	0	0.8076506260422924	0	0.254876446341871	0	0	0	-7.977304785	640.1095693	-26.47557625	0.8089	0	0.745900015	116.8327074	2.136625397	-34.95142171
2.615	0	0	0	0.8076506260422924	0	0.254876446341871	0	0	0	-5.551841165	644.586514	-26.29804108	0.8089	0	0.745900015	117.6082246	1.580629468	-38.99758925
2.62	0	0	0	0.8076506260422924	0	0.254876446341871	0	0	0	-2.941582502	649.0781945	-26.29580755	0.8089	0	0.745900015	118.3297864	0.986847754	-43.02012848
2.625	0	0	0	0.8076506260422924	0	0.254876446341871	0	0	0	-0.256262986	653.4870856	-26.3246485	0.8089	0	0.745900015	119.0141445	0.346896653	-47.04550815
2.63	0	0	0	0.8076506260422924	0	0.254876446341871	0	0	0	2.548461713	657.9314656	-26.4086436	0.8089	0	0.745900015	119.6643549	-0.350137214	-51.06403689
2.635	0	0	0	0.8076506260422924	0	0.254876446341871	0	0	0	5.58594937	662.5323904000001	-26.72334339	0.8089	0	0.745900015	120.2869143	-1.09400981	-55.03618556
2.64	0	0	0	0.8076506260422924	0	0.254876446341871	0	0	0	8.801230386	667.1291528	-27.30513222	0.8089	0	0.745900015	120.8827084	-1.877488977	-59.0134045
2.645	0	0	0	0.8076506260422924	0	0.254876446341871	0	0	0	12.14745577	671.4681452	-28.01696711	0.8089	0	0.745900015	121.4536753	-2.722695818	-63.06269432
2.65	0	0	0	0.8076506260422924	0	0.254876446341871	0	0	0	15.75216044	675.5884938	-28.72288555	0.8089	0	0.745900015	122.0003241	-3.641792294	-67.14670049
2.655	0	0	0	0.8076506260422924	0	0.254876446341871	0	0	0	19.64183523	679.6098181999999	-29.40435367	0.8089	0	0.745900015	122.5147316	-4.628099729	-71.22924207
2.66	0	0	0	0.8076506260422924	0	0.254876446341871	0	0	0	23.63600359	683.3718646999999	-30.13746271	0.8089	0	0.745900015	122.9951471	-5.671094093	-75.35738809999999
2.665	0	0	0	0.8076506260422924	0	0.254876446341871	0	0	0	27.68335408	686.7165623	-30.94117097	0.8089	0	0.745900015	123.4421946	-6.740624396	-79.55060788999999
2.67	0	0	0	0.8076506260422924	0	0.254876446341871	0	0	0	31.88273447	689.7848191	-31.76067413	0.8089	0	0.745900015	123.8712158	-7.811416331	-83.79236981
2.675	0	0	0	0.8076506260422924	0	0.254876446341871	0	0	0	36.15856916	692.7435043	-32.4605075	0.8089	0	0.745900015	124.2928316	-8.86957861	-88.04798743000001
2.68	0	0	0	0.8076506260422924	0	0.254876446341871	0	0	0	40.2558442	695.4667183	-32.94983268	0.8089	0	0.745900015	124.7083814	-9.910129497	-92.30354846
2.685	0	0	0	0.8076506260422924	0	0.254876446341871	0	0	0	44.12452955	697.8315149	-33.2958457	0.8089	0	0.745900015	125.1157185	-10.91350481	-96.57103982
2.69	0	0	0	0.8076506260422924	0	0.254876446341871	0	0	0	47.95844938	699.9571162	-33.63242438	0.8089	0	0.745900015	125.5124468	-11.86090236	-100.8737769
2.695	0	0	0	0.8076506260422924	0	0.254876446341871	0	0	0	51.78256743	701.9001944	-33.97880297	0.8089	0	0.745900015	125.8989526	-12.77050641	-105.2304623
2.7	0	0	0	0.8076506260422924	0	0.254876446341871	0	0	0	55.39952469	703.5470829	-34.22305927	0.8089	0	0.745900015	126.2675983	-13.68283271	-109.6099389
2.705	0	0	0	0.8076506260422924	0	0.254876446341871	0	0	0	58.77330055	704.8897528	-34.33677467	0.8089	0	0.745900015	126.6045014	-14.62589749	-113.9494356
2.71	0	0	0	0.8076506260422924	0	0.254876446341871	0	0	0	62.12151753	706.0346036	-34.42570374	0.8089	0	0.745900015	126.8889856	-15.58327474	-118.2372438
2.715	0	0	0	0.8076506260422924	0	0.254876446341871	0	0	0	65.59386511	706.8556517	-34.57421166	0.8089	0	0.745900015	127.1028218	-16.54395815	-122.4993572
2.72	0	0	0	0.8076506260422924	0	0.254876446341871	0	0	0	69.12031935	707.1240352999999	-34.72667273	0.8089	0	0.745900015	127.2337985	-17.52039335	-126.7040028
2.725	0	0	0	0.8076506260422924	0	0.254876446341871	0	0	0	72.63617791	706.847385	-34.77808832	0.8089	0	0.745900015	127.2734117	-18.51555603	-130.7573306
2.73	0	0	0	0.8076506260422924	0	0.254876446341871	0	0	0	76.25509701999999	706.099298	-34.7055463	0.8089	0	0.745900015	127.2092735	-19.52898944	-134.5730135
2.735	0	0	0	0.8076506260422924	0	0.254876446341871	0	0	0	80.08012118000001	704.6929278	-34.56418442	0.8089	0	0.745900015	127.0171645	-20.55654847	-138.1624313
2.74	0	0	0	0.8076506260422924	0	0.254876446341871	0	0	0	84.05275628	702.3643293	-34.41661812	0.8089	0	0.745900015	126.6764722	-21.58967774	-141.5955916
2.745	0	0	0	0.8076506260422924	0	0.254876446341871	0	0	0	88.10383245	699.1651304	-34.22106566	0.8089	0	0.745900015	126.1721373	-22.621632	-144.8309999
2.75	0	0	0	0.8076506260422924	0	0.254876446341871	0	0	0	92.25401228	695.1919707	-33.85682264	0.8089	0	0.745900015	125.490828	-23.66812245	-147.7204187
2.755	0	0	0	0.8076506260422924	0	0.254876446341871	0	0	0	96.50491398	690.202212	-33.28510162	0.8089	0	0.745900015	124.6139715	-24.71979473	-150.2320704
2.76	9.000738517	18.45997451	0.8518440859999999	0.8076506260422924	0	0.254876446341871	-3.360394238	1.793513819	3.027780016	100.8491021	683.8343003	-32.59565633	0.8089	0	0.745900015	123.5061767	-25.76038885	-152.4418652
2.765	15.59980428	35.13938207	-0.25091959	0.8076506260422924	0	0.254876446341871	-6.282354316	3.234241317	5.745183387	105.3387862	675.8916546	-31.87952145	0.8089	0	0.745900015	122.1204482	-26.77875182	-154.2887662
2.77	22.7892144	57.49485215	-2.385289666	0.8076506260422924	0	0.254876446341871	-10.1881599	4.913921045	9.350746194999999	109.9188597	666.231702	-31.06307006	0.8089	0	0.745900015	120.4051008	-27.72553139	-155.5522241
2.775	28.82099427	85.18955776999999	-5.702233661	0.8076506260422924	0	0.254876446341871	-15.0153695	6.516784749	13.64470664	114.3436399	654.5215377	-29.96508475	0.8089	0	0.745900015	118.305575	-28.58389598	-156.0667186
2.78	31.59238287	117.2656026	-9.874624235000001	0.8076506260422924	0	0.254876446341871	-20.62066813	7.690554363	18.29404772	118.427939	640.3231156000001	-28.50041664	0.8089	0	0.745900015	115.7582744	-29.32525014	-155.7798411
2.785	29.83122509	152.6140556	-14.18795111	0.8076506260422924	0	0.254876446341871	-26.85398078	8.199347463000001	23.25366381	122.1469303	623.2219537	-26.78221056	0.8089	0	0.745900015	112.6957081	-29.87925039	-154.6553901
2.79	23.71428692	190.91464	-18.00124401	0.8076506260422924	0	0.254876446341871	-33.64858593	7.952467384	28.71147406	125.3600671	602.8505987999999	-24.9678635	0.8089	0	0.745900015	109.0573007	-30.2040478	-152.5757159
2.795	14.39531795	232.6869047	-21.24034929	0.8076506260422924	0	0.254876446341871	-41.04015452	7.06994275	34.76526413	127.6649658	579.0193243	-23.02967575	0.8089	0	0.745900015	104.7964178	-30.23582772	-149.3644587
2.8	3.326185771	278.5078293	-24.4127905	0.8076506260422924	0	0.254876446341871	-49.03717513	5.811396473	41.39456904	128.6581691	551.7268517	-20.82484439	0.8089	0	0.745900015	99.89700962000001	-29.91948159	-144.9081672
2.805	-8.162163775	327.7774249	-27.74245336	0.8076506260422924	0	0.254876446341871	-57.48694297	4.342094197	48.56723094	128.1637019	521.0796793	-18.2608384	0.8089	0	0.745900015	94.36785641	-29.2270647	-139.2270347
2.81	-19.22491233	378.5733921	-30.28754184	0.8076506260422924	0	0.254876446341871	-66.05623405999999	2.674148049	56.01846067	126.0968948	487.1877336	-15.44429345	0.8089	0	0.745900015	88.25647558999999	-28.09417943	-132.4022996
2.815	-29.51863298	428.5458393	-30.30691403	0.8076506260422924	0	0.254876446341871	-74.31901809999999	0.6938885299999999	63.19281359	122.2683122	450.4255096	-12.56836593	0.8089	0	0.745900015	81.64662228	-26.49077149	-124.4709861
2.82	-38.81704538	475.6603707	-26.62681537	0.8076506260422924	0	0.254876446341871	-81.92587064999999	-1.679921943	69.62339172	116.4628803	411.6594291	-9.725262071	0.8089	0	0.745900015	74.67027682	-24.42850646	-115.4985636
2.825	-46.86221252	518.6670764	-19.70322327	0.8076506260422924	0	0.254876446341871	-88.66249827999999	-4.333722503	75.20193145	108.6968901	371.9769521	-6.840637548	0.8089	0	0.745900015	67.50661220000001	-21.95260519	-105.7218966
2.83	-53.70349206	557.134829	-10.94570636	0.8076506260422924	0	0.254876446341871	-94.4741403	-7.055551895	79.83412756	99.33325425	332.34445	-3.781580721	0.8089	0	0.745900015	60.34046815	-19.19232523	-95.52401008
2.835	-59.64132497	591.2475021	-1.415115125	0.8076506260422924	0	0.254876446341871	-99.41894829	-9.674458066	83.37057593999999	88.90924796	293.609563	-0.646205681	0.8089	0	0.745900015	53.34973861	-16.29489117	-85.27723297
2.84	-64.87308699	621.4858852999999	8.456034434999999	0.8076506260422924	0	0.254876446341871	-103.5951252	-12.06484501	85.9201748	77.9454839	256.6954686	2.254199721	0.8089	0	0.745900015	46.67644826	-13.39914764	-75.23182977
2.845	-69.57211049999999	648.3362263	18.18812601	0.8076506260422924	0	0.254876446341871	-107.1389475	-14.11768813	87.86020168	66.97954838	222.274135	4.619775654	0.8089	0	0.745900015	40.42297854	-10.68242208	-65.54722028
2.85	-73.98275313000001	672.356799	26.72157373	0.8076506260422924	0	0.254876446341871	-110.2049386	-15.6952928	89.3930421	56.60600831	190.574684	6.337144822	0.8089	0	0.745900015	34.65515525	-8.281407183000001	-56.40867874
2.855	-77.98376465	694.1456046	33.00896373	0.8076506260422924	0	0.254876446341871	-112.9434748	-16.66977692	90.47362482	47.28876669	161.6973484	7.404683248	0.8089	0	0.745900015	29.40713297	-6.279772436	-48.03230272
2.86	-81.08491315000001	714.2225218	36.95587931	0.8076506260422924	0	0.254876446341871	-115.4477162	-17.10484649	91.05799337000001	39.16911495	135.8265345	7.790623972	0.8089	0	0.745900015	24.68763981	-4.722319478	-40.51770829
2.865	-83.22696089	732.7179762	39.56647366	0.8076506260422924	0	0.254876446341871	-117.7239096	-17.20340861	91.24463891000001	32.10391957	113.0157561	7.453891654	0.8089	0	0.745900015	20.49265248	-3.538403243	-33.80047372
2.87	-84.95690743	749.3366617	42.0383708	0.8076506260422924	0	0.254876446341871	-119.7086329	-17.14218675	91.19922857	25.81449642	93.08678925	6.488381897	0.8089	0	0.745900015	16.81125494	-2.657302564	-27.87889187
2.875	-86.48972651	763.6364976	44.84381293	0.8076506260422924	0	0.254876446341871	-121.3300057	-17.00334555	91.00618938	20.12591389	75.83491402	5.181422572	0.8089	0	0.745900015	13.62127451	-2.009842772	-22.84677732
2.88	-87.35587375999999	775.3193355	47.6959346	0.8076506260422924	0	0.254876446341871	-122.5597208	-16.76333484	90.46035071	15.06980534	61.07179512	3.848162821	0.8089	0	0.745900015	10.8920388	-1.506754665	-18.62865399
2.885	-87.24073141	784.3349064	50.18125379	0.8076506260422924	0	0.254876446341871	-123.4138915	-16.3773404	89.28036439	10.62586532	48.54268017	2.68553039	0.8089	0	0.745900015	8.571409279999999	-1.099317831	-14.96881748
2.89	-86.5616371	791.0006455	52.29182197	0.8076506260422924	0	0.254876446341871	-123.9296368	-15.90120835	87.52878323	6.589536507	37.93090782	1.698081826	0.8089	0	0.745900015	6.610205554	-0.739401965	-11.71744296
2.895	-85.81417931	795.9063487	54.36490175	0.8076506260422924	0	0.254876446341871	-124.1434306	-15.41269251	85.67528866000001	2.947626031	28.98983701	0.864237544	0.8089	0	0.745900015	4.966269995	-0.392271471	-8.841663248
2.9	-84.94339334	799.5035822999999	56.64066351	0.8076506260422924	0	0.254876446341871	-124.1001734	-14.94274588	83.95700692	0.019734395	21.55179187	0.238925292	0.8089	0	0.745900015	3.607957421	-0.08544507899999999	-6.316175653
2.905	-83.66717174	801.7857522	58.97569997	0.8076506260422924	0	0.254876446341871	-123.8596761	-14.48600736	82.08853121	-1.981289784	15.46940052	-0.112842096	0.8089	0	0.745900015	2.509711006	0.161315384	-4.159518828
2.91	-81.99225307	802.645091	60.99348449	0.8076506260422924	0	0.254876446341871	-123.4661549	-13.99004581	79.82971177	-3.118842553	10.58780161	-0.221646217	0.8089	0	0.745900015	1.640215637	0.324762088	-2.431123824
2.915	-80.22022151	802.2464982	62.5064836	0.8076506260422924	0	0.254876446341871	-122.9283134	-13.45398392	77.51637890000001	0	0	0	0.8089	0	0.745900015	0	0	0
2.92	-78.69324288999999	800.8619393	63.69628787	0.8076506260422924	0	0.254876446341871	-122.2400658	-12.93136342	75.55090786	0	0	0	0.8089	0	0.745900015	0	0	0
2.925	-77.46724924999999	798.4448899	64.74830896	0.8076506260422924	0	0.254876446341871	-121.3963661	-12.43684696	73.77815712	0	0	0	0.8089	0	0.745900015	0	0	0
2.93	-76.22919616	794.6410316	65.51193548000001	0.8076506260422924	0	0.254876446341871	-120.4020765	-11.96548994	71.82046016	0	0	0	0.8089	0	0.745900015	0	0	0
2.935	-74.80839542	789.2953037	65.62952862	0.8076506260422924	0	0.254876446341871	-119.2396946	-11.49821487	69.68524458	0	0	0	0.8089	0	0.745900015	0	0	0
2.94	-73.55703994	782.5726042	65.05826571999999	0.8076506260422924	0	0.254876446341871	-117.8755052	-11.01580023	67.65176864999999	0	0	0	0.8089	0	0.745900015	0	0	0
2.945	-72.77411188000001	774.5779348	64.22099378999999	0.8076506260422924	0	0.254876446341871	-116.2885421	-10.57620314	65.79965790999999	0	0	0	0.8089	0	0.745900015	0	0	0
2.95	-72.11749454	765.2090409	63.5636	0.8076506260422924	0	0.254876446341871	-114.4856944	-10.21982505	63.93729198	0	0	0	0.8089	0	0.745900015	0	0	0
2.955	-71.13142814	754.4725852	63.13642013	0.8076506260422924	0	0.254876446341871	-112.509298	-9.914910645999999	61.90555711	0	0	0	0.8089	0	0.745900015	0	0	0
2.96	-70.00536955	742.84037	62.67396087	0.8076506260422924	0	0.254876446341871	-110.4212453	-9.635735240000001	59.7778454	0	0	0	0.8089	0	0.745900015	0	0	0
2.965	-69.18288570999999	730.9560921999999	62.01529027	0.8076506260422924	0	0.254876446341871	-108.2824787	-9.358935578000001	57.80037404	0	0	0	0.8089	0	0.745900015	0	0	0
2.97	-68.57115091999999	719.2251513	61.33296172	0.8076506260422924	0	0.254876446341871	-106.1570023	-9.101351497	56.04108873	0	0	0	0.8089	0	0.745900015	0	0	0
2.975	-67.72138002	707.8135974	60.85430059	0.8076506260422924	0	0.254876446341871	-104.1116563	-8.906371883	54.28829697	0	0	0	0.8089	0	0.745900015	0	0	0
2.98	-66.55058379	696.9570935	60.49006341	0.8076506260422924	0	0.254876446341871	-102.2069215	-8.74989002	52.38220828	0	0	0	0.8089	0	0.745900015	0	0	0
2.985	-65.36877564	687.0366886	59.8755457	0.8076506260422924	0	0.254876446341871	-100.4803807	-8.589709151999999	50.47720321	0	0	0	0.8089	0	0.745900015	0	0	0
2.99	-64.34244092	678.2248503	58.79925811	0.8076506260422924	0	0.254876446341871	-98.94705485999999	-8.395300645000001	48.74821168	0	0	0	0.8089	0	0.745900015	0	0	0
2.995	-63.26290266	670.3823286000001	57.44016522	0.8076506260422924	0	0.254876446341871	-97.60892398999999	-8.173841983999999	47.0588706	0	0	0	0.8089	0	0.745900015	0	0	0
3	-61.87405552	663.3490163	56.10786553	0.8076506260422924	0	0.254876446341871	-96.4649507	-7.961851313	45.15286749	0	0	0	0.8089	0	0.745900015	0	0	0
3.005	-60.22429866	657.1299379	54.83974962	0.8076506260422924	0	0.254876446341871	-95.51104927999999	-7.750047851	43.06034842	0	0	0	0.8089	0	0.745900015	0	0	0
3.01	-58.58947731	651.7474568	53.39953498	0.8076506260422924	0	0.254876446341871	-94.73264856	-7.498479474	41.00185272	0	0	0	0.8089	0	0.745900015	0	0	0
3.015	-57.03488541	647.0445684	51.6738446	0.8076506260422924	0	0.254876446341871	-94.10584665	-7.190926909	38.99041569	0	0	0	0.8089	0	0.745900015	0	0	0
3.02	-55.2659567	642.8721388	49.88901127	0.8076506260422924	0	0.254876446341871	-93.61024092	-6.8462961	36.78499186	0	0	0	0.8089	0	0.745900015	0	0	0
3.025	-53.03831597	639.1962712	48.34492257	0.8076506260422924	0	0.254876446341871	-93.22926586	-6.492180425	34.28220999	0	0	0	0.8089	0	0.745900015	0	0	0
3.03	-50.55067417	636.0347279	47.08131741	0.8076506260422924	0	0.254876446341871	-92.9465615	-6.132666659	31.64398174	0	0	0	0.8089	0	0.745900015	0	0	0
3.035	-48.14390754	633.4064562999999	45.91641024	0.8076506260422924	0	0.254876446341871	-92.74567398000001	-5.748695212	28.98111887	0	0	0	0.8089	0	0.745900015	0	0	0
3.04	-45.77061742	631.2962126	44.76226364	0.8076506260422924	0	0.254876446341871	-92.62136131	-5.329253958	26.15677933	0	0	0	0.8089	0	0.745900015	0	0	0
3.045	-43.11566615	629.6106264	43.71697567	0.8076506260422924	0	0.254876446341871	-92.56859826	-4.892312989	23.02825148	0	0	0	0.8089	0	0.745900015	0	0	0
3.05	-40.19541432	628.2362482	42.90736194	0.8076506260422924	0	0.254876446341871	-92.57539251999999	-4.449933303	19.69497101	0	0	0	0.8089	0	0.745900015	0	0	0
3.055	-37.39604552	627.1874433	42.31020228	0.8076506260422924	0	0.254876446341871	-92.6279158	-4.007231071	16.36821376	0	0	0	0.8089	0	0.745900015	0	0	0
3.06	-34.88406052	626.5038293	41.77693539	0.8076506260422924	0	0.254876446341871	-92.72655777999999	-3.563544979	13.10260138	0	0	0	0.8089	0	0.745900015	0	0	0
3.065	-32.40292346	626.0415805	41.1571227	0.8076506260422924	0	0.254876446341871	-92.87559	-3.115678654	9.779425364	0	0	0	0.8089	0	0.745900015	0	0	0
3.07	-29.79736263	625.6264184	40.4365799	0.8076506260422924	0	0.254876446341871	-93.07246440999999	-2.677885666	6.291345398	0	0	0	0.8089	0	0.745900015	0	0	0
3.075	-27.27987187	625.3445459	39.73338014	0.8076506260422924	0	0.254876446341871	-93.30754853000001	-2.262253871	2.72795752	0	0	0	0.8089	0	0.745900015	0	0	0
3.08	-25.0303072	625.4209397	39.15309551	0.8076506260422924	0	0.254876446341871	-93.57456136	-1.874801165	-0.71693064	0	0	0	0.8089	0	0.745900015	0	0	0
3.085	-22.91702755	625.8775776	38.67101204	0.8076506260422924	0	0.254876446341871	-93.88396813	-1.511726044	-4.029455899	0	0	0	0.8089	0	0.745900015	0	0	0
3.09	-20.73132868	626.608752	38.13216153	0.8076506260422924	0	0.254876446341871	-94.24365114	-1.141453109	-7.392538653	0	0	0	0.8089	0	0.745900015	0	0	0
3.095	-18.46078007	627.6294641	37.47731595	0.8076506260422924	0	0.254876446341871	-94.66008351000001	-0.75395609	-10.89471045	0	0	0	0.8089	0	0.745900015	0	0	0
3.1	-16.19737108	629.0929913	36.80390362	0.8076506260422924	0	0.254876446341871	-95.12222473999999	-0.36834898	-14.39217822	0	0	0	0.8089	0	0.745900015	0	0	0
3.105	-13.96609188	631.0119263	36.25715145	0.8076506260422924	0	0.254876446341871	-95.61376168	0.027043387	-17.78157192	0	0	0	0.8089	0	0.745900015	0	0	0
3.11	-11.68037027	633.1459389	35.85143428	0.8076506260422924	0	0.254876446341871	-96.12431056	0.440183411	-21.19185064	0	0	0	0.8089	0	0.745900015	0	0	0
3.115	-9.193939073999999	635.2834927	35.46750035	0.8076506260422924	0	0.254876446341871	-96.64974341	0.887266903	-24.75177271	0	0	0	0.8089	0	0.745900015	0	0	0
3.12	-6.483791914	637.4792208	35.01042997	0.8076506260422924	0	0.254876446341871	-97.17787482	1.374364513	-28.41315542	0	0	0	0.8089	0	0.745900015	0	0	0
3.125	-3.686837225	639.7896286	34.55000961	0.8076506260422924	0	0.254876446341871	-97.68866764000001	1.881415109	-32.05436065	0	0	0	0.8089	0	0.745900015	0	0	0
3.13	-0.8700634229999999	642.0490533	34.25284798	0.8076506260422924	0	0.254876446341871	-98.16507294	2.402841577	-35.65555724	0	0	0	0.8089	0	0.745900015	0	0	0
3.135	2.082278433	644.0872269	34.19511721	0.8076506260422924	0	0.254876446341871	-98.60159806	2.934037889	-39.27736434	0	0	0	0.8089	0	0.745900015	0	0	0
3.14	5.234684633	645.9256145000001	34.29417118	0.8076506260422924	0	0.254876446341871	-99.00796981000001	3.488318299	-42.9928973	0	0	0	0.8089	0	0.745900015	0	0	0
3.145	8.493103844	647.6540948000001	34.41448928	0.8076506260422924	0	0.254876446341871	-99.39444288999999	4.087936753	-46.78861419	0	0	0	0.8089	0	0.745900015	0	0	0
3.15	11.77410351	649.3003459	34.5569323	0.8076506260422924	0	0.254876446341871	-99.77046919	4.714620781	-50.59744835	0	0	0	0.8089	0	0.745900015	0	0	0
3.155	15.11240675	650.8731702	34.85801195	0.8076506260422924	0	0.254876446341871	-100.1474824	5.347122732	-54.40731579	0	0	0	0.8089	0	0.745900015	0	0	0
3.16	18.53448247	652.4744162	35.39514549	0.8076506260422924	0	0.254876446341871	-100.5434956	5.984351918	-58.28678051	0	0	0	0.8089	0	0.745900015	0	0	0
3.165	21.96827897	654.2722288	36.04996596	0.8076506260422924	0	0.254876446341871	-100.9809414	6.618645692	-62.29184754	0	0	0	0.8089	0	0.745900015	0	0	0
3.17	25.33237409	656.383998	36.61198818	0.8076506260422924	0	0.254876446341871	-101.4712142	7.255200175	-66.4086312	0	0	0	0.8089	0	0.745900015	0	0	0
3.175	28.64259802	658.8461906	37.03514051	0.8076506260422924	0	0.254876446341871	-102.0156646	7.894162666	-70.60041661	0	0	0	0.8089	0	0.745900015	0	0	0
3.18	31.95317714	661.6822963	37.44446074	0.8076506260422924	0	0.254876446341871	-102.6065198	8.517527048	-74.86064664	0	0	0	0.8089	0	0.745900015	0	0	0
3.185	35.26613076	664.8437283	37.90808981	0.8076506260422924	0	0.254876446341871	-103.2320187	9.137340853	-79.18243216	0	0	0	0.8089	0	0.745900015	0	0	0
3.19	38.55813118	668.2062618	38.30672291	0.8076506260422924	0	0.254876446341871	-103.8798679	9.773801294	-83.52499299	0	0	0	0.8089	0	0.745900015	0	0	0
3.195	41.85581976	671.6816308	38.49404044	0.8076506260422924	0	0.254876446341871	-104.5372292	10.43177109	-87.88618062	0	0	0	0.8089	0	0.745900015	0	0	0
3.2	45.22799164	675.2233149	38.47848872	0.8076506260422924	0	0.254876446341871	-105.1852608	11.11840132	-92.30784293000001	0	0	0	0.8089	0	0.745900015	0	0	0
3.205	48.70910417	678.6939555	38.41037109	0.8076506260422924	0	0.254876446341871	-105.8027928	11.82592136	-96.77157058	0	0	0	0.8089	0	0.745900015	0	0	0
3.21	52.25226373	681.9089004	38.41035986	0.8076506260422924	0	0.254876446341871	-106.3726496	12.54501911	-101.1756442	0	0	0	0.8089	0	0.745900015	0	0	0
3.215	55.77967116	684.8456277	38.45677676	0.8076506260422924	0	0.254876446341871	-106.8833306	13.28593907	-105.4867629	0	0	0	0.8089	0	0.745900015	0	0	0
3.22	59.33382338	687.5252138	38.48361141	0.8076506260422924	0	0.254876446341871	-107.3360746	14.04801881	-109.7499476	0	0	0	0.8089	0	0.745900015	0	0	0
3.225	63.04207434	689.8813731	38.47086062	0.8076506260422924	0	0.254876446341871	-107.7284881	14.83168683	-113.9772814	0	0	0	0.8089	0	0.745900015	0	0	0
3.23	66.90140789	691.7874654	38.48594554	0.8076506260422924	0	0.254876446341871	-108.0539639	15.64604282	-118.110829	0	0	0	0.8089	0	0.745900015	0	0	0
3.235	70.78378637	693.2205675	38.62465175	0.8076506260422924	0	0.254876446341871	-108.3116027	16.49120803	-122.0942914	0	0	0	0.8089	0	0.745900015	0	0	0
3.24	74.67737112	694.2154885	38.86415014	0.8076506260422924	0	0.254876446341871	-108.4974405	17.37318163	-125.9198223	0	0	0	0.8089	0	0.745900015	0	0	0
3.245	78.71624469	694.6789487	39.11154086	0.8076506260422924	0	0.254876446341871	-108.6134824	18.30794245	-129.6450053	0	0	0	0.8089	0	0.745900015	0	0	0
3.25	82.96239511	694.4917374	39.2662376	0.8076506260422924	0	0.254876446341871	-108.6446501	19.2831218	-133.305892	0	0	0	0.8089	0	0.745900015	0	0	0
3.255	87.31937342000001	693.5551626	39.34077077	0.8076506260422924	0	0.254876446341871	-108.5699493	20.28918142	-136.8424487	0	0	0	0.8089	0	0.745900015	0	0	0
3.26	91.69663958	691.8120249999999	39.38628701	0.8076506260422924	0	0.254876446341871	-108.3673409	21.29349898	-140.1405049	0	0	0	0.8089	0	0.745900015	0	0	0
3.265	96.09801234	689.1823391	39.39335785	0.8076506260422924	0	0.254876446341871	-108.0247129	22.26247303	-143.2157754	0	0	0	0.8089	0	0.745900015	0	0	0
3.27	100.5841786	685.5155918	39.2738653	0.8076506260422924	0	0.254876446341871	-107.538196	23.19478724	-146.1465961	0	0	0	0.8089	0	0.745900015	0	0	0
3.275	105.1458368	680.7086749	38.92614724	0.8076506260422924	0	0.254876446341871	-106.8935795	24.06971481	-148.8935513	0	0	0	0.8089	0	0.745900015	0	0	0
3.28	109.6452527	674.6869412	38.37482923	0.8076506260422924	0	0.254876446341871	-106.0715509	24.8763707	-151.2895432	0	0	0	0.8089	0	0.745900015	0	0	0
3.285	113.9147854	667.3753283	37.69771119	0.8076506260422924	0	0.254876446341871	-105.0424744	25.60865401	-153.2228976	4.969690525	20.09936248	-0.199523503	0.8089	0	0.745900015	4.249612533	-1.322428843	3.522779278
3.29	117.9038928	658.5663684	36.93009356	0.8076506260422924	0	0.254876446341871	-103.7822237	26.24537443	-154.7130362	10.16851272	40.13138003	2.012160846	0.8089	0	0.745900015	8.508090860999999	-2.651179602	6.564127229
3.295	121.6474275	648.0151092	36.00142215	0.8076506260422924	0	0.254876446341871	-102.2581229	26.78246021	-155.7453373	15.76876562	68.50072772999999	5.848870037	0.8089	0	0.745900015	14.41213926	-4.246432938	10.87258498
3.3	125.0360662	635.517479	34.82058637	0.8076506260422924	0	0.254876446341871	-100.415883	27.21421423	-156.1528869	20.29191173	105.1471907	11.51610353	0.8089	0	0.745900015	21.93617255	-5.794004984	16.38681984
3.305	127.7770216	620.7448235000001	33.4270188	0.8076506260422924	0	0.254876446341871	-98.19734553000001	27.51005829	-155.7248284	21.90579868	148.5372915	18.60380518	0.8089	0	0.745900015	30.80846994	-6.886729314	22.68883566
3.31	129.664662	603.2762921999999	31.9171002	0.8076506260422924	0	0.254876446341871	-95.53489432000001	27.64330256	-154.3168806	19.08113565	196.1965606	26.15801116	0.8089	0	0.745900015	40.53643182	-7.186683793	29.38304173
3.315	130.6507046	582.7363911	30.35163169	0.8076506260422924	0	0.254876446341871	-92.37577804999999	27.56780216	-151.8705329	11.50650152	245.3523477	33.01256877	0.8089	0	0.745900015	50.52186851	-6.562972394	36.29228447
3.32	130.638919	558.9465004	28.6849515	0.8076506260422924	0	0.254876446341871	-88.68694556	27.23075452	-148.2843026	0.244321119	293.3601168	38.21194129	0.8089	0	0.745900015	60.20153141	-5.077783487	43.1655834
3.325	129.3692328	531.9312905	26.79903043	0.8076506260422924	0	0.254876446341871	-84.44857394	26.61803934	-143.4090175	-12.78657287	338.1250117	41.16206655	0.8089	0	0.745900015	69.17100031	-2.986670492	49.56672905
3.33	126.5891988	501.8090811	24.67309184	0.8076506260422924	0	0.254876446341871	-79.67901238	25.70141534	-137.2044133	-25.58164242	378.6877374	41.62004347	0.8089	0	0.745900015	77.21343529000001	-0.588159997	55.25366937
3.335	122.2690781	468.917737	22.37064521	0.8076506260422924	0	0.254876446341871	-74.43666145	24.46426891	-129.8515626	-36.99203452	415.0814274	39.62171639	0.8089	0	0.745900015	84.25188117	1.951135541	60.19290051
3.34	116.5634498	433.8986344	19.92214421	0.8076506260422924	0	0.254876446341871	-68.82409629999999	22.92945869	-121.6000171	-46.9277117	447.4081945	35.41968788	0.8089	0	0.745900015	90.25588132999999	4.534731291	64.31445367000001
3.345	109.5686104	397.5894127	17.24919043	0.8076506260422924	0	0.254876446341871	-62.97656153	21.11252083	-112.6555717	-55.469168	475.4107523	29.16762828	0.8089	0	0.745900015	95.24583389999999	7.055126832	67.46890702
3.35	101.3500295	360.7822893	14.29302494	0.8076506260422924	0	0.254876446341871	-57.04200861	19.0742063	-103.1818603	-62.26726006	499.3778256	20.86024764	0.8089	0	0.745900015	99.34720397	9.500603641	69.58973546999999
3.355	92.24634518000001	324.2295252	11.16117066	0.8076506260422924	0	0.254876446341871	-51.15361141	16.90203263	-93.40331412	-67.22687414000001	520.8713188	10.71519416	0.8089	0	0.745900015	102.8371677	11.86754938	70.82549916000001
3.36	82.87647619000001	288.6818641	8.110026218	0.8076506260422924	0	0.254876446341871	-45.42457583	14.69288067	-83.62223317	-71.16999512	542.1029438	-0.410068707	0.8089	0	0.745900015	106.1008579	14.12729012	71.63403502
3.365	73.73625014	254.7205657	5.34897919	0.8076506260422924	0	0.254876446341871	-39.94321523	12.55928865	-74.09695972999999	-75.22400012999999	564.9451949	-11.25920946	0.8089	0	0.745900015	109.5040555	16.26666354	72.59562630000001
3.37	65.04217069000001	222.6349159	2.935519341	0.8076506260422924	0	0.254876446341871	-34.75969	10.5870462	-64.87368621	-79.83272293	590.5205705	-20.9715247	0.8089	0	0.745900015	113.285909	18.2391988	73.99165889
3.375	56.87138428	192.5347978	0.917693672	0.8076506260422924	0	0.254876446341871	-29.90291409	8.822286668	-56.01715975	-84.79589132	619.0213209999999	-29.34771908	0.8089	0	0.745900015	117.4951286	20.02967497	75.70452245
3.38	49.32716969	164.5506362	-0.577749646	0.8076506260422924	0	0.254876446341871	-25.40643968	7.268094987	-47.77372393	-90.01773009999999	649.4902018	-36.45277231	0.8089	0	0.745900015	122.0218678	21.64042451	77.56227032
3.385	42.49950574	138.854416	-1.526419627	0.8076506260422924	0	0.254876446341871	-21.29446409	5.90739144	-40.39179703	-95.61248444	680.3778733	-42.14896618	0.8089	0	0.745900015	126.6590432	22.97693021	79.55424622
3.39	36.31362149	115.4532627	-2.052499955	0.8076506260422924	0	0.254876446341871	-17.58530343	4.737091461	-33.85794417	-101.3140624	710.3810499	-46.22570301	0.8089	0	0.745900015	131.1846697	23.95481792	81.58153651000001
3.395	30.52131428	94.36718298	-2.313028927	0.8076506260422924	0	0.254876446341871	-14.2779386	3.728145871	-28.0024924	-106.2995465	738.4358535	-48.82598073	0.8089	0	0.745900015	135.4180605	24.57429417	83.24442282
3.4	24.95512001	75.66057831000001	-2.32779386	0.8076506260422924	0	0.254876446341871	-11.36356105	2.858681177	-22.74690259	-109.8244682	763.4691924	-50.47055054	0.8089	0	0.745900015	139.2180583	24.8488588	84.16281066000001
3.405	19.67113327	59.28601261	-2.047979167	0.8076506260422924	0	0.254876446341871	-8.834766932999999	2.099463859	-18.14386991	-111.8745795	784.8339093	-51.69406375	0.8089	0	0.745900015	142.4875651	24.86140883	84.28700421000001
3.41	14.80619741	45.04514747	-1.555417281	0.8076506260422924	0	0.254876446341871	-6.677103284	1.426658932	-14.17468044	-112.9099654	802.6299027	-52.66120061	0.8089	0	0.745900015	145.1885265	24.64342285	83.74686593
3.415	10.3708545	32.83633184	-1.041974269	0.8076506260422924	0	0.254876446341871	-4.868576814	0.862165133	-10.70544419	-113.0655948	817.1496266	-53.12320576	0.8089	0	0.745900015	147.3352773	24.15101259	82.57385724
3.42	6.361739505	22.78230373	-0.635598962	0.8076506260422924	0	0.254876446341871	-3.382514121	0.401344574	-7.631999201	-112.0629299	828.3846268999999	-52.84617426	0.8089	0	0.745900015	148.974266	23.42108275	80.65067745
3.425	2.993608969	14.83203921	-0.313113521	0.8076506260422924	0	0.254876446341871	-2.199835666	0.046765042	-5.008916782	-109.9061107	836.4290717	-52.01491423	0.8089	0	0.745900015	150.1413576	22.50513928	77.96451819000001
3.43	0	0	0	0.8076506260422924	0	0.254876446341871	0	0	0	-107.1352793	841.7320582	-51.14619697	0.8089	0	0.745900015	150.8439588	21.48345456	74.82772813
3.435	0	0	0	0.8076506260422924	0	0.254876446341871	0	0	0	-104.2809468	844.6037387	-50.66122065	0.8089	0	0.745900015	151.0823269	20.47494062	71.63264357
3.44	0	0	0	0.8076506260422924	0	0.254876446341871	0	0	0	-101.414739	844.9331781	-50.56954396	0.8089	0	0.745900015	150.8495104	19.49742947	68.41557966000001
3.445	0	0	0	0.8076506260422924	0	0.254876446341871	0	0	0	-98.33098450999999	842.4773659	-50.69274461	0.8089	0	0.745900015	150.1427613	18.54859165	64.96773367999999
3.45	0	0	0	0.8076506260422924	0	0.254876446341871	0	0	0	-95.00662354000001	837.2344761000001	-50.99375207	0.8089	0	0.745900015	148.9658002	17.66882656	61.32845782
3.455	0	0	0	0.8076506260422924	0	0.254876446341871	0	0	0	-91.72410873	829.4118295	-51.56697953	0.8089	0	0.745900015	147.334885	16.84783808	57.78447246
3.46	0	0	0	0.8076506260422924	0	0.254876446341871	0	0	0	-88.66125343	819.2609282	-52.37649658	0.8089	0	0.745900015	145.2967161	16.08289513	54.41444566
3.465	0	0	0	0.8076506260422924	0	0.254876446341871	0	0	0	-85.51851942	807.0264773	-53.13512467	0.8089	0	0.745900015	142.9256476	15.36336158	51.02549249
3.47	0	0	0	0.8076506260422924	0	0.254876446341871	0	0	0	-81.89375511999999	792.9900481	-53.52138226	0.8089	0	0.745900015	140.2950566	14.62050559	47.49182741
3.475	0	0	0	0.8076506260422924	0	0.254876446341871	0	0	0	-77.88849996	777.5453752	-53.51084432	0.8089	0	0.745900015	137.4670716	13.84418792	43.90704198
3.48	0	0	0	0.8076506260422924	0	0.254876446341871	0	0	0	-73.87115654	761.2093503999999	-53.36746597	0.8089	0	0.745900015	134.4941185	13.05787923	40.42609607
3.485	0	0	0	0.8076506260422924	0	0.254876446341871	0	0	0	-69.78091594999999	744.491746	-53.2988866	0.8089	0	0.745900015	131.431838	12.26437139	37.12639944
3.49	0	0	0	0.8076506260422924	0	0.254876446341871	0	0	0	-65.31025493999999	727.7347202	-53.22787638	0.8089	0	0.745900015	128.3456767	11.48482538	33.94323861
3.495	0	0	0	0.8076506260422924	0	0.254876446341871	0	0	0	-60.6150459	711.1731236000001	-52.98235225	0.8089	0	0.745900015	125.3008495	10.71160974	30.76637354
3.5	0	0	0	0.8076506260422924	0	0.254876446341871	0	0	0	-56.17813672	695.1678237	-52.59017815	0.8089	0	0.745900015	122.3390118	9.965433823	27.70955732
3.505	0	0	0	0.8076506260422924	0	0.254876446341871	0	0	0	-52.19237971	680.1130793	-52.3530788	0.8089	0	0.745900015	119.4944761	9.313951044	25.02031395
3.51	0	0	0	0.8076506260422924	0	0.254876446341871	0	0	0	-48.57348733	666.1646484	-52.48117487	0.8089	0	0.745900015	116.7931022	8.784032218	22.71205434
3.515	0	0	0	0.8076506260422924	0	0.254876446341871	0	0	0	-45.3268945	653.2120975	-52.85666353	0.8089	0	0.745900015	114.2669585	8.35272668	20.57337309
3.52	0	0	0	0.8076506260422924	0	0.254876446341871	0	0	0	-42.56587115	641.2898345999999	-53.17583152	0.8089	0	0.745900015	111.9514804	8.00150842	18.56237811
3.525	0	0	0	0.8076506260422924	0	0.254876446341871	0	0	0	-40.3547617	630.7768705	-53.21155243	0.8089	0	0.745900015	109.8653052	7.708735158	16.87881543
3.53	0	0	0	0.8076506260422924	0	0.254876446341871	0	0	0	-38.7082634	621.8588851	-52.95373122	0.8089	0	0.745900015	108.0234188	7.477647047	15.54629254
3.535	0	0	0	0.8076506260422924	0	0.254876446341871	0	0	0	-37.51553194	614.2971007	-52.43456078	0.8089	0	0.745900015	106.4301317	7.312823105	14.30568891
3.54	0	0	0	0.8076506260422924	0	0.254876446341871	0	0	0	-36.50512323	607.8719129	-51.64087256	0.8089	0	0.745900015	105.0843524	7.17439669	12.9952472
3.545	0	0	0	0.8076506260422924	0	0.254876446341871	0	0	0	-35.54163476	602.7238373	-50.54662632	0.8089	0	0.745900015	103.9702949	7.055044942	11.71523123
3.55	0	0	0	0.8076506260422924	0	0.254876446341871	0	0	0	-34.8014753	598.950922	-49.23262394	0.8089	0	0.745900015	103.0661047	6.951011341	10.55669981
3.555	0	0	0	0.8076506260422924	0	0.254876446341871	0	0	0	-34.37507554	596.297768	-47.85536	0.8089	0	0.745900015	102.3448931	6.854052895	9.428939486999999
3.56	0	0	0	0.8076506260422924	0	0.254876446341871	0	0	0	-34.0044065	594.4647889	-46.57748315	0.8089	0	0.745900015	101.7931727	6.776685767	8.193714668
3.565	0	0	0	0.8076506260422924	0	0.254876446341871	0	0	0	-33.47355231	593.4808875	-45.46412767	0.8089	0	0.745900015	101.4113328	6.694014595	6.823383554
3.57	0	0	0	0.8076506260422924	0	0.254876446341871	0	0	0	-32.9156523	593.4835096	-44.45922752	0.8089	0	0.745900015	101.1988572	6.586982342	5.400210689
3.575	0	0	0	0.8076506260422924	0	0.254876446341871	0	0	0	-32.49127837	594.3640155000001	-43.54094723	0.8089	0	0.745900015	101.1520483	6.456814442	3.96830669
3.58	0	0	0	0.8076506260422924	0	0.254876446341871	0	0	0	-32.04046942	595.9617943	-42.7773159	0.8089	0	0.745900015	101.258986	6.291843057	2.429746271
3.585	0	0	0	0.8076506260422924	0	0.254876446341871	0	0	0	-31.34258598	598.2469315	-42.22661966	0.8089	0	0.745900015	101.5159511	6.106827375	0.6253038950000001
3.59	0	0	0	0.8076506260422924	0	0.254876446341871	0	0	0	-30.45688686	601.1712636	-41.78459697	0.8089	0	0.745900015	101.9226168	5.906389284	-1.435810523
3.595	0	0	0	0.8076506260422924	0	0.254876446341871	0	0	0	-29.57869986	604.6514399	-41.29162965	0.8089	0	0.745900015	102.4741221	5.677081736	-3.619612539
3.6	0	0	0	0.8076506260422924	0	0.254876446341871	0	0	0	-28.69793596	608.6544153999999	-40.74950681	0.8089	0	0.745900015	103.1643439	5.439536536	-5.919564701
3.605	0	0	0	0.8076506260422924	0	0.254876446341871	0	0	0	-27.60148469	613.0478164	-40.24968142	0.8089	0	0.745900015	103.973546	5.194208875	-8.443761220000001
3.61	0	0	0	0.8076506260422924	0	0.254876446341871	0	0	0	-26.21483626	617.5459645	-39.81375744	0.8089	0	0.745900015	104.8757018	4.930864568	-11.24717943
3.615	0	0	0	0.8076506260422924	0	0.254876446341871	0	0	0	-24.67778703	622.0119084	-39.37971932	0.8089	0	0.745900015	105.846903	4.64633768	-14.27383152
3.62	0	0	0	0.8076506260422924	0	0.254876446341871	0	0	0	-23.05707151	626.5326368	-38.89348042	0.8089	0	0.745900015	106.8605761	4.320798417	-17.42592272
3.625	0	0	0	0.8076506260422924	0	0.254876446341871	0	0	0	-21.26458299	631.0930984	-38.36763656	0.8089	0	0.745900015	107.8900773	3.95761294	-20.68725039
3.63	0	0	0	0.8076506260422924	0	0.254876446341871	0	0	0	-19.25591368	635.4386069	-37.85499856	0.8089	0	0.745900015	108.9100431	3.549922305	-24.13258897
3.635	0	0	0	0.8076506260422924	0	0.254876446341871	0	0	0	-17.05958833	639.3922746	-37.40227092	0.8089	0	0.745900015	109.8992036	3.090025322	-27.76440866
3.64	0	0	0	0.8076506260422924	0	0.254876446341871	0	0	0	-14.66571016	643.0695085	-37.01148581	0.8089	0	0.745900015	110.8425974	2.611638822	-31.46656085
3.645	0	0	0	0.8076506260422924	0	0.254876446341871	0	0	0	-12.06344806	646.5604585	-36.63101698	0.8089	0	0.745900015	111.7360047	2.094995946	-35.17077526
3.65	0	0	0	0.8076506260422924	0	0.254876446341871	0	0	0	-9.294627351999999	649.7374922	-36.19458077	0.8089	0	0.745900015	112.5801675	1.531242377	-38.92311129
3.655	0	0	0	0.8076506260422924	0	0.254876446341871	0	0	0	-6.397764189	652.5204941	-35.73017633	0.8089	0	0.745900015	113.3799208	0.952230098	-42.77204653
3.66	0	0	0	0.8076506260422924	0	0.254876446341871	0	0	0	-3.376019148	655.0493887	-35.31877697	0.8089	0	0.745900015	114.1287362	0.360701391	-46.64682666
3.665	0	0	0	0.8076506260422924	0	0.254876446341871	0	0	0	-0.282922152	657.4034488	-35.01592019	0.8089	0	0.745900015	114.8265809	-0.233829941	-50.45775516
3.67	0	0	0	0.8076506260422924	0	0.254876446341871	0	0	0	2.786043261	659.5393292	-34.77238419	0.8089	0	0.745900015	115.4847216	-0.836637585	-54.22595014
3.675	0	0	0	0.8076506260422924	0	0.254876446341871	0	0	0	5.841067333	661.541874	-34.47809553	0.8089	0	0.745900015	116.1129111	-1.48137057	-58.01497946
3.68	0	0	0	0.8076506260422924	0	0.254876446341871	0	0	0	8.974733068000001	663.5441991	-34.13249257	0.8089	0	0.745900015	116.7207284	-2.152277195	-61.78918927
3.685	0	0	0	0.8076506260422924	0	0.254876446341871	0	0	0	12.1574296	665.5536872	-33.8450923	0.8089	0	0.745900015	117.3045853	-2.843257963	-65.51298636999999
3.69	0	0	0	0.8076506260422924	0	0.254876446341871	0	0	0	15.31577664	667.4548468	-33.73401973	0.8089	0	0.745900015	117.8617473	-3.580376339	-69.24772849999999
3.695	0	0	0	0.8076506260422924	0	0.254876446341871	0	0	0	18.58657418	669.2311672	-33.78299502	0.8089	0	0.745900015	118.3961362	-4.353208171	-73.01244848
3.7	0	0	0	0.8076506260422924	0	0.254876446341871	0	0	0	22.10520978	670.957813	-33.89147787	0.8089	0	0.745900015	118.9201365	-5.176652514	-76.78863702
3.705	0	0	0	0.8076506260422924	0	0.254876446341871	0	0	0	25.7420079	672.7131553	-33.98832501	0.8089	0	0.745900015	119.4419875	-6.054293538	-80.61468253
3.71	0	0	0	0.8076506260422924	0	0.254876446341871	0	0	0	29.34591025	674.5062417	-34.127104	0.8089	0	0.745900015	119.9707826	-6.946148899	-84.53226874000001
3.715	0	0	0	0.8076506260422924	0	0.254876446341871	0	0	0	32.99532005	676.3326954	-34.38618022	0.8089	0	0.745900015	120.5145527	-7.847010556	-88.53840726
3.72	0	0	0	0.8076506260422924	0	0.254876446341871	0	0	0	36.78586668	678.2834476	-34.71788457	0.8089	0	0.745900015	121.0815617	-8.745430868	-92.60700448
3.725	0	0	0	0.8076506260422924	0	0.254876446341871	0	0	0	40.58460668	680.4558371000001	-34.96579984	0.8089	0	0.745900015	121.6801808	-9.622614192	-96.73607192999999
3.73	0	0	0	0.8076506260422924	0	0.254876446341871	0	0	0	44.21153771	682.8074341	-35.00825377	0.8089	0	0.745900015	122.3060742	-10.49115408	-100.9217234
3.735	0	0	0	0.8076506260422924	0	0.254876446341871	0	0	0	47.6673311	685.1616308	-34.89379538	0.8089	0	0.745900015	122.9459301	-11.32334921	-105.1674377
3.74	0	0	0	0.8076506260422924	0	0.254876446341871	0	0	0	51.04418689	687.3659338	-34.75513191	0.8089	0	0.745900015	123.5780014	-12.10060063	-109.4952107
3.745	0	0	0	0.8076506260422924	0	0.254876446341871	0	0	0	54.34901834	689.3687735	-34.62566278	0.8089	0	0.745900015	124.1753607	-12.83863099	-113.8846906
3.75	0	0	0	0.8076506260422924	0	0.254876446341871	0	0	0	57.52580095	691.1188471	-34.42293046	0.8089	0	0.745900015	124.7194326	-13.54709374	-118.2621124
3.755	0	0	0	0.8076506260422924	0	0.254876446341871	0	0	0	60.59380063	692.5446947	-34.07042168	0.8089	0	0.745900015	125.1946964	-14.26056456	-122.5738804
3.76	0	0	0	0.8076506260422924	0	0.254876446341871	0	0	0	63.63826276	693.6099783	-33.61489978	0.8089	0	0.745900015	125.585997	-14.99868813	-126.8266134
3.765	0	0	0	0.8076506260422924	0	0.254876446341871	0	0	0	66.71812731	694.3197422	-33.17472422	0.8089	0	0.745900015	125.8823558	-15.75317762	-130.9868624
3.77	0	0	0	0.8076506260422924	0	0.254876446341871	0	0	0	69.78865792000001	694.6475380000001	-32.81026115	0.8089	0	0.745900015	126.0762971	-16.5427286	-135.0037626
3.775	0	0	0	0.8076506260422924	0	0.254876446341871	0	0	0	72.79331003	694.5216574999999	-32.50754806	0.8089	0	0.745900015	126.170327	-17.39122319	-138.8873845
3.78	0	0	0	0.8076506260422924	0	0.254876446341871	0	0	0	75.81092762	693.9155	-32.21179898	0.8089	0	0.745900015	126.1603117	-18.29162139	-142.656416
3.785	0	0	0	0.8076506260422924	0	0.254876446341871	0	0	0	78.94689373999999	692.7908621	-31.92782742	0.8089	0	0.745900015	126.0397615	-19.25200212	-146.3006172
3.79	0	0	0	0.8076506260422924	0	0.254876446341871	0	0	0	82.19075676999999	691.1045083	-31.6892647	0.8089	0	0.745900015	125.7955338	-20.24414839	-149.749678
3.795	0	0	0	0.8076506260422924	0	0.254876446341871	0	0	0	85.4732917	688.7919488	-31.52429862	0.8089	0	0.745900015	125.4166988	-21.2557918	-152.9467446
3.8	0	0	0	0.8076506260422924	0	0.254876446341871	0	0	0	88.86258178	685.7783221	-31.39996978	0.8089	0	0.745900015	124.889009	-22.31221159	-155.9014734
3.805	0	0	0	0.8076506260422924	0	0.254876446341871	0	0	0	92.58290275	681.9472302	-31.25227955	0.8089	0	0.745900015	124.1967358	-23.40195863	-158.5960159
3.81	0	0	0	0.8076506260422924	0	0.254876446341871	0	0	0	96.71225707000001	677.1327054	-31.03740405	0.8089	0	0.745900015	123.3141569	-24.52373877	-160.9700426
3.815	7.954870724	19.89689618	1.098648077	0.8076506260422924	0	0.254876446341871	-3.593404773	1.519378562	3.031903631	101.0675406	671.1785503999999	-30.74891412	0.8089	0	0.745900015	122.2053382	-25.67608886	-162.9669935
3.82	13.81080237	37.57497675	-0.458164256	0.8076506260422924	0	0.254876446341871	-6.728913886	2.840203953	5.578002244	105.4863616	663.8698181	-30.38063289	0.8089	0	0.745900015	120.8333061	-26.82031765	-164.5335064
3.825	20.49581807	61.28648581	-3.08356294	0.8076506260422924	0	0.254876446341871	-10.93011764	4.405949938	8.660156972999999	109.9807494	654.8918936	-29.85095695	0.8089	0	0.745900015	119.1496023	-27.92360897	-165.5935739
3.83	26.21017964	90.64854026	-7.003892875	0.8076506260422924	0	0.254876446341871	-16.12530401	5.929603384	12.2161839	114.5054593	643.8957274000001	-29.07564463	0.8089	0	0.745900015	117.0976236	-28.94301169	-166.0577246
3.835	28.73322561	124.4553795	-11.97032406	0.8076506260422924	0	0.254876446341871	-22.12961412	7.03797307	16.16520843	118.8230146	630.5273001	-28.03383891	0.8089	0	0.745900015	114.6075548	-29.82894975	-165.7687769
3.84	26.79949759	161.3813162	-17.08516926	0.8076506260422924	0	0.254876446341871	-28.73842762	7.485548117	20.43421077	122.6318174	614.3264013	-26.78043986	0.8089	0	0.745900015	111.6023202	-30.54657307	-164.5355611
3.845	20.65949258	200.8808348	-21.44293596	0.8076506260422924	0	0.254876446341871	-35.81913266	7.181524639	24.96876275	125.7354107	594.7746483	-25.38915499	0.8089	0	0.745900015	108.0108054	-31.03108468	-162.2292099
3.85	11.4225609	243.0099304	-24.91843098	0.8076506260422924	0	0.254876446341871	-43.34260278	6.233270345	29.76699896	128.0024035	571.5309731999999	-23.88517154	0.8089	0	0.745900015	103.7796024	-31.22717018	-158.749071
3.855	0.406072936	287.8819858	-28.18749113	0.8076506260422924	0	0.254876446341871	-51.25956573	4.952623386	34.95856485	129.1673052	544.5398446	-22.21962691	0.8089	0	0.745900015	98.87925488	-31.09001141	-153.9524115
3.86	-11.13688376	334.9490645	-31.56753336	0.8076506260422924	0	0.254876446341871	-59.3946126	3.533415906	40.58753525	128.8266906	513.9136485	-20.34516888	0.8089	0	0.745900015	93.31462345	-30.56867323	-147.703262
3.865	-22.23304059	382.6496581	-34.00645154	0.8076506260422924	0	0.254876446341871	-67.46056909000001	1.978980092	46.30219249	126.6796775	479.8854193	-18.2773924	0.8089	0	0.745900015	87.13004491	-29.63291386	-140.0159092
3.87	-32.31093026	428.9816691	-33.75366359	0.8076506260422924	0	0.254876446341871	-75.11628377	0.210054331	51.58822047	122.674002	442.9375409	-16.08481781	0.8089	0	0.745900015	80.41980805	-28.22618751	-131.0822034
3.875	-41.18122676	472.345099	-29.80425519	0.8076506260422924	0	0.254876446341871	-82.10886723	-1.866510583	56.19645627	116.8509775	403.847213	-13.79246388	0.8089	0	0.745900015	73.32492635	-26.3382306	-121.1578243
3.88	-48.90057573	512.1897926	-22.69819315	0.8076506260422924	0	0.254876446341871	-88.31179053	-4.193172138	60.15822814	109.1750508	363.6406488	-11.35769907	0.8089	0	0.745900015	66.03079799	-24.02577591	-110.4955054
3.885	-55.60997687	548.651435	-13.66278355	0.8076506260422924	0	0.254876446341871	-93.74392761	-6.591279482	63.44158642	99.72699575	323.5145693	-8.751505248000001	0.8089	0	0.745900015	58.75000837	-21.35063174	-99.37311855
3.89	-61.41685267	582.175413	-3.504898863	0.8076506260422924	0	0.254876446341871	-98.52731819	-8.978410481999999	65.96230212	88.98060160999999	284.6098285	-6.030696151	0.8089	0	0.745900015	51.68344637	-18.44047941	-88.13424053
3.895	-66.55236373	613.4155563	7.314301147	0.8076506260422924	0	0.254876446341871	-102.7941827	-11.26852273	67.82748709000001	77.69560185	247.7415922	-3.344746139	0.8089	0	0.745900015	44.98603358	-15.4600357	-77.17046360000001
3.9	-71.43823517	642.9186234	18.00514072	0.8076506260422924	0	0.254876446341871	-106.6756597	-13.29756855	69.33380525	66.57637545999999	213.4263972	-0.901265531	0.8089	0	0.745900015	38.7615448	-12.574451	-66.78856199000001
3.905	-76.25069366	670.9070474	27.1898568	0.8076506260422924	0	0.254876446341871	-110.2650306	-14.90520718	70.64002592999999	56.07380252	182.0850511	1.121710188	0.8089	0	0.745900015	33.06499469	-9.948993112	-57.13685543
3.91	-80.53657823	697.1839361	33.79027294	0.8076506260422924	0	0.254876446341871	-113.6268495	-15.91448536	71.63617223999999	46.46817854	153.9913428	2.61035804	0.8089	0	0.745900015	27.91888994	-7.692795115	-48.23219315
3.915	-83.68835647	721.5592947	37.86056093	0.8076506260422924	0	0.254876446341871	-116.7649818	-16.35937355	72.13325026	37.93254658	129.1176323	3.505320894	0.8089	0	0.745900015	23.32126211	-5.839213528	-40.15102256
3.92	-85.72683911999999	743.8577799	40.48236431	0.8076506260422924	0	0.254876446341871	-119.6218443	-16.43821079	72.15278111000001	30.52872048	107.16963	3.778447114	0.8089	0	0.745900015	19.25543374	-4.390817732	-33.09755893
3.925	-87.19688526	763.6558912	42.75203837	0.8076506260422924	0	0.254876446341871	-122.0878112	-16.31114597	71.88739710999999	24.22507991	87.9124228	3.507952943	0.8089	0	0.745900015	15.69500059	-3.295573288	-27.11923664
3.93	-88.25841398999999	780.3019715	45.08111567	0.8076506260422924	0	0.254876446341871	-124.0608962	-16.06662595	71.37736389	18.83783007	71.23630107	2.906647831	0.8089	0	0.745900015	12.60675521	-2.466426891	-22.01001764
3.935	-88.44639026999999	793.3174812	47.34378681	0.8076506260422924	0	0.254876446341871	-125.5026801	-15.69195358	70.38196668	14.1017223	56.94103435	2.224545581	0.8089	0	0.745900015	9.950623416999999	-1.835723792	-17.56771314
3.94	-87.52137123	802.7818482	49.34002193	0.8076506260422924	0	0.254876446341871	-126.4265286	-15.16074311	68.66280657999999	9.950488694000001	44.6649653	1.610926372	0.8089	0	0.745900015	7.684100493	-1.325208424	-13.73286661
3.945	-85.95226019	809.1845863999999	51.1232763	0.8076506260422924	0	0.254876446341871	-126.8839351	-14.53144734	66.37660823	6.490331273	34.06575486	1.087896991	0.8089	0	0.745900015	5.765606236	-0.882183265	-10.51753234
3.95	-84.2506965	813.0867244	52.87053854	0.8076506260422924	0	0.254876446341871	-126.9204338	-13.86019319	63.96931126	3.709800881	25.02610574	0.634980097	0.8089	0	0.745900015	4.164470247	-0.502791553	-7.833510321
3.955	-82.34737536	814.8484005	54.75469834	0.8076506260422924	0	0.254876446341871	-126.6053222	-13.16353485	61.58514847	1.441257148	17.61168597	0.294902744	0.8089	0	0.745900015	2.859442901	-0.185141657	-5.484975338
3.96	-79.94676866	814.6606351	56.71411006	0.8076506260422924	0	0.254876446341871	-126.0084385	-12.46829839	58.94749509	-0.364474229	11.81762673	0.137648957	0.8089	0	0.745900015	1.833430151	0.054751948	-3.384349557
3.965	-77.14724396	812.6365312	58.47303037	0.8076506260422924	0	0.254876446341871	-125.1779824	-11.74635194	55.92184838	0	0	0	0.8089	0	0.745900015	0	0	0
3.97	-74.35905294	808.951793	59.82309842	0.8076506260422924	0	0.254876446341871	-124.1404034	-10.99918488	52.85785381	0	0	0	0.8089	0	0.745900015	0	0	0
3.975	-71.84461055	803.8773112	60.79155557	0.8076506260422924	0	0.254876446341871	-122.9017249	-10.27534251	50.06373033	0	0	0	0.8089	0	0.745900015	0	0	0
3.98	-69.50924261	797.4491690999999	61.54115261	0.8076506260422924	0	0.254876446341871	-121.4778561	-9.576910088	47.37598785	0	0	0	0.8089	0	0.745900015	0	0	0
3.985	-67.10810947	789.471806	62.03793688	0.8076506260422924	0	0.254876446341871	-119.8802713	-8.917677208000001	44.54874347	0	0	0	0.8089	0	0.745900015	0	0	0
3.99	-64.67762386	779.8733645999999	62.11402479	0.8076506260422924	0	0.254876446341871	-118.111922	-8.285883335999999	41.74812696	0	0	0	0.8089	0	0.745900015	0	0	0
3.995	-62.620027	768.9472198	61.76763293	0.8076506260422924	0	0.254876446341871	-116.1615703	-7.673549079	39.24400469	0	0	0	0.8089	0	0.745900015	0	0	0
4	-61.06805693	756.9359621999999	61.31026075	0.8076506260422924	0	0.254876446341871	-114.0402884	-7.130437991	37.01412035	0	0	0	0.8089	0	0.745900015	0	0	0
