MomentArm_hip_flexion_r
version=1
nRows=1575
nColumns=10
inDegrees=no

This analysis gathers basic information about muscles during a simulation (e.g., forces, tendon lengths, moment arms, etc).
Units are S.I. units (second, meters, Newtons, ...)
If the header above contains a line with 'inDegrees', this indicates whether rotational values are in degrees (yes) or radians (no).

endheader
time	bflh_r	bfsh_r	gasmed_r	glmax2_r	iliacus_r	recfem_r	soleus_r	tibant_r	vasmed_r
      0.00100000	     -0.06514279	      0.00000000	      0.00000000	     -0.06680635	      0.03849771	      0.04413858	     -0.00000000	      0.00000000	      0.00000000
      0.00200000	     -0.06036878	      0.00000000	     -0.00046413	     -0.05939035	      0.03610695	      0.04013459	      0.00000000	     -0.00000000	      0.00000000
      0.00300000	     -0.06077933	      0.00000000	     -0.00000000	     -0.05958194	      0.03458999	      0.04255978	     -0.00000000	     -0.00000000	     -0.00000000
      0.00400000	     -0.06184776	     -0.00000000	     -0.00027545	     -0.05481658	      0.03276282	      0.04612450	      0.00000000	      0.00000000	      0.00000000
      0.00500000	     -0.06126244	      0.00000000	     -0.00000000	     -0.05957080	      0.03546181	      0.04214046	      0.00000000	     -0.00000000	     -0.00000000
      0.00600000	     -0.06588674	     -0.00000000	     -0.00011759	     -0.05781492	      0.03546830	      0.04845337	     -0.00000000	      0.00000000	     -0.00000000
      0.00700000	     -0.06885010	     -0.00000000	     -0.00013716	     -0.05622618	      0.04208512	      0.05147792	     -0.00000000	      0.00000000	      0.00000000
      0.00800000	     -0.06453509	      0.00000000	     -0.00007195	     -0.05630881	      0.03493953	      0.04698332	      0.00000000	      0.00000000	      0.00000000
      0.00900000	     -0.05486692	     -0.00000000	      0.00000467	     -0.05183953	      0.03056877	      0.04093333	      0.00000000	      0.00000000	     -0.00000000
      0.01000000	     -0.06654138	      0.00000000	     -0.00009695	     -0.05927826	      0.03785198	      0.04585006	     -0.00000000	     -0.00000000	     -0.00000000
      0.01100000	     -0.06070283	      0.00000000	     -0.00020150	     -0.06903460	      0.03830032	      0.03978955	      0.00000000	     -0.00000000	      0.00000000
      0.01200000	     -0.06927398	     -0.00000000	     -0.00000634	     -0.05260026	      0.04224883	      0.04945886	     -0.00000000	     -0.00000000	     -0.00000000
      0.01300000	     -0.06722886	     -0.00000000	      0.00000000	     -0.06471292	      0.03860768	      0.04647981	      0.00000000	      0.00000000	      0.00000000
      0.01400000	     -0.06386172	     -0.00000000	     -0.00009851	     -0.05555107	      0.03552104	      0.04520192	     -0.00000000	     -0.00000000	     -0.00000000
      0.01500000	     -0.06949955	      0.00000000	     -0.00017277	     -0.05263436	      0.04183905	      0.04917381	      0.00000000	      0.00000000	      0.00000000
      0.01600000	     -0.06750692	     -0.00000000	     -0.00003286	     -0.06339874	      0.03796806	      0.04703405	      0.00000000	      0.00000000	     -0.00000000
      0.01700000	     -0.06212400	      0.00000000	     -0.00039410	     -0.05174192	      0.03286488	      0.04741649	     -0.00000000	     -0.00000000	      0.00000000
      0.01800000	     -0.05866909	      0.00000000	     -0.00000000	     -0.06964504	      0.03718539	      0.03849502	      0.00000000	     -0.00000000	     -0.00000000
      0.01900000	     -0.06841639	      0.00000000	     -0.00000000	     -0.05900027	      0.04177246	      0.04963669	      0.00000000	      0.00000000	      0.00000000
      0.02000000	     -0.06849809	      0.00000000	     -0.00001223	     -0.05482265	      0.03879338	      0.05168600	     -0.00000000	     -0.00000000	     -0.00000000
      0.02100000	     -0.06670928	     -0.00000000	     -0.00011727	     -0.05498054	      0.03632700	      0.04959748	      0.00000000	      0.00000000	      0.00000000
      0.02200000	     -0.06301457	      0.00000000	      0.00000355	     -0.04348640	      0.03500777	      0.05055115	      0.00000000	      0.00000000	     -0.00000000
      0.02300000	     -0.05671632	     -0.00000000	     -0.00001898	     -0.06016522	      0.03259023	      0.03997183	     -0.00000000	     -0.00000000	     -0.00000000
      0.02400000	     -0.06781454	     -0.00000000	      0.00000000	     -0.06021922	      0.03774749	      0.04823677	     -0.00000000	     -0.00000000	     -0.00000000
      0.02500000	     -0.06928205	     -0.00000000	     -0.00000383	     -0.05797939	      0.04059766	      0.04867849	      0.00000000	     -0.00000000	      0.00000000
      0.02600000	     -0.06266636	     -0.00000000	     -0.00000277	     -0.06419108	      0.03867068	      0.04126644	     -0.00000000	     -0.00000000	     -0.00000000
      0.02700000	     -0.06148273	     -0.00000000	     -0.00006113	     -0.05128829	      0.03380735	      0.04492933	      0.00000000	      0.00000000	      0.00000000
      0.02800000	     -0.06199242	      0.00000000	     -0.00019748	     -0.06357803	      0.03832809	      0.04033786	     -0.00000000	      0.00000000	      0.00000000
      0.02900000	     -0.05626651	      0.00000000	      0.00000498	     -0.05131102	      0.03131825	      0.04176515	     -0.00000000	     -0.00000000	     -0.00000000
      0.03000000	     -0.06922383	      0.00000000	     -0.00000677	     -0.05178456	      0.04155252	      0.05199611	     -0.00000000	      0.00000000	     -0.00000000
      0.03100000	     -0.05350196	     -0.00000000	     -0.00005885	     -0.06345789	      0.03149898	      0.03739528	      0.00000000	      0.00000000	      0.00000000
      0.03200000	     -0.05729100	      0.00000000	      0.00000000	     -0.06128384	      0.03125172	      0.04101585	     -0.00000000	     -0.00000000	      0.00000000
      0.03300000	     -0.06831760	      0.00000000	     -0.00000000	     -0.06092148	      0.03806959	      0.04874281	     -0.00000000	     -0.00000000	      0.00000000
      0.03400000	     -0.06806260	     -0.00000000	     -0.00005528	     -0.06026605	      0.03729688	      0.04921861	      0.00000000	      0.00000000	     -0.00000000
      0.03500000	     -0.06003878	     -0.00000000	     -0.00017308	     -0.06802819	      0.03879475	      0.03906942	      0.00000000	     -0.00000000	      0.00000000
      0.03600000	     -0.06670796	      0.00000000	     -0.00000000	     -0.05396931	      0.03676607	      0.05057668	     -0.00000000	      0.00000000	     -0.00000000
      0.03700000	     -0.06484632	      0.00000000	     -0.00036010	     -0.05162066	      0.03504169	      0.04959828	     -0.00000000	     -0.00000000	      0.00000000
      0.03800000	     -0.06357169	     -0.00000000	      0.00000000	     -0.05557118	      0.03652637	      0.04376387	      0.00000000	      0.00000000	      0.00000000
      0.03900000	     -0.06423277	      0.00000000	     -0.00000000	     -0.05416377	      0.03583915	      0.04580703	     -0.00000000	     -0.00000000	     -0.00000000
      0.04000000	     -0.06627933	      0.00000000	     -0.00001456	     -0.05525588	      0.03653824	      0.05019547	      0.00000000	      0.00000000	     -0.00000000
      0.04100000	     -0.06957074	     -0.00000000	     -0.00005059	     -0.05743530	      0.04028081	      0.05183696	     -0.00000000	      0.00000000	      0.00000000
      0.04200000	     -0.06970850	     -0.00000000	     -0.00028789	     -0.05979254	      0.03996841	      0.05040526	     -0.00000000	      0.00000000	     -0.00000000
      0.04300000	     -0.05811312	      0.00000000	     -0.00006152	     -0.07045174	      0.03859206	      0.03772712	     -0.00000000	     -0.00000000	      0.00000000
      0.04400000	     -0.06756361	     -0.00000000	     -0.00014246	     -0.06168149	      0.04039727	      0.04604387	     -0.00000000	     -0.00000000	      0.00000000
      0.04500000	     -0.06218535	     -0.00000000	     -0.00000000	     -0.05529321	      0.03318665	      0.04633651	     -0.00000000	     -0.00000000	     -0.00000000
      0.04600000	     -0.06326093	      0.00000000	     -0.00013176	     -0.06399745	      0.03758345	      0.04220238	     -0.00000000	     -0.00000000	      0.00000000
      0.04700000	     -0.06522333	     -0.00000000	      0.00000312	     -0.05285099	      0.03591151	      0.04754805	     -0.00000000	     -0.00000000	     -0.00000000
      0.04800000	     -0.06865643	      0.00000000	     -0.00000000	     -0.05489556	      0.03860136	      0.04974285	      0.00000000	      0.00000000	      0.00000000
      0.04900000	     -0.06663030	     -0.00000000	     -0.00001794	     -0.06331513	      0.03686419	      0.04655192	     -0.00000000	      0.00000000	     -0.00000000
      0.05000000	     -0.06886728	      0.00000000	     -0.00021508	     -0.05877351	      0.04147822	      0.04905038	     -0.00000000	     -0.00000000	      0.00000000
      0.05100000	     -0.06751229	     -0.00000000	      0.00000000	     -0.06299925	      0.03736122	      0.04755481	      0.00000000	      0.00000000	      0.00000000
      0.05200000	     -0.06106312	      0.00000000	     -0.00000612	     -0.06054247	      0.03475001	      0.04246190	     -0.00000000	     -0.00000000	      0.00000000
      0.05300000	     -0.06433415	     -0.00000000	     -0.00006309	     -0.06455874	      0.03747521	      0.04345398	      0.00000000	     -0.00000000	      0.00000000
      0.05400000	     -0.06463038	      0.00000000	      0.00000000	     -0.06101401	      0.03540822	      0.04569412	      0.00000000	      0.00000000	      0.00000000
      0.05500000	     -0.06088551	     -0.00000000	     -0.00032336	     -0.06289099	      0.03492429	      0.04166401	     -0.00000000	     -0.00000000	     -0.00000000
      0.05600000	     -0.06451524	     -0.00000000	     -0.00023262	     -0.05032559	      0.03482947	      0.04901917	      0.00000000	     -0.00000000	     -0.00000000
      0.05700000	     -0.06950591	      0.00000000	     -0.00006131	     -0.05357714	      0.04023046	      0.04921520	     -0.00000000	      0.00000000	      0.00000000
      0.05800000	     -0.06791286	      0.00000000	      0.00000000	     -0.05871358	      0.04021499	      0.04608071	      0.00000000	      0.00000000	      0.00000000
      0.05900000	     -0.06676987	      0.00000000	     -0.00030587	     -0.06094986	      0.03953464	      0.04491445	     -0.00000000	     -0.00000000	      0.00000000
      0.06000000	     -0.06555784	      0.00000000	     -0.00000000	     -0.06408905	      0.03901829	      0.04426907	      0.00000000	      0.00000000	      0.00000000
      0.06100000	     -0.05268157	      0.00000000	      0.00000171	     -0.06169578	      0.03037344	      0.03772388	      0.00000000	     -0.00000000	      0.00000000
      0.06200000	     -0.05637956	      0.00000000	     -0.00001620	     -0.06619061	      0.03966289	      0.03672289	     -0.00000000	      0.00000000	      0.00000000
      0.06300000	     -0.05399984	     -0.00000000	     -0.00003565	     -0.06471317	      0.03169472	      0.03747671	      0.00000000	     -0.00000000	      0.00000000
      0.06400000	     -0.06307775	      0.00000000	     -0.00000468	     -0.06143770	      0.03939994	      0.04068932	      0.00000000	      0.00000000	     -0.00000000
      0.06500000	     -0.06044912	      0.00000000	     -0.00015773	     -0.05724587	      0.03195538	      0.04445651	      0.00000000	     -0.00000000	     -0.00000000
      0.06600000	     -0.06647753	      0.00000000	     -0.00021045	     -0.05414180	      0.03622907	      0.04996217	      0.00000000	     -0.00000000	     -0.00000000
      0.06700000	     -0.06599644	      0.00000000	     -0.00007224	     -0.06640279	      0.03871024	      0.04476745	      0.00000000	     -0.00000000	     -0.00000000
      0.06800000	     -0.06917581	     -0.00000000	      0.00000000	     -0.05695950	      0.03960311	      0.05186431	      0.00000000	     -0.00000000	      0.00000000
      0.06900000	     -0.06628822	      0.00000000	      0.00000000	     -0.05680819	      0.03605459	      0.04941369	     -0.00000000	      0.00000000	      0.00000000
      0.07000000	     -0.06892790	     -0.00000000	     -0.00002491	     -0.05167814	      0.04068756	      0.05229718	      0.00000000	     -0.00000000	      0.00000000
      0.07100000	     -0.06829307	      0.00000000	      0.00000115	     -0.05469685	      0.03839199	      0.05142084	     -0.00000000	     -0.00000000	      0.00000000
      0.07200000	     -0.06341691	     -0.00000000	      0.00000285	     -0.05200052	      0.03408691	      0.04795905	      0.00000000	      0.00000000	      0.00000000
      0.07300000	     -0.06846885	      0.00000000	     -0.00009668	     -0.05717366	      0.03824626	      0.04908560	      0.00000000	      0.00000000	     -0.00000000
      0.07400000	     -0.05196184	     -0.00000000	     -0.00035277	     -0.05366089	      0.03068782	      0.03727812	      0.00000000	     -0.00000000	     -0.00000000
      0.07500000	     -0.06954569	     -0.00000000	     -0.00000000	     -0.05377903	      0.04007004	      0.05044803	      0.00000000	      0.00000000	      0.00000000
      0.07600000	     -0.06907985	     -0.00000000	     -0.00000438	     -0.05520315	      0.03904966	      0.05099821	     -0.00000000	     -0.00000000	      0.00000000
      0.07700000	     -0.06243139	      0.00000000	     -0.00004136	     -0.06744962	      0.03959737	      0.04119800	     -0.00000000	      0.00000000	      0.00000000
      0.07800000	     -0.06421289	     -0.00000000	      0.00000168	     -0.06019691	      0.03629509	      0.04462468	     -0.00000000	     -0.00000000	      0.00000000
      0.07900000	     -0.06957811	     -0.00000000	     -0.00011734	     -0.05738921	      0.03992106	      0.05154296	     -0.00000000	     -0.00000000	      0.00000000
      0.08000000	     -0.06958309	     -0.00000000	     -0.00001705	     -0.05561925	      0.04129297	      0.05164254	     -0.00000000	      0.00000000	     -0.00000000
      0.08100000	     -0.06781346	     -0.00000000	     -0.00000155	     -0.05659272	      0.03735293	      0.05023891	      0.00000000	     -0.00000000	     -0.00000000
      0.08200000	     -0.05862139	     -0.00000000	      0.00000000	     -0.06697199	      0.03520880	      0.03937998	      0.00000000	      0.00000000	      0.00000000
      0.08300000	     -0.06870283	      0.00000000	     -0.00014464	     -0.06037106	      0.04051287	      0.04777739	     -0.00000000	      0.00000000	     -0.00000000
      0.08400000	     -0.05087294	     -0.00000000	     -0.00040943	     -0.05644442	      0.03007025	      0.03663210	      0.00000000	     -0.00000000	     -0.00000000
      0.08500000	     -0.06696768	     -0.00000000	     -0.00014897	     -0.04789649	      0.03741963	      0.05092399	      0.00000000	      0.00000000	     -0.00000000
      0.08600000	     -0.05908155	      0.00000000	     -0.00029924	     -0.05930309	      0.03568156	      0.03921112	      0.00000000	      0.00000000	     -0.00000000
      0.08700000	     -0.05743374	      0.00000000	     -0.00028557	     -0.05059606	      0.03057598	      0.04370207	      0.00000000	     -0.00000000	      0.00000000
      0.08800000	     -0.06702341	      0.00000000	     -0.00007470	     -0.06097870	      0.03966747	      0.04522611	      0.00000000	     -0.00000000	      0.00000000
      0.08900000	     -0.06655121	      0.00000000	     -0.00003652	     -0.05944927	      0.03596468	      0.04831299	      0.00000000	     -0.00000000	      0.00000000
      0.09000000	     -0.06006793	     -0.00000000	     -0.00000000	     -0.06347782	      0.03330271	      0.04172568	      0.00000000	      0.00000000	     -0.00000000
      0.09100000	     -0.05844338	     -0.00000000	     -0.00019421	     -0.06470106	      0.03796365	      0.03724529	      0.00000000	     -0.00000000	     -0.00000000
      0.09200000	     -0.06341311	      0.00000000	      0.00000000	     -0.05951982	      0.03426923	      0.04553965	     -0.00000000	     -0.00000000	     -0.00000000
      0.09300000	     -0.06223797	     -0.00000000	     -0.00000000	     -0.06491975	      0.03673923	      0.04198816	     -0.00000000	      0.00000000	      0.00000000
      0.09400000	     -0.06093695	     -0.00000000	      0.00000000	     -0.06929194	      0.03859985	      0.04026935	     -0.00000000	     -0.00000000	     -0.00000000
      0.09500000	     -0.06953383	     -0.00000000	      0.00000000	     -0.05722014	      0.04103495	      0.05203175	     -0.00000000	     -0.00000000	      0.00000000
      0.09600000	     -0.06677745	      0.00000000	      0.00000139	     -0.05752728	      0.03832274	      0.04588861	      0.00000000	     -0.00000000	      0.00000000
      0.09700000	     -0.06310093	      0.00000000	      0.00000000	     -0.05805561	      0.03378410	      0.04595225	     -0.00000000	     -0.00000000	     -0.00000000
      0.09800000	     -0.05814208	     -0.00000000	     -0.00002471	     -0.05969040	      0.03218096	      0.04167382	      0.00000000	      0.00000000	      0.00000000
      0.09900000	     -0.06664403	      0.00000000	     -0.00002114	     -0.05921465	      0.03608632	      0.04839317	     -0.00000000	     -0.00000000	      0.00000000
      0.10000000	     -0.06072890	      0.00000000	     -0.00000000	     -0.05057551	      0.03243183	      0.04665160	      0.00000000	      0.00000000	     -0.00000000
      0.10100000	     -0.06348715	      0.00000000	     -0.00000089	     -0.06406094	      0.03918248	      0.04182550	      0.00000000	      0.00000000	      0.00000000
      0.10200000	     -0.06963863	     -0.00000000	     -0.00006515	     -0.05895677	      0.04097957	      0.05080792	      0.00000000	     -0.00000000	     -0.00000000
      0.10300000	     -0.05773423	      0.00000000	      0.00000000	     -0.06559208	      0.03904243	      0.03653394	     -0.00000000	      0.00000000	     -0.00000000
      0.10400000	     -0.05757799	     -0.00000000	     -0.00000000	     -0.05843906	      0.03139365	      0.04210960	      0.00000000	      0.00000000	     -0.00000000
      0.10500000	     -0.06813122	     -0.00000000	     -0.00004775	     -0.05460036	      0.03788779	      0.05074719	      0.00000000	     -0.00000000	     -0.00000000
      0.10600000	     -0.05548388	      0.00000000	     -0.00001649	     -0.06781597	      0.03342934	      0.03703693	      0.00000000	      0.00000000	     -0.00000000
      0.10700000	     -0.05953307	      0.00000000	      0.00000000	     -0.06456216	      0.03470134	      0.04077761	     -0.00000000	     -0.00000000	      0.00000000
      0.10800000	     -0.06073209	     -0.00000000	     -0.00004239	     -0.06144437	      0.03290727	      0.04294585	     -0.00000000	     -0.00000000	      0.00000000
      0.10900000	     -0.06089953	     -0.00000000	     -0.00000000	     -0.05510091	      0.03216543	      0.04570825	      0.00000000	      0.00000000	      0.00000000
      0.11000000	     -0.05721561	     -0.00000000	     -0.00013892	     -0.06889540	      0.03659249	      0.03728210	      0.00000000	     -0.00000000	     -0.00000000
      0.11100000	     -0.06767893	      0.00000000	     -0.00008038	     -0.06450103	      0.03983737	      0.04686667	     -0.00000000	     -0.00000000	      0.00000000
      0.11200000	     -0.06698968	      0.00000000	     -0.00011859	     -0.05459570	      0.03663097	      0.04992314	     -0.00000000	      0.00000000	      0.00000000
      0.11300000	     -0.06142214	     -0.00000000	      0.00000000	     -0.05575542	      0.03345140	      0.04501098	     -0.00000000	      0.00000000	      0.00000000
      0.11400000	     -0.06183541	     -0.00000000	     -0.00000000	     -0.06429539	      0.03834747	      0.04061281	      0.00000000	      0.00000000	     -0.00000000
      0.11500000	     -0.06484080	      0.00000000	     -0.00000089	     -0.05393700	      0.03491066	      0.04850934	     -0.00000000	     -0.00000000	     -0.00000000
      0.11600000	     -0.06936224	     -0.00000000	     -0.00001664	     -0.05427525	      0.04009645	      0.04889044	     -0.00000000	     -0.00000000	     -0.00000000
      0.11700000	     -0.06832274	     -0.00000000	     -0.00015248	     -0.06425491	      0.03898462	      0.04755212	      0.00000000	     -0.00000000	      0.00000000
      0.11800000	     -0.06573736	      0.00000000	      0.00000000	     -0.04754432	      0.03679798	      0.05121671	      0.00000000	     -0.00000000	      0.00000000
      0.11900000	     -0.06407730	      0.00000000	     -0.00009989	     -0.05719594	      0.03659123	      0.04394814	      0.00000000	      0.00000000	     -0.00000000
      0.12000000	     -0.06958151	     -0.00000000	     -0.00000000	     -0.05902775	      0.03955727	      0.05123701	     -0.00000000	     -0.00000000	      0.00000000
      0.12100000	     -0.06262102	     -0.00000000	      0.00000000	     -0.06147055	      0.03586538	      0.04319726	     -0.00000000	     -0.00000000	     -0.00000000
      0.12200000	     -0.05986147	     -0.00000000	     -0.00035475	     -0.05306498	      0.03218397	      0.04439221	     -0.00000000	     -0.00000000	      0.00000000
      0.12300000	     -0.05965837	      0.00000000	     -0.00000051	     -0.06724662	      0.03620364	      0.03970511	      0.00000000	      0.00000000	      0.00000000
      0.12400000	     -0.06035424	      0.00000000	     -0.00000504	     -0.05088296	      0.03199684	      0.04691044	      0.00000000	     -0.00000000	      0.00000000
      0.12500000	     -0.06882772	     -0.00000000	     -0.00023301	     -0.05514107	      0.03906445	      0.04864219	     -0.00000000	     -0.00000000	     -0.00000000
      0.12600000	     -0.06112803	      0.00000000	      0.00000000	     -0.06825240	      0.03867767	      0.04033768	     -0.00000000	      0.00000000	      0.00000000
      0.12700000	     -0.06500317	      0.00000000	     -0.00024374	     -0.05000379	      0.03563784	      0.05040462	     -0.00000000	     -0.00000000	      0.00000000
      0.12800000	     -0.05272776	     -0.00000000	     -0.00015637	     -0.06377103	      0.03087338	      0.03687215	      0.00000000	     -0.00000000	     -0.00000000
      0.12900000	     -0.06111308	      0.00000000	     -0.00006429	     -0.06732270	      0.03837165	      0.04010487	      0.00000000	     -0.00000000	     -0.00000000
      0.13000000	     -0.06664924	     -0.00000000	      0.00000000	     -0.06124984	      0.03654795	      0.04738691	      0.00000000	     -0.00000000	      0.00000000
      0.13100000	     -0.05628378	     -0.00000000	     -0.00000000	     -0.06810916	      0.03432081	      0.03737796	     -0.00000000	     -0.00000000	      0.00000000
      0.13200000	     -0.06706965	     -0.00000000	     -0.00000000	     -0.05799586	      0.03658944	      0.04902427	     -0.00000000	     -0.00000000	     -0.00000000
      0.13300000	     -0.05788403	      0.00000000	      0.00000115	     -0.06602191	      0.03682797	      0.03795323	      0.00000000	     -0.00000000	      0.00000000
      0.13400000	     -0.06523383	     -0.00000000	     -0.00000000	     -0.05621200	      0.03521358	      0.04876536	     -0.00000000	     -0.00000000	     -0.00000000
      0.13500000	     -0.06195864	      0.00000000	     -0.00006162	     -0.05105057	      0.03309022	      0.04711869	      0.00000000	      0.00000000	     -0.00000000
      0.13600000	     -0.06795866	      0.00000000	     -0.00017013	     -0.05722105	      0.03762876	      0.04881125	      0.00000000	     -0.00000000	      0.00000000
      0.13700000	     -0.05700450	      0.00000000	      0.00000000	     -0.05804396	      0.03071431	      0.04203061	      0.00000000	     -0.00000000	      0.00000000
      0.13800000	     -0.06759253	     -0.00000000	     -0.00000226	     -0.05526582	      0.03870894	      0.04669223	     -0.00000000	      0.00000000	     -0.00000000
      0.13900000	     -0.06759749	     -0.00000000	     -0.00005216	     -0.05958406	      0.03997339	      0.04573239	     -0.00000000	     -0.00000000	     -0.00000000
      0.14000000	     -0.06971373	     -0.00000000	     -0.00000000	     -0.05649380	      0.04109465	      0.05138112	     -0.00000000	     -0.00000000	      0.00000000
      0.14100000	     -0.05445744	      0.00000000	     -0.00010422	     -0.06717435	      0.03466871	      0.03611167	      0.00000000	     -0.00000000	     -0.00000000
      0.14200000	     -0.06451987	      0.00000000	     -0.00000218	     -0.06464473	      0.03694074	      0.04406771	      0.00000000	      0.00000000	      0.00000000
      0.14300000	     -0.05881213	      0.00000000	     -0.00016512	     -0.04466103	      0.03106229	      0.04724372	     -0.00000000	     -0.00000000	      0.00000000
      0.14400000	     -0.06437123	     -0.00000000	      0.00000000	     -0.06205748	      0.03968884	      0.04213620	      0.00000000	     -0.00000000	     -0.00000000
      0.14500000	     -0.06551905	      0.00000000	     -0.00002545	     -0.05932457	      0.03711260	      0.04531814	      0.00000000	      0.00000000	     -0.00000000
      0.14600000	     -0.06554287	     -0.00000000	     -0.00001015	     -0.06178663	      0.03551590	      0.04638305	      0.00000000	     -0.00000000	     -0.00000000
      0.14700000	     -0.06530490	     -0.00000000	     -0.00000000	     -0.05189484	      0.03551539	      0.04932260	     -0.00000000	      0.00000000	      0.00000000
      0.14800000	     -0.06350753	      0.00000000	      0.00000000	     -0.06782227	      0.03824134	      0.04256507	      0.00000000	     -0.00000000	     -0.00000000
      0.14900000	     -0.06955717	     -0.00000000	     -0.00001458	     -0.06040808	      0.03930339	      0.05049361	      0.00000000	     -0.00000000	      0.00000000
      0.15000000	     -0.05594198	     -0.00000000	     -0.00033103	     -0.05452272	      0.03133035	      0.04055377	     -0.00000000	      0.00000000	     -0.00000000
      0.15100000	     -0.06296229	      0.00000000	      0.00000000	     -0.05487781	      0.03347699	      0.04712391	      0.00000000	      0.00000000	      0.00000000
      0.15200000	     -0.05307041	      0.00000000	     -0.00000000	     -0.05625215	      0.03234355	      0.03725489	     -0.00000000	     -0.00000000	      0.00000000
      0.15300000	     -0.06176695	      0.00000000	      0.00000000	     -0.05889708	      0.03430872	      0.04396471	      0.00000000	     -0.00000000	     -0.00000000
      0.15400000	     -0.06778996	     -0.00000000	     -0.00013019	     -0.05973055	      0.04037435	      0.04591284	      0.00000000	     -0.00000000	      0.00000000
      0.15500000	     -0.06971337	     -0.00000000	     -0.00011874	     -0.05907346	      0.04072413	      0.05133188	     -0.00000000	     -0.00000000	      0.00000000
      0.15600000	     -0.05577607	      0.00000000	     -0.00000000	     -0.06862686	      0.03662523	      0.03651876	      0.00000000	     -0.00000000	     -0.00000000
      0.15700000	     -0.05262881	     -0.00000000	     -0.00009379	     -0.06244874	      0.02984631	      0.03742208	     -0.00000000	     -0.00000000	      0.00000000
      0.15800000	     -0.06569572	      0.00000000	     -0.00001843	     -0.06198082	      0.03671684	      0.04571196	      0.00000000	     -0.00000000	      0.00000000
      0.15900000	     -0.06488960	      0.00000000	     -0.00006459	     -0.06231068	      0.03717815	      0.04431114	     -0.00000000	      0.00000000	     -0.00000000
      0.16000000	     -0.05948699	      0.00000000	     -0.00000000	     -0.05397101	      0.03266283	      0.04382073	     -0.00000000	     -0.00000000	     -0.00000000
      0.16100000	     -0.05657476	      0.00000000	     -0.00000516	     -0.06401406	      0.03165191	      0.03928091	      0.00000000	      0.00000000	     -0.00000000
      0.16200000	     -0.06847887	     -0.00000000	     -0.00008882	     -0.05833336	      0.03795849	      0.05051623	     -0.00000000	      0.00000000	      0.00000000
      0.16300000	     -0.05808013	     -0.00000000	      0.00000000	     -0.04721258	      0.03101398	      0.04553929	      0.00000000	      0.00000000	      0.00000000
      0.16400000	     -0.06840160	      0.00000000	      0.00000237	     -0.05539409	      0.03930120	      0.04753968	     -0.00000000	      0.00000000	      0.00000000
      0.16500000	     -0.05669290	     -0.00000000	     -0.00013307	     -0.06337932	      0.03134802	      0.03949144	     -0.00000000	      0.00000000	     -0.00000000
      0.16600000	     -0.06547815	      0.00000000	     -0.00000000	     -0.05732839	      0.03525564	      0.04818799	      0.00000000	     -0.00000000	      0.00000000
      0.16700000	     -0.05583192	      0.00000000	     -0.00002217	     -0.06733810	      0.03875057	      0.03593237	     -0.00000000	     -0.00000000	     -0.00000000
      0.16800000	     -0.05914428	      0.00000000	      0.00000000	     -0.06612418	      0.03868202	      0.03821518	      0.00000000	      0.00000000	      0.00000000
      0.16900000	     -0.06873943	      0.00000000	     -0.00000009	     -0.05559346	      0.03852634	      0.05080580	      0.00000000	      0.00000000	     -0.00000000
      0.17000000	     -0.06696385	      0.00000000	     -0.00003913	     -0.06102826	      0.03739059	      0.04692755	     -0.00000000	      0.00000000	     -0.00000000
      0.17100000	     -0.06062518	     -0.00000000	     -0.00000000	     -0.06585468	      0.03823999	      0.03976673	     -0.00000000	      0.00000000	     -0.00000000
      0.17200000	     -0.06954736	     -0.00000000	     -0.00000405	     -0.05935054	      0.03958526	      0.05028314	     -0.00000000	      0.00000000	     -0.00000000
      0.17300000	     -0.06757704	     -0.00000000	      0.00000000	     -0.05600258	      0.03755619	      0.05088200	      0.00000000	      0.00000000	      0.00000000
      0.17400000	     -0.06676813	      0.00000000	      0.00000000	     -0.05397934	      0.03671983	      0.04908535	      0.00000000	     -0.00000000	      0.00000000
      0.17500000	     -0.05885803	     -0.00000000	     -0.00002450	     -0.05999980	      0.03416145	      0.04070966	     -0.00000000	      0.00000000	      0.00000000
      0.17600000	     -0.06963849	      0.00000000	     -0.00000000	     -0.05621729	      0.04146773	      0.05081408	      0.00000000	     -0.00000000	      0.00000000
      0.17700000	     -0.06363579	      0.00000000	      0.00000268	     -0.05035189	      0.03427541	      0.04889520	     -0.00000000	     -0.00000000	      0.00000000
      0.17800000	     -0.05107840	     -0.00000000	     -0.00000000	     -0.06448570	      0.02976652	      0.03585568	     -0.00000000	     -0.00000000	     -0.00000000
      0.17900000	     -0.05904875	      0.00000000	      0.00000000	     -0.06549857	      0.03845558	      0.03800398	      0.00000000	     -0.00000000	     -0.00000000
      0.18000000	     -0.05334310	     -0.00000000	     -0.00013120	     -0.05606762	      0.03226125	      0.03716519	     -0.00000000	      0.00000000	      0.00000000
      0.18100000	     -0.06292727	      0.00000000	      0.00000000	     -0.06679271	      0.03782494	      0.04214693	      0.00000000	     -0.00000000	     -0.00000000
      0.18200000	     -0.06756769	      0.00000000	     -0.00000000	     -0.05270487	      0.03759584	      0.04939447	      0.00000000	      0.00000000	      0.00000000
      0.18300000	     -0.06490693	     -0.00000000	     -0.00017209	     -0.05464608	      0.03534163	      0.04719479	     -0.00000000	     -0.00000000	     -0.00000000
      0.18400000	     -0.06080924	      0.00000000	      0.00000000	     -0.05517707	      0.03245704	      0.04544346	      0.00000000	      0.00000000	      0.00000000
      0.18500000	     -0.05477465	      0.00000000	      0.00000000	     -0.06943169	      0.03576802	      0.03602080	      0.00000000	      0.00000000	     -0.00000000
      0.18600000	     -0.05664534	     -0.00000000	     -0.00002283	     -0.06894992	      0.03699508	      0.03692221	     -0.00000000	      0.00000000	     -0.00000000
      0.18700000	     -0.06756721	     -0.00000000	     -0.00004686	     -0.06004117	      0.03685634	      0.04883983	     -0.00000000	     -0.00000000	     -0.00000000
      0.18800000	     -0.06723234	      0.00000000	      0.00000090	     -0.05557402	      0.03691651	      0.05025092	      0.00000000	      0.00000000	      0.00000000
      0.18900000	     -0.06555598	     -0.00000000	     -0.00008112	     -0.05722142	      0.03755349	      0.04478748	      0.00000000	      0.00000000	     -0.00000000
      0.19000000	     -0.05885980	      0.00000000	     -0.00003781	     -0.06689647	      0.03516783	      0.03940623	      0.00000000	      0.00000000	     -0.00000000
      0.19100000	     -0.06441304	     -0.00000000	      0.00000000	     -0.06220388	      0.03738585	      0.04380017	      0.00000000	      0.00000000	     -0.00000000
      0.19200000	     -0.05918280	      0.00000000	      0.00000000	     -0.05947724	      0.03160012	      0.04282555	     -0.00000000	     -0.00000000	      0.00000000
      0.19300000	     -0.06885698	      0.00000000	     -0.00000000	     -0.06169402	      0.03966631	      0.04849633	     -0.00000000	      0.00000000	      0.00000000
      0.19400000	     -0.06338042	      0.00000000	     -0.00001517	     -0.06316888	      0.03468974	      0.04399975	     -0.00000000	      0.00000000	      0.00000000
      0.19500000	     -0.06294847	      0.00000000	     -0.00000077	     -0.04863943	      0.03392398	      0.04911494	     -0.00000000	      0.00000000	      0.00000000
      0.19600000	     -0.05616128	     -0.00000000	      0.00000123	     -0.05602016	      0.03035572	      0.04183579	     -0.00000000	     -0.00000000	      0.00000000
      0.19700000	     -0.06151052	      0.00000000	      0.00000000	     -0.06876694	      0.03810464	      0.04079728	      0.00000000	      0.00000000	     -0.00000000
      0.19800000	     -0.05604839	      0.00000000	     -0.00018163	     -0.05950900	      0.03115457	      0.04025517	      0.00000000	      0.00000000	      0.00000000
      0.19900000	     -0.06774368	      0.00000000	     -0.00010468	     -0.05934688	      0.04004146	      0.04585689	     -0.00000000	      0.00000000	      0.00000000
      0.20000000	     -0.06901536	     -0.00000000	      0.00000000	     -0.06045529	      0.03840739	      0.05003665	     -0.00000000	     -0.00000000	      0.00000000
      0.20100000	     -0.06240133	     -0.00000000	      0.00000000	     -0.05293789	      0.03332305	      0.04778192	     -0.00000000	      0.00000000	      0.00000000
      0.20200000	     -0.06418855	      0.00000000	     -0.00013795	     -0.05231783	      0.03452624	      0.04817034	     -0.00000000	     -0.00000000	     -0.00000000
      0.20300000	     -0.06305435	      0.00000000	      0.00000000	     -0.05571438	      0.03463690	      0.04568425	     -0.00000000	      0.00000000	      0.00000000
      0.20400000	     -0.05243828	      0.00000000	     -0.00001062	     -0.05572023	      0.02988559	      0.03858776	      0.00000000	     -0.00000000	      0.00000000
      0.20500000	     -0.06971431	      0.00000000	     -0.00006902	     -0.05338574	      0.04148705	      0.05052695	     -0.00000000	     -0.00000000	     -0.00000000
      0.20600000	     -0.06155348	     -0.00000000	     -0.00000000	     -0.06777763	      0.03895737	      0.04057036	      0.00000000	     -0.00000000	     -0.00000000
      0.20700000	     -0.06659206	      0.00000000	     -0.00009779	     -0.05964115	      0.03876466	      0.04507309	     -0.00000000	     -0.00000000	     -0.00000000
      0.20800000	     -0.05394576	      0.00000000	     -0.00000399	     -0.06947725	      0.03441169	      0.03536493	      0.00000000	      0.00000000	     -0.00000000
      0.20900000	     -0.04635334	     -0.00000000	      0.00000000	     -0.04791964	      0.02850131	      0.03492355	      0.00000000	      0.00000000	      0.00000000
      0.21000000	     -0.05365863	      0.00000000	     -0.00016165	     -0.05255572	      0.03100158	      0.03879485	      0.00000000	      0.00000000	      0.00000000
      0.21100000	     -0.06464828	     -0.00000000	      0.00000220	     -0.05954454	      0.03740618	      0.04400415	      0.00000000	      0.00000000	     -0.00000000
      0.21200000	     -0.06395933	      0.00000000	      0.00000000	     -0.05600036	      0.03468344	      0.04682104	      0.00000000	     -0.00000000	      0.00000000
      0.21300000	     -0.05805831	     -0.00000000	      0.00000000	     -0.06789733	      0.03781146	      0.03778535	      0.00000000	     -0.00000000	      0.00000000
      0.21400000	     -0.06754145	     -0.00000000	      0.00000000	     -0.06453702	      0.03850546	      0.04689072	      0.00000000	      0.00000000	      0.00000000
      0.21500000	     -0.06507118	     -0.00000000	     -0.00001680	     -0.05720584	      0.03493097	      0.04812065	      0.00000000	      0.00000000	     -0.00000000
      0.21600000	     -0.06880186	      0.00000000	      0.00000000	     -0.06058090	      0.03839377	      0.04947630	     -0.00000000	     -0.00000000	      0.00000000
      0.21700000	     -0.06461964	     -0.00000000	     -0.00002466	     -0.06393837	      0.03622624	      0.04448571	     -0.00000000	      0.00000000	     -0.00000000
      0.21800000	     -0.06174301	      0.00000000	     -0.00000000	     -0.05482915	      0.03304668	      0.04610898	      0.00000000	     -0.00000000	      0.00000000
      0.21900000	     -0.06855019	      0.00000000	     -0.00000000	     -0.05905026	      0.03804243	      0.04982008	     -0.00000000	     -0.00000000	     -0.00000000
      0.22000000	     -0.06457414	      0.00000000	     -0.00000275	     -0.06495248	      0.03800852	      0.04363133	      0.00000000	      0.00000000	      0.00000000
      0.22100000	     -0.06843732	     -0.00000000	     -0.00001634	     -0.06305103	      0.04006808	      0.04808384	     -0.00000000	     -0.00000000	     -0.00000000
      0.22200000	     -0.05051947	     -0.00000000	     -0.00000595	     -0.05946630	      0.02969288	      0.03661472	      0.00000000	     -0.00000000	     -0.00000000
      0.22300000	     -0.06102690	      0.00000000	      0.00000000	     -0.06135180	      0.03501616	      0.04222774	      0.00000000	     -0.00000000	      0.00000000
      0.22400000	     -0.05351565	     -0.00000000	      0.00000000	     -0.06950378	      0.03547873	      0.03523062	     -0.00000000	     -0.00000000	      0.00000000
      0.22500000	     -0.06698366	     -0.00000000	     -0.00000000	     -0.05828292	      0.03644534	      0.04927488	     -0.00000000	     -0.00000000	      0.00000000
      0.22600000	     -0.06543236	     -0.00000000	     -0.00003326	     -0.06692522	      0.03829951	      0.04411006	      0.00000000	     -0.00000000	      0.00000000
      0.22700000	     -0.05812144	     -0.00000000	      0.00000139	     -0.04741430	      0.03058764	      0.04605582	     -0.00000000	      0.00000000	     -0.00000000
      0.22800000	     -0.06088463	      0.00000000	      0.00000000	     -0.05821092	      0.03523266	      0.04206662	     -0.00000000	      0.00000000	      0.00000000
      0.22900000	     -0.06020106	      0.00000000	     -0.00000000	     -0.05139216	      0.03199600	      0.04617877	     -0.00000000	      0.00000000	     -0.00000000
      0.23000000	     -0.06097968	     -0.00000000	      0.00000044	     -0.06144542	      0.03697776	      0.04032581	     -0.00000000	      0.00000000	     -0.00000000
      0.23100000	     -0.06100570	      0.00000000	     -0.00000695	     -0.05403164	      0.03207333	      0.04598802	      0.00000000	      0.00000000	     -0.00000000
      0.23200000	     -0.05625053	     -0.00000000	     -0.00009565	     -0.06605177	      0.03495717	      0.03744351	      0.00000000	      0.00000000	      0.00000000
      0.23300000	     -0.06356113	     -0.00000000	      0.00000000	     -0.06122326	      0.03673482	      0.04342658	      0.00000000	      0.00000000	     -0.00000000
      0.23400000	     -0.06033493	     -0.00000000	     -0.00000000	     -0.04844947	      0.03265616	      0.04613263	      0.00000000	      0.00000000	     -0.00000000
      0.23500000	     -0.06769482	     -0.00000000	      0.00000256	     -0.05421580	      0.03787080	      0.04852236	      0.00000000	     -0.00000000	     -0.00000000
      0.23600000	     -0.05829496	     -0.00000000	     -0.00000000	     -0.07043111	      0.03813094	      0.03811112	     -0.00000000	      0.00000000	     -0.00000000
      0.23700000	     -0.05934385	     -0.00000000	     -0.00005233	     -0.06153031	      0.03264596	      0.04203644	     -0.00000000	      0.00000000	     -0.00000000
      0.23800000	     -0.05561537	      0.00000000	     -0.00000000	     -0.06802032	      0.03628508	      0.03641557	      0.00000000	      0.00000000	     -0.00000000
      0.23900000	     -0.06613608	     -0.00000000	     -0.00000000	     -0.05072613	      0.03640878	      0.05001414	     -0.00000000	      0.00000000	     -0.00000000
      0.24000000	     -0.06725340	      0.00000000	     -0.00001772	     -0.05563608	      0.03709874	      0.05057428	     -0.00000000	     -0.00000000	      0.00000000
      0.24100000	     -0.06042707	      0.00000000	     -0.00000000	     -0.06659604	      0.03538721	      0.04055013	     -0.00000000	      0.00000000	     -0.00000000
      0.24200000	     -0.06577776	     -0.00000000	     -0.00000000	     -0.06584854	      0.03822983	      0.04487783	     -0.00000000	     -0.00000000	      0.00000000
      0.24300000	     -0.06222468	      0.00000000	      0.00000000	     -0.06028744	      0.03403108	      0.04441144	      0.00000000	      0.00000000	      0.00000000
      0.24400000	     -0.05898445	     -0.00000000	      0.00000000	     -0.06990460	      0.03874572	      0.03869964	     -0.00000000	     -0.00000000	      0.00000000
      0.24500000	     -0.06301579	      0.00000000	     -0.00003318	     -0.05774124	      0.03340156	      0.04604621	     -0.00000000	     -0.00000000	      0.00000000
      0.24600000	     -0.06761706	     -0.00000000	     -0.00000000	     -0.06360555	      0.03895638	      0.04683377	     -0.00000000	     -0.00000000	     -0.00000000
      0.24700000	     -0.05570427	     -0.00000000	     -0.00002684	     -0.05389239	      0.02960678	      0.04226766	     -0.00000000	     -0.00000000	     -0.00000000
      0.24800000	     -0.04943234	      0.00000000	      0.00000207	     -0.06242689	      0.03202224	      0.03420437	      0.00000000	     -0.00000000	     -0.00000000
      0.24900000	     -0.05436406	     -0.00000000	      0.00000000	     -0.06949961	      0.03819254	      0.03483073	     -0.00000000	     -0.00000000	     -0.00000000
      0.25000000	     -0.06593427	     -0.00000000	     -0.00000000	     -0.05408387	      0.03588875	      0.04979737	      0.00000000	      0.00000000	      0.00000000
      0.25100000	     -0.06818963	     -0.00000000	     -0.00002673	     -0.06377351	      0.03994195	      0.04759223	      0.00000000	     -0.00000000	     -0.00000000
      0.25200000	     -0.06414944	      0.00000000	     -0.00000153	     -0.05931577	      0.03472641	      0.04602000	     -0.00000000	      0.00000000	     -0.00000000
      0.25300000	     -0.05940671	      0.00000000	      0.00000000	     -0.06579873	      0.03485410	      0.04033342	      0.00000000	      0.00000000	      0.00000000
      0.25400000	     -0.06976992	     -0.00000000	      0.00000000	     -0.05834622	      0.04040863	      0.05073982	     -0.00000000	     -0.00000000	     -0.00000000
      0.25500000	     -0.06832449	     -0.00000000	      0.00000000	     -0.05167378	      0.03843182	      0.05003131	     -0.00000000	     -0.00000000	     -0.00000000
      0.25600000	     -0.04889636	      0.00000000	     -0.00006791	     -0.05718443	      0.02853867	      0.03606514	      0.00000000	      0.00000000	      0.00000000
      0.25700000	     -0.05285908	      0.00000000	      0.00000000	     -0.06528320	      0.03545817	      0.03466158	      0.00000000	     -0.00000000	      0.00000000
      0.25800000	     -0.06857477	      0.00000000	      0.00000000	     -0.06322506	      0.03988373	      0.04818995	      0.00000000	      0.00000000	     -0.00000000
      0.25900000	     -0.06918944	      0.00000000	     -0.00000000	     -0.05380942	      0.03943689	      0.05027802	      0.00000000	      0.00000000	      0.00000000
      0.26000000	     -0.05762951	      0.00000000	      0.00000000	     -0.06750288	      0.03723605	      0.03770860	      0.00000000	      0.00000000	     -0.00000000
      0.26100000	     -0.05699785	     -0.00000000	     -0.00000000	     -0.06118287	      0.03100528	      0.04081402	      0.00000000	     -0.00000000	      0.00000000
      0.26200000	     -0.06286741	     -0.00000000	     -0.00010018	     -0.04608822	      0.03408417	      0.04949449	     -0.00000000	      0.00000000	     -0.00000000
      0.26300000	     -0.06586495	     -0.00000000	     -0.00002259	     -0.06134772	      0.03730117	      0.04550242	     -0.00000000	     -0.00000000	      0.00000000
      0.26400000	     -0.06268328	      0.00000000	      0.00000000	     -0.05337864	      0.03334696	      0.04757338	      0.00000000	      0.00000000	      0.00000000
      0.26500000	     -0.05900503	      0.00000000	     -0.00000000	     -0.06605647	      0.03707070	      0.03885599	     -0.00000000	     -0.00000000	      0.00000000
      0.26600000	     -0.05918904	     -0.00000000	     -0.00000000	     -0.06437677	      0.03318592	      0.04071074	      0.00000000	      0.00000000	     -0.00000000
      0.26700000	     -0.05781152	      0.00000000	     -0.00000000	     -0.06565461	      0.03389756	      0.03945979	     -0.00000000	      0.00000000	     -0.00000000
      0.26800000	     -0.04553808	      0.00000000	     -0.00000000	     -0.05624090	      0.02952421	      0.03313043	     -0.00000000	     -0.00000000	      0.00000000
      0.26900000	     -0.06534085	     -0.00000000	     -0.00000000	     -0.05619808	      0.03656597	      0.04616431	      0.00000000	     -0.00000000	     -0.00000000
      0.27000000	     -0.05697500	     -0.00000000	      0.00000000	     -0.05856200	      0.03277704	      0.04030956	      0.00000000	      0.00000000	     -0.00000000
      0.27100000	     -0.05843190	     -0.00000000	     -0.00000010	     -0.05137083	      0.03069909	      0.04517493	     -0.00000000	     -0.00000000	      0.00000000
      0.27200000	     -0.06010434	     -0.00000000	      0.00000176	     -0.05769086	      0.03216454	      0.04413078	     -0.00000000	      0.00000000	     -0.00000000
      0.27300000	     -0.06362588	      0.00000000	      0.00000000	     -0.06460330	      0.03590958	      0.04364795	      0.00000000	      0.00000000	     -0.00000000
      0.27400000	     -0.05307699	     -0.00000000	     -0.00001361	     -0.06972691	      0.03413972	      0.03483557	     -0.00000000	      0.00000000	     -0.00000000
      0.27500000	     -0.06399669	      0.00000000	      0.00000238	     -0.05999128	      0.03849387	      0.04214668	     -0.00000000	     -0.00000000	     -0.00000000
      0.27600000	     -0.06403581	      0.00000000	      0.00000295	     -0.05887434	      0.03733845	      0.04328147	      0.00000000	      0.00000000	      0.00000000
      0.27700000	     -0.05076193	      0.00000000	     -0.00000000	     -0.06135548	      0.02974771	      0.03663703	      0.00000000	     -0.00000000	     -0.00000000
      0.27800000	     -0.06912235	      0.00000000	      0.00000000	     -0.05676883	      0.03926472	      0.04951928	      0.00000000	     -0.00000000	      0.00000000
      0.27900000	     -0.05569824	      0.00000000	      0.00000000	     -0.06563440	      0.03736152	      0.03535151	      0.00000000	     -0.00000000	     -0.00000000
      0.28000000	     -0.06067354	      0.00000000	     -0.00001667	     -0.05987465	      0.03235728	      0.04330220	      0.00000000	      0.00000000	     -0.00000000
      0.28100000	     -0.06065134	     -0.00000000	     -0.00000000	     -0.05653519	      0.03316860	      0.04422471	     -0.00000000	      0.00000000	      0.00000000
      0.28200000	     -0.06763415	     -0.00000000	     -0.00000000	     -0.05377208	      0.03746334	      0.05037857	     -0.00000000	      0.00000000	      0.00000000
      0.28300000	     -0.06292803	      0.00000000	      0.00000000	     -0.05519290	      0.03345690	      0.04698530	     -0.00000000	     -0.00000000	     -0.00000000
      0.28400000	     -0.05836953	      0.00000000	      0.00000212	     -0.06482813	      0.03806571	      0.03741083	      0.00000000	     -0.00000000	      0.00000000
      0.28500000	     -0.05750246	     -0.00000000	     -0.00000000	     -0.05374602	      0.03175952	      0.04253246	      0.00000000	     -0.00000000	      0.00000000
      0.28600000	     -0.04895114	      0.00000000	      0.00000000	     -0.04652862	      0.02831806	      0.03769371	      0.00000000	      0.00000000	      0.00000000
      0.28700000	     -0.06678115	     -0.00000000	     -0.00004790	     -0.06006554	      0.03719272	      0.04692261	      0.00000000	     -0.00000000	      0.00000000
      0.28800000	     -0.05980497	     -0.00000000	     -0.00000000	     -0.05347995	      0.03136499	      0.04532286	     -0.00000000	      0.00000000	     -0.00000000
      0.28900000	     -0.05605068	      0.00000000	     -0.00000000	     -0.07028837	      0.03774920	      0.03622691	     -0.00000000	     -0.00000000	     -0.00000000
      0.29000000	     -0.06098625	     -0.00000000	     -0.00000000	     -0.05949322	      0.03489896	      0.04243984	     -0.00000000	      0.00000000	     -0.00000000
      0.29100000	     -0.05723903	      0.00000000	     -0.00000000	     -0.06523384	      0.03352036	      0.03933402	      0.00000000	      0.00000000	      0.00000000
      0.29200000	     -0.05176921	      0.00000000	     -0.00005956	     -0.07088686	      0.03528979	      0.03350422	      0.00000000	      0.00000000	      0.00000000
      0.29300000	     -0.06474637	     -0.00000000	     -0.00000523	     -0.05700673	      0.03623448	      0.04554366	     -0.00000000	      0.00000000	     -0.00000000
      0.29400000	     -0.05520201	      0.00000000	     -0.00001155	     -0.06634867	      0.03313010	      0.03759903	     -0.00000000	     -0.00000000	      0.00000000
      0.29500000	     -0.06068722	     -0.00000000	     -0.00000000	     -0.05857699	      0.03212288	      0.04378633	      0.00000000	      0.00000000	      0.00000000
      0.29600000	     -0.06774493	     -0.00000000	     -0.00000000	     -0.05831926	      0.03790282	      0.04815366	     -0.00000000	     -0.00000000	      0.00000000
      0.29700000	     -0.05374577	      0.00000000	     -0.00000287	     -0.06946145	      0.03701759	      0.03477004	      0.00000000	     -0.00000000	     -0.00000000
      0.29800000	     -0.06887587	     -0.00000000	     -0.00000000	     -0.06174840	      0.04014884	      0.04843361	     -0.00000000	     -0.00000000	     -0.00000000
      0.29900000	     -0.06512733	     -0.00000000	     -0.00000000	     -0.05371013	      0.03521978	      0.04918853	      0.00000000	      0.00000000	     -0.00000000
      0.30000000	     -0.06195317	      0.00000000	      0.00000000	     -0.06372839	      0.03468823	      0.04268732	      0.00000000	      0.00000000	      0.00000000
      0.30100000	     -0.06255376	     -0.00000000	      0.00000218	     -0.05778208	      0.03491798	      0.04429413	     -0.00000000	     -0.00000000	      0.00000000
      0.30200000	     -0.05513724	      0.00000000	      0.00000000	     -0.06759103	      0.03340742	      0.03718143	     -0.00000000	     -0.00000000	      0.00000000
      0.30300000	     -0.05511848	     -0.00000000	     -0.00000136	     -0.05943366	      0.03035902	      0.04015376	     -0.00000000	     -0.00000000	      0.00000000
      0.30400000	     -0.06325537	      0.00000000	     -0.00000750	     -0.06647320	      0.03801422	      0.04230705	      0.00000000	      0.00000000	     -0.00000000
      0.30500000	     -0.04762179	      0.00000000	      0.00000000	     -0.05458341	      0.03008564	      0.03417296	      0.00000000	      0.00000000	     -0.00000000
      0.30600000	     -0.06583008	     -0.00000000	     -0.00000000	     -0.05140576	      0.03644512	      0.04808728	      0.00000000	      0.00000000	      0.00000000
      0.30700000	     -0.05463113	     -0.00000000	      0.00000000	     -0.06033661	      0.03179694	      0.03888048	     -0.00000000	     -0.00000000	     -0.00000000
      0.30800000	     -0.05892469	      0.00000000	     -0.00001794	     -0.06889474	      0.03696458	      0.03866880	      0.00000000	      0.00000000	     -0.00000000
      0.30900000	     -0.05367752	      0.00000000	      0.00000280	     -0.06495950	      0.03652554	      0.03445454	     -0.00000000	     -0.00000000	     -0.00000000
      0.31000000	     -0.05843967	     -0.00000000	      0.00000000	     -0.05247250	      0.03054244	      0.04503699	     -0.00000000	      0.00000000	     -0.00000000
      0.31100000	     -0.06722097	      0.00000000	      0.00000000	     -0.06485409	      0.03919184	      0.04635963	      0.00000000	      0.00000000	      0.00000000
      0.31200000	     -0.05750086	     -0.00000000	      0.00000000	     -0.05161203	      0.03039792	      0.04441242	     -0.00000000	      0.00000000	      0.00000000
      0.31300000	     -0.06425568	      0.00000000	      0.00000000	     -0.06067368	      0.03459958	      0.04582891	     -0.00000000	      0.00000000	      0.00000000
      0.31400000	     -0.05549953	      0.00000000	      0.00000000	     -0.06651280	      0.03514048	      0.03704410	      0.00000000	     -0.00000000	     -0.00000000
      0.31500000	     -0.04992746	     -0.00000000	      0.00000000	     -0.05442913	      0.03204911	      0.03453448	     -0.00000000	     -0.00000000	      0.00000000
      0.31600000	     -0.06643533	     -0.00000000	      0.00000000	     -0.05442163	      0.03628031	      0.04960186	     -0.00000000	      0.00000000	     -0.00000000
      0.31700000	     -0.05195987	     -0.00000000	      0.00000000	     -0.06834430	      0.03804519	      0.03253869	      0.00000000	      0.00000000	      0.00000000
      0.31800000	     -0.06101282	      0.00000000	     -0.00000000	     -0.04855621	      0.03283227	      0.04705382	      0.00000000	     -0.00000000	     -0.00000000
      0.31900000	     -0.06861234	      0.00000000	     -0.00000000	     -0.06037303	      0.03807329	      0.04947239	     -0.00000000	      0.00000000	      0.00000000
      0.32000000	     -0.06449320	     -0.00000000	     -0.00000000	     -0.05781019	      0.03596442	      0.04560878	      0.00000000	      0.00000000	      0.00000000
      0.32100000	     -0.06236739	     -0.00000000	      0.00000000	     -0.06565789	      0.03803185	      0.04128141	      0.00000000	      0.00000000	     -0.00000000
      0.32200000	     -0.05585543	      0.00000000	      0.00000000	     -0.05985672	      0.02987785	      0.04023060	     -0.00000000	      0.00000000	     -0.00000000
      0.32300000	     -0.05935505	     -0.00000000	     -0.00000000	     -0.06058303	      0.03237199	      0.04259554	     -0.00000000	     -0.00000000	     -0.00000000
      0.32400000	     -0.06926794	      0.00000000	     -0.00000045	     -0.05888036	      0.03893088	      0.05077681	      0.00000000	      0.00000000	     -0.00000000
      0.32500000	     -0.06129042	      0.00000000	     -0.00001839	     -0.06420308	      0.03660296	      0.04102143	      0.00000000	     -0.00000000	      0.00000000
      0.32600000	     -0.06111481	      0.00000000	     -0.00000000	     -0.06689135	      0.03723076	      0.04065154	     -0.00000000	     -0.00000000	      0.00000000
      0.32700000	     -0.06118052	      0.00000000	      0.00000000	     -0.06554179	      0.03520305	      0.04144583	     -0.00000000	      0.00000000	      0.00000000
      0.32800000	     -0.06406721	     -0.00000000	     -0.00000000	     -0.06111351	      0.03709255	      0.04370133	      0.00000000	      0.00000000	      0.00000000
      0.32900000	     -0.04588501	      0.00000000	     -0.00000000	     -0.05401459	      0.02777577	      0.03443779	      0.00000000	      0.00000000	      0.00000000
      0.33000000	     -0.04595591	      0.00000000	      0.00000331	     -0.04824034	      0.02815807	      0.03479304	     -0.00000000	     -0.00000000	      0.00000000
      0.33100000	     -0.06116700	     -0.00000000	      0.00000000	     -0.05168038	      0.03242510	      0.04710556	      0.00000000	     -0.00000000	     -0.00000000
      0.33200000	     -0.05345650	      0.00000000	     -0.00000000	     -0.05413382	      0.03186656	      0.03812640	     -0.00000000	     -0.00000000	      0.00000000
      0.33300000	     -0.05559630	      0.00000000	     -0.00000000	     -0.06476936	      0.03165686	      0.03849018	      0.00000000	      0.00000000	      0.00000000
      0.33400000	     -0.06542527	      0.00000000	     -0.00000335	     -0.05259083	      0.03564162	      0.04857832	     -0.00000000	     -0.00000000	      0.00000000
      0.33500000	     -0.06348155	     -0.00000000	     -0.00000000	     -0.05756481	      0.03419055	      0.04632511	      0.00000000	      0.00000000	      0.00000000
      0.33600000	     -0.04843459	     -0.00000000	     -0.00000000	     -0.06309626	      0.03156862	      0.03374339	     -0.00000000	      0.00000000	     -0.00000000
      0.33700000	     -0.04802524	      0.00000000	      0.00000000	     -0.05172691	      0.03059227	      0.03449270	      0.00000000	     -0.00000000	      0.00000000
      0.33800000	     -0.05511219	      0.00000000	      0.00000000	     -0.06213462	      0.03492123	      0.03662275	      0.00000000	      0.00000000	     -0.00000000
      0.33900000	     -0.06307565	      0.00000000	      0.00000000	     -0.06058130	      0.03552092	      0.04408418	      0.00000000	      0.00000000	      0.00000000
      0.34000000	     -0.06904844	     -0.00000000	     -0.00000000	     -0.06251877	      0.03996863	      0.04900131	      0.00000000	      0.00000000	     -0.00000000
      0.34100000	     -0.06726103	      0.00000000	      0.00000000	     -0.06405996	      0.03812633	      0.04665415	      0.00000000	      0.00000000	     -0.00000000
      0.34200000	     -0.06318757	     -0.00000000	     -0.00000000	     -0.06469162	      0.03671657	      0.04281414	     -0.00000000	      0.00000000	      0.00000000
      0.34300000	     -0.05587223	      0.00000000	      0.00000034	     -0.04748694	      0.03060726	      0.04257490	      0.00000000	      0.00000000	      0.00000000
      0.34400000	     -0.06705305	      0.00000000	     -0.00000121	     -0.05919113	      0.03884723	      0.04580925	      0.00000000	      0.00000000	     -0.00000000
      0.34500000	     -0.05270233	     -0.00000000	     -0.00000000	     -0.07029321	      0.03811018	      0.03355870	     -0.00000000	      0.00000000	     -0.00000000
      0.34600000	     -0.05781598	     -0.00000000	     -0.00000000	     -0.04902862	      0.03049106	      0.04545811	     -0.00000000	     -0.00000000	     -0.00000000
      0.34700000	     -0.06850038	     -0.00000000	      0.00000000	     -0.06313741	      0.03917757	      0.04795776	     -0.00000000	      0.00000000	      0.00000000
      0.34800000	     -0.06542419	     -0.00000000	     -0.00000032	     -0.06191876	      0.03577350	      0.04613998	      0.00000000	      0.00000000	     -0.00000000
      0.34900000	     -0.06569225	      0.00000000	     -0.00000000	     -0.05329233	      0.03567808	      0.04938838	     -0.00000000	     -0.00000000	     -0.00000000
      0.35000000	     -0.04961188	      0.00000000	      0.00000000	     -0.07064363	      0.03523133	      0.03206502	     -0.00000000	      0.00000000	     -0.00000000
      0.35100000	     -0.06356256	     -0.00000000	     -0.00000000	     -0.06648999	      0.03755247	      0.04282410	      0.00000000	      0.00000000	     -0.00000000
      0.35200000	     -0.06655518	      0.00000000	     -0.00000000	     -0.04920136	      0.03690717	      0.05010685	     -0.00000000	     -0.00000000	     -0.00000000
      0.35300000	     -0.05532791	     -0.00000000	     -0.00000099	     -0.06385032	      0.03106097	      0.03863609	     -0.00000000	     -0.00000000	      0.00000000
      0.35400000	     -0.04905343	     -0.00000000	     -0.00000000	     -0.06070855	      0.03067681	      0.03491308	     -0.00000000	      0.00000000	     -0.00000000
      0.35500000	     -0.05731803	     -0.00000000	     -0.00000000	     -0.04638381	      0.03037992	      0.04562442	      0.00000000	     -0.00000000	      0.00000000
      0.35600000	     -0.04691360	      0.00000000	      0.00000000	     -0.05126441	      0.03011282	      0.03394978	      0.00000000	      0.00000000	      0.00000000
      0.35700000	     -0.05237668	      0.00000000	     -0.00000000	     -0.05819865	      0.02877311	      0.03878797	     -0.00000000	     -0.00000000	      0.00000000
      0.35800000	     -0.06409972	     -0.00000000	     -0.00000000	     -0.05610988	      0.03486109	      0.04676377	     -0.00000000	     -0.00000000	     -0.00000000
      0.35900000	     -0.06010386	      0.00000000	     -0.00000338	     -0.06526088	      0.03454497	      0.04101258	      0.00000000	      0.00000000	     -0.00000000
      0.36000000	     -0.05007468	      0.00000000	     -0.00000000	     -0.06362305	      0.03401833	      0.03338521	      0.00000000	     -0.00000000	      0.00000000
      0.36100000	     -0.06562224	      0.00000000	     -0.00000000	     -0.06001519	      0.03653735	      0.04614266	      0.00000000	      0.00000000	      0.00000000
      0.36200000	     -0.06173302	     -0.00000000	      0.00000438	     -0.04557795	      0.03339187	      0.04819870	      0.00000000	     -0.00000000	      0.00000000
      0.36300000	     -0.06756016	     -0.00000000	      0.00000000	     -0.06180357	      0.03853972	      0.04690231	      0.00000000	      0.00000000	      0.00000000
      0.36400000	     -0.06069128	      0.00000000	     -0.00000000	     -0.05387663	      0.03340747	      0.04443337	     -0.00000000	     -0.00000000	     -0.00000000
      0.36500000	     -0.06477042	     -0.00000000	     -0.00000000	     -0.06207605	      0.03647271	      0.04471713	      0.00000000	      0.00000000	     -0.00000000
      0.36600000	     -0.05470304	      0.00000000	      0.00000000	     -0.06466610	      0.03236918	      0.03781104	      0.00000000	      0.00000000	      0.00000000
      0.36700000	     -0.05768374	     -0.00000000	     -0.00000000	     -0.06902376	      0.03671314	      0.03787172	      0.00000000	      0.00000000	     -0.00000000
      0.36800000	     -0.06856935	     -0.00000000	     -0.00000000	     -0.06066383	      0.03984489	      0.04777971	     -0.00000000	     -0.00000000	      0.00000000
      0.36900000	     -0.04923958	     -0.00000000	      0.00000000	     -0.05563109	      0.02939494	      0.03597345	      0.00000000	      0.00000000	      0.00000000
      0.37000000	     -0.06885796	      0.00000000	     -0.00000000	     -0.06161034	      0.03964187	      0.04838147	     -0.00000000	      0.00000000	      0.00000000
      0.37100000	     -0.04372287	      0.00000000	      0.00000000	     -0.05215223	      0.02732686	      0.03287712	     -0.00000000	      0.00000000	      0.00000000
      0.37200000	     -0.06858508	     -0.00000000	      0.00000000	     -0.05494123	      0.03866133	      0.04937091	      0.00000000	      0.00000000	      0.00000000
      0.37300000	     -0.06160944	     -0.00000000	     -0.00000000	     -0.06899676	      0.03795334	      0.04083661	     -0.00000000	     -0.00000000	      0.00000000
      0.37400000	     -0.05243220	      0.00000000	     -0.00000000	     -0.07039110	      0.03569831	      0.03412995	     -0.00000000	     -0.00000000	     -0.00000000
      0.37500000	     -0.04688471	      0.00000000	      0.00000000	     -0.05657590	      0.03250863	      0.03148864	     -0.00000000	     -0.00000000	      0.00000000
      0.37600000	     -0.06326947	      0.00000000	      0.00000000	     -0.05792405	      0.03437192	      0.04571123	      0.00000000	      0.00000000	      0.00000000
      0.37700000	     -0.06303225	      0.00000000	      0.00000000	     -0.06198371	      0.03544616	      0.04387687	      0.00000000	     -0.00000000	     -0.00000000
      0.37800000	     -0.06766542	     -0.00000000	     -0.00000000	     -0.05677878	      0.03755372	      0.04851577	     -0.00000000	      0.00000000	      0.00000000
      0.37900000	     -0.03923687	      0.00000000	     -0.00000000	     -0.06229737	      0.02758632	      0.02846677	     -0.00000000	      0.00000000	      0.00000000
      0.38000000	     -0.06125005	     -0.00000000	      0.00000000	     -0.05575206	      0.03564936	      0.04201285	     -0.00000000	     -0.00000000	     -0.00000000
      0.38100000	     -0.05949649	     -0.00000000	     -0.00000000	     -0.05714980	      0.03153463	      0.04402684	     -0.00000000	      0.00000000	      0.00000000
      0.38200000	     -0.05765481	      0.00000000	      0.00000000	     -0.05110762	      0.03146748	      0.04345440	     -0.00000000	     -0.00000000	      0.00000000
      0.38300000	     -0.05702227	      0.00000000	      0.00000000	     -0.06407162	      0.03687527	      0.03650660	      0.00000000	      0.00000000	      0.00000000
      0.38400000	     -0.05273487	     -0.00000000	     -0.00000000	     -0.05840397	      0.03398764	      0.03520656	      0.00000000	     -0.00000000	      0.00000000
      0.38500000	     -0.06154414	      0.00000000	      0.00000000	     -0.06548240	      0.03801404	      0.04070752	      0.00000000	     -0.00000000	     -0.00000000
      0.38600000	     -0.04995976	     -0.00000000	     -0.00000000	     -0.06386126	      0.03558900	      0.03207424	     -0.00000000	      0.00000000	      0.00000000
      0.38700000	     -0.04836361	     -0.00000000	      0.00000000	     -0.06494320	      0.03258359	      0.03287150	      0.00000000	      0.00000000	     -0.00000000
      0.38800000	     -0.06000021	     -0.00000000	      0.00000000	     -0.06380100	      0.03602236	      0.04037782	      0.00000000	      0.00000000	      0.00000000
      0.38900000	     -0.05536387	      0.00000000	      0.00000000	     -0.05075224	      0.02977577	      0.04261925	      0.00000000	      0.00000000	     -0.00000000
      0.39000000	     -0.06052600	      0.00000000	      0.00000232	     -0.05681424	      0.03330306	      0.04382603	      0.00000000	     -0.00000000	      0.00000000
      0.39100000	     -0.06413013	     -0.00000000	      0.00000000	     -0.05669855	      0.03424780	      0.04746779	      0.00000000	      0.00000000	     -0.00000000
      0.39200000	     -0.05884087	     -0.00000000	     -0.00000000	     -0.06055048	      0.03648198	      0.03865573	      0.00000000	      0.00000000	     -0.00000000
      0.39300000	     -0.05649254	      0.00000000	      0.00000209	     -0.05588150	      0.02956435	      0.04241408	      0.00000000	      0.00000000	     -0.00000000
      0.39400000	     -0.05677351	      0.00000000	     -0.00000000	     -0.06724181	      0.03410868	      0.03800092	     -0.00000000	      0.00000000	      0.00000000
      0.39500000	     -0.04806605	     -0.00000000	     -0.00000000	     -0.06849354	      0.03133288	      0.03270020	     -0.00000000	     -0.00000000	     -0.00000000
      0.39600000	     -0.06488525	      0.00000000	      0.00000000	     -0.06098563	      0.03875216	      0.04324058	     -0.00000000	     -0.00000000	      0.00000000
      0.39700000	     -0.06356130	      0.00000000	     -0.00000000	     -0.06700225	      0.03738667	      0.04272115	     -0.00000000	     -0.00000000	     -0.00000000
      0.39800000	     -0.05693183	      0.00000000	      0.00000000	     -0.06864404	      0.03742192	      0.03659719	      0.00000000	     -0.00000000	      0.00000000
      0.39900000	     -0.06219956	     -0.00000000	      0.00000000	     -0.05130226	      0.03343137	      0.04727352	      0.00000000	      0.00000000	     -0.00000000
      0.40000000	     -0.05946609	      0.00000000	     -0.00000000	     -0.05396180	      0.03118252	      0.04517547	      0.00000000	     -0.00000000	     -0.00000000
      0.40100000	     -0.05001854	      0.00000000	      0.00000000	     -0.06757901	      0.03217794	      0.03357096	      0.00000000	     -0.00000000	     -0.00000000
      0.40200000	     -0.05685900	      0.00000000	      0.00000000	     -0.05823737	      0.03478267	      0.03805164	     -0.00000000	     -0.00000000	      0.00000000
      0.40300000	     -0.06441219	      0.00000000	      0.00000000	     -0.04992671	      0.03559301	      0.04731148	      0.00000000	      0.00000000	      0.00000000
      0.40400000	     -0.06896549	     -0.00000000	     -0.00000000	     -0.05197508	      0.03929004	      0.05014543	      0.00000000	      0.00000000	      0.00000000
      0.40500000	     -0.05812758	      0.00000000	     -0.00000000	     -0.05633044	      0.03062280	      0.04328367	     -0.00000000	     -0.00000000	     -0.00000000
      0.40600000	     -0.05579881	     -0.00000000	      0.00000000	     -0.06226033	      0.03544166	      0.03693227	     -0.00000000	     -0.00000000	     -0.00000000
      0.40700000	     -0.06100287	      0.00000000	     -0.00000000	     -0.06737005	      0.03790351	      0.04038215	      0.00000000	      0.00000000	      0.00000000
      0.40800000	     -0.06022662	      0.00000000	     -0.00000000	     -0.05982421	      0.03232253	      0.04336645	     -0.00000000	     -0.00000000	      0.00000000
      0.40900000	     -0.06387532	      0.00000000	      0.00000000	     -0.06500462	      0.03792015	      0.04301381	     -0.00000000	      0.00000000	     -0.00000000
      0.41000000	     -0.06203046	      0.00000000	      0.00000000	     -0.06242362	      0.03736036	      0.04118078	      0.00000000	     -0.00000000	     -0.00000000
      0.41100000	     -0.05056773	      0.00000000	      0.00000000	     -0.05583814	      0.02794035	      0.03821977	      0.00000000	      0.00000000	     -0.00000000
      0.41200000	     -0.06547796	     -0.00000000	      0.00000000	     -0.05423355	      0.03629977	      0.04696241	     -0.00000000	     -0.00000000	      0.00000000
      0.41300000	     -0.05957656	      0.00000000	      0.00000000	     -0.05683532	      0.03569765	      0.04008597	     -0.00000000	     -0.00000000	     -0.00000000
      0.41400000	     -0.04284293	      0.00000000	      0.00000000	     -0.05992970	      0.03066641	      0.02965115	      0.00000000	      0.00000000	      0.00000000
      0.41500000	     -0.05752743	      0.00000000	     -0.00000000	     -0.06194722	      0.03143791	      0.04053532	      0.00000000	      0.00000000	     -0.00000000
      0.41600000	     -0.05510529	      0.00000000	      0.00000000	     -0.06969216	      0.03656129	      0.03593634	      0.00000000	      0.00000000	     -0.00000000
      0.41700000	     -0.05772009	      0.00000000	     -0.00000000	     -0.06290589	      0.03259037	      0.04060870	     -0.00000000	     -0.00000000	     -0.00000000
      0.41800000	     -0.06636720	      0.00000000	      0.00000000	     -0.05237088	      0.03651951	      0.04913230	      0.00000000	      0.00000000	      0.00000000
      0.41900000	     -0.04751930	     -0.00000000	      0.00000000	     -0.06720578	      0.03251336	      0.03232594	      0.00000000	      0.00000000	     -0.00000000
      0.42000000	     -0.05601929	      0.00000000	      0.00000000	     -0.05562446	      0.03038970	      0.04187278	      0.00000000	      0.00000000	     -0.00000000
      0.42100000	     -0.06852365	      0.00000000	      0.00000000	     -0.05827903	      0.03833148	      0.04927488	     -0.00000000	      0.00000000	      0.00000000
      0.42200000	     -0.05489672	      0.00000000	     -0.00000000	     -0.06291961	      0.03293378	      0.03792730	     -0.00000000	     -0.00000000	      0.00000000
      0.42300000	     -0.05506566	      0.00000000	     -0.00000000	     -0.05146532	      0.02954072	      0.04231567	     -0.00000000	     -0.00000000	      0.00000000
      0.42400000	     -0.05261033	     -0.00000000	     -0.00000000	     -0.06909949	      0.03764553	      0.03344314	     -0.00000000	      0.00000000	     -0.00000000
      0.42500000	     -0.03908905	     -0.00000000	     -0.00000000	     -0.04466276	      0.02751158	      0.02930550	      0.00000000	     -0.00000000	     -0.00000000
      0.42600000	     -0.04710783	     -0.00000000	     -0.00000000	     -0.05441452	      0.02878644	      0.03485524	      0.00000000	     -0.00000000	      0.00000000
      0.42700000	     -0.05000737	      0.00000000	      0.00000000	     -0.06042267	      0.03238360	      0.03383429	      0.00000000	      0.00000000	      0.00000000
      0.42800000	     -0.06220269	     -0.00000000	      0.00000000	     -0.04490505	      0.03401221	      0.04821094	     -0.00000000	     -0.00000000	      0.00000000
      0.42900000	     -0.04974954	     -0.00000000	     -0.00000000	     -0.05964220	      0.03440289	      0.03255055	     -0.00000000	     -0.00000000	     -0.00000000
      0.43000000	     -0.06899300	     -0.00000000	     -0.00000000	     -0.06181736	      0.03986648	      0.04875379	     -0.00000000	     -0.00000000	      0.00000000
      0.43100000	     -0.05944002	     -0.00000000	      0.00000000	     -0.06349585	      0.03497764	      0.04063982	      0.00000000	     -0.00000000	      0.00000000
      0.43200000	     -0.04532431	      0.00000000	      0.00000000	     -0.06377576	      0.02840701	      0.03252834	     -0.00000000	      0.00000000	      0.00000000
      0.43300000	     -0.06113206	     -0.00000000	     -0.00000000	     -0.05971938	      0.03582958	      0.04155273	     -0.00000000	      0.00000000	      0.00000000
      0.43400000	     -0.06604893	      0.00000000	     -0.00000000	     -0.06261051	      0.03746804	      0.04558976	      0.00000000	      0.00000000	     -0.00000000
      0.43500000	     -0.06600151	      0.00000000	      0.00000000	     -0.05415186	      0.03643364	      0.04781714	      0.00000000	      0.00000000	      0.00000000
      0.43600000	     -0.06296311	     -0.00000000	      0.00000000	     -0.05846965	      0.03651397	      0.04297330	      0.00000000	      0.00000000	     -0.00000000
      0.43700000	     -0.06214211	     -0.00000000	     -0.00000000	     -0.06096446	      0.03366515	      0.04390409	      0.00000000	      0.00000000	     -0.00000000
      0.43800000	     -0.05116467	     -0.00000000	      0.00000000	     -0.05558706	      0.02780413	      0.03849244	      0.00000000	      0.00000000	      0.00000000
      0.43900000	     -0.05967099	     -0.00000000	     -0.00000000	     -0.06802950	      0.03758158	      0.03874258	     -0.00000000	      0.00000000	      0.00000000
      0.44000000	     -0.06359096	      0.00000000	      0.00000000	     -0.05839915	      0.03470562	      0.04538639	      0.00000000	     -0.00000000	      0.00000000
      0.44100000	     -0.05638852	     -0.00000000	      0.00000000	     -0.05702729	      0.03134367	      0.04116933	      0.00000000	      0.00000000	     -0.00000000
      0.44200000	     -0.03743874	      0.00000000	     -0.00000000	     -0.04517435	      0.02779614	      0.02777747	     -0.00000000	     -0.00000000	     -0.00000000
      0.44300000	     -0.04737957	     -0.00000000	     -0.00000000	     -0.06277715	      0.03014840	      0.03338436	     -0.00000000	     -0.00000000	      0.00000000
      0.44400000	     -0.05119301	     -0.00000000	     -0.00000000	     -0.07116022	      0.03731338	      0.03238709	     -0.00000000	     -0.00000000	     -0.00000000
      0.44500000	     -0.05459819	      0.00000000	     -0.00000000	     -0.06450258	      0.03174317	      0.03812539	      0.00000000	     -0.00000000	      0.00000000
      0.44600000	     -0.06174852	     -0.00000000	      0.00000000	     -0.05577778	      0.03479330	      0.04374577	      0.00000000	     -0.00000000	      0.00000000
      0.44700000	     -0.04467110	     -0.00000000	      0.00000000	     -0.06184015	      0.03180124	      0.03082380	      0.00000000	      0.00000000	     -0.00000000
      0.44800000	     -0.06802515	     -0.00000000	     -0.00000000	     -0.05441934	      0.03892136	      0.04735604	     -0.00000000	     -0.00000000	     -0.00000000
      0.44900000	     -0.06861792	      0.00000000	      0.00000000	     -0.05850484	      0.03865926	      0.04890812	     -0.00000000	     -0.00000000	     -0.00000000
      0.45000000	     -0.04437526	      0.00000000	      0.00000000	     -0.04421308	      0.02906542	      0.03279292	     -0.00000000	     -0.00000000	      0.00000000
      0.45100000	     -0.05804331	      0.00000000	      0.00000000	     -0.06585169	      0.03437418	      0.03905306	      0.00000000	     -0.00000000	      0.00000000
      0.45200000	     -0.04487741	      0.00000000	      0.00000000	     -0.05279272	      0.03009317	      0.03186016	      0.00000000	      0.00000000	      0.00000000
      0.45300000	     -0.05764349	     -0.00000000	      0.00000000	     -0.06127218	      0.03637875	      0.03664043	      0.00000000	      0.00000000	      0.00000000
      0.45400000	     -0.06242632	     -0.00000000	     -0.00000000	     -0.06140301	      0.03555989	      0.04307535	     -0.00000000	      0.00000000	     -0.00000000
      0.45500000	     -0.05704949	      0.00000000	      0.00000000	     -0.05630262	      0.03002772	      0.04267907	      0.00000000	      0.00000000	      0.00000000
      0.45600000	     -0.06372920	      0.00000000	     -0.00000000	     -0.05473646	      0.03483788	      0.04657856	      0.00000000	      0.00000000	      0.00000000
      0.45700000	     -0.06154883	     -0.00000000	      0.00000000	     -0.05714089	      0.03325388	      0.04507132	      0.00000000	     -0.00000000	     -0.00000000
      0.45800000	     -0.04689166	     -0.00000000	     -0.00000000	     -0.05931699	      0.03454159	      0.02967969	     -0.00000000	     -0.00000000	     -0.00000000
      0.45900000	     -0.06574239	     -0.00000000	      0.00000000	     -0.05679886	      0.03572065	      0.04793829	     -0.00000000	      0.00000000	      0.00000000
      0.46000000	     -0.05831478	      0.00000000	     -0.00000000	     -0.04612159	      0.03115358	      0.04601226	      0.00000000	     -0.00000000	     -0.00000000
      0.46100000	     -0.04351514	      0.00000000	     -0.00000000	     -0.05401007	      0.02829356	      0.03160568	     -0.00000000	     -0.00000000	      0.00000000
      0.46200000	     -0.06158893	      0.00000000	      0.00000000	     -0.05856727	      0.03360301	      0.04402409	      0.00000000	      0.00000000	     -0.00000000
      0.46300000	     -0.06284357	      0.00000000	      0.00000000	     -0.06240658	      0.03659361	      0.04273974	      0.00000000	     -0.00000000	     -0.00000000
      0.46400000	     -0.05663466	      0.00000000	      0.00000000	     -0.06879224	      0.03785289	      0.03686702	      0.00000000	     -0.00000000	      0.00000000
      0.46500000	     -0.05171950	     -0.00000000	     -0.00000000	     -0.06162229	      0.03559993	      0.03320806	      0.00000000	     -0.00000000	     -0.00000000
      0.46600000	     -0.05294232	     -0.00000000	     -0.00000000	     -0.06285138	      0.03134491	      0.03715636	     -0.00000000	     -0.00000000	     -0.00000000
      0.46700000	     -0.05104536	      0.00000000	      0.00000000	     -0.05371165	      0.03246870	      0.03534374	      0.00000000	      0.00000000	      0.00000000
      0.46800000	     -0.04040678	      0.00000000	      0.00000000	     -0.06829969	      0.03126179	      0.02788256	      0.00000000	      0.00000000	     -0.00000000
      0.46900000	     -0.05363878	     -0.00000000	      0.00000000	     -0.05909837	      0.02901758	      0.03917781	     -0.00000000	     -0.00000000	      0.00000000
      0.47000000	     -0.05813144	     -0.00000000	      0.00000000	     -0.04416330	      0.03168693	      0.04481460	      0.00000000	      0.00000000	     -0.00000000
      0.47100000	     -0.04358298	     -0.00000000	     -0.00000000	     -0.04832699	      0.02664131	      0.03353916	     -0.00000000	     -0.00000000	     -0.00000000
      0.47200000	     -0.06191761	     -0.00000000	     -0.00000000	     -0.06583626	      0.03620077	      0.04168693	     -0.00000000	      0.00000000	     -0.00000000
      0.47300000	     -0.06554134	     -0.00000000	      0.00000000	     -0.05978145	      0.03838872	      0.04417058	      0.00000000	     -0.00000000	      0.00000000
      0.47400000	     -0.04915577	      0.00000000	     -0.00000000	     -0.06975501	      0.03662804	      0.03159939	     -0.00000000	     -0.00000000	     -0.00000000
      0.47500000	     -0.06237946	     -0.00000000	      0.00000000	     -0.06134674	      0.03737526	      0.04136736	      0.00000000	     -0.00000000	      0.00000000
      0.47600000	     -0.06479243	     -0.00000000	     -0.00000000	     -0.06403657	      0.03773403	      0.04393071	     -0.00000000	     -0.00000000	     -0.00000000
      0.47700000	     -0.05534632	     -0.00000000	      0.00000000	     -0.05391212	      0.02901347	      0.04242397	      0.00000000	      0.00000000	     -0.00000000
      0.47800000	     -0.06800097	      0.00000000	     -0.00000000	     -0.06185661	      0.03797050	      0.04799344	      0.00000000	     -0.00000000	     -0.00000000
      0.47900000	     -0.05119164	      0.00000000	      0.00000000	     -0.05354354	      0.02749739	      0.03935684	     -0.00000000	     -0.00000000	      0.00000000
      0.48000000	     -0.04958230	      0.00000000	      0.00000000	     -0.06382421	      0.03486937	      0.03244665	     -0.00000000	      0.00000000	      0.00000000
      0.48100000	     -0.05339445	     -0.00000000	      0.00000000	     -0.06105134	      0.03203837	      0.03753500	     -0.00000000	     -0.00000000	     -0.00000000
      0.48200000	     -0.05297574	     -0.00000000	      0.00000000	     -0.05047731	      0.02986389	      0.03905047	     -0.00000000	      0.00000000	     -0.00000000
      0.48300000	     -0.05791829	     -0.00000000	     -0.00000000	     -0.06822862	      0.03662549	      0.03796985	      0.00000000	      0.00000000	     -0.00000000
      0.48400000	     -0.06119554	     -0.00000000	     -0.00000000	     -0.05511480	      0.03397356	      0.04365410	     -0.00000000	      0.00000000	      0.00000000
      0.48500000	     -0.04924810	      0.00000000	     -0.00000000	     -0.06891207	      0.03660097	      0.03154657	     -0.00000000	     -0.00000000	      0.00000000
      0.48600000	     -0.06535119	      0.00000000	     -0.00000000	     -0.05925838	      0.03696525	      0.04509499	     -0.00000000	     -0.00000000	     -0.00000000
      0.48700000	     -0.03558855	      0.00000000	      0.00000000	     -0.05645830	      0.02843447	      0.02543083	      0.00000000	      0.00000000	     -0.00000000
      0.48800000	     -0.05872229	      0.00000000	      0.00000000	     -0.04240637	      0.03184965	      0.04643874	      0.00000000	      0.00000000	      0.00000000
      0.48900000	     -0.06058911	     -0.00000000	     -0.00000000	     -0.06588939	      0.03546297	      0.04096304	      0.00000000	      0.00000000	     -0.00000000
      0.49000000	     -0.05872046	     -0.00000000	      0.00000000	     -0.05036783	      0.03329063	      0.04206201	     -0.00000000	     -0.00000000	     -0.00000000
      0.49100000	     -0.04339283	      0.00000000	     -0.00000000	     -0.05627906	      0.03237489	      0.02921943	      0.00000000	     -0.00000000	     -0.00000000
      0.49200000	     -0.06531872	     -0.00000000	      0.00000000	     -0.04869211	      0.03652279	      0.04729858	      0.00000000	      0.00000000	     -0.00000000
      0.49300000	     -0.05924385	     -0.00000000	     -0.00000000	     -0.04963077	      0.03224031	      0.04448567	     -0.00000000	     -0.00000000	     -0.00000000
      0.49400000	     -0.05743027	     -0.00000000	     -0.00000000	     -0.06252727	      0.03762751	      0.03644055	      0.00000000	      0.00000000	     -0.00000000
      0.49500000	     -0.05164635	      0.00000000	      0.00000000	     -0.06804918	      0.03356987	      0.03410026	      0.00000000	      0.00000000	     -0.00000000
      0.49600000	     -0.05767900	      0.00000000	     -0.00000000	     -0.05654598	      0.03424064	      0.03971679	     -0.00000000	      0.00000000	      0.00000000
      0.49700000	     -0.04023768	      0.00000000	     -0.00000000	     -0.06105960	      0.02817800	      0.02872876	     -0.00000000	     -0.00000000	      0.00000000
      0.49800000	     -0.04652171	      0.00000000	      0.00000000	     -0.06018635	      0.03090455	      0.03284553	      0.00000000	      0.00000000	      0.00000000
      0.49900000	     -0.05584879	     -0.00000000	      0.00000000	     -0.06662215	      0.03738300	      0.03573047	      0.00000000	     -0.00000000	      0.00000000
      0.50000000	     -0.05374783	      0.00000000	     -0.00000000	     -0.06032072	      0.03081899	      0.03813659	      0.00000000	      0.00000000	      0.00000000
      0.50100000	     -0.05776121	      0.00000000	      0.00000000	     -0.05091191	      0.03091751	      0.04401391	     -0.00000000	      0.00000000	     -0.00000000
      0.50200000	     -0.06298447	      0.00000000	     -0.00000000	     -0.05855137	      0.03541016	      0.04338789	     -0.00000000	      0.00000000	      0.00000000
      0.50300000	     -0.04473193	     -0.00000000	     -0.00000000	     -0.06839643	      0.03173623	      0.03011793	     -0.00000000	     -0.00000000	     -0.00000000
      0.50400000	     -0.05503676	     -0.00000000	      0.00000000	     -0.05190556	      0.02890831	      0.04261713	      0.00000000	     -0.00000000	     -0.00000000
      0.50500000	     -0.04835890	     -0.00000000	     -0.00000000	     -0.04899662	      0.03061595	      0.03412723	     -0.00000000	      0.00000000	     -0.00000000
      0.50600000	     -0.05397996	     -0.00000000	     -0.00000000	     -0.05974857	      0.03589429	      0.03430403	      0.00000000	     -0.00000000	      0.00000000
      0.50700000	     -0.06414763	      0.00000000	     -0.00000000	     -0.05907711	      0.03456933	      0.04616743	     -0.00000000	      0.00000000	     -0.00000000
      0.50800000	     -0.04822065	     -0.00000000	     -0.00000000	     -0.07005830	      0.03516798	      0.03056139	      0.00000000	      0.00000000	     -0.00000000
      0.50900000	     -0.06755307	     -0.00000000	     -0.00000000	     -0.05744976	      0.03857486	      0.04610467	      0.00000000	     -0.00000000	      0.00000000
      0.51000000	     -0.04538607	     -0.00000000	      0.00000000	     -0.06287191	      0.03463294	      0.02935388	      0.00000000	      0.00000000	     -0.00000000
      0.51100000	     -0.05051177	      0.00000000	      0.00000000	     -0.04122015	      0.02847523	      0.03967048	     -0.00000000	     -0.00000000	     -0.00000000
      0.51200000	     -0.06314528	     -0.00000000	     -0.00000000	     -0.05304485	      0.03551229	      0.04382998	      0.00000000	      0.00000000	     -0.00000000
      0.51300000	     -0.04908128	     -0.00000000	      0.00000000	     -0.06805781	      0.03330467	      0.03305099	      0.00000000	      0.00000000	     -0.00000000
      0.51400000	     -0.05826312	     -0.00000000	      0.00000000	     -0.06632247	      0.03671710	      0.03758520	      0.00000000	      0.00000000	      0.00000000
      0.51500000	     -0.04831883	     -0.00000000	      0.00000000	     -0.05054792	      0.02839500	      0.03660260	      0.00000000	      0.00000000	     -0.00000000
      0.51600000	     -0.05231896	      0.00000000	      0.00000000	     -0.06064069	      0.03206414	      0.03665549	     -0.00000000	     -0.00000000	      0.00000000
      0.51700000	     -0.03496239	      0.00000000	     -0.00000000	     -0.04413840	      0.02823068	      0.02597601	     -0.00000000	     -0.00000000	      0.00000000
      0.51800000	     -0.05724616	      0.00000000	      0.00000000	     -0.05444250	      0.03109222	      0.04281751	     -0.00000000	      0.00000000	      0.00000000
      0.51900000	     -0.06168708	     -0.00000000	     -0.00000000	     -0.06581313	      0.03773495	      0.04054200	     -0.00000000	     -0.00000000	     -0.00000000
      0.52000000	     -0.04852382	      0.00000000	      0.00000000	     -0.06653011	      0.03703845	      0.02924428	      0.00000000	     -0.00000000	     -0.00000000
      0.52100000	     -0.05995578	      0.00000000	      0.00000000	     -0.05679333	      0.03231610	      0.04419306	     -0.00000000	      0.00000000	      0.00000000
      0.52200000	     -0.05992434	      0.00000000	     -0.00000000	     -0.05615218	      0.03664991	      0.03921626	      0.00000000	      0.00000000	      0.00000000
      0.52300000	     -0.05976294	      0.00000000	     -0.00000000	     -0.05566649	      0.03396134	      0.04210570	     -0.00000000	     -0.00000000	      0.00000000
      0.52400000	     -0.05368169	      0.00000000	     -0.00000000	     -0.06888251	      0.03490507	      0.03532166	      0.00000000	     -0.00000000	      0.00000000
      0.52500000	     -0.04877961	      0.00000000	     -0.00000000	     -0.05825411	      0.02762072	      0.03641712	     -0.00000000	     -0.00000000	     -0.00000000
      0.52600000	     -0.05615295	      0.00000000	      0.00000000	     -0.05209854	      0.03304047	      0.03860467	     -0.00000000	     -0.00000000	     -0.00000000
      0.52700000	     -0.04747036	      0.00000000	      0.00000000	     -0.06490221	      0.03581677	      0.02855518	      0.00000000	     -0.00000000	      0.00000000
      0.52800000	     -0.05454754	      0.00000000	      0.00000000	     -0.05754890	      0.03578746	      0.03497331	     -0.00000000	      0.00000000	      0.00000000
      0.52900000	     -0.06034185	     -0.00000000	      0.00000000	     -0.05691356	      0.03730195	      0.03885118	      0.00000000	      0.00000000	     -0.00000000
      0.53000000	     -0.04255332	      0.00000000	     -0.00000000	     -0.07252791	      0.03510375	      0.02782873	      0.00000000	     -0.00000000	      0.00000000
      0.53100000	     -0.06042203	      0.00000000	      0.00000000	     -0.05412115	      0.03268996	      0.04453736	      0.00000000	      0.00000000	     -0.00000000
      0.53200000	     -0.06118509	      0.00000000	     -0.00000000	     -0.05851778	      0.03337892	      0.04419064	      0.00000000	     -0.00000000	     -0.00000000
      0.53300000	     -0.04913375	     -0.00000000	     -0.00000000	     -0.06484740	      0.03478406	      0.03137642	     -0.00000000	      0.00000000	      0.00000000
      0.53400000	     -0.05165180	      0.00000000	     -0.00000000	     -0.05656187	      0.02960133	      0.03772578	     -0.00000000	     -0.00000000	      0.00000000
      0.53500000	     -0.04923631	      0.00000000	     -0.00000000	     -0.06546480	      0.03695597	      0.03059259	     -0.00000000	     -0.00000000	      0.00000000
      0.53600000	     -0.06551253	      0.00000000	      0.00000000	     -0.05776922	      0.03569096	      0.04717934	     -0.00000000	      0.00000000	      0.00000000
      0.53700000	     -0.05724684	      0.00000000	      0.00000000	     -0.06724364	      0.03746908	      0.03662973	      0.00000000	      0.00000000	     -0.00000000
      0.53800000	     -0.04141184	     -0.00000000	     -0.00000000	     -0.07383829	      0.03638070	      0.02654265	      0.00000000	     -0.00000000	      0.00000000
      0.53900000	     -0.06544903	      0.00000000	     -0.00000000	     -0.04819711	      0.03650229	      0.04745951	      0.00000000	     -0.00000000	     -0.00000000
      0.54000000	     -0.04186786	     -0.00000000	     -0.00000000	     -0.06449731	      0.02950377	      0.02955866	     -0.00000000	     -0.00000000	     -0.00000000
      0.54100000	     -0.04586440	     -0.00000000	      0.00000000	     -0.05842724	      0.02759470	      0.03327389	     -0.00000000	      0.00000000	     -0.00000000
      0.54200000	     -0.05422909	     -0.00000000	     -0.00000000	     -0.04576112	      0.03087270	      0.04053125	      0.00000000	      0.00000000	      0.00000000
      0.54300000	     -0.04986395	      0.00000000	      0.00000000	     -0.06211360	      0.03073838	      0.03443462	      0.00000000	     -0.00000000	     -0.00000000
      0.54400000	     -0.05174952	     -0.00000000	      0.00000000	     -0.05649893	      0.03305225	      0.03432531	      0.00000000	      0.00000000	     -0.00000000
      0.54500000	     -0.05882233	      0.00000000	      0.00000000	     -0.05182204	      0.03251264	      0.04325996	      0.00000000	      0.00000000	      0.00000000
      0.54600000	     -0.05078096	     -0.00000000	     -0.00000000	     -0.05263641	      0.02886618	      0.03840769	      0.00000000	     -0.00000000	     -0.00000000
      0.54700000	     -0.06272451	      0.00000000	      0.00000000	     -0.05423153	      0.03450982	      0.04563943	      0.00000000	      0.00000000	     -0.00000000
      0.54800000	     -0.05238977	     -0.00000000	      0.00000000	     -0.05494090	      0.02861941	      0.03964037	     -0.00000000	      0.00000000	      0.00000000
      0.54900000	     -0.06254887	      0.00000000	     -0.00000000	     -0.05742683	      0.03562495	      0.04310510	     -0.00000000	      0.00000000	      0.00000000
      0.55000000	     -0.03878557	     -0.00000000	     -0.00000000	     -0.05044114	      0.02639510	      0.02976722	     -0.00000000	     -0.00000000	     -0.00000000
      0.55100000	     -0.05856472	      0.00000000	      0.00000000	     -0.06565662	      0.03767221	      0.03783388	     -0.00000000	     -0.00000000	      0.00000000
      0.55200000	     -0.04091361	      0.00000000	      0.00000000	     -0.06957297	      0.03277312	      0.02712592	      0.00000000	      0.00000000	      0.00000000
      0.55300000	     -0.05732612	     -0.00000000	      0.00000000	     -0.05958041	      0.03720394	      0.03618458	      0.00000000	      0.00000000	      0.00000000
      0.55400000	     -0.05825350	     -0.00000000	      0.00000000	     -0.06364700	      0.03317941	      0.04050248	     -0.00000000	     -0.00000000	      0.00000000
      0.55500000	     -0.05491974	      0.00000000	      0.00000000	     -0.04375868	      0.03050552	      0.04206419	     -0.00000000	      0.00000000	     -0.00000000
      0.55600000	     -0.06509391	     -0.00000000	     -0.00000000	     -0.05702701	      0.03704059	      0.04414769	      0.00000000	      0.00000000	     -0.00000000
      0.55700000	     -0.05837680	      0.00000000	      0.00000000	     -0.05163507	      0.03118798	      0.04432187	      0.00000000	     -0.00000000	     -0.00000000
      0.55800000	     -0.04565460	     -0.00000000	      0.00000000	     -0.06953247	      0.03445970	      0.02999807	      0.00000000	     -0.00000000	      0.00000000
      0.55900000	     -0.03806236	     -0.00000000	      0.00000000	     -0.05532477	      0.02839262	      0.02786141	      0.00000000	      0.00000000	     -0.00000000
      0.56000000	     -0.03165498	     -0.00000000	     -0.00000000	     -0.03775254	      0.02644330	      0.02493394	     -0.00000000	      0.00000000	     -0.00000000
      0.56100000	     -0.04486963	      0.00000000	     -0.00000000	     -0.05902818	      0.03069760	      0.03067009	     -0.00000000	     -0.00000000	     -0.00000000
      0.56200000	     -0.06521118	     -0.00000000	     -0.00000000	     -0.05402931	      0.03590605	      0.04678936	      0.00000000	     -0.00000000	     -0.00000000
      0.56300000	     -0.06485391	      0.00000000	      0.00000000	     -0.06292133	      0.03735218	      0.04325617	      0.00000000	      0.00000000	      0.00000000
      0.56400000	     -0.04139447	     -0.00000000	      0.00000000	     -0.04090770	      0.02728407	      0.03171660	     -0.00000000	     -0.00000000	      0.00000000
      0.56500000	     -0.06073954	      0.00000000	     -0.00000000	     -0.05682108	      0.03307991	      0.04425597	     -0.00000000	      0.00000000	      0.00000000
      0.56600000	     -0.04027617	     -0.00000000	      0.00000000	     -0.05379444	      0.03332983	      0.02566162	      0.00000000	      0.00000000	      0.00000000
      0.56700000	     -0.05280864	      0.00000000	     -0.00000000	     -0.06316017	      0.03155315	      0.03664451	      0.00000000	      0.00000000	     -0.00000000
      0.56800000	     -0.04289381	      0.00000000	     -0.00000000	     -0.04737579	      0.03028835	      0.02987512	     -0.00000000	     -0.00000000	      0.00000000
      0.56900000	     -0.05812631	     -0.00000000	      0.00000000	     -0.05407161	      0.03395070	      0.03920042	      0.00000000	      0.00000000	     -0.00000000
      0.57000000	     -0.05091271	     -0.00000000	      0.00000000	     -0.03641436	      0.02791747	      0.04123966	     -0.00000000	      0.00000000	     -0.00000000
      0.57100000	     -0.05231187	     -0.00000000	      0.00000000	     -0.06410279	      0.03565185	      0.03286710	      0.00000000	      0.00000000	     -0.00000000
      0.57200000	     -0.05187607	     -0.00000000	      0.00000000	     -0.05563661	      0.02890148	      0.03855987	      0.00000000	      0.00000000	      0.00000000
      0.57300000	     -0.05437828	      0.00000000	     -0.00000000	     -0.06865085	      0.03529123	      0.03454924	      0.00000000	     -0.00000000	      0.00000000
      0.57400000	     -0.06220590	     -0.00000000	      0.00000000	     -0.06228433	      0.03727564	      0.04146084	     -0.00000000	     -0.00000000	     -0.00000000
      0.57500000	     -0.05804783	      0.00000000	      0.00000000	     -0.05880230	      0.03499015	      0.03932566	      0.00000000	      0.00000000	     -0.00000000
      0.57600000	     -0.05143044	      0.00000000	      0.00000000	     -0.06036868	      0.03118539	      0.03563631	     -0.00000000	     -0.00000000	     -0.00000000
      0.57700000	     -0.06157413	     -0.00000000	      0.00000000	     -0.05490291	      0.03325637	      0.04556589	      0.00000000	      0.00000000	      0.00000000
      0.57800000	     -0.03334711	     -0.00000000	      0.00000000	     -0.06472019	      0.03005475	      0.02338269	      0.00000000	     -0.00000000	      0.00000000
      0.57900000	     -0.05254958	     -0.00000000	     -0.00000000	     -0.05737952	      0.03273122	      0.03606605	     -0.00000000	      0.00000000	      0.00000000
      0.58000000	     -0.06273247	      0.00000000	      0.00000000	     -0.05550203	      0.03601304	      0.04286398	     -0.00000000	     -0.00000000	      0.00000000
      0.58100000	     -0.05771403	      0.00000000	      0.00000000	     -0.04113890	      0.03191047	      0.04358924	      0.00000000	      0.00000000	     -0.00000000
      0.58200000	     -0.04989769	     -0.00000000	     -0.00000000	     -0.04893552	      0.02873955	      0.03789017	     -0.00000000	     -0.00000000	     -0.00000000
      0.58300000	     -0.03629655	      0.00000000	      0.00000000	     -0.06733768	      0.03150313	      0.02451133	      0.00000000	     -0.00000000	      0.00000000
      0.58400000	     -0.06475336	     -0.00000000	     -0.00000000	     -0.05143860	      0.03645181	      0.04466121	     -0.00000000	     -0.00000000	     -0.00000000
      0.58500000	     -0.06735718	     -0.00000000	      0.00000000	     -0.05267068	      0.03846297	      0.04682375	      0.00000000	      0.00000000	      0.00000000
      0.58600000	     -0.05859345	     -0.00000000	      0.00000000	     -0.05542484	      0.03314014	      0.04174827	      0.00000000	     -0.00000000	      0.00000000
      0.58700000	     -0.04518235	      0.00000000	     -0.00000000	     -0.05144289	      0.02678555	      0.03477733	      0.00000000	      0.00000000	     -0.00000000
      0.58800000	     -0.04314971	     -0.00000000	      0.00000000	     -0.05427889	      0.02876487	      0.03153043	     -0.00000000	      0.00000000	      0.00000000
      0.58900000	     -0.04831661	     -0.00000000	      0.00000000	     -0.06403027	      0.03558491	      0.03073411	      0.00000000	      0.00000000	      0.00000000
      0.59000000	     -0.04771421	     -0.00000000	      0.00000000	     -0.06164438	      0.03694750	      0.02873965	      0.00000000	      0.00000000	     -0.00000000
      0.59100000	     -0.03761499	     -0.00000000	     -0.00000000	     -0.04215976	      0.02676822	      0.02908290	      0.00000000	      0.00000000	      0.00000000
      0.59200000	     -0.04945773	      0.00000000	      0.00000000	     -0.06056716	      0.03629982	      0.02971381	      0.00000000	      0.00000000	      0.00000000
      0.59300000	     -0.05574524	     -0.00000000	      0.00000000	     -0.05704292	      0.03031952	      0.04076828	     -0.00000000	     -0.00000000	      0.00000000
      0.59400000	     -0.05457596	     -0.00000000	      0.00000000	     -0.06766535	      0.03734911	      0.03395644	      0.00000000	      0.00000000	     -0.00000000
      0.59500000	     -0.05832678	      0.00000000	      0.00000000	     -0.06602909	      0.03563068	      0.03901523	      0.00000000	      0.00000000	      0.00000000
      0.59600000	     -0.06416212	      0.00000000	      0.00000000	     -0.06244490	      0.03684894	      0.04331300	      0.00000000	     -0.00000000	     -0.00000000
      0.59700000	     -0.04319028	      0.00000000	      0.00000000	     -0.03952305	      0.02780229	      0.03256424	      0.00000000	     -0.00000000	      0.00000000
      0.59800000	     -0.04976815	     -0.00000000	      0.00000000	     -0.06229674	      0.03348144	      0.03198623	      0.00000000	      0.00000000	     -0.00000000
      0.59900000	     -0.04174076	     -0.00000000	      0.00000000	     -0.06893004	      0.03290080	      0.02635087	      0.00000000	      0.00000000	     -0.00000000
      0.60000000	     -0.05901294	     -0.00000000	     -0.00000000	     -0.05448331	      0.03460725	      0.03963627	     -0.00000000	     -0.00000000	      0.00000000
      0.60100000	     -0.03296033	     -0.00000000	     -0.00000000	     -0.04212243	      0.02833015	      0.02289978	     -0.00000000	     -0.00000000	      0.00000000
      0.60200000	     -0.06700624	     -0.00000000	      0.00000000	     -0.05260991	      0.03848641	      0.04507244	      0.00000000	      0.00000000	      0.00000000
      0.60300000	     -0.06138982	      0.00000000	      0.00000000	     -0.06511629	      0.03787481	      0.03901459	     -0.00000000	     -0.00000000	      0.00000000
      0.60400000	     -0.05821176	      0.00000000	      0.00000000	     -0.06157143	      0.03493918	      0.03949045	      0.00000000	     -0.00000000	      0.00000000
      0.60500000	     -0.04038000	      0.00000000	      0.00000000	     -0.04819307	      0.02663402	      0.03110968	     -0.00000000	     -0.00000000	      0.00000000
      0.60600000	     -0.04093452	     -0.00000000	     -0.00000000	     -0.07031562	      0.03445671	      0.02681765	      0.00000000	      0.00000000	     -0.00000000
      0.60700000	     -0.05011106	     -0.00000000	      0.00000000	     -0.06200040	      0.03022919	      0.03559982	     -0.00000000	      0.00000000	     -0.00000000
      0.60800000	     -0.05767826	      0.00000000	     -0.00000000	     -0.05406815	      0.03587126	      0.03757364	     -0.00000000	     -0.00000000	      0.00000000
      0.60900000	     -0.05626707	      0.00000000	     -0.00000000	     -0.05605345	      0.03107369	      0.04132098	     -0.00000000	     -0.00000000	      0.00000000
      0.61000000	     -0.06037353	      0.00000000	      0.00000000	     -0.05134523	      0.03405619	      0.04256459	      0.00000000	      0.00000000	      0.00000000
      0.61100000	     -0.05745497	      0.00000000	      0.00000000	     -0.06264505	      0.03309393	      0.04015604	     -0.00000000	      0.00000000	     -0.00000000
      0.61200000	     -0.04462133	      0.00000000	      0.00000000	     -0.04935960	      0.03090549	      0.03050598	     -0.00000000	     -0.00000000	      0.00000000
      0.61300000	     -0.04277776	      0.00000000	      0.00000000	     -0.04132722	      0.02916672	      0.03077327	     -0.00000000	      0.00000000	     -0.00000000
      0.61400000	     -0.06009178	      0.00000000	     -0.00000000	     -0.05710649	      0.03435120	      0.04173862	      0.00000000	     -0.00000000	      0.00000000
      0.61500000	     -0.05722634	      0.00000000	     -0.00000000	     -0.05858011	      0.03728625	      0.03501057	     -0.00000000	      0.00000000	     -0.00000000
      0.61600000	     -0.05595590	      0.00000000	     -0.00000000	     -0.06779003	      0.03601006	      0.03510108	     -0.00000000	     -0.00000000	      0.00000000
      0.61700000	     -0.06736273	      0.00000000	     -0.00000000	     -0.04864480	      0.03876315	      0.04618482	      0.00000000	     -0.00000000	      0.00000000
      0.61800000	     -0.05503378	      0.00000000	      0.00000000	     -0.04667606	      0.03160538	      0.04045129	      0.00000000	      0.00000000	     -0.00000000
      0.61900000	     -0.06523585	     -0.00000000	      0.00000000	     -0.05274050	      0.03607410	      0.04639003	     -0.00000000	      0.00000000	     -0.00000000
      0.62000000	     -0.04095805	     -0.00000000	     -0.00000000	     -0.06297861	      0.03243104	      0.02716303	     -0.00000000	     -0.00000000	     -0.00000000
      0.62100000	     -0.03628636	     -0.00000000	      0.00000000	     -0.04636130	      0.02780146	      0.02659594	     -0.00000000	     -0.00000000	     -0.00000000
      0.62200000	     -0.05239545	     -0.00000000	      0.00000000	     -0.06805580	      0.03544626	      0.03337742	     -0.00000000	      0.00000000	      0.00000000
      0.62300000	     -0.06060882	     -0.00000000	      0.00000000	     -0.05978508	      0.03298368	      0.04271963	      0.00000000	      0.00000000	      0.00000000
      0.62400000	     -0.03018844	     -0.00000000	     -0.00000000	     -0.04388459	      0.02741740	      0.02203305	      0.00000000	      0.00000000	     -0.00000000
      0.62500000	     -0.03448950	     -0.00000000	     -0.00000000	     -0.03908760	      0.02620446	      0.02679388	     -0.00000000	      0.00000000	     -0.00000000
      0.62600000	     -0.04349634	     -0.00000000	      0.00000000	     -0.06551667	      0.03242754	      0.02939021	      0.00000000	      0.00000000	      0.00000000
      0.62700000	     -0.06306567	     -0.00000000	     -0.00000000	     -0.05760172	      0.03771760	      0.04117972	      0.00000000	     -0.00000000	     -0.00000000
      0.62800000	     -0.05110309	      0.00000000	     -0.00000000	     -0.04330031	      0.02844379	      0.03977721	     -0.00000000	     -0.00000000	     -0.00000000
      0.62900000	     -0.04610405	     -0.00000000	      0.00000000	     -0.05815839	      0.02834375	      0.03277984	     -0.00000000	     -0.00000000	      0.00000000
      0.63000000	     -0.05529655	      0.00000000	      0.00000000	     -0.05034869	      0.03118061	      0.04100223	      0.00000000	      0.00000000	      0.00000000
      0.63100000	     -0.06028746	     -0.00000000	     -0.00000000	     -0.05475539	      0.03676512	      0.03843216	     -0.00000000	     -0.00000000	     -0.00000000
      0.63200000	     -0.03676030	      0.00000000	     -0.00000000	     -0.02943543	      0.02626025	      0.02658207	     -0.00000000	     -0.00000000	      0.00000000
      0.63300000	     -0.06676346	      0.00000000	      0.00000000	     -0.06092345	      0.03857210	      0.04539893	      0.00000000	      0.00000000	      0.00000000
      0.63400000	     -0.03916218	     -0.00000000	     -0.00000000	     -0.06523992	      0.03250735	      0.02656049	      0.00000000	      0.00000000	      0.00000000
      0.63500000	     -0.06059213	      0.00000000	      0.00000000	     -0.05640189	      0.03272487	      0.04388093	      0.00000000	      0.00000000	      0.00000000
      0.63600000	     -0.04376076	     -0.00000000	      0.00000000	     -0.05019465	      0.02824224	      0.03177381	      0.00000000	     -0.00000000	      0.00000000
      0.63700000	     -0.06728461	      0.00000000	      0.00000000	     -0.05133218	      0.03921098	      0.04465817	      0.00000000	      0.00000000	      0.00000000
      0.63800000	     -0.04483528	      0.00000000	      0.00000000	     -0.07221630	      0.03610402	      0.02869078	      0.00000000	      0.00000000	      0.00000000
      0.63900000	     -0.04234438	      0.00000000	     -0.00000000	     -0.03571695	      0.02719801	      0.03230064	     -0.00000000	     -0.00000000	      0.00000000
      0.64000000	     -0.06258448	     -0.00000000	     -0.00000000	     -0.05837156	      0.03551574	      0.04344742	     -0.00000000	      0.00000000	     -0.00000000
      0.64100000	     -0.05306041	      0.00000000	      0.00000000	     -0.05686428	      0.03223613	      0.03620471	      0.00000000	     -0.00000000	     -0.00000000
      0.64200000	     -0.05340224	     -0.00000000	      0.00000000	     -0.04537357	      0.03069108	      0.03968760	      0.00000000	      0.00000000	     -0.00000000
      0.64300000	     -0.04604294	     -0.00000000	     -0.00000000	     -0.06639224	      0.03431949	      0.03011291	      0.00000000	      0.00000000	     -0.00000000
      0.64400000	     -0.04965790	     -0.00000000	      0.00000000	     -0.06263733	      0.03339929	      0.03342583	     -0.00000000	     -0.00000000	      0.00000000
      0.64500000	     -0.05018447	     -0.00000000	      0.00000000	     -0.04704932	      0.02932291	      0.03629373	      0.00000000	      0.00000000	     -0.00000000
      0.64600000	     -0.03681200	     -0.00000000	     -0.00000000	     -0.04995499	      0.03001297	      0.02511210	      0.00000000	      0.00000000	     -0.00000000
      0.64700000	     -0.03973118	      0.00000000	      0.00000000	     -0.05392015	      0.03339254	      0.02487931	     -0.00000000	     -0.00000000	     -0.00000000
      0.64800000	     -0.03503679	      0.00000000	     -0.00000000	     -0.04729654	      0.03108879	      0.02213367	     -0.00000000	      0.00000000	     -0.00000000
      0.64900000	     -0.05046756	     -0.00000000	      0.00000000	     -0.06944092	      0.03494373	      0.03129352	      0.00000000	      0.00000000	     -0.00000000
      0.65000000	     -0.06060115	      0.00000000	      0.00000000	     -0.06007997	      0.03608551	      0.03957355	      0.00000000	      0.00000000	      0.00000000
      0.65100000	     -0.03698132	     -0.00000000	     -0.00000000	     -0.06880282	      0.03468103	      0.02352147	      0.00000000	     -0.00000000	     -0.00000000
      0.65200000	     -0.04611607	     -0.00000000	      0.00000000	     -0.06489472	      0.03648963	      0.02624952	      0.00000000	     -0.00000000	      0.00000000
      0.65300000	     -0.03395251	     -0.00000000	     -0.00000000	     -0.05399908	      0.02730886	      0.02564030	     -0.00000000	     -0.00000000	      0.00000000
      0.65400000	     -0.03771650	     -0.00000000	      0.00000000	     -0.06102447	      0.03296318	      0.02495363	      0.00000000	     -0.00000000	      0.00000000
      0.65500000	     -0.05521549	     -0.00000000	     -0.00000000	     -0.04936612	      0.03383962	      0.03757704	      0.00000000	     -0.00000000	      0.00000000
      0.65600000	     -0.04296579	     -0.00000000	     -0.00000000	     -0.03676595	      0.02837481	      0.03165522	     -0.00000000	     -0.00000000	      0.00000000
      0.65700000	     -0.04984492	      0.00000000	     -0.00000000	     -0.05107574	      0.02968743	      0.03562582	     -0.00000000	     -0.00000000	     -0.00000000
      0.65800000	     -0.04637547	     -0.00000000	      0.00000000	     -0.04290776	      0.02638078	      0.03709169	     -0.00000000	      0.00000000	     -0.00000000
      0.65900000	     -0.05556486	      0.00000000	     -0.00000000	     -0.04642142	      0.03209736	      0.03881799	     -0.00000000	     -0.00000000	     -0.00000000
      0.66000000	     -0.03909682	      0.00000000	      0.00000000	     -0.04393159	      0.03045945	      0.02504654	      0.00000000	      0.00000000	      0.00000000
      0.66100000	     -0.05083248	      0.00000000	     -0.00000000	     -0.06769282	      0.03621001	      0.03126421	     -0.00000000	     -0.00000000	     -0.00000000
      0.66200000	     -0.03507510	     -0.00000000	     -0.00000000	     -0.06865760	      0.03389031	      0.02329277	      0.00000000	     -0.00000000	     -0.00000000
      0.66300000	     -0.05565988	     -0.00000000	      0.00000000	     -0.05061361	      0.03003039	      0.04235641	      0.00000000	      0.00000000	      0.00000000
      0.66400000	     -0.04209280	      0.00000000	      0.00000000	     -0.03707958	      0.02945805	      0.02932301	      0.00000000	      0.00000000	      0.00000000
      0.66500000	     -0.06492678	      0.00000000	     -0.00000000	     -0.05242135	      0.03717162	      0.04391826	     -0.00000000	     -0.00000000	      0.00000000
      0.66600000	     -0.05645639	      0.00000000	      0.00000000	     -0.06598985	      0.03621599	      0.03501734	     -0.00000000	     -0.00000000	      0.00000000
      0.66700000	     -0.06412129	      0.00000000	     -0.00000000	     -0.05994689	      0.03592501	      0.04371281	      0.00000000	     -0.00000000	      0.00000000
      0.66800000	     -0.06377365	     -0.00000000	     -0.00000000	     -0.05095706	      0.03572363	      0.04545012	      0.00000000	     -0.00000000	     -0.00000000
      0.66900000	     -0.04726824	      0.00000000	      0.00000000	     -0.04868260	      0.02703873	      0.03617982	     -0.00000000	     -0.00000000	      0.00000000
      0.67000000	     -0.05178520	      0.00000000	     -0.00000000	     -0.05298786	      0.03191848	      0.03587014	     -0.00000000	     -0.00000000	      0.00000000
      0.67100000	     -0.04451473	     -0.00000000	      0.00000000	     -0.04653175	      0.03023146	      0.03139446	      0.00000000	      0.00000000	     -0.00000000
      0.67200000	     -0.05567587	     -0.00000000	     -0.00000000	     -0.06259290	      0.03250991	      0.03784339	     -0.00000000	     -0.00000000	     -0.00000000
      0.67300000	     -0.04801425	      0.00000000	     -0.00000000	     -0.06706367	      0.03696509	      0.02868921	      0.00000000	      0.00000000	     -0.00000000
      0.67400000	     -0.06448243	      0.00000000	     -0.00000000	     -0.05049060	      0.03753534	      0.04334755	     -0.00000000	     -0.00000000	      0.00000000
      0.67500000	     -0.05096464	      0.00000000	      0.00000000	     -0.06547802	      0.03255676	      0.03449740	     -0.00000000	     -0.00000000	      0.00000000
      0.67600000	     -0.06124186	      0.00000000	     -0.00000000	     -0.05881940	      0.03462573	      0.04292411	     -0.00000000	     -0.00000000	     -0.00000000
      0.67700000	     -0.04801897	     -0.00000000	     -0.00000000	     -0.06694366	      0.03715311	      0.02898061	     -0.00000000	      0.00000000	     -0.00000000
      0.67800000	     -0.04360336	      0.00000000	      0.00000000	     -0.04127217	      0.02994977	      0.02862639	      0.00000000	      0.00000000	      0.00000000
      0.67900000	     -0.03939787	      0.00000000	     -0.00000000	     -0.06897158	      0.03419029	      0.02554274	     -0.00000000	     -0.00000000	     -0.00000000
      0.68000000	     -0.04601224	      0.00000000	     -0.00000000	     -0.04226589	      0.02925017	      0.03353950	      0.00000000	      0.00000000	     -0.00000000
      0.68100000	     -0.06270338	     -0.00000000	      0.00000000	     -0.05564104	      0.03747164	      0.03936134	      0.00000000	      0.00000000	     -0.00000000
      0.68200000	     -0.06451381	     -0.00000000	      0.00000000	     -0.06057414	      0.03796356	      0.04274497	     -0.00000000	      0.00000000	     -0.00000000
      0.68300000	     -0.05118192	      0.00000000	     -0.00000000	     -0.05696830	      0.02885639	      0.03770604	      0.00000000	     -0.00000000	      0.00000000
      0.68400000	     -0.06183530	     -0.00000000	     -0.00000000	     -0.04883378	      0.03472897	      0.04442187	      0.00000000	      0.00000000	      0.00000000
      0.68500000	     -0.04905449	      0.00000000	     -0.00000000	     -0.06890502	      0.03473782	      0.03216117	      0.00000000	      0.00000000	      0.00000000
      0.68600000	     -0.06387866	      0.00000000	      0.00000000	     -0.05448229	      0.03557425	      0.04550877	      0.00000000	     -0.00000000	      0.00000000
      0.68700000	     -0.03540636	      0.00000000	      0.00000000	     -0.04507816	      0.03242435	      0.02211072	      0.00000000	     -0.00000000	      0.00000000
      0.68800000	     -0.03900774	      0.00000000	     -0.00000000	     -0.05605900	      0.03019853	      0.02681744	     -0.00000000	     -0.00000000	     -0.00000000
      0.68900000	     -0.04428659	      0.00000000	     -0.00000000	     -0.05267472	      0.02731672	      0.03237226	     -0.00000000	     -0.00000000	     -0.00000000
      0.69000000	     -0.04905297	     -0.00000000	      0.00000000	     -0.04571025	      0.03156995	      0.03192260	      0.00000000	      0.00000000	     -0.00000000
      0.69100000	     -0.02679398	      0.00000000	      0.00000000	     -0.04634590	      0.02694131	      0.01979280	      0.00000000	      0.00000000	     -0.00000000
      0.69200000	     -0.05071355	      0.00000000	     -0.00000000	     -0.05465662	      0.02894978	      0.03691422	     -0.00000000	     -0.00000000	     -0.00000000
      0.69300000	     -0.05709682	     -0.00000000	      0.00000000	     -0.05950544	      0.03590592	      0.03554465	     -0.00000000	     -0.00000000	     -0.00000000
      0.69400000	     -0.06580689	     -0.00000000	      0.00000000	     -0.05034951	      0.03824971	      0.04327019	     -0.00000000	     -0.00000000	     -0.00000000
      0.69500000	     -0.03314295	     -0.00000000	      0.00000000	     -0.04566818	      0.02914930	      0.02274456	      0.00000000	      0.00000000	     -0.00000000
      0.69600000	     -0.05369316	     -0.00000000	     -0.00000000	     -0.05238817	      0.03251188	      0.03757792	     -0.00000000	      0.00000000	      0.00000000
      0.69700000	     -0.04764170	     -0.00000000	      0.00000000	     -0.06438201	      0.03535841	      0.02997411	     -0.00000000	      0.00000000	     -0.00000000
      0.69800000	     -0.03342328	      0.00000000	     -0.00000000	     -0.02937504	      0.02683208	      0.02443146	     -0.00000000	      0.00000000	      0.00000000
      0.69900000	     -0.05403362	     -0.00000000	      0.00000000	     -0.05641203	      0.03193677	      0.03752511	      0.00000000	     -0.00000000	     -0.00000000
      0.70000000	     -0.05362947	     -0.00000000	      0.00000000	     -0.05849689	      0.03524493	      0.03306329	      0.00000000	      0.00000000	      0.00000000
      0.70100000	     -0.04245878	      0.00000000	      0.00000000	     -0.04920615	      0.03059373	      0.02924366	      0.00000000	      0.00000000	      0.00000000
      0.70200000	     -0.04891459	      0.00000000	      0.00000000	     -0.05885569	      0.03352762	      0.03086774	      0.00000000	      0.00000000	      0.00000000
      0.70300000	     -0.06121106	      0.00000000	      0.00000000	     -0.04889640	      0.03439548	      0.04373023	      0.00000000	     -0.00000000	     -0.00000000
      0.70400000	     -0.04332271	     -0.00000000	     -0.00000000	     -0.05320302	      0.02641267	      0.03239574	      0.00000000	     -0.00000000	     -0.00000000
      0.70500000	     -0.04575474	     -0.00000000	     -0.00000000	     -0.06080438	      0.03566343	      0.02725845	      0.00000000	     -0.00000000	     -0.00000000
      0.70600000	     -0.06236048	      0.00000000	      0.00000000	     -0.05577761	      0.03438883	      0.04395063	      0.00000000	      0.00000000	     -0.00000000
      0.70700000	     -0.05637191	      0.00000000	     -0.00000000	     -0.05940946	      0.03290802	      0.03943884	      0.00000000	      0.00000000	      0.00000000
      0.70800000	     -0.03892390	     -0.00000000	      0.00000000	     -0.04390037	      0.02838913	      0.02869557	      0.00000000	      0.00000000	     -0.00000000
      0.70900000	     -0.03968160	      0.00000000	     -0.00000000	     -0.05891695	      0.03669552	      0.02121170	     -0.00000000	      0.00000000	     -0.00000000
      0.71000000	     -0.03149628	      0.00000000	      0.00000000	     -0.04242549	      0.02673645	      0.02359290	     -0.00000000	      0.00000000	      0.00000000
      0.71100000	     -0.03518960	      0.00000000	     -0.00000000	     -0.06180215	      0.03156909	      0.02182746	     -0.00000000	     -0.00000000	      0.00000000
      0.71200000	     -0.06026043	     -0.00000000	     -0.00000000	     -0.04883858	      0.03476524	      0.04118850	      0.00000000	     -0.00000000	      0.00000000
      0.71300000	     -0.05867961	     -0.00000000	     -0.00000000	     -0.05916875	      0.03242672	      0.04210383	      0.00000000	      0.00000000	     -0.00000000
      0.71400000	     -0.06406860	     -0.00000000	      0.00000000	     -0.05374783	      0.03845622	      0.03973775	     -0.00000000	      0.00000000	      0.00000000
      0.71500000	     -0.06290718	      0.00000000	      0.00000000	     -0.05345176	      0.03657591	      0.04078723	      0.00000000	      0.00000000	      0.00000000
      0.71600000	     -0.03568046	     -0.00000000	     -0.00000000	     -0.06927757	      0.03625611	      0.02024236	     -0.00000000	     -0.00000000	      0.00000000
      0.71700000	     -0.05035599	     -0.00000000	      0.00000000	     -0.06218718	      0.03461502	      0.03283872	      0.00000000	     -0.00000000	     -0.00000000
      0.71800000	     -0.05057657	      0.00000000	      0.00000000	     -0.05420756	      0.02793747	      0.03814235	     -0.00000000	      0.00000000	      0.00000000
      0.71900000	     -0.04688972	     -0.00000000	      0.00000000	     -0.03659653	      0.02957230	      0.03215316	      0.00000000	      0.00000000	      0.00000000
      0.72000000	     -0.05724092	     -0.00000000	     -0.00000000	     -0.05847703	      0.03600710	      0.03649019	      0.00000000	     -0.00000000	      0.00000000
      0.72100000	     -0.05755291	     -0.00000000	     -0.00000000	     -0.06089307	      0.03458844	      0.03875220	     -0.00000000	     -0.00000000	      0.00000000
      0.72200000	     -0.05563463	     -0.00000000	     -0.00000000	     -0.05699802	      0.03653763	      0.03317467	      0.00000000	     -0.00000000	     -0.00000000
      0.72300000	     -0.03066778	     -0.00000000	     -0.00000000	     -0.04868368	      0.02772163	      0.02312020	      0.00000000	     -0.00000000	      0.00000000
      0.72400000	     -0.03897682	     -0.00000000	     -0.00000000	     -0.04772578	      0.02942104	      0.02743333	     -0.00000000	     -0.00000000	      0.00000000
      0.72500000	     -0.04756541	     -0.00000000	      0.00000000	     -0.04219083	      0.03072316	      0.03352284	      0.00000000	      0.00000000	      0.00000000
      0.72600000	     -0.03866435	     -0.00000000	     -0.00000000	     -0.03573082	      0.02645149	      0.03005272	      0.00000000	      0.00000000	     -0.00000000
      0.72700000	     -0.05482295	     -0.00000000	      0.00000000	     -0.06146454	      0.03421152	      0.03669344	     -0.00000000	      0.00000000	      0.00000000
      0.72800000	     -0.04295745	     -0.00000000	      0.00000000	     -0.06193080	      0.03694902	      0.02259076	      0.00000000	      0.00000000	     -0.00000000
      0.72900000	     -0.03597655	     -0.00000000	     -0.00000000	     -0.04908949	      0.03249288	      0.02127030	     -0.00000000	     -0.00000000	      0.00000000
      0.73000000	     -0.06078819	     -0.00000000	     -0.00000000	     -0.06316600	      0.03629394	      0.04030997	     -0.00000000	      0.00000000	      0.00000000
      0.73100000	     -0.05249221	      0.00000000	      0.00000000	     -0.05935368	      0.03354574	      0.03429305	      0.00000000	      0.00000000	     -0.00000000
      0.73200000	     -0.03911916	     -0.00000000	     -0.00000000	     -0.04001077	      0.02724126	      0.02874865	      0.00000000	      0.00000000	      0.00000000
      0.73300000	     -0.06184025	     -0.00000000	      0.00000000	     -0.05664576	      0.03614298	      0.04178599	     -0.00000000	     -0.00000000	     -0.00000000
      0.73400000	     -0.06293794	     -0.00000000	     -0.00000000	     -0.04486097	      0.03627430	      0.04302504	      0.00000000	     -0.00000000	     -0.00000000
      0.73500000	     -0.04545930	     -0.00000000	     -0.00000000	     -0.06238751	      0.03136959	      0.02958957	     -0.00000000	      0.00000000	      0.00000000
      0.73600000	     -0.05184897	      0.00000000	     -0.00000000	     -0.06076132	      0.03107764	      0.03546692	     -0.00000000	      0.00000000	      0.00000000
      0.73700000	     -0.04224481	      0.00000000	      0.00000000	     -0.06152233	      0.03221793	      0.02675811	      0.00000000	      0.00000000	      0.00000000
      0.73800000	     -0.03933386	     -0.00000000	      0.00000000	     -0.06047078	      0.03552574	      0.02161526	     -0.00000000	      0.00000000	      0.00000000
      0.73900000	     -0.06253809	      0.00000000	      0.00000000	     -0.05296666	      0.03803175	      0.03790464	      0.00000000	     -0.00000000	     -0.00000000
      0.74000000	     -0.05904932	      0.00000000	     -0.00000000	     -0.05044017	      0.03594881	      0.03835802	     -0.00000000	     -0.00000000	      0.00000000
      0.74100000	     -0.06293972	      0.00000000	      0.00000000	     -0.05666716	      0.03748722	      0.04120467	      0.00000000	     -0.00000000	     -0.00000000
      0.74200000	     -0.03353162	     -0.00000000	     -0.00000000	     -0.04633867	      0.02874913	      0.02454912	     -0.00000000	     -0.00000000	      0.00000000
      0.74300000	     -0.02849575	      0.00000000	     -0.00000000	     -0.04846437	      0.02939737	      0.02001182	      0.00000000	      0.00000000	      0.00000000
      0.74400000	     -0.04944623	     -0.00000000	     -0.00000000	     -0.04700589	      0.02764606	      0.03795912	     -0.00000000	     -0.00000000	      0.00000000
      0.74500000	     -0.03384348	     -0.00000000	     -0.00000000	     -0.03317080	      0.02758426	      0.02454044	      0.00000000	     -0.00000000	      0.00000000
      0.74600000	     -0.04424281	     -0.00000000	      0.00000000	     -0.05284355	      0.03106074	      0.02936318	      0.00000000	      0.00000000	     -0.00000000
      0.74700000	     -0.04542397	      0.00000000	     -0.00000000	     -0.03599614	      0.02876151	      0.03141820	     -0.00000000	      0.00000000	     -0.00000000
      0.74800000	     -0.06532611	      0.00000000	     -0.00000000	     -0.06135076	      0.03781383	      0.04389272	     -0.00000000	     -0.00000000	     -0.00000000
      0.74900000	     -0.04319123	     -0.00000000	      0.00000000	     -0.05255745	      0.03188645	      0.02769399	      0.00000000	     -0.00000000	      0.00000000
      0.75000000	     -0.05712792	      0.00000000	     -0.00000000	     -0.05403596	      0.03125528	      0.04212634	      0.00000000	      0.00000000	      0.00000000
      0.75100000	     -0.05799054	     -0.00000000	     -0.00000000	     -0.05080988	      0.03193688	      0.04281230	     -0.00000000	     -0.00000000	     -0.00000000
      0.75200000	     -0.03967388	     -0.00000000	      0.00000000	     -0.03140396	      0.02653767	      0.02883152	      0.00000000	      0.00000000	      0.00000000
      0.75300000	     -0.02690758	     -0.00000000	     -0.00000000	     -0.02338574	      0.02714165	      0.01942568	     -0.00000000	     -0.00000000	     -0.00000000
      0.75400000	     -0.06107113	     -0.00000000	     -0.00000000	     -0.04789242	      0.03563421	      0.04041891	     -0.00000000	      0.00000000	     -0.00000000
      0.75500000	     -0.06447680	      0.00000000	     -0.00000000	     -0.05343342	      0.03783946	      0.04135150	     -0.00000000	     -0.00000000	     -0.00000000
      0.75600000	     -0.05008250	      0.00000000	      0.00000000	     -0.06801476	      0.03511891	      0.03183703	      0.00000000	     -0.00000000	      0.00000000
      0.75700000	     -0.04789239	      0.00000000	      0.00000000	     -0.04743389	      0.02991396	      0.03456701	      0.00000000	     -0.00000000	      0.00000000
      0.75800000	     -0.05583820	     -0.00000000	      0.00000000	     -0.06718036	      0.03676687	      0.03469263	      0.00000000	      0.00000000	      0.00000000
      0.75900000	     -0.06324019	     -0.00000000	     -0.00000000	     -0.06288178	      0.03813316	      0.04169091	      0.00000000	     -0.00000000	      0.00000000
      0.76000000	     -0.06096334	     -0.00000000	      0.00000000	     -0.06485648	      0.03664904	      0.03967366	     -0.00000000	      0.00000000	     -0.00000000
      0.76100000	     -0.03852814	     -0.00000000	     -0.00000000	     -0.04080410	      0.02862944	      0.02584306	     -0.00000000	     -0.00000000	      0.00000000
      0.76200000	     -0.04918457	      0.00000000	      0.00000000	     -0.05539123	      0.03026911	      0.03528931	      0.00000000	      0.00000000	      0.00000000
      0.76300000	     -0.05419371	      0.00000000	     -0.00000000	     -0.04456825	      0.03261580	      0.03771427	     -0.00000000	      0.00000000	      0.00000000
      0.76400000	     -0.03719704	     -0.00000000	     -0.00000000	     -0.05312732	      0.03264398	      0.02161035	     -0.00000000	      0.00000000	     -0.00000000
      0.76500000	     -0.04577527	     -0.00000000	     -0.00000000	     -0.06152770	      0.03203118	      0.02903656	      0.00000000	      0.00000000	     -0.00000000
      0.76600000	     -0.05075096	     -0.00000000	      0.00000000	     -0.04946100	      0.02817556	      0.03854666	     -0.00000000	     -0.00000000	      0.00000000
      0.76700000	     -0.03857165	      0.00000000	     -0.00000000	     -0.05952439	      0.03680179	      0.02088497	     -0.00000000	     -0.00000000	      0.00000000
      0.76800000	     -0.03127899	      0.00000000	      0.00000000	     -0.03947812	      0.02829411	      0.02276589	      0.00000000	      0.00000000	      0.00000000
      0.76900000	     -0.04404544	     -0.00000000	      0.00000000	     -0.05757092	      0.03233098	      0.02899827	      0.00000000	     -0.00000000	      0.00000000
      0.77000000	     -0.05232707	      0.00000000	      0.00000000	     -0.03361236	      0.02963500	      0.04025578	     -0.00000000	      0.00000000	      0.00000000
      0.77100000	     -0.04097885	      0.00000000	     -0.00000000	     -0.04559336	      0.03087991	      0.02525292	     -0.00000000	      0.00000000	     -0.00000000
      0.77200000	     -0.04112969	     -0.00000000	     -0.00000000	     -0.05535963	      0.03387421	      0.02471232	     -0.00000000	     -0.00000000	     -0.00000000
      0.77300000	     -0.05159410	     -0.00000000	     -0.00000000	     -0.05660632	      0.03358038	      0.03401673	      0.00000000	     -0.00000000	     -0.00000000
      0.77400000	     -0.05990181	     -0.00000000	      0.00000000	     -0.05979109	      0.03593726	      0.03741351	      0.00000000	     -0.00000000	     -0.00000000
      0.77500000	     -0.04321347	      0.00000000	      0.00000000	     -0.06419768	      0.03427071	      0.02599606	      0.00000000	     -0.00000000	      0.00000000
      0.77600000	     -0.05839666	     -0.00000000	     -0.00000000	     -0.05212835	      0.03485511	      0.03922233	     -0.00000000	     -0.00000000	     -0.00000000
      0.77700000	     -0.03284852	      0.00000000	     -0.00000000	     -0.07284589	      0.03646409	      0.01985020	     -0.00000000	      0.00000000	      0.00000000
      0.77800000	     -0.05147625	     -0.00000000	      0.00000000	     -0.06044074	      0.03666806	      0.02992037	     -0.00000000	      0.00000000	     -0.00000000
      0.77900000	     -0.05556514	     -0.00000000	      0.00000000	     -0.03597728	      0.03199915	      0.04046531	      0.00000000	      0.00000000	     -0.00000000
      0.78000000	     -0.03855704	     -0.00000000	      0.00000000	     -0.05638906	      0.03065723	      0.02629153	     -0.00000000	      0.00000000	     -0.00000000
      0.78100000	     -0.06153605	      0.00000000	     -0.00000000	     -0.05576498	      0.03478774	      0.04123559	     -0.00000000	      0.00000000	      0.00000000
      0.78200000	     -0.04192650	      0.00000000	     -0.00000000	     -0.05471713	      0.03469732	      0.02325968	      0.00000000	     -0.00000000	      0.00000000
      0.78300000	     -0.03754450	     -0.00000000	      0.00000000	     -0.05341450	      0.03442031	      0.02156381	     -0.00000000	     -0.00000000	     -0.00000000
      0.78400000	     -0.05042911	      0.00000000	     -0.00000000	     -0.04202515	      0.02880333	      0.03724889	      0.00000000	     -0.00000000	     -0.00000000
      0.78500000	     -0.04555819	     -0.00000000	      0.00000000	     -0.05013663	      0.03141869	      0.03048720	     -0.00000000	     -0.00000000	     -0.00000000
      0.78600000	     -0.04518333	     -0.00000000	      0.00000000	     -0.04511160	      0.02740071	      0.03467830	     -0.00000000	      0.00000000	     -0.00000000
      0.78700000	     -0.05825223	     -0.00000000	     -0.00000000	     -0.05533814	      0.03805624	      0.03363524	      0.00000000	     -0.00000000	      0.00000000
      0.78800000	     -0.04883490	     -0.00000000	     -0.00000000	     -0.03389421	      0.02723798	      0.03918815	      0.00000000	      0.00000000	     -0.00000000
      0.78900000	     -0.06481345	     -0.00000000	     -0.00000000	     -0.06116969	      0.03713052	      0.04324726	     -0.00000000	     -0.00000000	      0.00000000
      0.79000000	     -0.02899097	      0.00000000	      0.00000000	     -0.04747748	      0.02754021	      0.02159795	      0.00000000	      0.00000000	      0.00000000
      0.79100000	     -0.03829211	      0.00000000	      0.00000000	     -0.05649945	      0.03056728	      0.02401377	      0.00000000	     -0.00000000	      0.00000000
      0.79200000	     -0.03974634	     -0.00000000	     -0.00000000	     -0.03442638	      0.02929612	      0.02769831	      0.00000000	      0.00000000	     -0.00000000
      0.79300000	     -0.05231753	      0.00000000	      0.00000000	     -0.05260296	      0.03031610	      0.03828520	      0.00000000	     -0.00000000	     -0.00000000
      0.79400000	     -0.04550957	      0.00000000	      0.00000000	     -0.06784477	      0.03662406	      0.02822453	     -0.00000000	     -0.00000000	      0.00000000
      0.79500000	     -0.05571772	      0.00000000	     -0.00000000	     -0.04450174	      0.03350618	      0.03810101	      0.00000000	      0.00000000	     -0.00000000
      0.79600000	     -0.05725461	      0.00000000	     -0.00000000	     -0.05253909	      0.03497046	      0.03574483	     -0.00000000	     -0.00000000	      0.00000000
      0.79700000	     -0.05037359	      0.00000000	      0.00000000	     -0.05692680	      0.03303340	      0.03167740	      0.00000000	      0.00000000	     -0.00000000
      0.79800000	     -0.03365337	      0.00000000	     -0.00000000	     -0.05204889	      0.03221951	      0.01925382	     -0.00000000	     -0.00000000	     -0.00000000
      0.79900000	     -0.04321490	      0.00000000	     -0.00000000	     -0.05334945	      0.02838960	      0.03138318	     -0.00000000	     -0.00000000	      0.00000000
      0.80000000	     -0.05657915	      0.00000000	      0.00000000	     -0.05926440	      0.03567880	      0.03523003	      0.00000000	     -0.00000000	      0.00000000
      0.80100000	     -0.05923447	     -0.00000000	      0.00000000	     -0.05907667	      0.03706874	      0.03662477	     -0.00000000	      0.00000000	      0.00000000
      0.80200000	     -0.05243651	     -0.00000000	      0.00000000	     -0.06839792	      0.03677721	      0.03213493	     -0.00000000	     -0.00000000	      0.00000000
      0.80300000	     -0.03812014	     -0.00000000	      0.00000000	     -0.03116722	      0.02780469	      0.02779029	      0.00000000	      0.00000000	     -0.00000000
      0.80400000	     -0.04858618	      0.00000000	      0.00000000	     -0.04611397	      0.02673393	      0.03678982	      0.00000000	     -0.00000000	      0.00000000
      0.80500000	     -0.03573916	     -0.00000000	      0.00000000	     -0.04322713	      0.02932265	      0.02455968	     -0.00000000	      0.00000000	     -0.00000000
      0.80600000	     -0.02852600	      0.00000000	      0.00000000	     -0.04455007	      0.03029270	      0.01819755	     -0.00000000	      0.00000000	      0.00000000
      0.80700000	     -0.06124564	      0.00000000	      0.00000000	     -0.05715207	      0.03816361	      0.03723565	      0.00000000	     -0.00000000	     -0.00000000
      0.80800000	     -0.04841932	      0.00000000	     -0.00000000	     -0.05945020	      0.03327539	      0.03161649	      0.00000000	      0.00000000	      0.00000000
      0.80900000	     -0.05271430	      0.00000000	      0.00000000	     -0.03820434	      0.03024676	      0.03737594	     -0.00000000	      0.00000000	      0.00000000
      0.81000000	     -0.06077729	     -0.00000000	      0.00000000	     -0.04705616	      0.03612041	      0.03946248	      0.00000000	     -0.00000000	     -0.00000000
      0.81100000	     -0.05657690	     -0.00000000	      0.00000000	     -0.06264015	      0.03534046	      0.03487753	      0.00000000	      0.00000000	      0.00000000
      0.81200000	     -0.03029065	     -0.00000000	      0.00000000	     -0.03869381	      0.02692901	      0.02118136	      0.00000000	     -0.00000000	      0.00000000
      0.81300000	     -0.03551876	      0.00000000	     -0.00000000	     -0.05856781	      0.03366356	      0.02024080	      0.00000000	      0.00000000	      0.00000000
      0.81400000	     -0.04952627	      0.00000000	     -0.00000000	     -0.05638201	      0.03571141	      0.02851041	     -0.00000000	     -0.00000000	     -0.00000000
      0.81500000	     -0.06364456	     -0.00000000	     -0.00000000	     -0.05354586	      0.03757109	      0.04176626	     -0.00000000	     -0.00000000	     -0.00000000
      0.81600000	     -0.04832650	     -0.00000000	      0.00000000	     -0.04060452	      0.02877515	      0.03666013	      0.00000000	     -0.00000000	     -0.00000000
      0.81700000	     -0.05252005	      0.00000000	     -0.00000000	     -0.04062249	      0.02957661	      0.03869398	     -0.00000000	     -0.00000000	     -0.00000000
      0.81800000	     -0.03432977	      0.00000000	     -0.00000000	     -0.06241304	      0.03216978	      0.02261745	     -0.00000000	     -0.00000000	     -0.00000000
      0.81900000	     -0.04344346	     -0.00000000	     -0.00000000	     -0.04236509	      0.03233415	      0.02696838	     -0.00000000	     -0.00000000	     -0.00000000
      0.82000000	     -0.05446611	      0.00000000	      0.00000000	     -0.06480930	      0.03576883	      0.03513604	      0.00000000	     -0.00000000	     -0.00000000
      0.82100000	     -0.05957390	      0.00000000	     -0.00000000	     -0.05120719	      0.03297184	      0.04225728	     -0.00000000	     -0.00000000	     -0.00000000
      0.82200000	     -0.05427237	     -0.00000000	     -0.00000000	     -0.06060751	      0.03348258	      0.03647809	     -0.00000000	     -0.00000000	     -0.00000000
      0.82300000	     -0.04696864	     -0.00000000	     -0.00000000	     -0.03893883	      0.03076750	      0.03250900	     -0.00000000	      0.00000000	     -0.00000000
      0.82400000	     -0.04083338	      0.00000000	      0.00000000	     -0.03913509	      0.03150004	      0.02546195	      0.00000000	     -0.00000000	     -0.00000000
      0.82500000	     -0.03761746	      0.00000000	      0.00000000	     -0.06846573	      0.03437775	      0.02153243	     -0.00000000	     -0.00000000	      0.00000000
      0.82600000	     -0.04187452	      0.00000000	      0.00000000	     -0.06394419	      0.03686376	      0.02327603	      0.00000000	      0.00000000	      0.00000000
      0.82700000	     -0.05796567	     -0.00000000	     -0.00000000	     -0.05777097	      0.03249732	      0.04102868	      0.00000000	      0.00000000	     -0.00000000
      0.82800000	     -0.04434409	     -0.00000000	      0.00000000	     -0.06800169	      0.03652347	      0.02732105	     -0.00000000	      0.00000000	     -0.00000000
      0.82900000	     -0.04884525	      0.00000000	     -0.00000000	     -0.04071905	      0.02843575	      0.03491730	     -0.00000000	     -0.00000000	     -0.00000000
      0.83000000	     -0.06634345	      0.00000000	      0.00000000	     -0.05935861	      0.03872942	      0.04423918	      0.00000000	      0.00000000	      0.00000000
      0.83100000	     -0.05213755	      0.00000000	      0.00000000	     -0.03604380	      0.03065083	      0.03875058	     -0.00000000	     -0.00000000	     -0.00000000
      0.83200000	     -0.03219073	      0.00000000	     -0.00000000	     -0.03269453	      0.02988477	      0.01911715	     -0.00000000	     -0.00000000	      0.00000000
      0.83300000	     -0.05717371	      0.00000000	     -0.00000000	     -0.04315805	      0.03341180	      0.03847758	     -0.00000000	     -0.00000000	     -0.00000000
      0.83400000	     -0.05780879	     -0.00000000	     -0.00000000	     -0.04646484	      0.03561215	      0.03589972	     -0.00000000	     -0.00000000	     -0.00000000
      0.83500000	     -0.05634433	     -0.00000000	     -0.00000000	     -0.06097511	      0.03607458	      0.03380967	     -0.00000000	     -0.00000000	      0.00000000
      0.83600000	     -0.04382942	     -0.00000000	      0.00000000	     -0.06491373	      0.03334982	      0.02716368	      0.00000000	      0.00000000	      0.00000000
      0.83700000	     -0.04124763	     -0.00000000	     -0.00000000	     -0.05952117	      0.03377898	      0.02597662	     -0.00000000	     -0.00000000	     -0.00000000
      0.83800000	     -0.04008670	      0.00000000	      0.00000000	     -0.05857734	      0.03510119	      0.02137071	      0.00000000	      0.00000000	      0.00000000
      0.83900000	     -0.05462558	      0.00000000	     -0.00000000	     -0.05536657	      0.03319616	      0.03651234	     -0.00000000	      0.00000000	      0.00000000
      0.84000000	     -0.05210955	      0.00000000	      0.00000000	     -0.04737687	      0.03123236	      0.03619177	      0.00000000	      0.00000000	     -0.00000000
      0.84100000	     -0.03602398	     -0.00000000	     -0.00000000	     -0.05990072	      0.03177507	      0.02188336	     -0.00000000	     -0.00000000	      0.00000000
      0.84200000	     -0.05150795	     -0.00000000	      0.00000000	     -0.05949950	      0.03512802	      0.03221693	      0.00000000	      0.00000000	     -0.00000000
      0.84300000	     -0.03695767	      0.00000000	      0.00000000	     -0.04777474	      0.02713893	      0.02764658	      0.00000000	     -0.00000000	     -0.00000000
      0.84400000	     -0.05365988	     -0.00000000	     -0.00000000	     -0.06175781	      0.03502019	      0.03276753	      0.00000000	     -0.00000000	      0.00000000
      0.84500000	     -0.05225390	     -0.00000000	     -0.00000000	     -0.03725728	      0.03013487	      0.03968177	     -0.00000000	     -0.00000000	     -0.00000000
      0.84600000	     -0.02464588	     -0.00000000	      0.00000000	     -0.02394625	      0.02644132	      0.01649276	      0.00000000	      0.00000000	     -0.00000000
      0.84700000	     -0.06588714	     -0.00000000	      0.00000000	     -0.05052204	      0.03836954	      0.04330017	     -0.00000000	     -0.00000000	      0.00000000
      0.84800000	     -0.05491203	     -0.00000000	     -0.00000000	     -0.04877078	      0.03368297	      0.03446327	      0.00000000	     -0.00000000	     -0.00000000
      0.84900000	     -0.04051528	     -0.00000000	     -0.00000000	     -0.04751204	      0.02798300	      0.02893841	     -0.00000000	     -0.00000000	     -0.00000000
      0.85000000	     -0.04189202	     -0.00000000	     -0.00000000	     -0.03724221	      0.03048555	      0.02747193	     -0.00000000	     -0.00000000	      0.00000000
      0.85100000	     -0.05567698	      0.00000000	     -0.00000000	     -0.04971337	      0.03233948	      0.03902418	      0.00000000	      0.00000000	     -0.00000000
      0.85200000	     -0.05562600	      0.00000000	      0.00000000	     -0.05112779	      0.03126721	      0.04079239	     -0.00000000	     -0.00000000	     -0.00000000
      0.85300000	     -0.02988019	      0.00000000	      0.00000000	     -0.03094925	      0.02847743	      0.01896213	      0.00000000	      0.00000000	      0.00000000
      0.85400000	     -0.02872043	      0.00000000	     -0.00000000	     -0.02731087	      0.02847039	      0.01753708	      0.00000000	     -0.00000000	     -0.00000000
      0.85500000	     -0.06717198	     -0.00000000	     -0.00000000	     -0.05801589	      0.03900474	      0.04322367	      0.00000000	      0.00000000	     -0.00000000
      0.85600000	     -0.04965155	     -0.00000000	      0.00000000	     -0.05519230	      0.03099908	      0.03470444	      0.00000000	      0.00000000	     -0.00000000
      0.85700000	     -0.05548308	      0.00000000	      0.00000000	     -0.04062848	      0.03130470	      0.03910203	     -0.00000000	      0.00000000	      0.00000000
      0.85800000	     -0.05119442	     -0.00000000	     -0.00000000	     -0.06264565	      0.03687328	      0.03005477	      0.00000000	     -0.00000000	      0.00000000
      0.85900000	     -0.03322862	      0.00000000	     -0.00000000	     -0.03570177	      0.02889614	      0.02312267	     -0.00000000	      0.00000000	      0.00000000
      0.86000000	     -0.05801374	      0.00000000	      0.00000000	     -0.04526005	      0.03437822	      0.03882635	      0.00000000	     -0.00000000	      0.00000000
      0.86100000	     -0.04279052	      0.00000000	     -0.00000000	     -0.05994739	      0.03304959	      0.02758066	     -0.00000000	      0.00000000	     -0.00000000
      0.86200000	     -0.03226387	      0.00000000	     -0.00000000	     -0.03670852	      0.02645895	      0.02396916	     -0.00000000	     -0.00000000	      0.00000000
      0.86300000	     -0.04250886	      0.00000000	     -0.00000000	     -0.07010398	      0.03591485	      0.02442500	     -0.00000000	      0.00000000	      0.00000000
      0.86400000	     -0.06379021	      0.00000000	      0.00000000	     -0.04575124	      0.03761662	      0.04059378	     -0.00000000	      0.00000000	      0.00000000
      0.86500000	     -0.05995541	      0.00000000	     -0.00000000	     -0.05585539	      0.03315772	      0.04209274	      0.00000000	      0.00000000	     -0.00000000
      0.86600000	     -0.03881727	     -0.00000000	     -0.00000000	     -0.06443880	      0.03638158	      0.02288045	     -0.00000000	      0.00000000	     -0.00000000
      0.86700000	     -0.05273428	     -0.00000000	      0.00000000	     -0.04609128	      0.03404139	      0.03293613	     -0.00000000	      0.00000000	     -0.00000000
      0.86800000	     -0.05916933	      0.00000000	     -0.00000000	     -0.05830825	      0.03679114	      0.03536745	      0.00000000	      0.00000000	     -0.00000000
      0.86900000	     -0.04050239	      0.00000000	      0.00000000	     -0.03170442	      0.02829477	      0.02895438	      0.00000000	     -0.00000000	      0.00000000
      0.87000000	     -0.04637562	      0.00000000	     -0.00000000	     -0.04322780	      0.02723152	      0.03354456	     -0.00000000	      0.00000000	     -0.00000000
      0.87100000	     -0.05966937	     -0.00000000	      0.00000000	     -0.04833673	      0.03645041	      0.03609200	      0.00000000	      0.00000000	     -0.00000000
      0.87200000	     -0.05472437	      0.00000000	      0.00000000	     -0.06350445	      0.03504732	      0.03386509	      0.00000000	      0.00000000	      0.00000000
      0.87300000	     -0.05148714	     -0.00000000	     -0.00000000	     -0.05388169	      0.03456116	      0.03223718	      0.00000000	      0.00000000	      0.00000000
      0.87400000	     -0.04567012	     -0.00000000	      0.00000000	     -0.05010979	      0.03233923	      0.02758960	      0.00000000	      0.00000000	      0.00000000
      0.87500000	     -0.03806373	     -0.00000000	      0.00000000	     -0.06573915	      0.03380685	      0.02359652	     -0.00000000	      0.00000000	     -0.00000000
      0.87600000	     -0.05202690	      0.00000000	      0.00000000	     -0.04738460	      0.03015564	      0.03702517	     -0.00000000	      0.00000000	      0.00000000
      0.87700000	     -0.04552031	      0.00000000	      0.00000000	     -0.06722326	      0.03639393	      0.02592559	      0.00000000	      0.00000000	      0.00000000
      0.87800000	     -0.03802540	     -0.00000000	     -0.00000000	     -0.04161618	      0.02723073	      0.02841571	      0.00000000	      0.00000000	      0.00000000
      0.87900000	     -0.04944851	      0.00000000	      0.00000000	     -0.05415697	      0.03559063	      0.02763631	     -0.00000000	      0.00000000	     -0.00000000
      0.88000000	     -0.06173136	      0.00000000	      0.00000000	     -0.05864626	      0.03599388	      0.03911166	      0.00000000	      0.00000000	     -0.00000000
      0.88100000	     -0.06560401	     -0.00000000	      0.00000000	     -0.05214955	      0.03806407	      0.04284827	     -0.00000000	     -0.00000000	      0.00000000
      0.88200000	     -0.04487632	     -0.00000000	      0.00000000	     -0.04062752	      0.03098326	      0.03013159	     -0.00000000	      0.00000000	     -0.00000000
      0.88300000	     -0.05260108	      0.00000000	     -0.00000000	     -0.06420205	      0.03503574	      0.03270026	     -0.00000000	      0.00000000	     -0.00000000
      0.88400000	     -0.05112732	     -0.00000000	      0.00000000	     -0.04225520	      0.03350006	      0.03138457	     -0.00000000	     -0.00000000	     -0.00000000
      0.88500000	     -0.06207905	     -0.00000000	      0.00000000	     -0.05033265	      0.03549468	      0.04267757	      0.00000000	      0.00000000	      0.00000000
      0.88600000	     -0.05289547	      0.00000000	      0.00000000	     -0.04871432	      0.02860616	      0.03914933	      0.00000000	     -0.00000000	      0.00000000
      0.88700000	     -0.05577426	      0.00000000	     -0.00000000	     -0.04611894	      0.03537542	      0.03500944	     -0.00000000	      0.00000000	      0.00000000
      0.88800000	     -0.02887156	      0.00000000	     -0.00000000	     -0.03752420	      0.02850975	      0.01876792	      0.00000000	      0.00000000	      0.00000000
      0.88900000	     -0.03833780	     -0.00000000	     -0.00000000	     -0.06176532	      0.03567086	      0.02202010	     -0.00000000	     -0.00000000	      0.00000000
      0.89000000	     -0.05611963	     -0.00000000	      0.00000000	     -0.04379747	      0.03442436	      0.03658832	      0.00000000	      0.00000000	      0.00000000
      0.89100000	     -0.06181823	     -0.00000000	     -0.00000000	     -0.05350593	      0.03811741	      0.03759074	      0.00000000	     -0.00000000	     -0.00000000
      0.89200000	     -0.03630346	     -0.00000000	     -0.00000000	     -0.04684109	      0.02958832	      0.02245484	     -0.00000000	      0.00000000	     -0.00000000
      0.89300000	     -0.04309557	      0.00000000	     -0.00000000	     -0.04377154	      0.03145352	      0.02605393	     -0.00000000	      0.00000000	      0.00000000
      0.89400000	     -0.06267112	      0.00000000	      0.00000000	     -0.05100359	      0.03633005	      0.04239515	     -0.00000000	     -0.00000000	      0.00000000
      0.89500000	     -0.02763145	      0.00000000	      0.00000000	     -0.04411659	      0.02680681	      0.02076813	      0.00000000	      0.00000000	      0.00000000
      0.89600000	     -0.05617730	      0.00000000	      0.00000000	     -0.06213503	      0.03776382	      0.03343445	     -0.00000000	      0.00000000	     -0.00000000
      0.89700000	     -0.04659556	     -0.00000000	      0.00000000	     -0.04993829	      0.02839327	      0.03260969	      0.00000000	      0.00000000	      0.00000000
      0.89800000	     -0.05823572	      0.00000000	      0.00000000	     -0.04451929	      0.03322745	      0.03953102	      0.00000000	     -0.00000000	      0.00000000
      0.89900000	     -0.03771073	      0.00000000	     -0.00000000	     -0.03588067	      0.03030206	      0.02441152	      0.00000000	      0.00000000	      0.00000000
      0.90000000	     -0.03120808	      0.00000000	     -0.00000000	     -0.05873048	      0.03211633	      0.01808577	     -0.00000000	     -0.00000000	     -0.00000000
      0.90100000	     -0.04707134	      0.00000000	     -0.00000000	     -0.06438846	      0.03395353	      0.02915841	     -0.00000000	     -0.00000000	     -0.00000000
      0.90200000	     -0.06170134	     -0.00000000	     -0.00000000	     -0.05420525	      0.03817294	      0.03694416	      0.00000000	     -0.00000000	      0.00000000
      0.90300000	     -0.06049262	     -0.00000000	      0.00000000	     -0.04650039	      0.03465277	      0.04180795	     -0.00000000	      0.00000000	      0.00000000
      0.90400000	     -0.05657205	     -0.00000000	      0.00000000	     -0.03459433	      0.03251810	      0.04175758	      0.00000000	      0.00000000	     -0.00000000
      0.90500000	     -0.05074574	     -0.00000000	      0.00000000	     -0.04588054	      0.02787641	      0.03779637	      0.00000000	      0.00000000	      0.00000000
      0.90600000	     -0.05905690	     -0.00000000	     -0.00000000	     -0.05888243	      0.03675990	      0.03575520	      0.00000000	      0.00000000	     -0.00000000
      0.90700000	     -0.05881744	      0.00000000	      0.00000000	     -0.06090664	      0.03427830	      0.03763273	      0.00000000	      0.00000000	      0.00000000
      0.90800000	     -0.05959592	     -0.00000000	      0.00000000	     -0.04828070	      0.03359567	      0.04004321	     -0.00000000	     -0.00000000	     -0.00000000
      0.90900000	     -0.05559799	     -0.00000000	     -0.00000000	     -0.04959588	      0.03423413	      0.03523685	      0.00000000	     -0.00000000	     -0.00000000
      0.91000000	     -0.03845284	     -0.00000000	     -0.00000000	     -0.03870811	      0.02917310	      0.02625269	     -0.00000000	      0.00000000	     -0.00000000
      0.91100000	     -0.02731388	     -0.00000000	     -0.00000000	     -0.02381449	      0.02703402	      0.01941409	     -0.00000000	     -0.00000000	      0.00000000
      0.91200000	     -0.03575916	      0.00000000	     -0.00000000	     -0.06527317	      0.03642681	      0.02018911	     -0.00000000	      0.00000000	      0.00000000
      0.91300000	     -0.03579372	      0.00000000	      0.00000000	     -0.02983207	      0.02873721	      0.02398350	      0.00000000	      0.00000000	     -0.00000000
      0.91400000	     -0.05533028	      0.00000000	     -0.00000000	     -0.03789649	      0.03233259	      0.03709504	     -0.00000000	     -0.00000000	     -0.00000000
      0.91500000	     -0.05355871	     -0.00000000	     -0.00000000	     -0.06343588	      0.03506937	      0.03361835	     -0.00000000	     -0.00000000	      0.00000000
      0.91600000	     -0.04936321	     -0.00000000	      0.00000000	     -0.06525464	      0.03627605	      0.03044850	      0.00000000	      0.00000000	     -0.00000000
      0.91700000	     -0.05036760	      0.00000000	      0.00000000	     -0.04390585	      0.03248443	      0.03110738	      0.00000000	      0.00000000	     -0.00000000
      0.91800000	     -0.04524691	      0.00000000	      0.00000000	     -0.06465363	      0.03425827	      0.02848838	      0.00000000	      0.00000000	      0.00000000
      0.91900000	     -0.05331980	     -0.00000000	     -0.00000000	     -0.04903633	      0.03609717	      0.03066410	     -0.00000000	      0.00000000	     -0.00000000
      0.92000000	     -0.03212539	     -0.00000000	      0.00000000	     -0.03636148	      0.02870713	      0.01996577	     -0.00000000	      0.00000000	      0.00000000
      0.92100000	     -0.05011879	      0.00000000	      0.00000000	     -0.04866118	      0.02847821	      0.03613894	     -0.00000000	      0.00000000	     -0.00000000
      0.92200000	     -0.05966477	     -0.00000000	     -0.00000000	     -0.04694464	      0.03301861	      0.04306900	     -0.00000000	     -0.00000000	     -0.00000000
      0.92300000	     -0.04378615	      0.00000000	      0.00000000	     -0.06765938	      0.03710776	      0.02429811	      0.00000000	      0.00000000	     -0.00000000
      0.92400000	     -0.05622332	     -0.00000000	     -0.00000000	     -0.06060017	      0.03583875	      0.03382073	      0.00000000	     -0.00000000	     -0.00000000
      0.92500000	     -0.03742178	     -0.00000000	     -0.00000000	     -0.04193348	      0.03124585	      0.02383251	     -0.00000000	     -0.00000000	     -0.00000000
      0.92600000	     -0.06119654	      0.00000000	     -0.00000000	     -0.04905440	      0.03502485	      0.04098064	      0.00000000	     -0.00000000	     -0.00000000
      0.92700000	     -0.04196915	     -0.00000000	      0.00000000	     -0.04845986	      0.03074353	      0.02682425	     -0.00000000	     -0.00000000	     -0.00000000
      0.92800000	     -0.04184318	      0.00000000	      0.00000000	     -0.05473333	      0.03587679	      0.02295255	      0.00000000	      0.00000000	     -0.00000000
      0.92900000	     -0.05299500	      0.00000000	     -0.00000000	     -0.03521575	      0.02984677	      0.04081322	      0.00000000	     -0.00000000	      0.00000000
      0.93000000	     -0.05436249	     -0.00000000	     -0.00000000	     -0.04752858	      0.03214739	      0.03595960	     -0.00000000	      0.00000000	      0.00000000
      0.93100000	     -0.05541713	     -0.00000000	      0.00000000	     -0.05410898	      0.03785719	      0.03106155	     -0.00000000	      0.00000000	     -0.00000000
      0.93200000	     -0.05775828	     -0.00000000	     -0.00000000	     -0.05138292	      0.03627174	      0.03593495	     -0.00000000	      0.00000000	     -0.00000000
      0.93300000	     -0.04296028	      0.00000000	     -0.00000000	     -0.05276397	      0.03024315	      0.02962853	     -0.00000000	     -0.00000000	     -0.00000000
      0.93400000	     -0.03467485	     -0.00000000	      0.00000000	     -0.04995883	      0.02819554	      0.02306614	     -0.00000000	      0.00000000	     -0.00000000
      0.93500000	     -0.06115108	      0.00000000	      0.00000000	     -0.05962840	      0.03733191	      0.03879665	      0.00000000	      0.00000000	      0.00000000
      0.93600000	     -0.05979910	     -0.00000000	      0.00000000	     -0.05812108	      0.03825458	      0.03644367	      0.00000000	     -0.00000000	      0.00000000
      0.93700000	     -0.05000601	      0.00000000	     -0.00000000	     -0.05782492	      0.03231147	      0.03276542	     -0.00000000	      0.00000000	      0.00000000
      0.93800000	     -0.05617695	     -0.00000000	     -0.00000000	     -0.04720038	      0.03570109	      0.03392451	     -0.00000000	      0.00000000	      0.00000000
      0.93900000	     -0.03712970	     -0.00000000	      0.00000000	     -0.06127673	      0.03447680	      0.02025247	      0.00000000	      0.00000000	      0.00000000
      0.94000000	     -0.06356591	      0.00000000	      0.00000000	     -0.05675262	      0.03724883	      0.03962764	      0.00000000	     -0.00000000	     -0.00000000
      0.94100000	     -0.03565830	     -0.00000000	     -0.00000000	     -0.02941202	      0.02692316	      0.02502187	     -0.00000000	     -0.00000000	     -0.00000000
      0.94200000	     -0.06165533	     -0.00000000	      0.00000000	     -0.05438704	      0.03368575	      0.04323842	      0.00000000	     -0.00000000	      0.00000000
      0.94300000	     -0.05870867	      0.00000000	      0.00000000	     -0.05293281	      0.03760881	      0.03366088	     -0.00000000	     -0.00000000	      0.00000000
      0.94400000	     -0.03569053	      0.00000000	      0.00000000	     -0.05111031	      0.03236100	      0.02104982	      0.00000000	      0.00000000	      0.00000000
      0.94500000	     -0.03769432	     -0.00000000	      0.00000000	     -0.03279024	      0.02734623	      0.02695654	      0.00000000	      0.00000000	      0.00000000
      0.94600000	     -0.03458643	     -0.00000000	     -0.00000000	     -0.04505517	      0.02868490	      0.02177635	     -0.00000000	     -0.00000000	     -0.00000000
      0.94700000	     -0.05335182	      0.00000000	     -0.00000000	     -0.03344525	      0.03200937	      0.03802201	     -0.00000000	     -0.00000000	     -0.00000000
      0.94800000	     -0.06315581	      0.00000000	     -0.00000000	     -0.05513770	      0.03547117	      0.04212710	      0.00000000	      0.00000000	     -0.00000000
      0.94900000	     -0.04594128	     -0.00000000	     -0.00000000	     -0.04933589	      0.03406930	      0.02555227	      0.00000000	      0.00000000	     -0.00000000
      0.95000000	     -0.05542393	     -0.00000000	     -0.00000000	     -0.05321607	      0.03045867	      0.03892501	     -0.00000000	      0.00000000	     -0.00000000
      0.95100000	     -0.05118065	      0.00000000	      0.00000000	     -0.05822011	      0.03353430	      0.03327771	      0.00000000	      0.00000000	      0.00000000
      0.95200000	     -0.04031905	      0.00000000	     -0.00000000	     -0.05419256	      0.03597850	      0.02101648	     -0.00000000	     -0.00000000	      0.00000000
      0.95300000	     -0.06729173	      0.00000000	      0.00000000	     -0.04820166	      0.03908125	      0.04477149	     -0.00000000	     -0.00000000	     -0.00000000
      0.95400000	     -0.05483784	     -0.00000000	     -0.00000000	     -0.05932527	      0.03705544	      0.03116050	      0.00000000	     -0.00000000	      0.00000000
      0.95500000	     -0.03650643	     -0.00000000	     -0.00000000	     -0.04099031	      0.03291984	      0.02082696	     -0.00000000	     -0.00000000	     -0.00000000
      0.95600000	     -0.06006639	     -0.00000000	     -0.00000000	     -0.05630024	      0.03570464	      0.03760374	     -0.00000000	      0.00000000	     -0.00000000
      0.95700000	     -0.05855157	      0.00000000	     -0.00000000	     -0.06042659	      0.03789523	      0.03355003	     -0.00000000	     -0.00000000	     -0.00000000
      0.95800000	     -0.05599185	     -0.00000000	      0.00000000	     -0.03762834	      0.03190288	      0.03856644	      0.00000000	      0.00000000	      0.00000000
      0.95900000	     -0.04790316	     -0.00000000	      0.00000000	     -0.04626265	      0.03223371	      0.02875215	      0.00000000	      0.00000000	     -0.00000000
      0.96000000	     -0.04027942	      0.00000000	     -0.00000000	     -0.06292777	      0.03503823	      0.02388797	     -0.00000000	      0.00000000	      0.00000000
      0.96100000	     -0.03462505	     -0.00000000	      0.00000000	     -0.03809327	      0.02903245	      0.02304144	      0.00000000	      0.00000000	      0.00000000
      0.96200000	     -0.05928758	      0.00000000	      0.00000000	     -0.05876656	      0.03469700	      0.03847167	      0.00000000	      0.00000000	     -0.00000000
      0.96300000	     -0.06392483	      0.00000000	     -0.00000000	     -0.04250300	      0.03684260	      0.04243345	     -0.00000000	     -0.00000000	     -0.00000000
      0.96400000	     -0.06084285	      0.00000000	     -0.00000000	     -0.06047692	      0.03568178	      0.04034396	     -0.00000000	     -0.00000000	     -0.00000000
      0.96500000	     -0.04946503	      0.00000000	     -0.00000000	     -0.05464564	      0.03077495	      0.03418643	      0.00000000	      0.00000000	     -0.00000000
      0.96600000	     -0.05276697	      0.00000000	     -0.00000000	     -0.05138435	      0.03200299	      0.03651223	     -0.00000000	      0.00000000	      0.00000000
      0.96700000	     -0.05944262	      0.00000000	      0.00000000	     -0.03502660	      0.03384157	      0.04209588	     -0.00000000	      0.00000000	     -0.00000000
      0.96800000	     -0.04999283	      0.00000000	     -0.00000000	     -0.06367044	      0.03721796	      0.02872990	     -0.00000000	      0.00000000	      0.00000000
      0.96900000	     -0.03703663	     -0.00000000	     -0.00000000	     -0.03233335	      0.02860370	      0.02449116	     -0.00000000	     -0.00000000	      0.00000000
      0.97000000	     -0.05291482	     -0.00000000	      0.00000000	     -0.05148516	      0.02905335	      0.03770793	      0.00000000	     -0.00000000	     -0.00000000
      0.97100000	     -0.03942512	      0.00000000	     -0.00000000	     -0.02691717	      0.02731355	      0.02762814	     -0.00000000	     -0.00000000	      0.00000000
      0.97200000	     -0.06655701	     -0.00000000	      0.00000000	     -0.05303560	      0.03817608	      0.04310512	      0.00000000	     -0.00000000	     -0.00000000
      0.97300000	     -0.03312589	     -0.00000000	     -0.00000000	     -0.03811625	      0.02729478	      0.02263574	     -0.00000000	     -0.00000000	     -0.00000000
      0.97400000	     -0.04975732	      0.00000000	      0.00000000	     -0.03938482	      0.03029917	      0.03345195	      0.00000000	      0.00000000	      0.00000000
      0.97500000	     -0.04525909	      0.00000000	      0.00000000	     -0.05717365	      0.03232540	      0.02728802	      0.00000000	      0.00000000	      0.00000000
      0.97600000	     -0.04824718	      0.00000000	     -0.00000000	     -0.04952515	      0.03172870	      0.03119108	     -0.00000000	     -0.00000000	      0.00000000
      0.97700000	     -0.04492636	     -0.00000000	      0.00000000	     -0.02582668	      0.02828170	      0.03175111	     -0.00000000	      0.00000000	      0.00000000
      0.97800000	     -0.03792242	     -0.00000000	      0.00000000	     -0.03472603	      0.02835482	      0.02441821	      0.00000000	      0.00000000	      0.00000000
      0.97900000	     -0.05208086	      0.00000000	     -0.00000000	     -0.06066974	      0.03289646	      0.03414878	      0.00000000	      0.00000000	     -0.00000000
      0.98000000	     -0.05732375	     -0.00000000	     -0.00000000	     -0.03522844	      0.03260967	      0.04122330	      0.00000000	     -0.00000000	     -0.00000000
      0.98100000	     -0.04000902	      0.00000000	     -0.00000000	     -0.04236933	      0.02744795	      0.02706247	      0.00000000	      0.00000000	      0.00000000
      0.98200000	     -0.06488305	      0.00000000	     -0.00000000	     -0.06002039	      0.03845050	      0.04016717	     -0.00000000	     -0.00000000	     -0.00000000
      0.98300000	     -0.04500386	      0.00000000	      0.00000000	     -0.05716176	      0.03185878	      0.02809664	     -0.00000000	      0.00000000	      0.00000000
      0.98400000	     -0.04522469	     -0.00000000	     -0.00000000	     -0.06298992	      0.03400848	      0.02847519	     -0.00000000	      0.00000000	     -0.00000000
      0.98500000	     -0.06462354	      0.00000000	      0.00000000	     -0.05769684	      0.03685098	      0.04207791	      0.00000000	     -0.00000000	      0.00000000
      0.98600000	     -0.06575833	      0.00000000	     -0.00000000	     -0.05352411	      0.03693101	      0.04435049	     -0.00000000	     -0.00000000	      0.00000000
      0.98700000	     -0.05379059	      0.00000000	     -0.00000000	     -0.04351886	      0.02936672	      0.03952792	     -0.00000000	     -0.00000000	     -0.00000000
      0.98800000	     -0.05752896	     -0.00000000	     -0.00000000	     -0.05414398	      0.03751482	      0.03301049	      0.00000000	      0.00000000	      0.00000000
      0.98900000	     -0.03784671	     -0.00000000	     -0.00000000	     -0.04654520	      0.03056582	      0.02460839	     -0.00000000	      0.00000000	      0.00000000
      0.99000000	     -0.04695624	     -0.00000000	     -0.00000000	     -0.06019931	      0.03604324	      0.02745570	      0.00000000	      0.00000000	     -0.00000000
      0.99100000	     -0.05172384	     -0.00000000	     -0.00000000	     -0.03043276	      0.03097450	      0.03655193	      0.00000000	      0.00000000	     -0.00000000
      0.99200000	     -0.05565593	     -0.00000000	     -0.00000000	     -0.06184314	      0.03788699	      0.03269709	      0.00000000	      0.00000000	      0.00000000
      0.99300000	     -0.05717946	     -0.00000000	     -0.00000000	     -0.03897328	      0.03188769	      0.04350944	      0.00000000	     -0.00000000	      0.00000000
      0.99400000	     -0.05740713	      0.00000000	     -0.00000000	     -0.04731146	      0.03430338	      0.03564431	     -0.00000000	      0.00000000	      0.00000000
      0.99500000	     -0.05924467	      0.00000000	     -0.00000000	     -0.05121509	      0.03509983	      0.03741014	     -0.00000000	     -0.00000000	      0.00000000
      0.99600000	     -0.04105717	     -0.00000000	      0.00000000	     -0.05504280	      0.03649679	      0.02184350	      0.00000000	      0.00000000	     -0.00000000
      0.99700000	     -0.05646498	     -0.00000000	      0.00000000	     -0.04084525	      0.03296850	      0.03887977	     -0.00000000	      0.00000000	     -0.00000000
      0.99800000	     -0.03953055	      0.00000000	      0.00000000	     -0.04862929	      0.03338544	      0.02319371	     -0.00000000	     -0.00000000	      0.00000000
      0.99900000	     -0.06347155	      0.00000000	      0.00000000	     -0.06117740	      0.03673359	      0.03990466	      0.00000000	      0.00000000	      0.00000000
      1.00000000	     -0.04385878	      0.00000000	      0.00000000	     -0.05196358	      0.03490802	      0.02293132	     -0.00000000	      0.00000000	      0.00000000
      1.00100000	     -0.03989453	     -0.00000000	     -0.00000000	     -0.03855068	      0.03225132	      0.02333373	     -0.00000000	     -0.00000000	      0.00000000
      1.00200000	     -0.05898188	     -0.00000000	     -0.00000000	     -0.05512355	      0.03659471	      0.03700300	     -0.00000000	     -0.00000000	      0.00000000
      1.00300000	     -0.05443669	     -0.00000000	     -0.00000000	     -0.04355185	      0.03415713	      0.03262657	     -0.00000000	      0.00000000	      0.00000000
      1.00400000	     -0.06640041	     -0.00000000	     -0.00000000	     -0.05511968	      0.03727979	      0.04382055	     -0.00000000	      0.00000000	     -0.00000000
      1.00500000	     -0.06257930	     -0.00000000	      0.00000000	     -0.05869920	      0.03801429	      0.03826683	      0.00000000	     -0.00000000	     -0.00000000
      1.00600000	     -0.06295789	      0.00000000	      0.00000000	     -0.04141391	      0.03629565	      0.04035029	      0.00000000	      0.00000000	     -0.00000000
      1.00700000	     -0.05686492	     -0.00000000	     -0.00000000	     -0.05632331	      0.03428138	      0.03725884	     -0.00000000	     -0.00000000	     -0.00000000
      1.00800000	     -0.03806232	      0.00000000	      0.00000000	     -0.03734139	      0.02769538	      0.02661874	     -0.00000000	     -0.00000000	      0.00000000
      1.00900000	     -0.05812444	      0.00000000	     -0.00000000	     -0.06443766	      0.03671733	      0.03597561	      0.00000000	     -0.00000000	     -0.00000000
      1.01000000	     -0.06810856	     -0.00000000	      0.00000000	     -0.04805652	      0.03923399	      0.04483899	      0.00000000	      0.00000000	      0.00000000
      1.01100000	     -0.04787128	      0.00000000	     -0.00000000	     -0.05712091	      0.03222092	      0.02938102	     -0.00000000	     -0.00000000	     -0.00000000
      1.01200000	     -0.05398564	     -0.00000000	      0.00000000	     -0.04200585	      0.03156014	      0.03850094	      0.00000000	      0.00000000	      0.00000000
      1.01300000	     -0.04494671	      0.00000000	     -0.00000000	     -0.05216018	      0.03540295	      0.02521963	      0.00000000	      0.00000000	     -0.00000000
      1.01400000	     -0.04698748	     -0.00000000	      0.00000000	     -0.06511669	      0.03462381	      0.02880437	      0.00000000	     -0.00000000	     -0.00000000
      1.01500000	     -0.04005458	      0.00000000	     -0.00000000	     -0.03940405	      0.03092271	      0.02573064	     -0.00000000	     -0.00000000	      0.00000000
      1.01600000	     -0.05011287	     -0.00000000	      0.00000000	     -0.04970475	      0.02855535	      0.03551955	      0.00000000	     -0.00000000	      0.00000000
      1.01700000	     -0.06328410	     -0.00000000	      0.00000000	     -0.04928529	      0.03460375	      0.04421365	      0.00000000	      0.00000000	      0.00000000
      1.01800000	     -0.04358311	     -0.00000000	      0.00000000	     -0.02959710	      0.02795149	      0.02947410	      0.00000000	      0.00000000	      0.00000000
      1.01900000	     -0.05779935	      0.00000000	      0.00000000	     -0.06244697	      0.03766219	      0.03431451	      0.00000000	      0.00000000	      0.00000000
      1.02000000	     -0.05812369	      0.00000000	      0.00000000	     -0.04253471	      0.03315269	      0.04078336	      0.00000000	     -0.00000000	      0.00000000
      1.02100000	     -0.03471814	     -0.00000000	     -0.00000000	     -0.02926683	      0.02926903	      0.02045107	     -0.00000000	      0.00000000	     -0.00000000
      1.02200000	     -0.06730964	      0.00000000	      0.00000000	     -0.05444383	      0.03955120	      0.04279805	      0.00000000	     -0.00000000	     -0.00000000
      1.02300000	     -0.04501557	      0.00000000	     -0.00000000	     -0.06139039	      0.03407721	      0.02691619	     -0.00000000	     -0.00000000	      0.00000000
      1.02400000	     -0.04484164	     -0.00000000	      0.00000000	     -0.03718616	      0.02995470	      0.02898998	     -0.00000000	     -0.00000000	      0.00000000
      1.02500000	     -0.05566106	     -0.00000000	      0.00000000	     -0.04241663	      0.03109605	      0.04031285	      0.00000000	      0.00000000	     -0.00000000
      1.02600000	     -0.04830409	     -0.00000000	      0.00000000	     -0.05745708	      0.03672558	      0.02573077	      0.00000000	      0.00000000	     -0.00000000
      1.02700000	     -0.05891850	      0.00000000	      0.00000000	     -0.04806746	      0.03305177	      0.04067216	     -0.00000000	      0.00000000	      0.00000000
      1.02800000	     -0.04737462	     -0.00000000	      0.00000000	     -0.05975548	      0.03380264	      0.02983441	      0.00000000	     -0.00000000	     -0.00000000
      1.02900000	     -0.06040510	     -0.00000000	     -0.00000000	     -0.04767504	      0.03629424	      0.03832581	     -0.00000000	     -0.00000000	     -0.00000000
      1.03000000	     -0.06032065	      0.00000000	     -0.00000000	     -0.04366559	      0.03521629	      0.03804224	     -0.00000000	     -0.00000000	     -0.00000000
      1.03100000	     -0.04916239	      0.00000000	     -0.00000000	     -0.04850640	      0.03216348	      0.03016208	     -0.00000000	     -0.00000000	      0.00000000
      1.03200000	     -0.03318988	      0.00000000	      0.00000000	     -0.04214241	      0.02700522	      0.02164061	      0.00000000	     -0.00000000	      0.00000000
      1.03300000	     -0.05768483	      0.00000000	      0.00000000	     -0.04233872	      0.03486436	      0.03660006	      0.00000000	      0.00000000	     -0.00000000
      1.03400000	     -0.05025908	     -0.00000000	      0.00000000	     -0.04274555	      0.03124085	      0.03233758	      0.00000000	      0.00000000	     -0.00000000
      1.03500000	     -0.05301888	     -0.00000000	      0.00000000	     -0.04710883	      0.03180993	      0.03534197	     -0.00000000	     -0.00000000	      0.00000000
      1.03600000	     -0.05715211	     -0.00000000	      0.00000000	     -0.03243858	      0.03274236	      0.04158890	     -0.00000000	      0.00000000	     -0.00000000
      1.03700000	     -0.06644534	     -0.00000000	      0.00000000	     -0.05299609	      0.03765966	      0.04511567	      0.00000000	      0.00000000	     -0.00000000
      1.03800000	     -0.05892511	     -0.00000000	     -0.00000000	     -0.05104356	      0.03723643	      0.03433282	     -0.00000000	     -0.00000000	      0.00000000
      1.03900000	     -0.06335779	     -0.00000000	     -0.00000000	     -0.05916900	      0.03857963	      0.03893008	     -0.00000000	      0.00000000	      0.00000000
      1.04000000	     -0.04129775	     -0.00000000	      0.00000000	     -0.05761411	      0.03522302	      0.02338294	     -0.00000000	     -0.00000000	     -0.00000000
      1.04100000	     -0.05184375	     -0.00000000	      0.00000000	     -0.04596029	      0.02887696	      0.03698972	      0.00000000	     -0.00000000	     -0.00000000
      1.04200000	     -0.05282561	      0.00000000	      0.00000000	     -0.04412118	      0.02894741	      0.04061646	     -0.00000000	      0.00000000	      0.00000000
      1.04300000	     -0.04353074	     -0.00000000	      0.00000000	     -0.04815285	      0.03208864	      0.02694732	      0.00000000	      0.00000000	      0.00000000
      1.04400000	     -0.05693990	      0.00000000	      0.00000000	     -0.03433455	      0.03138135	      0.04318067	      0.00000000	     -0.00000000	      0.00000000
      1.04500000	     -0.04486216	     -0.00000000	      0.00000000	     -0.03865446	      0.03006245	      0.03092333	      0.00000000	      0.00000000	     -0.00000000
      1.04600000	     -0.06605058	     -0.00000000	      0.00000000	     -0.05916386	      0.03832931	      0.04220925	     -0.00000000	      0.00000000	      0.00000000
      1.04700000	     -0.04912043	     -0.00000000	      0.00000000	     -0.05973946	      0.03279118	      0.02978301	     -0.00000000	     -0.00000000	      0.00000000
      1.04800000	     -0.05891515	     -0.00000000	      0.00000000	     -0.05258503	      0.03843240	      0.03235421	     -0.00000000	      0.00000000	     -0.00000000
      1.04900000	     -0.06617793	     -0.00000000	      0.00000000	     -0.05596166	      0.03634876	      0.04512712	      0.00000000	      0.00000000	     -0.00000000
      1.05000000	     -0.04594305	      0.00000000	     -0.00000000	     -0.05721353	      0.03612814	      0.02605272	     -0.00000000	     -0.00000000	     -0.00000000
      1.05100000	     -0.06140154	     -0.00000000	     -0.00000000	     -0.05152049	      0.03686461	      0.03767329	     -0.00000000	     -0.00000000	      0.00000000
      1.05200000	     -0.06493051	      0.00000000	     -0.00000000	     -0.03973574	      0.03721584	      0.04450901	     -0.00000000	     -0.00000000	      0.00000000
      1.05300000	     -0.04264205	     -0.00000000	      0.00000000	     -0.03757054	      0.02861713	      0.02781256	      0.00000000	     -0.00000000	     -0.00000000
      1.05400000	     -0.06657802	     -0.00000000	      0.00000000	     -0.05389566	      0.03819377	      0.04250796	      0.00000000	      0.00000000	      0.00000000
      1.05500000	     -0.05214816	     -0.00000000	      0.00000000	     -0.04958909	      0.03407364	      0.03029483	      0.00000000	      0.00000000	     -0.00000000
      1.05600000	     -0.06451286	     -0.00000000	     -0.00000000	     -0.05507171	      0.03891168	      0.04049092	     -0.00000000	     -0.00000000	      0.00000000
      1.05700000	     -0.05637288	     -0.00000000	      0.00000000	     -0.02798612	      0.03181755	      0.04270125	      0.00000000	     -0.00000000	      0.00000000
      1.05800000	     -0.04817117	      0.00000000	      0.00000000	     -0.05865001	      0.03786376	      0.02426098	      0.00000000	      0.00000000	     -0.00000000
      1.05900000	     -0.05262504	      0.00000000	      0.00000000	     -0.05750069	      0.03486795	      0.03290830	     -0.00000000	      0.00000000	     -0.00000000
      1.06000000	     -0.05200111	     -0.00000000	     -0.00000000	     -0.04673744	      0.03291399	      0.03331823	     -0.00000000	     -0.00000000	     -0.00000000
      1.06100000	     -0.06805277	      0.00000000	     -0.00000000	     -0.05758509	      0.03901197	      0.04477294	      0.00000000	      0.00000000	      0.00000000
      1.06200000	     -0.05187736	      0.00000000	     -0.00000000	     -0.03896953	      0.03111065	      0.03352091	     -0.00000000	     -0.00000000	      0.00000000
      1.06300000	     -0.05846086	      0.00000000	      0.00000000	     -0.03356281	      0.03332873	      0.04074653	      0.00000000	      0.00000000	     -0.00000000
      1.06400000	     -0.04665123	     -0.00000000	      0.00000000	     -0.05026644	      0.02791397	      0.03193948	      0.00000000	      0.00000000	     -0.00000000
      1.06500000	     -0.06322388	     -0.00000000	     -0.00000000	     -0.04785218	      0.03769604	      0.03848937	      0.00000000	      0.00000000	     -0.00000000
      1.06600000	     -0.06082163	     -0.00000000	     -0.00000000	     -0.04597964	      0.03411886	      0.04315319	     -0.00000000	     -0.00000000	     -0.00000000
      1.06700000	     -0.03181571	      0.00000000	      0.00000000	     -0.04435247	      0.02738020	      0.02293610	      0.00000000	     -0.00000000	     -0.00000000
      1.06800000	     -0.04801673	     -0.00000000	      0.00000000	     -0.05210593	      0.03123722	      0.03198928	     -0.00000000	      0.00000000	     -0.00000000
      1.06900000	     -0.04813168	     -0.00000000	     -0.00000000	     -0.06181131	      0.03463113	      0.02837057	      0.00000000	      0.00000000	      0.00000000
      1.07000000	     -0.06467073	     -0.00000000	     -0.00000000	     -0.04955341	      0.03571604	      0.04645209	      0.00000000	     -0.00000000	     -0.00000000
      1.07100000	     -0.04713375	      0.00000000	     -0.00000000	     -0.06724261	      0.03661531	      0.02703443	      0.00000000	     -0.00000000	     -0.00000000
      1.07200000	     -0.04252850	     -0.00000000	      0.00000000	     -0.05415847	      0.03258352	      0.02664361	      0.00000000	     -0.00000000	     -0.00000000
      1.07300000	     -0.05448831	      0.00000000	      0.00000000	     -0.04897889	      0.03239267	      0.03585002	      0.00000000	      0.00000000	     -0.00000000
      1.07400000	     -0.06469822	      0.00000000	     -0.00000000	     -0.04795540	      0.03740664	      0.04075187	     -0.00000000	     -0.00000000	     -0.00000000
      1.07500000	     -0.05326804	      0.00000000	      0.00000000	     -0.03496830	      0.03104690	      0.03767718	      0.00000000	     -0.00000000	      0.00000000
      1.07600000	     -0.06911542	     -0.00000000	     -0.00000000	     -0.04724560	      0.04000647	      0.04650616	      0.00000000	     -0.00000000	     -0.00000000
      1.07700000	     -0.05004597	     -0.00000000	     -0.00000000	     -0.06191447	      0.03394720	      0.03050782	     -0.00000000	     -0.00000000	     -0.00000000
      1.07800000	     -0.05983298	     -0.00000000	     -0.00000000	     -0.04729425	      0.03628115	      0.03532925	      0.00000000	      0.00000000	     -0.00000000
      1.07900000	     -0.06516396	      0.00000000	      0.00000000	     -0.03831135	      0.03764238	      0.04498138	      0.00000000	      0.00000000	     -0.00000000
      1.08000000	     -0.05473058	      0.00000000	     -0.00000000	     -0.05478486	      0.03815752	      0.02888527	     -0.00000000	      0.00000000	      0.00000000
      1.08100000	     -0.06828211	     -0.00000000	      0.00000000	     -0.05051584	      0.03905572	      0.04626247	      0.00000000	     -0.00000000	      0.00000000
      1.08200000	     -0.04220657	     -0.00000000	      0.00000000	     -0.04421011	      0.02982431	      0.02659853	      0.00000000	      0.00000000	     -0.00000000
      1.08300000	     -0.04752013	     -0.00000000	     -0.00000000	     -0.04141591	      0.03167970	      0.03085947	      0.00000000	      0.00000000	      0.00000000
      1.08400000	     -0.06606909	     -0.00000000	      0.00000000	     -0.05365304	      0.03793346	      0.04412719	      0.00000000	      0.00000000	      0.00000000
      1.08500000	     -0.06427264	     -0.00000000	      0.00000000	     -0.04765799	      0.03679584	      0.04220055	      0.00000000	     -0.00000000	      0.00000000
      1.08600000	     -0.04520169	     -0.00000000	     -0.00000000	     -0.05048672	      0.02822590	      0.03055920	      0.00000000	      0.00000000	     -0.00000000
      1.08700000	     -0.05278442	      0.00000000	     -0.00000000	     -0.05396410	      0.03192658	      0.03376053	     -0.00000000	      0.00000000	      0.00000000
      1.08800000	     -0.05493295	     -0.00000000	      0.00000000	     -0.04938872	      0.03317122	      0.03602175	      0.00000000	      0.00000000	      0.00000000
      1.08900000	     -0.06456963	      0.00000000	     -0.00000000	     -0.04047135	      0.03661772	      0.04611174	     -0.00000000	     -0.00000000	      0.00000000
      1.09000000	     -0.06177510	     -0.00000000	     -0.00000000	     -0.04502541	      0.03505199	      0.04278345	      0.00000000	      0.00000000	      0.00000000
      1.09100000	     -0.06429720	      0.00000000	      0.00000000	     -0.05898703	      0.03816200	      0.03995010	      0.00000000	      0.00000000	      0.00000000
      1.09200000	     -0.04922522	      0.00000000	     -0.00000000	     -0.06371286	      0.03787621	      0.02646672	     -0.00000000	     -0.00000000	      0.00000000
      1.09300000	     -0.05206371	      0.00000000	     -0.00000000	     -0.04571072	      0.03007901	      0.03787925	      0.00000000	      0.00000000	     -0.00000000
      1.09400000	     -0.05353782	      0.00000000	     -0.00000000	     -0.04485436	      0.02863665	      0.03968064	     -0.00000000	      0.00000000	     -0.00000000
      1.09500000	     -0.04192984	      0.00000000	      0.00000000	     -0.04238190	      0.03074108	      0.02537181	     -0.00000000	      0.00000000	      0.00000000
      1.09600000	     -0.05392777	      0.00000000	      0.00000000	     -0.03335567	      0.03159364	      0.03572213	     -0.00000000	      0.00000000	      0.00000000
      1.09700000	     -0.03793712	      0.00000000	     -0.00000000	     -0.02976876	      0.02881728	      0.02322466	      0.00000000	      0.00000000	      0.00000000
      1.09800000	     -0.05832794	      0.00000000	      0.00000000	     -0.05326915	      0.03300614	      0.04032417	     -0.00000000	      0.00000000	     -0.00000000
      1.09900000	     -0.06198696	      0.00000000	      0.00000000	     -0.04900687	      0.03724824	      0.03804563	     -0.00000000	      0.00000000	      0.00000000
      1.10000000	     -0.05543715	      0.00000000	      0.00000000	     -0.06305611	      0.03545718	      0.03261684	      0.00000000	      0.00000000	     -0.00000000
      1.10100000	     -0.05875384	      0.00000000	      0.00000000	     -0.03351117	      0.03333861	      0.04367686	     -0.00000000	     -0.00000000	      0.00000000
      1.10200000	     -0.04945187	     -0.00000000	      0.00000000	     -0.04504892	      0.02950180	      0.03341735	      0.00000000	      0.00000000	      0.00000000
      1.10300000	     -0.05931887	      0.00000000	      0.00000000	     -0.04561377	      0.03191138	      0.04513991	     -0.00000000	     -0.00000000	     -0.00000000
      1.10400000	     -0.05583524	      0.00000000	     -0.00000000	     -0.04256922	      0.03306274	      0.03600274	     -0.00000000	      0.00000000	      0.00000000
      1.10500000	     -0.05565529	      0.00000000	     -0.00000000	     -0.06337048	      0.03667668	      0.03269732	      0.00000000	     -0.00000000	     -0.00000000
      1.10600000	     -0.05752623	      0.00000000	      0.00000000	     -0.04897056	      0.03202610	      0.04043552	     -0.00000000	     -0.00000000	      0.00000000
      1.10700000	     -0.05172683	     -0.00000000	      0.00000000	     -0.02943362	      0.03050421	      0.03600222	      0.00000000	      0.00000000	      0.00000000
      1.10800000	     -0.05460950	     -0.00000000	      0.00000000	     -0.06080478	      0.03404785	      0.03371459	      0.00000000	      0.00000000	     -0.00000000
      1.10900000	     -0.05124027	      0.00000000	     -0.00000000	     -0.05864129	      0.03791934	      0.02596850	     -0.00000000	      0.00000000	      0.00000000
      1.11000000	     -0.06485219	      0.00000000	     -0.00000000	     -0.05512473	      0.03625167	      0.04466794	     -0.00000000	     -0.00000000	      0.00000000
      1.11100000	     -0.04847732	     -0.00000000	     -0.00000000	     -0.06168265	      0.03612706	      0.02860836	     -0.00000000	     -0.00000000	     -0.00000000
      1.11200000	     -0.05505625	      0.00000000	      0.00000000	     -0.04672265	      0.03336311	      0.03416730	     -0.00000000	     -0.00000000	      0.00000000
      1.11300000	     -0.06920872	     -0.00000000	      0.00000000	     -0.05164373	      0.04069289	      0.04609653	      0.00000000	      0.00000000	     -0.00000000
      1.11400000	     -0.04498715	     -0.00000000	     -0.00000000	     -0.05286757	      0.03304365	      0.02625170	     -0.00000000	      0.00000000	     -0.00000000
      1.11500000	     -0.06512490	      0.00000000	      0.00000000	     -0.04832602	      0.03703386	      0.04338437	     -0.00000000	     -0.00000000	      0.00000000
      1.11600000	     -0.04668683	     -0.00000000	      0.00000000	     -0.03851592	      0.03177510	      0.02839758	      0.00000000	      0.00000000	     -0.00000000
      1.11700000	     -0.06504689	     -0.00000000	     -0.00000000	     -0.04436035	      0.03743453	      0.04082806	     -0.00000000	     -0.00000000	      0.00000000
      1.11800000	     -0.05014511	     -0.00000000	     -0.00000000	     -0.03695893	      0.02847388	      0.03575169	      0.00000000	     -0.00000000	     -0.00000000
      1.11900000	     -0.05173904	      0.00000000	      0.00000000	     -0.06004901	      0.03555387	      0.03164724	     -0.00000000	      0.00000000	     -0.00000000
      1.12000000	     -0.06448018	     -0.00000000	      0.00000000	     -0.05273925	      0.03883591	      0.04002675	      0.00000000	     -0.00000000	     -0.00000000
      1.12100000	     -0.04345802	     -0.00000000	      0.00000000	     -0.03725824	      0.02806588	      0.02868197	      0.00000000	     -0.00000000	     -0.00000000
      1.12200000	     -0.06550137	     -0.00000000	      0.00000000	     -0.05698613	      0.03741023	      0.04327395	      0.00000000	      0.00000000	     -0.00000000
      1.12300000	     -0.06391003	      0.00000000	      0.00000000	     -0.04816037	      0.03871472	      0.03721460	     -0.00000000	     -0.00000000	      0.00000000
      1.12400000	     -0.06294414	      0.00000000	     -0.00000000	     -0.05324147	      0.03435056	      0.04506009	     -0.00000000	     -0.00000000	     -0.00000000
      1.12500000	     -0.06520904	     -0.00000000	      0.00000000	     -0.04066927	      0.03698902	      0.04641696	     -0.00000000	      0.00000000	     -0.00000000
      1.12600000	     -0.06236730	      0.00000000	      0.00000000	     -0.05357107	      0.03644111	      0.03855955	     -0.00000000	      0.00000000	      0.00000000
      1.12700000	     -0.06179152	      0.00000000	      0.00000000	     -0.04451178	      0.03466007	      0.04399191	      0.00000000	      0.00000000	      0.00000000
      1.12800000	     -0.04763626	      0.00000000	      0.00000000	     -0.03191579	      0.03004850	      0.03199108	      0.00000000	     -0.00000000	      0.00000000
      1.12900000	     -0.06941140	     -0.00000000	      0.00000000	     -0.04943464	      0.04013691	      0.04812895	      0.00000000	      0.00000000	     -0.00000000
      1.13000000	     -0.04987640	      0.00000000	     -0.00000000	     -0.06444784	      0.03553591	      0.03042089	      0.00000000	     -0.00000000	      0.00000000
      1.13100000	     -0.06880624	     -0.00000000	      0.00000000	     -0.04397812	      0.03968686	      0.04670350	      0.00000000	      0.00000000	      0.00000000
      1.13200000	     -0.05199000	     -0.00000000	      0.00000000	     -0.03892734	      0.03105934	      0.03622124	     -0.00000000	     -0.00000000	      0.00000000
      1.13300000	     -0.05410618	      0.00000000	      0.00000000	     -0.04859174	      0.03392464	      0.03243213	      0.00000000	      0.00000000	      0.00000000
      1.13400000	     -0.05409217	     -0.00000000	     -0.00000000	     -0.03104142	      0.03152801	      0.03741477	     -0.00000000	     -0.00000000	      0.00000000
      1.13500000	     -0.05704881	     -0.00000000	     -0.00000000	     -0.04395532	      0.03030392	      0.04384366	      0.00000000	      0.00000000	      0.00000000
      1.13600000	     -0.04993519	     -0.00000000	     -0.00000000	     -0.06182168	      0.03583533	      0.02833276	     -0.00000000	     -0.00000000	     -0.00000000
      1.13700000	     -0.06882534	     -0.00000000	     -0.00000000	     -0.05176734	      0.04015568	      0.04570362	     -0.00000000	     -0.00000000	     -0.00000000
      1.13800000	     -0.06236040	      0.00000000	      0.00000000	     -0.04213093	      0.03559643	      0.04004058	      0.00000000	      0.00000000	      0.00000000
      1.13900000	     -0.05010309	     -0.00000000	      0.00000000	     -0.04182361	      0.03231056	      0.03118644	      0.00000000	      0.00000000	     -0.00000000
      1.14000000	     -0.06007919	     -0.00000000	     -0.00000000	     -0.03979692	      0.03328799	      0.04468654	     -0.00000000	     -0.00000000	     -0.00000000
      1.14100000	     -0.06625809	     -0.00000000	      0.00000000	     -0.06001080	      0.03910100	      0.04119993	     -0.00000000	      0.00000000	     -0.00000000
      1.14200000	     -0.05686470	      0.00000000	      0.00000000	     -0.05519440	      0.03459868	      0.03442786	     -0.00000000	     -0.00000000	     -0.00000000
      1.14300000	     -0.05899242	      0.00000000	     -0.00000000	     -0.04454966	      0.03628731	      0.03546768	     -0.00000000	     -0.00000000	      0.00000000
      1.14400000	     -0.04722537	      0.00000000	      0.00000000	     -0.05521571	      0.03044835	      0.02968318	     -0.00000000	     -0.00000000	      0.00000000
      1.14500000	     -0.05179635	     -0.00000000	     -0.00000000	     -0.04305317	      0.02847000	      0.03964325	      0.00000000	      0.00000000	     -0.00000000
      1.14600000	     -0.05919751	     -0.00000000	     -0.00000000	     -0.05100904	      0.03273820	      0.04189499	      0.00000000	      0.00000000	     -0.00000000
      1.14700000	     -0.06077667	      0.00000000	      0.00000000	     -0.05458052	      0.03812175	      0.03657803	      0.00000000	      0.00000000	     -0.00000000
      1.14800000	     -0.04547228	      0.00000000	      0.00000000	     -0.06375820	      0.03434871	      0.02791276	     -0.00000000	     -0.00000000	      0.00000000
      1.14900000	     -0.06876460	     -0.00000000	      0.00000000	     -0.04561050	      0.04033266	      0.04422509	      0.00000000	      0.00000000	      0.00000000
      1.15000000	     -0.06033727	      0.00000000	      0.00000000	     -0.05073277	      0.03408089	      0.04028335	     -0.00000000	      0.00000000	      0.00000000
      1.15100000	     -0.06082618	      0.00000000	     -0.00000000	     -0.04813872	      0.03454879	      0.04233959	      0.00000000	      0.00000000	     -0.00000000
      1.15200000	     -0.06508895	     -0.00000000	     -0.00000000	     -0.04358683	      0.03749629	      0.04278680	      0.00000000	      0.00000000	      0.00000000
      1.15300000	     -0.04691058	      0.00000000	     -0.00000000	     -0.03093115	      0.03061662	      0.03130656	     -0.00000000	     -0.00000000	      0.00000000
      1.15400000	     -0.06759557	      0.00000000	      0.00000000	     -0.05541694	      0.03977166	      0.04366633	      0.00000000	     -0.00000000	      0.00000000
      1.15500000	     -0.05016247	      0.00000000	     -0.00000000	     -0.05259041	      0.03011965	      0.03258587	     -0.00000000	     -0.00000000	     -0.00000000
      1.15600000	     -0.04859313	     -0.00000000	      0.00000000	     -0.04230167	      0.03264524	      0.03062195	     -0.00000000	     -0.00000000	     -0.00000000
      1.15700000	     -0.06371985	     -0.00000000	     -0.00000000	     -0.05781653	      0.03732679	      0.03979968	     -0.00000000	      0.00000000	      0.00000000
      1.15800000	     -0.06182539	     -0.00000000	      0.00000000	     -0.05271073	      0.03655080	      0.03805261	     -0.00000000	      0.00000000	     -0.00000000
      1.15900000	     -0.06891013	     -0.00000000	      0.00000000	     -0.05250351	      0.03970791	      0.04540948	      0.00000000	      0.00000000	      0.00000000
      1.16000000	     -0.06096804	     -0.00000000	      0.00000000	     -0.03085089	      0.03466888	      0.04729705	     -0.00000000	      0.00000000	      0.00000000
      1.16100000	     -0.06338116	      0.00000000	     -0.00000000	     -0.05013590	      0.03549634	      0.04394281	      0.00000000	     -0.00000000	     -0.00000000
      1.16200000	     -0.05242744	      0.00000000	      0.00000000	     -0.04708372	      0.02881321	      0.03740855	      0.00000000	      0.00000000	      0.00000000
      1.16300000	     -0.05240918	     -0.00000000	      0.00000000	     -0.06356771	      0.03468897	      0.03272964	     -0.00000000	     -0.00000000	      0.00000000
      1.16400000	     -0.06917348	      0.00000000	      0.00000000	     -0.05015593	      0.03992156	      0.04629476	      0.00000000	      0.00000000	     -0.00000000
      1.16500000	     -0.06680034	      0.00000000	      0.00000000	     -0.03655372	      0.03820838	      0.04791932	      0.00000000	      0.00000000	      0.00000000
      1.16600000	     -0.05532294	      0.00000000	     -0.00000000	     -0.04581968	      0.02963124	      0.04113901	     -0.00000000	      0.00000000	     -0.00000000
      1.16700000	     -0.05264536	      0.00000000	     -0.00000000	     -0.04930997	      0.03111462	      0.03543371	     -0.00000000	      0.00000000	      0.00000000
      1.16800000	     -0.05622949	      0.00000000	      0.00000000	     -0.03463530	      0.03109713	      0.04418433	      0.00000000	     -0.00000000	      0.00000000
      1.16900000	     -0.05736908	      0.00000000	     -0.00000000	     -0.04297563	      0.03300389	      0.03937452	     -0.00000000	      0.00000000	     -0.00000000
      1.17000000	     -0.05673802	     -0.00000000	     -0.00000000	     -0.04653682	      0.03447853	      0.03529815	     -0.00000000	      0.00000000	     -0.00000000
      1.17100000	     -0.06443752	      0.00000000	     -0.00000000	     -0.05299925	      0.03894628	      0.03785960	      0.00000000	      0.00000000	      0.00000000
      1.17200000	     -0.05019349	     -0.00000000	     -0.00000000	     -0.06501114	      0.03653383	      0.02867861	      0.00000000	      0.00000000	     -0.00000000
      1.17300000	     -0.06418826	      0.00000000	     -0.00000000	     -0.04129035	      0.03573034	      0.04713986	     -0.00000000	     -0.00000000	     -0.00000000
      1.17400000	     -0.05397849	     -0.00000000	      0.00000000	     -0.05178161	      0.03659839	      0.02969218	      0.00000000	      0.00000000	     -0.00000000
      1.17500000	     -0.05766162	     -0.00000000	      0.00000000	     -0.06370053	      0.03595610	      0.03420943	      0.00000000	      0.00000000	     -0.00000000
      1.17600000	     -0.05694543	      0.00000000	      0.00000000	     -0.04877026	      0.03159948	      0.03987961	      0.00000000	     -0.00000000	     -0.00000000
      1.17700000	     -0.05864616	      0.00000000	     -0.00000000	     -0.04456821	      0.03277114	      0.04165907	     -0.00000000	     -0.00000000	     -0.00000000
      1.17800000	     -0.06726967	     -0.00000000	      0.00000000	     -0.04465762	      0.03804197	      0.04709542	     -0.00000000	     -0.00000000	      0.00000000
      1.17900000	     -0.05727046	      0.00000000	      0.00000000	     -0.06112596	      0.03835897	      0.03202246	      0.00000000	      0.00000000	     -0.00000000
      1.18000000	     -0.05610642	     -0.00000000	      0.00000000	     -0.03342933	      0.03175846	      0.04212012	      0.00000000	      0.00000000	      0.00000000
      1.18100000	     -0.06863841	      0.00000000	     -0.00000000	     -0.04631607	      0.04032546	      0.04293629	     -0.00000000	     -0.00000000	     -0.00000000
      1.18200000	     -0.06103834	     -0.00000000	      0.00000000	     -0.04965415	      0.03677469	      0.03635842	      0.00000000	      0.00000000	      0.00000000
      1.18300000	     -0.06794748	      0.00000000	      0.00000000	     -0.04472990	      0.03866609	      0.04567011	      0.00000000	      0.00000000	     -0.00000000
      1.18400000	     -0.05954572	      0.00000000	      0.00000000	     -0.05196782	      0.03808247	      0.03346250	      0.00000000	     -0.00000000	     -0.00000000
      1.18500000	     -0.05606818	      0.00000000	      0.00000000	     -0.05434137	      0.03388912	      0.03499912	      0.00000000	      0.00000000	      0.00000000
      1.18600000	     -0.05335565	      0.00000000	      0.00000000	     -0.06479862	      0.03605805	      0.03213394	      0.00000000	     -0.00000000	      0.00000000
      1.18700000	     -0.04921213	     -0.00000000	     -0.00000000	     -0.04731766	      0.02830951	      0.03672565	      0.00000000	     -0.00000000	     -0.00000000
      1.18800000	     -0.05852073	     -0.00000000	     -0.00000000	     -0.05937896	      0.03434818	      0.03868080	     -0.00000000	      0.00000000	      0.00000000
      1.18900000	     -0.06350073	      0.00000000	     -0.00000000	     -0.03231083	      0.03645721	      0.04783073	     -0.00000000	      0.00000000	     -0.00000000
      1.19000000	     -0.06899370	      0.00000000	     -0.00000000	     -0.05029613	      0.03943531	      0.04766662	      0.00000000	      0.00000000	      0.00000000
      1.19100000	     -0.06209798	     -0.00000000	      0.00000000	     -0.03574053	      0.03498515	      0.04813867	      0.00000000	      0.00000000	     -0.00000000
      1.19200000	     -0.05487893	      0.00000000	     -0.00000000	     -0.05758405	      0.03717734	      0.03088128	     -0.00000000	     -0.00000000	     -0.00000000
      1.19300000	     -0.05246848	      0.00000000	      0.00000000	     -0.04562898	      0.02903006	      0.03746801	      0.00000000	     -0.00000000	      0.00000000
      1.19400000	     -0.05883783	      0.00000000	      0.00000000	     -0.03222581	      0.03314272	      0.04491110	      0.00000000	     -0.00000000	      0.00000000
      1.19500000	     -0.06393291	      0.00000000	     -0.00000000	     -0.05142527	      0.03593674	      0.04201288	     -0.00000000	      0.00000000	      0.00000000
      1.19600000	     -0.04812974	     -0.00000000	     -0.00000000	     -0.03883373	      0.02957893	      0.03431970	     -0.00000000	     -0.00000000	     -0.00000000
      1.19700000	     -0.05202196	     -0.00000000	      0.00000000	     -0.06215148	      0.03510039	      0.03022108	      0.00000000	      0.00000000	      0.00000000
      1.19800000	     -0.06976557	     -0.00000000	     -0.00000000	     -0.05473338	      0.04058959	      0.04916551	      0.00000000	      0.00000000	      0.00000000
      1.19900000	     -0.05810120	     -0.00000000	     -0.00000000	     -0.05286992	      0.03364119	      0.03703478	     -0.00000000	     -0.00000000	      0.00000000
      1.20000000	     -0.06223847	     -0.00000000	      0.00000000	     -0.04095434	      0.03488569	      0.04428789	      0.00000000	      0.00000000	      0.00000000
      1.20100000	     -0.06765234	     -0.00000000	     -0.00000000	     -0.05709700	      0.03870022	      0.04341513	     -0.00000000	      0.00000000	     -0.00000000
      1.20200000	     -0.06974394	      0.00000000	      0.00000000	     -0.04835078	      0.04138147	      0.04898213	     -0.00000000	     -0.00000000	      0.00000000
      1.20300000	     -0.06478558	      0.00000000	     -0.00000000	     -0.04770150	      0.03565778	      0.04929315	     -0.00000000	      0.00000000	      0.00000000
      1.20400000	     -0.06253138	     -0.00000000	     -0.00000000	     -0.06308932	      0.03874567	      0.03795530	      0.00000000	     -0.00000000	      0.00000000
      1.20500000	     -0.06042429	     -0.00000000	     -0.00000000	     -0.03047791	      0.03380328	      0.04678690	      0.00000000	     -0.00000000	      0.00000000
      1.20600000	     -0.06465628	     -0.00000000	     -0.00000000	     -0.05487669	      0.03782551	      0.04095851	     -0.00000000	     -0.00000000	      0.00000000
      1.20700000	     -0.06917935	     -0.00000000	      0.00000000	     -0.04273733	      0.04036849	      0.04835219	      0.00000000	      0.00000000	     -0.00000000
      1.20800000	     -0.06288298	      0.00000000	     -0.00000000	     -0.05087279	      0.03929185	      0.03638015	      0.00000000	      0.00000000	      0.00000000
      1.20900000	     -0.05683101	     -0.00000000	      0.00000000	     -0.05259579	      0.03566591	      0.03380182	      0.00000000	     -0.00000000	     -0.00000000
      1.21000000	     -0.05468695	      0.00000000	      0.00000000	     -0.04989989	      0.03376857	      0.03461889	     -0.00000000	     -0.00000000	     -0.00000000
      1.21100000	     -0.06693981	     -0.00000000	     -0.00000000	     -0.04101068	      0.03784084	      0.04748592	     -0.00000000	     -0.00000000	     -0.00000000
      1.21200000	     -0.05748989	     -0.00000000	      0.00000000	     -0.04822901	      0.03644193	      0.03224180	     -0.00000000	     -0.00000000	      0.00000000
      1.21300000	     -0.06006631	     -0.00000000	     -0.00000000	     -0.05001041	      0.03356036	      0.04207906	      0.00000000	     -0.00000000	     -0.00000000
      1.21400000	     -0.06831082	     -0.00000000	     -0.00000000	     -0.05861627	      0.03916402	      0.04469610	      0.00000000	     -0.00000000	     -0.00000000
      1.21500000	     -0.05787760	     -0.00000000	     -0.00000000	     -0.04229145	      0.03270452	      0.04015619	     -0.00000000	     -0.00000000	     -0.00000000
      1.21600000	     -0.06466862	     -0.00000000	     -0.00000000	     -0.04130203	      0.03672539	      0.04301076	     -0.00000000	     -0.00000000	     -0.00000000
      1.21700000	     -0.05934476	      0.00000000	      0.00000000	     -0.04977046	      0.03687460	      0.03575905	      0.00000000	     -0.00000000	     -0.00000000
      1.21800000	     -0.05425984	      0.00000000	     -0.00000000	     -0.03448918	      0.02986455	      0.04220134	      0.00000000	      0.00000000	     -0.00000000
      1.21900000	     -0.04681375	      0.00000000	     -0.00000000	     -0.04522055	      0.02975665	      0.03058535	      0.00000000	     -0.00000000	     -0.00000000
      1.22000000	     -0.05716085	      0.00000000	      0.00000000	     -0.03500483	      0.03174517	      0.04415942	      0.00000000	      0.00000000	     -0.00000000
      1.22100000	     -0.05416491	      0.00000000	     -0.00000000	     -0.05196040	      0.03149195	      0.03630202	     -0.00000000	     -0.00000000	      0.00000000
      1.22200000	     -0.06765611	     -0.00000000	     -0.00000000	     -0.05304207	      0.03755160	      0.04828936	      0.00000000	      0.00000000	      0.00000000
      1.22300000	     -0.06377317	     -0.00000000	     -0.00000000	     -0.04973055	      0.03569877	      0.04471786	     -0.00000000	     -0.00000000	     -0.00000000
      1.22400000	     -0.04692191	      0.00000000	      0.00000000	     -0.04795681	      0.03165046	      0.03057769	     -0.00000000	      0.00000000	      0.00000000
      1.22500000	     -0.05194076	      0.00000000	     -0.00000000	     -0.04604286	      0.02927451	      0.03652945	     -0.00000000	      0.00000000	     -0.00000000
      1.22600000	     -0.06487095	     -0.00000000	     -0.00000000	     -0.04593516	      0.03675649	      0.04213012	     -0.00000000	     -0.00000000	     -0.00000000
      1.22700000	     -0.05407505	      0.00000000	      0.00000000	     -0.04048695	      0.03393822	      0.03190953	     -0.00000000	     -0.00000000	     -0.00000000
      1.22800000	     -0.06775094	      0.00000000	     -0.00000000	     -0.04504297	      0.03874859	      0.04596555	     -0.00000000	      0.00000000	     -0.00000000
      1.22900000	     -0.05783083	      0.00000000	      0.00000000	     -0.04854777	      0.03325579	      0.03829232	     -0.00000000	     -0.00000000	      0.00000000
      1.23000000	     -0.04723477	     -0.00000000	     -0.00000000	     -0.04620314	      0.02930260	      0.03245178	      0.00000000	      0.00000000	     -0.00000000
      1.23100000	     -0.05958858	      0.00000000	     -0.00000000	     -0.04301276	      0.03285518	      0.04401451	      0.00000000	      0.00000000	      0.00000000
      1.23200000	     -0.06382230	      0.00000000	      0.00000000	     -0.03985890	      0.03632351	      0.04278501	     -0.00000000	     -0.00000000	      0.00000000
      1.23300000	     -0.06114930	      0.00000000	     -0.00000000	     -0.05735379	      0.03713432	      0.03827380	     -0.00000000	     -0.00000000	      0.00000000
      1.23400000	     -0.06380543	     -0.00000000	     -0.00000000	     -0.05152526	      0.03856794	      0.03694500	     -0.00000000	      0.00000000	     -0.00000000
      1.23500000	     -0.05201181	      0.00000000	      0.00000000	     -0.04201348	      0.03112271	      0.03419875	      0.00000000	     -0.00000000	     -0.00000000
      1.23600000	     -0.06771839	      0.00000000	      0.00000000	     -0.03854335	      0.04038486	      0.05082362	     -0.00000000	     -0.00000000	      0.00000000
      1.23700000	     -0.06381927	      0.00000000	      0.00000000	     -0.04354388	      0.03586180	      0.04494816	     -0.00000000	     -0.00000000	     -0.00000000
      1.23800000	     -0.06970972	     -0.00000000	      0.00000000	     -0.04870020	      0.04113026	      0.04768407	      0.00000000	      0.00000000	      0.00000000
      1.23900000	     -0.06597756	     -0.00000000	     -0.00000000	     -0.03919584	      0.03770634	      0.04727412	     -0.00000000	      0.00000000	     -0.00000000
      1.24000000	     -0.06955680	     -0.00000000	     -0.00000000	     -0.05655200	      0.04016512	      0.04778748	     -0.00000000	     -0.00000000	     -0.00000000
      1.24100000	     -0.05710699	      0.00000000	     -0.00000000	     -0.04761078	      0.03035730	      0.04350479	      0.00000000	     -0.00000000	      0.00000000
      1.24200000	     -0.06362406	     -0.00000000	     -0.00000000	     -0.04396918	      0.03500733	      0.04794467	     -0.00000000	     -0.00000000	     -0.00000000
      1.24300000	     -0.06031188	     -0.00000000	     -0.00000000	     -0.04741778	      0.03223597	      0.04692428	     -0.00000000	      0.00000000	     -0.00000000
      1.24400000	     -0.04477405	      0.00000000	      0.00000000	     -0.02859349	      0.02944160	      0.03110664	      0.00000000	      0.00000000	     -0.00000000
      1.24500000	     -0.05702649	     -0.00000000	      0.00000000	     -0.05071517	      0.03240736	      0.04012556	      0.00000000	      0.00000000	      0.00000000
      1.24600000	     -0.06090251	     -0.00000000	      0.00000000	     -0.05697642	      0.03781700	      0.03600278	      0.00000000	      0.00000000	     -0.00000000
      1.24700000	     -0.06903741	      0.00000000	     -0.00000000	     -0.05045948	      0.03954945	      0.04983528	      0.00000000	      0.00000000	      0.00000000
      1.24800000	     -0.06730608	      0.00000000	     -0.00000000	     -0.05844891	      0.03968426	      0.04382453	     -0.00000000	      0.00000000	     -0.00000000
      1.24900000	     -0.06588648	     -0.00000000	     -0.00000000	     -0.05878074	      0.03779693	      0.04203780	      0.00000000	     -0.00000000	      0.00000000
      1.25000000	     -0.06210915	     -0.00000000	     -0.00000000	     -0.05496417	      0.03578605	      0.03974717	     -0.00000000	     -0.00000000	      0.00000000
      1.25100000	     -0.06168182	      0.00000000	      0.00000000	     -0.06072277	      0.03681947	      0.03818150	      0.00000000	     -0.00000000	      0.00000000
      1.25200000	     -0.06471507	      0.00000000	      0.00000000	     -0.03797595	      0.03656191	      0.04485689	     -0.00000000	     -0.00000000	     -0.00000000
      1.25300000	     -0.06965578	      0.00000000	     -0.00000000	     -0.05129940	      0.04175648	      0.04884214	     -0.00000000	     -0.00000000	      0.00000000
      1.25400000	     -0.06609682	     -0.00000000	     -0.00000000	     -0.03760867	      0.03808435	      0.04630191	     -0.00000000	     -0.00000000	     -0.00000000
      1.25500000	     -0.06818414	      0.00000000	     -0.00000000	     -0.04636498	      0.03985305	      0.05113161	      0.00000000	     -0.00000000	     -0.00000000
      1.25600000	     -0.06107131	     -0.00000000	      0.00000000	     -0.04518494	      0.03308458	      0.04823255	     -0.00000000	     -0.00000000	     -0.00000000
      1.25700000	     -0.06754366	     -0.00000000	     -0.00000000	     -0.05842515	      0.03853632	      0.04525183	      0.00000000	     -0.00000000	      0.00000000
      1.25800000	     -0.06967729	     -0.00000000	     -0.00000000	     -0.04560586	      0.04149791	      0.04926974	     -0.00000000	     -0.00000000	     -0.00000000
      1.25900000	     -0.06774348	     -0.00000000	     -0.00000000	     -0.05038406	      0.03777520	      0.04770927	     -0.00000000	     -0.00000000	      0.00000000
      1.26000000	     -0.06397591	     -0.00000000	     -0.00000000	     -0.06193600	      0.03857362	      0.04011801	     -0.00000000	      0.00000000	      0.00000000
      1.26100000	     -0.05102942	      0.00000000	      0.00000000	     -0.03445063	      0.02983918	      0.03457372	      0.00000000	     -0.00000000	      0.00000000
      1.26200000	     -0.06491147	     -0.00000000	      0.00000000	     -0.04987863	      0.03539028	      0.04837116	      0.00000000	     -0.00000000	     -0.00000000
      1.26300000	     -0.05081165	      0.00000000	     -0.00000000	     -0.03726610	      0.03113923	      0.03365298	     -0.00000000	      0.00000000	      0.00000000
      1.26400000	     -0.05020474	      0.00000000	      0.00000000	     -0.04323279	      0.02969902	      0.03449662	      0.00000000	      0.00000000	      0.00000000
      1.26500000	     -0.06888986	     -0.00000000	      0.00000000	     -0.05434067	      0.03938905	      0.04689489	     -0.00000000	     -0.00000000	     -0.00000000
      1.26600000	     -0.05296456	     -0.00000000	     -0.00000000	     -0.04631245	      0.03363362	      0.03371094	     -0.00000000	      0.00000000	     -0.00000000
      1.26700000	     -0.05799114	     -0.00000000	     -0.00000000	     -0.05179674	      0.03736922	      0.03410935	      0.00000000	      0.00000000	     -0.00000000
      1.26800000	     -0.06691853	     -0.00000000	      0.00000000	     -0.04488859	      0.03746811	      0.04847263	      0.00000000	      0.00000000	      0.00000000
      1.26900000	     -0.06454237	      0.00000000	     -0.00000000	     -0.05577700	      0.03923753	      0.03833571	      0.00000000	      0.00000000	     -0.00000000
      1.27000000	     -0.06338445	     -0.00000000	      0.00000000	     -0.04139972	      0.03505081	      0.04688778	     -0.00000000	      0.00000000	     -0.00000000
      1.27100000	     -0.05860889	      0.00000000	      0.00000000	     -0.03796067	      0.03345943	      0.04232611	      0.00000000	      0.00000000	      0.00000000
      1.27200000	     -0.06601311	      0.00000000	     -0.00000000	     -0.05473514	      0.03738721	      0.04377522	     -0.00000000	     -0.00000000	      0.00000000
      1.27300000	     -0.05747904	      0.00000000	      0.00000000	     -0.04523954	      0.03251884	      0.04061407	      0.00000000	      0.00000000	      0.00000000
      1.27400000	     -0.06261561	     -0.00000000	     -0.00000000	     -0.04832362	      0.03533082	      0.04109353	     -0.00000000	     -0.00000000	      0.00000000
      1.27500000	     -0.05354105	     -0.00000000	     -0.00000000	     -0.03038942	      0.03049262	      0.04106962	     -0.00000000	     -0.00000000	      0.00000000
      1.27600000	     -0.06493139	     -0.00000000	      0.00000000	     -0.03999623	      0.03636235	      0.04819527	     -0.00000000	      0.00000000	      0.00000000
      1.27700000	     -0.06186154	     -0.00000000	      0.00000000	     -0.05346499	      0.03921597	      0.03598582	      0.00000000	      0.00000000	     -0.00000000
      1.27800000	     -0.06644607	     -0.00000000	     -0.00000000	     -0.04729092	      0.03752667	      0.05095175	     -0.00000000	     -0.00000000	      0.00000000
      1.27900000	     -0.05985712	     -0.00000000	     -0.00000000	     -0.05653125	      0.03501556	      0.03971156	     -0.00000000	     -0.00000000	      0.00000000
      1.28000000	     -0.06870295	     -0.00000000	      0.00000000	     -0.04062012	      0.04083093	      0.05013737	      0.00000000	      0.00000000	      0.00000000
      1.28100000	     -0.05845304	     -0.00000000	      0.00000000	     -0.06568043	      0.03854376	      0.03543761	      0.00000000	     -0.00000000	      0.00000000
      1.28200000	     -0.05784435	     -0.00000000	      0.00000000	     -0.04707048	      0.03243076	      0.04014374	      0.00000000	      0.00000000	      0.00000000
      1.28300000	     -0.06132199	     -0.00000000	      0.00000000	     -0.06369531	      0.03706815	      0.03744021	      0.00000000	      0.00000000	     -0.00000000
      1.28400000	     -0.05866763	      0.00000000	      0.00000000	     -0.05248691	      0.03267116	      0.03934224	     -0.00000000	     -0.00000000	     -0.00000000
      1.28500000	     -0.05743173	      0.00000000	      0.00000000	     -0.03110401	      0.03237583	      0.04391163	      0.00000000	     -0.00000000	      0.00000000
      1.28600000	     -0.06827077	     -0.00000000	     -0.00000000	     -0.04358043	      0.04015198	      0.05077972	     -0.00000000	     -0.00000000	     -0.00000000
      1.28700000	     -0.06681094	     -0.00000000	      0.00000000	     -0.04199929	      0.03965907	      0.05138203	     -0.00000000	      0.00000000	     -0.00000000
      1.28800000	     -0.05985803	      0.00000000	      0.00000000	     -0.03990695	      0.03310829	      0.04566354	     -0.00000000	     -0.00000000	     -0.00000000
      1.28900000	     -0.06247829	      0.00000000	     -0.00000000	     -0.05935877	      0.03794663	      0.03859859	     -0.00000000	     -0.00000000	      0.00000000
      1.29000000	     -0.05941619	      0.00000000	     -0.00000000	     -0.04505887	      0.03191649	      0.04511039	      0.00000000	      0.00000000	      0.00000000
      1.29100000	     -0.06644416	     -0.00000000	      0.00000000	     -0.04454772	      0.03787218	      0.04504981	      0.00000000	      0.00000000	     -0.00000000
      1.29200000	     -0.06127305	      0.00000000	     -0.00000000	     -0.03487676	      0.03495468	      0.04344285	      0.00000000	      0.00000000	      0.00000000
      1.29300000	     -0.06381017	     -0.00000000	     -0.00000000	     -0.04475978	      0.03564465	      0.04280282	     -0.00000000	     -0.00000000	      0.00000000
      1.29400000	     -0.05810387	     -0.00000000	     -0.00000000	     -0.04772910	      0.03065592	      0.04538928	      0.00000000	     -0.00000000	     -0.00000000
      1.29500000	     -0.06871861	     -0.00000000	     -0.00000000	     -0.04897638	      0.03936179	      0.04584841	     -0.00000000	     -0.00000000	     -0.00000000
      1.29600000	     -0.06969941	      0.00000000	     -0.00000000	     -0.04578694	      0.04125537	      0.04857583	      0.00000000	     -0.00000000	      0.00000000
      1.29700000	     -0.05347354	     -0.00000000	      0.00000000	     -0.05186025	      0.03281629	      0.03424934	      0.00000000	     -0.00000000	     -0.00000000
      1.29800000	     -0.05841072	      0.00000000	     -0.00000000	     -0.04714261	      0.03108040	      0.04485018	     -0.00000000	      0.00000000	     -0.00000000
      1.29900000	     -0.06562165	      0.00000000	     -0.00000000	     -0.05048614	      0.03952669	      0.04053524	     -0.00000000	     -0.00000000	     -0.00000000
      1.30000000	     -0.06584577	     -0.00000000	     -0.00000000	     -0.05178284	      0.03725258	      0.04356792	      0.00000000	     -0.00000000	     -0.00000000
      1.30100000	     -0.06311163	     -0.00000000	     -0.00000000	     -0.04113913	      0.03527091	      0.04974340	     -0.00000000	     -0.00000000	      0.00000000
      1.30200000	     -0.06374155	      0.00000000	     -0.00000000	     -0.05431682	      0.03490794	      0.04466161	      0.00000000	      0.00000000	     -0.00000000
      1.30300000	     -0.06887137	     -0.00000000	      0.00000000	     -0.04886834	      0.03964519	      0.05045343	     -0.00000000	      0.00000000	      0.00000000
      1.30400000	     -0.05499730	     -0.00000000	     -0.00000000	     -0.04871063	      0.02957936	      0.04072601	     -0.00000000	      0.00000000	     -0.00000000
      1.30500000	     -0.06047279	      0.00000000	      0.00000000	     -0.03918502	      0.03456320	      0.04170205	     -0.00000000	      0.00000000	     -0.00000000
      1.30600000	     -0.06833585	     -0.00000000	     -0.00000000	     -0.04946855	      0.03946218	      0.05098454	     -0.00000000	     -0.00000000	     -0.00000000
      1.30700000	     -0.06659229	      0.00000000	     -0.00000000	     -0.03539212	      0.03941160	      0.05013660	     -0.00000000	     -0.00000000	      0.00000000
      1.30800000	     -0.06863086	      0.00000000	     -0.00000000	     -0.04607571	      0.03954824	      0.04525135	     -0.00000000	     -0.00000000	     -0.00000000
      1.30900000	     -0.06470825	     -0.00000000	     -0.00000000	     -0.05089544	      0.03564232	      0.04672918	     -0.00000000	     -0.00000000	      0.00000000
      1.31000000	     -0.06937115	     -0.00000000	      0.00000000	     -0.04055842	      0.04108971	      0.04855189	      0.00000000	      0.00000000	     -0.00000000
      1.31100000	     -0.06296467	      0.00000000	     -0.00000000	     -0.05679563	      0.03611998	      0.04040318	     -0.00000000	     -0.00000000	      0.00000000
      1.31200000	     -0.06954565	      0.00000000	      0.00000000	     -0.04916523	      0.04134316	      0.04595335	      0.00000000	      0.00000000	     -0.00000000
      1.31300000	     -0.05520613	      0.00000000	     -0.00000000	     -0.03883093	      0.03082469	      0.04092482	     -0.00000000	      0.00000000	      0.00000000
      1.31400000	     -0.06092378	     -0.00000000	     -0.00000000	     -0.04009575	      0.03359644	      0.04665369	      0.00000000	     -0.00000000	      0.00000000
      1.31500000	     -0.06379592	     -0.00000000	     -0.00000000	     -0.06176429	      0.03853891	      0.03852797	      0.00000000	      0.00000000	      0.00000000
      1.31600000	     -0.05121965	      0.00000000	     -0.00000000	     -0.03353684	      0.03094384	      0.03571022	      0.00000000	     -0.00000000	     -0.00000000
      1.31700000	     -0.06729186	     -0.00000000	     -0.00000000	     -0.04472649	      0.03811973	      0.04929668	     -0.00000000	      0.00000000	      0.00000000
      1.31800000	     -0.06444114	     -0.00000000	     -0.00000000	     -0.05356763	      0.03775683	      0.04197209	     -0.00000000	      0.00000000	      0.00000000
      1.31900000	     -0.06921459	      0.00000000	      0.00000000	     -0.05219789	      0.04127299	      0.05123064	      0.00000000	      0.00000000	      0.00000000
      1.32000000	     -0.06377536	      0.00000000	      0.00000000	     -0.04155894	      0.03649957	      0.05088766	     -0.00000000	     -0.00000000	     -0.00000000
      1.32100000	     -0.06307167	     -0.00000000	     -0.00000000	     -0.04532228	      0.03588638	      0.04295776	     -0.00000000	      0.00000000	     -0.00000000
      1.32200000	     -0.05229254	     -0.00000000	      0.00000000	     -0.05811913	      0.03152712	      0.03474785	      0.00000000	      0.00000000	     -0.00000000
      1.32300000	     -0.06390973	     -0.00000000	     -0.00000000	     -0.05503399	      0.03928748	      0.03709750	     -0.00000000	     -0.00000000	      0.00000000
      1.32400000	     -0.05929399	      0.00000000	     -0.00000000	     -0.04369413	      0.03230653	      0.04551290	     -0.00000000	      0.00000000	     -0.00000000
      1.32500000	     -0.06151519	      0.00000000	     -0.00000000	     -0.05627908	      0.03814230	      0.03581691	     -0.00000000	     -0.00000000	      0.00000000
      1.32600000	     -0.05879334	      0.00000000	     -0.00000000	     -0.02945857	      0.03333868	      0.04793498	     -0.00000000	     -0.00000000	      0.00000000
      1.32700000	     -0.06831419	      0.00000000	      0.00000000	     -0.04643753	      0.03930223	      0.05035741	     -0.00000000	      0.00000000	     -0.00000000
      1.32800000	     -0.05776482	     -0.00000000	      0.00000000	     -0.03201780	      0.03229955	      0.04778491	      0.00000000	      0.00000000	      0.00000000
      1.32900000	     -0.05690364	     -0.00000000	      0.00000000	     -0.05505388	      0.03133505	      0.03955127	     -0.00000000	     -0.00000000	     -0.00000000
      1.33000000	     -0.06319989	      0.00000000	     -0.00000000	     -0.04568990	      0.03518662	      0.04433852	      0.00000000	      0.00000000	     -0.00000000
      1.33100000	     -0.06814524	     -0.00000000	      0.00000000	     -0.05206881	      0.03880725	      0.04482452	      0.00000000	      0.00000000	     -0.00000000
      1.33200000	     -0.06057088	      0.00000000	     -0.00000000	     -0.06042691	      0.03677750	      0.03820873	     -0.00000000	      0.00000000	      0.00000000
      1.33300000	     -0.06504879	      0.00000000	      0.00000000	     -0.05804940	      0.03892264	      0.04020841	      0.00000000	      0.00000000	      0.00000000
      1.33400000	     -0.06062000	     -0.00000000	      0.00000000	     -0.04044844	      0.03410425	      0.04964981	     -0.00000000	      0.00000000	      0.00000000
      1.33500000	     -0.06851068	      0.00000000	     -0.00000000	     -0.04350099	      0.04363054	      0.04959453	     -0.00000000	     -0.00000000	     -0.00000000
      1.33600000	     -0.06939813	     -0.00000000	      0.00000000	     -0.05664051	      0.04006529	      0.04847613	      0.00000000	     -0.00000000	     -0.00000000
      1.33700000	     -0.06040409	     -0.00000000	     -0.00000000	     -0.05121436	      0.03377289	      0.04110656	     -0.00000000	     -0.00000000	     -0.00000000
      1.33800000	     -0.06191614	      0.00000000	      0.00000000	     -0.04650954	      0.03377870	      0.04586952	      0.00000000	      0.00000000	      0.00000000
      1.33900000	     -0.06446636	      0.00000000	     -0.00000000	     -0.04230313	      0.03634894	      0.04645120	     -0.00000000	     -0.00000000	      0.00000000
      1.34000000	     -0.05592553	      0.00000000	     -0.00000000	     -0.04716095	      0.03003531	      0.04254866	      0.00000000	     -0.00000000	      0.00000000
      1.34100000	     -0.05748314	      0.00000000	     -0.00000000	     -0.05203970	      0.03478325	      0.03730292	      0.00000000	      0.00000000	      0.00000000
      1.34200000	     -0.06951973	     -0.00000000	      0.00000000	     -0.04367187	      0.04089546	      0.04826572	      0.00000000	     -0.00000000	      0.00000000
      1.34300000	     -0.06313462	      0.00000000	      0.00000000	     -0.03294997	      0.03627089	      0.04896710	      0.00000000	     -0.00000000	     -0.00000000
      1.34400000	     -0.06379504	      0.00000000	     -0.00000000	     -0.04726850	      0.03773959	      0.03895950	     -0.00000000	     -0.00000000	     -0.00000000
      1.34500000	     -0.06089914	     -0.00000000	      0.00000000	     -0.05102101	      0.03622923	      0.03870029	      0.00000000	      0.00000000	      0.00000000
      1.34600000	     -0.06201410	     -0.00000000	     -0.00000000	     -0.03708616	      0.03483441	      0.04910900	      0.00000000	      0.00000000	     -0.00000000
      1.34700000	     -0.06581482	      0.00000000	      0.00000000	     -0.05982575	      0.03845571	      0.04331055	      0.00000000	      0.00000000	     -0.00000000
      1.34800000	     -0.06641158	     -0.00000000	      0.00000000	     -0.05994639	      0.03946249	      0.04302456	      0.00000000	      0.00000000	     -0.00000000
      1.34900000	     -0.06695514	     -0.00000000	     -0.00000000	     -0.04441318	      0.03758240	      0.04748338	      0.00000000	      0.00000000	      0.00000000
      1.35000000	     -0.06720967	     -0.00000000	     -0.00000000	     -0.04957840	      0.03885914	      0.05153330	      0.00000000	      0.00000000	      0.00000000
      1.35100000	     -0.06269208	      0.00000000	     -0.00000000	     -0.04237004	      0.03464633	      0.04892368	      0.00000000	     -0.00000000	     -0.00000000
      1.35200000	     -0.06155593	     -0.00000000	      0.00000000	     -0.04729861	      0.03545956	      0.03959477	      0.00000000	      0.00000000	      0.00000000
      1.35300000	     -0.06590901	     -0.00000000	      0.00000000	     -0.05529554	      0.03692405	      0.04438632	      0.00000000	     -0.00000000	     -0.00000000
      1.35400000	     -0.06965702	     -0.00000000	      0.00000000	     -0.04739606	      0.04167029	      0.04918511	     -0.00000000	     -0.00000000	      0.00000000
      1.35500000	     -0.06936313	      0.00000000	     -0.00000000	     -0.05132835	      0.04234064	      0.04980577	      0.00000000	      0.00000000	      0.00000000
      1.35600000	     -0.06971072	      0.00000000	      0.00000000	     -0.05005746	      0.04117100	      0.04846496	     -0.00000000	     -0.00000000	     -0.00000000
      1.35700000	     -0.06726078	      0.00000000	     -0.00000000	     -0.03638847	      0.04436028	      0.05186458	     -0.00000000	     -0.00000000	     -0.00000000
      1.35800000	     -0.05764199	      0.00000000	     -0.00000000	     -0.05460050	      0.03178938	      0.03999436	     -0.00000000	     -0.00000000	     -0.00000000
      1.35900000	     -0.06264551	      0.00000000	      0.00000000	     -0.05785250	      0.03894785	      0.03786153	      0.00000000	      0.00000000	      0.00000000
      1.36000000	     -0.06778564	      0.00000000	     -0.00000000	     -0.05316291	      0.03832967	      0.04508231	     -0.00000000	     -0.00000000	     -0.00000000
      1.36100000	     -0.05789874	      0.00000000	      0.00000000	     -0.04803147	      0.03303286	      0.04098364	      0.00000000	     -0.00000000	      0.00000000
      1.36200000	     -0.06845188	      0.00000000	      0.00000000	     -0.04760183	      0.04068146	      0.05184901	     -0.00000000	     -0.00000000	      0.00000000
      1.36300000	     -0.06465978	      0.00000000	     -0.00000000	     -0.03513338	      0.03867241	      0.05138386	      0.00000000	      0.00000000	      0.00000000
      1.36400000	     -0.06322283	     -0.00000000	     -0.00000000	     -0.04014652	      0.03537558	      0.04781221	     -0.00000000	      0.00000000	      0.00000000
      1.36500000	     -0.06649593	      0.00000000	      0.00000000	     -0.05192756	      0.03718158	      0.04581611	      0.00000000	     -0.00000000	      0.00000000
      1.36600000	     -0.06794774	     -0.00000000	      0.00000000	     -0.05510193	      0.03790329	      0.04651747	      0.00000000	      0.00000000	     -0.00000000
      1.36700000	     -0.06381243	      0.00000000	      0.00000000	     -0.05500506	      0.03518911	      0.04351813	      0.00000000	      0.00000000	      0.00000000
      1.36800000	     -0.05802359	     -0.00000000	     -0.00000000	     -0.04771716	      0.03102353	      0.04465556	      0.00000000	      0.00000000	     -0.00000000
      1.36900000	     -0.06052462	      0.00000000	      0.00000000	     -0.04652201	      0.03608505	      0.03774070	     -0.00000000	     -0.00000000	     -0.00000000
      1.37000000	     -0.05347196	      0.00000000	      0.00000000	     -0.03520859	      0.03020017	      0.04062555	      0.00000000	      0.00000000	     -0.00000000
      1.37100000	     -0.06886134	     -0.00000000	      0.00000000	     -0.03982026	      0.04224799	      0.05052674	     -0.00000000	     -0.00000000	      0.00000000
      1.37200000	     -0.06971434	     -0.00000000	      0.00000000	     -0.05647887	      0.04025475	      0.04941732	      0.00000000	      0.00000000	      0.00000000
      1.37300000	     -0.06462521	      0.00000000	      0.00000000	     -0.05248379	      0.03504706	      0.04689843	     -0.00000000	      0.00000000	      0.00000000
      1.37400000	     -0.05929875	     -0.00000000	     -0.00000000	     -0.03065533	      0.03463572	      0.04966546	      0.00000000	      0.00000000	      0.00000000
      1.37500000	     -0.05465950	      0.00000000	     -0.00000000	     -0.04387291	      0.03112969	      0.03939836	     -0.00000000	      0.00000000	     -0.00000000
      1.37600000	     -0.06512917	      0.00000000	      0.00000000	     -0.03878949	      0.04029126	      0.05214150	     -0.00000000	     -0.00000000	     -0.00000000
      1.37700000	     -0.05495494	     -0.00000000	     -0.00000000	     -0.03851644	      0.03140500	      0.04064711	      0.00000000	      0.00000000	      0.00000000
      1.37800000	     -0.06097461	      0.00000000	     -0.00000000	     -0.04225552	      0.03364984	      0.04591343	     -0.00000000	      0.00000000	      0.00000000
      1.37900000	     -0.06336046	      0.00000000	     -0.00000000	     -0.06136759	      0.03930392	      0.03884663	     -0.00000000	      0.00000000	     -0.00000000
      1.38000000	     -0.06268243	      0.00000000	     -0.00000000	     -0.03407249	      0.03570313	      0.04831499	     -0.00000000	      0.00000000	     -0.00000000
      1.38100000	     -0.06794228	     -0.00000000	      0.00000000	     -0.04178580	      0.03977566	      0.05066330	     -0.00000000	     -0.00000000	      0.00000000
      1.38200000	     -0.06590224	     -0.00000000	      0.00000000	     -0.05424857	      0.03594584	      0.04683697	      0.00000000	     -0.00000000	      0.00000000
      1.38300000	     -0.06641593	     -0.00000000	     -0.00000000	     -0.05065403	      0.03899266	      0.04110842	     -0.00000000	      0.00000000	      0.00000000
      1.38400000	     -0.06756222	      0.00000000	     -0.00000000	     -0.05266598	      0.03896751	      0.04533195	     -0.00000000	     -0.00000000	      0.00000000
      1.38500000	     -0.06754322	     -0.00000000	     -0.00000000	     -0.05690242	      0.03831550	      0.04667846	     -0.00000000	     -0.00000000	     -0.00000000
      1.38600000	     -0.06700294	     -0.00000000	      0.00000000	     -0.03814887	      0.03899131	      0.04984024	     -0.00000000	      0.00000000	      0.00000000
      1.38700000	     -0.06969167	     -0.00000000	      0.00000000	     -0.05509011	      0.04108112	      0.04859685	      0.00000000	      0.00000000	      0.00000000
      1.38800000	     -0.06031358	      0.00000000	     -0.00000000	     -0.04926902	      0.03243069	      0.04604381	     -0.00000000	     -0.00000000	     -0.00000000
      1.38900000	     -0.05792707	     -0.00000000	     -0.00000000	     -0.05303160	      0.03331583	      0.03824230	      0.00000000	     -0.00000000	      0.00000000
      1.39000000	     -0.06847155	      0.00000000	     -0.00000000	     -0.04282810	      0.04069961	      0.05107469	     -0.00000000	      0.00000000	     -0.00000000
      1.39100000	     -0.06813114	      0.00000000	      0.00000000	     -0.05290972	      0.03960621	      0.04482139	      0.00000000	     -0.00000000	      0.00000000
      1.39200000	     -0.06258667	      0.00000000	     -0.00000000	     -0.04012530	      0.03558138	      0.04264637	     -0.00000000	     -0.00000000	     -0.00000000
      1.39300000	     -0.06866071	     -0.00000000	      0.00000000	     -0.04759015	      0.04306882	      0.05137128	     -0.00000000	      0.00000000	      0.00000000
      1.39400000	     -0.06750454	      0.00000000	     -0.00000000	     -0.04733231	      0.03797114	      0.04840604	     -0.00000000	     -0.00000000	     -0.00000000
      1.39500000	     -0.05633903	     -0.00000000	      0.00000000	     -0.05430209	      0.03055193	      0.04054487	      0.00000000	      0.00000000	      0.00000000
      1.39600000	     -0.06883883	      0.00000000	      0.00000000	     -0.05330580	      0.04227415	      0.05057072	      0.00000000	     -0.00000000	     -0.00000000
      1.39700000	     -0.05709370	      0.00000000	     -0.00000000	     -0.04039304	      0.03136323	      0.04801685	     -0.00000000	     -0.00000000	      0.00000000
      1.39800000	     -0.06137184	      0.00000000	      0.00000000	     -0.03402246	      0.03519878	      0.04982117	      0.00000000	     -0.00000000	      0.00000000
      1.39900000	     -0.06835856	      0.00000000	     -0.00000000	     -0.04570687	      0.04060430	      0.05178067	     -0.00000000	     -0.00000000	     -0.00000000
      1.40000000	     -0.05958348	     -0.00000000	      0.00000000	     -0.05470943	      0.03401048	      0.03988648	     -0.00000000	      0.00000000	     -0.00000000
      1.40100000	     -0.06831997	      0.00000000	      0.00000000	     -0.05257684	      0.04269915	      0.05090003	     -0.00000000	     -0.00000000	      0.00000000
      1.40200000	     -0.05654506	      0.00000000	     -0.00000000	     -0.04402492	      0.03031395	      0.04265991	      0.00000000	     -0.00000000	     -0.00000000
      1.40300000	     -0.06368844	     -0.00000000	     -0.00000000	     -0.04669754	      0.03682758	      0.05119588	      0.00000000	      0.00000000	     -0.00000000
      1.40400000	     -0.06130228	      0.00000000	     -0.00000000	     -0.04771261	      0.03632050	      0.03999715	     -0.00000000	     -0.00000000	      0.00000000
      1.40500000	     -0.05436821	     -0.00000000	      0.00000000	     -0.05259454	      0.03087752	      0.03909049	      0.00000000	      0.00000000	     -0.00000000
      1.40600000	     -0.06952804	     -0.00000000	     -0.00000000	     -0.05121413	      0.04188951	      0.04788796	     -0.00000000	     -0.00000000	     -0.00000000
      1.40700000	     -0.06848127	     -0.00000000	     -0.00000000	     -0.05373685	      0.03892921	      0.04673874	     -0.00000000	      0.00000000	      0.00000000
      1.40800000	     -0.06621637	      0.00000000	      0.00000000	     -0.05428106	      0.03773005	      0.04432105	      0.00000000	      0.00000000	     -0.00000000
      1.40900000	     -0.06736089	     -0.00000000	      0.00000000	     -0.05673624	      0.03912315	      0.04528581	     -0.00000000	      0.00000000	      0.00000000
      1.41000000	     -0.06922292	     -0.00000000	     -0.00000000	     -0.04229508	      0.04154596	      0.05020679	      0.00000000	     -0.00000000	      0.00000000
      1.41100000	     -0.06078790	      0.00000000	     -0.00000000	     -0.03701959	      0.03384791	      0.04843378	     -0.00000000	      0.00000000	      0.00000000
      1.41200000	     -0.06133252	     -0.00000000	     -0.00000000	     -0.05653432	      0.03508610	      0.04202542	     -0.00000000	      0.00000000	      0.00000000
      1.41300000	     -0.06918545	      0.00000000	      0.00000000	     -0.05233261	      0.04135344	      0.05135656	      0.00000000	      0.00000000	      0.00000000
      1.41400000	     -0.05824784	     -0.00000000	      0.00000000	     -0.03639282	      0.03195489	      0.04771972	     -0.00000000	      0.00000000	      0.00000000
      1.41500000	     -0.06904333	      0.00000000	     -0.00000000	     -0.04906660	      0.03972826	      0.04967708	      0.00000000	     -0.00000000	      0.00000000
      1.41600000	     -0.06213081	     -0.00000000	      0.00000000	     -0.03788167	      0.03500463	      0.04963106	     -0.00000000	      0.00000000	     -0.00000000
      1.41700000	     -0.06006996	     -0.00000000	     -0.00000000	     -0.03536043	      0.03372255	      0.04350719	     -0.00000000	     -0.00000000	      0.00000000
      1.41800000	     -0.06628759	     -0.00000000	     -0.00000000	     -0.05597255	      0.03924811	      0.04171170	      0.00000000	     -0.00000000	      0.00000000
      1.41900000	     -0.06656150	     -0.00000000	     -0.00000000	     -0.04575410	      0.04084065	      0.05249632	     -0.00000000	      0.00000000	     -0.00000000
      1.42000000	     -0.06496694	      0.00000000	     -0.00000000	     -0.04080984	      0.03639925	      0.04771175	     -0.00000000	     -0.00000000	      0.00000000
      1.42100000	     -0.06320992	      0.00000000	     -0.00000000	     -0.05137104	      0.03435311	      0.04708683	     -0.00000000	      0.00000000	      0.00000000
      1.42200000	     -0.06819151	     -0.00000000	      0.00000000	     -0.05539605	      0.03802214	      0.04852180	      0.00000000	     -0.00000000	     -0.00000000
      1.42300000	     -0.06643663	     -0.00000000	      0.00000000	     -0.04265039	      0.03942616	      0.05183183	      0.00000000	      0.00000000	     -0.00000000
      1.42400000	     -0.06282160	      0.00000000	     -0.00000000	     -0.04172390	      0.03599242	      0.04366279	     -0.00000000	     -0.00000000	     -0.00000000
      1.42500000	     -0.06839012	     -0.00000000	      0.00000000	     -0.04245361	      0.04391477	      0.05082387	      0.00000000	      0.00000000	      0.00000000
      1.42600000	     -0.05929885	     -0.00000000	      0.00000000	     -0.03621185	      0.03282250	      0.04753775	     -0.00000000	     -0.00000000	      0.00000000
      1.42700000	     -0.06133342	      0.00000000	      0.00000000	     -0.05658227	      0.03480709	      0.04156133	      0.00000000	      0.00000000	     -0.00000000
      1.42800000	     -0.06965999	     -0.00000000	      0.00000000	     -0.04668434	      0.04164244	      0.04979528	      0.00000000	      0.00000000	      0.00000000
      1.42900000	     -0.06926588	      0.00000000	      0.00000000	     -0.05247008	      0.04126702	      0.05191895	     -0.00000000	     -0.00000000	     -0.00000000
      1.43000000	     -0.06876438	      0.00000000	     -0.00000000	     -0.04885665	      0.03999476	      0.05153882	      0.00000000	     -0.00000000	      0.00000000
      1.43100000	     -0.06432827	      0.00000000	      0.00000000	     -0.04623696	      0.03759944	      0.05155119	      0.00000000	     -0.00000000	      0.00000000
      1.43200000	     -0.06614857	     -0.00000000	     -0.00000000	     -0.04498501	      0.03722785	      0.05017516	     -0.00000000	      0.00000000	     -0.00000000
      1.43300000	     -0.05922444	      0.00000000	      0.00000000	     -0.04286505	      0.03206966	      0.04792446	     -0.00000000	     -0.00000000	      0.00000000
      1.43400000	     -0.06688351	     -0.00000000	      0.00000000	     -0.05000607	      0.03759788	      0.04545061	     -0.00000000	     -0.00000000	      0.00000000
      1.43500000	     -0.06596940	     -0.00000000	     -0.00000000	     -0.04816368	      0.04065032	      0.05256426	     -0.00000000	     -0.00000000	     -0.00000000
      1.43600000	     -0.06859480	      0.00000000	     -0.00000000	     -0.05326654	      0.04044656	      0.04592990	      0.00000000	      0.00000000	      0.00000000
      1.43700000	     -0.06606980	     -0.00000000	      0.00000000	     -0.05526932	      0.03934772	      0.04148003	      0.00000000	     -0.00000000	      0.00000000
      1.43800000	     -0.06506481	      0.00000000	     -0.00000000	     -0.04798433	      0.03596558	      0.05012431	     -0.00000000	      0.00000000	      0.00000000
      1.43900000	     -0.05601991	     -0.00000000	      0.00000000	     -0.04424776	      0.03228511	      0.03984318	      0.00000000	     -0.00000000	      0.00000000
      1.44000000	     -0.06774994	     -0.00000000	      0.00000000	     -0.04553523	      0.04075905	      0.05220756	      0.00000000	      0.00000000	      0.00000000
      1.44100000	     -0.06829297	      0.00000000	     -0.00000000	     -0.04641775	      0.03906793	      0.04626403	     -0.00000000	     -0.00000000	     -0.00000000
      1.44200000	     -0.05800800	      0.00000000	      0.00000000	     -0.03154280	      0.03220948	      0.04608760	      0.00000000	     -0.00000000	     -0.00000000
      1.44300000	     -0.06938984	      0.00000000	     -0.00000000	     -0.05113953	      0.04029320	      0.04851462	     -0.00000000	      0.00000000	     -0.00000000
      1.44400000	     -0.06798352	      0.00000000	     -0.00000000	     -0.04279393	      0.04447168	      0.05017547	     -0.00000000	      0.00000000	     -0.00000000
      1.44500000	     -0.06058526	     -0.00000000	      0.00000000	     -0.03898642	      0.03447634	      0.04406932	      0.00000000	      0.00000000	      0.00000000
      1.44600000	     -0.06284873	     -0.00000000	      0.00000000	     -0.04948462	      0.03395991	      0.04667216	     -0.00000000	      0.00000000	     -0.00000000
      1.44700000	     -0.06778297	      0.00000000	     -0.00000000	     -0.05150279	      0.04052306	      0.04313801	      0.00000000	      0.00000000	     -0.00000000
      1.44800000	     -0.05787318	      0.00000000	      0.00000000	     -0.05612979	      0.03163168	      0.04088333	     -0.00000000	     -0.00000000	      0.00000000
      1.44900000	     -0.06856640	      0.00000000	      0.00000000	     -0.05665046	      0.03872203	      0.04720548	      0.00000000	      0.00000000	     -0.00000000
      1.45000000	     -0.06491211	     -0.00000000	     -0.00000000	     -0.04227437	      0.04015133	      0.05245976	     -0.00000000	      0.00000000	     -0.00000000
      1.45100000	     -0.06109734	     -0.00000000	      0.00000000	     -0.03115986	      0.03728212	      0.05138799	      0.00000000	     -0.00000000	     -0.00000000
      1.45200000	     -0.06846854	      0.00000000	     -0.00000000	     -0.04805624	      0.03933683	      0.05085206	     -0.00000000	     -0.00000000	     -0.00000000
      1.45300000	     -0.06456145	      0.00000000	     -0.00000000	     -0.06280399	      0.03917773	      0.04159053	      0.00000000	     -0.00000000	     -0.00000000
      1.45400000	     -0.06819482	      0.00000000	      0.00000000	     -0.05717244	      0.03891552	      0.04605750	     -0.00000000	      0.00000000	     -0.00000000
      1.45500000	     -0.06539065	     -0.00000000	     -0.00000000	     -0.04950230	      0.03736938	      0.05131843	      0.00000000	     -0.00000000	      0.00000000
      1.45600000	     -0.06961167	      0.00000000	      0.00000000	     -0.04709811	      0.04093684	      0.04921206	      0.00000000	      0.00000000	      0.00000000
      1.45700000	     -0.05653486	     -0.00000000	      0.00000000	     -0.03297562	      0.03255913	      0.04912877	      0.00000000	     -0.00000000	      0.00000000
      1.45800000	     -0.06795201	     -0.00000000	      0.00000000	     -0.03927486	      0.04201352	      0.05172108	     -0.00000000	      0.00000000	      0.00000000
      1.45900000	     -0.06754499	     -0.00000000	     -0.00000000	     -0.04246610	      0.03874433	      0.04896533	     -0.00000000	      0.00000000	      0.00000000
      1.46000000	     -0.06885449	     -0.00000000	      0.00000000	     -0.05587094	      0.03895869	      0.04800278	     -0.00000000	      0.00000000	     -0.00000000
      1.46100000	     -0.06892556	     -0.00000000	      0.00000000	     -0.04423925	      0.04110722	      0.05071205	     -0.00000000	     -0.00000000	      0.00000000
      1.46200000	     -0.06718085	      0.00000000	     -0.00000000	     -0.04428040	      0.04471898	      0.05098614	      0.00000000	      0.00000000	     -0.00000000
      1.46300000	     -0.06527457	     -0.00000000	      0.00000000	     -0.04393609	      0.03866665	      0.05194350	     -0.00000000	     -0.00000000	      0.00000000
      1.46400000	     -0.06570102	      0.00000000	     -0.00000000	     -0.05265340	      0.03630634	      0.04747727	     -0.00000000	     -0.00000000	      0.00000000
      1.46500000	     -0.06135706	     -0.00000000	      0.00000000	     -0.05663722	      0.03346536	      0.04318518	      0.00000000	     -0.00000000	      0.00000000
      1.46600000	     -0.06452530	     -0.00000000	     -0.00000000	     -0.06378326	      0.03961976	      0.04223036	      0.00000000	      0.00000000	      0.00000000
      1.46700000	     -0.06666424	     -0.00000000	     -0.00000000	     -0.04134416	      0.03808094	      0.04957563	     -0.00000000	      0.00000000	     -0.00000000
      1.46800000	     -0.06548922	      0.00000000	      0.00000000	     -0.05260367	      0.03694241	      0.04555965	     -0.00000000	     -0.00000000	     -0.00000000
      1.46900000	     -0.06893443	      0.00000000	      0.00000000	     -0.05293226	      0.04002395	      0.04737875	     -0.00000000	     -0.00000000	     -0.00000000
      1.47000000	     -0.05981707	     -0.00000000	      0.00000000	     -0.04478021	      0.03439752	      0.04957917	     -0.00000000	     -0.00000000	     -0.00000000
      1.47100000	     -0.06510964	     -0.00000000	      0.00000000	     -0.04721364	      0.03600235	      0.04996538	     -0.00000000	      0.00000000	      0.00000000
      1.47200000	     -0.05813788	     -0.00000000	     -0.00000000	     -0.05060767	      0.03217362	      0.04197364	      0.00000000	     -0.00000000	     -0.00000000
      1.47300000	     -0.05879257	     -0.00000000	      0.00000000	     -0.03827443	      0.03220271	      0.04836392	      0.00000000	      0.00000000	      0.00000000
      1.47400000	     -0.05979008	      0.00000000	      0.00000000	     -0.03926294	      0.03361367	      0.04492420	      0.00000000	      0.00000000	      0.00000000
      1.47500000	     -0.06905342	     -0.00000000	     -0.00000000	     -0.04792019	      0.04265450	      0.05084412	     -0.00000000	     -0.00000000	      0.00000000
      1.47600000	     -0.06458588	      0.00000000	      0.00000000	     -0.04570328	      0.03768498	      0.05152945	     -0.00000000	     -0.00000000	     -0.00000000
      1.47700000	     -0.06857032	      0.00000000	     -0.00000000	     -0.04896388	      0.03952209	      0.04659795	      0.00000000	      0.00000000	     -0.00000000
      1.47800000	     -0.06156964	      0.00000000	      0.00000000	     -0.04574077	      0.03341030	      0.04770050	      0.00000000	      0.00000000	      0.00000000
      1.47900000	     -0.06753764	      0.00000000	     -0.00000000	     -0.05885481	      0.03988633	      0.04440016	     -0.00000000	     -0.00000000	      0.00000000
      1.48000000	     -0.06656986	     -0.00000000	      0.00000000	     -0.05166458	      0.03685868	      0.05027968	     -0.00000000	     -0.00000000	     -0.00000000
      1.48100000	     -0.06606784	      0.00000000	     -0.00000000	     -0.04912601	      0.03916722	      0.05218132	      0.00000000	     -0.00000000	     -0.00000000
      1.48200000	     -0.06796530	     -0.00000000	     -0.00000000	     -0.04525765	      0.03934302	      0.05133383	      0.00000000	     -0.00000000	     -0.00000000
      1.48300000	     -0.06373625	      0.00000000	     -0.00000000	     -0.05145122	      0.03458058	      0.04789417	      0.00000000	      0.00000000	     -0.00000000
      1.48400000	     -0.06142080	     -0.00000000	     -0.00000000	     -0.03541103	      0.03504633	      0.05002676	     -0.00000000	      0.00000000	     -0.00000000
      1.48500000	     -0.05872082	     -0.00000000	      0.00000000	     -0.03347855	      0.03362492	      0.04945549	      0.00000000	     -0.00000000	      0.00000000
      1.48600000	     -0.06945101	      0.00000000	     -0.00000000	     -0.04584232	      0.04076280	      0.04889037	     -0.00000000	      0.00000000	      0.00000000
      1.48700000	     -0.05972931	      0.00000000	      0.00000000	     -0.04357356	      0.03417495	      0.04949993	      0.00000000	     -0.00000000	     -0.00000000
      1.48800000	     -0.06829907	      0.00000000	     -0.00000000	     -0.05382900	      0.04006381	      0.04585953	      0.00000000	      0.00000000	     -0.00000000
      1.48900000	     -0.06522278	      0.00000000	     -0.00000000	     -0.05747020	      0.03753200	      0.04274728	      0.00000000	      0.00000000	     -0.00000000
      1.49000000	     -0.06411529	     -0.00000000	     -0.00000000	     -0.05910220	      0.03598876	      0.04337573	      0.00000000	     -0.00000000	      0.00000000
      1.49100000	     -0.06822095	      0.00000000	      0.00000000	     -0.04525611	      0.04123544	      0.05200357	     -0.00000000	      0.00000000	      0.00000000
      1.49200000	     -0.06136572	     -0.00000000	      0.00000000	     -0.05020558	      0.03425480	      0.04381465	      0.00000000	      0.00000000	     -0.00000000
      1.49300000	     -0.06927911	      0.00000000	     -0.00000000	     -0.05174913	      0.04182848	      0.05093853	     -0.00000000	     -0.00000000	     -0.00000000
      1.49400000	     -0.06762397	     -0.00000000	     -0.00000000	     -0.05197792	      0.04066022	      0.04309713	      0.00000000	     -0.00000000	      0.00000000
      1.49500000	     -0.05798511	      0.00000000	     -0.00000000	     -0.03194142	      0.03240638	      0.04777643	     -0.00000000	     -0.00000000	      0.00000000
      1.49600000	     -0.06715023	      0.00000000	     -0.00000000	     -0.04345791	      0.04517286	      0.05085509	      0.00000000	     -0.00000000	     -0.00000000
      1.49700000	     -0.06292733	      0.00000000	      0.00000000	     -0.05486899	      0.03381238	      0.04656041	      0.00000000	     -0.00000000	      0.00000000
      1.49800000	     -0.06650176	     -0.00000000	     -0.00000000	     -0.04424125	      0.04483084	      0.05198124	      0.00000000	      0.00000000	      0.00000000
      1.49900000	     -0.06773328	      0.00000000	     -0.00000000	     -0.04739816	      0.03839096	      0.04717634	     -0.00000000	     -0.00000000	      0.00000000
      1.50000000	     -0.06606912	     -0.00000000	      0.00000000	     -0.04640751	      0.04051818	      0.05253384	     -0.00000000	      0.00000000	     -0.00000000
      1.50100000	     -0.06414413	     -0.00000000	     -0.00000000	     -0.03660952	      0.03986507	      0.05237384	     -0.00000000	     -0.00000000	      0.00000000
      1.50200000	     -0.06464249	      0.00000000	      0.00000000	     -0.04935600	      0.03662523	      0.04481333	      0.00000000	      0.00000000	     -0.00000000
      1.50300000	     -0.06378824	     -0.00000000	      0.00000000	     -0.04542185	      0.03648561	      0.04435557	     -0.00000000	      0.00000000	     -0.00000000
      1.50400000	     -0.06201584	     -0.00000000	      0.00000000	     -0.03715670	      0.03985825	      0.05220833	      0.00000000	     -0.00000000	     -0.00000000
      1.50500000	     -0.06465214	      0.00000000	      0.00000000	     -0.04385134	      0.03602889	      0.04941103	      0.00000000	      0.00000000	     -0.00000000
      1.50600000	     -0.06692749	     -0.00000000	     -0.00000000	     -0.04762416	      0.04336185	      0.05258860	     -0.00000000	      0.00000000	     -0.00000000
      1.50700000	     -0.06779101	      0.00000000	      0.00000000	     -0.04731833	      0.03943335	      0.05192588	      0.00000000	      0.00000000	      0.00000000
      1.50800000	     -0.06095993	      0.00000000	     -0.00000000	     -0.04186079	      0.03342984	      0.04871542	      0.00000000	      0.00000000	     -0.00000000
      1.50900000	     -0.06335554	     -0.00000000	     -0.00000000	     -0.04453100	      0.03656904	      0.05104843	     -0.00000000	     -0.00000000	     -0.00000000
      1.51000000	     -0.06712838	     -0.00000000	     -0.00000000	     -0.06207573	      0.04018383	      0.04520547	     -0.00000000	      0.00000000	     -0.00000000
      1.51100000	     -0.06297669	     -0.00000000	      0.00000000	     -0.04988685	      0.03426545	      0.04721831	      0.00000000	      0.00000000	      0.00000000
      1.51200000	     -0.06910190	     -0.00000000	      0.00000000	     -0.04456186	      0.04027923	      0.04856076	     -0.00000000	      0.00000000	      0.00000000
      1.51300000	     -0.05950870	     -0.00000000	      0.00000000	     -0.04383361	      0.03233315	      0.04845748	     -0.00000000	     -0.00000000	     -0.00000000
      1.51400000	     -0.06835562	     -0.00000000	      0.00000000	     -0.05086799	      0.04242872	      0.05218215	     -0.00000000	     -0.00000000	     -0.00000000
      1.51500000	     -0.06800986	     -0.00000000	      0.00000000	     -0.04326964	      0.03935332	      0.05060925	     -0.00000000	     -0.00000000	      0.00000000
      1.51600000	     -0.06322435	     -0.00000000	      0.00000000	     -0.04492847	      0.03488794	      0.05007802	     -0.00000000	      0.00000000	      0.00000000
      1.51700000	     -0.06914770	     -0.00000000	      0.00000000	     -0.04937277	      0.04039109	      0.04626329	      0.00000000	     -0.00000000	     -0.00000000
      1.51800000	     -0.06826929	      0.00000000	     -0.00000000	     -0.05032641	      0.03885396	      0.04775458	      0.00000000	     -0.00000000	     -0.00000000
      1.51900000	     -0.06565866	      0.00000000	     -0.00000000	     -0.05823075	      0.03933438	      0.04266878	     -0.00000000	     -0.00000000	      0.00000000
      1.52000000	     -0.06711662	     -0.00000000	     -0.00000000	     -0.06343872	      0.04002410	      0.04514674	     -0.00000000	     -0.00000000	     -0.00000000
      1.52100000	     -0.06900237	     -0.00000000	      0.00000000	     -0.04692485	      0.04299933	      0.05007356	      0.00000000	      0.00000000	     -0.00000000
      1.52200000	     -0.06683461	     -0.00000000	     -0.00000000	     -0.04920730	      0.04390432	      0.05236273	     -0.00000000	      0.00000000	     -0.00000000
      1.52300000	     -0.06247504	      0.00000000	      0.00000000	     -0.05313562	      0.03338922	      0.04687350	     -0.00000000	     -0.00000000	      0.00000000
      1.52400000	     -0.06054644	     -0.00000000	      0.00000000	     -0.04945832	      0.03221857	      0.04721633	      0.00000000	      0.00000000	     -0.00000000
      1.52500000	     -0.06654968	      0.00000000	      0.00000000	     -0.04415036	      0.04199188	      0.05274840	      0.00000000	      0.00000000	     -0.00000000
      1.52600000	     -0.06767702	      0.00000000	     -0.00000000	     -0.04931556	      0.04010882	      0.05220624	     -0.00000000	     -0.00000000	     -0.00000000
      1.52700000	     -0.06888875	      0.00000000	     -0.00000000	     -0.04668861	      0.03991521	      0.05025972	     -0.00000000	      0.00000000	     -0.00000000
      1.52800000	     -0.06711567	      0.00000000	      0.00000000	     -0.05408006	      0.03868642	      0.04564107	     -0.00000000	      0.00000000	      0.00000000
      1.52900000	     -0.06905595	      0.00000000	      0.00000000	     -0.05540173	      0.04220455	      0.05065876	     -0.00000000	     -0.00000000	      0.00000000
      1.53000000	     -0.06807203	      0.00000000	     -0.00000000	     -0.05282359	      0.03833089	      0.04790994	      0.00000000	     -0.00000000	     -0.00000000
      1.53100000	     -0.06248106	     -0.00000000	      0.00000000	     -0.05980331	      0.03465548	      0.04353316	      0.00000000	      0.00000000	     -0.00000000
      1.53200000	     -0.06855984	      0.00000000	     -0.00000000	     -0.06132792	      0.04028136	      0.04767681	      0.00000000	      0.00000000	      0.00000000
      1.53300000	     -0.06381828	      0.00000000	      0.00000000	     -0.04242070	      0.03748197	      0.05168796	     -0.00000000	     -0.00000000	      0.00000000
      1.53400000	     -0.05923522	     -0.00000000	      0.00000000	     -0.04028542	      0.03225726	      0.04792445	     -0.00000000	      0.00000000	      0.00000000
      1.53500000	     -0.06948145	     -0.00000000	     -0.00000000	     -0.04618481	      0.04243273	      0.05043287	      0.00000000	      0.00000000	      0.00000000
      1.53600000	     -0.06801854	     -0.00000000	      0.00000000	     -0.04595488	      0.04221932	      0.05233145	      0.00000000	     -0.00000000	      0.00000000
      1.53700000	     -0.06553963	      0.00000000	      0.00000000	     -0.05349444	      0.03629828	      0.04736048	      0.00000000	     -0.00000000	      0.00000000
      1.53800000	     -0.06551417	      0.00000000	      0.00000000	     -0.05345164	      0.03568163	      0.04815981	     -0.00000000	      0.00000000	      0.00000000
      1.53900000	     -0.06976432	     -0.00000000	     -0.00000000	     -0.04710066	      0.04164091	      0.04825488	     -0.00000000	     -0.00000000	     -0.00000000
      1.54000000	     -0.06662860	      0.00000000	     -0.00000000	     -0.04193279	      0.04549049	      0.05026800	      0.00000000	      0.00000000	     -0.00000000
      1.54100000	     -0.05891604	     -0.00000000	      0.00000000	     -0.04012269	      0.03401126	      0.04965616	      0.00000000	     -0.00000000	     -0.00000000
      1.54200000	     -0.06013694	      0.00000000	      0.00000000	     -0.04529998	      0.03552767	      0.04950340	      0.00000000	      0.00000000	     -0.00000000
      1.54300000	     -0.06475389	      0.00000000	     -0.00000000	     -0.04618937	      0.03974209	      0.05222498	      0.00000000	      0.00000000	     -0.00000000
      1.54400000	     -0.06817711	     -0.00000000	      0.00000000	     -0.05034867	      0.04256557	      0.05234647	      0.00000000	      0.00000000	      0.00000000
      1.54500000	     -0.06830276	     -0.00000000	      0.00000000	     -0.05030647	      0.03998977	      0.04584371	      0.00000000	      0.00000000	      0.00000000
      1.54600000	     -0.06715891	      0.00000000	     -0.00000000	     -0.04230524	      0.03986476	      0.05187004	     -0.00000000	      0.00000000	     -0.00000000
      1.54700000	     -0.06072295	      0.00000000	      0.00000000	     -0.03884369	      0.03747686	      0.05123887	      0.00000000	      0.00000000	     -0.00000000
      1.54800000	     -0.06105752	     -0.00000000	     -0.00000000	     -0.04175001	      0.03348827	      0.04879105	      0.00000000	     -0.00000000	     -0.00000000
      1.54900000	     -0.06189370	      0.00000000	     -0.00000000	     -0.04110410	      0.03424520	      0.04795248	      0.00000000	      0.00000000	     -0.00000000
      1.55000000	     -0.06529606	      0.00000000	     -0.00000000	     -0.05730214	      0.03655071	      0.04469234	     -0.00000000	     -0.00000000	      0.00000000
      1.55100000	     -0.06203693	      0.00000000	     -0.00000000	     -0.04117691	      0.03429503	      0.04872016	      0.00000000	      0.00000000	      0.00000000
      1.55200000	     -0.06635828	     -0.00000000	     -0.00000000	     -0.05113194	      0.03713411	      0.04768223	      0.00000000	     -0.00000000	      0.00000000
      1.55300000	     -0.06576699	     -0.00000000	      0.00000000	     -0.04167246	      0.03722915	      0.04959109	      0.00000000	      0.00000000	     -0.00000000
      1.55400000	     -0.06648208	      0.00000000	      0.00000000	     -0.06285321	      0.03935906	      0.04450885	     -0.00000000	      0.00000000	     -0.00000000
      1.55500000	     -0.06839391	     -0.00000000	      0.00000000	     -0.04938355	      0.04341203	      0.05041347	      0.00000000	      0.00000000	     -0.00000000
      1.55600000	     -0.06434421	      0.00000000	      0.00000000	     -0.03960445	      0.03654975	      0.05059683	      0.00000000	      0.00000000	      0.00000000
      1.55700000	     -0.05739932	     -0.00000000	      0.00000000	     -0.04815304	      0.03123812	      0.04367753	     -0.00000000	      0.00000000	      0.00000000
      1.55800000	     -0.06465954	     -0.00000000	     -0.00000000	     -0.04449490	      0.04088980	      0.05253070	      0.00000000	     -0.00000000	      0.00000000
      1.55900000	     -0.06067573	     -0.00000000	     -0.00000000	     -0.03834700	      0.03601275	      0.05094763	     -0.00000000	     -0.00000000	      0.00000000
      1.56000000	     -0.06815472	     -0.00000000	      0.00000000	     -0.04482409	      0.04117567	      0.05196492	     -0.00000000	      0.00000000	     -0.00000000
      1.56100000	     -0.06462534	      0.00000000	      0.00000000	     -0.05006006	      0.03519321	      0.04954603	      0.00000000	     -0.00000000	     -0.00000000
      1.56200000	     -0.06906593	     -0.00000000	      0.00000000	     -0.04275196	      0.04220411	      0.05125872	      0.00000000	      0.00000000	     -0.00000000
      1.56300000	     -0.06931132	     -0.00000000	     -0.00000000	     -0.05225435	      0.04115799	      0.04730434	     -0.00000000	     -0.00000000	     -0.00000000
      1.56400000	     -0.06344806	     -0.00000000	     -0.00000000	     -0.04682888	      0.03909293	      0.05153143	     -0.00000000	     -0.00000000	      0.00000000
      1.56500000	     -0.06818763	     -0.00000000	      0.00000000	     -0.05986798	      0.03870077	      0.04752741	     -0.00000000	     -0.00000000	      0.00000000
      1.56600000	     -0.06783651	      0.00000000	     -0.00000000	     -0.04689035	      0.04205153	      0.05257044	     -0.00000000	      0.00000000	     -0.00000000
      1.56700000	     -0.06904398	      0.00000000	      0.00000000	     -0.05211540	      0.04145064	      0.04622780	      0.00000000	     -0.00000000	     -0.00000000
      1.56800000	     -0.06854183	      0.00000000	      0.00000000	     -0.05305034	      0.03974530	      0.05223961	      0.00000000	     -0.00000000	      0.00000000
      1.56900000	     -0.06499739	      0.00000000	     -0.00000000	     -0.04159191	      0.04580143	      0.05168773	     -0.00000000	     -0.00000000	      0.00000000
      1.57000000	     -0.06006518	      0.00000000	     -0.00000000	     -0.04339966	      0.03365619	      0.04944730	      0.00000000	      0.00000000	      0.00000000
      1.57100000	     -0.05852788	     -0.00000000	     -0.00000000	     -0.04116000	      0.03468303	      0.04932292	      0.00000000	     -0.00000000	      0.00000000
      1.57200000	     -0.06862053	      0.00000000	     -0.00000000	     -0.05735458	      0.03824486	      0.04985843	     -0.00000000	     -0.00000000	     -0.00000000
      1.57300000	     -0.06773516	     -0.00000000	     -0.00000000	     -0.04875152	      0.04377380	      0.05179504	      0.00000000	     -0.00000000	      0.00000000
      1.57400000	     -0.06694905	     -0.00000000	      0.00000000	     -0.05165146	      0.03736938	      0.05073691	     -0.00000000	      0.00000000	      0.00000000
      1.57500000	     -0.06826994	     -0.00000000	      0.00000000	     -0.05670569	      0.03919806	      0.04626423	      0.00000000	      0.00000000	      0.00000000
