MomentArm_hip_rotation_r
version=1
nRows=1575
nColumns=10
inDegrees=no

This analysis gathers basic information about muscles during a simulation (e.g., forces, tendon lengths, moment arms, etc).
Units are S.I. units (second, meters, Newtons, ...)
If the header above contains a line with 'inDegrees', this indicates whether rotational values are in degrees (yes) or radians (no).

endheader
time	bflh_r	bfsh_r	gasmed_r	glmax2_r	iliacus_r	recfem_r	soleus_r	tibant_r	vasmed_r
      0.00100000	     -0.00341873	     -0.00000000	      0.00000000	      0.00451539	      0.00813323	      0.00066409	      0.00000000	      0.00000000	     -0.00000000
      0.00200000	     -0.00583315	     -0.00000000	      0.00026781	     -0.02152894	      0.00919975	     -0.00330142	     -0.00000000	      0.00000000	     -0.00000000
      0.00300000	     -0.00684657	     -0.00000000	     -0.00000000	     -0.01035155	      0.00915023	     -0.00236781	     -0.00000000	     -0.00000000	      0.00000000
      0.00400000	     -0.00518201	     -0.00000000	      0.00016907	      0.00184228	      0.00884017	     -0.00185881	     -0.00000000	      0.00000000	      0.00000000
      0.00500000	     -0.00681467	     -0.00000000	      0.00000000	     -0.01466622	      0.00922455	     -0.00261983	     -0.00000000	      0.00000000	      0.00000000
      0.00600000	     -0.00335693	     -0.00000000	      0.00010470	      0.01101302	      0.00739411	      0.00056805	      0.00000000	     -0.00000000	     -0.00000000
      0.00700000	     -0.00423987	      0.00000000	      0.00014176	     -0.00024722	      0.00909008	      0.00002177	      0.00000000	      0.00000000	      0.00000000
      0.00800000	     -0.00570905	      0.00000000	      0.00004956	     -0.00276956	      0.00899414	     -0.00184959	     -0.00000000	     -0.00000000	     -0.00000000
      0.00900000	     -0.00741721	      0.00000000	     -0.00000986	     -0.01108609	      0.00941023	     -0.00372294	      0.00000000	     -0.00000000	      0.00000000
      0.01000000	     -0.00576916	      0.00000000	      0.00006611	     -0.01182776	      0.00927107	     -0.00181061	     -0.00000000	     -0.00000000	      0.00000000
      0.01100000	     -0.00319356	     -0.00000000	      0.00019261	     -0.00117660	      0.00859109	      0.00027478	     -0.00000000	     -0.00000000	     -0.00000000
      0.01200000	     -0.00705158	     -0.00000000	     -0.00000927	     -0.01481603	      0.01022040	     -0.00276336	     -0.00000000	      0.00000000	     -0.00000000
      0.01300000	     -0.00378201	     -0.00000000	     -0.00000000	      0.00335377	      0.00817084	      0.00051170	      0.00000000	      0.00000000	      0.00000000
      0.01400000	     -0.00663471	      0.00000000	      0.00006351	     -0.01292793	      0.00936473	     -0.00300821	     -0.00000000	      0.00000000	      0.00000000
      0.01500000	     -0.00659573	      0.00000000	      0.00012171	     -0.01611405	      0.01012934	     -0.00305668	     -0.00000000	      0.00000000	     -0.00000000
      0.01600000	     -0.00389796	      0.00000000	      0.00003503	      0.00285077	      0.00816911	      0.00023038	     -0.00000000	     -0.00000000	     -0.00000000
      0.01700000	     -0.00522477	      0.00000000	      0.00023615	      0.00122803	      0.00905805	     -0.00224089	      0.00000000	      0.00000000	     -0.00000000
      0.01800000	     -0.00321083	     -0.00000000	      0.00000000	      0.00557687	      0.00804334	      0.00037113	      0.00000000	      0.00000000	      0.00000000
      0.01900000	     -0.00443268	      0.00000000	     -0.00000000	     -0.00120724	      0.00914654	      0.00041363	     -0.00000000	     -0.00000000	      0.00000000
      0.02000000	     -0.00473496	      0.00000000	     -0.00000838	      0.00270843	      0.00866525	     -0.00053081	     -0.00000000	      0.00000000	      0.00000000
      0.02100000	     -0.00495002	     -0.00000000	      0.00008467	      0.00125642	      0.00873626	     -0.00110760	     -0.00000000	     -0.00000000	     -0.00000000
      0.02200000	     -0.00669038	     -0.00000000	     -0.00000711	     -0.00219944	      0.00982415	     -0.00309807	     -0.00000000	      0.00000000	      0.00000000
      0.02300000	     -0.00635833	      0.00000000	     -0.00000876	     -0.00785770	      0.00908862	     -0.00260123	      0.00000000	      0.00000000	     -0.00000000
      0.02400000	     -0.00504590	      0.00000000	      0.00000000	     -0.00130868	      0.00864406	     -0.00058864	     -0.00000000	      0.00000000	      0.00000000
      0.02500000	     -0.00615647	     -0.00000000	     -0.00000998	     -0.01192410	      0.00968784	     -0.00158999	      0.00000000	      0.00000000	     -0.00000000
      0.02600000	     -0.00534925	     -0.00000000	     -0.00000992	     -0.01564096	      0.00931850	     -0.00106998	     -0.00000000	     -0.00000000	     -0.00000000
      0.02700000	     -0.00719677	     -0.00000000	      0.00003758	     -0.01340228	      0.00945302	     -0.00372444	      0.00000000	     -0.00000000	     -0.00000000
      0.02800000	     -0.00530094	      0.00000000	      0.00014809	     -0.01913885	      0.00937063	     -0.00170652	     -0.00000000	      0.00000000	     -0.00000000
      0.02900000	     -0.00754859	     -0.00000000	     -0.00000752	     -0.01267326	      0.00940990	     -0.00381537	      0.00000000	     -0.00000000	     -0.00000000
      0.03000000	     -0.00621603	     -0.00000000	     -0.00001168	     -0.00658506	      0.00989786	     -0.00203369	     -0.00000000	      0.00000000	      0.00000000
      0.03100000	     -0.00564828	      0.00000000	      0.00004122	     -0.00069226	      0.00878737	     -0.00202245	     -0.00000000	     -0.00000000	     -0.00000000
      0.03200000	     -0.00489770	     -0.00000000	     -0.00000000	      0.00912710	      0.00802490	     -0.00076981	      0.00000000	      0.00000000	      0.00000000
      0.03300000	     -0.00452903	     -0.00000000	      0.00000000	      0.00200296	      0.00833490	     -0.00005999	      0.00000000	      0.00000000	     -0.00000000
      0.03400000	     -0.00304197	      0.00000000	      0.00006035	      0.01113819	      0.00726177	      0.00101546	      0.00000000	      0.00000000	     -0.00000000
      0.03500000	     -0.00381202	     -0.00000000	      0.00016104	     -0.01027713	      0.00912734	     -0.00022792	     -0.00000000	      0.00000000	      0.00000000
      0.03600000	     -0.00500374	     -0.00000000	     -0.00000000	      0.00427251	      0.00851694	     -0.00064719	     -0.00000000	     -0.00000000	      0.00000000
      0.03700000	     -0.00477331	     -0.00000000	      0.00022129	      0.00265208	      0.00884497	     -0.00152118	     -0.00000000	      0.00000000	     -0.00000000
      0.03800000	     -0.00765300	      0.00000000	      0.00000000	     -0.01901225	      0.00934787	     -0.00314466	      0.00000000	     -0.00000000	      0.00000000
      0.03900000	     -0.00741481	     -0.00000000	      0.00000000	     -0.01397475	      0.00942956	     -0.00311986	     -0.00000000	      0.00000000	      0.00000000
      0.04000000	     -0.00323282	      0.00000000	     -0.00000602	      0.01209410	      0.00726318	      0.00082090	      0.00000000	      0.00000000	     -0.00000000
      0.04100000	     -0.00379812	      0.00000000	      0.00005631	      0.00500163	      0.00823681	      0.00048627	      0.00000000	      0.00000000	     -0.00000000
      0.04200000	     -0.00396894	      0.00000000	      0.00024841	      0.00020611	      0.00867242	      0.00000630	     -0.00000000	      0.00000000	     -0.00000000
      0.04300000	     -0.00292367	     -0.00000000	      0.00007469	      0.00180197	      0.00861813	      0.00049393	     -0.00000000	     -0.00000000	     -0.00000000
      0.04400000	     -0.00517753	     -0.00000000	      0.00012375	     -0.01308289	      0.00960931	     -0.00102467	     -0.00000000	     -0.00000000	     -0.00000000
      0.04500000	     -0.00576037	     -0.00000000	      0.00000000	      0.00200759	      0.00877231	     -0.00157751	      0.00000000	      0.00000000	     -0.00000000
      0.04600000	     -0.00499032	     -0.00000000	      0.00010493	     -0.01137266	      0.00906983	     -0.00120825	      0.00000000	      0.00000000	     -0.00000000
      0.04700000	     -0.00712270	      0.00000000	     -0.00000604	     -0.01054645	      0.00948561	     -0.00297556	      0.00000000	      0.00000000	      0.00000000
      0.04800000	     -0.00646584	     -0.00000000	      0.00000000	     -0.00843041	      0.00946868	     -0.00202510	     -0.00000000	     -0.00000000	      0.00000000
      0.04900000	     -0.00353375	      0.00000000	     -0.00000450	      0.00758643	      0.00766408	      0.00052312	     -0.00000000	     -0.00000000	     -0.00000000
      0.05000000	     -0.00492460	      0.00000000	      0.00018915	     -0.00856515	      0.00966367	     -0.00084781	      0.00000000	     -0.00000000	      0.00000000
      0.05100000	     -0.00328906	      0.00000000	     -0.00000000	      0.00980493	      0.00742502	      0.00086324	     -0.00000000	     -0.00000000	      0.00000000
      0.05200000	     -0.00626541	     -0.00000000	     -0.00001137	     -0.00947948	      0.00909304	     -0.00226144	     -0.00000000	      0.00000000	     -0.00000000
      0.05300000	     -0.00446719	     -0.00000000	      0.00005880	     -0.00474490	      0.00867435	     -0.00051555	      0.00000000	     -0.00000000	     -0.00000000
      0.05400000	     -0.00464859	     -0.00000000	     -0.00000000	      0.00386613	      0.00810070	     -0.00031773	      0.00000000	     -0.00000000	      0.00000000
      0.05500000	     -0.00516253	      0.00000000	      0.00021353	     -0.00744720	      0.00893532	     -0.00195990	      0.00000000	     -0.00000000	      0.00000000
      0.05600000	     -0.00588079	      0.00000000	      0.00014249	     -0.00340960	      0.00940550	     -0.00266769	      0.00000000	     -0.00000000	      0.00000000
      0.05700000	     -0.00677729	     -0.00000000	      0.00003906	     -0.01484568	      0.00984307	     -0.00280424	     -0.00000000	     -0.00000000	     -0.00000000
      0.05800000	     -0.00670318	     -0.00000000	     -0.00000000	     -0.01744380	      0.00973638	     -0.00195902	     -0.00000000	     -0.00000000	     -0.00000000
      0.05900000	     -0.00529109	     -0.00000000	      0.00023160	     -0.01626095	      0.00954609	     -0.00169594	     -0.00000000	      0.00000000	      0.00000000
      0.06000000	     -0.00519698	     -0.00000000	     -0.00000000	     -0.00992861	      0.00915166	     -0.00063018	     -0.00000000	     -0.00000000	     -0.00000000
      0.06100000	     -0.00598450	     -0.00000000	     -0.00000831	      0.00151621	      0.00878859	     -0.00204732	     -0.00000000	      0.00000000	     -0.00000000
      0.06200000	     -0.00176621	      0.00000000	     -0.00000659	      0.00070783	      0.00848461	      0.00134543	      0.00000000	      0.00000000	     -0.00000000
      0.06300000	     -0.00525718	      0.00000000	      0.00002733	      0.00313195	      0.00851445	     -0.00153824	     -0.00000000	      0.00000000	     -0.00000000
      0.06400000	     -0.00620498	     -0.00000000	     -0.00000939	     -0.02294341	      0.00957039	     -0.00184162	      0.00000000	     -0.00000000	     -0.00000000
      0.06500000	     -0.00464483	     -0.00000000	      0.00010966	      0.00694255	      0.00827693	     -0.00100563	      0.00000000	      0.00000000	      0.00000000
      0.06600000	     -0.00469113	     -0.00000000	      0.00014893	      0.00263698	      0.00867087	     -0.00103245	      0.00000000	     -0.00000000	     -0.00000000
      0.06700000	     -0.00316151	     -0.00000000	      0.00009046	      0.00467675	      0.00813821	      0.00076305	     -0.00000000	      0.00000000	     -0.00000000
      0.06800000	     -0.00370085	      0.00000000	      0.00000000	      0.00758527	      0.00787387	      0.00068286	      0.00000000	     -0.00000000	     -0.00000000
      0.06900000	     -0.00330148	      0.00000000	     -0.00000000	      0.01223487	      0.00720697	      0.00081962	      0.00000000	     -0.00000000	     -0.00000000
      0.07000000	     -0.00584831	     -0.00000000	     -0.00000142	     -0.00408580	      0.00966488	     -0.00181715	      0.00000000	      0.00000000	     -0.00000000
      0.07100000	     -0.00504628	      0.00000000	     -0.00000619	      0.00191981	      0.00875296	     -0.00072897	     -0.00000000	      0.00000000	     -0.00000000
      0.07200000	     -0.00634805	      0.00000000	     -0.00000732	     -0.00224521	      0.00924476	     -0.00233578	     -0.00000000	     -0.00000000	     -0.00000000
      0.07300000	     -0.00552845	      0.00000000	      0.00006665	     -0.00633031	      0.00919791	     -0.00152900	      0.00000000	     -0.00000000	     -0.00000000
      0.07400000	     -0.00652008	     -0.00000000	      0.00019749	     -0.01676079	      0.00929824	     -0.00416368	     -0.00000000	      0.00000000	     -0.00000000
      0.07500000	     -0.00693902	     -0.00000000	      0.00000000	     -0.01049306	      0.00975857	     -0.00223395	      0.00000000	      0.00000000	     -0.00000000
      0.07600000	     -0.00566678	      0.00000000	     -0.00000906	     -0.00359209	      0.00923152	     -0.00136668	     -0.00000000	     -0.00000000	     -0.00000000
      0.07700000	     -0.00398675	      0.00000000	      0.00004448	     -0.00857247	      0.00922942	      0.00006326	     -0.00000000	      0.00000000	      0.00000000
      0.07800000	     -0.00617801	      0.00000000	     -0.00000508	     -0.00934092	      0.00910731	     -0.00186759	      0.00000000	      0.00000000	      0.00000000
      0.07900000	     -0.00416909	      0.00000000	      0.00010814	      0.00235614	      0.00856035	     -0.00003155	     -0.00000000	      0.00000000	      0.00000000
      0.08000000	     -0.00524287	      0.00000000	     -0.00001002	     -0.00318587	      0.00934707	     -0.00083602	     -0.00000000	     -0.00000000	      0.00000000
      0.08100000	     -0.00471919	     -0.00000000	     -0.00001144	      0.00323109	      0.00844759	     -0.00046844	      0.00000000	      0.00000000	     -0.00000000
      0.08200000	     -0.00465478	      0.00000000	     -0.00000000	      0.00106580	      0.00829990	     -0.00059011	     -0.00000000	     -0.00000000	     -0.00000000
      0.08300000	     -0.00517681	     -0.00000000	      0.00012017	     -0.01056561	      0.00953562	     -0.00102533	     -0.00000000	      0.00000000	      0.00000000
      0.08400000	     -0.00614900	      0.00000000	      0.00023328	     -0.01156547	      0.00931096	     -0.00378805	      0.00000000	     -0.00000000	      0.00000000
      0.08500000	     -0.00642669	     -0.00000000	      0.00008564	     -0.00732338	      0.00978894	     -0.00315733	      0.00000000	      0.00000000	     -0.00000000
      0.08600000	     -0.00611306	      0.00000000	      0.00018084	     -0.02189100	      0.00916628	     -0.00323764	      0.00000000	     -0.00000000	      0.00000000
      0.08700000	     -0.00632831	     -0.00000000	      0.00016108	     -0.00555436	      0.00944311	     -0.00353230	     -0.00000000	      0.00000000	      0.00000000
      0.08800000	     -0.00570052	      0.00000000	      0.00004922	     -0.01541826	      0.00954959	     -0.00149148	      0.00000000	     -0.00000000	      0.00000000
      0.08900000	     -0.00294524	     -0.00000000	      0.00004051	      0.01318274	      0.00699694	      0.00105854	     -0.00000000	      0.00000000	     -0.00000000
      0.09000000	     -0.00413900	      0.00000000	      0.00000000	      0.00975889	      0.00761801	     -0.00009859	      0.00000000	     -0.00000000	     -0.00000000
      0.09100000	     -0.00532733	      0.00000000	      0.00013431	     -0.02271948	      0.00932937	     -0.00192012	     -0.00000000	      0.00000000	     -0.00000000
      0.09200000	     -0.00482778	     -0.00000000	     -0.00000000	      0.00523529	      0.00810956	     -0.00049564	     -0.00000000	     -0.00000000	      0.00000000
      0.09300000	     -0.00505114	     -0.00000000	     -0.00000000	     -0.00587596	      0.00873557	     -0.00083843	     -0.00000000	     -0.00000000	     -0.00000000
      0.09400000	     -0.00278150	      0.00000000	     -0.00000000	      0.00831838	      0.00818901	      0.00086136	     -0.00000000	      0.00000000	     -0.00000000
      0.09500000	     -0.00376086	      0.00000000	      0.00000000	      0.00589558	      0.00815655	      0.00078587	      0.00000000	      0.00000000	      0.00000000
      0.09600000	     -0.00669931	      0.00000000	     -0.00000745	     -0.01561529	      0.00946449	     -0.00230266	     -0.00000000	      0.00000000	      0.00000000
      0.09700000	     -0.00480562	     -0.00000000	     -0.00000000	      0.00579263	      0.00815818	     -0.00062231	      0.00000000	      0.00000000	     -0.00000000
      0.09800000	     -0.00593126	      0.00000000	     -0.00000244	     -0.00178043	      0.00889262	     -0.00210177	      0.00000000	     -0.00000000	     -0.00000000
      0.09900000	     -0.00372112	     -0.00000000	     -0.00000612	      0.00876523	      0.00763849	      0.00036453	     -0.00000000	      0.00000000	      0.00000000
      0.10000000	     -0.00689935	      0.00000000	      0.00000000	     -0.00242047	      0.00935710	     -0.00266409	     -0.00000000	     -0.00000000	      0.00000000
      0.10100000	     -0.00543813	      0.00000000	     -0.00000685	     -0.01634598	      0.00943421	     -0.00104413	     -0.00000000	     -0.00000000	     -0.00000000
      0.10200000	     -0.00414720	      0.00000000	      0.00007592	      0.00046879	      0.00877733	      0.00023166	     -0.00000000	      0.00000000	     -0.00000000
      0.10300000	     -0.00570133	      0.00000000	      0.00000000	     -0.02353877	      0.00952219	     -0.00128917	     -0.00000000	     -0.00000000	      0.00000000
      0.10400000	     -0.00615633	      0.00000000	      0.00000000	      0.00130278	      0.00880424	     -0.00188089	     -0.00000000	     -0.00000000	      0.00000000
      0.10500000	     -0.00532664	      0.00000000	      0.00003308	     -0.00112048	      0.00902394	     -0.00128150	     -0.00000000	      0.00000000	     -0.00000000
      0.10600000	     -0.00392987	      0.00000000	     -0.00000866	      0.00985134	      0.00772309	     -0.00030655	      0.00000000	     -0.00000000	      0.00000000
      0.10700000	     -0.00551549	      0.00000000	      0.00000000	     -0.00326346	      0.00867839	     -0.00131106	      0.00000000	      0.00000000	     -0.00000000
      0.10800000	     -0.00423398	      0.00000000	      0.00003587	      0.00870500	      0.00782254	     -0.00035755	     -0.00000000	     -0.00000000	      0.00000000
      0.10900000	     -0.00516381	      0.00000000	      0.00000000	      0.00654191	      0.00838234	     -0.00104315	     -0.00000000	     -0.00000000	     -0.00000000
      0.11000000	     -0.00376471	     -0.00000000	      0.00012124	     -0.00247709	      0.00852144	     -0.00042632	     -0.00000000	      0.00000000	     -0.00000000
      0.11100000	     -0.00295173	     -0.00000000	      0.00011417	      0.00611790	      0.00818897	      0.00116519	      0.00000000	     -0.00000000	      0.00000000
      0.11200000	     -0.00504617	     -0.00000000	      0.00008132	      0.00057144	      0.00883402	     -0.00121492	     -0.00000000	     -0.00000000	     -0.00000000
      0.11300000	     -0.00686491	      0.00000000	     -0.00000000	     -0.00489397	      0.00916903	     -0.00233568	      0.00000000	      0.00000000	     -0.00000000
      0.11400000	     -0.00577717	      0.00000000	      0.00000000	     -0.01658200	      0.00931156	     -0.00125062	      0.00000000	     -0.00000000	      0.00000000
      0.11500000	     -0.00548008	      0.00000000	     -0.00001019	      0.00126698	      0.00879551	     -0.00138969	      0.00000000	     -0.00000000	      0.00000000
      0.11600000	     -0.00685363	     -0.00000000	     -0.00000582	     -0.01496998	      0.00980211	     -0.00267678	     -0.00000000	     -0.00000000	      0.00000000
      0.11700000	     -0.00265556	      0.00000000	      0.00017985	      0.00985063	      0.00760500	      0.00134966	      0.00000000	      0.00000000	      0.00000000
      0.11800000	     -0.00656338	      0.00000000	      0.00000000	     -0.00278728	      0.00963691	     -0.00253821	      0.00000000	      0.00000000	     -0.00000000
      0.11900000	     -0.00660327	     -0.00000000	      0.00005909	     -0.01698410	      0.00934918	     -0.00294143	      0.00000000	     -0.00000000	      0.00000000
      0.12000000	     -0.00327622	     -0.00000000	     -0.00000000	      0.00889267	      0.00762179	      0.00106654	      0.00000000	      0.00000000	      0.00000000
      0.12100000	     -0.00632797	     -0.00000000	      0.00000000	     -0.00931853	      0.00905198	     -0.00178198	      0.00000000	      0.00000000	     -0.00000000
      0.12200000	     -0.00610500	      0.00000000	      0.00019283	     -0.00682836	      0.00935307	     -0.00334557	     -0.00000000	      0.00000000	      0.00000000
      0.12300000	     -0.00409870	      0.00000000	     -0.00000747	      0.00065424	      0.00825284	     -0.00025503	     -0.00000000	     -0.00000000	      0.00000000
      0.12400000	     -0.00388383	     -0.00000000	     -0.00000940	      0.01236351	      0.00765629	     -0.00004266	     -0.00000000	      0.00000000	     -0.00000000
      0.12500000	     -0.00605268	      0.00000000	      0.00015525	     -0.01301484	      0.00961601	     -0.00253551	     -0.00000000	      0.00000000	      0.00000000
      0.12600000	     -0.00401683	      0.00000000	      0.00000000	     -0.00474168	      0.00883045	      0.00010189	     -0.00000000	     -0.00000000	     -0.00000000
      0.12700000	     -0.00503217	      0.00000000	      0.00015672	      0.00217221	      0.00903741	     -0.00168230	     -0.00000000	      0.00000000	      0.00000000
      0.12800000	     -0.00524475	     -0.00000000	      0.00011738	      0.00259948	      0.00864929	     -0.00186417	     -0.00000000	      0.00000000	      0.00000000
      0.12900000	     -0.00409495	     -0.00000000	      0.00006486	     -0.00847653	      0.00895544	     -0.00029355	      0.00000000	      0.00000000	      0.00000000
      0.13000000	     -0.00425535	     -0.00000000	     -0.00000000	      0.00556253	      0.00792936	      0.00010533	     -0.00000000	     -0.00000000	     -0.00000000
      0.13100000	     -0.00378254	      0.00000000	      0.00000000	      0.00960712	      0.00763747	     -0.00005121	      0.00000000	      0.00000000	     -0.00000000
      0.13200000	     -0.00472062	     -0.00000000	      0.00000000	      0.00383501	      0.00828010	     -0.00035698	      0.00000000	      0.00000000	     -0.00000000
      0.13300000	     -0.00564307	      0.00000000	     -0.00000518	     -0.01555317	      0.00914429	     -0.00159861	      0.00000000	      0.00000000	     -0.00000000
      0.13400000	     -0.00330023	      0.00000000	      0.00000000	      0.01285373	      0.00715929	      0.00077165	      0.00000000	      0.00000000	     -0.00000000
      0.13500000	     -0.00634476	      0.00000000	      0.00003467	     -0.00307628	      0.00935382	     -0.00274525	      0.00000000	     -0.00000000	      0.00000000
      0.13600000	     -0.00528476	     -0.00000000	      0.00011848	     -0.00501122	      0.00907656	     -0.00147902	      0.00000000	     -0.00000000	     -0.00000000
      0.13700000	     -0.00585974	      0.00000000	     -0.00000000	      0.00478788	      0.00860512	     -0.00153805	      0.00000000	      0.00000000	     -0.00000000
      0.13800000	     -0.00696838	     -0.00000000	     -0.00000922	     -0.01690186	      0.00957444	     -0.00271354	      0.00000000	      0.00000000	     -0.00000000
      0.13900000	     -0.00609952	     -0.00000000	      0.00004331	     -0.01676808	      0.00966517	     -0.00181110	     -0.00000000	     -0.00000000	     -0.00000000
      0.14000000	     -0.00534640	      0.00000000	     -0.00000000	     -0.00317960	      0.00927148	     -0.00070432	      0.00000000	      0.00000000	     -0.00000000
      0.14100000	     -0.00515676	     -0.00000000	      0.00007525	     -0.00861913	      0.00890662	     -0.00175466	     -0.00000000	      0.00000000	     -0.00000000
      0.14200000	     -0.00428306	     -0.00000000	     -0.00000747	      0.00041479	      0.00828998	     -0.00016426	     -0.00000000	     -0.00000000	     -0.00000000
      0.14300000	     -0.00627821	     -0.00000000	      0.00009035	     -0.00133580	      0.00964785	     -0.00335348	      0.00000000	      0.00000000	      0.00000000
      0.14400000	     -0.00634652	     -0.00000000	      0.00000000	     -0.02020914	      0.00962984	     -0.00149531	     -0.00000000	      0.00000000	      0.00000000
      0.14500000	     -0.00608156	     -0.00000000	     -0.00000895	     -0.01147693	      0.00923589	     -0.00199111	      0.00000000	     -0.00000000	      0.00000000
      0.14600000	     -0.00327137	      0.00000000	     -0.00001059	      0.01159619	      0.00721549	      0.00073874	      0.00000000	     -0.00000000	     -0.00000000
      0.14700000	     -0.00628509	     -0.00000000	      0.00000000	     -0.00182900	      0.00918484	     -0.00192231	      0.00000000	      0.00000000	      0.00000000
      0.14800000	     -0.00334127	     -0.00000000	      0.00000000	      0.00431847	      0.00816176	      0.00060021	      0.00000000	      0.00000000	      0.00000000
      0.14900000	     -0.00313881	      0.00000000	     -0.00000697	      0.00903148	      0.00758646	      0.00113024	      0.00000000	     -0.00000000	     -0.00000000
      0.15000000	     -0.00636702	      0.00000000	      0.00018554	     -0.01146608	      0.00932272	     -0.00370649	      0.00000000	      0.00000000	      0.00000000
      0.15100000	     -0.00482561	     -0.00000000	      0.00000000	      0.00710135	      0.00814262	     -0.00056409	      0.00000000	     -0.00000000	     -0.00000000
      0.15200000	     -0.00775672	      0.00000000	     -0.00000000	     -0.01856050	      0.00920157	     -0.00339749	      0.00000000	      0.00000000	      0.00000000
      0.15300000	     -0.00647203	      0.00000000	      0.00000000	     -0.00637672	      0.00906306	     -0.00215635	      0.00000000	      0.00000000	     -0.00000000
      0.15400000	     -0.00582431	      0.00000000	      0.00010402	     -0.01666264	      0.00974500	     -0.00174095	      0.00000000	      0.00000000	      0.00000000
      0.15500000	     -0.00304055	     -0.00000000	      0.00014222	      0.00756844	      0.00789352	      0.00125482	     -0.00000000	      0.00000000	     -0.00000000
      0.15600000	     -0.00484301	     -0.00000000	     -0.00000000	     -0.00920958	      0.00890565	     -0.00097854	      0.00000000	     -0.00000000	     -0.00000000
      0.15700000	     -0.00510809	      0.00000000	      0.00007045	      0.00706440	      0.00843156	     -0.00153116	     -0.00000000	      0.00000000	      0.00000000
      0.15800000	     -0.00472924	     -0.00000000	     -0.00001007	     -0.00128032	      0.00849962	     -0.00059531	      0.00000000	      0.00000000	     -0.00000000
      0.15900000	     -0.00515957	     -0.00000000	      0.00005394	     -0.00775726	      0.00892632	     -0.00115594	     -0.00000000	     -0.00000000	     -0.00000000
      0.16000000	     -0.00745711	      0.00000000	      0.00000000	     -0.00841661	      0.00933681	     -0.00292225	      0.00000000	      0.00000000	      0.00000000
      0.16100000	     -0.00416255	      0.00000000	     -0.00000950	      0.01213483	      0.00760467	     -0.00030195	      0.00000000	      0.00000000	      0.00000000
      0.16200000	     -0.00333703	      0.00000000	      0.00008410	      0.00916220	      0.00758821	      0.00074636	      0.00000000	     -0.00000000	     -0.00000000
      0.16300000	     -0.00755140	     -0.00000000	     -0.00000000	     -0.00535226	      0.00959850	     -0.00338980	     -0.00000000	      0.00000000	     -0.00000000
      0.16400000	     -0.00703002	      0.00000000	     -0.00000428	     -0.01608071	      0.00965408	     -0.00258377	     -0.00000000	      0.00000000	      0.00000000
      0.16500000	     -0.00399398	      0.00000000	      0.00011466	      0.01202259	      0.00765841	     -0.00038893	      0.00000000	     -0.00000000	     -0.00000000
      0.16600000	     -0.00444762	      0.00000000	      0.00000000	      0.00701186	      0.00796736	     -0.00015611	      0.00000000	      0.00000000	     -0.00000000
      0.16700000	     -0.00181866	     -0.00000000	      0.00004870	      0.00500353	      0.00804202	      0.00115348	      0.00000000	      0.00000000	      0.00000000
      0.16800000	     -0.00531819	     -0.00000000	     -0.00000000	     -0.01812720	      0.00938796	     -0.00098228	     -0.00000000	     -0.00000000	     -0.00000000
      0.16900000	     -0.00549776	     -0.00000000	     -0.00000726	     -0.00196856	      0.00904813	     -0.00115923	      0.00000000	     -0.00000000	      0.00000000
      0.17000000	     -0.00489012	      0.00000000	      0.00003219	     -0.00285868	      0.00869262	     -0.00074250	     -0.00000000	      0.00000000	      0.00000000
      0.17100000	     -0.00517920	      0.00000000	     -0.00000000	     -0.01406229	      0.00919647	     -0.00088431	     -0.00000000	     -0.00000000	      0.00000000
      0.17200000	     -0.00469814	     -0.00000000	     -0.00000940	     -0.00046364	      0.00872902	     -0.00023528	     -0.00000000	     -0.00000000	     -0.00000000
      0.17300000	     -0.00375524	      0.00000000	      0.00000000	      0.00907137	      0.00771133	      0.00046980	      0.00000000	     -0.00000000	      0.00000000
      0.17400000	     -0.00648450	      0.00000000	     -0.00000000	     -0.00524906	      0.00925215	     -0.00191258	     -0.00000000	      0.00000000	     -0.00000000
      0.17500000	     -0.00649347	     -0.00000000	     -0.00000397	     -0.01282022	      0.00916681	     -0.00272178	      0.00000000	     -0.00000000	     -0.00000000
      0.17600000	     -0.00599118	      0.00000000	     -0.00000000	     -0.00647119	      0.00960132	     -0.00105635	     -0.00000000	     -0.00000000	      0.00000000
      0.17700000	     -0.00610971	     -0.00000000	     -0.00000745	     -0.00032376	      0.00921418	     -0.00214810	      0.00000000	      0.00000000	      0.00000000
      0.17800000	     -0.00494178	      0.00000000	      0.00000000	      0.01231378	      0.00794073	     -0.00085771	      0.00000000	      0.00000000	      0.00000000
      0.17900000	     -0.00576662	     -0.00000000	     -0.00000000	     -0.02003048	      0.00939002	     -0.00129869	      0.00000000	      0.00000000	     -0.00000000
      0.18000000	     -0.00679787	     -0.00000000	      0.00007414	     -0.01898403	      0.00919655	     -0.00372629	      0.00000000	     -0.00000000	     -0.00000000
      0.18100000	     -0.00418598	      0.00000000	      0.00000000	     -0.00218552	      0.00851952	     -0.00003504	      0.00000000	      0.00000000	      0.00000000
      0.18200000	     -0.00689926	      0.00000000	     -0.00000000	     -0.00916727	      0.00953075	     -0.00249699	     -0.00000000	     -0.00000000	     -0.00000000
      0.18300000	     -0.00606693	      0.00000000	      0.00010156	     -0.00719655	      0.00930641	     -0.00258072	      0.00000000	     -0.00000000	      0.00000000
      0.18400000	     -0.00616202	      0.00000000	      0.00000000	      0.00177194	      0.00884625	     -0.00167825	      0.00000000	     -0.00000000	     -0.00000000
      0.18500000	     -0.00441754	     -0.00000000	      0.00000000	     -0.00176693	      0.00852223	     -0.00069183	     -0.00000000	     -0.00000000	      0.00000000
      0.18600000	     -0.00411999	      0.00000000	     -0.00000572	     -0.00569527	      0.00872735	     -0.00052055	     -0.00000000	      0.00000000	      0.00000000
      0.18700000	     -0.00340261	      0.00000000	      0.00005274	      0.00948683	      0.00750140	      0.00066332	      0.00000000	      0.00000000	      0.00000000
      0.18800000	     -0.00479783	      0.00000000	     -0.00000568	      0.00385903	      0.00844546	     -0.00054409	     -0.00000000	     -0.00000000	     -0.00000000
      0.18900000	     -0.00657734	     -0.00000000	      0.00005162	     -0.01719808	      0.00941671	     -0.00274574	      0.00000000	     -0.00000000	     -0.00000000
      0.19000000	     -0.00442426	     -0.00000000	      0.00003557	      0.00047368	      0.00835100	     -0.00070050	      0.00000000	      0.00000000	      0.00000000
      0.19100000	     -0.00598418	      0.00000000	      0.00000000	     -0.01027815	      0.00907033	     -0.00126463	     -0.00000000	     -0.00000000	      0.00000000
      0.19200000	     -0.00445852	      0.00000000	     -0.00000000	      0.01088308	      0.00774661	     -0.00033959	      0.00000000	      0.00000000	     -0.00000000
      0.19300000	     -0.00477854	      0.00000000	      0.00000000	     -0.00317342	      0.00887365	     -0.00020471	     -0.00000000	     -0.00000000	      0.00000000
      0.19400000	     -0.00338327	      0.00000000	     -0.00000557	      0.01129240	      0.00726919	      0.00052152	      0.00000000	      0.00000000	      0.00000000
      0.19500000	     -0.00597974	      0.00000000	     -0.00001066	      0.00077279	      0.00925014	     -0.00219301	      0.00000000	      0.00000000	      0.00000000
      0.19600000	     -0.00630941	      0.00000000	     -0.00001007	     -0.00000885	      0.00903391	     -0.00240668	     -0.00000000	      0.00000000	     -0.00000000
      0.19700000	     -0.00336648	      0.00000000	     -0.00000000	      0.00324343	      0.00827079	      0.00047947	     -0.00000000	     -0.00000000	      0.00000000
      0.19800000	     -0.00570796	      0.00000000	      0.00011234	     -0.00151160	      0.00894231	     -0.00236167	      0.00000000	     -0.00000000	     -0.00000000
      0.19900000	     -0.00598106	     -0.00000000	      0.00008072	     -0.01689532	      0.00968467	     -0.00187994	      0.00000000	     -0.00000000	     -0.00000000
      0.20000000	     -0.00286518	      0.00000000	      0.00000000	      0.01210010	      0.00712601	      0.00130405	      0.00000000	      0.00000000	     -0.00000000
      0.20100000	     -0.00388219	      0.00000000	      0.00000000	      0.01195110	      0.00755539	      0.00016000	      0.00000000	      0.00000000	     -0.00000000
      0.20200000	     -0.00591453	     -0.00000000	      0.00008702	     -0.00293905	      0.00925738	     -0.00238843	      0.00000000	      0.00000000	     -0.00000000
      0.20300000	     -0.00696061	      0.00000000	     -0.00000000	     -0.00794270	      0.00926667	     -0.00252283	     -0.00000000	     -0.00000000	     -0.00000000
      0.20400000	     -0.00689974	     -0.00000000	     -0.00000566	     -0.00753280	      0.00929591	     -0.00326258	      0.00000000	      0.00000000	     -0.00000000
      0.20500000	     -0.00639765	      0.00000000	      0.00005373	     -0.01157909	      0.01000258	     -0.00238413	     -0.00000000	      0.00000000	      0.00000000
      0.20600000	     -0.00428151	      0.00000000	      0.00000000	     -0.00722729	      0.00900719	     -0.00000754	      0.00000000	      0.00000000	     -0.00000000
      0.20700000	     -0.00588641	     -0.00000000	      0.00006732	     -0.01560336	      0.00944160	     -0.00187785	      0.00000000	     -0.00000000	      0.00000000
      0.20800000	     -0.00365068	      0.00000000	     -0.00000894	      0.00969886	      0.00772312	     -0.00015920	     -0.00000000	     -0.00000000	      0.00000000
      0.20900000	     -0.00799552	     -0.00000000	      0.00000000	     -0.01942284	      0.00939331	     -0.00448234	     -0.00000000	     -0.00000000	      0.00000000
      0.21000000	     -0.00696850	      0.00000000	      0.00009036	     -0.01627783	      0.00931662	     -0.00404146	      0.00000000	     -0.00000000	      0.00000000
      0.21100000	     -0.00658910	     -0.00000000	     -0.00000601	     -0.01560717	      0.00933147	     -0.00225395	      0.00000000	      0.00000000	     -0.00000000
      0.21200000	     -0.00622676	      0.00000000	      0.00000000	     -0.00298470	      0.00903521	     -0.00191760	      0.00000000	     -0.00000000	      0.00000000
      0.21300000	     -0.00468852	      0.00000000	      0.00000000	     -0.01000938	      0.00897727	     -0.00050122	      0.00000000	      0.00000000	      0.00000000
      0.21400000	     -0.00347725	      0.00000000	      0.00000000	      0.00612489	      0.00790516	      0.00075149	     -0.00000000	     -0.00000000	      0.00000000
      0.21500000	     -0.00310313	     -0.00000000	     -0.00000421	      0.01357417	      0.00702109	      0.00089559	      0.00000000	      0.00000000	     -0.00000000
      0.21600000	     -0.00424698	      0.00000000	     -0.00000000	      0.00410352	      0.00814703	      0.00023338	     -0.00000000	      0.00000000	      0.00000000
      0.21700000	     -0.00399329	      0.00000000	     -0.00000237	      0.00394373	      0.00799637	     -0.00000586	      0.00000000	     -0.00000000	     -0.00000000
      0.21800000	     -0.00626100	     -0.00000000	      0.00000000	      0.00054721	      0.00892736	     -0.00176542	      0.00000000	      0.00000000	     -0.00000000
      0.21900000	     -0.00463248	     -0.00000000	     -0.00000000	      0.00303453	      0.00832586	     -0.00011256	      0.00000000	      0.00000000	     -0.00000000
      0.22000000	     -0.00463029	      0.00000000	     -0.00000858	     -0.00550081	      0.00875986	     -0.00041227	      0.00000000	     -0.00000000	      0.00000000
      0.22100000	     -0.00252520	     -0.00000000	      0.00003259	      0.01091423	      0.00774052	      0.00163920	     -0.00000000	      0.00000000	      0.00000000
      0.22200000	     -0.00650359	      0.00000000	     -0.00000667	     -0.00351413	      0.00912331	     -0.00276292	      0.00000000	     -0.00000000	      0.00000000
      0.22300000	     -0.00657990	     -0.00000000	     -0.00000000	     -0.00899882	      0.00904719	     -0.00190821	      0.00000000	     -0.00000000	     -0.00000000
      0.22400000	     -0.00475027	     -0.00000000	     -0.00000000	     -0.00410425	      0.00868002	     -0.00100367	      0.00000000	      0.00000000	     -0.00000000
      0.22500000	     -0.00355136	      0.00000000	     -0.00000000	      0.01068381	      0.00739416	      0.00066272	     -0.00000000	      0.00000000	     -0.00000000
      0.22600000	     -0.00238608	      0.00000000	      0.00005801	      0.01332877	      0.00744128	      0.00134604	     -0.00000000	      0.00000000	      0.00000000
      0.22700000	     -0.00657432	     -0.00000000	     -0.00001062	     -0.00046755	      0.00946169	     -0.00297707	     -0.00000000	     -0.00000000	     -0.00000000
      0.22800000	     -0.00723890	      0.00000000	     -0.00000000	     -0.01609563	      0.00925474	     -0.00286062	     -0.00000000	     -0.00000000	     -0.00000000
      0.22900000	     -0.00657969	      0.00000000	     -0.00000000	     -0.00081099	      0.00924100	     -0.00249606	      0.00000000	     -0.00000000	      0.00000000
      0.23000000	     -0.00652753	      0.00000000	     -0.00000884	     -0.01993478	      0.00926241	     -0.00242317	      0.00000000	     -0.00000000	      0.00000000
      0.23100000	     -0.00402300	      0.00000000	     -0.00000895	      0.01134453	      0.00766350	     -0.00008959	      0.00000000	     -0.00000000	      0.00000000
      0.23200000	     -0.00534338	     -0.00000000	      0.00007406	     -0.01006629	      0.00895918	     -0.00183398	     -0.00000000	     -0.00000000	     -0.00000000
      0.23300000	     -0.00647971	     -0.00000000	     -0.00000000	     -0.01202855	      0.00916556	     -0.00179029	      0.00000000	      0.00000000	     -0.00000000
      0.23400000	     -0.00781495	     -0.00000000	      0.00000000	     -0.00853245	      0.00958266	     -0.00338226	     -0.00000000	     -0.00000000	     -0.00000000
      0.23500000	     -0.00678929	     -0.00000000	     -0.00000515	     -0.01114134	      0.00950340	     -0.00246339	     -0.00000000	      0.00000000	     -0.00000000
      0.23600000	     -0.00283153	      0.00000000	     -0.00000000	      0.00820673	      0.00818022	      0.00065574	      0.00000000	     -0.00000000	     -0.00000000
      0.23700000	     -0.00510976	      0.00000000	      0.00004052	      0.00323786	      0.00845057	     -0.00127886	     -0.00000000	      0.00000000	     -0.00000000
      0.23800000	     -0.00540869	     -0.00000000	     -0.00000000	     -0.01061772	      0.00895946	     -0.00116345	      0.00000000	      0.00000000	     -0.00000000
      0.23900000	     -0.00676598	      0.00000000	      0.00000000	     -0.00402676	      0.00941908	     -0.00212072	      0.00000000	      0.00000000	      0.00000000
      0.24000000	     -0.00410235	      0.00000000	     -0.00000780	      0.00706552	      0.00803956	      0.00001407	     -0.00000000	      0.00000000	     -0.00000000
      0.24100000	     -0.00369708	      0.00000000	     -0.00000000	      0.00778375	      0.00764359	      0.00020070	      0.00000000	     -0.00000000	     -0.00000000
      0.24200000	     -0.00377862	      0.00000000	      0.00000000	      0.00257579	      0.00821023	      0.00040645	     -0.00000000	      0.00000000	     -0.00000000
      0.24300000	     -0.00549592	     -0.00000000	     -0.00000000	      0.00152254	      0.00851065	     -0.00111108	     -0.00000000	     -0.00000000	      0.00000000
      0.24400000	     -0.00270632	      0.00000000	      0.00000000	      0.00881477	      0.00835663	      0.00081802	      0.00000000	      0.00000000	      0.00000000
      0.24500000	     -0.00339269	     -0.00000000	      0.00003277	      0.01304769	      0.00718218	      0.00054144	      0.00000000	      0.00000000	     -0.00000000
      0.24600000	     -0.00457408	      0.00000000	      0.00000000	     -0.00168569	      0.00862918	      0.00001202	     -0.00000000	     -0.00000000	     -0.00000000
      0.24700000	     -0.00616401	      0.00000000	      0.00000119	      0.00115129	      0.00909367	     -0.00249953	     -0.00000000	      0.00000000	     -0.00000000
      0.24800000	     -0.00660632	      0.00000000	     -0.00000690	     -0.01268047	      0.00915376	     -0.00287943	      0.00000000	     -0.00000000	      0.00000000
      0.24900000	     -0.00435412	      0.00000000	      0.00000000	     -0.01198903	      0.00914650	     -0.00040457	      0.00000000	      0.00000000	      0.00000000
      0.25000000	     -0.00499068	     -0.00000000	      0.00000000	      0.00427667	      0.00850024	     -0.00076819	     -0.00000000	     -0.00000000	      0.00000000
      0.25100000	     -0.00345530	      0.00000000	     -0.00000406	      0.00329766	      0.00838232	      0.00084696	      0.00000000	      0.00000000	     -0.00000000
      0.25200000	     -0.00482268	      0.00000000	     -0.00000993	      0.00346066	      0.00827368	     -0.00067784	     -0.00000000	      0.00000000	      0.00000000
      0.25300000	     -0.00498895	      0.00000000	      0.00000000	      0.00072909	      0.00835963	     -0.00074386	      0.00000000	     -0.00000000	      0.00000000
      0.25400000	     -0.00519435	     -0.00000000	     -0.00000000	     -0.00197365	      0.00898899	     -0.00035754	     -0.00000000	     -0.00000000	      0.00000000
      0.25500000	     -0.00702229	     -0.00000000	     -0.00000000	     -0.01052669	      0.00969168	     -0.00277492	     -0.00000000	      0.00000000	      0.00000000
      0.25600000	     -0.00651664	     -0.00000000	      0.00004334	     -0.00385325	      0.00926432	     -0.00308358	      0.00000000	     -0.00000000	     -0.00000000
      0.25700000	     -0.00621071	     -0.00000000	      0.00000000	     -0.01951333	      0.00913479	     -0.00227789	      0.00000000	      0.00000000	     -0.00000000
      0.25800000	     -0.00291950	      0.00000000	      0.00000000	      0.00919932	      0.00781145	      0.00128891	      0.00000000	      0.00000000	     -0.00000000
      0.25900000	     -0.00702409	      0.00000000	      0.00000000	     -0.00954938	      0.00965733	     -0.00203321	      0.00000000	     -0.00000000	     -0.00000000
      0.26000000	     -0.00515489	     -0.00000000	     -0.00000000	     -0.01217219	      0.00904688	     -0.00100790	     -0.00000000	     -0.00000000	     -0.00000000
      0.26100000	     -0.00476909	     -0.00000000	      0.00000000	      0.01072748	      0.00786277	     -0.00055939	      0.00000000	      0.00000000	     -0.00000000
      0.26200000	     -0.00628374	     -0.00000000	      0.00005870	     -0.00241540	      0.00962847	     -0.00300887	     -0.00000000	      0.00000000	     -0.00000000
      0.26300000	     -0.00523125	     -0.00000000	     -0.00000654	     -0.00646089	      0.00888518	     -0.00106494	      0.00000000	      0.00000000	     -0.00000000
      0.26400000	     -0.00486879	      0.00000000	      0.00000000	      0.00760965	      0.00817459	     -0.00057165	      0.00000000	      0.00000000	     -0.00000000
      0.26500000	     -0.00556908	      0.00000000	     -0.00000000	     -0.01371820	      0.00910540	     -0.00134301	     -0.00000000	     -0.00000000	     -0.00000000
      0.26600000	     -0.00390585	      0.00000000	      0.00000000	      0.01140876	      0.00743419	      0.00006591	     -0.00000000	     -0.00000000	      0.00000000
      0.26700000	     -0.00523343	     -0.00000000	     -0.00000000	      0.00183448	      0.00836741	     -0.00091314	     -0.00000000	     -0.00000000	     -0.00000000
      0.26800000	     -0.00765554	      0.00000000	     -0.00000000	     -0.01450510	      0.00936902	     -0.00351747	      0.00000000	      0.00000000	     -0.00000000
      0.26900000	     -0.00696749	      0.00000000	      0.00000000	     -0.01245802	      0.00937786	     -0.00261048	     -0.00000000	      0.00000000	      0.00000000
      0.27000000	     -0.00731837	     -0.00000000	     -0.00000000	     -0.01023758	      0.00918139	     -0.00254539	      0.00000000	     -0.00000000	      0.00000000
      0.27100000	     -0.00608340	      0.00000000	     -0.00001011	      0.00229673	      0.00908989	     -0.00228233	      0.00000000	      0.00000000	     -0.00000000
      0.27200000	     -0.00550590	     -0.00000000	     -0.00000686	      0.00382132	      0.00857404	     -0.00142087	     -0.00000000	     -0.00000000	      0.00000000
      0.27300000	     -0.00399372	     -0.00000000	     -0.00000000	      0.00576151	      0.00781850	      0.00013344	     -0.00000000	     -0.00000000	     -0.00000000
      0.27400000	     -0.00385303	      0.00000000	     -0.00000678	      0.00855316	      0.00788226	     -0.00038988	      0.00000000	     -0.00000000	      0.00000000
      0.27500000	     -0.00668604	     -0.00000000	     -0.00000640	     -0.02117741	      0.00943262	     -0.00230363	      0.00000000	      0.00000000	     -0.00000000
      0.27600000	     -0.00685317	     -0.00000000	     -0.00000622	     -0.01813966	      0.00935242	     -0.00257406	     -0.00000000	     -0.00000000	      0.00000000
      0.27700000	     -0.00636799	      0.00000000	     -0.00000000	      0.00127272	      0.00887104	     -0.00214991	     -0.00000000	      0.00000000	     -0.00000000
      0.27800000	     -0.00646574	      0.00000000	      0.00000000	     -0.00810183	      0.00940588	     -0.00144836	      0.00000000	     -0.00000000	      0.00000000
      0.27900000	     -0.00626376	      0.00000000	     -0.00000000	     -0.02240362	      0.00925826	     -0.00165734	      0.00000000	     -0.00000000	     -0.00000000
      0.28000000	     -0.00360170	     -0.00000000	     -0.00000617	      0.01307642	      0.00724569	      0.00030032	     -0.00000000	     -0.00000000	      0.00000000
      0.28100000	     -0.00687516	     -0.00000000	      0.00000000	     -0.00473740	      0.00912880	     -0.00226344	      0.00000000	     -0.00000000	      0.00000000
      0.28200000	     -0.00602613	      0.00000000	     -0.00000000	     -0.00285898	      0.00918920	     -0.00163744	      0.00000000	     -0.00000000	     -0.00000000
      0.28300000	     -0.00485505	     -0.00000000	     -0.00000000	      0.00685908	      0.00816937	     -0.00061176	     -0.00000000	     -0.00000000	     -0.00000000
      0.28400000	     -0.00589553	      0.00000000	     -0.00000666	     -0.02223685	      0.00934542	     -0.00175175	      0.00000000	     -0.00000000	      0.00000000
      0.28500000	     -0.00754962	     -0.00000000	      0.00000000	     -0.00872848	      0.00934394	     -0.00307974	     -0.00000000	      0.00000000	     -0.00000000
      0.28600000	     -0.00817612	     -0.00000000	     -0.00000000	     -0.01589581	      0.00948997	     -0.00441149	     -0.00000000	      0.00000000	     -0.00000000
      0.28700000	     -0.00515266	     -0.00000000	      0.00003811	     -0.00428769	      0.00882578	     -0.00104140	      0.00000000	     -0.00000000	      0.00000000
      0.28800000	     -0.00376648	     -0.00000000	      0.00000000	      0.01406619	      0.00727561	      0.00029167	      0.00000000	     -0.00000000	      0.00000000
      0.28900000	     -0.00351390	      0.00000000	      0.00000000	     -0.00014250	      0.00851840	      0.00013799	      0.00000000	      0.00000000	      0.00000000
      0.29000000	     -0.00677173	      0.00000000	     -0.00000000	     -0.01213036	      0.00918818	     -0.00253226	     -0.00000000	     -0.00000000	      0.00000000
      0.29100000	     -0.00531054	      0.00000000	      0.00000000	      0.00066915	      0.00849661	     -0.00124402	      0.00000000	     -0.00000000	      0.00000000
      0.29200000	     -0.00362430	     -0.00000000	      0.00007478	      0.00558550	      0.00812472	     -0.00037892	     -0.00000000	     -0.00000000	     -0.00000000
      0.29300000	     -0.00666630	     -0.00000000	     -0.00001060	     -0.01210539	      0.00932507	     -0.00257809	     -0.00000000	     -0.00000000	      0.00000000
      0.29400000	     -0.00508947	     -0.00000000	     -0.00000939	      0.00137954	      0.00848158	     -0.00130755	      0.00000000	      0.00000000	     -0.00000000
      0.29500000	     -0.00333284	      0.00000000	      0.00000000	      0.01534174	      0.00688431	      0.00066233	     -0.00000000	     -0.00000000	      0.00000000
      0.29600000	     -0.00601289	     -0.00000000	      0.00000000	     -0.00643458	      0.00910249	     -0.00132743	     -0.00000000	      0.00000000	     -0.00000000
      0.29700000	     -0.00466067	      0.00000000	     -0.00000921	     -0.01209118	      0.00905189	     -0.00100947	      0.00000000	      0.00000000	     -0.00000000
      0.29800000	     -0.00490929	     -0.00000000	     -0.00000000	     -0.00352502	      0.00896737	     -0.00008621	      0.00000000	      0.00000000	     -0.00000000
      0.29900000	     -0.00530846	      0.00000000	     -0.00000000	      0.00378373	      0.00857438	     -0.00092818	     -0.00000000	     -0.00000000	      0.00000000
      0.30000000	     -0.00433842	      0.00000000	     -0.00000000	      0.00637331	      0.00782177	     -0.00010752	     -0.00000000	     -0.00000000	      0.00000000
      0.30100000	     -0.00668330	     -0.00000000	     -0.00000564	     -0.01005361	      0.00922197	     -0.00254445	      0.00000000	      0.00000000	     -0.00000000
      0.30200000	     -0.00455304	     -0.00000000	     -0.00000000	      0.00628356	      0.00806887	     -0.00069680	     -0.00000000	      0.00000000	      0.00000000
      0.30300000	     -0.00585148	     -0.00000000	     -0.00000737	      0.00304013	      0.00873463	     -0.00190187	     -0.00000000	      0.00000000	     -0.00000000
      0.30400000	     -0.00421035	     -0.00000000	     -0.00000831	     -0.00405728	      0.00865756	     -0.00015423	     -0.00000000	      0.00000000	      0.00000000
      0.30500000	     -0.00802205	     -0.00000000	     -0.00000000	     -0.01710457	      0.00931648	     -0.00330482	      0.00000000	      0.00000000	      0.00000000
      0.30600000	     -0.00747596	     -0.00000000	     -0.00000000	     -0.01203053	      0.00958068	     -0.00318806	     -0.00000000	      0.00000000	      0.00000000
      0.30700000	     -0.00682021	      0.00000000	     -0.00000000	     -0.00639644	      0.00907061	     -0.00249508	      0.00000000	      0.00000000	     -0.00000000
      0.30800000	     -0.00344872	      0.00000000	     -0.00000449	      0.00256066	      0.00817895	      0.00013549	     -0.00000000	     -0.00000000	      0.00000000
      0.30900000	     -0.00607551	      0.00000000	     -0.00000703	     -0.02367370	      0.00917082	     -0.00225048	     -0.00000000	      0.00000000	      0.00000000
      0.31000000	     -0.00527259	      0.00000000	     -0.00000000	      0.00852582	      0.00840439	     -0.00108376	      0.00000000	      0.00000000	     -0.00000000
      0.31100000	     -0.00387211	     -0.00000000	      0.00000000	      0.00143072	      0.00841682	      0.00049296	      0.00000000	      0.00000000	      0.00000000
      0.31200000	     -0.00668758	      0.00000000	     -0.00000000	      0.00110696	      0.00916651	     -0.00233151	      0.00000000	     -0.00000000	      0.00000000
      0.31300000	     -0.00367442	      0.00000000	     -0.00000000	      0.01081859	      0.00736593	      0.00042788	     -0.00000000	      0.00000000	     -0.00000000
      0.31400000	     -0.00582581	     -0.00000000	     -0.00000000	     -0.01027550	      0.00895836	     -0.00167858	     -0.00000000	     -0.00000000	      0.00000000
      0.31500000	     -0.00802274	     -0.00000000	      0.00000000	     -0.02357588	      0.00908991	     -0.00346469	      0.00000000	     -0.00000000	      0.00000000
      0.31600000	     -0.00571332	     -0.00000000	     -0.00000000	      0.00061958	      0.00883178	     -0.00115448	      0.00000000	      0.00000000	      0.00000000
      0.31700000	     -0.00544833	      0.00000000	      0.00000000	     -0.02308308	      0.00936781	     -0.00123845	     -0.00000000	     -0.00000000	      0.00000000
      0.31800000	     -0.00749777	      0.00000000	     -0.00000000	     -0.00499244	      0.00955115	     -0.00278388	     -0.00000000	     -0.00000000	      0.00000000
      0.31900000	     -0.00406652	      0.00000000	      0.00000000	      0.00598427	      0.00793375	      0.00037766	      0.00000000	     -0.00000000	     -0.00000000
      0.32000000	     -0.00684255	     -0.00000000	      0.00000000	     -0.00929173	      0.00921555	     -0.00207648	     -0.00000000	     -0.00000000	     -0.00000000
      0.32100000	     -0.00503856	      0.00000000	      0.00000000	     -0.00902618	      0.00894050	     -0.00051332	     -0.00000000	      0.00000000	      0.00000000
      0.32200000	     -0.00408555	     -0.00000000	     -0.00000000	      0.01556579	      0.00731034	      0.00002103	      0.00000000	     -0.00000000	      0.00000000
      0.32300000	     -0.00540582	      0.00000000	      0.00000000	      0.00495504	      0.00834596	     -0.00105694	     -0.00000000	     -0.00000000	     -0.00000000
      0.32400000	     -0.00404074	     -0.00000000	     -0.00000408	      0.00515971	      0.00811170	      0.00034627	      0.00000000	      0.00000000	     -0.00000000
      0.32500000	     -0.00555707	     -0.00000000	     -0.00000958	     -0.01166002	      0.00905453	     -0.00156963	     -0.00000000	      0.00000000	     -0.00000000
      0.32600000	     -0.00435524	     -0.00000000	      0.00000000	     -0.00283941	      0.00850638	     -0.00021258	     -0.00000000	      0.00000000	      0.00000000
      0.32700000	     -0.00384929	     -0.00000000	     -0.00000000	      0.00682307	      0.00771857	      0.00008854	     -0.00000000	     -0.00000000	      0.00000000
      0.32800000	     -0.00636011	     -0.00000000	      0.00000000	     -0.01270577	      0.00920099	     -0.00181837	     -0.00000000	     -0.00000000	      0.00000000
      0.32900000	     -0.00784568	     -0.00000000	      0.00000000	     -0.00831412	      0.00947318	     -0.00311140	     -0.00000000	      0.00000000	     -0.00000000
      0.33000000	     -0.00787719	     -0.00000000	     -0.00000384	     -0.01808256	      0.00945102	     -0.00444710	      0.00000000	      0.00000000	     -0.00000000
      0.33100000	     -0.00544266	     -0.00000000	     -0.00000000	      0.00649594	      0.00851670	     -0.00096740	     -0.00000000	      0.00000000	      0.00000000
      0.33200000	     -0.00799128	      0.00000000	      0.00000000	     -0.01805476	      0.00924426	     -0.00354637	      0.00000000	      0.00000000	      0.00000000
      0.33300000	     -0.00445117	      0.00000000	      0.00000000	      0.01170440	      0.00768111	     -0.00039576	      0.00000000	      0.00000000	     -0.00000000
      0.33400000	     -0.00647169	      0.00000000	     -0.00001184	     -0.00575666	      0.00937259	     -0.00249403	     -0.00000000	      0.00000000	      0.00000000
      0.33500000	     -0.00549301	      0.00000000	      0.00000000	      0.00247628	      0.00852479	     -0.00105375	     -0.00000000	      0.00000000	     -0.00000000
      0.33600000	     -0.00684041	     -0.00000000	      0.00000000	     -0.00976086	      0.00912795	     -0.00261719	      0.00000000	     -0.00000000	     -0.00000000
      0.33700000	     -0.00792041	     -0.00000000	     -0.00000000	     -0.02256767	      0.00917878	     -0.00412623	     -0.00000000	      0.00000000	     -0.00000000
      0.33800000	     -0.00707639	      0.00000000	      0.00000000	     -0.01951973	      0.00914021	     -0.00246921	      0.00000000	     -0.00000000	      0.00000000
      0.33900000	     -0.00626316	     -0.00000000	     -0.00000000	     -0.00717932	      0.00900231	     -0.00175609	      0.00000000	     -0.00000000	     -0.00000000
      0.34000000	     -0.00329645	     -0.00000000	     -0.00000000	      0.00634968	      0.00803649	      0.00108108	      0.00000000	     -0.00000000	      0.00000000
      0.34100000	     -0.00400347	      0.00000000	      0.00000000	      0.00367481	      0.00809587	      0.00036600	     -0.00000000	     -0.00000000	      0.00000000
      0.34200000	     -0.00475033	     -0.00000000	     -0.00000000	     -0.00183027	      0.00843640	     -0.00037475	     -0.00000000	      0.00000000	     -0.00000000
      0.34300000	     -0.00765079	      0.00000000	     -0.00000818	     -0.01273537	      0.00951587	     -0.00420831	     -0.00000000	     -0.00000000	     -0.00000000
      0.34400000	     -0.00628779	      0.00000000	     -0.00000972	     -0.01479629	      0.00945362	     -0.00185715	     -0.00000000	     -0.00000000	     -0.00000000
      0.34500000	     -0.00411101	      0.00000000	      0.00000000	     -0.01044377	      0.00910043	     -0.00031223	      0.00000000	     -0.00000000	      0.00000000
      0.34600000	     -0.00683990	     -0.00000000	     -0.00000000	      0.00106223	      0.00929880	     -0.00233907	      0.00000000	      0.00000000	      0.00000000
      0.34700000	     -0.00409943	      0.00000000	     -0.00000000	      0.00250498	      0.00830154	      0.00041886	      0.00000000	     -0.00000000	      0.00000000
      0.34800000	     -0.00396720	     -0.00000000	     -0.00000488	      0.00699629	      0.00775421	      0.00017272	     -0.00000000	     -0.00000000	      0.00000000
      0.34900000	     -0.00570924	      0.00000000	      0.00000000	      0.00039434	      0.00891765	     -0.00145294	     -0.00000000	      0.00000000	     -0.00000000
      0.35000000	     -0.00507925	     -0.00000000	     -0.00000000	     -0.00547324	      0.00880456	     -0.00104126	     -0.00000000	      0.00000000	     -0.00000000
      0.35100000	     -0.00407315	     -0.00000000	     -0.00000000	      0.00037871	      0.00831672	      0.00008027	     -0.00000000	      0.00000000	      0.00000000
      0.35200000	     -0.00719307	     -0.00000000	      0.00000000	     -0.00788735	      0.00967261	     -0.00288731	     -0.00000000	     -0.00000000	     -0.00000000
      0.35300000	     -0.00438770	      0.00000000	     -0.00000872	      0.01206981	      0.00771489	     -0.00048496	     -0.00000000	      0.00000000	     -0.00000000
      0.35400000	     -0.00707289	      0.00000000	      0.00000000	     -0.00875859	      0.00918290	     -0.00282452	     -0.00000000	      0.00000000	      0.00000000
      0.35500000	     -0.00739914	     -0.00000000	      0.00000000	     -0.00255741	      0.00958716	     -0.00305284	     -0.00000000	      0.00000000	     -0.00000000
      0.35600000	     -0.00812907	      0.00000000	     -0.00000000	     -0.02209848	      0.00922239	     -0.00402558	      0.00000000	     -0.00000000	     -0.00000000
      0.35700000	     -0.00622549	     -0.00000000	     -0.00000000	      0.00579219	      0.00870673	     -0.00163365	      0.00000000	     -0.00000000	     -0.00000000
      0.35800000	     -0.00631708	      0.00000000	      0.00000000	     -0.00394086	      0.00908064	     -0.00199712	      0.00000000	      0.00000000	      0.00000000
      0.35900000	     -0.00452070	     -0.00000000	     -0.00000950	      0.00347397	      0.00815227	     -0.00057637	     -0.00000000	     -0.00000000	     -0.00000000
      0.36000000	     -0.00680053	      0.00000000	      0.00000000	     -0.01936439	      0.00912482	     -0.00258137	      0.00000000	      0.00000000	     -0.00000000
      0.36100000	     -0.00557489	      0.00000000	     -0.00000000	     -0.00461108	      0.00884293	     -0.00122612	      0.00000000	      0.00000000	     -0.00000000
      0.36200000	     -0.00738298	      0.00000000	     -0.00000495	     -0.00727601	      0.00974225	     -0.00371710	     -0.00000000	      0.00000000	     -0.00000000
      0.36300000	     -0.00541814	     -0.00000000	     -0.00000000	     -0.00547057	      0.00891341	     -0.00061912	     -0.00000000	     -0.00000000	     -0.00000000
      0.36400000	     -0.00749292	     -0.00000000	      0.00000000	     -0.00980042	      0.00936230	     -0.00299568	      0.00000000	      0.00000000	      0.00000000
      0.36500000	     -0.00532766	     -0.00000000	     -0.00000000	     -0.00251459	      0.00857940	     -0.00065485	     -0.00000000	      0.00000000	     -0.00000000
      0.36600000	     -0.00592994	      0.00000000	      0.00000000	      0.00062987	      0.00861476	     -0.00141278	     -0.00000000	      0.00000000	      0.00000000
      0.36700000	     -0.00361643	     -0.00000000	     -0.00000000	      0.00282609	      0.00815077	      0.00007512	     -0.00000000	     -0.00000000	      0.00000000
      0.36800000	     -0.00569997	      0.00000000	      0.00000000	     -0.00916925	      0.00933610	     -0.00093763	     -0.00000000	      0.00000000	     -0.00000000
      0.36900000	     -0.00776144	      0.00000000	     -0.00000000	     -0.00980130	      0.00934811	     -0.00290771	     -0.00000000	     -0.00000000	     -0.00000000
      0.37000000	     -0.00503519	      0.00000000	     -0.00000000	     -0.00326365	      0.00888038	     -0.00020463	     -0.00000000	     -0.00000000	     -0.00000000
      0.37100000	     -0.00808431	     -0.00000000	     -0.00000000	     -0.01144829	      0.00956970	     -0.00322625	      0.00000000	      0.00000000	      0.00000000
      0.37200000	     -0.00687403	      0.00000000	     -0.00000000	     -0.00963354	      0.00951066	     -0.00199742	     -0.00000000	     -0.00000000	      0.00000000
      0.37300000	     -0.00297494	      0.00000000	      0.00000000	      0.00755224	      0.00798598	      0.00072238	      0.00000000	     -0.00000000	     -0.00000000
      0.37400000	     -0.00449578	     -0.00000000	      0.00000000	     -0.00129340	      0.00853840	     -0.00064935	      0.00000000	     -0.00000000	     -0.00000000
      0.37500000	     -0.00769625	      0.00000000	      0.00000000	     -0.02624148	      0.00901907	     -0.00317662	     -0.00000000	      0.00000000	      0.00000000
      0.37600000	     -0.00608268	     -0.00000000	     -0.00000000	     -0.00067630	      0.00878079	     -0.00131472	     -0.00000000	     -0.00000000	     -0.00000000
      0.37700000	     -0.00570990	      0.00000000	      0.00000000	     -0.00314774	      0.00870760	     -0.00115473	     -0.00000000	     -0.00000000	      0.00000000
      0.37800000	     -0.00628718	      0.00000000	     -0.00000000	     -0.00538850	      0.00912137	     -0.00122164	     -0.00000000	     -0.00000000	      0.00000000
      0.37900000	     -0.00693311	      0.00000000	      0.00000000	      0.00188335	      0.00925520	     -0.00226807	      0.00000000	     -0.00000000	      0.00000000
      0.38000000	     -0.00779547	     -0.00000000	      0.00000000	     -0.02020150	      0.00925494	     -0.00322829	      0.00000000	      0.00000000	      0.00000000
      0.38100000	     -0.00511498	     -0.00000000	     -0.00000000	      0.00756711	      0.00825457	     -0.00095591	      0.00000000	      0.00000000	     -0.00000000
      0.38200000	     -0.00765982	      0.00000000	      0.00000000	     -0.00893969	      0.00944734	     -0.00340293	      0.00000000	      0.00000000	      0.00000000
      0.38300000	     -0.00666333	      0.00000000	     -0.00000000	     -0.02181590	      0.00921578	     -0.00185648	      0.00000000	     -0.00000000	     -0.00000000
      0.38400000	     -0.00761416	     -0.00000000	      0.00000000	     -0.02392879	      0.00905990	     -0.00302079	     -0.00000000	     -0.00000000	     -0.00000000
      0.38500000	     -0.00514816	      0.00000000	      0.00000000	     -0.01192400	      0.00908541	     -0.00083135	     -0.00000000	     -0.00000000	      0.00000000
      0.38600000	     -0.00662368	     -0.00000000	      0.00000000	     -0.02591560	      0.00907791	     -0.00245395	      0.00000000	      0.00000000	      0.00000000
      0.38700000	     -0.00669513	      0.00000000	      0.00000000	     -0.01130987	      0.00909313	     -0.00229603	     -0.00000000	     -0.00000000	      0.00000000
      0.38800000	     -0.00620189	     -0.00000000	      0.00000000	     -0.01245808	      0.00907893	     -0.00179659	     -0.00000000	     -0.00000000	     -0.00000000
      0.38900000	     -0.00749454	     -0.00000000	     -0.00000000	     -0.00399921	      0.00941546	     -0.00292146	     -0.00000000	      0.00000000	     -0.00000000
      0.39000000	     -0.00670868	     -0.00000000	     -0.00000405	     -0.00662511	      0.00917664	     -0.00258148	     -0.00000000	      0.00000000	     -0.00000000
      0.39100000	     -0.00414287	      0.00000000	      0.00000000	      0.00998031	      0.00763913	      0.00011442	      0.00000000	      0.00000000	      0.00000000
      0.39200000	     -0.00714245	     -0.00000000	      0.00000000	     -0.02291066	      0.00918496	     -0.00267393	      0.00000000	      0.00000000	     -0.00000000
      0.39300000	     -0.00478991	      0.00000000	     -0.00000633	      0.01111222	      0.00806909	     -0.00081220	     -0.00000000	     -0.00000000	      0.00000000
      0.39400000	     -0.00475205	      0.00000000	     -0.00000000	      0.00458131	      0.00812207	     -0.00053553	      0.00000000	     -0.00000000	     -0.00000000
      0.39500000	     -0.00510617	      0.00000000	      0.00000000	      0.00841633	      0.00825018	     -0.00120968	      0.00000000	      0.00000000	     -0.00000000
      0.39600000	     -0.00630694	      0.00000000	     -0.00000000	     -0.01764001	      0.00943890	     -0.00172704	     -0.00000000	      0.00000000	      0.00000000
      0.39700000	     -0.00368766	     -0.00000000	      0.00000000	      0.00445101	      0.00800477	      0.00036922	      0.00000000	     -0.00000000	     -0.00000000
      0.39800000	     -0.00461460	     -0.00000000	     -0.00000000	     -0.00811606	      0.00886935	     -0.00043360	      0.00000000	      0.00000000	     -0.00000000
      0.39900000	     -0.00697268	     -0.00000000	     -0.00000000	     -0.00265050	      0.00931760	     -0.00224832	      0.00000000	      0.00000000	      0.00000000
      0.40000000	     -0.00507104	      0.00000000	      0.00000000	      0.00810284	      0.00833417	     -0.00102336	      0.00000000	     -0.00000000	     -0.00000000
      0.40100000	     -0.00577614	      0.00000000	     -0.00000000	      0.00146704	      0.00860577	     -0.00128462	     -0.00000000	      0.00000000	     -0.00000000
      0.40200000	     -0.00769273	      0.00000000	     -0.00000000	     -0.02179290	      0.00913758	     -0.00281170	     -0.00000000	      0.00000000	      0.00000000
      0.40300000	     -0.00805323	     -0.00000000	     -0.00000000	     -0.01280844	      0.00959007	     -0.00312040	      0.00000000	     -0.00000000	     -0.00000000
      0.40400000	     -0.00740609	     -0.00000000	     -0.00000000	     -0.01176823	      0.00977896	     -0.00265702	     -0.00000000	     -0.00000000	     -0.00000000
      0.40500000	     -0.00507254	      0.00000000	      0.00000000	      0.00998009	      0.00807423	     -0.00061929	      0.00000000	      0.00000000	      0.00000000
      0.40600000	     -0.00691227	     -0.00000000	     -0.00000000	     -0.02070692	      0.00914711	     -0.00255812	     -0.00000000	      0.00000000	     -0.00000000
      0.40700000	     -0.00424072	      0.00000000	      0.00000000	     -0.00544390	      0.00872964	     -0.00020700	     -0.00000000	     -0.00000000	     -0.00000000
      0.40800000	     -0.00465132	     -0.00000000	      0.00000000	      0.00946355	      0.00783012	     -0.00035592	      0.00000000	      0.00000000	     -0.00000000
      0.40900000	     -0.00487567	      0.00000000	      0.00000000	     -0.00665600	      0.00881565	     -0.00050043	      0.00000000	      0.00000000	      0.00000000
      0.41000000	     -0.00658720	      0.00000000	     -0.00000000	     -0.01705757	      0.00926783	     -0.00184102	     -0.00000000	     -0.00000000	      0.00000000
      0.41100000	     -0.00682133	     -0.00000000	     -0.00000000	      0.00238427	      0.00906865	     -0.00224449	     -0.00000000	      0.00000000	      0.00000000
      0.41200000	     -0.00745319	     -0.00000000	     -0.00000000	     -0.01099357	      0.00943850	     -0.00236578	     -0.00000000	     -0.00000000	      0.00000000
      0.41300000	     -0.00756129	      0.00000000	      0.00000000	     -0.02287298	      0.00915505	     -0.00330321	      0.00000000	      0.00000000	      0.00000000
      0.41400000	     -0.00745957	      0.00000000	     -0.00000000	     -0.01669055	      0.00931576	     -0.00279145	      0.00000000	     -0.00000000	     -0.00000000
      0.41500000	     -0.00464612	     -0.00000000	     -0.00000000	      0.01135986	      0.00770975	     -0.00028904	     -0.00000000	     -0.00000000	      0.00000000
      0.41600000	     -0.00366985	     -0.00000000	     -0.00000000	      0.00132241	      0.00829489	     -0.00012202	     -0.00000000	     -0.00000000	     -0.00000000
      0.41700000	     -0.00559412	      0.00000000	      0.00000000	      0.00253287	      0.00848248	     -0.00129027	      0.00000000	      0.00000000	      0.00000000
      0.41800000	     -0.00697789	      0.00000000	      0.00000000	     -0.00624145	      0.00941022	     -0.00209222	      0.00000000	      0.00000000	     -0.00000000
      0.41900000	     -0.00613399	     -0.00000000	     -0.00000000	     -0.00605835	      0.00895675	     -0.00205978	     -0.00000000	     -0.00000000	     -0.00000000
      0.42000000	     -0.00665935	     -0.00000000	     -0.00000000	     -0.00091039	      0.00909176	     -0.00247273	     -0.00000000	     -0.00000000	      0.00000000
      0.42100000	     -0.00569592	     -0.00000000	     -0.00000000	     -0.00354667	      0.00896345	     -0.00093844	     -0.00000000	      0.00000000	     -0.00000000
      0.42200000	     -0.00669158	      0.00000000	      0.00000000	     -0.00753280	      0.00899440	     -0.00205447	      0.00000000	      0.00000000	     -0.00000000
      0.42300000	     -0.00702370	      0.00000000	      0.00000000	     -0.00329750	      0.00937327	     -0.00312989	     -0.00000000	     -0.00000000	     -0.00000000
      0.42400000	     -0.00519064	      0.00000000	      0.00000000	     -0.01810425	      0.00927060	     -0.00106337	     -0.00000000	      0.00000000	      0.00000000
      0.42500000	     -0.00852279	     -0.00000000	      0.00000000	     -0.02539019	      0.00938207	     -0.00404706	      0.00000000	      0.00000000	      0.00000000
      0.42600000	     -0.00790341	     -0.00000000	      0.00000000	     -0.01141832	      0.00941736	     -0.00327822	      0.00000000	      0.00000000	      0.00000000
      0.42700000	     -0.00739782	     -0.00000000	     -0.00000000	     -0.01715608	      0.00917526	     -0.00251753	     -0.00000000	     -0.00000000	     -0.00000000
      0.42800000	     -0.00809204	     -0.00000000	     -0.00000000	     -0.00934743	      0.00977939	     -0.00340309	     -0.00000000	      0.00000000	     -0.00000000
      0.42900000	     -0.00724412	     -0.00000000	     -0.00000000	     -0.02739845	      0.00896560	     -0.00303969	     -0.00000000	     -0.00000000	      0.00000000
      0.43000000	     -0.00459661	     -0.00000000	     -0.00000000	     -0.00161511	      0.00876747	      0.00004285	      0.00000000	     -0.00000000	     -0.00000000
      0.43100000	     -0.00613862	      0.00000000	     -0.00000000	     -0.00853685	      0.00895887	     -0.00179493	     -0.00000000	     -0.00000000	      0.00000000
      0.43200000	     -0.00599501	      0.00000000	      0.00000000	      0.00738653	      0.00867041	     -0.00184549	      0.00000000	     -0.00000000	     -0.00000000
      0.43300000	     -0.00724385	     -0.00000000	      0.00000000	     -0.01643220	      0.00923897	     -0.00242300	      0.00000000	     -0.00000000	     -0.00000000
      0.43400000	     -0.00516447	     -0.00000000	      0.00000000	     -0.00322439	      0.00864607	     -0.00051577	      0.00000000	      0.00000000	     -0.00000000
      0.43500000	     -0.00717341	      0.00000000	     -0.00000000	     -0.00875566	      0.00939833	     -0.00219011	     -0.00000000	     -0.00000000	     -0.00000000
      0.43600000	     -0.00728138	     -0.00000000	     -0.00000000	     -0.01719964	      0.00930813	     -0.00260749	     -0.00000000	     -0.00000000	      0.00000000
      0.43700000	     -0.00436394	      0.00000000	      0.00000000	      0.00888823	      0.00767317	     -0.00004654	     -0.00000000	     -0.00000000	      0.00000000
      0.43800000	     -0.00656955	      0.00000000	     -0.00000000	      0.00456965	      0.00894732	     -0.00170626	     -0.00000000	     -0.00000000	     -0.00000000
      0.43900000	     -0.00425516	      0.00000000	      0.00000000	     -0.00383223	      0.00861008	     -0.00010936	     -0.00000000	     -0.00000000	     -0.00000000
      0.44000000	     -0.00615469	     -0.00000000	     -0.00000000	     -0.00184606	      0.00882490	     -0.00120405	      0.00000000	      0.00000000	      0.00000000
      0.44100000	     -0.00711262	     -0.00000000	      0.00000000	     -0.00449998	      0.00913950	     -0.00238905	      0.00000000	      0.00000000	      0.00000000
      0.44200000	     -0.00840589	     -0.00000000	     -0.00000000	     -0.02702891	      0.00935838	     -0.00398839	     -0.00000000	      0.00000000	     -0.00000000
      0.44300000	     -0.00687019	      0.00000000	     -0.00000000	     -0.00357520	      0.00906482	     -0.00220768	     -0.00000000	     -0.00000000	     -0.00000000
      0.44400000	     -0.00372544	     -0.00000000	     -0.00000000	     -0.00282928	      0.00869881	     -0.00017937	     -0.00000000	     -0.00000000	     -0.00000000
      0.44500000	     -0.00544606	     -0.00000000	      0.00000000	      0.00480094	      0.00837791	     -0.00126120	     -0.00000000	     -0.00000000	     -0.00000000
      0.44600000	     -0.00753713	      0.00000000	      0.00000000	     -0.01392822	      0.00932653	     -0.00296078	      0.00000000	      0.00000000	     -0.00000000
      0.44700000	     -0.00709904	     -0.00000000	      0.00000000	     -0.01735761	      0.00922583	     -0.00298368	      0.00000000	      0.00000000	     -0.00000000
      0.44800000	     -0.00734243	      0.00000000	     -0.00000000	     -0.01662481	      0.00962754	     -0.00277206	     -0.00000000	     -0.00000000	     -0.00000000
      0.44900000	     -0.00594769	     -0.00000000	      0.00000000	     -0.00578442	      0.00911854	     -0.00107776	      0.00000000	      0.00000000	      0.00000000
      0.45000000	     -0.00813166	     -0.00000000	     -0.00000000	     -0.02747053	      0.00901639	     -0.00485257	      0.00000000	     -0.00000000	     -0.00000000
      0.45100000	     -0.00546303	      0.00000000	     -0.00000000	     -0.00082971	      0.00852053	     -0.00091496	     -0.00000000	      0.00000000	     -0.00000000
      0.45200000	     -0.00812466	     -0.00000000	     -0.00000000	     -0.02235375	      0.00924121	     -0.00349756	     -0.00000000	     -0.00000000	     -0.00000000
      0.45300000	     -0.00716691	     -0.00000000	     -0.00000000	     -0.02384773	      0.00915227	     -0.00205167	      0.00000000	      0.00000000	     -0.00000000
      0.45400000	     -0.00642581	     -0.00000000	     -0.00000000	     -0.00800707	      0.00900354	     -0.00159038	     -0.00000000	     -0.00000000	     -0.00000000
      0.45500000	     -0.00510943	      0.00000000	     -0.00000000	      0.01021139	      0.00812518	     -0.00079873	     -0.00000000	     -0.00000000	      0.00000000
      0.45600000	     -0.00699628	     -0.00000000	     -0.00000000	     -0.00706410	      0.00929359	     -0.00244217	      0.00000000	     -0.00000000	     -0.00000000
      0.45700000	     -0.00615895	      0.00000000	      0.00000000	     -0.00042703	      0.00886685	     -0.00176128	      0.00000000	      0.00000000	     -0.00000000
      0.45800000	     -0.00714758	      0.00000000	      0.00000000	     -0.03088850	      0.00883382	     -0.00273230	     -0.00000000	     -0.00000000	     -0.00000000
      0.45900000	     -0.00560044	      0.00000000	      0.00000000	      0.00059902	      0.00863989	     -0.00092915	     -0.00000000	     -0.00000000	      0.00000000
      0.46000000	     -0.00767702	      0.00000000	      0.00000000	     -0.00466879	      0.00964641	     -0.00302432	     -0.00000000	     -0.00000000	      0.00000000
      0.46100000	     -0.00795850	     -0.00000000	     -0.00000000	     -0.01389937	      0.00949119	     -0.00295929	     -0.00000000	      0.00000000	     -0.00000000
      0.46200000	     -0.00631005	     -0.00000000	     -0.00000000	     -0.00137660	      0.00884339	     -0.00134425	      0.00000000	      0.00000000	      0.00000000
      0.46300000	     -0.00623232	      0.00000000	     -0.00000000	     -0.01088463	      0.00908058	     -0.00158611	     -0.00000000	     -0.00000000	     -0.00000000
      0.46400000	     -0.00416346	      0.00000000	      0.00000000	     -0.00817978	      0.00890097	     -0.00031922	     -0.00000000	      0.00000000	     -0.00000000
      0.46500000	     -0.00697790	     -0.00000000	      0.00000000	     -0.02744559	      0.00900712	     -0.00271166	      0.00000000	      0.00000000	      0.00000000
      0.46600000	     -0.00647723	      0.00000000	      0.00000000	     -0.00134847	      0.00884320	     -0.00181574	      0.00000000	     -0.00000000	      0.00000000
      0.46700000	     -0.00785552	      0.00000000	     -0.00000000	     -0.02489326	      0.00902479	     -0.00386049	     -0.00000000	     -0.00000000	     -0.00000000
      0.46800000	     -0.00612719	     -0.00000000	     -0.00000000	     -0.00265172	      0.00907035	     -0.00227083	     -0.00000000	     -0.00000000	      0.00000000
      0.46900000	     -0.00542024	     -0.00000000	     -0.00000000	      0.01050405	      0.00819630	     -0.00085012	      0.00000000	     -0.00000000	      0.00000000
      0.47000000	     -0.00842380	     -0.00000000	     -0.00000000	     -0.01252248	      0.00964018	     -0.00350605	     -0.00000000	     -0.00000000	     -0.00000000
      0.47100000	     -0.00834629	     -0.00000000	     -0.00000000	     -0.01326180	      0.00964526	     -0.00353535	      0.00000000	      0.00000000	      0.00000000
      0.47200000	     -0.00426351	     -0.00000000	     -0.00000000	      0.00229393	      0.00810243	     -0.00009074	     -0.00000000	     -0.00000000	      0.00000000
      0.47300000	     -0.00677957	      0.00000000	      0.00000000	     -0.01652966	      0.00941235	     -0.00185117	      0.00000000	     -0.00000000	     -0.00000000
      0.47400000	     -0.00514650	     -0.00000000	     -0.00000000	     -0.01756757	      0.00919173	     -0.00147270	      0.00000000	      0.00000000	     -0.00000000
      0.47500000	     -0.00690748	      0.00000000	      0.00000000	     -0.01836658	      0.00930131	     -0.00200873	      0.00000000	     -0.00000000	      0.00000000
      0.47600000	     -0.00512417	     -0.00000000	      0.00000000	     -0.00566962	      0.00876626	     -0.00052673	     -0.00000000	      0.00000000	      0.00000000
      0.47700000	     -0.00581365	      0.00000000	      0.00000000	      0.00753674	      0.00863139	     -0.00150427	      0.00000000	     -0.00000000	     -0.00000000
      0.47800000	     -0.00448546	      0.00000000	      0.00000000	      0.00254944	      0.00824050	      0.00006734	      0.00000000	     -0.00000000	     -0.00000000
      0.47900000	     -0.00676985	     -0.00000000	     -0.00000000	      0.00366444	      0.00908570	     -0.00206910	     -0.00000000	     -0.00000000	      0.00000000
      0.48000000	     -0.00656536	      0.00000000	      0.00000000	     -0.02346217	      0.00910089	     -0.00262873	     -0.00000000	      0.00000000	      0.00000000
      0.48100000	     -0.00699865	     -0.00000000	     -0.00000000	     -0.00889152	      0.00910499	     -0.00252443	      0.00000000	      0.00000000	      0.00000000
      0.48200000	     -0.00805300	     -0.00000000	     -0.00000000	     -0.01232927	      0.00944265	     -0.00282824	      0.00000000	     -0.00000000	      0.00000000
      0.48300000	     -0.00441954	     -0.00000000	      0.00000000	     -0.00253213	      0.00850363	     -0.00034769	     -0.00000000	      0.00000000	      0.00000000
      0.48400000	     -0.00758101	      0.00000000	     -0.00000000	     -0.01101186	      0.00932833	     -0.00238166	     -0.00000000	      0.00000000	      0.00000000
      0.48500000	     -0.00547083	      0.00000000	     -0.00000000	     -0.02002057	      0.00921046	     -0.00162168	     -0.00000000	     -0.00000000	     -0.00000000
      0.48600000	     -0.00670656	     -0.00000000	     -0.00000000	     -0.01069649	      0.00920877	     -0.00159131	     -0.00000000	     -0.00000000	     -0.00000000
      0.48700000	     -0.00768601	     -0.00000000	      0.00000000	     -0.01592779	      0.00969299	     -0.00287305	      0.00000000	      0.00000000	     -0.00000000
      0.48800000	     -0.00832995	      0.00000000	     -0.00000000	     -0.01018702	      0.00977736	     -0.00373501	     -0.00000000	      0.00000000	     -0.00000000
      0.48900000	     -0.00451799	     -0.00000000	      0.00000000	      0.00214904	      0.00817195	     -0.00036880	      0.00000000	     -0.00000000	      0.00000000
      0.49000000	     -0.00840111	     -0.00000000	     -0.00000000	     -0.01835519	      0.00931521	     -0.00338335	     -0.00000000	     -0.00000000	      0.00000000
      0.49100000	     -0.00747526	     -0.00000000	      0.00000000	     -0.02882361	      0.00896749	     -0.00342546	     -0.00000000	      0.00000000	      0.00000000
      0.49200000	     -0.00837401	     -0.00000000	      0.00000000	     -0.01636938	      0.00958108	     -0.00344494	      0.00000000	      0.00000000	     -0.00000000
      0.49300000	     -0.00795813	      0.00000000	      0.00000000	     -0.00964355	      0.00951694	     -0.00291972	      0.00000000	      0.00000000	      0.00000000
      0.49400000	     -0.00675603	      0.00000000	     -0.00000000	     -0.02638027	      0.00920706	     -0.00230675	     -0.00000000	     -0.00000000	     -0.00000000
      0.49500000	     -0.00574939	     -0.00000000	     -0.00000000	     -0.00321588	      0.00873537	     -0.00126695	     -0.00000000	      0.00000000	     -0.00000000
      0.49600000	     -0.00779570	     -0.00000000	     -0.00000000	     -0.01971726	      0.00919432	     -0.00317765	      0.00000000	     -0.00000000	     -0.00000000
      0.49700000	     -0.00719687	     -0.00000000	      0.00000000	     -0.00370822	      0.00938426	     -0.00231464	     -0.00000000	      0.00000000	      0.00000000
      0.49800000	     -0.00716455	     -0.00000000	     -0.00000000	     -0.01411755	      0.00925388	     -0.00318110	     -0.00000000	     -0.00000000	     -0.00000000
      0.49900000	     -0.00593705	      0.00000000	     -0.00000000	     -0.01974121	      0.00925232	     -0.00145005	     -0.00000000	      0.00000000	      0.00000000
      0.50000000	     -0.00675217	     -0.00000000	     -0.00000000	     -0.00190213	      0.00895921	     -0.00180015	     -0.00000000	     -0.00000000	      0.00000000
      0.50100000	     -0.00735944	      0.00000000	     -0.00000000	     -0.00347899	      0.00938499	     -0.00238334	     -0.00000000	     -0.00000000	      0.00000000
      0.50200000	     -0.00702711	     -0.00000000	     -0.00000000	     -0.01094429	      0.00921552	     -0.00173814	      0.00000000	     -0.00000000	     -0.00000000
      0.50300000	     -0.00606070	      0.00000000	     -0.00000000	     -0.00088509	      0.00885488	     -0.00168173	     -0.00000000	     -0.00000000	     -0.00000000
      0.50400000	     -0.00648530	     -0.00000000	      0.00000000	      0.00435648	      0.00900365	     -0.00177777	     -0.00000000	      0.00000000	      0.00000000
      0.50500000	     -0.00839738	      0.00000000	      0.00000000	     -0.02492809	      0.00906731	     -0.00358681	      0.00000000	     -0.00000000	     -0.00000000
      0.50600000	     -0.00736000	      0.00000000	     -0.00000000	     -0.02843664	      0.00894924	     -0.00267847	     -0.00000000	      0.00000000	      0.00000000
      0.50700000	     -0.00463344	      0.00000000	      0.00000000	      0.00649876	      0.00794097	     -0.00020928	     -0.00000000	      0.00000000	      0.00000000
      0.50800000	     -0.00549339	      0.00000000	      0.00000000	     -0.01099443	      0.00901602	     -0.00122913	      0.00000000	      0.00000000	      0.00000000
      0.50900000	     -0.00697535	      0.00000000	      0.00000000	     -0.01421916	      0.00947275	     -0.00153658	      0.00000000	      0.00000000	      0.00000000
      0.51000000	     -0.00666143	     -0.00000000	     -0.00000000	     -0.02768367	      0.00902905	     -0.00270772	     -0.00000000	     -0.00000000	     -0.00000000
      0.51100000	     -0.00877355	      0.00000000	     -0.00000000	     -0.01753974	      0.00947796	     -0.00443099	      0.00000000	      0.00000000	     -0.00000000
      0.51200000	     -0.00794571	     -0.00000000	     -0.00000000	     -0.01724354	      0.00938839	     -0.00249616	     -0.00000000	     -0.00000000	     -0.00000000
      0.51300000	     -0.00582604	      0.00000000	     -0.00000000	     -0.00591813	      0.00888911	     -0.00184700	     -0.00000000	     -0.00000000	      0.00000000
      0.51400000	     -0.00585642	     -0.00000000	      0.00000000	     -0.01342729	      0.00907837	     -0.00111927	      0.00000000	     -0.00000000	     -0.00000000
      0.51500000	     -0.00816599	      0.00000000	     -0.00000000	     -0.01266293	      0.00948611	     -0.00366072	     -0.00000000	     -0.00000000	      0.00000000
      0.51600000	     -0.00714330	      0.00000000	     -0.00000000	     -0.01168720	      0.00915749	     -0.00275715	     -0.00000000	     -0.00000000	     -0.00000000
      0.51700000	     -0.00819352	      0.00000000	      0.00000000	     -0.03086109	      0.00922035	     -0.00435371	      0.00000000	      0.00000000	      0.00000000
      0.51800000	     -0.00706775	     -0.00000000	     -0.00000000	     -0.00367643	      0.00922585	     -0.00266833	     -0.00000000	     -0.00000000	     -0.00000000
      0.51900000	     -0.00504528	      0.00000000	      0.00000000	     -0.00868563	      0.00889036	     -0.00050736	     -0.00000000	     -0.00000000	      0.00000000
      0.52000000	     -0.00600578	      0.00000000	     -0.00000000	     -0.02836248	      0.00915922	     -0.00157554	      0.00000000	      0.00000000	     -0.00000000
      0.52100000	     -0.00630813	      0.00000000	      0.00000000	      0.00045843	      0.00887328	     -0.00180403	     -0.00000000	     -0.00000000	     -0.00000000
      0.52200000	     -0.00774366	      0.00000000	      0.00000000	     -0.02674426	      0.00902468	     -0.00332891	      0.00000000	     -0.00000000	      0.00000000
      0.52300000	     -0.00779579	      0.00000000	     -0.00000000	     -0.01455473	      0.00929825	     -0.00277348	     -0.00000000	     -0.00000000	     -0.00000000
      0.52400000	     -0.00521350	     -0.00000000	     -0.00000000	     -0.00325686	      0.00864892	     -0.00099816	     -0.00000000	      0.00000000	     -0.00000000
      0.52500000	     -0.00645869	     -0.00000000	     -0.00000000	      0.00521314	      0.00888139	     -0.00202214	     -0.00000000	     -0.00000000	     -0.00000000
      0.52600000	     -0.00817511	     -0.00000000	     -0.00000000	     -0.02167527	      0.00915220	     -0.00292938	     -0.00000000	     -0.00000000	     -0.00000000
      0.52700000	     -0.00626591	     -0.00000000	      0.00000000	     -0.02796439	      0.00906704	     -0.00170791	      0.00000000	      0.00000000	      0.00000000
      0.52800000	     -0.00753673	      0.00000000	      0.00000000	     -0.02967486	      0.00883498	     -0.00314392	      0.00000000	     -0.00000000	      0.00000000
      0.52900000	     -0.00772365	     -0.00000000	      0.00000000	     -0.02764756	      0.00903007	     -0.00310247	      0.00000000	      0.00000000	     -0.00000000
      0.53000000	     -0.00482213	      0.00000000	      0.00000000	     -0.00630528	      0.00898389	     -0.00141040	     -0.00000000	     -0.00000000	     -0.00000000
      0.53100000	     -0.00713214	     -0.00000000	      0.00000000	     -0.00448017	      0.00924414	     -0.00204778	      0.00000000	     -0.00000000	     -0.00000000
      0.53200000	     -0.00626646	      0.00000000	      0.00000000	     -0.00095143	      0.00882965	     -0.00159901	     -0.00000000	     -0.00000000	      0.00000000
      0.53300000	     -0.00663762	     -0.00000000	      0.00000000	     -0.02185739	      0.00912173	     -0.00202715	      0.00000000	      0.00000000	      0.00000000
      0.53400000	     -0.00739917	     -0.00000000	     -0.00000000	     -0.00525662	      0.00924261	     -0.00242235	     -0.00000000	     -0.00000000	     -0.00000000
      0.53500000	     -0.00619070	      0.00000000	     -0.00000000	     -0.02897526	      0.00911044	     -0.00205197	     -0.00000000	     -0.00000000	      0.00000000
      0.53600000	     -0.00564218	     -0.00000000	     -0.00000000	     -0.00004191	      0.00863017	     -0.00086587	     -0.00000000	      0.00000000	      0.00000000
      0.53700000	     -0.00556842	     -0.00000000	      0.00000000	     -0.01545535	      0.00917598	     -0.00100364	      0.00000000	     -0.00000000	      0.00000000
      0.53800000	     -0.00405003	      0.00000000	     -0.00000000	     -0.00326842	      0.00894678	     -0.00083624	     -0.00000000	      0.00000000	      0.00000000
      0.53900000	     -0.00828802	     -0.00000000	      0.00000000	     -0.01559158	      0.00962207	     -0.00301552	      0.00000000	      0.00000000	      0.00000000
      0.54000000	     -0.00677053	      0.00000000	     -0.00000000	     -0.00174694	      0.00914030	     -0.00228754	      0.00000000	     -0.00000000	      0.00000000
      0.54100000	     -0.00700654	     -0.00000000	     -0.00000000	      0.00007268	      0.00920151	     -0.00194044	      0.00000000	     -0.00000000	     -0.00000000
      0.54200000	     -0.00866315	     -0.00000000	     -0.00000000	     -0.01900345	      0.00932496	     -0.00410522	     -0.00000000	     -0.00000000	     -0.00000000
      0.54300000	     -0.00688509	      0.00000000	      0.00000000	     -0.00529232	      0.00906926	     -0.00189696	      0.00000000	      0.00000000	      0.00000000
      0.54400000	     -0.00774914	     -0.00000000	      0.00000000	     -0.02374447	      0.00906608	     -0.00270650	      0.00000000	      0.00000000	      0.00000000
      0.54500000	     -0.00799057	     -0.00000000	     -0.00000000	     -0.01167787	      0.00942164	     -0.00304408	     -0.00000000	     -0.00000000	      0.00000000
      0.54600000	     -0.00771611	      0.00000000	      0.00000000	     -0.00830614	      0.00942434	     -0.00340427	      0.00000000	     -0.00000000	      0.00000000
      0.54700000	     -0.00739950	      0.00000000	      0.00000000	     -0.00971718	      0.00936907	     -0.00277791	      0.00000000	      0.00000000	      0.00000000
      0.54800000	     -0.00695135	      0.00000000	      0.00000000	      0.00079128	      0.00912806	     -0.00232456	     -0.00000000	      0.00000000	      0.00000000
      0.54900000	     -0.00750940	     -0.00000000	     -0.00000000	     -0.01487268	      0.00930077	     -0.00231525	     -0.00000000	     -0.00000000	     -0.00000000
      0.55000000	     -0.00823454	      0.00000000	      0.00000000	     -0.01391799	      0.00975950	     -0.00359013	      0.00000000	      0.00000000	      0.00000000
      0.55100000	     -0.00599068	     -0.00000000	     -0.00000000	     -0.01827238	      0.00926534	     -0.00137760	     -0.00000000	      0.00000000	      0.00000000
      0.55200000	     -0.00603160	      0.00000000	      0.00000000	     -0.00709537	      0.00909776	     -0.00185969	     -0.00000000	      0.00000000	     -0.00000000
      0.55300000	     -0.00733763	     -0.00000000	     -0.00000000	     -0.02891614	      0.00900356	     -0.00273776	     -0.00000000	      0.00000000	      0.00000000
      0.55400000	     -0.00560045	      0.00000000	      0.00000000	      0.00188089	      0.00846104	     -0.00110899	     -0.00000000	     -0.00000000	      0.00000000
      0.55500000	     -0.00867961	      0.00000000	      0.00000000	     -0.01627719	      0.00947881	     -0.00397744	      0.00000000	     -0.00000000	      0.00000000
      0.55600000	     -0.00739535	     -0.00000000	      0.00000000	     -0.01608854	      0.00938936	     -0.00194548	     -0.00000000	      0.00000000	     -0.00000000
      0.55700000	     -0.00715797	     -0.00000000	     -0.00000000	     -0.00232537	      0.00930971	     -0.00217394	     -0.00000000	     -0.00000000	      0.00000000
      0.55800000	     -0.00574049	     -0.00000000	     -0.00000000	     -0.01204053	      0.00907088	     -0.00179050	     -0.00000000	     -0.00000000	     -0.00000000
      0.55900000	     -0.00788879	      0.00000000	     -0.00000000	     -0.01639017	      0.00959535	     -0.00333590	     -0.00000000	     -0.00000000	     -0.00000000
      0.56000000	     -0.00834825	      0.00000000	      0.00000000	     -0.03193478	      0.00941440	     -0.00489409	      0.00000000	     -0.00000000	     -0.00000000
      0.56100000	     -0.00749217	      0.00000000	      0.00000000	     -0.01677154	      0.00929000	     -0.00256188	      0.00000000	      0.00000000	      0.00000000
      0.56200000	     -0.00728243	      0.00000000	     -0.00000000	     -0.00952917	      0.00941174	     -0.00196285	     -0.00000000	     -0.00000000	      0.00000000
      0.56300000	     -0.00552177	     -0.00000000	     -0.00000000	     -0.00713154	      0.00885710	     -0.00061299	     -0.00000000	      0.00000000	     -0.00000000
      0.56400000	     -0.00872405	      0.00000000	     -0.00000000	     -0.02609097	      0.00923511	     -0.00455745	      0.00000000	      0.00000000	      0.00000000
      0.56500000	     -0.00674473	     -0.00000000	     -0.00000000	     -0.00303653	      0.00904320	     -0.00193722	     -0.00000000	     -0.00000000	     -0.00000000
      0.56600000	     -0.00711155	     -0.00000000	      0.00000000	     -0.03644875	      0.00846603	     -0.00325805	     -0.00000000	      0.00000000	      0.00000000
      0.56700000	     -0.00652845	      0.00000000	     -0.00000000	     -0.00243565	      0.00887509	     -0.00172708	     -0.00000000	     -0.00000000	      0.00000000
      0.56800000	     -0.00821753	     -0.00000000	     -0.00000000	     -0.03039863	      0.00884875	     -0.00379120	      0.00000000	      0.00000000	     -0.00000000
      0.56900000	     -0.00789031	     -0.00000000	     -0.00000000	     -0.02085085	      0.00918392	     -0.00250836	      0.00000000	     -0.00000000	     -0.00000000
      0.57000000	     -0.00875602	      0.00000000	     -0.00000000	     -0.01576892	      0.00962306	     -0.00406442	     -0.00000000	     -0.00000000	      0.00000000
      0.57100000	     -0.00669480	      0.00000000	      0.00000000	     -0.02357314	      0.00911901	     -0.00189255	     -0.00000000	     -0.00000000	      0.00000000
      0.57200000	     -0.00717851	      0.00000000	     -0.00000000	     -0.00159729	      0.00919364	     -0.00223300	     -0.00000000	      0.00000000	      0.00000000
      0.57300000	     -0.00535569	      0.00000000	     -0.00000000	     -0.00652642	      0.00879838	     -0.00085261	     -0.00000000	     -0.00000000	     -0.00000000
      0.57400000	     -0.00656564	     -0.00000000	     -0.00000000	     -0.01653168	      0.00925792	     -0.00186858	     -0.00000000	      0.00000000	     -0.00000000
      0.57500000	     -0.00745316	      0.00000000	     -0.00000000	     -0.01995745	      0.00918133	     -0.00294057	     -0.00000000	     -0.00000000	     -0.00000000
      0.57600000	     -0.00718620	      0.00000000	      0.00000000	     -0.00891196	      0.00915723	     -0.00212431	      0.00000000	      0.00000000	      0.00000000
      0.57700000	     -0.00680667	     -0.00000000	     -0.00000000	     -0.00291519	      0.00913065	     -0.00207646	     -0.00000000	      0.00000000	     -0.00000000
      0.57800000	     -0.00695659	     -0.00000000	     -0.00000000	     -0.00844663	      0.00957686	     -0.00253476	     -0.00000000	     -0.00000000	     -0.00000000
      0.57900000	     -0.00778634	     -0.00000000	     -0.00000000	     -0.01977834	      0.00916393	     -0.00298772	     -0.00000000	     -0.00000000	     -0.00000000
      0.58000000	     -0.00790747	      0.00000000	      0.00000000	     -0.01879600	      0.00932084	     -0.00266333	     -0.00000000	     -0.00000000	     -0.00000000
      0.58100000	     -0.00855237	      0.00000000	     -0.00000000	     -0.01785410	      0.00944059	     -0.00341930	      0.00000000	      0.00000000	     -0.00000000
      0.58200000	     -0.00831947	      0.00000000	      0.00000000	     -0.01355620	      0.00948573	     -0.00368924	      0.00000000	      0.00000000	      0.00000000
      0.58300000	     -0.00653114	     -0.00000000	      0.00000000	     -0.00920245	      0.00935466	     -0.00220367	     -0.00000000	      0.00000000	     -0.00000000
      0.58400000	     -0.00800670	     -0.00000000	      0.00000000	     -0.01885666	      0.00942139	     -0.00246524	      0.00000000	     -0.00000000	     -0.00000000
      0.58500000	     -0.00794057	      0.00000000	      0.00000000	     -0.01845411	      0.00958040	     -0.00311598	      0.00000000	      0.00000000	      0.00000000
      0.58600000	     -0.00776417	     -0.00000000	      0.00000000	     -0.01284220	      0.00929949	     -0.00276490	      0.00000000	      0.00000000	      0.00000000
      0.58700000	     -0.00796376	     -0.00000000	      0.00000000	     -0.00773490	      0.00957680	     -0.00330396	      0.00000000	     -0.00000000	      0.00000000
      0.58800000	     -0.00801272	     -0.00000000	     -0.00000000	     -0.01598423	      0.00945098	     -0.00338437	      0.00000000	     -0.00000000	     -0.00000000
      0.58900000	     -0.00658524	     -0.00000000	     -0.00000000	     -0.02719905	      0.00905636	     -0.00238075	     -0.00000000	     -0.00000000	     -0.00000000
      0.59000000	     -0.00646705	     -0.00000000	      0.00000000	     -0.03514961	      0.00867510	     -0.00251061	      0.00000000	     -0.00000000	     -0.00000000
      0.59100000	     -0.00856827	      0.00000000	      0.00000000	     -0.02604956	      0.00943890	     -0.00455352	      0.00000000	     -0.00000000	     -0.00000000
      0.59200000	     -0.00685852	     -0.00000000	     -0.00000000	     -0.03336807	      0.00872766	     -0.00228861	     -0.00000000	     -0.00000000	     -0.00000000
      0.59300000	     -0.00657415	      0.00000000	     -0.00000000	      0.00124979	      0.00892796	     -0.00157514	     -0.00000000	     -0.00000000	     -0.00000000
      0.59400000	     -0.00571214	     -0.00000000	      0.00000000	     -0.01935345	      0.00924724	     -0.00110932	      0.00000000	      0.00000000	      0.00000000
      0.59500000	     -0.00570425	      0.00000000	      0.00000000	     -0.00781944	      0.00885679	     -0.00128037	      0.00000000	      0.00000000	      0.00000000
      0.59600000	     -0.00593505	      0.00000000	      0.00000000	     -0.00799736	      0.00894231	     -0.00097382	      0.00000000	      0.00000000	      0.00000000
      0.59700000	     -0.00878083	     -0.00000000	      0.00000000	     -0.02739228	      0.00904132	     -0.00435728	      0.00000000	      0.00000000	      0.00000000
      0.59800000	     -0.00696599	     -0.00000000	      0.00000000	     -0.02010258	      0.00913085	     -0.00201729	      0.00000000	      0.00000000	     -0.00000000
      0.59900000	     -0.00598166	      0.00000000	     -0.00000000	     -0.00975702	      0.00914906	     -0.00149995	     -0.00000000	     -0.00000000	     -0.00000000
      0.60000000	     -0.00796256	      0.00000000	      0.00000000	     -0.02172231	      0.00916704	     -0.00262322	      0.00000000	      0.00000000	      0.00000000
      0.60100000	     -0.00778943	      0.00000000	      0.00000000	     -0.03396936	      0.00910805	     -0.00332612	      0.00000000	      0.00000000	      0.00000000
      0.60200000	     -0.00804249	      0.00000000	      0.00000000	     -0.02108090	      0.00947941	     -0.00244594	      0.00000000	      0.00000000	     -0.00000000
      0.60300000	     -0.00576799	     -0.00000000	     -0.00000000	     -0.01506733	      0.00921110	     -0.00082496	      0.00000000	      0.00000000	     -0.00000000
      0.60400000	     -0.00699399	      0.00000000	      0.00000000	     -0.01511408	      0.00915464	     -0.00234764	     -0.00000000	     -0.00000000	      0.00000000
      0.60500000	     -0.00839321	     -0.00000000	     -0.00000000	     -0.01670076	      0.00967127	     -0.00390568	     -0.00000000	     -0.00000000	     -0.00000000
      0.60600000	     -0.00565564	     -0.00000000	      0.00000000	     -0.01397465	      0.00918535	     -0.00187613	     -0.00000000	     -0.00000000	      0.00000000
      0.60700000	     -0.00673360	      0.00000000	     -0.00000000	     -0.00153521	      0.00896392	     -0.00207144	      0.00000000	     -0.00000000	      0.00000000
      0.60800000	     -0.00802440	      0.00000000	     -0.00000000	     -0.02904682	      0.00879205	     -0.00349439	     -0.00000000	     -0.00000000	      0.00000000
      0.60900000	     -0.00721378	      0.00000000	     -0.00000000	     -0.00437390	      0.00918091	     -0.00236309	     -0.00000000	     -0.00000000	     -0.00000000
      0.61000000	     -0.00821114	      0.00000000	     -0.00000000	     -0.01794577	      0.00933669	     -0.00290282	     -0.00000000	     -0.00000000	     -0.00000000
      0.61100000	     -0.00624278	     -0.00000000	     -0.00000000	     -0.00308063	      0.00881324	     -0.00172832	     -0.00000000	     -0.00000000	      0.00000000
      0.61200000	     -0.00811929	      0.00000000	      0.00000000	     -0.02954363	      0.00886736	     -0.00349183	      0.00000000	     -0.00000000	     -0.00000000
      0.61300000	     -0.00851694	      0.00000000	     -0.00000000	     -0.03136729	      0.00870201	     -0.00421003	      0.00000000	     -0.00000000	     -0.00000000
      0.61400000	     -0.00761632	     -0.00000000	     -0.00000000	     -0.01443689	      0.00926539	     -0.00247663	     -0.00000000	     -0.00000000	     -0.00000000
      0.61500000	     -0.00744051	     -0.00000000	     -0.00000000	     -0.03065385	      0.00887144	     -0.00237810	      0.00000000	      0.00000000	      0.00000000
      0.61600000	     -0.00553996	      0.00000000	     -0.00000000	     -0.01105251	      0.00897409	     -0.00087874	      0.00000000	      0.00000000	     -0.00000000
      0.61700000	     -0.00863632	     -0.00000000	     -0.00000000	     -0.02236510	      0.00939058	     -0.00348311	     -0.00000000	      0.00000000	      0.00000000
      0.61800000	     -0.00864205	      0.00000000	     -0.00000000	     -0.02050165	      0.00923949	     -0.00410910	      0.00000000	      0.00000000	      0.00000000
      0.61900000	     -0.00753937	     -0.00000000	      0.00000000	     -0.01239428	      0.00950441	     -0.00207154	      0.00000000	      0.00000000	      0.00000000
      0.62000000	     -0.00693232	      0.00000000	     -0.00000000	     -0.02110642	      0.00924195	     -0.00251906	      0.00000000	      0.00000000	     -0.00000000
      0.62100000	     -0.00827463	     -0.00000000	     -0.00000000	     -0.02645302	      0.00945361	     -0.00366923	     -0.00000000	     -0.00000000	     -0.00000000
      0.62200000	     -0.00585227	     -0.00000000	      0.00000000	     -0.01323765	      0.00904245	     -0.00129464	     -0.00000000	      0.00000000	     -0.00000000
      0.62300000	     -0.00583823	      0.00000000	     -0.00000000	      0.00171801	      0.00860485	     -0.00089089	     -0.00000000	     -0.00000000	     -0.00000000
      0.62400000	     -0.00800309	     -0.00000000	      0.00000000	     -0.02951732	      0.00971495	     -0.00341727	     -0.00000000	      0.00000000	     -0.00000000
      0.62500000	     -0.00862298	      0.00000000	      0.00000000	     -0.02874701	      0.00946380	     -0.00439751	      0.00000000	     -0.00000000	      0.00000000
      0.62600000	     -0.00668720	     -0.00000000	     -0.00000000	     -0.01414265	      0.00919239	     -0.00242025	      0.00000000	     -0.00000000	      0.00000000
      0.62700000	     -0.00773234	      0.00000000	      0.00000000	     -0.02363517	      0.00928433	     -0.00252884	      0.00000000	     -0.00000000	      0.00000000
      0.62800000	     -0.00857858	     -0.00000000	     -0.00000000	     -0.01450335	      0.00957107	     -0.00370007	      0.00000000	      0.00000000	     -0.00000000
      0.62900000	     -0.00720276	     -0.00000000	      0.00000000	     -0.00474243	      0.00930985	     -0.00202497	      0.00000000	      0.00000000	      0.00000000
      0.63000000	     -0.00823206	     -0.00000000	     -0.00000000	     -0.01447615	      0.00940216	     -0.00362642	     -0.00000000	     -0.00000000	     -0.00000000
      0.63100000	     -0.00799456	      0.00000000	      0.00000000	     -0.02815378	      0.00891021	     -0.00276528	     -0.00000000	     -0.00000000	     -0.00000000
      0.63200000	     -0.00790918	      0.00000000	      0.00000000	     -0.03525362	      0.00843153	     -0.00352360	      0.00000000	      0.00000000	     -0.00000000
      0.63300000	     -0.00621054	      0.00000000	      0.00000000	     -0.01142986	      0.00925467	     -0.00109990	      0.00000000	      0.00000000	      0.00000000
      0.63400000	     -0.00660752	     -0.00000000	     -0.00000000	     -0.01805666	      0.00929138	     -0.00266870	      0.00000000	     -0.00000000	     -0.00000000
      0.63500000	     -0.00654972	     -0.00000000	     -0.00000000	     -0.00160315	      0.00900064	     -0.00142885	     -0.00000000	     -0.00000000	     -0.00000000
      0.63600000	     -0.00819636	      0.00000000	     -0.00000000	     -0.01853047	      0.00945760	     -0.00314082	     -0.00000000	      0.00000000	     -0.00000000
      0.63700000	     -0.00837843	     -0.00000000	      0.00000000	     -0.02378755	      0.00937903	     -0.00290528	      0.00000000	     -0.00000000	      0.00000000
      0.63800000	     -0.00476693	     -0.00000000	     -0.00000000	     -0.01001801	      0.00906427	     -0.00109755	     -0.00000000	      0.00000000	     -0.00000000
      0.63900000	     -0.00881911	      0.00000000	      0.00000000	     -0.02883875	      0.00891204	     -0.00442128	     -0.00000000	     -0.00000000	      0.00000000
      0.64000000	     -0.00725050	     -0.00000000	      0.00000000	     -0.01262826	      0.00925192	     -0.00222421	      0.00000000	      0.00000000	      0.00000000
      0.64100000	     -0.00770370	     -0.00000000	      0.00000000	     -0.01765970	      0.00920933	     -0.00251410	     -0.00000000	     -0.00000000	     -0.00000000
      0.64200000	     -0.00871236	     -0.00000000	      0.00000000	     -0.02016712	      0.00927308	     -0.00401414	     -0.00000000	     -0.00000000	      0.00000000
      0.64300000	     -0.00639387	      0.00000000	      0.00000000	     -0.01940481	      0.00914777	     -0.00219860	      0.00000000	     -0.00000000	     -0.00000000
      0.64400000	     -0.00701958	     -0.00000000	     -0.00000000	     -0.01864298	      0.00913674	     -0.00267591	     -0.00000000	      0.00000000	     -0.00000000
      0.64500000	     -0.00818219	      0.00000000	     -0.00000000	     -0.01876989	      0.00935910	     -0.00289062	     -0.00000000	     -0.00000000	      0.00000000
      0.64600000	     -0.00773449	     -0.00000000	      0.00000000	     -0.03074867	      0.00910903	     -0.00324236	     -0.00000000	     -0.00000000	      0.00000000
      0.64700000	     -0.00701897	     -0.00000000	     -0.00000000	     -0.03685662	      0.00845201	     -0.00301256	     -0.00000000	      0.00000000	     -0.00000000
      0.64800000	     -0.00706687	      0.00000000	      0.00000000	     -0.03758380	      0.00855557	     -0.00287765	      0.00000000	      0.00000000	     -0.00000000
      0.64900000	     -0.00547143	     -0.00000000	      0.00000000	     -0.00954175	      0.00895438	     -0.00099172	     -0.00000000	     -0.00000000	      0.00000000
      0.65000000	     -0.00722018	     -0.00000000	      0.00000000	     -0.01921932	      0.00922761	     -0.00190601	      0.00000000	      0.00000000	     -0.00000000
      0.65100000	     -0.00576531	     -0.00000000	     -0.00000000	     -0.02181080	      0.00930246	     -0.00190329	      0.00000000	      0.00000000	     -0.00000000
      0.65200000	     -0.00583942	      0.00000000	      0.00000000	     -0.03176901	      0.00898704	     -0.00142091	      0.00000000	     -0.00000000	     -0.00000000
      0.65300000	     -0.00796406	     -0.00000000	      0.00000000	     -0.01502809	      0.00987034	     -0.00347120	      0.00000000	      0.00000000	     -0.00000000
      0.65400000	     -0.00681019	      0.00000000	      0.00000000	     -0.02817729	      0.00915057	     -0.00285852	     -0.00000000	      0.00000000	     -0.00000000
      0.65500000	     -0.00838011	     -0.00000000	      0.00000000	     -0.02842398	      0.00872820	     -0.00404821	      0.00000000	     -0.00000000	      0.00000000
      0.65600000	     -0.00867025	     -0.00000000	      0.00000000	     -0.03158875	      0.00858372	     -0.00440292	      0.00000000	      0.00000000	      0.00000000
      0.65700000	     -0.00805813	      0.00000000	      0.00000000	     -0.01684405	      0.00936254	     -0.00279913	      0.00000000	      0.00000000	      0.00000000
      0.65800000	     -0.00857506	     -0.00000000	     -0.00000000	     -0.01356174	      0.00968250	     -0.00408074	      0.00000000	      0.00000000	     -0.00000000
      0.65900000	     -0.00824154	     -0.00000000	      0.00000000	     -0.02310500	      0.00908835	     -0.00294310	      0.00000000	      0.00000000	      0.00000000
      0.66000000	     -0.00737472	     -0.00000000	     -0.00000000	     -0.03654571	      0.00837926	     -0.00295649	     -0.00000000	     -0.00000000	     -0.00000000
      0.66100000	     -0.00590051	      0.00000000	      0.00000000	     -0.02043162	      0.00917689	     -0.00132933	      0.00000000	     -0.00000000	      0.00000000
      0.66200000	     -0.00591882	     -0.00000000	     -0.00000000	     -0.01891741	      0.00936149	     -0.00227511	     -0.00000000	     -0.00000000	      0.00000000
      0.66300000	     -0.00761080	     -0.00000000	     -0.00000000	     -0.00516878	      0.00943950	     -0.00258651	      0.00000000	      0.00000000	     -0.00000000
      0.66400000	     -0.00823390	      0.00000000	      0.00000000	     -0.03557031	      0.00808354	     -0.00406075	      0.00000000	      0.00000000	      0.00000000
      0.66500000	     -0.00817832	      0.00000000	     -0.00000000	     -0.02150091	      0.00933882	     -0.00271170	     -0.00000000	     -0.00000000	     -0.00000000
      0.66600000	     -0.00604002	     -0.00000000	     -0.00000000	     -0.01698186	      0.00914020	     -0.00112971	      0.00000000	     -0.00000000	     -0.00000000
      0.66700000	     -0.00645205	     -0.00000000	      0.00000000	     -0.00844322	      0.00908231	     -0.00120965	     -0.00000000	      0.00000000	      0.00000000
      0.66800000	     -0.00827163	     -0.00000000	      0.00000000	     -0.01699573	      0.00945764	     -0.00318488	      0.00000000	      0.00000000	      0.00000000
      0.66900000	     -0.00808424	      0.00000000	     -0.00000000	     -0.00954483	      0.00960313	     -0.00298082	     -0.00000000	     -0.00000000	      0.00000000
      0.67000000	     -0.00817232	      0.00000000	     -0.00000000	     -0.02230279	      0.00913158	     -0.00320002	      0.00000000	     -0.00000000	     -0.00000000
      0.67100000	     -0.00836700	     -0.00000000	      0.00000000	     -0.02951896	      0.00885112	     -0.00398045	     -0.00000000	     -0.00000000	      0.00000000
      0.67200000	     -0.00648253	      0.00000000	     -0.00000000	     -0.00460140	      0.00891667	     -0.00143376	     -0.00000000	      0.00000000	      0.00000000
      0.67300000	     -0.00586425	      0.00000000	     -0.00000000	     -0.02771353	      0.00917974	     -0.00144480	      0.00000000	      0.00000000	      0.00000000
      0.67400000	     -0.00851509	     -0.00000000	      0.00000000	     -0.02516048	      0.00909822	     -0.00369243	     -0.00000000	      0.00000000	     -0.00000000
      0.67500000	     -0.00644576	     -0.00000000	     -0.00000000	     -0.00620802	      0.00893905	     -0.00180125	      0.00000000	      0.00000000	     -0.00000000
      0.67600000	     -0.00710611	      0.00000000	      0.00000000	     -0.01028179	      0.00917919	     -0.00221414	      0.00000000	     -0.00000000	      0.00000000
      0.67700000	     -0.00591225	     -0.00000000	     -0.00000000	     -0.02838138	      0.00917947	     -0.00155202	     -0.00000000	     -0.00000000	      0.00000000
      0.67800000	     -0.00758637	     -0.00000000	      0.00000000	     -0.03400980	      0.00839242	     -0.00290023	      0.00000000	      0.00000000	     -0.00000000
      0.67900000	     -0.00593830	     -0.00000000	      0.00000000	     -0.01767049	      0.00925032	     -0.00196781	      0.00000000	      0.00000000	      0.00000000
      0.68000000	     -0.00867789	      0.00000000	      0.00000000	     -0.02773503	      0.00891328	     -0.00411261	     -0.00000000	     -0.00000000	      0.00000000
      0.68100000	     -0.00756299	      0.00000000	     -0.00000000	     -0.02651655	      0.00909273	     -0.00205852	     -0.00000000	     -0.00000000	     -0.00000000
      0.68200000	     -0.00686766	      0.00000000	      0.00000000	     -0.01698860	      0.00935998	     -0.00161821	      0.00000000	      0.00000000	      0.00000000
      0.68300000	     -0.00704294	     -0.00000000	     -0.00000000	     -0.00067509	      0.00912399	     -0.00210097	     -0.00000000	     -0.00000000	     -0.00000000
      0.68400000	     -0.00852175	     -0.00000000	      0.00000000	     -0.01870680	      0.00937473	     -0.00356961	      0.00000000	      0.00000000	      0.00000000
      0.68500000	     -0.00577983	     -0.00000000	      0.00000000	     -0.01129000	      0.00901183	     -0.00163363	      0.00000000	      0.00000000	     -0.00000000
      0.68600000	     -0.00767511	      0.00000000	     -0.00000000	     -0.01282633	      0.00940950	     -0.00263161	     -0.00000000	      0.00000000	      0.00000000
      0.68700000	     -0.00682041	      0.00000000	      0.00000000	     -0.04185346	      0.00759059	     -0.00358902	      0.00000000	      0.00000000	     -0.00000000
      0.68800000	     -0.00762914	     -0.00000000	     -0.00000000	     -0.02302500	      0.00935515	     -0.00294936	      0.00000000	      0.00000000	      0.00000000
      0.68900000	     -0.00777335	      0.00000000	      0.00000000	     -0.01039502	      0.00955910	     -0.00252903	      0.00000000	      0.00000000	      0.00000000
      0.69000000	     -0.00769826	      0.00000000	     -0.00000000	     -0.03134052	      0.00854023	     -0.00275128	      0.00000000	      0.00000000	      0.00000000
      0.69100000	     -0.00784731	      0.00000000	     -0.00000000	     -0.02396714	      0.01036305	     -0.00302570	      0.00000000	     -0.00000000	     -0.00000000
      0.69200000	     -0.00746504	      0.00000000	     -0.00000000	     -0.00651141	      0.00934927	     -0.00222079	     -0.00000000	     -0.00000000	      0.00000000
      0.69300000	     -0.00716945	      0.00000000	      0.00000000	     -0.02570145	      0.00906031	     -0.00193072	      0.00000000	     -0.00000000	     -0.00000000
      0.69400000	     -0.00835157	     -0.00000000	     -0.00000000	     -0.02538106	      0.00912357	     -0.00286595	      0.00000000	     -0.00000000	     -0.00000000
      0.69500000	     -0.00767889	     -0.00000000	     -0.00000000	     -0.03334555	      0.00913969	     -0.00325886	     -0.00000000	     -0.00000000	     -0.00000000
      0.69600000	     -0.00825916	      0.00000000	     -0.00000000	     -0.02261921	      0.00911107	     -0.00362495	     -0.00000000	     -0.00000000	     -0.00000000
      0.69700000	     -0.00658179	     -0.00000000	     -0.00000000	     -0.02647018	      0.00907448	     -0.00214562	     -0.00000000	     -0.00000000	     -0.00000000
      0.69800000	     -0.00805178	     -0.00000000	     -0.00000000	     -0.03838444	      0.00815282	     -0.00421316	      0.00000000	     -0.00000000	     -0.00000000
      0.69900000	     -0.00771439	      0.00000000	      0.00000000	     -0.01498313	      0.00925046	     -0.00250138	     -0.00000000	     -0.00000000	     -0.00000000
      0.70000000	     -0.00720709	     -0.00000000	     -0.00000000	     -0.02861724	      0.00889999	     -0.00213666	      0.00000000	      0.00000000	     -0.00000000
      0.70100000	     -0.00807652	     -0.00000000	      0.00000000	     -0.03019647	      0.00889202	     -0.00361556	     -0.00000000	      0.00000000	      0.00000000
      0.70200000	     -0.00718107	      0.00000000	     -0.00000000	     -0.02633604	      0.00900468	     -0.00222953	     -0.00000000	      0.00000000	      0.00000000
      0.70300000	     -0.00847403	      0.00000000	     -0.00000000	     -0.01887043	      0.00935211	     -0.00330050	     -0.00000000	     -0.00000000	     -0.00000000
      0.70400000	     -0.00767081	     -0.00000000	     -0.00000000	     -0.00588646	      0.00958132	     -0.00250780	     -0.00000000	      0.00000000	     -0.00000000
      0.70500000	     -0.00660035	     -0.00000000	      0.00000000	     -0.03401976	      0.00871868	     -0.00217306	     -0.00000000	      0.00000000	      0.00000000
      0.70600000	     -0.00720281	      0.00000000	     -0.00000000	     -0.00967042	      0.00929544	     -0.00182692	     -0.00000000	     -0.00000000	     -0.00000000
      0.70700000	     -0.00730050	      0.00000000	     -0.00000000	     -0.01106869	      0.00916394	     -0.00244469	     -0.00000000	     -0.00000000	      0.00000000
      0.70800000	     -0.00840219	     -0.00000000	     -0.00000000	     -0.02950398	      0.00909631	     -0.00431210	      0.00000000	      0.00000000	      0.00000000
      0.70900000	     -0.00566782	     -0.00000000	     -0.00000000	     -0.04135473	      0.00796553	     -0.00185729	     -0.00000000	     -0.00000000	     -0.00000000
      0.71000000	     -0.00825949	     -0.00000000	      0.00000000	     -0.02839153	      0.00971254	     -0.00366228	      0.00000000	      0.00000000	      0.00000000
      0.71100000	     -0.00644433	     -0.00000000	      0.00000000	     -0.02197759	      0.00946356	     -0.00187673	      0.00000000	      0.00000000	      0.00000000
      0.71200000	     -0.00841452	      0.00000000	     -0.00000000	     -0.02409699	      0.00904713	     -0.00312782	     -0.00000000	      0.00000000	      0.00000000
      0.71300000	     -0.00655290	      0.00000000	      0.00000000	     -0.00174746	      0.00889818	     -0.00173397	     -0.00000000	     -0.00000000	      0.00000000
      0.71400000	     -0.00776600	     -0.00000000	      0.00000000	     -0.02847654	      0.00896893	     -0.00223236	      0.00000000	      0.00000000	     -0.00000000
      0.71500000	     -0.00772243	     -0.00000000	     -0.00000000	     -0.02432074	      0.00913836	     -0.00219280	      0.00000000	      0.00000000	      0.00000000
      0.71600000	     -0.00492161	     -0.00000000	     -0.00000000	     -0.02873195	      0.00930606	     -0.00123527	      0.00000000	      0.00000000	     -0.00000000
      0.71700000	     -0.00705408	      0.00000000	      0.00000000	     -0.02414926	      0.00907549	     -0.00258644	      0.00000000	     -0.00000000	      0.00000000
      0.71800000	     -0.00718611	      0.00000000	      0.00000000	     -0.00046364	      0.00924884	     -0.00221113	      0.00000000	      0.00000000	      0.00000000
      0.71900000	     -0.00784341	      0.00000000	      0.00000000	     -0.03232273	      0.00828671	     -0.00312024	     -0.00000000	      0.00000000	      0.00000000
      0.72000000	     -0.00756998	     -0.00000000	     -0.00000000	     -0.02643113	      0.00902837	     -0.00245561	      0.00000000	     -0.00000000	      0.00000000
      0.72100000	     -0.00722862	     -0.00000000	     -0.00000000	     -0.01589220	      0.00916484	     -0.00223569	     -0.00000000	     -0.00000000	     -0.00000000
      0.72200000	     -0.00721160	     -0.00000000	     -0.00000000	     -0.03218018	      0.00866074	     -0.00213335	      0.00000000	      0.00000000	     -0.00000000
      0.72300000	     -0.00809209	      0.00000000	      0.00000000	     -0.02489587	      0.00985328	     -0.00375668	     -0.00000000	      0.00000000	     -0.00000000
      0.72400000	     -0.00811128	      0.00000000	      0.00000000	     -0.02967013	      0.00908189	     -0.00363139	      0.00000000	     -0.00000000	      0.00000000
      0.72500000	     -0.00856262	      0.00000000	      0.00000000	     -0.03134271	      0.00848835	     -0.00428163	     -0.00000000	      0.00000000	     -0.00000000
      0.72600000	     -0.00879067	      0.00000000	     -0.00000000	     -0.02967664	      0.00906073	     -0.00473011	      0.00000000	     -0.00000000	     -0.00000000
      0.72700000	     -0.00722966	     -0.00000000	     -0.00000000	     -0.01771978	      0.00914387	     -0.00239063	     -0.00000000	      0.00000000	     -0.00000000
      0.72800000	     -0.00544823	     -0.00000000	      0.00000000	     -0.03855530	      0.00846737	     -0.00136246	      0.00000000	      0.00000000	     -0.00000000
      0.72900000	     -0.00651860	      0.00000000	     -0.00000000	     -0.03986225	      0.00818723	     -0.00252465	     -0.00000000	     -0.00000000	      0.00000000
      0.73000000	     -0.00654238	      0.00000000	      0.00000000	     -0.01368687	      0.00913342	     -0.00155432	      0.00000000	     -0.00000000	     -0.00000000
      0.73100000	     -0.00739278	      0.00000000	     -0.00000000	     -0.02155146	      0.00911459	     -0.00229751	      0.00000000	      0.00000000	      0.00000000
      0.73200000	     -0.00844568	      0.00000000	      0.00000000	     -0.02889460	      0.00915026	     -0.00371859	     -0.00000000	     -0.00000000	     -0.00000000
      0.73300000	     -0.00783883	     -0.00000000	     -0.00000000	     -0.02038789	      0.00926627	     -0.00277640	     -0.00000000	     -0.00000000	     -0.00000000
      0.73400000	     -0.00873836	     -0.00000000	      0.00000000	     -0.02615652	      0.00879994	     -0.00368091	      0.00000000	      0.00000000	     -0.00000000
      0.73500000	     -0.00684445	     -0.00000000	     -0.00000000	     -0.01419309	      0.00923630	     -0.00184239	     -0.00000000	     -0.00000000	     -0.00000000
      0.73600000	     -0.00693166	      0.00000000	      0.00000000	     -0.00723833	      0.00911907	     -0.00176372	      0.00000000	      0.00000000	     -0.00000000
      0.73700000	     -0.00680443	      0.00000000	     -0.00000000	     -0.02225408	      0.00922218	     -0.00203677	      0.00000000	      0.00000000	     -0.00000000
      0.73800000	     -0.00568074	     -0.00000000	      0.00000000	     -0.03779263	      0.00857238	     -0.00166715	      0.00000000	      0.00000000	      0.00000000
      0.73900000	     -0.00757488	      0.00000000	     -0.00000000	     -0.03059702	      0.00867391	     -0.00218336	     -0.00000000	      0.00000000	     -0.00000000
      0.74000000	     -0.00836531	      0.00000000	     -0.00000000	     -0.02991028	      0.00859840	     -0.00349657	     -0.00000000	      0.00000000	     -0.00000000
      0.74100000	     -0.00787624	      0.00000000	     -0.00000000	     -0.02401380	      0.00924250	     -0.00266311	      0.00000000	     -0.00000000	     -0.00000000
      0.74200000	     -0.00801969	      0.00000000	      0.00000000	     -0.03103225	      0.00928429	     -0.00407554	      0.00000000	      0.00000000	     -0.00000000
      0.74300000	     -0.00751792	     -0.00000000	      0.00000000	     -0.03185706	      0.00956392	     -0.00325601	      0.00000000	     -0.00000000	     -0.00000000
      0.74400000	     -0.00816000	      0.00000000	      0.00000000	     -0.01060413	      0.00960017	     -0.00302264	      0.00000000	      0.00000000	     -0.00000000
      0.74500000	     -0.00809989	     -0.00000000	     -0.00000000	     -0.03788941	      0.00831873	     -0.00426995	     -0.00000000	      0.00000000	     -0.00000000
      0.74600000	     -0.00771028	     -0.00000000	     -0.00000000	     -0.02728247	      0.00904006	     -0.00280737	     -0.00000000	      0.00000000	      0.00000000
      0.74700000	     -0.00776693	      0.00000000	      0.00000000	     -0.03173934	      0.00844939	     -0.00300530	      0.00000000	     -0.00000000	      0.00000000
      0.74800000	     -0.00625577	     -0.00000000	     -0.00000000	     -0.01183464	      0.00918306	     -0.00113304	     -0.00000000	     -0.00000000	     -0.00000000
      0.74900000	     -0.00745744	      0.00000000	     -0.00000000	     -0.03149292	      0.00880495	     -0.00274590	     -0.00000000	     -0.00000000	     -0.00000000
      0.75000000	     -0.00743057	     -0.00000000	     -0.00000000	     -0.00587325	      0.00929674	     -0.00234948	      0.00000000	     -0.00000000	     -0.00000000
      0.75100000	     -0.00801594	      0.00000000	      0.00000000	     -0.01141726	      0.00945010	     -0.00287608	      0.00000000	      0.00000000	     -0.00000000
      0.75200000	     -0.00802200	     -0.00000000	     -0.00000000	     -0.03267780	      0.00860732	     -0.00341785	     -0.00000000	     -0.00000000	     -0.00000000
      0.75300000	     -0.00710747	      0.00000000	      0.00000000	     -0.04354832	      0.00702852	     -0.00465815	      0.00000000	      0.00000000	     -0.00000000
      0.75400000	     -0.00826817	     -0.00000000	     -0.00000000	     -0.02717366	      0.00878486	     -0.00296900	     -0.00000000	     -0.00000000	     -0.00000000
      0.75500000	     -0.00787198	     -0.00000000	     -0.00000000	     -0.02571928	      0.00913805	     -0.00230602	      0.00000000	     -0.00000000	     -0.00000000
      0.75600000	     -0.00598849	      0.00000000	      0.00000000	     -0.01511910	      0.00908894	     -0.00147074	      0.00000000	      0.00000000	      0.00000000
      0.75700000	     -0.00852661	     -0.00000000	     -0.00000000	     -0.02389817	      0.00913942	     -0.00378588	     -0.00000000	     -0.00000000	     -0.00000000
      0.75800000	     -0.00578708	     -0.00000000	     -0.00000000	     -0.01681475	      0.00916040	     -0.00104512	      0.00000000	     -0.00000000	     -0.00000000
      0.75900000	     -0.00629494	     -0.00000000	     -0.00000000	     -0.01604044	      0.00930080	     -0.00133183	     -0.00000000	     -0.00000000	      0.00000000
      0.76000000	     -0.00592002	     -0.00000000	      0.00000000	     -0.01120624	      0.00902240	     -0.00099769	      0.00000000	      0.00000000	     -0.00000000
      0.76100000	     -0.00761944	     -0.00000000	      0.00000000	     -0.03372947	      0.00874669	     -0.00295976	      0.00000000	     -0.00000000	     -0.00000000
      0.76200000	     -0.00792899	     -0.00000000	     -0.00000000	     -0.01489908	      0.00931502	     -0.00312322	     -0.00000000	     -0.00000000	     -0.00000000
      0.76300000	     -0.00866887	      0.00000000	     -0.00000000	     -0.02826149	      0.00866216	     -0.00396051	     -0.00000000	      0.00000000	     -0.00000000
      0.76400000	     -0.00630512	     -0.00000000	      0.00000000	     -0.03688059	      0.00861678	     -0.00208263	      0.00000000	     -0.00000000	     -0.00000000
      0.76500000	     -0.00678931	      0.00000000	     -0.00000000	     -0.01893409	      0.00921049	     -0.00181640	     -0.00000000	     -0.00000000	     -0.00000000
      0.76600000	     -0.00791297	      0.00000000	      0.00000000	     -0.00818122	      0.00953227	     -0.00275114	     -0.00000000	      0.00000000	     -0.00000000
      0.76700000	     -0.00563129	      0.00000000	     -0.00000000	     -0.04151539	      0.00801194	     -0.00193095	      0.00000000	      0.00000000	      0.00000000
      0.76800000	     -0.00798579	     -0.00000000	     -0.00000000	     -0.03643454	      0.00890763	     -0.00415229	     -0.00000000	     -0.00000000	     -0.00000000
      0.76900000	     -0.00744934	     -0.00000000	     -0.00000000	     -0.02677809	      0.00905309	     -0.00281436	     -0.00000000	      0.00000000	     -0.00000000
      0.77000000	     -0.00869660	     -0.00000000	      0.00000000	     -0.02352245	      0.00898940	     -0.00390929	      0.00000000	      0.00000000	      0.00000000
      0.77100000	     -0.00696569	      0.00000000	     -0.00000000	     -0.03586157	      0.00841790	     -0.00244593	     -0.00000000	      0.00000000	      0.00000000
      0.77200000	     -0.00676402	     -0.00000000	     -0.00000000	     -0.03656576	      0.00847357	     -0.00249410	     -0.00000000	     -0.00000000	      0.00000000
      0.77300000	     -0.00776500	     -0.00000000	     -0.00000000	     -0.02588777	      0.00898708	     -0.00289505	     -0.00000000	      0.00000000	      0.00000000
      0.77400000	     -0.00680687	     -0.00000000	     -0.00000000	     -0.02171902	      0.00918067	     -0.00146177	     -0.00000000	     -0.00000000	     -0.00000000
      0.77500000	     -0.00623414	     -0.00000000	      0.00000000	     -0.02631716	      0.00911370	     -0.00172145	      0.00000000	      0.00000000	      0.00000000
      0.77600000	     -0.00832231	      0.00000000	      0.00000000	     -0.02564401	      0.00897208	     -0.00329600	      0.00000000	     -0.00000000	      0.00000000
      0.77700000	     -0.00459775	      0.00000000	      0.00000000	     -0.02037991	      0.00948476	     -0.00124026	     -0.00000000	     -0.00000000	     -0.00000000
      0.77800000	     -0.00667582	     -0.00000000	     -0.00000000	     -0.03332789	      0.00872926	     -0.00186933	     -0.00000000	      0.00000000	     -0.00000000
      0.77900000	     -0.00864923	     -0.00000000	      0.00000000	     -0.02681964	      0.00856462	     -0.00387427	      0.00000000	     -0.00000000	     -0.00000000
      0.78000000	     -0.00754045	     -0.00000000	     -0.00000000	     -0.02474699	      0.00930042	     -0.00297540	     -0.00000000	     -0.00000000	     -0.00000000
      0.78100000	     -0.00725197	      0.00000000	      0.00000000	     -0.01654324	      0.00929847	     -0.00174433	     -0.00000000	      0.00000000	      0.00000000
      0.78200000	     -0.00613911	     -0.00000000	      0.00000000	     -0.03918065	      0.00810942	     -0.00198411	      0.00000000	      0.00000000	      0.00000000
      0.78300000	     -0.00626578	     -0.00000000	     -0.00000000	     -0.04092762	      0.00796432	     -0.00247734	      0.00000000	      0.00000000	     -0.00000000
      0.78400000	     -0.00821960	      0.00000000	      0.00000000	     -0.02005271	      0.00934466	     -0.00296392	      0.00000000	      0.00000000	     -0.00000000
      0.78500000	     -0.00798057	      0.00000000	     -0.00000000	     -0.03003959	      0.00880988	     -0.00323843	      0.00000000	      0.00000000	     -0.00000000
      0.78600000	     -0.00862523	     -0.00000000	     -0.00000000	     -0.01835126	      0.00950111	     -0.00396489	      0.00000000	     -0.00000000	      0.00000000
      0.78700000	     -0.00729231	     -0.00000000	      0.00000000	     -0.03426120	      0.00836737	     -0.00216692	      0.00000000	      0.00000000	      0.00000000
      0.78800000	     -0.00871520	      0.00000000	     -0.00000000	     -0.01937384	      0.00943954	     -0.00388982	     -0.00000000	     -0.00000000	     -0.00000000
      0.78900000	     -0.00633429	     -0.00000000	     -0.00000000	     -0.01132027	      0.00915275	     -0.00110434	     -0.00000000	     -0.00000000	      0.00000000
      0.79000000	     -0.00801534	     -0.00000000	     -0.00000000	     -0.02567001	      0.00998338	     -0.00345272	     -0.00000000	      0.00000000	     -0.00000000
      0.79100000	     -0.00679518	     -0.00000000	      0.00000000	     -0.02487520	      0.00934965	     -0.00198757	      0.00000000	      0.00000000	     -0.00000000
      0.79200000	     -0.00805936	     -0.00000000	     -0.00000000	     -0.03800756	      0.00768462	     -0.00438417	     -0.00000000	     -0.00000000	     -0.00000000
      0.79300000	     -0.00810302	     -0.00000000	     -0.00000000	     -0.01360236	      0.00936946	     -0.00318718	     -0.00000000	     -0.00000000	     -0.00000000
      0.79400000	     -0.00578257	      0.00000000	     -0.00000000	     -0.02669276	      0.00919407	     -0.00172181	      0.00000000	      0.00000000	     -0.00000000
      0.79500000	     -0.00863741	      0.00000000	     -0.00000000	     -0.02937440	      0.00850671	     -0.00392737	     -0.00000000	      0.00000000	     -0.00000000
      0.79600000	     -0.00743180	      0.00000000	     -0.00000000	     -0.02898854	      0.00874820	     -0.00218401	      0.00000000	      0.00000000	     -0.00000000
      0.79700000	     -0.00714630	     -0.00000000	     -0.00000000	     -0.02559731	      0.00901449	     -0.00203916	     -0.00000000	     -0.00000000	     -0.00000000
      0.79800000	     -0.00595572	      0.00000000	      0.00000000	     -0.03767725	      0.00874271	     -0.00204400	      0.00000000	      0.00000000	     -0.00000000
      0.79900000	     -0.00803586	      0.00000000	      0.00000000	     -0.01556914	      0.00948437	     -0.00307996	      0.00000000	     -0.00000000	     -0.00000000
      0.80000000	     -0.00717971	      0.00000000	     -0.00000000	     -0.02584260	      0.00904208	     -0.00195385	     -0.00000000	      0.00000000	      0.00000000
      0.80100000	     -0.00729425	      0.00000000	      0.00000000	     -0.02723081	      0.00907137	     -0.00199029	      0.00000000	     -0.00000000	      0.00000000
      0.80200000	     -0.00561145	     -0.00000000	     -0.00000000	     -0.01872720	      0.00919792	     -0.00107367	     -0.00000000	     -0.00000000	     -0.00000000
      0.80300000	     -0.00828793	     -0.00000000	     -0.00000000	     -0.03699765	      0.00794155	     -0.00454046	     -0.00000000	     -0.00000000	     -0.00000000
      0.80400000	     -0.00752907	      0.00000000	      0.00000000	     -0.00905712	      0.00966756	     -0.00216669	     -0.00000000	     -0.00000000	      0.00000000
      0.80500000	     -0.00785185	      0.00000000	     -0.00000000	     -0.03508011	      0.00875967	     -0.00355604	      0.00000000	      0.00000000	      0.00000000
      0.80600000	     -0.00681998	     -0.00000000	     -0.00000000	     -0.03888186	      0.00889057	     -0.00281704	      0.00000000	     -0.00000000	     -0.00000000
      0.80700000	     -0.00748238	      0.00000000	      0.00000000	     -0.02952524	      0.00898366	     -0.00207596	      0.00000000	      0.00000000	      0.00000000
      0.80800000	     -0.00738446	      0.00000000	      0.00000000	     -0.02455790	      0.00906315	     -0.00258770	      0.00000000	      0.00000000	     -0.00000000
      0.80900000	     -0.00767462	     -0.00000000	     -0.00000000	     -0.02578595	      0.00885212	     -0.00278111	     -0.00000000	      0.00000000	     -0.00000000
      0.81000000	     -0.00835996	     -0.00000000	     -0.00000000	     -0.02978801	      0.00845815	     -0.00325183	      0.00000000	      0.00000000	      0.00000000
      0.81100000	     -0.00648706	      0.00000000	      0.00000000	     -0.02025742	      0.00914377	     -0.00134035	      0.00000000	      0.00000000	      0.00000000
      0.81200000	     -0.00761835	     -0.00000000	      0.00000000	     -0.03316801	      0.00949149	     -0.00299937	      0.00000000	      0.00000000	      0.00000000
      0.81300000	     -0.00588813	      0.00000000	      0.00000000	     -0.03528749	      0.00888935	     -0.00181332	      0.00000000	      0.00000000	     -0.00000000
      0.81400000	     -0.00675868	     -0.00000000	     -0.00000000	     -0.03586329	      0.00833935	     -0.00209269	     -0.00000000	     -0.00000000	      0.00000000
      0.81500000	     -0.00825132	      0.00000000	      0.00000000	     -0.02555360	      0.00912975	     -0.00302741	      0.00000000	     -0.00000000	     -0.00000000
      0.81600000	     -0.00887402	      0.00000000	      0.00000000	     -0.02372747	      0.00914309	     -0.00435937	     -0.00000000	     -0.00000000	      0.00000000
      0.81700000	     -0.00812740	      0.00000000	     -0.00000000	     -0.02067469	      0.00928156	     -0.00287976	      0.00000000	      0.00000000	      0.00000000
      0.81800000	     -0.00672659	      0.00000000	     -0.00000000	     -0.02368511	      0.00940385	     -0.00248163	     -0.00000000	      0.00000000	     -0.00000000
      0.81900000	     -0.00737237	     -0.00000000	      0.00000000	     -0.03921212	      0.00742351	     -0.00336898	      0.00000000	      0.00000000	     -0.00000000
      0.82000000	     -0.00660943	      0.00000000	      0.00000000	     -0.01961548	      0.00914759	     -0.00188291	      0.00000000	      0.00000000	      0.00000000
      0.82100000	     -0.00771735	      0.00000000	      0.00000000	     -0.01436200	      0.00941020	     -0.00223954	      0.00000000	      0.00000000	     -0.00000000
      0.82200000	     -0.00732527	     -0.00000000	      0.00000000	     -0.01647490	      0.00915614	     -0.00230773	      0.00000000	      0.00000000	     -0.00000000
      0.82300000	     -0.00841504	      0.00000000	      0.00000000	     -0.03397398	      0.00806204	     -0.00416648	     -0.00000000	     -0.00000000	      0.00000000
      0.82400000	     -0.00721697	      0.00000000	      0.00000000	     -0.04027367	      0.00720610	     -0.00341888	      0.00000000	     -0.00000000	     -0.00000000
      0.82500000	     -0.00532120	      0.00000000	     -0.00000000	     -0.02156211	      0.00932734	     -0.00126652	      0.00000000	      0.00000000	      0.00000000
      0.82600000	     -0.00562752	      0.00000000	      0.00000000	     -0.03653392	      0.00875214	     -0.00153932	     -0.00000000	      0.00000000	     -0.00000000
      0.82700000	     -0.00717565	     -0.00000000	     -0.00000000	     -0.00744834	      0.00916456	     -0.00200651	     -0.00000000	     -0.00000000	     -0.00000000
      0.82800000	     -0.00573150	     -0.00000000	      0.00000000	     -0.02698675	      0.00919361	     -0.00167752	     -0.00000000	     -0.00000000	     -0.00000000
      0.82900000	     -0.00764670	      0.00000000	      0.00000000	     -0.02309942	      0.00920504	     -0.00259593	      0.00000000	     -0.00000000	      0.00000000
      0.83000000	     -0.00684764	     -0.00000000	     -0.00000000	     -0.01653888	      0.00945823	     -0.00147857	     -0.00000000	      0.00000000	      0.00000000
      0.83100000	     -0.00893262	      0.00000000	      0.00000000	     -0.02761802	      0.00858396	     -0.00455520	      0.00000000	     -0.00000000	      0.00000000
      0.83200000	     -0.00614285	     -0.00000000	     -0.00000000	     -0.04343537	      0.00684391	     -0.00288904	      0.00000000	     -0.00000000	     -0.00000000
      0.83300000	     -0.00802746	      0.00000000	     -0.00000000	     -0.02819786	      0.00858466	     -0.00289256	     -0.00000000	     -0.00000000	      0.00000000
      0.83400000	     -0.00781804	      0.00000000	     -0.00000000	     -0.03321285	      0.00798411	     -0.00288932	     -0.00000000	     -0.00000000	      0.00000000
      0.83500000	     -0.00662451	     -0.00000000	     -0.00000000	     -0.02622668	      0.00906124	     -0.00148740	     -0.00000000	      0.00000000	     -0.00000000
      0.83600000	     -0.00638476	      0.00000000	      0.00000000	     -0.02042813	      0.00918939	     -0.00172370	     -0.00000000	      0.00000000	     -0.00000000
      0.83700000	     -0.00685623	      0.00000000	      0.00000000	     -0.03174364	      0.00889548	     -0.00258208	      0.00000000	      0.00000000	      0.00000000
      0.83800000	     -0.00536130	      0.00000000	      0.00000000	     -0.03840700	      0.00845480	     -0.00162506	      0.00000000	      0.00000000	      0.00000000
      0.83900000	     -0.00780941	      0.00000000	     -0.00000000	     -0.02190529	      0.00912421	     -0.00256116	     -0.00000000	      0.00000000	     -0.00000000
      0.84000000	     -0.00825077	     -0.00000000	      0.00000000	     -0.02436401	      0.00904235	     -0.00305268	     -0.00000000	     -0.00000000	     -0.00000000
      0.84100000	     -0.00638542	     -0.00000000	     -0.00000000	     -0.02587660	      0.00935182	     -0.00185072	     -0.00000000	     -0.00000000	     -0.00000000
      0.84200000	     -0.00724909	      0.00000000	      0.00000000	     -0.02891041	      0.00890582	     -0.00239822	      0.00000000	      0.00000000	      0.00000000
      0.84300000	     -0.00833695	     -0.00000000	     -0.00000000	     -0.02181481	      0.00964529	     -0.00362732	     -0.00000000	     -0.00000000	      0.00000000
      0.84400000	     -0.00666047	     -0.00000000	      0.00000000	     -0.02405483	      0.00908053	     -0.00159285	      0.00000000	      0.00000000	     -0.00000000
      0.84500000	     -0.00898381	      0.00000000	      0.00000000	     -0.02446819	      0.00895048	     -0.00450786	      0.00000000	      0.00000000	     -0.00000000
      0.84600000	     -0.00664298	     -0.00000000	     -0.00000000	     -0.04302758	      0.00822074	     -0.00310015	     -0.00000000	     -0.00000000	      0.00000000
      0.84700000	     -0.00838805	      0.00000000	     -0.00000000	     -0.02545670	      0.00913081	     -0.00292573	      0.00000000	      0.00000000	     -0.00000000
      0.84800000	     -0.00726401	      0.00000000	      0.00000000	     -0.03041537	      0.00855471	     -0.00229926	     -0.00000000	     -0.00000000	     -0.00000000
      0.84900000	     -0.00813167	     -0.00000000	      0.00000000	     -0.02351870	      0.00941216	     -0.00311268	      0.00000000	      0.00000000	      0.00000000
      0.85000000	     -0.00767648	      0.00000000	     -0.00000000	     -0.03833267	      0.00755085	     -0.00363992	     -0.00000000	     -0.00000000	     -0.00000000
      0.85100000	     -0.00830949	     -0.00000000	      0.00000000	     -0.02117892	      0.00918613	     -0.00306147	     -0.00000000	     -0.00000000	      0.00000000
      0.85200000	     -0.00816129	      0.00000000	     -0.00000000	     -0.01354475	      0.00940084	     -0.00309778	     -0.00000000	     -0.00000000	     -0.00000000
      0.85300000	     -0.00663836	      0.00000000	      0.00000000	     -0.04262721	      0.00761949	     -0.00307879	     -0.00000000	     -0.00000000	      0.00000000
      0.85400000	     -0.00606159	      0.00000000	     -0.00000000	     -0.04399402	      0.00684511	     -0.00298744	     -0.00000000	      0.00000000	     -0.00000000
      0.85500000	     -0.00657264	     -0.00000000	      0.00000000	     -0.01908279	      0.00953943	     -0.00108904	      0.00000000	      0.00000000	      0.00000000
      0.85600000	     -0.00794944	     -0.00000000	     -0.00000000	     -0.01833513	      0.00924930	     -0.00294921	     -0.00000000	      0.00000000	      0.00000000
      0.85700000	     -0.00751001	      0.00000000	     -0.00000000	     -0.02395490	      0.00899698	     -0.00264901	     -0.00000000	     -0.00000000	      0.00000000
      0.85800000	     -0.00651214	     -0.00000000	      0.00000000	     -0.03162355	      0.00892220	     -0.00174318	      0.00000000	      0.00000000	     -0.00000000
      0.85900000	     -0.00771580	     -0.00000000	      0.00000000	     -0.03988830	      0.00803286	     -0.00415249	     -0.00000000	     -0.00000000	      0.00000000
      0.86000000	     -0.00841544	     -0.00000000	     -0.00000000	     -0.02894628	      0.00853817	     -0.00336331	     -0.00000000	      0.00000000	     -0.00000000
      0.86100000	     -0.00708569	      0.00000000	      0.00000000	     -0.02747537	      0.00905421	     -0.00257639	     -0.00000000	      0.00000000	     -0.00000000
      0.86200000	     -0.00825333	     -0.00000000	      0.00000000	     -0.03280467	      0.00929056	     -0.00377893	     -0.00000000	      0.00000000	     -0.00000000
      0.86300000	     -0.00512295	     -0.00000000	     -0.00000000	     -0.02171245	      0.00926085	     -0.00104159	     -0.00000000	     -0.00000000	      0.00000000
      0.86400000	     -0.00818281	     -0.00000000	      0.00000000	     -0.03001481	      0.00828772	     -0.00300378	      0.00000000	      0.00000000	     -0.00000000
      0.86500000	     -0.00718793	     -0.00000000	     -0.00000000	     -0.00950006	      0.00927362	     -0.00179366	     -0.00000000	      0.00000000	     -0.00000000
      0.86600000	     -0.00571534	     -0.00000000	     -0.00000000	     -0.03570668	      0.00885705	     -0.00190465	     -0.00000000	      0.00000000	      0.00000000
      0.86700000	     -0.00774770	     -0.00000000	      0.00000000	     -0.03465444	      0.00794572	     -0.00301655	     -0.00000000	     -0.00000000	     -0.00000000
      0.86800000	     -0.00676299	      0.00000000	      0.00000000	     -0.02827348	      0.00898105	     -0.00159310	     -0.00000000	      0.00000000	      0.00000000
      0.86900000	     -0.00822614	     -0.00000000	      0.00000000	     -0.03633679	      0.00786396	     -0.00421833	     -0.00000000	     -0.00000000	      0.00000000
      0.87000000	     -0.00764883	      0.00000000	      0.00000000	     -0.01918243	      0.00948488	     -0.00240053	     -0.00000000	     -0.00000000	      0.00000000
      0.87100000	     -0.00739644	      0.00000000	     -0.00000000	     -0.03283448	      0.00810358	     -0.00235497	     -0.00000000	     -0.00000000	     -0.00000000
      0.87200000	     -0.00648868	      0.00000000	     -0.00000000	     -0.01983982	      0.00913038	     -0.00142381	      0.00000000	     -0.00000000	      0.00000000
      0.87300000	     -0.00765700	      0.00000000	     -0.00000000	     -0.03238002	      0.00854967	     -0.00283935	     -0.00000000	     -0.00000000	     -0.00000000
      0.87400000	     -0.00685775	      0.00000000	     -0.00000000	     -0.03402130	      0.00849234	     -0.00221691	     -0.00000000	     -0.00000000	     -0.00000000
      0.87500000	     -0.00614491	     -0.00000000	      0.00000000	     -0.02405436	      0.00925770	     -0.00189506	      0.00000000	     -0.00000000	     -0.00000000
      0.87600000	     -0.00806786	      0.00000000	      0.00000000	     -0.01960881	      0.00929750	     -0.00272665	     -0.00000000	     -0.00000000	      0.00000000
      0.87700000	     -0.00551309	     -0.00000000	     -0.00000000	     -0.02811284	      0.00915135	     -0.00119213	      0.00000000	      0.00000000	      0.00000000
      0.87800000	     -0.00854258	      0.00000000	      0.00000000	     -0.02806954	      0.00927270	     -0.00401153	     -0.00000000	     -0.00000000	      0.00000000
      0.87900000	     -0.00648017	      0.00000000	      0.00000000	     -0.03736536	      0.00804322	     -0.00194013	     -0.00000000	     -0.00000000	      0.00000000
      0.88000000	     -0.00672271	      0.00000000	     -0.00000000	     -0.02019248	      0.00923096	     -0.00144847	     -0.00000000	      0.00000000	     -0.00000000
      0.88100000	     -0.00802312	     -0.00000000	      0.00000000	     -0.02451647	      0.00922243	     -0.00242899	     -0.00000000	     -0.00000000	     -0.00000000
      0.88200000	     -0.00810793	     -0.00000000	     -0.00000000	     -0.03571028	      0.00797981	     -0.00386335	      0.00000000	      0.00000000	     -0.00000000
      0.88300000	     -0.00653941	      0.00000000	      0.00000000	     -0.02091326	      0.00912381	     -0.00159772	     -0.00000000	     -0.00000000	      0.00000000
      0.88400000	     -0.00735154	     -0.00000000	      0.00000000	     -0.03654348	      0.00745263	     -0.00289535	      0.00000000	      0.00000000	     -0.00000000
      0.88500000	     -0.00839300	      0.00000000	      0.00000000	     -0.02215034	      0.00920585	     -0.00308007	      0.00000000	      0.00000000	     -0.00000000
      0.88600000	     -0.00714401	      0.00000000	     -0.00000000	     -0.00765045	      0.00954394	     -0.00178654	     -0.00000000	     -0.00000000	      0.00000000
      0.88700000	     -0.00812110	     -0.00000000	     -0.00000000	     -0.03452645	      0.00778205	     -0.00358468	      0.00000000	     -0.00000000	     -0.00000000
      0.88800000	     -0.00697632	      0.00000000	      0.00000000	     -0.03923121	      0.00881708	     -0.00286054	     -0.00000000	      0.00000000	      0.00000000
      0.88900000	     -0.00584447	     -0.00000000	     -0.00000000	     -0.03704111	      0.00868988	     -0.00190716	     -0.00000000	     -0.00000000	      0.00000000
      0.89000000	     -0.00830371	      0.00000000	     -0.00000000	     -0.03251635	      0.00802469	     -0.00357462	     -0.00000000	      0.00000000	      0.00000000
      0.89100000	     -0.00782793	     -0.00000000	      0.00000000	     -0.03113151	      0.00864524	     -0.00248593	      0.00000000	      0.00000000	      0.00000000
      0.89200000	     -0.00643739	      0.00000000	      0.00000000	     -0.03327002	      0.00904491	     -0.00237085	      0.00000000	      0.00000000	      0.00000000
      0.89300000	     -0.00674942	      0.00000000	      0.00000000	     -0.03742351	      0.00800494	     -0.00248849	     -0.00000000	      0.00000000	     -0.00000000
      0.89400000	     -0.00846223	      0.00000000	     -0.00000000	     -0.02417653	      0.00911493	     -0.00330278	     -0.00000000	     -0.00000000	      0.00000000
      0.89500000	     -0.00805707	      0.00000000	     -0.00000000	     -0.02669972	      0.01015478	     -0.00338423	     -0.00000000	     -0.00000000	     -0.00000000
      0.89600000	     -0.00675096	      0.00000000	     -0.00000000	     -0.02973507	      0.00908043	     -0.00167862	     -0.00000000	     -0.00000000	     -0.00000000
      0.89700000	     -0.00759228	      0.00000000	     -0.00000000	     -0.01714223	      0.00944861	     -0.00224877	     -0.00000000	      0.00000000	      0.00000000
      0.89800000	     -0.00766947	     -0.00000000	      0.00000000	     -0.02510352	      0.00891248	     -0.00247532	      0.00000000	      0.00000000	     -0.00000000
      0.89900000	     -0.00733852	      0.00000000	      0.00000000	     -0.04074617	      0.00724496	     -0.00374270	     -0.00000000	     -0.00000000	     -0.00000000
      0.90000000	     -0.00570579	      0.00000000	     -0.00000000	     -0.02975415	      0.00945849	     -0.00184997	      0.00000000	     -0.00000000	      0.00000000
      0.90100000	     -0.00648164	     -0.00000000	     -0.00000000	     -0.02156545	      0.00913578	     -0.00172118	     -0.00000000	     -0.00000000	     -0.00000000
      0.90200000	     -0.00752141	      0.00000000	      0.00000000	     -0.03131870	      0.00866750	     -0.00215465	      0.00000000	      0.00000000	      0.00000000
      0.90300000	     -0.00850208	      0.00000000	     -0.00000000	     -0.02424968	      0.00900998	     -0.00324454	     -0.00000000	     -0.00000000	      0.00000000
      0.90400000	     -0.00884977	     -0.00000000	     -0.00000000	     -0.02661048	      0.00849760	     -0.00431871	     -0.00000000	     -0.00000000	     -0.00000000
      0.90500000	     -0.00750892	      0.00000000	     -0.00000000	     -0.01142444	      0.00960703	     -0.00212122	     -0.00000000	     -0.00000000	      0.00000000
      0.90600000	     -0.00694336	     -0.00000000	     -0.00000000	     -0.02735137	      0.00903772	     -0.00164940	     -0.00000000	      0.00000000	     -0.00000000
      0.90700000	     -0.00633673	      0.00000000	      0.00000000	     -0.01436581	      0.00915409	     -0.00129410	     -0.00000000	     -0.00000000	      0.00000000
      0.90800000	     -0.00712555	     -0.00000000	      0.00000000	     -0.02245083	      0.00913378	     -0.00222198	      0.00000000	      0.00000000	     -0.00000000
      0.90900000	     -0.00768962	      0.00000000	     -0.00000000	     -0.03036479	      0.00856272	     -0.00254964	     -0.00000000	     -0.00000000	      0.00000000
      0.91000000	     -0.00791344	      0.00000000	      0.00000000	     -0.03648278	      0.00829250	     -0.00364650	     -0.00000000	     -0.00000000	     -0.00000000
      0.91100000	     -0.00716662	      0.00000000	      0.00000000	     -0.04323722	      0.00721079	     -0.00428280	      0.00000000	      0.00000000	     -0.00000000
      0.91200000	     -0.00524182	      0.00000000	      0.00000000	     -0.03615966	      0.00893687	     -0.00155087	      0.00000000	      0.00000000	      0.00000000
      0.91300000	     -0.00734573	      0.00000000	     -0.00000000	     -0.04093158	      0.00707252	     -0.00387173	      0.00000000	      0.00000000	     -0.00000000
      0.91400000	     -0.00713932	     -0.00000000	      0.00000000	     -0.03036860	      0.00818769	     -0.00287735	      0.00000000	      0.00000000	      0.00000000
      0.91500000	     -0.00670927	      0.00000000	     -0.00000000	     -0.02108868	      0.00912413	     -0.00170682	      0.00000000	      0.00000000	     -0.00000000
      0.91600000	     -0.00638089	     -0.00000000	      0.00000000	     -0.02704697	      0.00910692	     -0.00186246	      0.00000000	      0.00000000	      0.00000000
      0.91700000	     -0.00687940	     -0.00000000	      0.00000000	     -0.03462520	      0.00803175	     -0.00254723	     -0.00000000	     -0.00000000	     -0.00000000
      0.91800000	     -0.00654755	      0.00000000	      0.00000000	     -0.02359967	      0.00912911	     -0.00200687	      0.00000000	     -0.00000000	     -0.00000000
      0.91900000	     -0.00718171	      0.00000000	     -0.00000000	     -0.03750753	      0.00742737	     -0.00265735	      0.00000000	     -0.00000000	      0.00000000
      0.92000000	     -0.00642513	      0.00000000	     -0.00000000	     -0.03999147	      0.00835182	     -0.00270655	      0.00000000	      0.00000000	     -0.00000000
      0.92100000	     -0.00756074	     -0.00000000	     -0.00000000	     -0.01349209	      0.00950145	     -0.00215179	     -0.00000000	     -0.00000000	     -0.00000000
      0.92200000	     -0.00809327	      0.00000000	      0.00000000	     -0.01699089	      0.00942845	     -0.00267036	      0.00000000	      0.00000000	      0.00000000
      0.92300000	     -0.00522281	      0.00000000	     -0.00000000	     -0.03106300	      0.00914918	     -0.00109442	      0.00000000	     -0.00000000	     -0.00000000
      0.92400000	     -0.00664475	     -0.00000000	     -0.00000000	     -0.02601697	      0.00905266	     -0.00149995	     -0.00000000	     -0.00000000	     -0.00000000
      0.92500000	     -0.00727932	      0.00000000	     -0.00000000	     -0.04024233	      0.00772610	     -0.00350218	     -0.00000000	     -0.00000000	     -0.00000000
      0.92600000	     -0.00792473	      0.00000000	      0.00000000	     -0.02397469	      0.00906384	     -0.00247490	      0.00000000	     -0.00000000	      0.00000000
      0.92700000	     -0.00735708	      0.00000000	      0.00000000	     -0.03236018	      0.00876670	     -0.00259851	     -0.00000000	     -0.00000000	     -0.00000000
      0.92800000	     -0.00617897	     -0.00000000	     -0.00000000	     -0.04123992	      0.00762565	     -0.00228997	     -0.00000000	     -0.00000000	     -0.00000000
      0.92900000	     -0.00875193	      0.00000000	      0.00000000	     -0.02221410	      0.00912362	     -0.00391976	      0.00000000	      0.00000000	     -0.00000000
      0.93000000	     -0.00746318	     -0.00000000	      0.00000000	     -0.02592703	      0.00891887	     -0.00233424	      0.00000000	      0.00000000	      0.00000000
      0.93100000	     -0.00713773	     -0.00000000	      0.00000000	     -0.03684066	      0.00784207	     -0.00233159	     -0.00000000	     -0.00000000	     -0.00000000
      0.93200000	     -0.00801111	     -0.00000000	      0.00000000	     -0.03239282	      0.00836747	     -0.00303212	      0.00000000	      0.00000000	      0.00000000
      0.93300000	     -0.00794587	     -0.00000000	      0.00000000	     -0.02484998	      0.00919231	     -0.00313549	      0.00000000	      0.00000000	     -0.00000000
      0.93400000	     -0.00724699	     -0.00000000	     -0.00000000	     -0.02478229	      0.00964813	     -0.00230701	     -0.00000000	      0.00000000	     -0.00000000
      0.93500000	     -0.00732589	      0.00000000	      0.00000000	     -0.02412145	      0.00922860	     -0.00197544	      0.00000000	      0.00000000	     -0.00000000
      0.93600000	     -0.00755004	     -0.00000000	      0.00000000	     -0.03044823	      0.00895742	     -0.00233698	     -0.00000000	     -0.00000000	     -0.00000000
      0.93700000	     -0.00740047	     -0.00000000	     -0.00000000	     -0.02125853	      0.00914615	     -0.00225347	     -0.00000000	     -0.00000000	      0.00000000
      0.93800000	     -0.00759010	     -0.00000000	     -0.00000000	     -0.03498317	      0.00775574	     -0.00280708	      0.00000000	      0.00000000	     -0.00000000
      0.93900000	     -0.00527209	     -0.00000000	      0.00000000	     -0.03470441	      0.00892814	     -0.00157406	      0.00000000	      0.00000000	     -0.00000000
      0.94000000	     -0.00677888	      0.00000000	     -0.00000000	     -0.02417822	      0.00921289	     -0.00159127	     -0.00000000	     -0.00000000	     -0.00000000
      0.94100000	     -0.00766705	      0.00000000	      0.00000000	     -0.03767382	      0.00809196	     -0.00350881	      0.00000000	      0.00000000	      0.00000000
      0.94200000	     -0.00696199	     -0.00000000	     -0.00000000	     -0.00971647	      0.00934480	     -0.00150892	     -0.00000000	      0.00000000	      0.00000000
      0.94300000	     -0.00706356	      0.00000000	     -0.00000000	     -0.03454316	      0.00813505	     -0.00203017	     -0.00000000	     -0.00000000	      0.00000000
      0.94400000	     -0.00643243	      0.00000000	     -0.00000000	     -0.03818463	      0.00850885	     -0.00230721	      0.00000000	      0.00000000	      0.00000000
      0.94500000	     -0.00809192	     -0.00000000	     -0.00000000	     -0.03551418	      0.00836824	     -0.00376036	     -0.00000000	     -0.00000000	     -0.00000000
      0.94600000	     -0.00640704	      0.00000000	      0.00000000	     -0.03244913	      0.00925692	     -0.00244561	      0.00000000	      0.00000000	      0.00000000
      0.94700000	     -0.00864266	      0.00000000	     -0.00000000	     -0.03158064	      0.00777294	     -0.00448440	      0.00000000	      0.00000000	      0.00000000
      0.94800000	     -0.00711169	     -0.00000000	      0.00000000	     -0.01698273	      0.00933930	     -0.00158123	      0.00000000	      0.00000000	      0.00000000
      0.94900000	     -0.00601824	     -0.00000000	      0.00000000	     -0.03912128	      0.00770106	     -0.00214962	      0.00000000	      0.00000000	      0.00000000
      0.95000000	     -0.00670118	     -0.00000000	      0.00000000	     -0.00926003	      0.00937151	     -0.00165132	      0.00000000	      0.00000000	     -0.00000000
      0.95100000	     -0.00750558	     -0.00000000	     -0.00000000	     -0.02450460	      0.00904528	     -0.00250063	     -0.00000000	      0.00000000	     -0.00000000
      0.95200000	     -0.00570066	      0.00000000	      0.00000000	     -0.04235363	      0.00738582	     -0.00197143	      0.00000000	      0.00000000	      0.00000000
      0.95300000	     -0.00858861	     -0.00000000	     -0.00000000	     -0.02489788	      0.00916013	     -0.00317812	      0.00000000	     -0.00000000	     -0.00000000
      0.95400000	     -0.00649927	     -0.00000000	     -0.00000000	     -0.03296571	      0.00871668	     -0.00154750	     -0.00000000	      0.00000000	     -0.00000000
      0.95500000	     -0.00619977	     -0.00000000	      0.00000000	     -0.04331717	      0.00639782	     -0.00316863	      0.00000000	      0.00000000	      0.00000000
      0.95600000	     -0.00705384	      0.00000000	     -0.00000000	     -0.02460754	      0.00908380	     -0.00172461	     -0.00000000	      0.00000000	      0.00000000
      0.95700000	     -0.00622559	      0.00000000	      0.00000000	     -0.03055579	      0.00899649	     -0.00138976	      0.00000000	      0.00000000	      0.00000000
      0.95800000	     -0.00693558	     -0.00000000	      0.00000000	     -0.02774113	      0.00852843	     -0.00286838	      0.00000000	      0.00000000	     -0.00000000
      0.95900000	     -0.00629633	     -0.00000000	      0.00000000	     -0.03520831	      0.00818478	     -0.00241560	      0.00000000	      0.00000000	     -0.00000000
      0.96000000	     -0.00611033	      0.00000000	      0.00000000	     -0.03269044	      0.00893660	     -0.00192002	      0.00000000	     -0.00000000	      0.00000000
      0.96100000	     -0.00748659	      0.00000000	     -0.00000000	     -0.03849760	      0.00829485	     -0.00334242	     -0.00000000	      0.00000000	      0.00000000
      0.96200000	     -0.00701627	      0.00000000	      0.00000000	     -0.01786336	      0.00920374	     -0.00161937	      0.00000000	      0.00000000	      0.00000000
      0.96300000	     -0.00809084	      0.00000000	     -0.00000000	     -0.02778318	      0.00846437	     -0.00292698	     -0.00000000	     -0.00000000	      0.00000000
      0.96400000	     -0.00708049	      0.00000000	     -0.00000000	     -0.01592606	      0.00921154	     -0.00180104	     -0.00000000	     -0.00000000	      0.00000000
      0.96500000	     -0.00785097	     -0.00000000	      0.00000000	     -0.01848247	      0.00926010	     -0.00266989	      0.00000000	     -0.00000000	     -0.00000000
      0.96600000	     -0.00825080	     -0.00000000	      0.00000000	     -0.02297565	      0.00910415	     -0.00316546	      0.00000000	      0.00000000	     -0.00000000
      0.96700000	     -0.00789673	      0.00000000	     -0.00000000	     -0.02676548	      0.00839743	     -0.00304819	      0.00000000	      0.00000000	      0.00000000
      0.96800000	     -0.00620586	     -0.00000000	     -0.00000000	     -0.03249851	      0.00893888	     -0.00154438	      0.00000000	      0.00000000	     -0.00000000
      0.96900000	     -0.00730757	      0.00000000	      0.00000000	     -0.03940095	      0.00763267	     -0.00332873	      0.00000000	     -0.00000000	     -0.00000000
      0.97000000	     -0.00662634	     -0.00000000	      0.00000000	     -0.00875465	      0.00945093	     -0.00175345	      0.00000000	      0.00000000	      0.00000000
      0.97100000	     -0.00754002	     -0.00000000	      0.00000000	     -0.03719600	      0.00759997	     -0.00348120	     -0.00000000	      0.00000000	     -0.00000000
      0.97200000	     -0.00723515	     -0.00000000	     -0.00000000	     -0.02284273	      0.00935429	     -0.00174759	     -0.00000000	     -0.00000000	      0.00000000
      0.97300000	     -0.00751501	      0.00000000	     -0.00000000	     -0.03423126	      0.00911225	     -0.00292447	     -0.00000000	     -0.00000000	      0.00000000
      0.97400000	     -0.00736084	      0.00000000	     -0.00000000	     -0.03049156	      0.00848325	     -0.00276681	     -0.00000000	     -0.00000000	      0.00000000
      0.97500000	     -0.00640895	     -0.00000000	      0.00000000	     -0.02761892	      0.00902858	     -0.00187560	      0.00000000	     -0.00000000	      0.00000000
      0.97600000	     -0.00761662	      0.00000000	      0.00000000	     -0.02980337	      0.00876268	     -0.00260580	      0.00000000	      0.00000000	     -0.00000000
      0.97700000	     -0.00740470	     -0.00000000	      0.00000000	     -0.03490549	      0.00741678	     -0.00331218	      0.00000000	      0.00000000	     -0.00000000
      0.97800000	     -0.00668327	      0.00000000	     -0.00000000	     -0.03771636	      0.00813401	     -0.00286000	      0.00000000	     -0.00000000	     -0.00000000
      0.97900000	     -0.00713893	     -0.00000000	     -0.00000000	     -0.01721791	      0.00915878	     -0.00199169	      0.00000000	      0.00000000	      0.00000000
      0.98000000	     -0.00810323	     -0.00000000	      0.00000000	     -0.02626949	      0.00856135	     -0.00320139	      0.00000000	      0.00000000	      0.00000000
      0.98100000	     -0.00710663	      0.00000000	      0.00000000	     -0.02794522	      0.00926082	     -0.00256358	     -0.00000000	      0.00000000	      0.00000000
      0.98200000	     -0.00629809	     -0.00000000	      0.00000000	     -0.02182962	      0.00941816	     -0.00113889	     -0.00000000	      0.00000000	      0.00000000
      0.98300000	     -0.00691758	     -0.00000000	     -0.00000000	     -0.02543256	      0.00911008	     -0.00196687	      0.00000000	     -0.00000000	      0.00000000
      0.98400000	     -0.00674016	     -0.00000000	     -0.00000000	     -0.02538175	      0.00908976	     -0.00214052	     -0.00000000	     -0.00000000	     -0.00000000
      0.98500000	     -0.00685969	      0.00000000	     -0.00000000	     -0.01771830	      0.00934673	     -0.00134826	      0.00000000	      0.00000000	      0.00000000
      0.98600000	     -0.00732972	      0.00000000	      0.00000000	     -0.01779299	      0.00945194	     -0.00172050	     -0.00000000	      0.00000000	      0.00000000
      0.98700000	     -0.00723686	      0.00000000	      0.00000000	     -0.01547336	      0.00951955	     -0.00228864	      0.00000000	     -0.00000000	     -0.00000000
      0.98800000	     -0.00711919	      0.00000000	      0.00000000	     -0.03476306	      0.00820945	     -0.00209143	      0.00000000	      0.00000000	      0.00000000
      0.98900000	     -0.00746628	     -0.00000000	     -0.00000000	     -0.03543559	      0.00862796	     -0.00304917	     -0.00000000	     -0.00000000	     -0.00000000
      0.99000000	     -0.00658764	     -0.00000000	     -0.00000000	     -0.03503598	      0.00861489	     -0.00209341	     -0.00000000	     -0.00000000	      0.00000000
      0.99100000	     -0.00798178	      0.00000000	     -0.00000000	     -0.03213264	      0.00763220	     -0.00362181	     -0.00000000	     -0.00000000	      0.00000000
      0.99200000	     -0.00672100	     -0.00000000	     -0.00000000	     -0.03105837	      0.00901309	     -0.00167386	      0.00000000	      0.00000000	     -0.00000000
      0.99300000	     -0.00882582	     -0.00000000	      0.00000000	     -0.01990279	      0.00930154	     -0.00395999	      0.00000000	     -0.00000000	     -0.00000000
      0.99400000	     -0.00656002	     -0.00000000	     -0.00000000	     -0.03092657	      0.00841596	     -0.00239054	     -0.00000000	      0.00000000	     -0.00000000
      0.99500000	     -0.00730908	      0.00000000	      0.00000000	     -0.02772057	      0.00881485	     -0.00211515	     -0.00000000	     -0.00000000	     -0.00000000
      0.99600000	     -0.00593023	     -0.00000000	      0.00000000	     -0.04222814	      0.00733921	     -0.00223050	     -0.00000000	     -0.00000000	      0.00000000
      0.99700000	     -0.00829140	     -0.00000000	     -0.00000000	     -0.02826789	      0.00851864	     -0.00327001	     -0.00000000	      0.00000000	     -0.00000000
      0.99800000	     -0.00667520	      0.00000000	      0.00000000	     -0.04062357	      0.00771747	     -0.00275547	      0.00000000	      0.00000000	      0.00000000
      0.99900000	     -0.00598681	      0.00000000	     -0.00000000	     -0.01695702	      0.00925253	     -0.00112148	     -0.00000000	      0.00000000	      0.00000000
      1.00000000	     -0.00520883	     -0.00000000	      0.00000000	     -0.04080592	      0.00760126	     -0.00192616	      0.00000000	     -0.00000000	     -0.00000000
      1.00100000	     -0.00652281	     -0.00000000	     -0.00000000	     -0.04195786	      0.00650469	     -0.00310046	     -0.00000000	     -0.00000000	      0.00000000
      1.00200000	     -0.00783719	     -0.00000000	      0.00000000	     -0.02938088	      0.00881830	     -0.00262272	     -0.00000000	      0.00000000	     -0.00000000
      1.00300000	     -0.00638795	     -0.00000000	      0.00000000	     -0.03548084	      0.00760588	     -0.00256251	     -0.00000000	     -0.00000000	      0.00000000
      1.00400000	     -0.00653009	      0.00000000	      0.00000000	     -0.01789312	      0.00943955	     -0.00149807	      0.00000000	      0.00000000	      0.00000000
      1.00500000	     -0.00698344	     -0.00000000	     -0.00000000	     -0.02605888	      0.00922256	     -0.00152366	     -0.00000000	     -0.00000000	      0.00000000
      1.00600000	     -0.00662124	      0.00000000	     -0.00000000	     -0.03005477	      0.00805692	     -0.00272666	      0.00000000	      0.00000000	      0.00000000
      1.00700000	     -0.00763894	     -0.00000000	      0.00000000	     -0.02253838	      0.00911318	     -0.00231335	      0.00000000	     -0.00000000	      0.00000000
      1.00800000	     -0.00794547	      0.00000000	     -0.00000000	     -0.03350811	      0.00874616	     -0.00332304	      0.00000000	      0.00000000	     -0.00000000
      1.00900000	     -0.00631187	     -0.00000000	      0.00000000	     -0.01988895	      0.00920598	     -0.00123907	     -0.00000000	      0.00000000	      0.00000000
      1.01000000	     -0.00760964	     -0.00000000	      0.00000000	     -0.02400778	      0.00926245	     -0.00210482	     -0.00000000	     -0.00000000	     -0.00000000
      1.01100000	     -0.00650200	      0.00000000	     -0.00000000	     -0.02519627	      0.00907494	     -0.00186103	     -0.00000000	     -0.00000000	      0.00000000
      1.01200000	     -0.00860775	      0.00000000	      0.00000000	     -0.02587934	      0.00885337	     -0.00360372	     -0.00000000	      0.00000000	      0.00000000
      1.01300000	     -0.00659021	      0.00000000	     -0.00000000	     -0.04019284	      0.00754384	     -0.00249318	     -0.00000000	     -0.00000000	     -0.00000000
      1.01400000	     -0.00634222	     -0.00000000	      0.00000000	     -0.02323867	      0.00912566	     -0.00168225	     -0.00000000	      0.00000000	      0.00000000
      1.01500000	     -0.00747094	     -0.00000000	     -0.00000000	     -0.03944185	      0.00755989	     -0.00355696	     -0.00000000	      0.00000000	      0.00000000
      1.01600000	     -0.00719926	      0.00000000	     -0.00000000	     -0.01333211	      0.00948400	     -0.00198917	     -0.00000000	      0.00000000	     -0.00000000
      1.01700000	     -0.00667680	      0.00000000	     -0.00000000	     -0.01584553	      0.00948196	     -0.00193476	      0.00000000	      0.00000000	      0.00000000
      1.01800000	     -0.00638732	      0.00000000	     -0.00000000	     -0.03527569	      0.00784976	     -0.00313978	     -0.00000000	     -0.00000000	     -0.00000000
      1.01900000	     -0.00653180	      0.00000000	      0.00000000	     -0.02749585	      0.00917221	     -0.00138141	      0.00000000	      0.00000000	      0.00000000
      1.02000000	     -0.00831731	      0.00000000	      0.00000000	     -0.02476536	      0.00890994	     -0.00310338	      0.00000000	      0.00000000	      0.00000000
      1.02100000	     -0.00548297	     -0.00000000	      0.00000000	     -0.04279566	      0.00649800	     -0.00286133	     -0.00000000	     -0.00000000	     -0.00000000
      1.02200000	     -0.00730176	     -0.00000000	      0.00000000	     -0.02407895	      0.00947745	     -0.00159824	      0.00000000	      0.00000000	     -0.00000000
      1.02300000	     -0.00646566	      0.00000000	      0.00000000	     -0.02869997	      0.00899544	     -0.00180706	     -0.00000000	     -0.00000000	      0.00000000
      1.02400000	     -0.00708335	     -0.00000000	     -0.00000000	     -0.03564027	      0.00795179	     -0.00283034	      0.00000000	      0.00000000	     -0.00000000
      1.02500000	     -0.00801457	      0.00000000	     -0.00000000	     -0.02035460	      0.00926993	     -0.00269882	     -0.00000000	     -0.00000000	     -0.00000000
      1.02600000	     -0.00596100	     -0.00000000	      0.00000000	     -0.03855475	      0.00806745	     -0.00162051	      0.00000000	      0.00000000	     -0.00000000
      1.02700000	     -0.00765899	     -0.00000000	     -0.00000000	     -0.02015165	      0.00925747	     -0.00220785	     -0.00000000	      0.00000000	     -0.00000000
      1.02800000	     -0.00710428	      0.00000000	      0.00000000	     -0.02751153	      0.00898308	     -0.00231650	      0.00000000	      0.00000000	      0.00000000
      1.02900000	     -0.00812176	      0.00000000	      0.00000000	     -0.03094726	      0.00833554	     -0.00299485	     -0.00000000	     -0.00000000	     -0.00000000
      1.03000000	     -0.00657195	      0.00000000	      0.00000000	     -0.03096001	      0.00816134	     -0.00259866	      0.00000000	     -0.00000000	     -0.00000000
      1.03100000	     -0.00658661	     -0.00000000	     -0.00000000	     -0.03229385	      0.00853078	     -0.00232301	     -0.00000000	      0.00000000	     -0.00000000
      1.03200000	     -0.00624047	     -0.00000000	     -0.00000000	     -0.02981455	      0.00966581	     -0.00255288	     -0.00000000	      0.00000000	     -0.00000000
      1.03300000	     -0.00772497	      0.00000000	     -0.00000000	     -0.03286965	      0.00781270	     -0.00291193	     -0.00000000	     -0.00000000	     -0.00000000
      1.03400000	     -0.00688239	     -0.00000000	     -0.00000000	     -0.03172196	      0.00841544	     -0.00261724	      0.00000000	     -0.00000000	      0.00000000
      1.03500000	     -0.00772945	     -0.00000000	     -0.00000000	     -0.02647686	      0.00889102	     -0.00250073	      0.00000000	     -0.00000000	     -0.00000000
      1.03600000	     -0.00825869	     -0.00000000	     -0.00000000	     -0.02720314	      0.00829162	     -0.00358648	     -0.00000000	     -0.00000000	      0.00000000
      1.03700000	     -0.00776337	      0.00000000	      0.00000000	     -0.01889715	      0.00948652	     -0.00214062	      0.00000000	      0.00000000	      0.00000000
      1.03800000	     -0.00723306	      0.00000000	     -0.00000000	     -0.03434940	      0.00802460	     -0.00222575	     -0.00000000	     -0.00000000	      0.00000000
      1.03900000	     -0.00698874	     -0.00000000	      0.00000000	     -0.02554500	      0.00933045	     -0.00148249	      0.00000000	     -0.00000000	     -0.00000000
      1.04000000	     -0.00620223	      0.00000000	      0.00000000	     -0.03845370	      0.00832330	     -0.00206474	     -0.00000000	     -0.00000000	     -0.00000000
      1.04100000	     -0.00691419	     -0.00000000	     -0.00000000	     -0.01623612	      0.00946542	     -0.00222426	     -0.00000000	      0.00000000	      0.00000000
      1.04200000	     -0.00825563	     -0.00000000	     -0.00000000	     -0.01272067	      0.00960258	     -0.00306283	      0.00000000	      0.00000000	     -0.00000000
      1.04300000	     -0.00724036	     -0.00000000	     -0.00000000	     -0.03575239	      0.00831776	     -0.00268623	     -0.00000000	      0.00000000	      0.00000000
      1.04400000	     -0.00750856	     -0.00000000	     -0.00000000	     -0.02023367	      0.00925084	     -0.00286182	     -0.00000000	     -0.00000000	     -0.00000000
      1.04500000	     -0.00825507	     -0.00000000	     -0.00000000	     -0.03421267	      0.00816440	     -0.00383965	     -0.00000000	     -0.00000000	     -0.00000000
      1.04600000	     -0.00651643	     -0.00000000	     -0.00000000	     -0.01866919	      0.00943803	     -0.00108396	     -0.00000000	      0.00000000	      0.00000000
      1.04700000	     -0.00619846	      0.00000000	     -0.00000000	     -0.02323694	      0.00911141	     -0.00169660	      0.00000000	      0.00000000	      0.00000000
      1.04800000	     -0.00657055	     -0.00000000	     -0.00000000	     -0.03595610	      0.00776027	     -0.00192296	     -0.00000000	     -0.00000000	     -0.00000000
      1.04900000	     -0.00606175	     -0.00000000	     -0.00000000	     -0.01109221	      0.00935936	     -0.00121600	     -0.00000000	     -0.00000000	     -0.00000000
      1.05000000	     -0.00654490	     -0.00000000	     -0.00000000	     -0.03832396	      0.00814476	     -0.00222359	     -0.00000000	     -0.00000000	      0.00000000
      1.05100000	     -0.00742185	     -0.00000000	     -0.00000000	     -0.03009452	      0.00862739	     -0.00211636	     -0.00000000	     -0.00000000	     -0.00000000
      1.05200000	     -0.00826054	     -0.00000000	      0.00000000	     -0.02606637	      0.00855439	     -0.00317873	      0.00000000	      0.00000000	     -0.00000000
      1.05300000	     -0.00653363	      0.00000000	      0.00000000	     -0.03397275	      0.00845466	     -0.00280358	      0.00000000	      0.00000000	      0.00000000
      1.05400000	     -0.00664581	      0.00000000	     -0.00000000	     -0.02327000	      0.00933770	     -0.00171058	     -0.00000000	      0.00000000	     -0.00000000
      1.05500000	     -0.00594470	      0.00000000	     -0.00000000	     -0.03509829	      0.00813216	     -0.00223776	     -0.00000000	     -0.00000000	     -0.00000000
      1.05600000	     -0.00790564	      0.00000000	     -0.00000000	     -0.02746581	      0.00916286	     -0.00236132	      0.00000000	     -0.00000000	      0.00000000
      1.05700000	     -0.00749287	     -0.00000000	     -0.00000000	     -0.02490211	      0.00849118	     -0.00327535	     -0.00000000	     -0.00000000	      0.00000000
      1.05800000	     -0.00533606	      0.00000000	      0.00000000	     -0.03997892	      0.00785967	     -0.00144533	     -0.00000000	     -0.00000000	     -0.00000000
      1.05900000	     -0.00740954	      0.00000000	     -0.00000000	     -0.02915644	      0.00885091	     -0.00241421	      0.00000000	     -0.00000000	     -0.00000000
      1.06000000	     -0.00773716	     -0.00000000	      0.00000000	     -0.03193231	      0.00839681	     -0.00277844	      0.00000000	     -0.00000000	      0.00000000
      1.06100000	     -0.00647115	     -0.00000000	      0.00000000	     -0.01653102	      0.00954983	     -0.00104412	      0.00000000	     -0.00000000	      0.00000000
      1.06200000	     -0.00601466	     -0.00000000	      0.00000000	     -0.03216000	      0.00819228	     -0.00280808	     -0.00000000	     -0.00000000	     -0.00000000
      1.06300000	     -0.00705288	      0.00000000	     -0.00000000	     -0.02850219	      0.00809510	     -0.00309928	     -0.00000000	      0.00000000	      0.00000000
      1.06400000	     -0.00652890	     -0.00000000	      0.00000000	     -0.01567835	      0.00950888	     -0.00207567	     -0.00000000	     -0.00000000	      0.00000000
      1.06500000	     -0.00733756	     -0.00000000	     -0.00000000	     -0.03139623	      0.00821494	     -0.00230906	     -0.00000000	      0.00000000	     -0.00000000
      1.06600000	     -0.00834211	     -0.00000000	     -0.00000000	     -0.02065247	      0.00926517	     -0.00297238	      0.00000000	      0.00000000	      0.00000000
      1.06700000	     -0.00797783	      0.00000000	     -0.00000000	     -0.02866416	      0.00965090	     -0.00327242	     -0.00000000	      0.00000000	     -0.00000000
      1.06800000	     -0.00778351	     -0.00000000	      0.00000000	     -0.02545839	      0.00905068	     -0.00267049	      0.00000000	      0.00000000	     -0.00000000
      1.06900000	     -0.00635756	     -0.00000000	     -0.00000000	     -0.02813221	      0.00898937	     -0.00159584	      0.00000000	     -0.00000000	      0.00000000
      1.07000000	     -0.00777047	     -0.00000000	      0.00000000	     -0.01405088	      0.00958447	     -0.00226370	      0.00000000	      0.00000000	      0.00000000
      1.07100000	     -0.00557828	      0.00000000	     -0.00000000	     -0.02755105	      0.00916595	     -0.00117576	      0.00000000	      0.00000000	     -0.00000000
      1.07200000	     -0.00719979	     -0.00000000	     -0.00000000	     -0.03281162	      0.00874284	     -0.00260684	     -0.00000000	      0.00000000	      0.00000000
      1.07300000	     -0.00753032	      0.00000000	      0.00000000	     -0.02554367	      0.00895293	     -0.00224922	      0.00000000	     -0.00000000	      0.00000000
      1.07400000	     -0.00684731	      0.00000000	      0.00000000	     -0.02836095	      0.00866778	     -0.00229302	     -0.00000000	     -0.00000000	     -0.00000000
      1.07500000	     -0.00797709	     -0.00000000	     -0.00000000	     -0.02888160	      0.00836071	     -0.00315538	     -0.00000000	      0.00000000	     -0.00000000
      1.07600000	     -0.00752212	     -0.00000000	     -0.00000000	     -0.02261214	      0.00943765	     -0.00214312	     -0.00000000	     -0.00000000	     -0.00000000
      1.07700000	     -0.00655966	     -0.00000000	      0.00000000	     -0.02333965	      0.00909080	     -0.00160015	      0.00000000	      0.00000000	      0.00000000
      1.07800000	     -0.00612257	      0.00000000	     -0.00000000	     -0.03373802	      0.00789508	     -0.00236836	     -0.00000000	     -0.00000000	     -0.00000000
      1.07900000	     -0.00871260	     -0.00000000	     -0.00000000	     -0.02654954	      0.00834769	     -0.00391835	      0.00000000	      0.00000000	      0.00000000
      1.08000000	     -0.00614941	      0.00000000	      0.00000000	     -0.03795843	      0.00766102	     -0.00173987	      0.00000000	      0.00000000	      0.00000000
      1.08100000	     -0.00777413	      0.00000000	     -0.00000000	     -0.02018819	      0.00958726	     -0.00208162	     -0.00000000	     -0.00000000	      0.00000000
      1.08200000	     -0.00667618	     -0.00000000	     -0.00000000	     -0.03328604	      0.00867044	     -0.00251070	     -0.00000000	     -0.00000000	     -0.00000000
      1.08300000	     -0.00781558	      0.00000000	      0.00000000	     -0.03530371	      0.00792833	     -0.00328005	      0.00000000	     -0.00000000	     -0.00000000
      1.08400000	     -0.00790446	      0.00000000	      0.00000000	     -0.02114198	      0.00941715	     -0.00230564	      0.00000000	      0.00000000	     -0.00000000
      1.08500000	     -0.00775315	      0.00000000	      0.00000000	     -0.02566507	      0.00894758	     -0.00231499	      0.00000000	      0.00000000	      0.00000000
      1.08600000	     -0.00680806	      0.00000000	      0.00000000	     -0.01825459	      0.00946580	     -0.00212136	      0.00000000	     -0.00000000	      0.00000000
      1.08700000	     -0.00658089	      0.00000000	      0.00000000	     -0.02244095	      0.00912711	     -0.00197755	      0.00000000	      0.00000000	      0.00000000
      1.08800000	     -0.00783204	      0.00000000	     -0.00000000	     -0.02733222	      0.00882504	     -0.00258993	      0.00000000	      0.00000000	     -0.00000000
      1.08900000	     -0.00855516	     -0.00000000	     -0.00000000	     -0.02257108	      0.00908392	     -0.00339036	      0.00000000	      0.00000000	      0.00000000
      1.09000000	     -0.00834631	     -0.00000000	     -0.00000000	     -0.02380037	      0.00903391	     -0.00301154	     -0.00000000	     -0.00000000	      0.00000000
      1.09100000	     -0.00675710	     -0.00000000	     -0.00000000	     -0.02300872	      0.00935781	     -0.00128663	      0.00000000	      0.00000000	     -0.00000000
      1.09200000	     -0.00565001	      0.00000000	     -0.00000000	     -0.03525741	      0.00882250	     -0.00116863	     -0.00000000	     -0.00000000	      0.00000000
      1.09300000	     -0.00840434	      0.00000000	      0.00000000	     -0.02007747	      0.00928889	     -0.00318883	      0.00000000	     -0.00000000	     -0.00000000
      1.09400000	     -0.00646865	     -0.00000000	      0.00000000	     -0.01129855	      0.00962123	     -0.00210206	      0.00000000	      0.00000000	      0.00000000
      1.09500000	     -0.00634635	      0.00000000	     -0.00000000	     -0.03739846	      0.00809161	     -0.00255226	      0.00000000	     -0.00000000	      0.00000000
      1.09600000	     -0.00586247	      0.00000000	     -0.00000000	     -0.03261870	      0.00767396	     -0.00308381	      0.00000000	      0.00000000	      0.00000000
      1.09700000	     -0.00557532	     -0.00000000	      0.00000000	     -0.04095836	      0.00701010	     -0.00297064	     -0.00000000	     -0.00000000	     -0.00000000
      1.09800000	     -0.00768830	     -0.00000000	      0.00000000	     -0.01633785	      0.00931037	     -0.00222576	      0.00000000	      0.00000000	      0.00000000
      1.09900000	     -0.00765722	     -0.00000000	     -0.00000000	     -0.03131597	      0.00833157	     -0.00243642	     -0.00000000	      0.00000000	     -0.00000000
      1.10000000	     -0.00570077	      0.00000000	     -0.00000000	     -0.02333870	      0.00911080	     -0.00134590	      0.00000000	      0.00000000	     -0.00000000
      1.10100000	     -0.00853915	      0.00000000	     -0.00000000	     -0.02454923	      0.00867499	     -0.00378979	     -0.00000000	      0.00000000	      0.00000000
      1.10200000	     -0.00690239	     -0.00000000	     -0.00000000	     -0.02449986	      0.00911307	     -0.00244463	     -0.00000000	     -0.00000000	     -0.00000000
      1.10300000	     -0.00748451	      0.00000000	      0.00000000	     -0.00877671	      0.00968364	     -0.00214343	      0.00000000	     -0.00000000	      0.00000000
      1.10400000	     -0.00687075	      0.00000000	      0.00000000	     -0.03082041	      0.00830039	     -0.00264696	      0.00000000	      0.00000000	      0.00000000
      1.10500000	     -0.00622484	     -0.00000000	      0.00000000	     -0.02607807	      0.00912798	     -0.00123110	     -0.00000000	     -0.00000000	      0.00000000
      1.10600000	     -0.00761956	      0.00000000	      0.00000000	     -0.01693877	      0.00936947	     -0.00215174	      0.00000000	      0.00000000	      0.00000000
      1.10700000	     -0.00685872	     -0.00000000	      0.00000000	     -0.03211377	      0.00764476	     -0.00323883	     -0.00000000	     -0.00000000	      0.00000000
      1.10800000	     -0.00643838	     -0.00000000	     -0.00000000	     -0.02062908	      0.00912371	     -0.00150420	     -0.00000000	     -0.00000000	      0.00000000
      1.10900000	     -0.00491082	      0.00000000	     -0.00000000	     -0.03882993	      0.00802720	     -0.00148643	      0.00000000	      0.00000000	      0.00000000
      1.11000000	     -0.00739654	      0.00000000	      0.00000000	     -0.01445190	      0.00941292	     -0.00187489	     -0.00000000	      0.00000000	     -0.00000000
      1.11100000	     -0.00656463	      0.00000000	     -0.00000000	     -0.03267186	      0.00881262	     -0.00193820	     -0.00000000	     -0.00000000	     -0.00000000
      1.11200000	     -0.00639804	      0.00000000	     -0.00000000	     -0.03138038	      0.00840816	     -0.00242638	      0.00000000	      0.00000000	      0.00000000
      1.11300000	     -0.00788086	     -0.00000000	     -0.00000000	     -0.02217956	      0.00968874	     -0.00210211	     -0.00000000	      0.00000000	     -0.00000000
      1.11400000	     -0.00635815	     -0.00000000	      0.00000000	     -0.03471953	      0.00851430	     -0.00205929	      0.00000000	      0.00000000	      0.00000000
      1.11500000	     -0.00779968	      0.00000000	     -0.00000000	     -0.02377351	      0.00914810	     -0.00228017	     -0.00000000	      0.00000000	      0.00000000
      1.11600000	     -0.00658686	     -0.00000000	     -0.00000000	     -0.03808734	      0.00729308	     -0.00273485	      0.00000000	     -0.00000000	     -0.00000000
      1.11700000	     -0.00604480	     -0.00000000	     -0.00000000	     -0.02957858	      0.00826811	     -0.00254506	     -0.00000000	     -0.00000000	     -0.00000000
      1.11800000	     -0.00665308	      0.00000000	      0.00000000	     -0.02481593	      0.00903308	     -0.00280243	      0.00000000	      0.00000000	      0.00000000
      1.11900000	     -0.00704883	     -0.00000000	     -0.00000000	     -0.02976816	      0.00888619	     -0.00215629	     -0.00000000	     -0.00000000	     -0.00000000
      1.12000000	     -0.00801683	     -0.00000000	      0.00000000	     -0.02910380	      0.00888586	     -0.00251347	      0.00000000	      0.00000000	      0.00000000
      1.12100000	     -0.00614878	      0.00000000	     -0.00000000	     -0.03215762	      0.00865844	     -0.00281953	     -0.00000000	     -0.00000000	      0.00000000
      1.12200000	     -0.00716069	     -0.00000000	      0.00000000	     -0.01794787	      0.00940476	     -0.00158900	      0.00000000	      0.00000000	      0.00000000
      1.12300000	     -0.00652778	      0.00000000	      0.00000000	     -0.03291410	      0.00785864	     -0.00226260	     -0.00000000	      0.00000000	     -0.00000000
      1.12400000	     -0.00721968	     -0.00000000	      0.00000000	     -0.00939003	      0.00940795	     -0.00178297	      0.00000000	      0.00000000	      0.00000000
      1.12500000	     -0.00839351	     -0.00000000	     -0.00000000	     -0.02222726	      0.00913460	     -0.00316254	     -0.00000000	     -0.00000000	     -0.00000000
      1.12600000	     -0.00646340	     -0.00000000	     -0.00000000	     -0.02692520	      0.00895890	     -0.00192749	      0.00000000	      0.00000000	      0.00000000
      1.12700000	     -0.00840924	     -0.00000000	     -0.00000000	     -0.02116004	      0.00924309	     -0.00307372	     -0.00000000	     -0.00000000	     -0.00000000
      1.12800000	     -0.00732832	      0.00000000	     -0.00000000	     -0.03501065	      0.00752576	     -0.00308827	     -0.00000000	     -0.00000000	     -0.00000000
      1.12900000	     -0.00758339	     -0.00000000	      0.00000000	     -0.01851322	      0.00980325	     -0.00191299	      0.00000000	     -0.00000000	      0.00000000
      1.13000000	     -0.00644899	      0.00000000	      0.00000000	     -0.02549390	      0.00909253	     -0.00170464	      0.00000000	      0.00000000	      0.00000000
      1.13100000	     -0.00725733	      0.00000000	     -0.00000000	     -0.02325974	      0.00920275	     -0.00242697	     -0.00000000	     -0.00000000	     -0.00000000
      1.13200000	     -0.00822306	     -0.00000000	     -0.00000000	     -0.02930815	      0.00848683	     -0.00330689	     -0.00000000	      0.00000000	     -0.00000000
      1.13300000	     -0.00622937	      0.00000000	     -0.00000000	     -0.03324994	      0.00827101	     -0.00231412	     -0.00000000	     -0.00000000	      0.00000000
      1.13400000	     -0.00687620	     -0.00000000	     -0.00000000	     -0.03127640	      0.00772021	     -0.00319170	     -0.00000000	      0.00000000	     -0.00000000
      1.13500000	     -0.00679647	     -0.00000000	     -0.00000000	     -0.00775456	      0.00972690	     -0.00193317	      0.00000000	     -0.00000000	     -0.00000000
      1.13600000	     -0.00603697	      0.00000000	      0.00000000	     -0.03129659	      0.00887704	     -0.00146213	      0.00000000	      0.00000000	     -0.00000000
      1.13700000	     -0.00788257	     -0.00000000	     -0.00000000	     -0.02226917	      0.00961066	     -0.00212540	      0.00000000	      0.00000000	     -0.00000000
      1.13800000	     -0.00598113	      0.00000000	     -0.00000000	     -0.02947921	      0.00825639	     -0.00268405	     -0.00000000	     -0.00000000	      0.00000000
      1.13900000	     -0.00701557	     -0.00000000	     -0.00000000	     -0.03520784	      0.00784549	     -0.00264470	     -0.00000000	      0.00000000	      0.00000000
      1.14000000	     -0.00821675	     -0.00000000	      0.00000000	     -0.01898283	      0.00938539	     -0.00298508	     -0.00000000	     -0.00000000	     -0.00000000
      1.14100000	     -0.00587757	     -0.00000000	      0.00000000	     -0.02069161	      0.00952581	     -0.00099545	      0.00000000	      0.00000000	      0.00000000
      1.14200000	     -0.00612595	      0.00000000	      0.00000000	     -0.02761927	      0.00888792	     -0.00190858	     -0.00000000	      0.00000000	      0.00000000
      1.14300000	     -0.00733080	     -0.00000000	     -0.00000000	     -0.03439675	      0.00750952	     -0.00259246	      0.00000000	      0.00000000	     -0.00000000
      1.14400000	     -0.00602710	      0.00000000	     -0.00000000	     -0.02119309	      0.00925849	     -0.00196010	      0.00000000	      0.00000000	     -0.00000000
      1.14500000	     -0.00815132	     -0.00000000	     -0.00000000	     -0.01379357	      0.00959822	     -0.00288125	     -0.00000000	     -0.00000000	     -0.00000000
      1.14600000	     -0.00763528	      0.00000000	     -0.00000000	     -0.01439930	      0.00940922	     -0.00214786	     -0.00000000	     -0.00000000	      0.00000000
      1.14700000	     -0.00772916	      0.00000000	      0.00000000	     -0.03182824	      0.00862768	     -0.00243997	      0.00000000	     -0.00000000	     -0.00000000
      1.14800000	     -0.00648830	      0.00000000	     -0.00000000	     -0.02561610	      0.00909191	     -0.00186284	     -0.00000000	     -0.00000000	      0.00000000
      1.14900000	     -0.00748228	     -0.00000000	      0.00000000	     -0.02701069	      0.00873423	     -0.00241381	     -0.00000000	     -0.00000000	     -0.00000000
      1.15000000	     -0.00721003	     -0.00000000	     -0.00000000	     -0.02122427	      0.00920339	     -0.00204188	     -0.00000000	     -0.00000000	     -0.00000000
      1.15100000	     -0.00839513	      0.00000000	      0.00000000	     -0.02196410	      0.00918564	     -0.00304968	     -0.00000000	     -0.00000000	      0.00000000
      1.15200000	     -0.00793547	      0.00000000	      0.00000000	     -0.02744574	      0.00855666	     -0.00269272	      0.00000000	      0.00000000	      0.00000000
      1.15300000	     -0.00755008	      0.00000000	     -0.00000000	     -0.03684947	      0.00695888	     -0.00358662	      0.00000000	     -0.00000000	     -0.00000000
      1.15400000	     -0.00744650	      0.00000000	     -0.00000000	     -0.02271893	      0.00959225	     -0.00169863	     -0.00000000	     -0.00000000	     -0.00000000
      1.15500000	     -0.00606993	      0.00000000	      0.00000000	     -0.01975547	      0.00927890	     -0.00204151	      0.00000000	      0.00000000	      0.00000000
      1.15600000	     -0.00762963	     -0.00000000	     -0.00000000	     -0.03648165	      0.00766051	     -0.00319134	     -0.00000000	      0.00000000	     -0.00000000
      1.15700000	     -0.00669902	     -0.00000000	      0.00000000	     -0.02299435	      0.00926792	     -0.00147493	      0.00000000	      0.00000000	     -0.00000000
      1.15800000	     -0.00682460	     -0.00000000	      0.00000000	     -0.02840792	      0.00882592	     -0.00199662	      0.00000000	     -0.00000000	      0.00000000
      1.15900000	     -0.00671605	     -0.00000000	      0.00000000	     -0.02120384	      0.00962162	     -0.00165369	      0.00000000	      0.00000000	      0.00000000
      1.16000000	     -0.00810975	      0.00000000	     -0.00000000	     -0.01976267	      0.00918370	     -0.00337718	      0.00000000	      0.00000000	     -0.00000000
      1.16100000	     -0.00795984	      0.00000000	     -0.00000000	     -0.01891957	      0.00938192	     -0.00242430	     -0.00000000	     -0.00000000	     -0.00000000
      1.16200000	     -0.00650441	      0.00000000	     -0.00000000	     -0.01403611	      0.00950753	     -0.00211744	     -0.00000000	     -0.00000000	      0.00000000
      1.16300000	     -0.00663643	      0.00000000	      0.00000000	     -0.02075496	      0.00911941	     -0.00165496	      0.00000000	     -0.00000000	     -0.00000000
      1.16400000	     -0.00709286	     -0.00000000	     -0.00000000	     -0.02136919	      0.00961081	     -0.00185864	     -0.00000000	     -0.00000000	     -0.00000000
      1.16500000	     -0.00627544	     -0.00000000	     -0.00000000	     -0.02172187	      0.00904766	     -0.00287144	     -0.00000000	      0.00000000	     -0.00000000
      1.16600000	     -0.00688966	      0.00000000	     -0.00000000	     -0.01046358	      0.00960812	     -0.00200364	     -0.00000000	     -0.00000000	      0.00000000
      1.16700000	     -0.00751682	     -0.00000000	      0.00000000	     -0.02237448	      0.00915107	     -0.00219268	      0.00000000	      0.00000000	     -0.00000000
      1.16800000	     -0.00856479	     -0.00000000	     -0.00000000	     -0.01833331	      0.00942734	     -0.00367365	     -0.00000000	      0.00000000	      0.00000000
      1.16900000	     -0.00802774	      0.00000000	      0.00000000	     -0.02611815	      0.00879858	     -0.00281448	      0.00000000	     -0.00000000	     -0.00000000
      1.17000000	     -0.00720580	     -0.00000000	      0.00000000	     -0.03199880	      0.00824874	     -0.00242660	      0.00000000	      0.00000000	      0.00000000
      1.17100000	     -0.00632421	      0.00000000	      0.00000000	     -0.03098572	      0.00867243	     -0.00189752	      0.00000000	      0.00000000	      0.00000000
      1.17200000	     -0.00588241	      0.00000000	     -0.00000000	     -0.02874975	      0.00907717	     -0.00123460	     -0.00000000	      0.00000000	     -0.00000000
      1.17300000	     -0.00747913	      0.00000000	      0.00000000	     -0.01730833	      0.00958415	     -0.00241320	     -0.00000000	     -0.00000000	      0.00000000
      1.17400000	     -0.00631895	     -0.00000000	     -0.00000000	     -0.03750521	      0.00764459	     -0.00200962	     -0.00000000	     -0.00000000	      0.00000000
      1.17500000	     -0.00562195	     -0.00000000	     -0.00000000	     -0.02130900	      0.00915682	     -0.00121499	     -0.00000000	      0.00000000	     -0.00000000
      1.17600000	     -0.00729825	     -0.00000000	     -0.00000000	     -0.01672791	      0.00937594	     -0.00206613	     -0.00000000	     -0.00000000	      0.00000000
      1.17700000	     -0.00801196	      0.00000000	      0.00000000	     -0.02063407	      0.00924679	     -0.00263048	      0.00000000	     -0.00000000	      0.00000000
      1.17800000	     -0.00757763	      0.00000000	     -0.00000000	     -0.01997171	      0.00948618	     -0.00225990	      0.00000000	      0.00000000	      0.00000000
      1.17900000	     -0.00605855	      0.00000000	     -0.00000000	     -0.03234201	      0.00895344	     -0.00130859	     -0.00000000	     -0.00000000	     -0.00000000
      1.18000000	     -0.00852057	     -0.00000000	     -0.00000000	     -0.02447064	      0.00876880	     -0.00372440	     -0.00000000	     -0.00000000	     -0.00000000
      1.18100000	     -0.00603205	      0.00000000	     -0.00000000	     -0.02832931	      0.00854271	     -0.00239411	     -0.00000000	     -0.00000000	      0.00000000
      1.18200000	     -0.00645851	      0.00000000	      0.00000000	     -0.03230530	      0.00825302	     -0.00222037	      0.00000000	      0.00000000	     -0.00000000
      1.18300000	     -0.00672855	     -0.00000000	      0.00000000	     -0.02351229	      0.00915866	     -0.00237852	      0.00000000	      0.00000000	      0.00000000
      1.18400000	     -0.00674520	      0.00000000	      0.00000000	     -0.03515996	      0.00789496	     -0.00199552	      0.00000000	      0.00000000	      0.00000000
      1.18500000	     -0.00671646	      0.00000000	     -0.00000000	     -0.02587974	      0.00896553	     -0.00195049	     -0.00000000	     -0.00000000	      0.00000000
      1.18600000	     -0.00626472	     -0.00000000	      0.00000000	     -0.02359759	      0.00914136	     -0.00137049	      0.00000000	      0.00000000	     -0.00000000
      1.18700000	     -0.00822526	      0.00000000	     -0.00000000	     -0.01468827	      0.00950765	     -0.00299308	      0.00000000	      0.00000000	      0.00000000
      1.18800000	     -0.00714647	     -0.00000000	     -0.00000000	     -0.01607449	      0.00919433	     -0.00179812	      0.00000000	      0.00000000	     -0.00000000
      1.18900000	     -0.00818705	      0.00000000	     -0.00000000	     -0.02113082	      0.00898568	     -0.00342733	      0.00000000	      0.00000000	      0.00000000
      1.19000000	     -0.00741516	      0.00000000	      0.00000000	     -0.01776618	      0.00974749	     -0.00175245	      0.00000000	     -0.00000000	     -0.00000000
      1.19100000	     -0.00846045	     -0.00000000	     -0.00000000	     -0.01684924	      0.00960394	     -0.00352958	      0.00000000	      0.00000000	     -0.00000000
      1.19200000	     -0.00658640	     -0.00000000	     -0.00000000	     -0.03460484	      0.00848082	     -0.00167265	     -0.00000000	     -0.00000000	     -0.00000000
      1.19300000	     -0.00677825	      0.00000000	     -0.00000000	     -0.01623233	      0.00946549	     -0.00223793	      0.00000000	      0.00000000	     -0.00000000
      1.19400000	     -0.00837597	      0.00000000	      0.00000000	     -0.02205759	      0.00896650	     -0.00359269	     -0.00000000	     -0.00000000	      0.00000000
      1.19500000	     -0.00672907	      0.00000000	      0.00000000	     -0.02189817	      0.00923980	     -0.00196797	     -0.00000000	     -0.00000000	      0.00000000
      1.19600000	     -0.00842204	      0.00000000	     -0.00000000	     -0.02907494	      0.00866528	     -0.00356843	     -0.00000000	     -0.00000000	      0.00000000
      1.19700000	     -0.00587989	      0.00000000	      0.00000000	     -0.02678984	      0.00902381	     -0.00147423	      0.00000000	     -0.00000000	      0.00000000
      1.19800000	     -0.00586681	     -0.00000000	      0.00000000	     -0.01176067	      0.00981353	     -0.00103571	      0.00000000	      0.00000000	     -0.00000000
      1.19900000	     -0.00631745	      0.00000000	      0.00000000	     -0.02360099	      0.00906848	     -0.00200794	      0.00000000	      0.00000000	     -0.00000000
      1.20000000	     -0.00804143	     -0.00000000	      0.00000000	     -0.02231924	      0.00910987	     -0.00277534	     -0.00000000	     -0.00000000	      0.00000000
      1.20100000	     -0.00593991	      0.00000000	      0.00000000	     -0.01931603	      0.00951464	     -0.00126029	      0.00000000	      0.00000000	      0.00000000
      1.20200000	     -0.00721972	      0.00000000	      0.00000000	     -0.01834399	      0.00996690	     -0.00189015	      0.00000000	      0.00000000	     -0.00000000
      1.20300000	     -0.00732061	     -0.00000000	     -0.00000000	     -0.00646507	      0.00969221	     -0.00212076	      0.00000000	     -0.00000000	      0.00000000
      1.20400000	     -0.00605569	      0.00000000	      0.00000000	     -0.02189446	      0.00945239	     -0.00083353	     -0.00000000	      0.00000000	      0.00000000
      1.20500000	     -0.00626632	     -0.00000000	     -0.00000000	     -0.01905850	      0.00928359	     -0.00305743	      0.00000000	      0.00000000	      0.00000000
      1.20600000	     -0.00739446	     -0.00000000	      0.00000000	     -0.02478966	      0.00922167	     -0.00181350	      0.00000000	      0.00000000	     -0.00000000
      1.20700000	     -0.00731678	      0.00000000	     -0.00000000	     -0.02151550	      0.00940874	     -0.00248391	     -0.00000000	      0.00000000	      0.00000000
      1.20800000	     -0.00758523	     -0.00000000	     -0.00000000	     -0.03329474	      0.00805061	     -0.00234749	      0.00000000	      0.00000000	     -0.00000000
      1.20900000	     -0.00685391	      0.00000000	     -0.00000000	     -0.03234110	      0.00845395	     -0.00204884	      0.00000000	      0.00000000	     -0.00000000
      1.21000000	     -0.00754384	      0.00000000	     -0.00000000	     -0.02987069	      0.00863240	     -0.00239956	     -0.00000000	     -0.00000000	     -0.00000000
      1.21100000	     -0.00662416	      0.00000000	     -0.00000000	     -0.02050597	      0.00936324	     -0.00254457	      0.00000000	      0.00000000	      0.00000000
      1.21200000	     -0.00560471	     -0.00000000	      0.00000000	     -0.03630803	      0.00749559	     -0.00226352	      0.00000000	      0.00000000	     -0.00000000
      1.21300000	     -0.00789235	     -0.00000000	     -0.00000000	     -0.01773632	      0.00935399	     -0.00240486	      0.00000000	      0.00000000	     -0.00000000
      1.21400000	     -0.00597666	     -0.00000000	     -0.00000000	     -0.01580150	      0.00953511	     -0.00094695	     -0.00000000	     -0.00000000	      0.00000000
      1.21500000	     -0.00765808	      0.00000000	      0.00000000	     -0.02433084	      0.00895274	     -0.00257890	      0.00000000	      0.00000000	     -0.00000000
      1.21600000	     -0.00683130	     -0.00000000	     -0.00000000	     -0.02696658	      0.00852478	     -0.00270295	      0.00000000	     -0.00000000	     -0.00000000
      1.21700000	     -0.00765790	      0.00000000	      0.00000000	     -0.03334112	      0.00810466	     -0.00259791	     -0.00000000	     -0.00000000	      0.00000000
      1.21800000	     -0.00817568	      0.00000000	     -0.00000000	     -0.01891571	      0.00939150	     -0.00313818	     -0.00000000	     -0.00000000	      0.00000000
      1.21900000	     -0.00684539	     -0.00000000	      0.00000000	     -0.02848711	      0.00891200	     -0.00247432	     -0.00000000	      0.00000000	     -0.00000000
      1.22000000	     -0.00848720	     -0.00000000	     -0.00000000	     -0.01957583	      0.00931391	     -0.00353643	      0.00000000	      0.00000000	     -0.00000000
      1.22100000	     -0.00719123	     -0.00000000	     -0.00000000	     -0.01944135	      0.00923802	     -0.00200342	     -0.00000000	     -0.00000000	     -0.00000000
      1.22200000	     -0.00670135	      0.00000000	     -0.00000000	     -0.00917810	      0.00950632	     -0.00125719	      0.00000000	     -0.00000000	     -0.00000000
      1.22300000	     -0.00814446	     -0.00000000	     -0.00000000	     -0.01845296	      0.00942084	     -0.00266066	     -0.00000000	     -0.00000000	     -0.00000000
      1.22400000	     -0.00779892	     -0.00000000	     -0.00000000	     -0.03176966	      0.00860295	     -0.00294865	     -0.00000000	     -0.00000000	     -0.00000000
      1.22500000	     -0.00693573	      0.00000000	      0.00000000	     -0.01823419	      0.00938589	     -0.00227394	      0.00000000	      0.00000000	      0.00000000
      1.22600000	     -0.00641280	     -0.00000000	      0.00000000	     -0.02648816	      0.00880213	     -0.00241088	      0.00000000	      0.00000000	     -0.00000000
      1.22700000	     -0.00555145	      0.00000000	     -0.00000000	     -0.03668165	      0.00712489	     -0.00268929	     -0.00000000	     -0.00000000	      0.00000000
      1.22800000	     -0.00785683	     -0.00000000	      0.00000000	     -0.02300442	      0.00923316	     -0.00237205	      0.00000000	      0.00000000	     -0.00000000
      1.22900000	     -0.00725767	      0.00000000	     -0.00000000	     -0.02432381	      0.00901364	     -0.00224943	      0.00000000	      0.00000000	      0.00000000
      1.23000000	     -0.00776487	     -0.00000000	     -0.00000000	     -0.02435562	      0.00915688	     -0.00255146	     -0.00000000	     -0.00000000	     -0.00000000
      1.23100000	     -0.00819344	      0.00000000	      0.00000000	     -0.01743531	      0.00946334	     -0.00285991	      0.00000000	      0.00000000	     -0.00000000
      1.23200000	     -0.00710126	      0.00000000	     -0.00000000	     -0.02732590	      0.00840614	     -0.00279003	     -0.00000000	     -0.00000000	     -0.00000000
      1.23300000	     -0.00746293	      0.00000000	      0.00000000	     -0.02635568	      0.00909900	     -0.00203609	      0.00000000	      0.00000000	      0.00000000
      1.23400000	     -0.00579408	     -0.00000000	     -0.00000000	     -0.03229673	      0.00834336	     -0.00203998	      0.00000000	      0.00000000	     -0.00000000
      1.23500000	     -0.00679178	      0.00000000	     -0.00000000	     -0.02972413	      0.00856406	     -0.00265316	     -0.00000000	     -0.00000000	      0.00000000
      1.23600000	     -0.00858988	      0.00000000	     -0.00000000	     -0.01760810	      0.00981866	     -0.00365842	      0.00000000	      0.00000000	     -0.00000000
      1.23700000	     -0.00818215	     -0.00000000	      0.00000000	     -0.02177819	      0.00921552	     -0.00280542	      0.00000000	      0.00000000	      0.00000000
      1.23800000	     -0.00796083	     -0.00000000	     -0.00000000	     -0.02106965	      0.00974468	     -0.00227286	     -0.00000000	      0.00000000	     -0.00000000
      1.23900000	     -0.00853015	      0.00000000	      0.00000000	     -0.02215587	      0.00910040	     -0.00340990	      0.00000000	      0.00000000	      0.00000000
      1.24000000	     -0.00645467	     -0.00000000	     -0.00000000	     -0.01300021	      0.00970591	     -0.00091926	     -0.00000000	     -0.00000000	     -0.00000000
      1.24100000	     -0.00710996	      0.00000000	      0.00000000	     -0.00505868	      0.00957058	     -0.00180419	     -0.00000000	      0.00000000	     -0.00000000
      1.24200000	     -0.00719389	     -0.00000000	      0.00000000	     -0.01122706	      0.00981993	     -0.00197928	      0.00000000	      0.00000000	      0.00000000
      1.24300000	     -0.00574393	     -0.00000000	      0.00000000	     -0.00014784	      0.00943074	     -0.00125005	     -0.00000000	     -0.00000000	      0.00000000
      1.24400000	     -0.00783278	      0.00000000	      0.00000000	     -0.03661887	      0.00710656	     -0.00394735	      0.00000000	     -0.00000000	      0.00000000
      1.24500000	     -0.00806348	     -0.00000000	     -0.00000000	     -0.01802738	      0.00930355	     -0.00267503	     -0.00000000	      0.00000000	     -0.00000000
      1.24600000	     -0.00690467	     -0.00000000	      0.00000000	     -0.03009954	      0.00889756	     -0.00163981	     -0.00000000	     -0.00000000	      0.00000000
      1.24700000	     -0.00640624	      0.00000000	      0.00000000	     -0.01195764	      0.00988019	     -0.00143580	      0.00000000	      0.00000000	     -0.00000000
      1.24800000	     -0.00697874	      0.00000000	      0.00000000	     -0.01972949	      0.00964477	     -0.00133719	      0.00000000	      0.00000000	      0.00000000
      1.24900000	     -0.00624160	     -0.00000000	      0.00000000	     -0.01851915	      0.00939277	     -0.00120535	      0.00000000	     -0.00000000	     -0.00000000
      1.25000000	     -0.00692809	     -0.00000000	      0.00000000	     -0.02254176	      0.00918347	     -0.00176243	      0.00000000	     -0.00000000	     -0.00000000
      1.25100000	     -0.00650018	      0.00000000	     -0.00000000	     -0.02127157	      0.00924330	     -0.00127005	      0.00000000	      0.00000000	      0.00000000
      1.25200000	     -0.00680961	     -0.00000000	     -0.00000000	     -0.02496870	      0.00865823	     -0.00286057	     -0.00000000	     -0.00000000	     -0.00000000
      1.25300000	     -0.00717709	      0.00000000	     -0.00000000	     -0.01677723	      0.01010730	     -0.00151632	     -0.00000000	     -0.00000000	     -0.00000000
      1.25400000	     -0.00850509	      0.00000000	     -0.00000000	     -0.02476454	      0.00859819	     -0.00356466	     -0.00000000	     -0.00000000	     -0.00000000
      1.25500000	     -0.00688772	      0.00000000	      0.00000000	     -0.01105918	      0.01010293	     -0.00169251	     -0.00000000	     -0.00000000	     -0.00000000
      1.25600000	     -0.00695805	      0.00000000	      0.00000000	     -0.00235299	      0.00967295	     -0.00190378	      0.00000000	     -0.00000000	      0.00000000
      1.25700000	     -0.00655770	     -0.00000000	      0.00000000	     -0.01382567	      0.00942193	     -0.00109277	      0.00000000	     -0.00000000	     -0.00000000
      1.25800000	     -0.00806420	     -0.00000000	     -0.00000000	     -0.01947850	      0.00983365	     -0.00253892	      0.00000000	      0.00000000	     -0.00000000
      1.25900000	     -0.00668734	     -0.00000000	     -0.00000000	     -0.01401174	      0.00968425	     -0.00159789	     -0.00000000	      0.00000000	     -0.00000000
      1.26000000	     -0.00634392	      0.00000000	      0.00000000	     -0.01979407	      0.00942703	     -0.00100214	     -0.00000000	      0.00000000	      0.00000000
      1.26100000	     -0.00601617	     -0.00000000	     -0.00000000	     -0.03083274	      0.00826487	     -0.00300063	      0.00000000	     -0.00000000	     -0.00000000
      1.26200000	     -0.00603407	      0.00000000	      0.00000000	     -0.00489329	      0.00950371	     -0.00125432	      0.00000000	     -0.00000000	      0.00000000
      1.26300000	     -0.00732751	      0.00000000	      0.00000000	     -0.03284108	      0.00800629	     -0.00288182	      0.00000000	      0.00000000	     -0.00000000
      1.26400000	     -0.00738156	      0.00000000	      0.00000000	     -0.02509399	      0.00903763	     -0.00253083	     -0.00000000	     -0.00000000	      0.00000000
      1.26500000	     -0.00711684	      0.00000000	     -0.00000000	     -0.01643213	      0.00969392	     -0.00145122	     -0.00000000	     -0.00000000	      0.00000000
      1.26600000	     -0.00786140	     -0.00000000	      0.00000000	     -0.03316372	      0.00818267	     -0.00300369	     -0.00000000	      0.00000000	     -0.00000000
      1.26700000	     -0.00760716	      0.00000000	      0.00000000	     -0.03478611	      0.00801032	     -0.00264835	     -0.00000000	     -0.00000000	     -0.00000000
      1.26800000	     -0.00647485	     -0.00000000	     -0.00000000	     -0.01535472	      0.00976807	     -0.00207374	     -0.00000000	     -0.00000000	     -0.00000000
      1.26900000	     -0.00659619	      0.00000000	      0.00000000	     -0.02924648	      0.00908231	     -0.00161434	      0.00000000	      0.00000000	      0.00000000
      1.27000000	     -0.00729002	     -0.00000000	      0.00000000	     -0.01630419	      0.00962933	     -0.00237609	      0.00000000	      0.00000000	      0.00000000
      1.27100000	     -0.00871670	     -0.00000000	     -0.00000000	     -0.02560248	      0.00869727	     -0.00385015	     -0.00000000	     -0.00000000	      0.00000000
      1.27200000	     -0.00721931	     -0.00000000	      0.00000000	     -0.01880061	      0.00943576	     -0.00160747	      0.00000000	     -0.00000000	     -0.00000000
      1.27300000	     -0.00819560	     -0.00000000	     -0.00000000	     -0.02178185	      0.00916877	     -0.00284966	      0.00000000	     -0.00000000	     -0.00000000
      1.27400000	     -0.00671398	     -0.00000000	      0.00000000	     -0.02446901	      0.00902715	     -0.00224230	      0.00000000	      0.00000000	      0.00000000
      1.27500000	     -0.00859698	     -0.00000000	      0.00000000	     -0.02536258	      0.00864143	     -0.00400608	      0.00000000	      0.00000000	     -0.00000000
      1.27600000	     -0.00683107	     -0.00000000	     -0.00000000	     -0.01657827	      0.00967485	     -0.00246222	     -0.00000000	     -0.00000000	     -0.00000000
      1.27700000	     -0.00765806	     -0.00000000	     -0.00000000	     -0.03317943	      0.00837860	     -0.00233737	     -0.00000000	      0.00000000	     -0.00000000
      1.27800000	     -0.00716201	     -0.00000000	     -0.00000000	     -0.00599392	      0.00981618	     -0.00200703	     -0.00000000	     -0.00000000	     -0.00000000
      1.27900000	     -0.00762932	     -0.00000000	      0.00000000	     -0.02018836	      0.00921132	     -0.00221642	      0.00000000	     -0.00000000	      0.00000000
      1.28000000	     -0.00707726	     -0.00000000	     -0.00000000	     -0.01872395	      0.00972514	     -0.00254565	     -0.00000000	     -0.00000000	      0.00000000
      1.28100000	     -0.00584956	     -0.00000000	      0.00000000	     -0.02249457	      0.00942359	     -0.00090061	      0.00000000	     -0.00000000	      0.00000000
      1.28200000	     -0.00760509	     -0.00000000	     -0.00000000	     -0.02023317	      0.00925315	     -0.00223379	     -0.00000000	     -0.00000000	      0.00000000
      1.28300000	     -0.00584876	     -0.00000000	     -0.00000000	     -0.01847410	      0.00923570	     -0.00096955	     -0.00000000	      0.00000000	     -0.00000000
      1.28400000	     -0.00640190	     -0.00000000	     -0.00000000	     -0.01720928	      0.00929936	     -0.00189499	     -0.00000000	     -0.00000000	     -0.00000000
      1.28500000	     -0.00833643	      0.00000000	     -0.00000000	     -0.02302193	      0.00884076	     -0.00361085	     -0.00000000	      0.00000000	     -0.00000000
      1.28600000	     -0.00725179	     -0.00000000	     -0.00000000	     -0.01451105	      0.01008358	     -0.00209777	     -0.00000000	     -0.00000000	     -0.00000000
      1.28700000	     -0.00648100	     -0.00000000	      0.00000000	     -0.01151545	      0.01028186	     -0.00206989	      0.00000000	      0.00000000	      0.00000000
      1.28800000	     -0.00859193	     -0.00000000	      0.00000000	     -0.01704392	      0.00952915	     -0.00353759	      0.00000000	      0.00000000	      0.00000000
      1.28900000	     -0.00701758	     -0.00000000	      0.00000000	     -0.02500428	      0.00926588	     -0.00155784	     -0.00000000	      0.00000000	      0.00000000
      1.29000000	     -0.00722883	      0.00000000	      0.00000000	     -0.00882470	      0.00970625	     -0.00188404	     -0.00000000	     -0.00000000	      0.00000000
      1.29100000	     -0.00801201	     -0.00000000	     -0.00000000	     -0.02398668	      0.00906651	     -0.00258927	     -0.00000000	     -0.00000000	      0.00000000
      1.29200000	     -0.00803874	     -0.00000000	      0.00000000	     -0.02638962	      0.00836109	     -0.00321882	     -0.00000000	      0.00000000	     -0.00000000
      1.29300000	     -0.00641390	     -0.00000000	      0.00000000	     -0.02424884	      0.00899521	     -0.00244892	      0.00000000	      0.00000000	      0.00000000
      1.29400000	     -0.00610288	     -0.00000000	     -0.00000000	      0.00161021	      0.00933245	     -0.00117610	     -0.00000000	     -0.00000000	     -0.00000000
      1.29500000	     -0.00698483	      0.00000000	     -0.00000000	     -0.02197591	      0.00948519	     -0.00197743	     -0.00000000	     -0.00000000	     -0.00000000
      1.29600000	     -0.00830141	      0.00000000	      0.00000000	     -0.02090566	      0.00967037	     -0.00277847	      0.00000000	     -0.00000000	     -0.00000000
      1.29700000	     -0.00736434	     -0.00000000	      0.00000000	     -0.02644161	      0.00892567	     -0.00213190	      0.00000000	      0.00000000	     -0.00000000
      1.29800000	     -0.00706033	     -0.00000000	      0.00000000	     -0.00440964	      0.00959104	     -0.00179376	      0.00000000	     -0.00000000	      0.00000000
      1.29900000	     -0.00822127	      0.00000000	      0.00000000	     -0.02964569	      0.00870582	     -0.00275303	     -0.00000000	     -0.00000000	     -0.00000000
      1.30000000	     -0.00728263	      0.00000000	     -0.00000000	     -0.02136411	      0.00935438	     -0.00184971	     -0.00000000	     -0.00000000	     -0.00000000
      1.30100000	     -0.00774313	     -0.00000000	      0.00000000	     -0.00853703	      0.01001659	     -0.00265037	      0.00000000	      0.00000000	     -0.00000000
      1.30200000	     -0.00696653	      0.00000000	     -0.00000000	     -0.01037091	      0.00938224	     -0.00149169	     -0.00000000	     -0.00000000	     -0.00000000
      1.30300000	     -0.00774405	     -0.00000000	     -0.00000000	     -0.01264640	      0.00995211	     -0.00231047	     -0.00000000	      0.00000000	      0.00000000
      1.30400000	     -0.00716485	      0.00000000	      0.00000000	     -0.00780285	      0.00953426	     -0.00177376	      0.00000000	     -0.00000000	      0.00000000
      1.30500000	     -0.00804897	      0.00000000	     -0.00000000	     -0.02706308	      0.00850759	     -0.00300915	     -0.00000000	     -0.00000000	      0.00000000
      1.30600000	     -0.00635531	     -0.00000000	     -0.00000000	     -0.00833407	      0.00989420	     -0.00130604	      0.00000000	      0.00000000	      0.00000000
      1.30700000	     -0.00744717	     -0.00000000	      0.00000000	     -0.01850611	      0.00957357	     -0.00285398	      0.00000000	      0.00000000	      0.00000000
      1.30800000	     -0.00695373	      0.00000000	      0.00000000	     -0.02458496	      0.00912756	     -0.00229737	      0.00000000	      0.00000000	      0.00000000
      1.30900000	     -0.00768224	     -0.00000000	     -0.00000000	     -0.01213089	      0.00956244	     -0.00223915	     -0.00000000	     -0.00000000	     -0.00000000
      1.31000000	     -0.00743523	      0.00000000	     -0.00000000	     -0.02259306	      0.00913583	     -0.00271196	     -0.00000000	     -0.00000000	     -0.00000000
      1.31100000	     -0.00677778	     -0.00000000	     -0.00000000	     -0.02028809	      0.00926530	     -0.00156045	     -0.00000000	     -0.00000000	     -0.00000000
      1.31200000	     -0.00668554	     -0.00000000	      0.00000000	     -0.02377855	      0.00952888	     -0.00205500	      0.00000000	     -0.00000000	      0.00000000
      1.31300000	     -0.00822815	      0.00000000	     -0.00000000	     -0.02124244	      0.00920683	     -0.00304877	      0.00000000	      0.00000000	     -0.00000000
      1.31400000	     -0.00823235	     -0.00000000	     -0.00000000	     -0.01497756	      0.00968091	     -0.00304019	     -0.00000000	      0.00000000	     -0.00000000
      1.31500000	     -0.00582387	      0.00000000	     -0.00000000	     -0.02259694	      0.00941563	     -0.00102525	      0.00000000	      0.00000000	     -0.00000000
      1.31600000	     -0.00806069	      0.00000000	      0.00000000	     -0.03208883	      0.00788050	     -0.00352066	     -0.00000000	      0.00000000	      0.00000000
      1.31700000	     -0.00759678	     -0.00000000	     -0.00000000	     -0.01463328	      0.00985511	     -0.00212726	     -0.00000000	     -0.00000000	     -0.00000000
      1.31800000	     -0.00807484	      0.00000000	     -0.00000000	     -0.02492658	      0.00918919	     -0.00257284	     -0.00000000	     -0.00000000	     -0.00000000
      1.31900000	     -0.00634267	     -0.00000000	     -0.00000000	     -0.00779562	      0.00989993	     -0.00098022	     -0.00000000	     -0.00000000	     -0.00000000
      1.32000000	     -0.00746956	     -0.00000000	      0.00000000	     -0.00592597	      0.01015771	     -0.00251044	      0.00000000	      0.00000000	      0.00000000
      1.32100000	     -0.00820454	     -0.00000000	     -0.00000000	     -0.02462565	      0.00897357	     -0.00283341	     -0.00000000	      0.00000000	     -0.00000000
      1.32200000	     -0.00707918	     -0.00000000	     -0.00000000	     -0.01436117	      0.00923050	     -0.00176529	     -0.00000000	     -0.00000000	     -0.00000000
      1.32300000	     -0.00629328	     -0.00000000	      0.00000000	     -0.03109188	      0.00883805	     -0.00170692	      0.00000000	     -0.00000000	     -0.00000000
      1.32400000	     -0.00828281	      0.00000000	      0.00000000	     -0.01236279	      0.00967822	     -0.00315294	      0.00000000	     -0.00000000	     -0.00000000
      1.32500000	     -0.00652203	     -0.00000000	     -0.00000000	     -0.03112188	      0.00880114	     -0.00169185	     -0.00000000	      0.00000000	     -0.00000000
      1.32600000	     -0.00691110	      0.00000000	      0.00000000	     -0.01437978	      0.00987486	     -0.00291220	      0.00000000	      0.00000000	     -0.00000000
      1.32700000	     -0.00759756	      0.00000000	     -0.00000000	     -0.01323918	      0.00998481	     -0.00212124	     -0.00000000	      0.00000000	     -0.00000000
      1.32800000	     -0.00766994	     -0.00000000	     -0.00000000	     -0.01104930	      0.01008780	     -0.00284408	     -0.00000000	     -0.00000000	      0.00000000
      1.32900000	     -0.00668888	     -0.00000000	     -0.00000000	     -0.00857843	      0.00929529	     -0.00150490	     -0.00000000	      0.00000000	     -0.00000000
      1.33000000	     -0.00780048	     -0.00000000	      0.00000000	     -0.01997811	      0.00934676	     -0.00233754	      0.00000000	      0.00000000	     -0.00000000
      1.33100000	     -0.00664304	     -0.00000000	     -0.00000000	     -0.02121444	      0.00950744	     -0.00173087	      0.00000000	      0.00000000	     -0.00000000
      1.33200000	     -0.00703628	      0.00000000	      0.00000000	     -0.02243308	      0.00922036	     -0.00167939	      0.00000000	      0.00000000	      0.00000000
      1.33300000	     -0.00690610	      0.00000000	      0.00000000	     -0.02465246	      0.00940722	     -0.00134261	      0.00000000	      0.00000000	      0.00000000
      1.33400000	     -0.00672764	     -0.00000000	     -0.00000000	     -0.00178260	      0.01003182	     -0.00182584	     -0.00000000	     -0.00000000	      0.00000000
      1.33500000	     -0.00712286	      0.00000000	     -0.00000000	     -0.01873338	      0.01006483	     -0.00236080	      0.00000000	     -0.00000000	      0.00000000
      1.33600000	     -0.00686005	      0.00000000	      0.00000000	     -0.01227118	      0.00966826	     -0.00136474	      0.00000000	      0.00000000	      0.00000000
      1.33700000	     -0.00733845	      0.00000000	      0.00000000	     -0.01838962	      0.00931293	     -0.00193482	     -0.00000000	      0.00000000	     -0.00000000
      1.33800000	     -0.00772957	      0.00000000	     -0.00000000	     -0.01236661	      0.00964053	     -0.00230510	      0.00000000	     -0.00000000	      0.00000000
      1.33900000	     -0.00860990	     -0.00000000	      0.00000000	     -0.02081919	      0.00930495	     -0.00338722	      0.00000000	     -0.00000000	     -0.00000000
      1.34000000	     -0.00762917	      0.00000000	      0.00000000	     -0.00789568	      0.00959397	     -0.00231738	      0.00000000	      0.00000000	     -0.00000000
      1.34100000	     -0.00798426	     -0.00000000	      0.00000000	     -0.02756154	      0.00884072	     -0.00272787	     -0.00000000	     -0.00000000	      0.00000000
      1.34200000	     -0.00756602	     -0.00000000	     -0.00000000	     -0.02182599	      0.00943752	     -0.00243149	     -0.00000000	     -0.00000000	     -0.00000000
      1.34300000	     -0.00879604	     -0.00000000	      0.00000000	     -0.01874922	      0.00935726	     -0.00427984	      0.00000000	      0.00000000	      0.00000000
      1.34400000	     -0.00704272	     -0.00000000	     -0.00000000	     -0.03108552	      0.00821818	     -0.00235122	     -0.00000000	     -0.00000000	      0.00000000
      1.34500000	     -0.00785468	     -0.00000000	     -0.00000000	     -0.02852675	      0.00875571	     -0.00249834	     -0.00000000	     -0.00000000	      0.00000000
      1.34600000	     -0.00848323	     -0.00000000	     -0.00000000	     -0.01322467	      0.00989579	     -0.00368612	     -0.00000000	     -0.00000000	     -0.00000000
      1.34700000	     -0.00677214	     -0.00000000	     -0.00000000	     -0.01694314	      0.00942365	     -0.00134861	      0.00000000	     -0.00000000	      0.00000000
      1.34800000	     -0.00675374	     -0.00000000	      0.00000000	     -0.01923082	      0.00958916	     -0.00122025	      0.00000000	     -0.00000000	     -0.00000000
      1.34900000	     -0.00692137	     -0.00000000	      0.00000000	     -0.01844554	      0.00958122	     -0.00224027	     -0.00000000	     -0.00000000	     -0.00000000
      1.35000000	     -0.00587078	     -0.00000000	     -0.00000000	     -0.00345168	      0.00965135	     -0.00100752	     -0.00000000	     -0.00000000	     -0.00000000
      1.35100000	     -0.00748043	      0.00000000	     -0.00000000	     -0.00834610	      0.00993565	     -0.00226548	      0.00000000	     -0.00000000	      0.00000000
      1.35200000	     -0.00703572	     -0.00000000	     -0.00000000	     -0.02762818	      0.00872198	     -0.00235411	     -0.00000000	     -0.00000000	      0.00000000
      1.35300000	     -0.00703352	     -0.00000000	     -0.00000000	     -0.01571713	      0.00943887	     -0.00146463	     -0.00000000	     -0.00000000	      0.00000000
      1.35400000	     -0.00692119	     -0.00000000	      0.00000000	     -0.01853778	      0.00997735	     -0.00199358	      0.00000000	      0.00000000	      0.00000000
      1.35500000	     -0.00767363	     -0.00000000	      0.00000000	     -0.01450440	      0.01025024	     -0.00210884	      0.00000000	      0.00000000	      0.00000000
      1.35600000	     -0.00832710	     -0.00000000	     -0.00000000	     -0.01931114	      0.00990212	     -0.00278707	      0.00000000	     -0.00000000	      0.00000000
      1.35700000	     -0.00809227	     -0.00000000	     -0.00000000	     -0.01588954	      0.01027106	     -0.00338880	      0.00000000	     -0.00000000	      0.00000000
      1.35800000	     -0.00684013	      0.00000000	     -0.00000000	     -0.01004560	      0.00931856	     -0.00155492	     -0.00000000	     -0.00000000	      0.00000000
      1.35900000	     -0.00730325	      0.00000000	     -0.00000000	     -0.02882219	      0.00916794	     -0.00178889	     -0.00000000	     -0.00000000	     -0.00000000
      1.36000000	     -0.00675388	      0.00000000	     -0.00000000	     -0.01909832	      0.00953943	     -0.00159367	     -0.00000000	      0.00000000	     -0.00000000
      1.36100000	     -0.00845378	      0.00000000	     -0.00000000	     -0.02109377	      0.00920635	     -0.00321637	     -0.00000000	     -0.00000000	      0.00000000
      1.36200000	     -0.00734287	      0.00000000	      0.00000000	     -0.00910844	      0.01016779	     -0.00204718	     -0.00000000	     -0.00000000	     -0.00000000
      1.36300000	     -0.00850701	      0.00000000	      0.00000000	     -0.01354672	      0.01021390	     -0.00394486	     -0.00000000	      0.00000000	      0.00000000
      1.36400000	     -0.00858310	     -0.00000000	     -0.00000000	     -0.01683491	      0.00961315	     -0.00351546	     -0.00000000	     -0.00000000	     -0.00000000
      1.36500000	     -0.00744632	     -0.00000000	      0.00000000	     -0.01660642	      0.00954043	     -0.00183005	     -0.00000000	      0.00000000	     -0.00000000
      1.36600000	     -0.00639000	     -0.00000000	     -0.00000000	     -0.01256755	      0.00949079	     -0.00115796	     -0.00000000	      0.00000000	     -0.00000000
      1.36700000	     -0.00676068	      0.00000000	     -0.00000000	     -0.01307354	      0.00937289	     -0.00145098	     -0.00000000	      0.00000000	      0.00000000
      1.36800000	     -0.00754305	      0.00000000	      0.00000000	     -0.00548976	      0.00957597	     -0.00237458	      0.00000000	     -0.00000000	      0.00000000
      1.36900000	     -0.00754643	     -0.00000000	     -0.00000000	     -0.03129074	      0.00822951	     -0.00244914	     -0.00000000	     -0.00000000	     -0.00000000
      1.37000000	     -0.00863011	      0.00000000	     -0.00000000	     -0.02313295	      0.00902711	     -0.00373512	     -0.00000000	     -0.00000000	     -0.00000000
      1.37100000	     -0.00755206	      0.00000000	      0.00000000	     -0.01889089	      0.00978457	     -0.00263514	      0.00000000	      0.00000000	     -0.00000000
      1.37200000	     -0.00634064	     -0.00000000	     -0.00000000	     -0.00896420	      0.00957671	     -0.00092526	     -0.00000000	     -0.00000000	      0.00000000
      1.37300000	     -0.00654486	     -0.00000000	     -0.00000000	     -0.00586455	      0.00938060	     -0.00119814	      0.00000000	      0.00000000	      0.00000000
      1.37400000	     -0.00762474	     -0.00000000	      0.00000000	     -0.00993566	      0.01039837	     -0.00295361	     -0.00000000	      0.00000000	      0.00000000
      1.37500000	     -0.00835371	     -0.00000000	     -0.00000000	     -0.02162836	      0.00918845	     -0.00309564	     -0.00000000	     -0.00000000	      0.00000000
      1.37600000	     -0.00669055	      0.00000000	      0.00000000	     -0.00932864	      0.01062967	     -0.00216817	      0.00000000	      0.00000000	     -0.00000000
      1.37700000	     -0.00879950	     -0.00000000	     -0.00000000	     -0.02433639	      0.00892614	     -0.00394321	     -0.00000000	      0.00000000	     -0.00000000
      1.37800000	     -0.00843080	     -0.00000000	     -0.00000000	     -0.01611063	      0.00957754	     -0.00323008	     -0.00000000	     -0.00000000	     -0.00000000
      1.37900000	     -0.00650850	     -0.00000000	     -0.00000000	     -0.02395869	      0.00953614	     -0.00108530	     -0.00000000	      0.00000000	      0.00000000
      1.38000000	     -0.00869512	      0.00000000	      0.00000000	     -0.01886036	      0.00937130	     -0.00398166	     -0.00000000	     -0.00000000	      0.00000000
      1.38100000	     -0.00816425	     -0.00000000	     -0.00000000	     -0.01585078	      0.00996048	     -0.00289177	     -0.00000000	      0.00000000	      0.00000000
      1.38200000	     -0.00632249	      0.00000000	      0.00000000	     -0.00679450	      0.00931742	     -0.00107271	     -0.00000000	      0.00000000	      0.00000000
      1.38300000	     -0.00700724	      0.00000000	      0.00000000	     -0.02812553	      0.00889622	     -0.00203133	     -0.00000000	     -0.00000000	      0.00000000
      1.38400000	     -0.00801520	      0.00000000	     -0.00000000	     -0.02114955	      0.00953052	     -0.00238887	     -0.00000000	     -0.00000000	      0.00000000
      1.38500000	     -0.00700684	      0.00000000	      0.00000000	     -0.01304567	      0.00944665	     -0.00164622	      0.00000000	     -0.00000000	     -0.00000000
      1.38600000	     -0.00779388	     -0.00000000	      0.00000000	     -0.01796064	      0.00965368	     -0.00264827	      0.00000000	      0.00000000	     -0.00000000
      1.38700000	     -0.00697289	      0.00000000	     -0.00000000	     -0.01419223	      0.00993113	     -0.00131405	     -0.00000000	     -0.00000000	     -0.00000000
      1.38800000	     -0.00753231	     -0.00000000	      0.00000000	     -0.00548100	      0.00951726	     -0.00251844	      0.00000000	      0.00000000	     -0.00000000
      1.38900000	     -0.00718593	     -0.00000000	      0.00000000	     -0.02056785	      0.00919206	     -0.00192293	      0.00000000	      0.00000000	     -0.00000000
      1.39000000	     -0.00823863	      0.00000000	      0.00000000	     -0.01533897	      0.01009860	     -0.00298827	      0.00000000	      0.00000000	      0.00000000
      1.39100000	     -0.00772634	     -0.00000000	     -0.00000000	     -0.02229217	      0.00955598	     -0.00198225	      0.00000000	     -0.00000000	      0.00000000
      1.39200000	     -0.00766817	      0.00000000	     -0.00000000	     -0.02651302	      0.00857740	     -0.00275249	     -0.00000000	      0.00000000	      0.00000000
      1.39300000	     -0.00753554	      0.00000000	     -0.00000000	     -0.01181882	      0.01049252	     -0.00214519	     -0.00000000	     -0.00000000	     -0.00000000
      1.39400000	     -0.00754535	      0.00000000	     -0.00000000	     -0.01518900	      0.00975979	     -0.00199132	      0.00000000	     -0.00000000	     -0.00000000
      1.39500000	     -0.00680965	     -0.00000000	     -0.00000000	     -0.00430442	      0.00926145	     -0.00147139	     -0.00000000	     -0.00000000	     -0.00000000
      1.39600000	     -0.00607353	     -0.00000000	     -0.00000000	     -0.00872905	      0.01002089	     -0.00082769	      0.00000000	     -0.00000000	     -0.00000000
      1.39700000	     -0.00614917	      0.00000000	     -0.00000000	      0.00419109	      0.00960578	     -0.00160530	      0.00000000	      0.00000000	      0.00000000
      1.39800000	     -0.00847348	      0.00000000	      0.00000000	     -0.01234049	      0.01009050	     -0.00393210	      0.00000000	     -0.00000000	      0.00000000
      1.39900000	     -0.00790446	      0.00000000	     -0.00000000	     -0.01109780	      0.01023968	     -0.00276773	     -0.00000000	     -0.00000000	     -0.00000000
      1.40000000	     -0.00741044	     -0.00000000	      0.00000000	     -0.01818712	      0.00925931	     -0.00192347	      0.00000000	     -0.00000000	     -0.00000000
      1.40100000	     -0.00614488	     -0.00000000	     -0.00000000	     -0.00749967	      0.01005550	     -0.00080513	      0.00000000	      0.00000000	     -0.00000000
      1.40200000	     -0.00721206	     -0.00000000	     -0.00000000	     -0.01102073	      0.00966070	     -0.00207879	     -0.00000000	     -0.00000000	     -0.00000000
      1.40300000	     -0.00572068	     -0.00000000	      0.00000000	      0.00395441	      0.00925803	     -0.00122508	     -0.00000000	      0.00000000	     -0.00000000
      1.40400000	     -0.00843401	      0.00000000	     -0.00000000	     -0.02916604	      0.00856128	     -0.00331228	     -0.00000000	      0.00000000	      0.00000000
      1.40500000	     -0.00789811	      0.00000000	     -0.00000000	     -0.01307567	      0.00936837	     -0.00260141	     -0.00000000	      0.00000000	      0.00000000
      1.40600000	     -0.00808195	     -0.00000000	     -0.00000000	     -0.01957124	      0.01003396	     -0.00235205	     -0.00000000	     -0.00000000	      0.00000000
      1.40700000	     -0.00722916	     -0.00000000	      0.00000000	     -0.01643193	      0.00964981	     -0.00157099	      0.00000000	      0.00000000	      0.00000000
      1.40800000	     -0.00761058	     -0.00000000	     -0.00000000	     -0.01946059	      0.00945459	     -0.00197817	     -0.00000000	     -0.00000000	      0.00000000
      1.40900000	     -0.00743346	     -0.00000000	     -0.00000000	     -0.01843617	      0.00958424	     -0.00195306	      0.00000000	      0.00000000	      0.00000000
      1.41000000	     -0.00818542	     -0.00000000	      0.00000000	     -0.01874784	      0.00981776	     -0.00287759	      0.00000000	     -0.00000000	      0.00000000
      1.41100000	     -0.00835039	      0.00000000	      0.00000000	     -0.01254048	      0.00990293	     -0.00347112	      0.00000000	     -0.00000000	     -0.00000000
      1.41200000	     -0.00768514	      0.00000000	      0.00000000	     -0.01646709	      0.00929147	     -0.00237574	     -0.00000000	      0.00000000	      0.00000000
      1.41300000	     -0.00633273	      0.00000000	      0.00000000	     -0.00725214	      0.00987424	     -0.00098745	      0.00000000	     -0.00000000	      0.00000000
      1.41400000	     -0.00684324	     -0.00000000	     -0.00000000	     -0.00710755	      0.01010289	     -0.00220073	     -0.00000000	     -0.00000000	      0.00000000
      1.41500000	     -0.00810247	      0.00000000	      0.00000000	     -0.01539058	      0.00989043	     -0.00270201	      0.00000000	     -0.00000000	      0.00000000
      1.41600000	     -0.00806201	     -0.00000000	      0.00000000	     -0.01034507	      0.01007569	     -0.00312223	      0.00000000	     -0.00000000	      0.00000000
      1.41700000	     -0.00763249	     -0.00000000	      0.00000000	     -0.02399806	      0.00879678	     -0.00294240	      0.00000000	      0.00000000	     -0.00000000
      1.41800000	     -0.00724435	     -0.00000000	      0.00000000	     -0.02450150	      0.00943602	     -0.00157485	      0.00000000	      0.00000000	     -0.00000000
      1.41900000	     -0.00667740	      0.00000000	      0.00000000	     -0.00442097	      0.01027898	     -0.00161799	     -0.00000000	      0.00000000	     -0.00000000
      1.42000000	     -0.00747702	     -0.00000000	      0.00000000	     -0.01753529	      0.00959497	     -0.00244384	     -0.00000000	      0.00000000	     -0.00000000
      1.42100000	     -0.00743546	     -0.00000000	      0.00000000	     -0.00696434	      0.00946545	     -0.00235737	      0.00000000	     -0.00000000	     -0.00000000
      1.42200000	     -0.00651692	      0.00000000	      0.00000000	     -0.00775273	      0.00935815	     -0.00116530	      0.00000000	      0.00000000	      0.00000000
      1.42300000	     -0.00761686	     -0.00000000	     -0.00000000	     -0.00905391	      0.01033616	     -0.00249596	      0.00000000	      0.00000000	      0.00000000
      1.42400000	     -0.00872837	      0.00000000	     -0.00000000	     -0.02586186	      0.00872108	     -0.00371134	      0.00000000	     -0.00000000	      0.00000000
      1.42500000	     -0.00782179	      0.00000000	     -0.00000000	     -0.01635359	      0.01036069	     -0.00257311	     -0.00000000	     -0.00000000	     -0.00000000
      1.42600000	     -0.00851296	     -0.00000000	     -0.00000000	     -0.01335873	      0.00982764	     -0.00374868	      0.00000000	     -0.00000000	     -0.00000000
      1.42700000	     -0.00740052	     -0.00000000	      0.00000000	     -0.01556448	      0.00928893	     -0.00193804	     -0.00000000	      0.00000000	     -0.00000000
      1.42800000	     -0.00816619	     -0.00000000	     -0.00000000	     -0.01788571	      0.01000863	     -0.00263978	      0.00000000	      0.00000000	     -0.00000000
      1.42900000	     -0.00653879	      0.00000000	      0.00000000	     -0.00565431	      0.00976308	     -0.00143951	     -0.00000000	     -0.00000000	      0.00000000
      1.43000000	     -0.00756742	     -0.00000000	     -0.00000000	     -0.00964405	      0.01000319	     -0.00245997	      0.00000000	     -0.00000000	     -0.00000000
      1.43100000	     -0.00602510	     -0.00000000	     -0.00000000	      0.00122780	      0.00961457	     -0.00123144	      0.00000000	     -0.00000000	     -0.00000000
      1.43200000	     -0.00776580	      0.00000000	      0.00000000	     -0.01029149	      0.00992282	     -0.00249603	     -0.00000000	      0.00000000	      0.00000000
      1.43300000	     -0.00662299	      0.00000000	     -0.00000000	     -0.00051189	      0.00972884	     -0.00165679	      0.00000000	      0.00000000	     -0.00000000
      1.43400000	     -0.00733772	     -0.00000000	     -0.00000000	     -0.01950834	      0.00949054	     -0.00188509	     -0.00000000	     -0.00000000	     -0.00000000
      1.43500000	     -0.00564062	      0.00000000	      0.00000000	      0.00229986	      0.00950609	     -0.00103323	     -0.00000000	     -0.00000000	     -0.00000000
      1.43600000	     -0.00822541	      0.00000000	      0.00000000	     -0.02212945	      0.00969243	     -0.00276111	      0.00000000	      0.00000000	      0.00000000
      1.43700000	     -0.00749704	     -0.00000000	      0.00000000	     -0.02568111	      0.00936696	     -0.00180922	     -0.00000000	     -0.00000000	      0.00000000
      1.43800000	     -0.00692668	      0.00000000	      0.00000000	     -0.00345279	      0.00957562	     -0.00192747	     -0.00000000	      0.00000000	     -0.00000000
      1.43900000	     -0.00857559	     -0.00000000	     -0.00000000	     -0.02393247	      0.00901585	     -0.00344800	      0.00000000	     -0.00000000	     -0.00000000
      1.44000000	     -0.00756434	     -0.00000000	      0.00000000	     -0.00854212	      0.01032561	     -0.00247867	      0.00000000	      0.00000000	     -0.00000000
      1.44100000	     -0.00759314	      0.00000000	      0.00000000	     -0.02210282	      0.00939045	     -0.00217537	      0.00000000	     -0.00000000	     -0.00000000
      1.44200000	     -0.00767136	      0.00000000	      0.00000000	     -0.01668535	      0.00957142	     -0.00288309	      0.00000000	      0.00000000	     -0.00000000
      1.44300000	     -0.00814831	     -0.00000000	      0.00000000	     -0.01790575	      0.00984347	     -0.00267084	      0.00000000	     -0.00000000	      0.00000000
      1.44400000	     -0.00806040	      0.00000000	      0.00000000	     -0.01678580	      0.01038260	     -0.00283331	      0.00000000	      0.00000000	     -0.00000000
      1.44500000	     -0.00895875	     -0.00000000	     -0.00000000	     -0.02438811	      0.00884048	     -0.00427976	      0.00000000	      0.00000000	     -0.00000000
      1.44600000	     -0.00692062	     -0.00000000	      0.00000000	     -0.00667406	      0.00955308	     -0.00155350	      0.00000000	     -0.00000000	     -0.00000000
      1.44700000	     -0.00831691	     -0.00000000	      0.00000000	     -0.02690422	      0.00922947	     -0.00264417	      0.00000000	     -0.00000000	     -0.00000000
      1.44800000	     -0.00674272	     -0.00000000	     -0.00000000	     -0.00509493	      0.00918548	     -0.00140808	     -0.00000000	      0.00000000	     -0.00000000
      1.44900000	     -0.00657237	      0.00000000	     -0.00000000	     -0.01165334	      0.00947777	     -0.00109090	     -0.00000000	     -0.00000000	      0.00000000
      1.45000000	     -0.00702218	     -0.00000000	     -0.00000000	     -0.00392809	      0.01050213	     -0.00220167	     -0.00000000	      0.00000000	     -0.00000000
      1.45100000	     -0.00810184	     -0.00000000	      0.00000000	     -0.00948294	      0.01064299	     -0.00382313	     -0.00000000	     -0.00000000	      0.00000000
      1.45200000	     -0.00781844	      0.00000000	      0.00000000	     -0.01154442	      0.00996652	     -0.00255700	     -0.00000000	     -0.00000000	      0.00000000
      1.45300000	     -0.00614774	      0.00000000	      0.00000000	     -0.01741737	      0.00947439	     -0.00090737	      0.00000000	      0.00000000	     -0.00000000
      1.45400000	     -0.00678242	     -0.00000000	     -0.00000000	     -0.01459257	      0.00953288	     -0.00123066	     -0.00000000	      0.00000000	      0.00000000
      1.45500000	     -0.00549440	     -0.00000000	      0.00000000	      0.00261247	      0.00910080	     -0.00069846	     -0.00000000	      0.00000000	      0.00000000
      1.45600000	     -0.00816738	      0.00000000	      0.00000000	     -0.01869286	      0.00987231	     -0.00259752	     -0.00000000	     -0.00000000	     -0.00000000
      1.45700000	     -0.00720310	     -0.00000000	     -0.00000000	     -0.00169777	      0.01054335	     -0.00281520	     -0.00000000	      0.00000000	     -0.00000000
      1.45800000	     -0.00849525	     -0.00000000	     -0.00000000	     -0.01554445	      0.01023278	     -0.00363548	     -0.00000000	     -0.00000000	     -0.00000000
      1.45900000	     -0.00869570	      0.00000000	     -0.00000000	     -0.01903134	      0.00959008	     -0.00353204	     -0.00000000	      0.00000000	      0.00000000
      1.46000000	     -0.00671638	     -0.00000000	     -0.00000000	     -0.01134064	      0.00953728	     -0.00121974	     -0.00000000	     -0.00000000	      0.00000000
      1.46100000	     -0.00756790	     -0.00000000	     -0.00000000	     -0.01570755	      0.01009691	     -0.00215246	     -0.00000000	      0.00000000	      0.00000000
      1.46200000	     -0.00732273	      0.00000000	     -0.00000000	     -0.01312373	      0.01077833	     -0.00204155	     -0.00000000	      0.00000000	      0.00000000
      1.46300000	     -0.00699791	     -0.00000000	     -0.00000000	     -0.00410217	      0.01019899	     -0.00203628	      0.00000000	      0.00000000	     -0.00000000
      1.46400000	     -0.00754140	     -0.00000000	     -0.00000000	     -0.01074062	      0.00951217	     -0.00227431	     -0.00000000	     -0.00000000	      0.00000000
      1.46500000	     -0.00668335	      0.00000000	      0.00000000	     -0.00584201	      0.00915947	     -0.00135509	     -0.00000000	     -0.00000000	      0.00000000
      1.46600000	     -0.00591235	     -0.00000000	      0.00000000	     -0.01623412	      0.00952580	     -0.00081955	     -0.00000000	      0.00000000	      0.00000000
      1.46700000	     -0.00875358	      0.00000000	      0.00000000	     -0.01717159	      0.00971011	     -0.00385995	      0.00000000	      0.00000000	      0.00000000
      1.46800000	     -0.00805507	      0.00000000	     -0.00000000	     -0.01763985	      0.00947763	     -0.00266092	     -0.00000000	      0.00000000	     -0.00000000
      1.46900000	     -0.00805554	     -0.00000000	     -0.00000000	     -0.01901888	      0.00975542	     -0.00260980	     -0.00000000	     -0.00000000	     -0.00000000
      1.47000000	     -0.00492575	      0.00000000	      0.00000000	      0.00829527	      0.00880688	     -0.00059838	     -0.00000000	      0.00000000	     -0.00000000
      1.47100000	     -0.00747700	     -0.00000000	     -0.00000000	     -0.00640434	      0.00972948	     -0.00262742	     -0.00000000	     -0.00000000	     -0.00000000
      1.47200000	     -0.00790398	     -0.00000000	      0.00000000	     -0.01350885	      0.00942797	     -0.00250721	      0.00000000	      0.00000000	      0.00000000
      1.47300000	     -0.00801308	     -0.00000000	     -0.00000000	     -0.00661349	      0.01004634	     -0.00345923	     -0.00000000	      0.00000000	     -0.00000000
      1.47400000	     -0.00899558	      0.00000000	     -0.00000000	     -0.02133250	      0.00917904	     -0.00451241	     -0.00000000	     -0.00000000	     -0.00000000
      1.47500000	     -0.00762636	     -0.00000000	     -0.00000000	     -0.01368898	      0.01036952	     -0.00213098	     -0.00000000	     -0.00000000	     -0.00000000
      1.47600000	     -0.00623800	     -0.00000000	     -0.00000000	     -0.00068710	      0.00980531	     -0.00131234	     -0.00000000	     -0.00000000	     -0.00000000
      1.47700000	     -0.00817341	      0.00000000	      0.00000000	     -0.02149981	      0.00953781	     -0.00252700	     -0.00000000	      0.00000000	      0.00000000
      1.47800000	     -0.00768982	      0.00000000	      0.00000000	     -0.00689607	      0.00973456	     -0.00259748	     -0.00000000	      0.00000000	     -0.00000000
      1.47900000	     -0.00696231	     -0.00000000	     -0.00000000	     -0.01878996	      0.00967941	     -0.00134122	     -0.00000000	     -0.00000000	      0.00000000
      1.48000000	     -0.00630525	     -0.00000000	     -0.00000000	     -0.00169774	      0.00924794	     -0.00128677	     -0.00000000	     -0.00000000	      0.00000000
      1.48100000	     -0.00559712	      0.00000000	     -0.00000000	      0.00241331	      0.00928507	     -0.00087735	     -0.00000000	     -0.00000000	     -0.00000000
      1.48200000	     -0.00815037	      0.00000000	      0.00000000	     -0.01198340	      0.01006847	     -0.00325758	     -0.00000000	     -0.00000000	      0.00000000
      1.48300000	     -0.00717119	      0.00000000	      0.00000000	     -0.00508115	      0.00940973	     -0.00233766	      0.00000000	     -0.00000000	      0.00000000
      1.48400000	     -0.00844074	      0.00000000	      0.00000000	     -0.01075603	      0.01016688	     -0.00406208	      0.00000000	      0.00000000	     -0.00000000
      1.48500000	     -0.00774908	      0.00000000	     -0.00000000	     -0.00685919	      0.01042177	     -0.00311707	     -0.00000000	     -0.00000000	      0.00000000
      1.48600000	     -0.00874303	      0.00000000	      0.00000000	     -0.02038887	      0.00968166	     -0.00352593	      0.00000000	     -0.00000000	      0.00000000
      1.48700000	     -0.00536792	      0.00000000	     -0.00000000	      0.00729991	      0.00907649	     -0.00114123	     -0.00000000	     -0.00000000	      0.00000000
      1.48800000	     -0.00810337	      0.00000000	      0.00000000	     -0.02153088	      0.00966924	     -0.00268487	     -0.00000000	     -0.00000000	      0.00000000
      1.48900000	     -0.00717050	      0.00000000	     -0.00000000	     -0.01885236	      0.00939296	     -0.00160597	     -0.00000000	     -0.00000000	      0.00000000
      1.49000000	     -0.00668065	      0.00000000	      0.00000000	     -0.01089319	      0.00920257	     -0.00131577	     -0.00000000	     -0.00000000	      0.00000000
      1.49100000	     -0.00777503	      0.00000000	      0.00000000	     -0.01061983	      0.01036258	     -0.00259572	      0.00000000	      0.00000000	     -0.00000000
      1.49200000	     -0.00823408	     -0.00000000	     -0.00000000	     -0.01682864	      0.00940936	     -0.00291524	     -0.00000000	      0.00000000	      0.00000000
      1.49300000	     -0.00671693	      0.00000000	      0.00000000	     -0.00998596	      0.01008258	     -0.00124332	      0.00000000	     -0.00000000	     -0.00000000
      1.49400000	     -0.00847696	     -0.00000000	     -0.00000000	     -0.02704009	      0.00926129	     -0.00292302	     -0.00000000	     -0.00000000	      0.00000000
      1.49500000	     -0.00876834	      0.00000000	     -0.00000000	     -0.01456184	      0.00977173	     -0.00461036	     -0.00000000	     -0.00000000	     -0.00000000
      1.49600000	     -0.00819334	     -0.00000000	     -0.00000000	     -0.01264217	      0.01087660	     -0.00361564	     -0.00000000	     -0.00000000	      0.00000000
      1.49700000	     -0.00631034	      0.00000000	     -0.00000000	     -0.00006023	      0.00893249	     -0.00140132	     -0.00000000	     -0.00000000	      0.00000000
      1.49800000	     -0.00745829	     -0.00000000	     -0.00000000	     -0.00755069	      0.01094416	     -0.00299314	     -0.00000000	     -0.00000000	     -0.00000000
      1.49900000	     -0.00789303	      0.00000000	     -0.00000000	     -0.01918238	      0.00958483	     -0.00229626	     -0.00000000	     -0.00000000	     -0.00000000
      1.50000000	     -0.00634968	     -0.00000000	     -0.00000000	     -0.00177390	      0.01005907	     -0.00143356	      0.00000000	     -0.00000000	      0.00000000
      1.50100000	     -0.00803212	      0.00000000	      0.00000000	     -0.00837040	      0.01074589	     -0.00366037	      0.00000000	      0.00000000	      0.00000000
      1.50200000	     -0.00842215	      0.00000000	      0.00000000	     -0.02095976	      0.00934114	     -0.00304141	     -0.00000000	      0.00000000	      0.00000000
      1.50300000	     -0.00882118	     -0.00000000	      0.00000000	     -0.02423790	      0.00902649	     -0.00384379	      0.00000000	     -0.00000000	     -0.00000000
      1.50400000	     -0.00711663	      0.00000000	     -0.00000000	     -0.00270104	      0.01088245	     -0.00275144	      0.00000000	     -0.00000000	      0.00000000
      1.50500000	     -0.00834150	     -0.00000000	     -0.00000000	     -0.01243869	      0.00983715	     -0.00380035	      0.00000000	     -0.00000000	     -0.00000000
      1.50600000	     -0.00640335	      0.00000000	      0.00000000	     -0.00262599	      0.01027445	     -0.00186709	      0.00000000	      0.00000000	      0.00000000
      1.50700000	     -0.00744032	      0.00000000	     -0.00000000	     -0.00741001	      0.01002552	     -0.00254131	      0.00000000	      0.00000000	      0.00000000
      1.50800000	     -0.00742637	      0.00000000	     -0.00000000	     -0.00537072	      0.00993232	     -0.00238424	     -0.00000000	      0.00000000	      0.00000000
      1.50900000	     -0.00628537	     -0.00000000	     -0.00000000	      0.00008306	      0.00978889	     -0.00142503	     -0.00000000	     -0.00000000	     -0.00000000
      1.51000000	     -0.00606209	      0.00000000	     -0.00000000	     -0.01362889	      0.00957751	     -0.00084356	     -0.00000000	     -0.00000000	      0.00000000
      1.51100000	     -0.00764416	      0.00000000	      0.00000000	     -0.00798603	      0.00955646	     -0.00254840	      0.00000000	      0.00000000	     -0.00000000
      1.51200000	     -0.00858028	     -0.00000000	     -0.00000000	     -0.02089663	      0.00954953	     -0.00320221	     -0.00000000	      0.00000000	      0.00000000
      1.51300000	     -0.00627581	      0.00000000	      0.00000000	      0.00293423	      0.00942560	     -0.00157265	      0.00000000	      0.00000000	      0.00000000
      1.51400000	     -0.00630920	      0.00000000	      0.00000000	     -0.00467499	      0.00998660	     -0.00113744	      0.00000000	      0.00000000	      0.00000000
      1.51500000	     -0.00862335	     -0.00000000	     -0.00000000	     -0.01586259	      0.00991122	     -0.00395054	     -0.00000000	     -0.00000000	     -0.00000000
      1.51600000	     -0.00717102	      0.00000000	      0.00000000	     -0.00287964	      0.00973308	     -0.00257814	     -0.00000000	     -0.00000000	      0.00000000
      1.51700000	     -0.00807440	     -0.00000000	     -0.00000000	     -0.02282358	      0.00952900	     -0.00237548	     -0.00000000	     -0.00000000	      0.00000000
      1.51800000	     -0.00803880	      0.00000000	     -0.00000000	     -0.01749625	      0.00969042	     -0.00248118	     -0.00000000	      0.00000000	     -0.00000000
      1.51900000	     -0.00737499	     -0.00000000	     -0.00000000	     -0.02221786	      0.00955424	     -0.00191420	     -0.00000000	     -0.00000000	     -0.00000000
      1.52000000	     -0.00538129	     -0.00000000	     -0.00000000	     -0.00948812	      0.00932711	     -0.00032504	     -0.00000000	     -0.00000000	      0.00000000
      1.52100000	     -0.00791468	     -0.00000000	      0.00000000	     -0.01625309	      0.01031951	     -0.00239972	     -0.00000000	      0.00000000	      0.00000000
      1.52200000	     -0.00594796	     -0.00000000	     -0.00000000	     -0.00134907	      0.01004262	     -0.00119010	     -0.00000000	      0.00000000	     -0.00000000
      1.52300000	     -0.00611677	      0.00000000	      0.00000000	      0.00158447	      0.00891843	     -0.00115906	      0.00000000	     -0.00000000	     -0.00000000
      1.52400000	     -0.00623179	      0.00000000	      0.00000000	      0.00308168	      0.00906145	     -0.00146088	      0.00000000	      0.00000000	      0.00000000
      1.52500000	     -0.00723547	      0.00000000	      0.00000000	     -0.00513102	      0.01056681	     -0.00282219	      0.00000000	      0.00000000	     -0.00000000
      1.52600000	     -0.00639508	      0.00000000	      0.00000000	     -0.00338634	      0.00980499	     -0.00129566	      0.00000000	      0.00000000	      0.00000000
      1.52700000	     -0.00824672	      0.00000000	      0.00000000	     -0.01538113	      0.00995777	     -0.00290728	      0.00000000	      0.00000000	      0.00000000
      1.52800000	     -0.00796357	      0.00000000	      0.00000000	     -0.01979214	      0.00954415	     -0.00265970	      0.00000000	      0.00000000	      0.00000000
      1.52900000	     -0.00607532	     -0.00000000	      0.00000000	     -0.00634657	      0.00974892	     -0.00084023	      0.00000000	     -0.00000000	      0.00000000
      1.53000000	     -0.00743784	      0.00000000	     -0.00000000	     -0.01372038	      0.00963398	     -0.00189657	     -0.00000000	     -0.00000000	      0.00000000
      1.53100000	     -0.00641376	      0.00000000	     -0.00000000	     -0.00489322	      0.00894657	     -0.00131542	      0.00000000	     -0.00000000	     -0.00000000
      1.53200000	     -0.00557091	      0.00000000	     -0.00000000	     -0.00813374	      0.00932759	     -0.00056084	     -0.00000000	     -0.00000000	      0.00000000
      1.53300000	     -0.00710855	     -0.00000000	     -0.00000000	     -0.00237978	      0.01018350	     -0.00272367	     -0.00000000	     -0.00000000	     -0.00000000
      1.53400000	     -0.00799018	      0.00000000	     -0.00000000	     -0.00701236	      0.00995196	     -0.00324554	      0.00000000	      0.00000000	     -0.00000000
      1.53500000	     -0.00851669	     -0.00000000	     -0.00000000	     -0.01668680	      0.01019145	     -0.00363053	     -0.00000000	      0.00000000	     -0.00000000
      1.53600000	     -0.00748685	     -0.00000000	      0.00000000	     -0.00874648	      0.01048664	     -0.00237268	     -0.00000000	      0.00000000	     -0.00000000
      1.53700000	     -0.00748785	      0.00000000	      0.00000000	     -0.01106162	      0.00947461	     -0.00261523	      0.00000000	      0.00000000	     -0.00000000
      1.53800000	     -0.00651845	      0.00000000	     -0.00000000	     -0.00355838	      0.00919928	     -0.00135255	     -0.00000000	     -0.00000000	      0.00000000
      1.53900000	     -0.00874829	     -0.00000000	      0.00000000	     -0.02143307	      0.00970779	     -0.00344722	      0.00000000	      0.00000000	      0.00000000
      1.54000000	     -0.00804737	      0.00000000	      0.00000000	     -0.01469897	      0.01071736	     -0.00299655	      0.00000000	     -0.00000000	      0.00000000
      1.54100000	     -0.00613660	     -0.00000000	      0.00000000	      0.00446262	      0.00976544	     -0.00216573	      0.00000000	      0.00000000	     -0.00000000
      1.54200000	     -0.00416772	      0.00000000	     -0.00000000	      0.01141512	      0.00816343	     -0.00025293	     -0.00000000	      0.00000000	      0.00000000
      1.54300000	     -0.00575337	      0.00000000	      0.00000000	      0.00287929	      0.00961172	     -0.00147645	     -0.00000000	     -0.00000000	      0.00000000
      1.54400000	     -0.00636296	      0.00000000	     -0.00000000	     -0.00416642	      0.01002066	     -0.00126791	     -0.00000000	      0.00000000	      0.00000000
      1.54500000	     -0.00856049	      0.00000000	      0.00000000	     -0.02357714	      0.00945173	     -0.00345464	      0.00000000	      0.00000000	      0.00000000
      1.54600000	     -0.00822140	      0.00000000	      0.00000000	     -0.01132640	      0.01030371	     -0.00344235	      0.00000000	     -0.00000000	      0.00000000
      1.54700000	     -0.00647787	      0.00000000	      0.00000000	      0.00174469	      0.01035783	     -0.00279989	      0.00000000	      0.00000000	      0.00000000
      1.54800000	     -0.00783042	      0.00000000	      0.00000000	     -0.00658252	      0.00993680	     -0.00297742	      0.00000000	     -0.00000000	     -0.00000000
      1.54900000	     -0.00854401	      0.00000000	      0.00000000	     -0.01353532	      0.00977131	     -0.00370103	      0.00000000	      0.00000000	      0.00000000
      1.55000000	     -0.00697704	     -0.00000000	     -0.00000000	     -0.01228922	      0.00932686	     -0.00153124	      0.00000000	      0.00000000	     -0.00000000
      1.55100000	     -0.00831337	      0.00000000	      0.00000000	     -0.01084291	      0.00989657	     -0.00348649	     -0.00000000	     -0.00000000	     -0.00000000
      1.55200000	     -0.00801470	      0.00000000	      0.00000000	     -0.01474513	      0.00960264	     -0.00302650	     -0.00000000	      0.00000000	     -0.00000000
      1.55300000	     -0.00866207	      0.00000000	      0.00000000	     -0.01611628	      0.00974584	     -0.00437909	      0.00000000	     -0.00000000	      0.00000000
      1.55400000	     -0.00582898	      0.00000000	     -0.00000000	     -0.01198995	      0.00933022	     -0.00072863	      0.00000000	      0.00000000	     -0.00000000
      1.55500000	     -0.00764463	     -0.00000000	     -0.00000000	     -0.01248299	      0.01050117	     -0.00228516	      0.00000000	      0.00000000	     -0.00000000
      1.55600000	     -0.00841980	      0.00000000	      0.00000000	     -0.01147629	      0.01004470	     -0.00400830	      0.00000000	      0.00000000	     -0.00000000
      1.55700000	     -0.00812022	      0.00000000	     -0.00000000	     -0.01010252	      0.00955094	     -0.00319899	      0.00000000	      0.00000000	      0.00000000
      1.55800000	     -0.00627190	     -0.00000000	     -0.00000000	      0.00023452	      0.01015083	     -0.00167315	     -0.00000000	     -0.00000000	     -0.00000000
      1.55900000	     -0.00700665	      0.00000000	      0.00000000	     -0.00079227	      0.01039128	     -0.00261909	      0.00000000	      0.00000000	      0.00000000
      1.56000000	     -0.00780692	     -0.00000000	     -0.00000000	     -0.01094830	      0.01036600	     -0.00261433	     -0.00000000	     -0.00000000	      0.00000000
      1.56100000	     -0.00652233	      0.00000000	     -0.00000000	     -0.00140195	      0.00928917	     -0.00200506	     -0.00000000	      0.00000000	      0.00000000
      1.56200000	     -0.00853634	      0.00000000	      0.00000000	     -0.01624482	      0.01018695	     -0.00445517	      0.00000000	      0.00000000	     -0.00000000
      1.56300000	     -0.00826229	     -0.00000000	      0.00000000	     -0.02076749	      0.00986124	     -0.00309208	      0.00000000	     -0.00000000	     -0.00000000
      1.56400000	     -0.00464013	      0.00000000	      0.00000000	      0.00783201	      0.00875429	     -0.00054184	     -0.00000000	     -0.00000000	      0.00000000
      1.56500000	     -0.00600342	      0.00000000	      0.00000000	     -0.00750207	      0.00914181	     -0.00091391	      0.00000000	     -0.00000000	     -0.00000000
      1.56600000	     -0.00720908	      0.00000000	     -0.00000000	     -0.00631826	      0.01037404	     -0.00240836	     -0.00000000	     -0.00000000	      0.00000000
      1.56700000	     -0.00844678	     -0.00000000	      0.00000000	     -0.02266317	      0.00979920	     -0.00301762	      0.00000000	     -0.00000000	     -0.00000000
      1.56800000	     -0.00554338	     -0.00000000	     -0.00000000	      0.00051296	      0.00908569	     -0.00089266	     -0.00000000	     -0.00000000	      0.00000000
      1.56900000	     -0.00753610	     -0.00000000	     -0.00000000	     -0.00760770	      0.01120377	     -0.00295871	     -0.00000000	     -0.00000000	     -0.00000000
      1.57000000	     -0.00586352	      0.00000000	      0.00000000	      0.00527908	      0.00930945	     -0.00168821	      0.00000000	     -0.00000000	      0.00000000
      1.57100000	     -0.00517501	     -0.00000000	     -0.00000000	      0.00814378	      0.00922268	     -0.00149778	     -0.00000000	     -0.00000000	      0.00000000
      1.57200000	     -0.00543005	     -0.00000000	      0.00000000	     -0.00035039	      0.00877041	     -0.00050765	     -0.00000000	      0.00000000	      0.00000000
      1.57300000	     -0.00690583	     -0.00000000	     -0.00000000	     -0.00745286	      0.01049951	     -0.00168622	     -0.00000000	      0.00000000	     -0.00000000
      1.57400000	     -0.00619887	     -0.00000000	      0.00000000	     -0.00133393	      0.00925154	     -0.00119248	      0.00000000	      0.00000000	     -0.00000000
      1.57500000	     -0.00708478	      0.00000000	      0.00000000	     -0.01580231	      0.00959900	     -0.00149572	      0.00000000	      0.00000000	      0.00000000
