NormalizedFiberLength
version=1
nRows=1575
nColumns=10
inDegrees=no

This analysis gathers basic information about muscles during a simulation (e.g., forces, tendon lengths, moment arms, etc).
Units are S.I. units (second, meters, Newtons, ...)
If the header above contains a line with 'inDegrees', this indicates whether rotational values are in degrees (yes) or radians (no).

endheader
time	bflh_r	bfsh_r	gasmed_r	glmax2_r	iliacus_r	recfem_r	soleus_r	tibant_r	vasmed_r
      0.00100000	      0.51229508	      0.93424613	      0.56401579	      0.99157006	      0.81684147	      0.56657224	      0.71839080	      0.93457944	      0.58719906
      0.00200000	      0.51229508	      1.03688172	      0.56401579	      0.96164927	      0.82048343	      0.56657224	      0.71839080	      0.93457944	      0.58719906
      0.00300000	      0.51229508	      0.92677597	      0.56401579	      0.96774093	      0.80348329	      0.56657224	      0.71839080	      0.93457944	      0.58719906
      0.00400000	      0.51229508	      1.02349121	      0.56401579	      1.01465678	      0.75597335	      0.56657224	      0.71839080	      0.93457944	      0.58719906
      0.00500000	      0.51229508	      0.95806061	      0.56401579	      0.96875859	      0.80722315	      0.56657224	      0.71839080	      0.93457944	      0.58719906
      0.00600000	      0.51229508	      1.01085427	      0.56401579	      1.06003041	      0.74499434	      0.56657224	      0.71839080	      0.93457944	      0.58719906
      0.00700000	      0.51229508	      1.01802902	      0.56401579	      1.13315790	      0.68456291	      0.56657224	      0.71839080	      0.93457944	      0.58719906
      0.00800000	      0.51229508	      0.99644009	      0.56401579	      1.01684943	      0.76146516	      0.56657224	      0.71839080	      0.93457944	      0.58719906
      0.00900000	      0.51229508	      0.96903693	      0.56401579	      0.95664971	      0.78821263	      0.56657224	      0.71839080	      0.93457944	      0.58719906
      0.01000000	      0.51229508	      1.00291274	      0.56401579	      1.01136687	      0.78045554	      0.56657224	      0.71839080	      0.93457944	      0.58719906
      0.01100000	      0.51229508	      1.02767695	      0.56401579	      0.94322141	      0.85339216	      0.56657224	      0.71839080	      0.93457944	      0.58719906
      0.01200000	      0.51229508	      0.97537897	      0.56401579	      1.12808648	      0.68290109	      0.56657224	      0.71839080	      0.93457944	      0.58719906
      0.01300000	      0.51229508	      0.93837414	      0.56401579	      1.01749491	      0.79180523	      0.56657224	      0.71839080	      0.93457944	      0.58719906
      0.01400000	      0.51229508	      0.99950950	      0.56401579	      1.00085820	      0.77541622	      0.56657224	      0.71839080	      0.93457944	      0.58719906
      0.01500000	      0.51229508	      1.01538675	      0.56401579	      1.11647270	      0.69371905	      0.56657224	      0.71839080	      0.93457944	      0.58719906
      0.01600000	      0.51229508	      0.99217029	      0.56401579	      1.02069962	      0.78430906	      0.56657224	      0.71839080	      0.93457944	      0.58719906
      0.01700000	      0.51229508	      1.03158884	      0.56401579	      1.03265553	      0.73519530	      0.56657224	      0.71839080	      0.93457944	      0.58719906
      0.01800000	      0.51229508	      0.95243211	      0.56401579	      0.92904623	      0.86599934	      0.56657224	      0.71839080	      0.93457944	      0.58719906
      0.01900000	      0.51229508	      0.94454659	      0.56401579	      1.10995237	      0.71367575	      0.56657224	      0.71839080	      0.93457944	      0.58719906
      0.02000000	      0.51229508	      0.97966621	      0.56401579	      1.09739666	      0.70251315	      0.56657224	      0.71839080	      0.93457944	      0.58719906
      0.02100000	      0.51229508	      1.00662650	      0.56401579	      1.05650750	      0.73205904	      0.56657224	      0.71839080	      0.93457944	      0.58719906
      0.02200000	      0.51229508	      0.96194886	      0.56401579	      1.08321367	      0.67815156	      0.56657224	      0.71839080	      0.93457944	      0.58719906
      0.02300000	      0.51229508	      0.98531668	      0.56401579	      0.93986157	      0.81842464	      0.56657224	      0.71839080	      0.93457944	      0.58719906
      0.02400000	      0.51229508	      0.94954559	      0.56401579	      1.03347177	      0.76410403	      0.56657224	      0.71839080	      0.93457944	      0.58719906
      0.02500000	      0.51229508	      0.97196332	      0.56401579	      1.07389342	      0.73266596	      0.56657224	      0.71839080	      0.93457944	      0.58719906
      0.02600000	      0.51229508	      0.96998535	      0.56401579	      0.97351257	      0.82261066	      0.56657224	      0.71839080	      0.93457944	      0.58719906
      0.02700000	      0.51229508	      0.99061285	      0.56401579	      0.99939025	      0.76507875	      0.56657224	      0.71839080	      0.93457944	      0.58719906
      0.02800000	      0.51229508	      1.01905710	      0.56401579	      0.96945477	      0.82540308	      0.56657224	      0.71839080	      0.93457944	      0.58719906
      0.02900000	      0.51229508	      0.96546185	      0.56401579	      0.96561980	      0.78366966	      0.56657224	      0.71839080	      0.93457944	      0.58719906
      0.03000000	      0.51229508	      0.97567665	      0.56401579	      1.12795356	      0.67098542	      0.56657224	      0.71839080	      0.93457944	      0.58719906
      0.03100000	      0.51229508	      0.99476804	      0.56401579	      0.91664270	      0.83815232	      0.56657224	      0.71839080	      0.93457944	      0.58719906
      0.03200000	      0.51229508	      0.94384839	      0.56401579	      0.96931821	      0.80524315	      0.56657224	      0.71839080	      0.93457944	      0.58719906
      0.03300000	      0.51229508	      0.93514646	      0.56401579	      1.04269438	      0.76087099	      0.56657224	      0.71839080	      0.93457944	      0.58719906
      0.03400000	      0.51229508	      1.00118060	      0.56401579	      1.06308670	      0.75218355	      0.56657224	      0.71839080	      0.93457944	      0.58719906
      0.03500000	      0.51229508	      1.02168949	      0.56401579	      0.94454979	      0.85017928	      0.56657224	      0.71839080	      0.93457944	      0.58719906
      0.03600000	      0.51229508	      0.92939285	      0.56401579	      1.08002680	      0.71265566	      0.56657224	      0.71839080	      0.93457944	      0.58719906
      0.03700000	      0.51229508	      1.03056803	      0.56401579	      1.06424407	      0.71616605	      0.56657224	      0.71839080	      0.93457944	      0.58719906
      0.03800000	      0.51229508	      0.92842149	      0.56401579	      0.99984309	      0.78491280	      0.56657224	      0.71839080	      0.93457944	      0.58719906
      0.03900000	      0.51229508	      0.94632810	      0.56401579	      1.01045195	      0.76730599	      0.56657224	      0.71839080	      0.93457944	      0.58719906
      0.04000000	      0.51229508	      0.98110149	      0.56401579	      1.09728843	      0.71241135	      0.56657224	      0.71839080	      0.93457944	      0.58719906
      0.04100000	      0.51229508	      0.99815081	      0.56401579	      1.10817540	      0.70713910	      0.56657224	      0.71839080	      0.93457944	      0.58719906
      0.04200000	      0.51229508	      1.03356161	      0.56401579	      1.07660323	      0.73415317	      0.56657224	      0.71839080	      0.93457944	      0.58719906
      0.04300000	      0.51229508	      1.00455886	      0.56401579	      0.92726215	      0.87016056	      0.56657224	      0.71839080	      0.93457944	      0.58719906
      0.04400000	      0.51229508	      1.01515542	      0.56401579	      1.04453187	      0.76486319	      0.56657224	      0.71839080	      0.93457944	      0.58719906
      0.04500000	      0.51229508	      0.95356460	      0.56401579	      1.01714094	      0.75655999	      0.56657224	      0.71839080	      0.93457944	      0.58719906
      0.04600000	      0.51229508	      1.01097374	      0.56401579	      0.96957224	      0.82020607	      0.56657224	      0.71839080	      0.93457944	      0.58719906
      0.04700000	      0.51229508	      0.95918029	      0.56401579	      1.02743332	      0.74944102	      0.56657224	      0.71839080	      0.93457944	      0.58719906
      0.04800000	      0.51229508	      0.95531984	      0.56401579	      1.06080924	      0.73127381	      0.56657224	      0.71839080	      0.93457944	      0.58719906
      0.04900000	      0.51229508	      0.98258016	      0.56401579	      1.01752572	      0.78874580	      0.56657224	      0.71839080	      0.93457944	      0.58719906
      0.05000000	      0.51229508	      1.02656606	      0.56401579	      1.09540939	      0.71906558	      0.56657224	      0.71839080	      0.93457944	      0.58719906
      0.05100000	      0.51229508	      0.93250191	      0.56401579	      1.03371556	      0.77937183	      0.56657224	      0.71839080	      0.93457944	      0.58719906
      0.05200000	      0.51229508	      0.97730893	      0.56401579	      0.96528634	      0.80726660	      0.56657224	      0.71839080	      0.93457944	      0.58719906
      0.05300000	      0.51229508	      0.99944694	      0.56401579	      0.97734245	      0.81587010	      0.56657224	      0.71839080	      0.93457944	      0.58719906
      0.05400000	      0.51229508	      0.92599768	      0.56401579	      1.00467953	      0.78790166	      0.56657224	      0.71839080	      0.93457944	      0.58719906
      0.05500000	      0.51229508	      1.02947223	      0.56401579	      0.95376279	      0.82037193	      0.56657224	      0.71839080	      0.93457944	      0.58719906
      0.05600000	      0.51229508	      1.01742123	      0.56401579	      1.04757646	      0.72365284	      0.56657224	      0.71839080	      0.93457944	      0.58719906
      0.05700000	      0.51229508	      0.99373566	      0.56401579	      1.08053238	      0.72029516	      0.56657224	      0.71839080	      0.93457944	      0.58719906
      0.05800000	      0.51229508	      0.95179027	      0.56401579	      1.05053680	      0.75729504	      0.56657224	      0.71839080	      0.93457944	      0.58719906
      0.05900000	      0.51229508	      1.03133065	      0.56401579	      1.02230629	      0.78102913	      0.56657224	      0.71839080	      0.93457944	      0.58719906
      0.06000000	      0.51229508	      0.94046630	      0.56401579	      1.00017194	      0.80015829	      0.56657224	      0.71839080	      0.93457944	      0.58719906
      0.06100000	      0.51229508	      0.96687519	      0.56401579	      0.92448928	      0.82714856	      0.56657224	      0.71839080	      0.93457944	      0.58719906
      0.06200000	      0.51229508	      0.98074829	      0.56401579	      0.92202897	      0.88258828	      0.56657224	      0.71839080	      0.93457944	      0.58719906
      0.06300000	      0.51229508	      0.98932071	      0.56401579	      0.92001043	      0.84082704	      0.56657224	      0.71839080	      0.93457944	      0.58719906
      0.06400000	      0.51229508	      0.97385494	      0.56401579	      0.99699524	      0.80943640	      0.56657224	      0.71839080	      0.93457944	      0.58719906
      0.06500000	      0.51229508	      1.01311958	      0.56401579	      1.00511487	      0.77110199	      0.56657224	      0.71839080	      0.93457944	      0.58719906
      0.06600000	      0.51229508	      1.01887357	      0.56401579	      1.06547739	      0.72318144	      0.56657224	      0.71839080	      0.93457944	      0.58719906
      0.06700000	      0.51229508	      1.00760363	      0.56401579	      0.99989112	      0.81054605	      0.56657224	      0.71839080	      0.93457944	      0.58719906
      0.06800000	      0.51229508	      0.94657561	      0.56401579	      1.10878722	      0.70680527	      0.56657224	      0.71839080	      0.93457944	      0.58719906
      0.06900000	      0.51229508	      0.95272090	      0.56401579	      1.08010893	      0.72964097	      0.56657224	      0.71839080	      0.93457944	      0.58719906
      0.07000000	      0.51229508	      0.98582102	      0.56401579	      1.12027919	      0.67502148	      0.56657224	      0.71839080	      0.93457944	      0.58719906
      0.07100000	      0.51229508	      0.95911582	      0.56401579	      1.09002419	      0.70703398	      0.56657224	      0.71839080	      0.93457944	      0.58719906
      0.07200000	      0.51229508	      0.96584465	      0.56401579	      1.03385627	      0.73656944	      0.56657224	      0.71839080	      0.93457944	      0.58719906
      0.07300000	      0.51229508	      1.00327239	      0.56401579	      1.04797522	      0.74564985	      0.56657224	      0.71839080	      0.93457944	      0.58719906
      0.07400000	      0.51229508	      1.02659262	      0.56401579	      0.92249115	      0.82045378	      0.56657224	      0.71839080	      0.93457944	      0.58719906
      0.07500000	      0.51229508	      0.92883927	      0.56401579	      1.08606185	      0.71124581	      0.56657224	      0.71839080	      0.93457944	      0.58719906
      0.07600000	      0.51229508	      0.97328490	      0.56401579	      1.08028730	      0.71548908	      0.56657224	      0.71839080	      0.93457944	      0.58719906
      0.07700000	      0.51229508	      0.99547025	      0.56401579	      0.97559343	      0.82808153	      0.56657224	      0.71839080	      0.93457944	      0.58719906
      0.07800000	      0.51229508	      0.96014568	      0.56401579	      0.98993733	      0.79309814	      0.56657224	      0.71839080	      0.93457944	      0.58719906
      0.07900000	      0.51229508	      1.01142078	      0.56401579	      1.09709275	      0.71216789	      0.56657224	      0.71839080	      0.93457944	      0.58719906
      0.08000000	      0.51229508	      0.98182058	      0.56401579	      1.11588981	      0.69166559	      0.56657224	      0.71839080	      0.93457944	      0.58719906
      0.08100000	      0.51229508	      0.97035093	      0.56401579	      1.06782226	      0.72962195	      0.56657224	      0.71839080	      0.93457944	      0.58719906
      0.08200000	      0.51229508	      0.92687946	      0.56401579	      0.93351883	      0.84790631	      0.56657224	      0.71839080	      0.93457944	      0.58719906
      0.08300000	      0.51229508	      1.01512314	      0.56401579	      1.06093215	      0.74795458	      0.56657224	      0.71839080	      0.93457944	      0.58719906
      0.08400000	      0.51229508	      1.03191938	      0.56401579	      0.91075131	      0.82760193	      0.56657224	      0.71839080	      0.93457944	      0.58719906
      0.08500000	      0.51229508	      1.00776039	      0.56401579	      1.07847356	      0.69871411	      0.56657224	      0.71839080	      0.93457944	      0.58719906
      0.08600000	      0.51229508	      1.02453047	      0.56401579	      0.95370607	      0.82527452	      0.56657224	      0.71839080	      0.93457944	      0.58719906
      0.08700000	      0.51229508	      1.02132433	      0.56401579	      0.98568705	      0.76194284	      0.56657224	      0.71839080	      0.93457944	      0.58719906
      0.08800000	      0.51229508	      0.99992796	      0.56401579	      1.02732451	      0.77666938	      0.56657224	      0.71839080	      0.93457944	      0.58719906
      0.08900000	      0.51229508	      0.99377886	      0.56401579	      1.05991040	      0.75352926	      0.56657224	      0.71839080	      0.93457944	      0.58719906
      0.09000000	      0.51229508	      0.94296071	      0.56401579	      0.97201732	      0.81698044	      0.56657224	      0.71839080	      0.93457944	      0.58719906
      0.09100000	      0.51229508	      1.01755903	      0.56401579	      0.94590311	      0.84638386	      0.56657224	      0.71839080	      0.93457944	      0.58719906
      0.09200000	      0.51229508	      0.92316405	      0.56401579	      1.00770581	      0.78035063	      0.56657224	      0.71839080	      0.93457944	      0.58719906
      0.09300000	      0.51229508	      0.95158201	      0.56401579	      0.96026163	      0.82668195	      0.56657224	      0.71839080	      0.93457944	      0.58719906
      0.09400000	      0.51229508	      0.94935255	      0.56401579	      0.95430352	      0.85295573	      0.56657224	      0.71839080	      0.93457944	      0.58719906
      0.09500000	      0.51229508	      0.93430448	      0.56401579	      1.12164861	      0.69951787	      0.56657224	      0.71839080	      0.93457944	      0.58719906
      0.09600000	      0.51229508	      0.96434898	      0.56401579	      1.02188372	      0.77261121	      0.56657224	      0.71839080	      0.93457944	      0.58719906
      0.09700000	      0.51229508	      0.95571121	      0.56401579	      1.01581232	      0.77003521	      0.56657224	      0.71839080	      0.93457944	      0.58719906
      0.09800000	      0.51229508	      0.98681435	      0.56401579	      0.95887191	      0.80332681	      0.56657224	      0.71839080	      0.93457944	      0.58719906
      0.09900000	      0.51229508	      0.98573710	      0.56401579	      1.04877158	      0.75513630	      0.56657224	      0.71839080	      0.93457944	      0.58719906
      0.10000000	      0.51229508	      0.92942419	      0.56401579	      1.02118226	      0.73903692	      0.56657224	      0.71839080	      0.93457944	      0.58719906
      0.10100000	      0.51229508	      0.96790825	      0.56401579	      0.98627938	      0.81397561	      0.56657224	      0.71839080	      0.93457944	      0.58719906
      0.10200000	      0.51229508	      1.00349915	      0.56401579	      1.09904840	      0.71744678	      0.56657224	      0.71839080	      0.93457944	      0.58719906
      0.10300000	      0.51229508	      0.93223532	      0.56401579	      0.95084571	      0.84892769	      0.56657224	      0.71839080	      0.93457944	      0.58719906
      0.10400000	      0.51229508	      0.93636589	      0.56401579	      0.96873716	      0.79287429	      0.56657224	      0.71839080	      0.93457944	      0.58719906
      0.10500000	      0.51229508	      0.99172283	      0.56401579	      1.07348489	      0.71832873	      0.56657224	      0.71839080	      0.93457944	      0.58719906
      0.10600000	      0.51229508	      0.98363597	      0.56401579	      0.92161194	      0.85964459	      0.56657224	      0.71839080	      0.93457944	      0.58719906
      0.10700000	      0.51229508	      0.94428085	      0.56401579	      0.94565616	      0.82967887	      0.56657224	      0.71839080	      0.93457944	      0.58719906
      0.10800000	      0.51229508	      0.99282800	      0.56401579	      0.98564935	      0.79999681	      0.56657224	      0.71839080	      0.93457944	      0.58719906
      0.10900000	      0.51229508	      0.95373703	      0.56401579	      1.02192428	      0.75419846	      0.56657224	      0.71839080	      0.93457944	      0.58719906
      0.11000000	      0.51229508	      1.01599457	      0.56401579	      0.91321225	      0.86944115	      0.56657224	      0.71839080	      0.93457944	      0.58719906
      0.11100000	      0.51229508	      1.01249598	      0.56401579	      1.03603686	      0.78503074	      0.56657224	      0.71839080	      0.93457944	      0.58719906
      0.11200000	      0.51229508	      1.00667646	      0.56401579	      1.06086829	      0.72761576	      0.56657224	      0.71839080	      0.93457944	      0.58719906
      0.11300000	      0.51229508	      0.91479579	      0.56401579	      0.99505471	      0.77211202	      0.56657224	      0.71839080	      0.93457944	      0.58719906
      0.11400000	      0.51229508	      0.92950501	      0.56401579	      0.96706411	      0.82682391	      0.56657224	      0.71839080	      0.93457944	      0.58719906
      0.11500000	      0.51229508	      0.97178486	      0.56401579	      1.04308157	      0.73829374	      0.56657224	      0.71839080	      0.93457944	      0.58719906
      0.11600000	      0.51229508	      0.98271562	      0.56401579	      1.07471299	      0.72635387	      0.56657224	      0.71839080	      0.93457944	      0.58719906
      0.11700000	      0.51229508	      1.02443628	      0.56401579	      1.03725641	      0.78417586	      0.56657224	      0.71839080	      0.93457944	      0.58719906
      0.11800000	      0.51229508	      0.94815607	      0.56401579	      1.08716301	      0.68735966	      0.56657224	      0.71839080	      0.93457944	      0.58719906
      0.11900000	      0.51229508	      1.00080955	      0.56401579	      0.99600280	      0.78817770	      0.56657224	      0.71839080	      0.93457944	      0.58719906
      0.12000000	      0.51229508	      0.95772523	      0.56401579	      1.09557673	      0.72547778	      0.56657224	      0.71839080	      0.93457944	      0.58719906
      0.12100000	      0.51229508	      0.92368973	      0.56401579	      0.97425391	      0.80582324	      0.56657224	      0.71839080	      0.93457944	      0.58719906
      0.12200000	      0.51229508	      1.02794250	      0.56401579	      0.98825325	      0.76892445	      0.56657224	      0.71839080	      0.93457944	      0.58719906
      0.12300000	      0.51229508	      0.96276821	      0.56401579	      0.93680379	      0.85054849	      0.56657224	      0.71839080	      0.93457944	      0.58719906
      0.12400000	      0.51229508	      0.97701969	      0.56401579	      1.07317831	      0.71328213	      0.56657224	      0.71839080	      0.93457944	      0.58719906
      0.12500000	      0.51229508	      1.02055778	      0.56401579	      1.05537694	      0.74015128	      0.56657224	      0.71839080	      0.93457944	      0.58719906
      0.12600000	      0.51229508	      0.91573598	      0.56401579	      0.95446935	      0.84326750	      0.56657224	      0.71839080	      0.93457944	      0.58719906
      0.12700000	      0.51229508	      1.02015112	      0.56401579	      1.07929225	      0.69974016	      0.56657224	      0.71839080	      0.93457944	      0.58719906
      0.12800000	      0.51229508	      1.01283106	      0.56401579	      0.91516690	      0.83934377	      0.56657224	      0.71839080	      0.93457944	      0.58719906
      0.12900000	      0.51229508	      1.00121666	      0.56401579	      0.95052542	      0.84317791	      0.56657224	      0.71839080	      0.93457944	      0.58719906
      0.13000000	      0.51229508	      0.91160217	      0.56401579	      1.02693711	      0.77423669	      0.56657224	      0.71839080	      0.93457944	      0.58719906
      0.13100000	      0.51229508	      0.93696057	      0.56401579	      0.92351582	      0.86297614	      0.56657224	      0.71839080	      0.93457944	      0.58719906
      0.13200000	      0.51229508	      0.94306761	      0.56401579	      1.04878639	      0.74781081	      0.56657224	      0.71839080	      0.93457944	      0.58719906
      0.13300000	      0.51229508	      0.96091337	      0.56401579	      0.93069655	      0.85018644	      0.56657224	      0.71839080	      0.93457944	      0.58719906
      0.13400000	      0.51229508	      0.95799122	      0.56401579	      1.07659113	      0.73055884	      0.56657224	      0.71839080	      0.93457944	      0.58719906
      0.13500000	      0.51229508	      0.99232007	      0.56401579	      1.02434887	      0.73917674	      0.56657224	      0.71839080	      0.93457944	      0.58719906
      0.13600000	      0.51229508	      1.01453085	      0.56401579	      1.04121370	      0.75026147	      0.56657224	      0.71839080	      0.93457944	      0.58719906
      0.13700000	      0.51229508	      0.92311048	      0.56401579	      0.97542522	      0.78775902	      0.56657224	      0.71839080	      0.93457944	      0.58719906
      0.13800000	      0.51229508	      0.97287930	      0.56401579	      1.03793605	      0.75853058	      0.56657224	      0.71839080	      0.93457944	      0.58719906
      0.13900000	      0.51229508	      0.99347250	      0.56401579	      1.04090464	      0.76524467	      0.56657224	      0.71839080	      0.93457944	      0.58719906
      0.14000000	      0.51229508	      0.95276986	      0.56401579	      1.10824936	      0.70014187	      0.56657224	      0.71839080	      0.93457944	      0.58719906
      0.14100000	      0.51229508	      1.00511013	      0.56401579	      0.90152765	      0.86381110	      0.56657224	      0.71839080	      0.93457944	      0.58719906
      0.14200000	      0.51229508	      0.96694621	      0.56401579	      0.98246580	      0.81292043	      0.56657224	      0.71839080	      0.93457944	      0.58719906
      0.14300000	      0.51229508	      1.00812722	      0.56401579	      1.03903639	      0.70892722	      0.56657224	      0.71839080	      0.93457944	      0.58719906
      0.14400000	      0.51229508	      0.92656495	      0.56401579	      1.00741223	      0.79903010	      0.56657224	      0.71839080	      0.93457944	      0.58719906
      0.14500000	      0.51229508	      0.98685995	      0.56401579	      1.00220635	      0.78512287	      0.56657224	      0.71839080	      0.93457944	      0.58719906
      0.14600000	      0.51229508	      0.97611912	      0.56401579	      1.02621479	      0.78139171	      0.56657224	      0.71839080	      0.93457944	      0.58719906
      0.14700000	      0.51229508	      0.93223537	      0.56401579	      1.05213933	      0.72595373	      0.56657224	      0.71839080	      0.93457944	      0.58719906
      0.14800000	      0.51229508	      0.94684300	      0.56401579	      0.97317109	      0.83176339	      0.56657224	      0.71839080	      0.93457944	      0.58719906
      0.14900000	      0.51229508	      0.97960510	      0.56401579	      1.08090191	      0.74041285	      0.56657224	      0.71839080	      0.93457944	      0.58719906
      0.15000000	      0.51229508	      1.02561938	      0.56401579	      0.94911034	      0.80024851	      0.56657224	      0.71839080	      0.93457944	      0.58719906
      0.15100000	      0.51229508	      0.92740332	      0.56401579	      1.03966326	      0.74582774	      0.56657224	      0.71839080	      0.93457944	      0.58719906
      0.15200000	      0.51229508	      0.91054902	      0.56401579	      0.92656740	      0.82726600	      0.56657224	      0.71839080	      0.93457944	      0.58719906
      0.15300000	      0.51229508	      0.94681061	      0.56401579	      0.98050442	      0.79147306	      0.56657224	      0.71839080	      0.93457944	      0.58719906
      0.15400000	      0.51229508	      1.01114076	      0.56401579	      1.05000886	      0.75907297	      0.56657224	      0.71839080	      0.93457944	      0.58719906
      0.15500000	      0.51229508	      1.01858223	      0.56401579	      1.10609021	      0.71984156	      0.56657224	      0.71839080	      0.93457944	      0.58719906
      0.15600000	      0.51229508	      0.95310268	      0.56401579	      0.90903362	      0.86875337	      0.56657224	      0.71839080	      0.93457944	      0.58719906
      0.15700000	      0.51229508	      1.00418366	      0.56401579	      0.93031758	      0.82679195	      0.56657224	      0.71839080	      0.93457944	      0.58719906
      0.15800000	      0.51229508	      0.98325769	      0.56401579	      1.00029866	      0.79252683	      0.56657224	      0.71839080	      0.93457944	      0.58719906
      0.15900000	      0.51229508	      0.99735981	      0.56401579	      0.98700727	      0.80268043	      0.56657224	      0.71839080	      0.93457944	      0.58719906
      0.16000000	      0.51229508	      0.90845312	      0.56401579	      0.98391138	      0.77556549	      0.56657224	      0.71839080	      0.93457944	      0.58719906
      0.16100000	      0.51229508	      0.97518594	      0.56401579	      0.95515601	      0.82627611	      0.56657224	      0.71839080	      0.93457944	      0.58719906
      0.16200000	      0.51229508	      1.00694517	      0.56401579	      1.08213108	      0.73060661	      0.56657224	      0.71839080	      0.93457944	      0.58719906
      0.16300000	      0.51229508	      0.92041973	      0.56401579	      1.01092723	      0.73701417	      0.56657224	      0.71839080	      0.93457944	      0.58719906
      0.16400000	      0.51229508	      0.96101277	      0.56401579	      1.05114248	      0.74782715	      0.56657224	      0.71839080	      0.93457944	      0.58719906
      0.16500000	      0.51229508	      1.01371639	      0.56401579	      0.95829033	      0.82156469	      0.56657224	      0.71839080	      0.93457944	      0.58719906
      0.16600000	      0.51229508	      0.93261525	      0.56401579	      1.04595287	      0.74939796	      0.56657224	      0.71839080	      0.93457944	      0.58719906
      0.16700000	      0.51229508	      0.99667747	      0.56401579	      0.91149920	      0.89119269	      0.56657224	      0.71839080	      0.93457944	      0.58719906
      0.16800000	      0.51229508	      0.93612792	      0.56401579	      0.94858399	      0.84571021	      0.56657224	      0.71839080	      0.93457944	      0.58719906
      0.16900000	      0.51229508	      0.96647007	      0.56401579	      1.07481161	      0.72046028	      0.56657224	      0.71839080	      0.93457944	      0.58719906
      0.17000000	      0.51229508	      0.99083764	      0.56401579	      1.01588863	      0.77877882	      0.56657224	      0.71839080	      0.93457944	      0.58719906
      0.17100000	      0.51229508	      0.94226279	      0.56401579	      0.95265138	      0.83910958	      0.56657224	      0.71839080	      0.93457944	      0.58719906
      0.17200000	      0.51229508	      0.97034848	      0.56401579	      1.07213288	      0.73504926	      0.56657224	      0.71839080	      0.93457944	      0.58719906
      0.17300000	      0.51229508	      0.95613695	      0.56401579	      1.09401374	      0.71380274	      0.56657224	      0.71839080	      0.93457944	      0.58719906
      0.17400000	      0.51229508	      0.92338886	      0.56401579	      1.04532731	      0.73857808	      0.56657224	      0.71839080	      0.93457944	      0.58719906
      0.17500000	      0.51229508	      0.98625579	      0.56401579	      0.95024314	      0.81666237	      0.56657224	      0.71839080	      0.93457944	      0.58719906
      0.17600000	      0.51229508	      0.91412070	      0.56401579	      1.11017988	      0.69852347	      0.56657224	      0.71839080	      0.93457944	      0.58719906
      0.17700000	      0.51229508	      0.96621320	      0.56401579	      1.05106112	      0.72044532	      0.56657224	      0.71839080	      0.93457944	      0.58719906
      0.17800000	      0.51229508	      0.92762371	      0.56401579	      0.92583409	      0.83920574	      0.56657224	      0.71839080	      0.93457944	      0.58719906
      0.17900000	      0.51229508	      0.92184121	      0.56401579	      0.95022619	      0.84374915	      0.56657224	      0.71839080	      0.93457944	      0.58719906
      0.18000000	      0.51229508	      1.00427840	      0.56401579	      0.92471230	      0.82853185	      0.56657224	      0.71839080	      0.93457944	      0.58719906
      0.18100000	      0.51229508	      0.93524864	      0.56401579	      0.96524526	      0.83087511	      0.56657224	      0.71839080	      0.93457944	      0.58719906
      0.18200000	      0.51229508	      0.94566970	      0.56401579	      1.05328253	      0.73202784	      0.56657224	      0.71839080	      0.93457944	      0.58719906
      0.18300000	      0.51229508	      1.01190488	      0.56401579	      1.01948392	      0.75651002	      0.56657224	      0.71839080	      0.93457944	      0.58719906
      0.18400000	      0.51229508	      0.90543409	      0.56401579	      1.00828831	      0.76058989	      0.56657224	      0.71839080	      0.93457944	      0.58719906
      0.18500000	      0.51229508	      0.95095306	      0.56401579	      0.90070977	      0.87544463	      0.56657224	      0.71839080	      0.93457944	      0.58719906
      0.18600000	      0.51229508	      0.98488571	      0.56401579	      0.91193295	      0.87039191	      0.56657224	      0.71839080	      0.93457944	      0.58719906
      0.18700000	      0.51229508	      0.99622562	      0.56401579	      1.05454652	      0.75494742	      0.56657224	      0.71839080	      0.93457944	      0.58719906
      0.18800000	      0.51229508	      0.96166371	      0.56401579	      1.07049988	      0.72462444	      0.56657224	      0.71839080	      0.93457944	      0.58719906
      0.18900000	      0.51229508	      0.99742437	      0.56401579	      1.00961253	      0.78083187	      0.56657224	      0.71839080	      0.93457944	      0.58719906
      0.19000000	      0.51229508	      0.99123442	      0.56401579	      0.93306018	      0.84737043	      0.56657224	      0.71839080	      0.93457944	      0.58719906
      0.19100000	      0.51229508	      0.90268445	      0.56401579	      0.98570664	      0.80391629	      0.56657224	      0.71839080	      0.93457944	      0.58719906
      0.19200000	      0.51229508	      0.94202677	      0.56401579	      0.99560462	      0.78747177	      0.56657224	      0.71839080	      0.93457944	      0.58719906
      0.19300000	      0.51229508	      0.95659103	      0.56401579	      1.04984642	      0.75796219	      0.56657224	      0.71839080	      0.93457944	      0.58719906
      0.19400000	      0.51229508	      0.98149633	      0.56401579	      0.99760835	      0.80423411	      0.56657224	      0.71839080	      0.93457944	      0.58719906
      0.19500000	      0.51229508	      0.97495489	      0.56401579	      1.05957749	      0.70918504	      0.56657224	      0.71839080	      0.93457944	      0.58719906
      0.19600000	      0.51229508	      0.97163489	      0.56401579	      0.96771474	      0.78538393	      0.56657224	      0.71839080	      0.93457944	      0.58719906
      0.19700000	      0.51229508	      0.93597064	      0.56401579	      0.95427295	      0.84648609	      0.56657224	      0.71839080	      0.93457944	      0.58719906
      0.19800000	      0.51229508	      1.01424485	      0.56401579	      0.94581679	      0.80939160	      0.56657224	      0.71839080	      0.93457944	      0.58719906
      0.19900000	      0.51229508	      1.00596905	      0.56401579	      1.04373293	      0.76284737	      0.56657224	      0.71839080	      0.93457944	      0.58719906
      0.20000000	      0.51229508	      0.91800935	      0.56401579	      1.07680464	      0.74622841	      0.56657224	      0.71839080	      0.93457944	      0.58719906
      0.20100000	      0.51229508	      0.94360180	      0.56401579	      1.07345980	      0.71985834	      0.56657224	      0.71839080	      0.93457944	      0.58719906
      0.20200000	      0.51229508	      1.00669651	      0.56401579	      1.03511802	      0.73729180	      0.56657224	      0.71839080	      0.93457944	      0.58719906
      0.20300000	      0.51229508	      0.93241445	      0.56401579	      1.00178954	      0.77042173	      0.56657224	      0.71839080	      0.93457944	      0.58719906
      0.20400000	      0.51229508	      0.98048732	      0.56401579	      0.93162415	      0.80953886	      0.56657224	      0.71839080	      0.93457944	      0.58719906
      0.20500000	      0.51229508	      0.99742541	      0.56401579	      1.11214833	      0.69200193	      0.56657224	      0.71839080	      0.93457944	      0.58719906
      0.20600000	      0.51229508	      0.90406112	      0.56401579	      0.96115218	      0.83760253	      0.56657224	      0.71839080	      0.93457944	      0.58719906
      0.20700000	      0.51229508	      1.00339163	      0.56401579	      1.01556040	      0.78221515	      0.56657224	      0.71839080	      0.93457944	      0.58719906
      0.20800000	      0.51229508	      0.96888070	      0.56401579	      0.90383070	      0.87883448	      0.56657224	      0.71839080	      0.93457944	      0.58719906
      0.20900000	      0.51229508	      0.95473651	      0.56401579	      0.91102130	      0.81810523	      0.56657224	      0.71839080	      0.93457944	      0.58719906
      0.21000000	      0.51229508	      1.00787799	      0.56401579	      0.93847686	      0.80775828	      0.56657224	      0.71839080	      0.93457944	      0.58719906
      0.21100000	      0.51229508	      0.96223926	      0.56401579	      0.99572877	      0.79344015	      0.56657224	      0.71839080	      0.93457944	      0.58719906
      0.21200000	      0.51229508	      0.94846645	      0.56401579	      1.01509974	      0.76128692	      0.56657224	      0.71839080	      0.93457944	      0.58719906
      0.21300000	      0.51229508	      0.89184566	      0.56401579	      0.92786612	      0.85936354	      0.56657224	      0.71839080	      0.93457944	      0.58719906
      0.21400000	      0.51229508	      0.93409232	      0.56401579	      1.02349593	      0.78914871	      0.56657224	      0.71839080	      0.93457944	      0.58719906
      0.21500000	      0.51229508	      0.98300306	      0.56401579	      1.06767807	      0.74094508	      0.56657224	      0.71839080	      0.93457944	      0.58719906
      0.21600000	      0.51229508	      0.91762591	      0.56401579	      1.05608904	      0.75187510	      0.56657224	      0.71839080	      0.93457944	      0.58719906
      0.21700000	      0.51229508	      0.98643914	      0.56401579	      0.98897042	      0.80750059	      0.56657224	      0.71839080	      0.93457944	      0.58719906
      0.21800000	      0.51229508	      0.90801652	      0.56401579	      1.01366112	      0.75671171	      0.56657224	      0.71839080	      0.93457944	      0.58719906
      0.21900000	      0.51229508	      0.91837867	      0.56401579	      1.05995342	      0.74326738	      0.56657224	      0.71839080	      0.93457944	      0.58719906
      0.22000000	      0.51229508	      0.96791029	      0.56401579	      0.98190252	      0.81396032	      0.56657224	      0.71839080	      0.93457944	      0.58719906
      0.22100000	      0.51229508	      0.99135928	      0.56401579	      1.05699696	      0.77324441	      0.56657224	      0.71839080	      0.93457944	      0.58719906
      0.22200000	      0.51229508	      0.97693905	      0.56401579	      0.91252854	      0.82834081	      0.56657224	      0.71839080	      0.93457944	      0.58719906
      0.22300000	      0.51229508	      0.89905651	      0.56401579	      0.96405506	      0.81038036	      0.56657224	      0.71839080	      0.93457944	      0.58719906
      0.22400000	      0.51229508	      0.95092887	      0.56401579	      0.89304635	      0.87808747	      0.56657224	      0.71839080	      0.93457944	      0.58719906
      0.22500000	      0.51229508	      0.92577180	      0.56401579	      1.06786873	      0.74116707	      0.56657224	      0.71839080	      0.93457944	      0.58719906
      0.22600000	      0.51229508	      0.99877042	      0.56401579	      0.99717737	      0.82189076	      0.56657224	      0.71839080	      0.93457944	      0.58719906
      0.22700000	      0.51229508	      0.97421572	      0.56401579	      1.02316604	      0.72653906	      0.56657224	      0.71839080	      0.93457944	      0.58719906
      0.22800000	      0.51229508	      0.93656712	      0.56401579	      0.97078132	      0.80394051	      0.56657224	      0.71839080	      0.93457944	      0.58719906
      0.22900000	      0.51229508	      0.94764805	      0.56401579	      1.01699147	      0.74325876	      0.56657224	      0.71839080	      0.93457944	      0.58719906
      0.23000000	      0.51229508	      0.96949958	      0.56401579	      0.96506627	      0.82170210	      0.56657224	      0.71839080	      0.93457944	      0.58719906
      0.23100000	      0.51229508	      0.97823061	      0.56401579	      1.04557149	      0.74232715	      0.56657224	      0.71839080	      0.93457944	      0.58719906
      0.23200000	      0.51229508	      1.00288311	      0.56401579	      0.91526310	      0.85338424	      0.56657224	      0.71839080	      0.93457944	      0.58719906
      0.23300000	      0.51229508	      0.91226596	      0.56401579	      0.98174591	      0.80307380	      0.56657224	      0.71839080	      0.93457944	      0.58719906
      0.23400000	      0.51229508	      0.90289865	      0.56401579	      1.01418693	      0.74212999	      0.56657224	      0.71839080	      0.93457944	      0.58719906
      0.23500000	      0.51229508	      0.96113632	      0.56401579	      1.04398002	      0.74454132	      0.56657224	      0.71839080	      0.93457944	      0.58719906
      0.23600000	      0.51229508	      0.92522600	      0.56401579	      0.93055031	      0.87028497	      0.56657224	      0.71839080	      0.93457944	      0.58719906
      0.23700000	      0.51229508	      0.99370284	      0.56401579	      0.96598585	      0.80635192	      0.56657224	      0.71839080	      0.93457944	      0.58719906
      0.23800000	      0.51229508	      0.89514793	      0.56401579	      0.91028912	      0.86518820	      0.56657224	      0.71839080	      0.93457944	      0.58719906
      0.23900000	      0.51229508	      0.89378101	      0.56401579	      1.06248567	      0.71613981	      0.56657224	      0.71839080	      0.93457944	      0.58719906
      0.24000000	      0.51229508	      0.98325138	      0.56401579	      1.08380682	      0.71749825	      0.56657224	      0.71839080	      0.93457944	      0.58719906
      0.24100000	      0.51229508	      0.91645889	      0.56401579	      0.95190430	      0.84243119	      0.56657224	      0.71839080	      0.93457944	      0.58719906
      0.24200000	      0.51229508	      0.94524227	      0.56401579	      0.99679037	      0.80850225	      0.56657224	      0.71839080	      0.93457944	      0.58719906
      0.24300000	      0.51229508	      0.92780094	      0.56401579	      0.98888819	      0.79070135	      0.56657224	      0.71839080	      0.93457944	      0.58719906
      0.24400000	      0.51229508	      0.94186287	      0.56401579	      0.94017111	      0.86511956	      0.56657224	      0.71839080	      0.93457944	      0.58719906
      0.24500000	      0.51229508	      0.98975805	      0.56401579	      1.04047586	      0.76005555	      0.56657224	      0.71839080	      0.93457944	      0.58719906
      0.24600000	      0.51229508	      0.90595600	      0.56401579	      1.02385221	      0.78182824	      0.56657224	      0.71839080	      0.93457944	      0.58719906
      0.24700000	      0.51229508	      0.98765741	      0.56401579	      0.97727850	      0.77271490	      0.56657224	      0.71839080	      0.93457944	      0.58719906
      0.24800000	      0.51229508	      0.96554983	      0.56401579	      0.88774002	      0.85831477	      0.56657224	      0.71839080	      0.93457944	      0.58719906
      0.24900000	      0.51229508	      0.88465334	      0.56401579	      0.90480078	      0.88030877	      0.56657224	      0.71839080	      0.93457944	      0.58719906
      0.25000000	      0.51229508	      0.95363097	      0.56401579	      1.06732683	      0.72219840	      0.56657224	      0.71839080	      0.93457944	      0.58719906
      0.25100000	      0.51229508	      0.98750578	      0.56401579	      1.04444046	      0.77379352	      0.56657224	      0.71839080	      0.93457944	      0.58719906
      0.25200000	      0.51229508	      0.97041006	      0.56401579	      1.00963020	      0.77793485	      0.56657224	      0.71839080	      0.93457944	      0.58719906
      0.25300000	      0.51229508	      0.91051289	      0.56401579	      0.94330903	      0.83695103	      0.56657224	      0.71839080	      0.93457944	      0.58719906
      0.25400000	      0.51229508	      0.90035180	      0.56401579	      1.08873633	      0.72016725	      0.56657224	      0.71839080	      0.93457944	      0.58719906
      0.25500000	      0.51229508	      0.95831036	      0.56401579	      1.06764514	      0.71999067	      0.56657224	      0.71839080	      0.93457944	      0.58719906
      0.25600000	      0.51229508	      0.99457006	      0.56401579	      0.91062596	      0.82288573	      0.56657224	      0.71839080	      0.93457944	      0.58719906
      0.25700000	      0.51229508	      0.94823631	      0.56401579	      0.90288851	      0.86625862	      0.56657224	      0.71839080	      0.93457944	      0.58719906
      0.25800000	      0.51229508	      0.89139876	      0.56401579	      1.05503566	      0.77124339	      0.56657224	      0.71839080	      0.93457944	      0.58719906
      0.25900000	      0.51229508	      0.88395770	      0.56401579	      1.07723334	      0.71705938	      0.56657224	      0.71839080	      0.93457944	      0.58719906
      0.26000000	      0.51229508	      0.93080253	      0.56401579	      0.92548600	      0.85740935	      0.56657224	      0.71839080	      0.93457944	      0.58719906
      0.26100000	      0.51229508	      0.91600254	      0.56401579	      0.97249782	      0.80432334	      0.56657224	      0.71839080	      0.93457944	      0.58719906
      0.26200000	      0.51229508	      0.99893372	      0.56401579	      1.06216581	      0.70030197	      0.56657224	      0.71839080	      0.93457944	      0.58719906
      0.26300000	      0.51229508	      0.98523190	      0.56401579	      0.99972066	      0.79170341	      0.56657224	      0.71839080	      0.93457944	      0.58719906
      0.26400000	      0.51229508	      0.90635912	      0.56401579	      1.05087520	      0.73346147	      0.56657224	      0.71839080	      0.93457944	      0.58719906
      0.26500000	      0.51229508	      0.94161254	      0.56401579	      0.93769120	      0.84558575	      0.56657224	      0.71839080	      0.93457944	      0.58719906
      0.26600000	      0.51229508	      0.93650501	      0.56401579	      0.96465785	      0.82610499	      0.56657224	      0.71839080	      0.93457944	      0.58719906
      0.26700000	      0.51229508	      0.89456430	      0.56401579	      0.93645436	      0.83845637	      0.56657224	      0.71839080	      0.93457944	      0.58719906
      0.26800000	      0.51229508	      0.91958864	      0.56401579	      0.88528442	      0.84553280	      0.56657224	      0.71839080	      0.93457944	      0.58719906
      0.26900000	      0.51229508	      0.95218425	      0.56401579	      1.01270741	      0.77006637	      0.56657224	      0.71839080	      0.93457944	      0.58719906
      0.27000000	      0.51229508	      0.87767237	      0.56401579	      0.94749855	      0.81131792	      0.56657224	      0.71839080	      0.93457944	      0.58719906
      0.27100000	      0.51229508	      0.97409794	      0.56401579	      1.01284048	      0.74440844	      0.56657224	      0.71839080	      0.93457944	      0.58719906
      0.27200000	      0.51229508	      0.96466330	      0.56401579	      0.99365426	      0.77755471	      0.56657224	      0.71839080	      0.93457944	      0.58719906
      0.27300000	      0.51229508	      0.92473172	      0.56401579	      0.98169814	      0.81531066	      0.56657224	      0.71839080	      0.93457944	      0.58719906
      0.27400000	      0.51229508	      0.98002195	      0.56401579	      0.89732604	      0.88048605	      0.56657224	      0.71839080	      0.93457944	      0.58719906
      0.27500000	      0.51229508	      0.96213321	      0.56401579	      0.99753670	      0.80166892	      0.56657224	      0.71839080	      0.93457944	      0.58719906
      0.27600000	      0.51229508	      0.96265230	      0.56401579	      0.99375907	      0.79582545	      0.56657224	      0.71839080	      0.93457944	      0.58719906
      0.27700000	      0.51229508	      0.93081714	      0.56401579	      0.91591555	      0.83048700	      0.56657224	      0.71839080	      0.93457944	      0.58719906
      0.27800000	      0.51229508	      0.88158681	      0.56401579	      1.06315845	      0.73430150	      0.56657224	      0.71839080	      0.93457944	      0.58719906
      0.27900000	      0.51229508	      0.86949153	      0.56401579	      0.92673470	      0.85892075	      0.56657224	      0.71839080	      0.93457944	      0.58719906
      0.28000000	      0.51229508	      0.98468231	      0.56401579	      1.00625019	      0.78845393	      0.56657224	      0.71839080	      0.93457944	      0.58719906
      0.28100000	      0.51229508	      0.90313889	      0.56401579	      0.98655340	      0.77923595	      0.56657224	      0.71839080	      0.93457944	      0.58719906
      0.28200000	      0.51229508	      0.94623627	      0.56401579	      1.06602588	      0.72163140	      0.56657224	      0.71839080	      0.93457944	      0.58719906
      0.28300000	      0.51229508	      0.93428448	      0.56401579	      1.03650920	      0.74846835	      0.56657224	      0.71839080	      0.93457944	      0.58719906
      0.28400000	      0.51229508	      0.96184923	      0.56401579	      0.94733612	      0.84537804	      0.56657224	      0.71839080	      0.93457944	      0.58719906
      0.28500000	      0.51229508	      0.91107792	      0.56401579	      0.97119062	      0.78246663	      0.56657224	      0.71839080	      0.93457944	      0.58719906
      0.28600000	      0.51229508	      0.94009094	      0.56401579	      0.93468630	      0.79470745	      0.56657224	      0.71839080	      0.93457944	      0.58719906
      0.28700000	      0.51229508	      0.99280973	      0.56401579	      1.01553468	      0.77646507	      0.56657224	      0.71839080	      0.93457944	      0.58719906
      0.28800000	      0.51229508	      0.89060163	      0.56401579	      1.05360833	      0.73796199	      0.56657224	      0.71839080	      0.93457944	      0.58719906
      0.28900000	      0.51229508	      0.87573330	      0.56401579	      0.91049397	      0.87905033	      0.56657224	      0.71839080	      0.93457944	      0.58719906
      0.29000000	      0.51229508	      0.95299511	      0.56401579	      0.96786119	      0.80477311	      0.56657224	      0.71839080	      0.93457944	      0.58719906
      0.29100000	      0.51229508	      0.95190947	      0.56401579	      0.93322719	      0.83755439	      0.56657224	      0.71839080	      0.93457944	      0.58719906
      0.29200000	      0.51229508	      0.98837327	      0.56401579	      0.88144021	      0.89521529	      0.56657224	      0.71839080	      0.93457944	      0.58719906
      0.29300000	      0.51229508	      0.97596854	      0.56401579	      1.00411957	      0.77701133	      0.56657224	      0.71839080	      0.93457944	      0.58719906
      0.29400000	      0.51229508	      0.97970742	      0.56401579	      0.91702436	      0.84974684	      0.56657224	      0.71839080	      0.93457944	      0.58719906
      0.29500000	      0.51229508	      0.91243391	      0.56401579	      1.02407974	      0.77657565	      0.56657224	      0.71839080	      0.93457944	      0.58719906
      0.29600000	      0.51229508	      0.92458660	      0.56401579	      1.03428725	      0.75876185	      0.56657224	      0.71839080	      0.93457944	      0.58719906
      0.29700000	      0.51229508	      0.96945810	      0.56401579	      0.89662411	      0.88028137	      0.56657224	      0.71839080	      0.93457944	      0.58719906
      0.29800000	      0.51229508	      0.89954373	      0.56401579	      1.05713419	      0.75377391	      0.56657224	      0.71839080	      0.93457944	      0.58719906
      0.29900000	      0.51229508	      0.91974989	      0.56401579	      1.05846561	      0.72725505	      0.56657224	      0.71839080	      0.93457944	      0.58719906
      0.30000000	      0.51229508	      0.88630272	      0.56401579	      0.97497524	      0.81633477	      0.56657224	      0.71839080	      0.93457944	      0.58719906
      0.30100000	      0.51229508	      0.96544720	      0.56401579	      0.98620152	      0.78741059	      0.56657224	      0.71839080	      0.93457944	      0.58719906
      0.30200000	      0.51229508	      0.95299891	      0.56401579	      0.91748737	      0.85726936	      0.56657224	      0.71839080	      0.93457944	      0.58719906
      0.30300000	      0.51229508	      0.97100197	      0.56401579	      0.95184308	      0.80477373	      0.56657224	      0.71839080	      0.93457944	      0.58719906
      0.30400000	      0.51229508	      0.97380696	      0.56401579	      0.96791704	      0.82802628	      0.56657224	      0.71839080	      0.93457944	      0.58719906
      0.30500000	      0.51229508	      0.85824048	      0.56401579	      0.90066741	      0.83592726	      0.56657224	      0.71839080	      0.93457944	      0.58719906
      0.30600000	      0.51229508	      0.94281589	      0.56401579	      1.03760247	      0.74104647	      0.56657224	      0.71839080	      0.93457944	      0.58719906
      0.30700000	      0.51229508	      0.92644282	      0.56401579	      0.93041577	      0.82304730	      0.56657224	      0.71839080	      0.93457944	      0.58719906
      0.30800000	      0.51229508	      0.98209874	      0.56401579	      0.92883298	      0.86265334	      0.56657224	      0.71839080	      0.93457944	      0.58719906
      0.30900000	      0.51229508	      0.96290081	      0.56401579	      0.91419825	      0.86528216	      0.56657224	      0.71839080	      0.93457944	      0.58719906
      0.31000000	      0.51229508	      0.92017099	      0.56401579	      1.02869585	      0.74086670	      0.56657224	      0.71839080	      0.93457944	      0.58719906
      0.31100000	      0.51229508	      0.93971917	      0.56401579	      1.02045508	      0.79020579	      0.56657224	      0.71839080	      0.93457944	      0.58719906
      0.31200000	      0.51229508	      0.90989889	      0.56401579	      1.00288299	      0.75107100	      0.56657224	      0.71839080	      0.93457944	      0.58719906
      0.31300000	      0.51229508	      0.94535882	      0.56401579	      1.02125056	      0.78017851	      0.56657224	      0.71839080	      0.93457944	      0.58719906
      0.31400000	      0.51229508	      0.93233447	      0.56401579	      0.91240051	      0.85681667	      0.56657224	      0.71839080	      0.93457944	      0.58719906
      0.31500000	      0.51229508	      0.87145081	      0.56401579	      0.91382223	      0.83901220	      0.56657224	      0.71839080	      0.93457944	      0.58719906
      0.31600000	      0.51229508	      0.90580770	      0.56401579	      1.05698911	      0.72993727	      0.56657224	      0.71839080	      0.93457944	      0.58719906
      0.31700000	      0.51229508	      0.88669496	      0.56401579	      0.90386059	      0.88199582	      0.56657224	      0.71839080	      0.93457944	      0.58719906
      0.31800000	      0.51229508	      0.86471422	      0.56401579	      1.02766927	      0.73078571	      0.56657224	      0.71839080	      0.93457944	      0.58719906
      0.31900000	      0.51229508	      0.88583623	      0.56401579	      1.05825278	      0.75089691	      0.56657224	      0.71839080	      0.93457944	      0.58719906
      0.32000000	      0.51229508	      0.90198316	      0.56401579	      1.00245171	      0.77800808	      0.56657224	      0.71839080	      0.93457944	      0.58719906
      0.32100000	      0.51229508	      0.87560182	      0.56401579	      0.96272412	      0.83006355	      0.56657224	      0.71839080	      0.93457944	      0.58719906
      0.32200000	      0.51229508	      0.89358051	      0.56401579	      0.98814712	      0.79589579	      0.56657224	      0.71839080	      0.93457944	      0.58719906
      0.32300000	      0.51229508	      0.91799510	      0.56401579	      0.97629747	      0.79784888	      0.56657224	      0.71839080	      0.93457944	      0.58719906
      0.32400000	      0.51229508	      0.95901631	      0.56401579	      1.07982812	      0.73081547	      0.56657224	      0.71839080	      0.93457944	      0.58719906
      0.32500000	      0.51229508	      0.98345922	      0.56401579	      0.95480183	      0.82784012	      0.56657224	      0.71839080	      0.93457944	      0.58719906
      0.32600000	      0.51229508	      0.91076196	      0.56401579	      0.94857913	      0.84238668	      0.56657224	      0.71839080	      0.93457944	      0.58719906
      0.32700000	      0.51229508	      0.94602309	      0.56401579	      0.95990976	      0.83340384	      0.56657224	      0.71839080	      0.93457944	      0.58719906
      0.32800000	      0.51229508	      0.93643505	      0.56401579	      0.98600026	      0.80105292	      0.56657224	      0.71839080	      0.93457944	      0.58719906
      0.32900000	      0.51229508	      0.86123289	      0.56401579	      0.90189497	      0.82307328	      0.56657224	      0.71839080	      0.93457944	      0.58719906
      0.33000000	      0.51229508	      0.96258644	      0.56401579	      0.90826359	      0.81813494	      0.56657224	      0.71839080	      0.93457944	      0.58719906
      0.33100000	      0.51229508	      0.85596495	      0.56401579	      1.04706483	      0.72803872	      0.56657224	      0.71839080	      0.93457944	      0.58719906
      0.33200000	      0.51229508	      0.90178275	      0.56401579	      0.93562018	      0.81608218	      0.56657224	      0.71839080	      0.93457944	      0.58719906
      0.33300000	      0.51229508	      0.92389826	      0.56401579	      0.94552549	      0.83335909	      0.56657224	      0.71839080	      0.93457944	      0.58719906
      0.33400000	      0.51229508	      0.97646509	      0.56401579	      1.03856070	      0.73791128	      0.56657224	      0.71839080	      0.93457944	      0.58719906
      0.33500000	      0.51229508	      0.91864728	      0.56401579	      1.01449340	      0.76731627	      0.56657224	      0.71839080	      0.93457944	      0.58719906
      0.33600000	      0.51229508	      0.91544192	      0.56401579	      0.88343036	      0.86003199	      0.56657224	      0.71839080	      0.93457944	      0.58719906
      0.33700000	      0.51229508	      0.93751594	      0.56401579	      0.90903478	      0.83370590	      0.56657224	      0.71839080	      0.93457944	      0.58719906
      0.33800000	      0.51229508	      0.88458751	      0.56401579	      0.92374108	      0.84561915	      0.56657224	      0.71839080	      0.93457944	      0.58719906
      0.33900000	      0.51229508	      0.92902011	      0.56401579	      0.98206574	      0.79724871	      0.56657224	      0.71839080	      0.93457944	      0.58719906
      0.34000000	      0.51229508	      0.95502500	      0.56401579	      1.06251243	      0.75972450	      0.56657224	      0.71839080	      0.93457944	      0.58719906
      0.34100000	      0.51229508	      0.89130449	      0.56401579	      1.01832626	      0.78867526	      0.56657224	      0.71839080	      0.93457944	      0.58719906
      0.34200000	      0.51229508	      0.89467400	      0.56401579	      0.96968945	      0.82153643	      0.56657224	      0.71839080	      0.93457944	      0.58719906
      0.34300000	      0.51229508	      0.97416196	      0.56401579	      0.97728985	      0.76698132	      0.56657224	      0.71839080	      0.93457944	      0.58719906
      0.34400000	      0.51229508	      0.96988776	      0.56401579	      1.02273804	      0.77515770	      0.56657224	      0.71839080	      0.93457944	      0.58719906
      0.34500000	      0.51229508	      0.86629804	      0.56401579	      0.89225700	      0.89053720	      0.56657224	      0.71839080	      0.93457944	      0.58719906
      0.34600000	      0.51229508	      0.87743570	      0.56401579	      1.01921108	      0.73332352	      0.56657224	      0.71839080	      0.93457944	      0.58719906
      0.34700000	      0.51229508	      0.87475848	      0.56401579	      1.04074972	      0.77098400	      0.56657224	      0.71839080	      0.93457944	      0.58719906
      0.34800000	      0.51229508	      0.96120425	      0.56401579	      1.01317574	      0.78653153	      0.56657224	      0.71839080	      0.93457944	      0.58719906
      0.34900000	      0.51229508	      0.95097147	      0.56401579	      1.05427462	      0.72854333	      0.56657224	      0.71839080	      0.93457944	      0.58719906
      0.35000000	      0.51229508	      0.85062206	      0.56401579	      0.86926688	      0.89446350	      0.56657224	      0.71839080	      0.93457944	      0.58719906
      0.35100000	      0.51229508	      0.92726675	      0.56401579	      0.97138216	      0.82618220	      0.56657224	      0.71839080	      0.93457944	      0.58719906
      0.35200000	      0.51229508	      0.93468047	      0.56401579	      1.06382677	      0.71387477	      0.56657224	      0.71839080	      0.93457944	      0.58719906
      0.35300000	      0.51229508	      0.96815548	      0.56401579	      0.94987521	      0.82694661	      0.56657224	      0.71839080	      0.93457944	      0.58719906
      0.35400000	      0.51229508	      0.92027924	      0.56401579	      0.89519155	      0.84555466	      0.56657224	      0.71839080	      0.93457944	      0.58719906
      0.35500000	      0.51229508	      0.89353798	      0.56401579	      1.01791569	      0.72786387	      0.56657224	      0.71839080	      0.93457944	      0.58719906
      0.35600000	      0.51229508	      0.91081525	      0.56401579	      0.90463183	      0.83432056	      0.56657224	      0.71839080	      0.93457944	      0.58719906
      0.35700000	      0.51229508	      0.86753722	      0.56401579	      0.95001920	      0.80103687	      0.56657224	      0.71839080	      0.93457944	      0.58719906
      0.35800000	      0.51229508	      0.94849111	      0.56401579	      1.01382014	      0.76274055	      0.56657224	      0.71839080	      0.93457944	      0.58719906
      0.35900000	      0.51229508	      0.97096192	      0.56401579	      0.95167346	      0.83139260	      0.56657224	      0.71839080	      0.93457944	      0.58719906
      0.36000000	      0.51229508	      0.90732388	      0.56401579	      0.89024858	      0.86808420	      0.56657224	      0.71839080	      0.93457944	      0.58719906
      0.36100000	      0.51229508	      0.95845904	      0.56401579	      1.00501666	      0.78297582	      0.56657224	      0.71839080	      0.93457944	      0.58719906
      0.36200000	      0.51229508	      0.96081534	      0.56401579	      1.04053056	      0.71653334	      0.56657224	      0.71839080	      0.93457944	      0.58719906
      0.36300000	      0.51229508	      0.88725866	      0.56401579	      1.02289130	      0.77639448	      0.56657224	      0.71839080	      0.93457944	      0.58719906
      0.36400000	      0.51229508	      0.91551529	      0.56401579	      0.99041490	      0.77298313	      0.56657224	      0.71839080	      0.93457944	      0.58719906
      0.36500000	      0.51229508	      0.86090246	      0.56401579	      0.99125819	      0.79879437	      0.56657224	      0.71839080	      0.93457944	      0.58719906
      0.36600000	      0.51229508	      0.87191735	      0.56401579	      0.92257142	      0.83971318	      0.56657224	      0.71839080	      0.93457944	      0.58719906
      0.36700000	      0.51229508	      0.92987563	      0.56401579	      0.92132395	      0.86817273	      0.56657224	      0.71839080	      0.93457944	      0.58719906
      0.36800000	      0.51229508	      0.94109782	      0.56401579	      1.04776387	      0.75697960	      0.56657224	      0.71839080	      0.93457944	      0.58719906
      0.36900000	      0.51229508	      0.84950102	      0.56401579	      0.91288265	      0.82231974	      0.56657224	      0.71839080	      0.93457944	      0.58719906
      0.37000000	      0.51229508	      0.87951411	      0.56401579	      1.04990038	      0.75759787	      0.56657224	      0.71839080	      0.93457944	      0.58719906
      0.37100000	      0.51229508	      0.83882034	      0.56401579	      0.89183346	      0.82788538	      0.56657224	      0.71839080	      0.93457944	      0.58719906
      0.37200000	      0.51229508	      0.90236026	      0.56401579	      1.05820450	      0.73425231	      0.56657224	      0.71839080	      0.93457944	      0.58719906
      0.37300000	      0.51229508	      0.95253166	      0.56401579	      0.95573496	      0.84864776	      0.56657224	      0.71839080	      0.93457944	      0.58719906
      0.37400000	      0.51229508	      0.88450506	      0.56401579	      0.88589236	      0.88719812	      0.56657224	      0.71839080	      0.93457944	      0.58719906
      0.37500000	      0.51229508	      0.85526187	      0.56401579	      0.89243323	      0.86126147	      0.56657224	      0.71839080	      0.93457944	      0.58719906
      0.37600000	      0.51229508	      0.86385568	      0.56401579	      1.00495885	      0.77327104	      0.56657224	      0.71839080	      0.93457944	      0.58719906
      0.37700000	      0.51229508	      0.90618686	      0.56401579	      0.97948955	      0.80294266	      0.56657224	      0.71839080	      0.93457944	      0.58719906
      0.37800000	      0.51229508	      0.83113245	      0.56401579	      1.04157029	      0.74892045	      0.56657224	      0.71839080	      0.93457944	      0.58719906
      0.37900000	      0.51229508	      0.84548610	      0.56401579	      0.85343151	      0.86835952	      0.56657224	      0.71839080	      0.93457944	      0.58719906
      0.38000000	      0.51229508	      0.91355419	      0.56401579	      0.98196763	      0.79759159	      0.56657224	      0.71839080	      0.93457944	      0.58719906
      0.38100000	      0.51229508	      0.94662373	      0.56401579	      1.00303068	      0.77181690	      0.56657224	      0.71839080	      0.93457944	      0.58719906
      0.38200000	      0.51229508	      0.92552392	      0.56401579	      0.98253899	      0.76866374	      0.56657224	      0.71839080	      0.93457944	      0.58719906
      0.38300000	      0.51229508	      0.85196236	      0.56401579	      0.93547766	      0.84832561	      0.56657224	      0.71839080	      0.93457944	      0.58719906
      0.38400000	      0.51229508	      0.87551554	      0.56401579	      0.92093184	      0.84490812	      0.56657224	      0.71839080	      0.93457944	      0.58719906
      0.38500000	      0.51229508	      0.94047307	      0.56401579	      0.95751245	      0.83374778	      0.56657224	      0.71839080	      0.93457944	      0.58719906
      0.38600000	      0.51229508	      0.90266018	      0.56401579	      0.89684805	      0.87547077	      0.56657224	      0.71839080	      0.93457944	      0.58719906
      0.38700000	      0.51229508	      0.88117693	      0.56401579	      0.87706491	      0.87053494	      0.56657224	      0.71839080	      0.93457944	      0.58719906
      0.38800000	      0.51229508	      0.92952678	      0.56401579	      0.94842940	      0.82991552	      0.56657224	      0.71839080	      0.93457944	      0.58719906
      0.38900000	      0.51229508	      0.88494935	      0.56401579	      0.97971539	      0.76453412	      0.56657224	      0.71839080	      0.93457944	      0.58719906
      0.39000000	      0.51229508	      0.95904036	      0.56401579	      0.98037426	      0.78476290	      0.56657224	      0.71839080	      0.93457944	      0.58719906
      0.39100000	      0.51229508	      0.89689577	      0.56401579	      1.04846614	      0.74793964	      0.56657224	      0.71839080	      0.93457944	      0.58719906
      0.39200000	      0.51229508	      0.92104106	      0.56401579	      0.95571149	      0.82921540	      0.56657224	      0.71839080	      0.93457944	      0.58719906
      0.39300000	      0.51229508	      0.96360477	      0.56401579	      1.00248809	      0.76827713	      0.56657224	      0.71839080	      0.93457944	      0.58719906
      0.39400000	      0.51229508	      0.85759185	      0.56401579	      0.92588245	      0.85221102	      0.56657224	      0.71839080	      0.93457944	      0.58719906
      0.39500000	      0.51229508	      0.93461514	      0.56401579	      0.88230774	      0.87539978	      0.56657224	      0.71839080	      0.93457944	      0.58719906
      0.39600000	      0.51229508	      0.94905634	      0.56401579	      1.00002882	      0.79840335	      0.56657224	      0.71839080	      0.93457944	      0.58719906
      0.39700000	      0.51229508	      0.89319728	      0.56401579	      0.97256508	      0.82855577	      0.56657224	      0.71839080	      0.93457944	      0.58719906
      0.39800000	      0.51229508	      0.83864283	      0.56401579	      0.91673229	      0.86743400	      0.56657224	      0.71839080	      0.93457944	      0.58719906
      0.39900000	      0.51229508	      0.86993223	      0.56401579	      1.02853285	      0.73738309	      0.56657224	      0.71839080	      0.93457944	      0.58719906
      0.40000000	      0.51229508	      0.95609157	      0.56401579	      1.02426669	      0.74890680	      0.56657224	      0.71839080	      0.93457944	      0.58719906
      0.40100000	      0.51229508	      0.82740383	      0.56401579	      0.88623320	      0.86909720	      0.56657224	      0.71839080	      0.93457944	      0.58719906
      0.40200000	      0.51229508	      0.85871416	      0.56401579	      0.94556417	      0.82691917	      0.56657224	      0.71839080	      0.93457944	      0.58719906
      0.40300000	      0.51229508	      0.86320026	      0.56401579	      1.03161148	      0.74160389	      0.56657224	      0.71839080	      0.93457944	      0.58719906
      0.40400000	      0.51229508	      0.91180667	      0.56401579	      1.07714253	      0.71495554	      0.56657224	      0.71839080	      0.93457944	      0.58719906
      0.40500000	      0.51229508	      0.84118321	      0.56401579	      1.00731449	      0.76749571	      0.56657224	      0.71839080	      0.93457944	      0.58719906
      0.40600000	      0.51229508	      0.91891085	      0.56401579	      0.92870294	      0.84498559	      0.56657224	      0.71839080	      0.93457944	      0.58719906
      0.40700000	      0.51229508	      0.95139719	      0.56401579	      0.94848649	      0.84404665	      0.56657224	      0.71839080	      0.93457944	      0.58719906
      0.40800000	      0.51229508	      0.89613596	      0.56401579	      0.99616703	      0.78814856	      0.56657224	      0.71839080	      0.93457944	      0.58719906
      0.40900000	      0.51229508	      0.93364044	      0.56401579	      0.97578035	      0.81850951	      0.56657224	      0.71839080	      0.93457944	      0.58719906
      0.41000000	      0.51229508	      0.90195282	      0.56401579	      0.96980075	      0.81848412	      0.56657224	      0.71839080	      0.93457944	      0.58719906
      0.41100000	      0.51229508	      0.88066905	      0.56401579	      0.94215877	      0.79787997	      0.56657224	      0.71839080	      0.93457944	      0.58719906
      0.41200000	      0.51229508	      0.85457616	      0.56401579	      1.02396667	      0.75608737	      0.56657224	      0.71839080	      0.93457944	      0.58719906
      0.41300000	      0.51229508	      0.93697256	      0.56401579	      0.96848365	      0.81284069	      0.56657224	      0.71839080	      0.93457944	      0.58719906
      0.41400000	      0.51229508	      0.83601450	      0.56401579	      0.85930619	      0.87284269	      0.56657224	      0.71839080	      0.93457944	      0.58719906
      0.41500000	      0.51229508	      0.82274019	      0.56401579	      0.97214856	      0.80875595	      0.56657224	      0.71839080	      0.93457944	      0.58719906
      0.41600000	      0.51229508	      0.94524974	      0.56401579	      0.90225568	      0.88173763	      0.56657224	      0.71839080	      0.93457944	      0.58719906
      0.41700000	      0.51229508	      0.92405702	      0.56401579	      0.95011309	      0.81941936	      0.56657224	      0.71839080	      0.93457944	      0.58719906
      0.41800000	      0.51229508	      0.87057626	      0.56401579	      1.04878717	      0.73166904	      0.56657224	      0.71839080	      0.93457944	      0.58719906
      0.41900000	      0.51229508	      0.91500224	      0.56401579	      0.86837456	      0.87917381	      0.56657224	      0.71839080	      0.93457944	      0.58719906
      0.42000000	      0.51229508	      0.94112108	      0.56401579	      0.96761154	      0.78451649	      0.56657224	      0.71839080	      0.93457944	      0.58719906
      0.42100000	      0.51229508	      0.90519896	      0.56401579	      1.05058994	      0.74618440	      0.56657224	      0.71839080	      0.93457944	      0.58719906
      0.42200000	      0.51229508	      0.87805198	      0.56401579	      0.92172634	      0.83692133	      0.56657224	      0.71839080	      0.93457944	      0.58719906
      0.42300000	      0.51229508	      0.95742657	      0.56401579	      0.97466727	      0.76902756	      0.56657224	      0.71839080	      0.93457944	      0.58719906
      0.42400000	      0.51229508	      0.88786393	      0.56401579	      0.89844750	      0.88219398	      0.56657224	      0.71839080	      0.93457944	      0.58719906
      0.42500000	      0.51229508	      0.84685197	      0.56401579	      0.87912257	      0.84227550	      0.56657224	      0.71839080	      0.93457944	      0.58719906
      0.42600000	      0.51229508	      0.87555452	      0.56401579	      0.90324221	      0.82658576	      0.56657224	      0.71839080	      0.93457944	      0.58719906
      0.42700000	      0.51229508	      0.82510185	      0.56401579	      0.89645580	      0.85301664	      0.56657224	      0.71839080	      0.93457944	      0.58719906
      0.42800000	      0.51229508	      0.85935276	      0.56401579	      1.04407856	      0.71516731	      0.56657224	      0.71839080	      0.93457944	      0.58719906
      0.42900000	      0.51229508	      0.90036233	      0.56401579	      0.90464429	      0.86380428	      0.56657224	      0.71839080	      0.93457944	      0.58719906
      0.43000000	      0.51229508	      0.93787839	      0.56401579	      1.05541421	      0.75525295	      0.56657224	      0.71839080	      0.93457944	      0.58719906
      0.43100000	      0.51229508	      0.93355717	      0.56401579	      0.94601018	      0.82717859	      0.56657224	      0.71839080	      0.93457944	      0.58719906
      0.43200000	      0.51229508	      0.92603802	      0.56401579	      0.88870723	      0.85245396	      0.56657224	      0.71839080	      0.93457944	      0.58719906
      0.43300000	      0.51229508	      0.88849867	      0.56401579	      0.96861241	      0.80989068	      0.56657224	      0.71839080	      0.93457944	      0.58719906
      0.43400000	      0.51229508	      0.88231861	      0.56401579	      1.00209689	      0.79300268	      0.56657224	      0.71839080	      0.93457944	      0.58719906
      0.43500000	      0.51229508	      0.86716670	      0.56401579	      1.03183170	      0.74917436	      0.56657224	      0.71839080	      0.93457944	      0.58719906
      0.43600000	      0.51229508	      0.91563194	      0.56401579	      0.98607055	      0.79763274	      0.56657224	      0.71839080	      0.93457944	      0.58719906
      0.43700000	      0.51229508	      0.84720093	      0.56401579	      0.99812571	      0.79370688	      0.56657224	      0.71839080	      0.93457944	      0.58719906
      0.43800000	      0.51229508	      0.81149826	      0.56401579	      0.95229041	      0.79099703	      0.56657224	      0.71839080	      0.93457944	      0.58719906
      0.43900000	      0.51229508	      0.83185866	      0.56401579	      0.93582512	      0.85455155	      0.56657224	      0.71839080	      0.93457944	      0.58719906
      0.44000000	      0.51229508	      0.81820144	      0.56401579	      1.00227576	      0.77669969	      0.56657224	      0.71839080	      0.93457944	      0.58719906
      0.44100000	      0.51229508	      0.87844002	      0.56401579	      0.95751252	      0.79652817	      0.56657224	      0.71839080	      0.93457944	      0.58719906
      0.44200000	      0.51229508	      0.84474252	      0.56401579	      0.86855053	      0.85344027	      0.56657224	      0.71839080	      0.93457944	      0.58719906
      0.44300000	      0.51229508	      0.85579550	      0.56401579	      0.88515425	      0.85384134	      0.56657224	      0.71839080	      0.93457944	      0.58719906
      0.44400000	      0.51229508	      0.83523804	      0.56401579	      0.87695036	      0.90224363	      0.56657224	      0.71839080	      0.93457944	      0.58719906
      0.44500000	      0.51229508	      0.92829654	      0.56401579	      0.92877157	      0.83600242	      0.56657224	      0.71839080	      0.93457944	      0.58719906
      0.44600000	      0.51229508	      0.91526894	      0.56401579	      0.98619012	      0.78563432	      0.56657224	      0.71839080	      0.93457944	      0.58719906
      0.44700000	      0.51229508	      0.90773936	      0.56401579	      0.86422961	      0.87555227	      0.56657224	      0.71839080	      0.93457944	      0.58719906
      0.44800000	      0.51229508	      0.94309307	      0.56401579	      1.04719028	      0.74961440	      0.56657224	      0.71839080	      0.93457944	      0.58719906
      0.44900000	      0.51229508	      0.89496639	      0.56401579	      1.04833710	      0.74890952	      0.56657224	      0.71839080	      0.93457944	      0.58719906
      0.45000000	      0.51229508	      0.94799157	      0.56401579	      0.90966994	      0.82834710	      0.56657224	      0.71839080	      0.93457944	      0.58719906
      0.45100000	      0.51229508	      0.83623714	      0.56401579	      0.93364740	      0.84068281	      0.56657224	      0.71839080	      0.93457944	      0.58719906
      0.45200000	      0.51229508	      0.85147002	      0.56401579	      0.88892343	      0.84737000	      0.56657224	      0.71839080	      0.93457944	      0.58719906
      0.45300000	      0.51229508	      0.80409663	      0.56401579	      0.94532196	      0.83848177	      0.56657224	      0.71839080	      0.93457944	      0.58719906
      0.45400000	      0.51229508	      0.87083068	      0.56401579	      0.97392174	      0.80493091	      0.56657224	      0.71839080	      0.93457944	      0.58719906
      0.45500000	      0.51229508	      0.89579975	      0.56401579	      1.00125695	      0.77011541	      0.56657224	      0.71839080	      0.93457944	      0.58719906
      0.45600000	      0.51229508	      0.91822686	      0.56401579	      1.01289495	      0.76039007	      0.56657224	      0.71839080	      0.93457944	      0.58719906
      0.45700000	      0.51229508	      0.92901736	      0.56401579	      0.99742790	      0.77388500	      0.56657224	      0.71839080	      0.93457944	      0.58719906
      0.45800000	      0.51229508	      0.84389330	      0.56401579	      0.89431421	      0.87682273	      0.56657224	      0.71839080	      0.93457944	      0.58719906
      0.45900000	      0.51229508	      0.87896590	      0.56401579	      1.03255015	      0.75483089	      0.56657224	      0.71839080	      0.93457944	      0.58719906
      0.46000000	      0.51229508	      0.85740735	      0.56401579	      1.02061644	      0.72733506	      0.56657224	      0.71839080	      0.93457944	      0.58719906
      0.46100000	      0.51229508	      0.81091834	      0.56401579	      0.88132448	      0.84176670	      0.56657224	      0.71839080	      0.93457944	      0.58719906
      0.46200000	      0.51229508	      0.81299240	      0.56401579	      0.98855895	      0.78399605	      0.56657224	      0.71839080	      0.93457944	      0.58719906
      0.46300000	      0.51229508	      0.90977868	      0.56401579	      0.97267757	      0.81129469	      0.56657224	      0.71839080	      0.93457944	      0.58719906
      0.46400000	      0.51229508	      0.93692275	      0.56401579	      0.91618491	      0.87032761	      0.56657224	      0.71839080	      0.93457944	      0.58719906
      0.46500000	      0.51229508	      0.90217657	      0.56401579	      0.91383931	      0.86358114	      0.56657224	      0.71839080	      0.93457944	      0.58719906
      0.46600000	      0.51229508	      0.86202524	      0.56401579	      0.91786018	      0.83554238	      0.56657224	      0.71839080	      0.93457944	      0.58719906
      0.46700000	      0.51229508	      0.92601796	      0.56401579	      0.92262303	      0.83517385	      0.56657224	      0.71839080	      0.93457944	      0.58719906
      0.46800000	      0.51229508	      0.92244134	      0.56401579	      0.83218010	      0.90107557	      0.56657224	      0.71839080	      0.93457944	      0.58719906
      0.46900000	      0.51229508	      0.81940095	      0.56401579	      0.96522864	      0.79796431	      0.56657224	      0.71839080	      0.93457944	      0.58719906
      0.47000000	      0.51229508	      0.82587231	      0.56401579	      1.00927183	      0.73912322	      0.56657224	      0.71839080	      0.93457944	      0.58719906
      0.47100000	      0.51229508	      0.84123919	      0.56401579	      0.90168387	      0.81496571	      0.56657224	      0.71839080	      0.93457944	      0.58719906
      0.47200000	      0.51229508	      0.88794243	      0.56401579	      0.95919432	      0.83282834	      0.56657224	      0.71839080	      0.93457944	      0.58719906
      0.47300000	      0.51229508	      0.90173247	      0.56401579	      1.00606439	      0.78968423	      0.56657224	      0.71839080	      0.93457944	      0.58719906
      0.47400000	      0.51229508	      0.94170257	      0.56401579	      0.87408171	      0.89570386	      0.56657224	      0.71839080	      0.93457944	      0.58719906
      0.47500000	      0.51229508	      0.88493811	      0.56401579	      0.97588076	      0.81334452	      0.56657224	      0.71839080	      0.93457944	      0.58719906
      0.47600000	      0.51229508	      0.88707905	      0.56401579	      0.98551940	      0.80882555	      0.56657224	      0.71839080	      0.93457944	      0.58719906
      0.47700000	      0.51229508	      0.90644462	      0.56401579	      0.99579218	      0.76232232	      0.56657224	      0.71839080	      0.93457944	      0.58719906
      0.47800000	      0.51229508	      0.86903470	      0.56401579	      1.03457846	      0.76969862	      0.56657224	      0.71839080	      0.93457944	      0.58719906
      0.47900000	      0.51229508	      0.85015200	      0.56401579	      0.96009526	      0.78025363	      0.56657224	      0.71839080	      0.93457944	      0.58719906
      0.48000000	      0.51229508	      0.93089451	      0.56401579	      0.89036931	      0.87465895	      0.56657224	      0.71839080	      0.93457944	      0.58719906
      0.48100000	      0.51229508	      0.90426502	      0.56401579	      0.91842335	      0.83370200	      0.56657224	      0.71839080	      0.93457944	      0.58719906
      0.48200000	      0.51229508	      0.79180410	      0.56401579	      0.94945125	      0.79043106	      0.56657224	      0.71839080	      0.93457944	      0.58719906
      0.48300000	      0.51229508	      0.87413573	      0.56401579	      0.92292737	      0.86151213	      0.56657224	      0.71839080	      0.93457944	      0.58719906
      0.48400000	      0.51229508	      0.81951505	      0.56401579	      0.98708465	      0.77978451	      0.56657224	      0.71839080	      0.93457944	      0.58719906
      0.48500000	      0.51229508	      0.92326410	      0.56401579	      0.87859227	      0.89248134	      0.56657224	      0.71839080	      0.93457944	      0.58719906
      0.48600000	      0.51229508	      0.84115835	      0.56401579	      1.00245807	      0.78413683	      0.56657224	      0.71839080	      0.93457944	      0.58719906
      0.48700000	      0.51229508	      0.80327991	      0.56401579	      0.83062131	      0.88184844	      0.56657224	      0.71839080	      0.93457944	      0.58719906
      0.48800000	      0.51229508	      0.85495893	      0.56401579	      1.02663878	      0.72019704	      0.56657224	      0.71839080	      0.93457944	      0.58719906
      0.48900000	      0.51229508	      0.91458093	      0.56401579	      0.95047247	      0.83618748	      0.56657224	      0.71839080	      0.93457944	      0.58719906
      0.49000000	      0.51229508	      0.84042924	      0.56401579	      0.98170908	      0.78114002	      0.56657224	      0.71839080	      0.93457944	      0.58719906
      0.49100000	      0.51229508	      0.89001255	      0.56401579	      0.87633793	      0.87533532	      0.56657224	      0.71839080	      0.93457944	      0.58719906
      0.49200000	      0.51229508	      0.86433668	      0.56401579	      1.04021848	      0.73932083	      0.56657224	      0.71839080	      0.93457944	      0.58719906
      0.49300000	      0.51229508	      0.82913362	      0.56401579	      0.99897788	      0.75576450	      0.56657224	      0.71839080	      0.93457944	      0.58719906
      0.49400000	      0.51229508	      0.91961073	      0.56401579	      0.95120782	      0.84363726	      0.56657224	      0.71839080	      0.93457944	      0.58719906
      0.49500000	      0.51229508	      0.82442641	      0.56401579	      0.88826262	      0.87146738	      0.56657224	      0.71839080	      0.93457944	      0.58719906
      0.49600000	      0.51229508	      0.89699355	      0.56401579	      0.95476031	      0.81398432	      0.56657224	      0.71839080	      0.93457944	      0.58719906
      0.49700000	      0.51229508	      0.80955397	      0.56401579	      0.85334413	      0.86744883	      0.56657224	      0.71839080	      0.93457944	      0.58719906
      0.49800000	      0.51229508	      0.93465765	      0.56401579	      0.87880576	      0.85886500	      0.56657224	      0.71839080	      0.93457944	      0.58719906
      0.49900000	      0.51229508	      0.88107527	      0.56401579	      0.92278283	      0.86102156	      0.56657224	      0.71839080	      0.93457944	      0.58719906
      0.50000000	      0.51229508	      0.81521708	      0.56401579	      0.93156944	      0.81984371	      0.56657224	      0.71839080	      0.93457944	      0.58719906
      0.50100000	      0.51229508	      0.82225078	      0.56401579	      0.99623262	      0.75510209	      0.56657224	      0.71839080	      0.93457944	      0.58719906
      0.50200000	      0.51229508	      0.79077218	      0.56401579	      0.98545889	      0.79107064	      0.56657224	      0.71839080	      0.93457944	      0.58719906
      0.50300000	      0.51229508	      0.84389258	      0.56401579	      0.85464012	      0.88860609	      0.56657224	      0.71839080	      0.93457944	      0.58719906
      0.50400000	      0.51229508	      0.83453607	      0.56401579	      0.99501904	      0.75555096	      0.56657224	      0.71839080	      0.93457944	      0.58719906
      0.50500000	      0.51229508	      0.82750176	      0.56401579	      0.91954025	      0.82667655	      0.56657224	      0.71839080	      0.93457944	      0.58719906
      0.50600000	      0.51229508	      0.85938110	      0.56401579	      0.93337674	      0.85087882	      0.56657224	      0.71839080	      0.93457944	      0.58719906
      0.50700000	      0.51229508	      0.87053821	      0.56401579	      1.01897819	      0.77337218	      0.56657224	      0.71839080	      0.93457944	      0.58719906
      0.50800000	      0.51229508	      0.80668733	      0.56401579	      0.86227197	      0.89710829	      0.56657224	      0.71839080	      0.93457944	      0.58719906
      0.50900000	      0.51229508	      0.79449071	      0.56401579	      1.02979015	      0.76557222	      0.56657224	      0.71839080	      0.93457944	      0.58719906
      0.51000000	      0.51229508	      0.90224923	      0.56401579	      0.87419376	      0.88887911	      0.56657224	      0.71839080	      0.93457944	      0.58719906
      0.51100000	      0.51229508	      0.87626906	      0.56401579	      0.96261111	      0.76859718	      0.56657224	      0.71839080	      0.93457944	      0.58719906
      0.51200000	      0.51229508	      0.78319406	      0.56401579	      1.00328702	      0.77346239	      0.56657224	      0.71839080	      0.93457944	      0.58719906
      0.51300000	      0.51229508	      0.92528383	      0.56401579	      0.87373974	      0.87962865	      0.56657224	      0.71839080	      0.93457944	      0.58719906
      0.51400000	      0.51229508	      0.81699888	      0.56401579	      0.93052970	      0.84979060	      0.56657224	      0.71839080	      0.93457944	      0.58719906
      0.51500000	      0.51229508	      0.88665336	      0.56401579	      0.92195365	      0.80726451	      0.56657224	      0.71839080	      0.93457944	      0.58719906
      0.51600000	      0.51229508	      0.91106289	      0.56401579	      0.91144900	      0.83886965	      0.56657224	      0.71839080	      0.93457944	      0.58719906
      0.51700000	      0.51229508	      0.88486716	      0.56401579	      0.85944205	      0.86645000	      0.56657224	      0.71839080	      0.93457944	      0.58719906
      0.51800000	      0.51229508	      0.91794179	      0.56401579	      0.97547682	      0.77792999	      0.56657224	      0.71839080	      0.93457944	      0.58719906
      0.51900000	      0.51229508	      0.84574815	      0.56401579	      0.95514734	      0.83550895	      0.56657224	      0.71839080	      0.93457944	      0.58719906
      0.52000000	      0.51229508	      0.80946827	      0.56401579	      0.89011606	      0.89135390	      0.56657224	      0.71839080	      0.93457944	      0.58719906
      0.52100000	      0.51229508	      0.90754005	      0.56401579	      0.99075843	      0.77579010	      0.56657224	      0.71839080	      0.93457944	      0.58719906
      0.52200000	      0.51229508	      0.92021045	      0.56401579	      0.97926840	      0.81414632	      0.56657224	      0.71839080	      0.93457944	      0.58719906
      0.52300000	      0.51229508	      0.85232762	      0.56401579	      0.97243259	      0.79394450	      0.56657224	      0.71839080	      0.93457944	      0.58719906
      0.52400000	      0.51229508	      0.86417363	      0.56401579	      0.89676479	      0.87239061	      0.56657224	      0.71839080	      0.93457944	      0.58719906
      0.52500000	      0.51229508	      0.89726123	      0.56401579	      0.92760228	      0.81304191	      0.56657224	      0.71839080	      0.93457944	      0.58719906
      0.52600000	      0.51229508	      0.79205482	      0.56401579	      0.95672927	      0.80580902	      0.56657224	      0.71839080	      0.93457944	      0.58719906
      0.52700000	      0.51229508	      0.77529005	      0.56401579	      0.88102870	      0.89081497	      0.56657224	      0.71839080	      0.93457944	      0.58719906
      0.52800000	      0.51229508	      0.89682493	      0.56401579	      0.94431165	      0.84333886	      0.56657224	      0.71839080	      0.93457944	      0.58719906
      0.52900000	      0.51229508	      0.90457597	      0.56401579	      0.98398480	      0.81567661	      0.56657224	      0.71839080	      0.93457944	      0.58719906
      0.53000000	      0.51229508	      0.92259680	      0.56401579	      0.82929706	      0.92306653	      0.56657224	      0.71839080	      0.93457944	      0.58719906
      0.53100000	      0.51229508	      0.81446519	      0.56401579	      0.99666719	      0.76562489	      0.56657224	      0.71839080	      0.93457944	      0.58719906
      0.53200000	      0.51229508	      0.88573245	      0.56401579	      0.98733919	      0.78430876	      0.56657224	      0.71839080	      0.93457944	      0.58719906
      0.53300000	      0.51229508	      0.82152122	      0.56401579	      0.88341991	      0.87884076	      0.56657224	      0.71839080	      0.93457944	      0.58719906
      0.53400000	      0.51229508	      0.82926673	      0.56401579	      0.92960227	      0.81123432	      0.56657224	      0.71839080	      0.93457944	      0.58719906
      0.53500000	      0.51229508	      0.89469210	      0.56401579	      0.89886274	      0.88488450	      0.56657224	      0.71839080	      0.93457944	      0.58719906
      0.53600000	      0.51229508	      0.84775720	      0.56401579	      1.02287471	      0.76434467	      0.56657224	      0.71839080	      0.93457944	      0.58719906
      0.53700000	      0.51229508	      0.84029636	      0.56401579	      0.92572323	      0.85819792	      0.56657224	      0.71839080	      0.93457944	      0.58719906
      0.53800000	      0.51229508	      0.88065367	      0.56401579	      0.82189104	      0.93731073	      0.56657224	      0.71839080	      0.93457944	      0.58719906
      0.53900000	      0.51229508	      0.81039942	      0.56401579	      1.04387147	      0.73441014	      0.56657224	      0.71839080	      0.93457944	      0.58719906
      0.54000000	      0.51229508	      0.86558698	      0.56401579	      0.85328688	      0.87630904	      0.56657224	      0.71839080	      0.93457944	      0.58719906
      0.54100000	      0.51229508	      0.78347475	      0.56401579	      0.89845253	      0.83133032	      0.56657224	      0.71839080	      0.93457944	      0.58719906
      0.54200000	      0.51229508	      0.87217638	      0.56401579	      0.96821662	      0.77907940	      0.56657224	      0.71839080	      0.93457944	      0.58719906
      0.54300000	      0.51229508	      0.79528176	      0.56401579	      0.89752486	      0.84591401	      0.56657224	      0.71839080	      0.93457944	      0.58719906
      0.54400000	      0.51229508	      0.79973095	      0.56401579	      0.91765364	      0.84191644	      0.56657224	      0.71839080	      0.93457944	      0.58719906
      0.54500000	      0.51229508	      0.85258952	      0.56401579	      0.98368927	      0.77326703	      0.56657224	      0.71839080	      0.93457944	      0.58719906
      0.54600000	      0.51229508	      0.91450095	      0.56401579	      0.93466356	      0.80002190	      0.56657224	      0.71839080	      0.93457944	      0.58719906
      0.54700000	      0.51229508	      0.90816845	      0.56401579	      1.00373571	      0.76634527	      0.56657224	      0.71839080	      0.93457944	      0.58719906
      0.54800000	      0.51229508	      0.87641651	      0.56401579	      0.95328485	      0.78945764	      0.56657224	      0.71839080	      0.93457944	      0.58719906
      0.54900000	      0.51229508	      0.83338114	      0.56401579	      0.98547573	      0.79190413	      0.56657224	      0.71839080	      0.93457944	      0.58719906
      0.55000000	      0.51229508	      0.85611499	      0.56401579	      0.86765145	      0.84213348	      0.56657224	      0.71839080	      0.93457944	      0.58719906
      0.55100000	      0.51229508	      0.88393307	      0.56401579	      0.94112347	      0.84649983	      0.56657224	      0.71839080	      0.93457944	      0.58719906
      0.55200000	      0.51229508	      0.84367945	      0.56401579	      0.82810758	      0.91023675	      0.56657224	      0.71839080	      0.93457944	      0.58719906
      0.55300000	      0.51229508	      0.89502068	      0.56401579	      0.96010353	      0.83758410	      0.56657224	      0.71839080	      0.93457944	      0.58719906
      0.55400000	      0.51229508	      0.88134989	      0.56401579	      0.94873924	      0.82338864	      0.56657224	      0.71839080	      0.93457944	      0.58719906
      0.55500000	      0.51229508	      0.85112248	      0.56401579	      0.98299608	      0.76033879	      0.56657224	      0.71839080	      0.93457944	      0.58719906
      0.55600000	      0.51229508	      0.78870607	      0.56401579	      1.00579493	      0.78088894	      0.56657224	      0.71839080	      0.93457944	      0.58719906
      0.55700000	      0.51229508	      0.81701840	      0.56401579	      0.99977926	      0.75456109	      0.56657224	      0.71839080	      0.93457944	      0.58719906
      0.55800000	      0.51229508	      0.89174154	      0.56401579	      0.85162212	      0.90089132	      0.56657224	      0.71839080	      0.93457944	      0.58719906
      0.55900000	      0.51229508	      0.85504054	      0.56401579	      0.84726598	      0.86920007	      0.56657224	      0.71839080	      0.93457944	      0.58719906
      0.56000000	      0.51229508	      0.90528272	      0.56401579	      0.85775639	      0.85891228	      0.56657224	      0.71839080	      0.93457944	      0.58719906
      0.56100000	      0.51229508	      0.79992612	      0.56401579	      0.87144507	      0.86349517	      0.56657224	      0.71839080	      0.93457944	      0.58719906
      0.56200000	      0.51229508	      0.79450497	      0.56401579	      1.02379171	      0.75407935	      0.56657224	      0.71839080	      0.93457944	      0.58719906
      0.56300000	      0.51229508	      0.77810009	      0.56401579	      0.98433242	      0.80682731	      0.56657224	      0.71839080	      0.93457944	      0.58719906
      0.56400000	      0.51229508	      0.87417013	      0.56401579	      0.90343477	      0.82167641	      0.56657224	      0.71839080	      0.93457944	      0.58719906
      0.56500000	      0.51229508	      0.86772594	      0.56401579	      0.98894907	      0.77802644	      0.56657224	      0.71839080	      0.93457944	      0.58719906
      0.56600000	      0.51229508	      0.86308054	      0.56401579	      0.87997918	      0.88972761	      0.56657224	      0.71839080	      0.93457944	      0.58719906
      0.56700000	      0.51229508	      0.83059375	      0.56401579	      0.91402227	      0.83904612	      0.56657224	      0.71839080	      0.93457944	      0.58719906
      0.56800000	      0.51229508	      0.83955904	      0.56401579	      0.89574469	      0.85031969	      0.56657224	      0.71839080	      0.93457944	      0.58719906
      0.56900000	      0.51229508	      0.76865918	      0.56401579	      0.96251426	      0.80560834	      0.56657224	      0.71839080	      0.93457944	      0.58719906
      0.57000000	      0.51229508	      0.81548731	      0.56401579	      0.98593429	      0.73960314	      0.56657224	      0.71839080	      0.93457944	      0.58719906
      0.57100000	      0.51229508	      0.80389280	      0.56401579	      0.90504080	      0.86755613	      0.56657224	      0.71839080	      0.93457944	      0.58719906
      0.57200000	      0.51229508	      0.82663572	      0.56401579	      0.94160044	      0.79930326	      0.56657224	      0.71839080	      0.93457944	      0.58719906
      0.57300000	      0.51229508	      0.77148193	      0.56401579	      0.89760887	      0.87175317	      0.56657224	      0.71839080	      0.93457944	      0.58719906
      0.57400000	      0.51229508	      0.90969915	      0.56401579	      0.97085808	      0.81685025	      0.56657224	      0.71839080	      0.93457944	      0.58719906
      0.57500000	      0.51229508	      0.91161197	      0.56401579	      0.95098361	      0.82224229	      0.56657224	      0.71839080	      0.93457944	      0.58719906
      0.57600000	      0.51229508	      0.79984123	      0.56401579	      0.90853841	      0.83716404	      0.56657224	      0.71839080	      0.93457944	      0.58719906
      0.57700000	      0.51229508	      0.88035384	      0.56401579	      1.00437634	      0.76307642	      0.56657224	      0.71839080	      0.93457944	      0.58719906
      0.57800000	      0.51229508	      0.83369832	      0.56401579	      0.80373630	      0.91135890	      0.56657224	      0.71839080	      0.93457944	      0.58719906
      0.57900000	      0.51229508	      0.85547294	      0.56401579	      0.92020118	      0.83558960	      0.56657224	      0.71839080	      0.93457944	      0.58719906
      0.58000000	      0.51229508	      0.83092686	      0.56401579	      0.99291470	      0.78830207	      0.56657224	      0.71839080	      0.93457944	      0.58719906
      0.58100000	      0.51229508	      0.77614463	      0.56401579	      1.00885829	      0.74231672	      0.56657224	      0.71839080	      0.93457944	      0.58719906
      0.58200000	      0.51229508	      0.87164623	      0.56401579	      0.93591708	      0.79620364	      0.56657224	      0.71839080	      0.93457944	      0.58719906
      0.58300000	      0.51229508	      0.82598404	      0.56401579	      0.81036975	      0.91478622	      0.56657224	      0.71839080	      0.93457944	      0.58719906
      0.58400000	      0.51229508	      0.76381175	      0.56401579	      1.02097278	      0.76224341	      0.56657224	      0.71839080	      0.93457944	      0.58719906
      0.58500000	      0.51229508	      0.90632743	      0.56401579	      1.04460485	      0.75055725	      0.56657224	      0.71839080	      0.93457944	      0.58719906
      0.58600000	      0.51229508	      0.85082546	      0.56401579	      0.96683402	      0.79427002	      0.56657224	      0.71839080	      0.93457944	      0.58719906
      0.58700000	      0.51229508	      0.86831379	      0.56401579	      0.90817103	      0.81208573	      0.56657224	      0.71839080	      0.93457944	      0.58719906
      0.58800000	      0.51229508	      0.86087436	      0.56401579	      0.87761356	      0.84739567	      0.56657224	      0.71839080	      0.93457944	      0.58719906
      0.58900000	      0.51229508	      0.88439068	      0.56401579	      0.88913756	      0.88257482	      0.56657224	      0.71839080	      0.93457944	      0.58719906
      0.59000000	      0.51229508	      0.90225374	      0.56401579	      0.91374485	      0.88427331	      0.56657224	      0.71839080	      0.93457944	      0.58719906
      0.59100000	      0.51229508	      0.88730136	      0.56401579	      0.87799823	      0.83944815	      0.56657224	      0.71839080	      0.93457944	      0.58719906
      0.59200000	      0.51229508	      0.81741120	      0.56401579	      0.91603347	      0.87502648	      0.56657224	      0.71839080	      0.93457944	      0.58719906
      0.59300000	      0.51229508	      0.79365361	      0.56401579	      0.96425325	      0.79026921	      0.56657224	      0.71839080	      0.93457944	      0.58719906
      0.59400000	      0.51229508	      0.80361052	      0.56401579	      0.91059528	      0.87085091	      0.56657224	      0.71839080	      0.93457944	      0.58719906
      0.59500000	      0.51229508	      0.89677403	      0.56401579	      0.93146111	      0.84448972	      0.56657224	      0.71839080	      0.93457944	      0.58719906
      0.59600000	      0.51229508	      0.81414921	      0.56401579	      0.98161960	      0.80569618	      0.56657224	      0.71839080	      0.93457944	      0.58719906
      0.59700000	      0.51229508	      0.84146365	      0.56401579	      0.91809566	      0.81372696	      0.56657224	      0.71839080	      0.93457944	      0.58719906
      0.59800000	      0.51229508	      0.77443238	      0.56401579	      0.88882004	      0.86631265	      0.56657224	      0.71839080	      0.93457944	      0.58719906
      0.59900000	      0.51229508	      0.75930217	      0.56401579	      0.82970578	      0.90882261	      0.56657224	      0.71839080	      0.93457944	      0.58719906
      0.60000000	      0.51229508	      0.78614691	      0.56401579	      0.96828602	      0.80505458	      0.56657224	      0.71839080	      0.93457944	      0.58719906
      0.60100000	      0.51229508	      0.77514078	      0.56401579	      0.85356689	      0.87518041	      0.56657224	      0.71839080	      0.93457944	      0.58719906
      0.60200000	      0.51229508	      0.78226386	      0.56401579	      1.04047451	      0.75840907	      0.56657224	      0.71839080	      0.93457944	      0.58719906
      0.60300000	      0.51229508	      0.76964896	      0.56401579	      0.95545415	      0.83444307	      0.56657224	      0.71839080	      0.93457944	      0.58719906
      0.60400000	      0.51229508	      0.89613938	      0.56401579	      0.94324211	      0.82771785	      0.56657224	      0.71839080	      0.93457944	      0.58719906
      0.60500000	      0.51229508	      0.87114591	      0.56401579	      0.88052911	      0.83283319	      0.56657224	      0.71839080	      0.93457944	      0.58719906
      0.60600000	      0.51229508	      0.88167423	      0.56401579	      0.82670901	      0.91896470	      0.56657224	      0.71839080	      0.93457944	      0.58719906
      0.60700000	      0.51229508	      0.86355827	      0.56401579	      0.90558018	      0.83916796	      0.56657224	      0.71839080	      0.93457944	      0.58719906
      0.60800000	      0.51229508	      0.88955298	      0.56401579	      0.97184923	      0.81992029	      0.56657224	      0.71839080	      0.93457944	      0.58719906
      0.60900000	      0.51229508	      0.85717749	      0.56401579	      0.96116781	      0.79137682	      0.56657224	      0.71839080	      0.93457944	      0.58719906
      0.61000000	      0.51229508	      0.80002995	      0.56401579	      0.98907888	      0.77857863	      0.56657224	      0.71839080	      0.93457944	      0.58719906
      0.61100000	      0.51229508	      0.90049642	      0.56401579	      0.94206339	      0.82320191	      0.56657224	      0.71839080	      0.93457944	      0.58719906
      0.61200000	      0.51229508	      0.82147737	      0.56401579	      0.89933212	      0.84998306	      0.56657224	      0.71839080	      0.93457944	      0.58719906
      0.61300000	      0.51229508	      0.84041941	      0.56401579	      0.91262272	      0.83203713	      0.56657224	      0.71839080	      0.93457944	      0.58719906
      0.61400000	      0.51229508	      0.83279701	      0.56401579	      0.96935730	      0.79950023	      0.56657224	      0.71839080	      0.93457944	      0.58719906
      0.61500000	      0.51229508	      0.81079078	      0.56401579	      0.96437253	      0.83803134	      0.56657224	      0.71839080	      0.93457944	      0.58719906
      0.61600000	      0.51229508	      0.75510059	      0.56401579	      0.90841027	      0.86501207	      0.56657224	      0.71839080	      0.93457944	      0.58719906
      0.61700000	      0.51229508	      0.84696663	      0.56401579	      1.05961857	      0.74208285	      0.56657224	      0.71839080	      0.93457944	      0.58719906
      0.61800000	      0.51229508	      0.87708080	      0.56401579	      0.96920455	      0.78379029	      0.56657224	      0.71839080	      0.93457944	      0.58719906
      0.61900000	      0.51229508	      0.76720876	      0.56401579	      1.02527859	      0.75259078	      0.56657224	      0.71839080	      0.93457944	      0.58719906
      0.62000000	      0.51229508	      0.83073665	      0.56401579	      0.84245773	      0.89634362	      0.56657224	      0.71839080	      0.93457944	      0.58719906
      0.62100000	      0.51229508	      0.81973472	      0.56401579	      0.85835859	      0.86079798	      0.56657224	      0.71839080	      0.93457944	      0.58719906
      0.62200000	      0.51229508	      0.80277392	      0.56401579	      0.88985992	      0.87645559	      0.56657224	      0.71839080	      0.93457944	      0.58719906
      0.62300000	      0.51229508	      0.75730611	      0.56401579	      0.98064795	      0.79222464	      0.56657224	      0.71839080	      0.93457944	      0.58719906
      0.62400000	      0.51229508	      0.78771647	      0.56401579	      0.83085754	      0.88089682	      0.56657224	      0.71839080	      0.93457944	      0.58719906
      0.62500000	      0.51229508	      0.85141468	      0.56401579	      0.86918024	      0.84554593	      0.56657224	      0.71839080	      0.93457944	      0.58719906
      0.62600000	      0.51229508	      0.87250745	      0.56401579	      0.84949981	      0.89050784	      0.56657224	      0.71839080	      0.93457944	      0.58719906
      0.62700000	      0.51229508	      0.84769419	      0.56401579	      0.99600688	      0.80101757	      0.56657224	      0.71839080	      0.93457944	      0.58719906
      0.62800000	      0.51229508	      0.82493511	      0.56401579	      0.96257541	      0.76796663	      0.56657224	      0.71839080	      0.93457944	      0.58719906
      0.62900000	      0.51229508	      0.76475475	      0.56401579	      0.89151450	      0.83735588	      0.56657224	      0.71839080	      0.93457944	      0.58719906
      0.63000000	      0.51229508	      0.88481445	      0.56401579	      0.96279359	      0.78541396	      0.56657224	      0.71839080	      0.93457944	      0.58719906
      0.63100000	      0.51229508	      0.80625569	      0.56401579	      0.98642581	      0.81120637	      0.56657224	      0.71839080	      0.93457944	      0.58719906
      0.63200000	      0.51229508	      0.74595901	      0.56401579	      0.91223592	      0.82350469	      0.56657224	      0.71839080	      0.93457944	      0.58719906
      0.63300000	      0.51229508	      0.84225682	      0.56401579	      1.01380248	      0.78282364	      0.56657224	      0.71839080	      0.93457944	      0.58719906
      0.63400000	      0.51229508	      0.89088698	      0.56401579	      0.82837752	      0.90654657	      0.56657224	      0.71839080	      0.93457944	      0.58719906
      0.63500000	      0.51229508	      0.77370834	      0.56401579	      0.99188580	      0.77440807	      0.56657224	      0.71839080	      0.93457944	      0.58719906
      0.63600000	      0.51229508	      0.79590502	      0.56401579	      0.89030267	      0.83414068	      0.56657224	      0.71839080	      0.93457944	      0.58719906
      0.63700000	      0.51229508	      0.81495320	      0.56401579	      1.05321496	      0.75531274	      0.56657224	      0.71839080	      0.93457944	      0.58719906
      0.63800000	      0.51229508	      0.86757063	      0.56401579	      0.84256132	      0.91767862	      0.56657224	      0.71839080	      0.93457944	      0.58719906
      0.63900000	      0.51229508	      0.82696771	      0.56401579	      0.92501556	      0.80619761	      0.56657224	      0.71839080	      0.93457944	      0.58719906
      0.64000000	      0.51229508	      0.85928152	      0.56401579	      0.98364552	      0.79314038	      0.56657224	      0.71839080	      0.93457944	      0.58719906
      0.64100000	      0.51229508	      0.79053212	      0.56401579	      0.92325165	      0.82931799	      0.56657224	      0.71839080	      0.93457944	      0.58719906
      0.64200000	      0.51229508	      0.85348351	      0.56401579	      0.96339796	      0.78334499	      0.56657224	      0.71839080	      0.93457944	      0.58719906
      0.64300000	      0.51229508	      0.87412277	      0.56401579	      0.86255981	      0.89161145	      0.56657224	      0.71839080	      0.93457944	      0.58719906
      0.64400000	      0.51229508	      0.89452259	      0.56401579	      0.88984465	      0.86462823	      0.56657224	      0.71839080	      0.93457944	      0.58719906
      0.64500000	      0.51229508	      0.75763694	      0.56401579	      0.93608619	      0.80017632	      0.56657224	      0.71839080	      0.93457944	      0.58719906
      0.64600000	      0.51229508	      0.80307557	      0.56401579	      0.85418091	      0.88019355	      0.56657224	      0.71839080	      0.93457944	      0.58719906
      0.64700000	      0.51229508	      0.83274973	      0.56401579	      0.87723456	      0.89281411	      0.56657224	      0.71839080	      0.93457944	      0.58719906
      0.64800000	      0.51229508	      0.76871080	      0.56401579	      0.86096187	      0.89203453	      0.56657224	      0.71839080	      0.93457944	      0.58719906
      0.64900000	      0.51229508	      0.74991327	      0.56401579	      0.87248828	      0.88836682	      0.56657224	      0.71839080	      0.93457944	      0.58719906
      0.65000000	      0.51229508	      0.78237395	      0.56401579	      0.96254666	      0.81812192	      0.56657224	      0.71839080	      0.93457944	      0.58719906
      0.65100000	      0.51229508	      0.82653247	      0.56401579	      0.81312539	      0.93046113	      0.56657224	      0.71839080	      0.93457944	      0.58719906
      0.65200000	      0.51229508	      0.74051960	      0.56401579	      0.88044348	      0.89952906	      0.56657224	      0.71839080	      0.93457944	      0.58719906
      0.65300000	      0.51229508	      0.85913799	      0.56401579	      0.83069856	      0.87550562	      0.56657224	      0.71839080	      0.93457944	      0.58719906
      0.65400000	      0.51229508	      0.86523907	      0.56401579	      0.83567668	      0.90781129	      0.56657224	      0.71839080	      0.93457944	      0.58719906
      0.65500000	      0.51229508	      0.88949717	      0.56401579	      0.96494453	      0.81190515	      0.56657224	      0.71839080	      0.93457944	      0.58719906
      0.65600000	      0.51229508	      0.83133596	      0.56401579	      0.92738417	      0.81591688	      0.56657224	      0.71839080	      0.93457944	      0.58719906
      0.65700000	      0.51229508	      0.77415830	      0.56401579	      0.92276618	      0.81415624	      0.56657224	      0.71839080	      0.93457944	      0.58719906
      0.65800000	      0.51229508	      0.86771865	      0.56401579	      0.93679227	      0.78092009	      0.56657224	      0.71839080	      0.93457944	      0.58719906
      0.65900000	      0.51229508	      0.75363720	      0.56401579	      0.96954607	      0.78894646	      0.56657224	      0.71839080	      0.93457944	      0.58719906
      0.66000000	      0.51229508	      0.75422485	      0.56401579	      0.88898427	      0.86732461	      0.56657224	      0.71839080	      0.93457944	      0.58719906
      0.66100000	      0.51229508	      0.78034154	      0.56401579	      0.88611945	      0.88442247	      0.56657224	      0.71839080	      0.93457944	      0.58719906
      0.66200000	      0.51229508	      0.87694633	      0.56401579	      0.80257941	      0.93272277	      0.56657224	      0.71839080	      0.93457944	      0.58719906
      0.66300000	      0.51229508	      0.81793359	      0.56401579	      0.97951018	      0.76523100	      0.56657224	      0.71839080	      0.93457944	      0.58719906
      0.66400000	      0.51229508	      0.81079631	      0.56401579	      0.92718607	      0.83181464	      0.56657224	      0.71839080	      0.93457944	      0.58719906
      0.66500000	      0.51229508	      0.79484461	      0.56401579	      1.02080838	      0.77028090	      0.56657224	      0.71839080	      0.93457944	      0.58719906
      0.66600000	      0.51229508	      0.74422928	      0.56401579	      0.91748825	      0.85800216	      0.56657224	      0.71839080	      0.93457944	      0.58719906
      0.66700000	      0.51229508	      0.76052042	      0.56401579	      0.98908409	      0.79202920	      0.56657224	      0.71839080	      0.93457944	      0.58719906
      0.66800000	      0.51229508	      0.84821449	      0.56401579	      1.01759901	      0.75946471	      0.56657224	      0.71839080	      0.93457944	      0.58719906
      0.66900000	      0.51229508	      0.80127720	      0.56401579	      0.92662465	      0.79583352	      0.56657224	      0.71839080	      0.93457944	      0.58719906
      0.67000000	      0.51229508	      0.82387705	      0.56401579	      0.92783535	      0.82532754	      0.56657224	      0.71839080	      0.93457944	      0.58719906
      0.67100000	      0.51229508	      0.85189486	      0.56401579	      0.90680983	      0.84009047	      0.56657224	      0.71839080	      0.93457944	      0.58719906
      0.67200000	      0.51229508	      0.77133551	      0.56401579	      0.92815414	      0.83071864	      0.56657224	      0.71839080	      0.93457944	      0.58719906
      0.67300000	      0.51229508	      0.79001284	      0.56401579	      0.88394883	      0.89497625	      0.56657224	      0.71839080	      0.93457944	      0.58719906
      0.67400000	      0.51229508	      0.87951509	      0.56401579	      1.02832294	      0.77144657	      0.56657224	      0.71839080	      0.93457944	      0.58719906
      0.67500000	      0.51229508	      0.84176642	      0.56401579	      0.89174987	      0.86073967	      0.56657224	      0.71839080	      0.93457944	      0.58719906
      0.67600000	      0.51229508	      0.87214174	      0.56401579	      0.97408491	      0.79753744	      0.56657224	      0.71839080	      0.93457944	      0.58719906
      0.67700000	      0.51229508	      0.81711192	      0.56401579	      0.88738355	      0.89410892	      0.56657224	      0.71839080	      0.93457944	      0.58719906
      0.67800000	      0.51229508	      0.73411438	      0.56401579	      0.91622806	      0.83899216	      0.56657224	      0.71839080	      0.93457944	      0.58719906
      0.67900000	      0.51229508	      0.84446142	      0.56401579	      0.82233398	      0.92047018	      0.56657224	      0.71839080	      0.93457944	      0.58719906
      0.68000000	      0.51229508	      0.83261087	      0.56401579	      0.92650794	      0.81562839	      0.56657224	      0.71839080	      0.93457944	      0.58719906
      0.68100000	      0.51229508	      0.74305872	      0.56401579	      0.99749553	      0.80266882	      0.56657224	      0.71839080	      0.93457944	      0.58719906
      0.68200000	      0.51229508	      0.82488916	      0.56401579	      0.99342669	      0.79966740	      0.56657224	      0.71839080	      0.93457944	      0.58719906
      0.68300000	      0.51229508	      0.82282238	      0.56401579	      0.93363349	      0.80737850	      0.56657224	      0.71839080	      0.93457944	      0.58719906
      0.68400000	      0.51229508	      0.85199245	      0.56401579	      1.00945435	      0.76228410	      0.56657224	      0.71839080	      0.93457944	      0.58719906
      0.68500000	      0.51229508	      0.88047883	      0.56401579	      0.87075143	      0.88797495	      0.56657224	      0.71839080	      0.93457944	      0.58719906
      0.68600000	      0.51229508	      0.86038813	      0.56401579	      1.00805309	      0.76810057	      0.56657224	      0.71839080	      0.93457944	      0.58719906
      0.68700000	      0.51229508	      0.86109058	      0.56401579	      0.89306255	      0.89240436	      0.56657224	      0.71839080	      0.93457944	      0.58719906
      0.68800000	      0.51229508	      0.80939310	      0.56401579	      0.84768476	      0.88043999	      0.56657224	      0.71839080	      0.93457944	      0.58719906
      0.68900000	      0.51229508	      0.76677409	      0.56401579	      0.89268503	      0.82744078	      0.56657224	      0.71839080	      0.93457944	      0.58719906
      0.69000000	      0.51229508	      0.73525985	      0.56401579	      0.93352567	      0.82962099	      0.56657224	      0.71839080	      0.93457944	      0.58719906
      0.69100000	      0.51229508	      0.76306836	      0.56401579	      0.80544407	      0.89198668	      0.56657224	      0.71839080	      0.93457944	      0.58719906
      0.69200000	      0.51229508	      0.77237141	      0.56401579	      0.92827934	      0.80757701	      0.56657224	      0.71839080	      0.93457944	      0.58719906
      0.69300000	      0.51229508	      0.75272606	      0.56401579	      0.94470869	      0.83806191	      0.56657224	      0.71839080	      0.93457944	      0.58719906
      0.69400000	      0.51229508	      0.78367324	      0.56401579	      1.03988575	      0.76561594	      0.56657224	      0.71839080	      0.93457944	      0.58719906
      0.69500000	      0.51229508	      0.78526000	      0.56401579	      0.84585458	      0.88426596	      0.56657224	      0.71839080	      0.93457944	      0.58719906
      0.69600000	      0.51229508	      0.87406209	      0.56401579	      0.94208100	      0.81658424	      0.56657224	      0.71839080	      0.93457944	      0.58719906
      0.69700000	      0.51229508	      0.83661178	      0.56401579	      0.88241367	      0.88579392	      0.56657224	      0.71839080	      0.93457944	      0.58719906
      0.69800000	      0.51229508	      0.80369259	      0.56401579	      0.90193174	      0.84272641	      0.56657224	      0.71839080	      0.93457944	      0.58719906
      0.69900000	      0.51229508	      0.79458364	      0.56401579	      0.93193283	      0.81947545	      0.56657224	      0.71839080	      0.93457944	      0.58719906
      0.70000000	      0.51229508	      0.75927419	      0.56401579	      0.92903338	      0.85078485	      0.56657224	      0.71839080	      0.93457944	      0.58719906
      0.70100000	      0.51229508	      0.83501371	      0.56401579	      0.88825718	      0.85758221	      0.56657224	      0.71839080	      0.93457944	      0.58719906
      0.70200000	      0.51229508	      0.76301439	      0.56401579	      0.89564507	      0.86476136	      0.56657224	      0.71839080	      0.93457944	      0.58719906
      0.70300000	      0.51229508	      0.81885608	      0.56401579	      1.00399343	      0.76589282	      0.56657224	      0.71839080	      0.93457944	      0.58719906
      0.70400000	      0.51229508	      0.78334516	      0.56401579	      0.89327944	      0.82398909	      0.56657224	      0.71839080	      0.93457944	      0.58719906
      0.70500000	      0.51229508	      0.79746522	      0.56401579	      0.89293984	      0.88934126	      0.56657224	      0.71839080	      0.93457944	      0.58719906
      0.70600000	      0.51229508	      0.76549630	      0.56401579	      0.99290155	      0.77710476	      0.56657224	      0.71839080	      0.93457944	      0.58719906
      0.70700000	      0.51229508	      0.86214865	      0.56401579	      0.93998890	      0.81879107	      0.56657224	      0.71839080	      0.93457944	      0.58719906
      0.70800000	      0.51229508	      0.87196964	      0.56401579	      0.88159345	      0.84918758	      0.56657224	      0.71839080	      0.93457944	      0.58719906
      0.70900000	      0.51229508	      0.77696671	      0.56401579	      0.89620564	      0.91308931	      0.56657224	      0.71839080	      0.93457944	      0.58719906
      0.71000000	      0.51229508	      0.80149956	      0.56401579	      0.84204974	      0.86829456	      0.56657224	      0.71839080	      0.93457944	      0.58719906
      0.71100000	      0.51229508	      0.72815865	      0.56401579	      0.81025011	      0.91474219	      0.56657224	      0.71839080	      0.93457944	      0.58719906
      0.71200000	      0.51229508	      0.78630006	      0.56401579	      0.99569355	      0.78253392	      0.56657224	      0.71839080	      0.93457944	      0.58719906
      0.71300000	      0.51229508	      0.85413182	      0.56401579	      0.96677292	      0.79738041	      0.56657224	      0.71839080	      0.93457944	      0.58719906
      0.71400000	      0.51229508	      0.74787482	      0.56401579	      1.02159922	      0.79200182	      0.56657224	      0.71839080	      0.93457944	      0.58719906
      0.71500000	      0.51229508	      0.73748317	      0.56401579	      0.99981833	      0.79098951	      0.56657224	      0.71839080	      0.93457944	      0.58719906
      0.71600000	      0.51229508	      0.74168951	      0.56401579	      0.81176905	      0.94370972	      0.56657224	      0.71839080	      0.93457944	      0.58719906
      0.71700000	      0.51229508	      0.87207084	      0.56401579	      0.89893568	      0.86679211	      0.56657224	      0.71839080	      0.93457944	      0.58719906
      0.71800000	      0.51229508	      0.81483367	      0.56401579	      0.94252577	      0.79383298	      0.56657224	      0.71839080	      0.93457944	      0.58719906
      0.71900000	      0.51229508	      0.73183237	      0.56401579	      0.94836013	      0.80760458	      0.56657224	      0.71839080	      0.93457944	      0.58719906
      0.72000000	      0.51229508	      0.80954860	      0.56401579	      0.95224184	      0.83316056	      0.56657224	      0.71839080	      0.93457944	      0.58719906
      0.72100000	      0.51229508	      0.83831522	      0.56401579	      0.94041338	      0.82815267	      0.56657224	      0.71839080	      0.93457944	      0.58719906
      0.72200000	      0.51229508	      0.75390930	      0.56401579	      0.95590583	      0.84373080	      0.56657224	      0.71839080	      0.93457944	      0.58719906
      0.72300000	      0.51229508	      0.84559456	      0.56401579	      0.82274284	      0.88534484	      0.56657224	      0.71839080	      0.93457944	      0.58719906
      0.72400000	      0.51229508	      0.82570121	      0.56401579	      0.87137874	      0.86302900	      0.56657224	      0.71839080	      0.93457944	      0.58719906
      0.72500000	      0.51229508	      0.85006534	      0.56401579	      0.93972853	      0.81948084	      0.56657224	      0.71839080	      0.93457944	      0.58719906
      0.72600000	      0.51229508	      0.86007666	      0.56401579	      0.90362979	      0.82086108	      0.56657224	      0.71839080	      0.93457944	      0.58719906
      0.72700000	      0.51229508	      0.85006056	      0.56401579	      0.92235487	      0.84204884	      0.56657224	      0.71839080	      0.93457944	      0.58719906
      0.72800000	      0.51229508	      0.72259039	      0.56401579	      0.89046194	      0.90871023	      0.56657224	      0.71839080	      0.93457944	      0.58719906
      0.72900000	      0.51229508	      0.75468092	      0.56401579	      0.87089844	      0.89914893	      0.56657224	      0.71839080	      0.93457944	      0.58719906
      0.73000000	      0.51229508	      0.83033786	      0.56401579	      0.95524234	      0.82516282	      0.56657224	      0.71839080	      0.93457944	      0.58719906
      0.73100000	      0.51229508	      0.78335691	      0.56401579	      0.91292639	      0.84745896	      0.56657224	      0.71839080	      0.93457944	      0.58719906
      0.73200000	      0.51229508	      0.79042701	      0.56401579	      0.89152355	      0.83413667	      0.56657224	      0.71839080	      0.93457944	      0.58719906
      0.73300000	      0.51229508	      0.85828638	      0.56401579	      0.98389500	      0.79907934	      0.56657224	      0.71839080	      0.93457944	      0.58719906
      0.73400000	      0.51229508	      0.80679708	      0.56401579	      1.03188881	      0.76137261	      0.56657224	      0.71839080	      0.93457944	      0.58719906
      0.73500000	      0.51229508	      0.74407479	      0.56401579	      0.86340755	      0.87376712	      0.56657224	      0.71839080	      0.93457944	      0.58719906
      0.73600000	      0.51229508	      0.76010110	      0.56401579	      0.90984572	      0.83626774	      0.56657224	      0.71839080	      0.93457944	      0.58719906
      0.73700000	      0.51229508	      0.75163201	      0.56401579	      0.84902945	      0.89061468	      0.56657224	      0.71839080	      0.93457944	      0.58719906
      0.73800000	      0.51229508	      0.73651537	      0.56401579	      0.86434032	      0.91560498	      0.56657224	      0.71839080	      0.93457944	      0.58719906
      0.73900000	      0.51229508	      0.73339235	      0.56401579	      1.01437618	      0.80182901	      0.56657224	      0.71839080	      0.93457944	      0.58719906
      0.74000000	      0.51229508	      0.83790632	      0.56401579	      0.99211138	      0.80517127	      0.56657224	      0.71839080	      0.93457944	      0.58719906
      0.74100000	      0.51229508	      0.84304156	      0.56401579	      0.99712204	      0.79902212	      0.56657224	      0.71839080	      0.93457944	      0.58719906
      0.74200000	      0.51229508	      0.87094093	      0.56401579	      0.84626660	      0.87901673	      0.56657224	      0.71839080	      0.93457944	      0.58719906
      0.74300000	      0.51229508	      0.80026336	      0.56401579	      0.81328845	      0.90591623	      0.56657224	      0.71839080	      0.93457944	      0.58719906
      0.74400000	      0.51229508	      0.79386123	      0.56401579	      0.94402094	      0.78241750	      0.56657224	      0.71839080	      0.93457944	      0.58719906
      0.74500000	      0.51229508	      0.82294966	      0.56401579	      0.89256902	      0.85186910	      0.56657224	      0.71839080	      0.93457944	      0.58719906
      0.74600000	      0.51229508	      0.77440048	      0.56401579	      0.88434108	      0.86011989	      0.56657224	      0.71839080	      0.93457944	      0.58719906
      0.74700000	      0.51229508	      0.72387004	      0.56401579	      0.93938995	      0.80871123	      0.56657224	      0.71839080	      0.93457944	      0.58719906
      0.74800000	      0.51229508	      0.81619891	      0.56401579	      0.99515139	      0.79678224	      0.56657224	      0.71839080	      0.93457944	      0.58719906
      0.74900000	      0.51229508	      0.77098187	      0.56401579	      0.88365830	      0.87024014	      0.56657224	      0.71839080	      0.93457944	      0.58719906
      0.75000000	      0.51229508	      0.81830936	      0.56401579	      0.97234643	      0.78005646	      0.56657224	      0.71839080	      0.93457944	      0.58719906
      0.75100000	      0.51229508	      0.81709900	      0.56401579	      0.98219734	      0.77104199	      0.56657224	      0.71839080	      0.93457944	      0.58719906
      0.75200000	      0.51229508	      0.74059779	      0.56401579	      0.92047789	      0.81287550	      0.56657224	      0.71839080	      0.93457944	      0.58719906
      0.75300000	      0.51229508	      0.85827116	      0.56401579	      0.90793305	      0.86394122	      0.56657224	      0.71839080	      0.93457944	      0.58719906
      0.75400000	      0.51229508	      0.76282554	      0.56401579	      1.00638294	      0.78382137	      0.56657224	      0.71839080	      0.93457944	      0.58719906
      0.75500000	      0.51229508	      0.75266621	      0.56401579	      1.01768673	      0.78489454	      0.56657224	      0.71839080	      0.93457944	      0.58719906
      0.75600000	      0.51229508	      0.80542947	      0.56401579	      0.87769530	      0.88409026	      0.56657224	      0.71839080	      0.93457944	      0.58719906
      0.75700000	      0.51229508	      0.83738702	      0.56401579	      0.92152618	      0.81986410	      0.56657224	      0.71839080	      0.93457944	      0.58719906
      0.75800000	      0.51229508	      0.76731819	      0.56401579	      0.91346680	      0.86457958	      0.56657224	      0.71839080	      0.93457944	      0.58719906
      0.75900000	      0.51229508	      0.86158809	      0.56401579	      0.97868060	      0.81463873	      0.56657224	      0.71839080	      0.93457944	      0.58719906
      0.76000000	      0.51229508	      0.78589676	      0.56401579	      0.94994138	      0.83267942	      0.56657224	      0.71839080	      0.93457944	      0.58719906
      0.76100000	      0.51229508	      0.73846360	      0.56401579	      0.88647544	      0.85297350	      0.56657224	      0.71839080	      0.93457944	      0.58719906
      0.76200000	      0.51229508	      0.85296613	      0.56401579	      0.90833091	      0.83034467	      0.56657224	      0.71839080	      0.93457944	      0.58719906
      0.76300000	      0.51229508	      0.82977045	      0.56401579	      0.97129654	      0.79823367	      0.56657224	      0.71839080	      0.93457944	      0.58719906
      0.76400000	      0.51229508	      0.72514129	      0.56401579	      0.85629784	      0.90253818	      0.56657224	      0.71839080	      0.93457944	      0.58719906
      0.76500000	      0.51229508	      0.73217184	      0.56401579	      0.86553678	      0.87606133	      0.56657224	      0.71839080	      0.93457944	      0.58719906
      0.76600000	      0.51229508	      0.79294069	      0.56401579	      0.94674578	      0.78424946	      0.56657224	      0.71839080	      0.93457944	      0.58719906
      0.76700000	      0.51229508	      0.79944400	      0.56401579	      0.89093530	      0.91735381	      0.56657224	      0.71839080	      0.93457944	      0.58719906
      0.76800000	      0.51229508	      0.84491903	      0.56401579	      0.85711827	      0.87657345	      0.56657224	      0.71839080	      0.93457944	      0.58719906
      0.76900000	      0.51229508	      0.81537522	      0.56401579	      0.87368760	      0.87522322	      0.56657224	      0.71839080	      0.93457944	      0.58719906
      0.77000000	      0.51229508	      0.77302383	      0.56401579	      0.99478883	      0.74770221	      0.56657224	      0.71839080	      0.93457944	      0.58719906
      0.77100000	      0.51229508	      0.72058020	      0.56401579	      0.89126653	      0.86661241	      0.56657224	      0.71839080	      0.93457944	      0.58719906
      0.77200000	      0.51229508	      0.78170409	      0.56401579	      0.87988885	      0.89316252	      0.56657224	      0.71839080	      0.93457944	      0.58719906
      0.77300000	      0.51229508	      0.82464802	      0.56401579	      0.91913480	      0.84569865	      0.56657224	      0.71839080	      0.93457944	      0.58719906
      0.77400000	      0.51229508	      0.71237625	      0.56401579	      0.95512767	      0.82545137	      0.56657224	      0.71839080	      0.93457944	      0.58719906
      0.77500000	      0.51229508	      0.74691169	      0.56401579	      0.85251869	      0.90184396	      0.56657224	      0.71839080	      0.93457944	      0.58719906
      0.77600000	      0.51229508	      0.83203833	      0.56401579	      0.97506475	      0.80480606	      0.56657224	      0.71839080	      0.93457944	      0.58719906
      0.77700000	      0.51229508	      0.78366031	      0.56401579	      0.78683634	      0.95857978	      0.56657224	      0.71839080	      0.93457944	      0.58719906
      0.77800000	      0.51229508	      0.75859217	      0.56401579	      0.92649976	      0.86935184	      0.56657224	      0.71839080	      0.93457944	      0.58719906
      0.77900000	      0.51229508	      0.77469676	      0.56401579	      1.00704943	      0.75746930	      0.56657224	      0.71839080	      0.93457944	      0.58719906
      0.78000000	      0.51229508	      0.81605660	      0.56401579	      0.84525191	      0.88564826	      0.56657224	      0.71839080	      0.93457944	      0.58719906
      0.78100000	      0.51229508	      0.72147021	      0.56401579	      0.97858553	      0.79352108	      0.56657224	      0.71839080	      0.93457944	      0.58719906
      0.78200000	      0.51229508	      0.73376253	      0.56401579	      0.89430747	      0.89511582	      0.56657224	      0.71839080	      0.93457944	      0.58719906
      0.78300000	      0.51229508	      0.79028930	      0.56401579	      0.88303354	      0.90608553	      0.56657224	      0.71839080	      0.93457944	      0.58719906
      0.78400000	      0.51229508	      0.74139282	      0.56401579	      0.95318632	      0.78121708	      0.56657224	      0.71839080	      0.93457944	      0.58719906
      0.78500000	      0.51229508	      0.80154810	      0.56401579	      0.90272030	      0.85099766	      0.56657224	      0.71839080	      0.93457944	      0.58719906
      0.78600000	      0.51229508	      0.85075145	      0.56401579	      0.91600836	      0.80682025	      0.56657224	      0.71839080	      0.93457944	      0.58719906
      0.78700000	      0.51229508	      0.75404471	      0.56401579	      0.99303853	      0.83130292	      0.56657224	      0.71839080	      0.93457944	      0.58719906
      0.78800000	      0.51229508	      0.78225447	      0.56401579	      0.97580050	      0.74767777	      0.56657224	      0.71839080	      0.93457944	      0.58719906
      0.78900000	      0.51229508	      0.76652621	      0.56401579	      0.98900027	      0.79865900	      0.56657224	      0.71839080	      0.93457944	      0.58719906
      0.79000000	      0.51229508	      0.80690142	      0.56401579	      0.81586685	      0.88938185	      0.56657224	      0.71839080	      0.93457944	      0.58719906
      0.79100000	      0.51229508	      0.71647248	      0.56401579	      0.83727401	      0.89103004	      0.56657224	      0.71839080	      0.93457944	      0.58719906
      0.79200000	      0.51229508	      0.83653501	      0.56401579	      0.92842629	      0.83773645	      0.56657224	      0.71839080	      0.93457944	      0.58719906
      0.79300000	      0.51229508	      0.84556718	      0.56401579	      0.93710665	      0.80480874	      0.56657224	      0.71839080	      0.93457944	      0.58719906
      0.79400000	      0.51229508	      0.85717741	      0.56401579	      0.86853178	      0.90377596	      0.56657224	      0.71839080	      0.93457944	      0.58719906
      0.79500000	      0.51229508	      0.82605327	      0.56401579	      0.98312826	      0.79584687	      0.56657224	      0.71839080	      0.93457944	      0.58719906
      0.79600000	      0.51229508	      0.72291550	      0.56401579	      0.96469605	      0.82025709	      0.56657224	      0.71839080	      0.93457944	      0.58719906
      0.79700000	      0.51229508	      0.72949580	      0.56401579	      0.90531530	      0.85348096	      0.56657224	      0.71839080	      0.93457944	      0.58719906
      0.79800000	      0.51229508	      0.70948575	      0.56401579	      0.83799815	      0.91346914	      0.56657224	      0.71839080	      0.93457944	      0.58719906
      0.79900000	      0.51229508	      0.81550267	      0.56401579	      0.88038532	      0.84297176	      0.56657224	      0.71839080	      0.93457944	      0.58719906
      0.80000000	      0.51229508	      0.75088649	      0.56401579	      0.94165279	      0.83944213	      0.56657224	      0.71839080	      0.93457944	      0.58719906
      0.80100000	      0.51229508	      0.76564028	      0.56401579	      0.96586566	      0.82912302	      0.56657224	      0.71839080	      0.93457944	      0.58719906
      0.80200000	      0.51229508	      0.77337561	      0.56401579	      0.89308592	      0.88166936	      0.56657224	      0.71839080	      0.93457944	      0.58719906
      0.80300000	      0.51229508	      0.83068250	      0.56401579	      0.92402615	      0.82868338	      0.56657224	      0.71839080	      0.93457944	      0.58719906
      0.80400000	      0.51229508	      0.71846953	      0.56401579	      0.94234896	      0.77915008	      0.56657224	      0.71839080	      0.93457944	      0.58719906
      0.80500000	      0.51229508	      0.80152261	      0.56401579	      0.87009646	      0.87103444	      0.56657224	      0.71839080	      0.93457944	      0.58719906
      0.80600000	      0.51229508	      0.75682168	      0.56401579	      0.83132025	      0.90897058	      0.56657224	      0.71839080	      0.93457944	      0.58719906
      0.80700000	      0.51229508	      0.76253706	      0.56401579	      0.99411405	      0.81635851	      0.56657224	      0.71839080	      0.93457944	      0.58719906
      0.80800000	      0.51229508	      0.81313810	      0.56401579	      0.89217610	      0.86463521	      0.56657224	      0.71839080	      0.93457944	      0.58719906
      0.80900000	      0.51229508	      0.70498900	      0.56401579	      0.97481076	      0.77533664	      0.56657224	      0.71839080	      0.93457944	      0.58719906
      0.81000000	      0.51229508	      0.78272727	      0.56401579	      1.01258057	      0.78836972	      0.56657224	      0.71839080	      0.93457944	      0.58719906
      0.81100000	      0.51229508	      0.71531777	      0.56401579	      0.92476196	      0.84754400	      0.56657224	      0.71839080	      0.93457944	      0.58719906
      0.81200000	      0.51229508	      0.73855654	      0.56401579	      0.84341614	      0.87323073	      0.56657224	      0.71839080	      0.93457944	      0.58719906
      0.81300000	      0.51229508	      0.72581873	      0.56401579	      0.83380972	      0.92057824	      0.56657224	      0.71839080	      0.93457944	      0.58719906
      0.81400000	      0.51229508	      0.74721491	      0.56401579	      0.92761077	      0.86917287	      0.56657224	      0.71839080	      0.93457944	      0.58719906
      0.81500000	      0.51229508	      0.83637054	      0.56401579	      1.01296897	      0.78722936	      0.56657224	      0.71839080	      0.93457944	      0.58719906
      0.81600000	      0.51229508	      0.84767093	      0.56401579	      0.94611734	      0.79062451	      0.56657224	      0.71839080	      0.93457944	      0.58719906
      0.81700000	      0.51229508	      0.72998630	      0.56401579	      0.97027260	      0.76961211	      0.56657224	      0.71839080	      0.93457944	      0.58719906
      0.81800000	      0.51229508	      0.80739797	      0.56401579	      0.81041035	      0.91856813	      0.56657224	      0.71839080	      0.93457944	      0.58719906
      0.81900000	      0.51229508	      0.79262911	      0.56401579	      0.93573197	      0.85558452	      0.56657224	      0.71839080	      0.93457944	      0.58719906
      0.82000000	      0.51229508	      0.84153482	      0.56401579	      0.91389729	      0.85900263	      0.56657224	      0.71839080	      0.93457944	      0.58719906
      0.82100000	      0.51229508	      0.74057717	      0.56401579	      0.98498722	      0.77462725	      0.56657224	      0.71839080	      0.93457944	      0.58719906
      0.82200000	      0.51229508	      0.81782295	      0.56401579	      0.92047912	      0.83910257	      0.56657224	      0.71839080	      0.93457944	      0.58719906
      0.82300000	      0.51229508	      0.82299030	      0.56401579	      0.94984277	      0.81804973	      0.56657224	      0.71839080	      0.93457944	      0.58719906
      0.82400000	      0.51229508	      0.78716419	      0.56401579	      0.93258324	      0.85747584	      0.56657224	      0.71839080	      0.93457944	      0.58719906
      0.82500000	      0.51229508	      0.70791216	      0.56401579	      0.80825118	      0.93204835	      0.56657224	      0.71839080	      0.93457944	      0.58719906
      0.82600000	      0.51229508	      0.76102936	      0.56401579	      0.87528004	      0.91340617	      0.56657224	      0.71839080	      0.93457944	      0.58719906
      0.82700000	      0.51229508	      0.80092609	      0.56401579	      0.95888957	      0.80020662	      0.56657224	      0.71839080	      0.93457944	      0.58719906
      0.82800000	      0.51229508	      0.84121815	      0.56401579	      0.86183448	      0.90841033	      0.56657224	      0.71839080	      0.93457944	      0.58719906
      0.82900000	      0.51229508	      0.70410312	      0.56401579	      0.94231841	      0.79148564	      0.56657224	      0.71839080	      0.93457944	      0.58719906
      0.83000000	      0.51229508	      0.81153113	      0.56401579	      1.01409656	      0.78375466	      0.56657224	      0.71839080	      0.93457944	      0.58719906
      0.83100000	      0.51229508	      0.83094228	      0.56401579	      0.98545460	      0.77111779	      0.56657224	      0.71839080	      0.93457944	      0.58719906
      0.83200000	      0.51229508	      0.74093849	      0.56401579	      0.91084841	      0.87735312	      0.56657224	      0.71839080	      0.93457944	      0.58719906
      0.83300000	      0.51229508	      0.73302852	      0.56401579	      0.99162209	      0.78489927	      0.56657224	      0.71839080	      0.93457944	      0.58719906
      0.83400000	      0.51229508	      0.75140763	      0.56401579	      0.99932257	      0.80759286	      0.56657224	      0.71839080	      0.93457944	      0.58719906
      0.83500000	      0.51229508	      0.71573074	      0.56401579	      0.93437296	      0.84833481	      0.56657224	      0.71839080	      0.93457944	      0.58719906
      0.83600000	      0.51229508	      0.74806600	      0.56401579	      0.84923316	      0.89637307	      0.56657224	      0.71839080	      0.93457944	      0.58719906
      0.83700000	      0.51229508	      0.81896017	      0.56401579	      0.86224609	      0.89701941	      0.56657224	      0.71839080	      0.93457944	      0.58719906
      0.83800000	      0.51229508	      0.69897975	      0.56401579	      0.86834018	      0.91195905	      0.56657224	      0.71839080	      0.93457944	      0.58719906
      0.83900000	      0.51229508	      0.77791978	      0.56401579	      0.93659909	      0.82517345	      0.56657224	      0.71839080	      0.93457944	      0.58719906
      0.84000000	      0.51229508	      0.76618939	      0.56401579	      0.94485504	      0.80770496	      0.56657224	      0.71839080	      0.93457944	      0.58719906
      0.84100000	      0.51229508	      0.71965362	      0.56401579	      0.81911712	      0.91124733	      0.56657224	      0.71839080	      0.93457944	      0.58719906
      0.84200000	      0.51229508	      0.80218991	      0.56401579	      0.91662290	      0.86039056	      0.56657224	      0.71839080	      0.93457944	      0.58719906
      0.84300000	      0.51229508	      0.82562158	      0.56401579	      0.85908170	      0.85402616	      0.56657224	      0.71839080	      0.93457944	      0.58719906
      0.84400000	      0.51229508	      0.72621573	      0.56401579	      0.91279919	      0.85787633	      0.56657224	      0.71839080	      0.93457944	      0.58719906
      0.84500000	      0.51229508	      0.83623208	      0.56401579	      0.98210097	      0.76546385	      0.56657224	      0.71839080	      0.93457944	      0.58719906
      0.84600000	      0.51229508	      0.72911950	      0.56401579	      0.87308149	      0.87445425	      0.56657224	      0.71839080	      0.93457944	      0.58719906
      0.84700000	      0.51229508	      0.79238736	      0.56401579	      1.04090364	      0.76564789	      0.56657224	      0.71839080	      0.93457944	      0.58719906
      0.84800000	      0.51229508	      0.70730209	      0.56401579	      0.95906987	      0.81983090	      0.56657224	      0.71839080	      0.93457944	      0.58719906
      0.84900000	      0.51229508	      0.77309979	      0.56401579	      0.87690394	      0.84553429	      0.56657224	      0.71839080	      0.93457944	      0.58719906
      0.85000000	      0.51229508	      0.78589517	      0.56401579	      0.93392210	      0.84226378	      0.56657224	      0.71839080	      0.93457944	      0.58719906
      0.85100000	      0.51229508	      0.78718652	      0.56401579	      0.96122653	      0.79674292	      0.56657224	      0.71839080	      0.93457944	      0.58719906
      0.85200000	      0.51229508	      0.82812782	      0.56401579	      0.96276902	      0.78605777	      0.56657224	      0.71839080	      0.93457944	      0.58719906
      0.85300000	      0.51229508	      0.74221240	      0.56401579	      0.88899238	      0.87569339	      0.56657224	      0.71839080	      0.93457944	      0.58719906
      0.85400000	      0.51229508	      0.73703138	      0.56401579	      0.90665324	      0.87509036	      0.56657224	      0.71839080	      0.93457944	      0.58719906
      0.85500000	      0.51229508	      0.69958932	      0.56401579	      1.02240034	      0.77858505	      0.56657224	      0.71839080	      0.93457944	      0.58719906
      0.85600000	      0.51229508	      0.81869365	      0.56401579	      0.90912108	      0.83431929	      0.56657224	      0.71839080	      0.93457944	      0.58719906
      0.85700000	      0.51229508	      0.69698687	      0.56401579	      0.98445795	      0.77017025	      0.56657224	      0.71839080	      0.93457944	      0.58719906
      0.85800000	      0.51229508	      0.76880785	      0.56401579	      0.91710091	      0.87430425	      0.56657224	      0.71839080	      0.93457944	      0.58719906
      0.85900000	      0.51229508	      0.83529066	      0.56401579	      0.88898702	      0.86754596	      0.56657224	      0.71839080	      0.93457944	      0.58719906
      0.86000000	      0.51229508	      0.77939354	      0.56401579	      0.99475310	      0.79021776	      0.56657224	      0.71839080	      0.93457944	      0.58719906
      0.86100000	      0.51229508	      0.81193809	      0.56401579	      0.86263417	      0.88823005	      0.56657224	      0.71839080	      0.93457944	      0.58719906
      0.86200000	      0.51229508	      0.78896345	      0.56401579	      0.86320519	      0.85622414	      0.56657224	      0.71839080	      0.93457944	      0.58719906
      0.86300000	      0.51229508	      0.72390488	      0.56401579	      0.83391915	      0.92272399	      0.56657224	      0.71839080	      0.93457944	      0.58719906
      0.86400000	      0.51229508	      0.75495502	      0.56401579	      1.04279253	      0.77346294	      0.56657224	      0.71839080	      0.93457944	      0.58719906
      0.86500000	      0.51229508	      0.74741799	      0.56401579	      0.97532959	      0.78704223	      0.56657224	      0.71839080	      0.93457944	      0.58719906
      0.86600000	      0.51229508	      0.82236384	      0.56401579	      0.85607030	      0.92202462	      0.56657224	      0.71839080	      0.93457944	      0.58719906
      0.86700000	      0.51229508	      0.76238796	      0.56401579	      0.96789388	      0.82655793	      0.56657224	      0.71839080	      0.93457944	      0.58719906
      0.86800000	      0.51229508	      0.70498092	      0.56401579	      0.96324665	      0.83137393	      0.56657224	      0.71839080	      0.93457944	      0.58719906
      0.86900000	      0.51229508	      0.80276465	      0.56401579	      0.93518879	      0.82141083	      0.56657224	      0.71839080	      0.93457944	      0.58719906
      0.87000000	      0.51229508	      0.70700047	      0.56401579	      0.92237106	      0.80028385	      0.56657224	      0.71839080	      0.93457944	      0.58719906
      0.87100000	      0.51229508	      0.72004137	      0.56401579	      1.00559442	      0.80669751	      0.56657224	      0.71839080	      0.93457944	      0.58719906
      0.87200000	      0.51229508	      0.72833804	      0.56401579	      0.91204414	      0.85637427	      0.56657224	      0.71839080	      0.93457944	      0.58719906
      0.87300000	      0.51229508	      0.79694333	      0.56401579	      0.93533671	      0.84827438	      0.56657224	      0.71839080	      0.93457944	      0.58719906
      0.87400000	      0.51229508	      0.71293824	      0.56401579	      0.90385234	      0.86218269	      0.56657224	      0.71839080	      0.93457944	      0.58719906
      0.87500000	      0.51229508	      0.77460309	      0.56401579	      0.82242037	      0.91966298	      0.56657224	      0.71839080	      0.93457944	      0.58719906
      0.87600000	      0.51229508	      0.74468979	      0.56401579	      0.94483741	      0.79748950	      0.56657224	      0.71839080	      0.93457944	      0.58719906
      0.87700000	      0.51229508	      0.72811809	      0.56401579	      0.86431479	      0.90675038	      0.56657224	      0.71839080	      0.93457944	      0.58719906
      0.87800000	      0.51229508	      0.82481990	      0.56401579	      0.88154915	      0.84107198	      0.56657224	      0.71839080	      0.93457944	      0.58719906
      0.87900000	      0.51229508	      0.72204019	      0.56401579	      0.93596289	      0.86740289	      0.56657224	      0.71839080	      0.93457944	      0.58719906
      0.88000000	      0.51229508	      0.69771532	      0.56401579	      0.96872301	      0.81235967	      0.56657224	      0.71839080	      0.93457944	      0.58719906
      0.88100000	      0.51229508	      0.75762501	      0.56401579	      1.03002388	      0.77208843	      0.56657224	      0.71839080	      0.93457944	      0.58719906
      0.88200000	      0.51229508	      0.81125439	      0.56401579	      0.93539253	      0.83524908	      0.56657224	      0.71839080	      0.93457944	      0.58719906
      0.88300000	      0.51229508	      0.75373204	      0.56401579	      0.90055664	      0.86618637	      0.56657224	      0.71839080	      0.93457944	      0.58719906
      0.88400000	      0.51229508	      0.74073049	      0.56401579	      0.97360489	      0.82652777	      0.56657224	      0.71839080	      0.93457944	      0.58719906
      0.88500000	      0.51229508	      0.80094517	      0.56401579	      1.00437349	      0.77626027	      0.56657224	      0.71839080	      0.93457944	      0.58719906
      0.88600000	      0.51229508	      0.70277179	      0.56401579	      0.96070512	      0.77338403	      0.56657224	      0.71839080	      0.93457944	      0.58719906
      0.88700000	      0.51229508	      0.81632071	      0.56401579	      0.99366206	      0.81554371	      0.56657224	      0.71839080	      0.93457944	      0.58719906
      0.88800000	      0.51229508	      0.73499382	      0.56401579	      0.84803494	      0.88929849	      0.56657224	      0.71839080	      0.93457944	      0.58719906
      0.88900000	      0.51229508	      0.78029712	      0.56401579	      0.85767996	      0.91926756	      0.56657224	      0.71839080	      0.93457944	      0.58719906
      0.89000000	      0.51229508	      0.79287998	      0.56401579	      0.99378553	      0.80176713	      0.56657224	      0.71839080	      0.93457944	      0.58719906
      0.89100000	      0.51229508	      0.76818509	      0.56401579	      1.01197923	      0.80606672	      0.56657224	      0.71839080	      0.93457944	      0.58719906
      0.89200000	      0.51229508	      0.69152996	      0.56401579	      0.85130152	      0.88286651	      0.56657224	      0.71839080	      0.93457944	      0.58719906
      0.89300000	      0.51229508	      0.71235632	      0.56401579	      0.91312917	      0.85876490	      0.56657224	      0.71839080	      0.93457944	      0.58719906
      0.89400000	      0.51229508	      0.83075838	      0.56401579	      1.00900689	      0.78024229	      0.56657224	      0.71839080	      0.93457944	      0.58719906
      0.89500000	      0.51229508	      0.78578842	      0.56401579	      0.81601493	      0.88555097	      0.56657224	      0.71839080	      0.93457944	      0.58719906
      0.89600000	      0.51229508	      0.76925719	      0.56401579	      0.94801277	      0.85211927	      0.56657224	      0.71839080	      0.93457944	      0.58719906
      0.89700000	      0.51229508	      0.71950452	      0.56401579	      0.90411768	      0.82298954	      0.56657224	      0.71839080	      0.93457944	      0.58719906
      0.89800000	      0.51229508	      0.70752119	      0.56401579	      0.99074129	      0.77856309	      0.56657224	      0.71839080	      0.93457944	      0.58719906
      0.89900000	      0.51229508	      0.80328219	      0.56401579	      0.92331390	      0.85815248	      0.56657224	      0.71839080	      0.93457944	      0.58719906
      0.90000000	      0.51229508	      0.69441263	      0.56401579	      0.79632298	      0.93080140	      0.56657224	      0.71839080	      0.93457944	      0.58719906
      0.90100000	      0.51229508	      0.75192432	      0.56401579	      0.86874055	      0.88536501	      0.56657224	      0.71839080	      0.93457944	      0.58719906
      0.90200000	      0.51229508	      0.74084716	      0.56401579	      1.00866732	      0.80966871	      0.56657224	      0.71839080	      0.93457944	      0.58719906
      0.90300000	      0.51229508	      0.77994267	      0.56401579	      1.00495615	      0.77287504	      0.56657224	      0.71839080	      0.93457944	      0.58719906
      0.90400000	      0.51229508	      0.80125254	      0.56401579	      1.02015775	      0.74739808	      0.56657224	      0.71839080	      0.93457944	      0.58719906
      0.90500000	      0.51229508	      0.71038142	      0.56401579	      0.95138383	      0.77626332	      0.56657224	      0.71839080	      0.93457944	      0.58719906
      0.90600000	      0.51229508	      0.72127455	      0.56401579	      0.96106572	      0.83152624	      0.56657224	      0.71839080	      0.93457944	      0.58719906
      0.90700000	      0.51229508	      0.68947521	      0.56401579	      0.93985762	      0.82673010	      0.56657224	      0.71839080	      0.93457944	      0.58719906
      0.90800000	      0.51229508	      0.68723463	      0.56401579	      0.98509852	      0.78298964	      0.56657224	      0.71839080	      0.93457944	      0.58719906
      0.90900000	      0.51229508	      0.73644573	      0.56401579	      0.96458693	      0.81856980	      0.56657224	      0.71839080	      0.93457944	      0.58719906
      0.91000000	      0.51229508	      0.78813883	      0.56401579	      0.90070146	      0.85163166	      0.56657224	      0.71839080	      0.93457944	      0.58719906
      0.91100000	      0.51229508	      0.81974195	      0.56401579	      0.90472432	      0.86280819	      0.56657224	      0.71839080	      0.93457944	      0.58719906
      0.91200000	      0.51229508	      0.77044834	      0.56401579	      0.83691267	      0.93576695	      0.56657224	      0.71839080	      0.93457944	      0.58719906
      0.91300000	      0.51229508	      0.79035863	      0.56401579	      0.92909961	      0.84681043	      0.56657224	      0.71839080	      0.93457944	      0.58719906
      0.91400000	      0.51229508	      0.69297227	      0.56401579	      0.99411612	      0.78104472	      0.56657224	      0.71839080	      0.93457944	      0.58719906
      0.91500000	      0.51229508	      0.76269680	      0.56401579	      0.90864169	      0.85982979	      0.56657224	      0.71839080	      0.93457944	      0.58719906
      0.91600000	      0.51229508	      0.82215927	      0.56401579	      0.89280752	      0.88359815	      0.56657224	      0.71839080	      0.93457944	      0.58719906
      0.91700000	      0.51229508	      0.70014131	      0.56401579	      0.95030157	      0.83003727	      0.56657224	      0.71839080	      0.93457944	      0.58719906
      0.91800000	      0.51229508	      0.79659984	      0.56401579	      0.86272464	      0.89259009	      0.56657224	      0.71839080	      0.93457944	      0.58719906
      0.91900000	      0.51229508	      0.76047806	      0.56401579	      0.98302385	      0.84103352	      0.56657224	      0.71839080	      0.93457944	      0.58719906
      0.92000000	      0.51229508	      0.70487176	      0.56401579	      0.86978513	      0.87878706	      0.56657224	      0.71839080	      0.93457944	      0.58719906
      0.92100000	      0.51229508	      0.71564598	      0.56401579	      0.93358749	      0.79681135	      0.56657224	      0.71839080	      0.93457944	      0.58719906
      0.92200000	      0.51229508	      0.74724417	      0.56401579	      0.99965622	      0.75988755	      0.56657224	      0.71839080	      0.93457944	      0.58719906
      0.92300000	      0.51229508	      0.72834059	      0.56401579	      0.86245161	      0.91520843	      0.56657224	      0.71839080	      0.93457944	      0.58719906
      0.92400000	      0.51229508	      0.71312401	      0.56401579	      0.93341545	      0.84749478	      0.56657224	      0.71839080	      0.93457944	      0.58719906
      0.92500000	      0.51229508	      0.80952617	      0.56401579	      0.90158786	      0.87434083	      0.56657224	      0.71839080	      0.93457944	      0.58719906
      0.92600000	      0.51229508	      0.73143158	      0.56401579	      0.99894569	      0.78092696	      0.56657224	      0.71839080	      0.93457944	      0.58719906
      0.92700000	      0.51229508	      0.73716059	      0.56401579	      0.88489118	      0.86400571	      0.56657224	      0.71839080	      0.93457944	      0.58719906
      0.92800000	      0.51229508	      0.78814265	      0.56401579	      0.91571253	      0.89691578	      0.56657224	      0.71839080	      0.93457944	      0.58719906
      0.92900000	      0.51229508	      0.78125088	      0.56401579	      0.99458455	      0.74761435	      0.56657224	      0.71839080	      0.93457944	      0.58719906
      0.93000000	      0.51229508	      0.70547065	      0.56401579	      0.95430488	      0.80674664	      0.56657224	      0.71839080	      0.93457944	      0.58719906
      0.93100000	      0.51229508	      0.76824808	      0.56401579	      0.99030912	      0.84357432	      0.56657224	      0.71839080	      0.93457944	      0.58719906
      0.93200000	      0.51229508	      0.79949813	      0.56401579	      0.98650623	      0.81883072	      0.56657224	      0.71839080	      0.93457944	      0.58719906
      0.93300000	      0.51229508	      0.80682360	      0.56401579	      0.87759440	      0.85875726	      0.56657224	      0.71839080	      0.93457944	      0.58719906
      0.93400000	      0.51229508	      0.71813065	      0.56401579	      0.83417515	      0.87986405	      0.56657224	      0.71839080	      0.93457944	      0.58719906
      0.93500000	      0.51229508	      0.78537629	      0.56401579	      0.97458810	      0.81883148	      0.56657224	      0.71839080	      0.93457944	      0.58719906
      0.93600000	      0.51229508	      0.81246812	      0.56401579	      0.98729023	      0.82480468	      0.56657224	      0.71839080	      0.93457944	      0.58719906
      0.93700000	      0.51229508	      0.75750447	      0.56401579	      0.90079486	      0.85010808	      0.56657224	      0.71839080	      0.93457944	      0.58719906
      0.93800000	      0.51229508	      0.75272406	      0.56401579	      0.99275407	      0.82016956	      0.56657224	      0.71839080	      0.93457944	      0.58719906
      0.93900000	      0.51229508	      0.69530162	      0.56401579	      0.83336503	      0.92472299	      0.56657224	      0.71839080	      0.93457944	      0.58719906
      0.94000000	      0.51229508	      0.69136596	      0.56401579	      0.99220983	      0.80230841	      0.56657224	      0.71839080	      0.93457944	      0.58719906
      0.94100000	      0.51229508	      0.74910949	      0.56401579	      0.91086762	      0.83495595	      0.56657224	      0.71839080	      0.93457944	      0.58719906
      0.94200000	      0.51229508	      0.71195313	      0.56401579	      0.99149848	      0.77377429	      0.56657224	      0.71839080	      0.93457944	      0.58719906
      0.94300000	      0.51229508	      0.72190710	      0.56401579	      0.99835821	      0.82606928	      0.56657224	      0.71839080	      0.93457944	      0.58719906
      0.94400000	      0.51229508	      0.73873135	      0.56401579	      0.85687691	      0.90317406	      0.56657224	      0.71839080	      0.93457944	      0.58719906
      0.94500000	      0.51229508	      0.77179805	      0.56401579	      0.91000685	      0.83203142	      0.56657224	      0.71839080	      0.93457944	      0.58719906
      0.94600000	      0.51229508	      0.68641212	      0.56401579	      0.84384644	      0.88193350	      0.56657224	      0.71839080	      0.93457944	      0.58719906
      0.94700000	      0.51229508	      0.81374662	      0.56401579	      1.00649565	      0.77201820	      0.56657224	      0.71839080	      0.93457944	      0.58719906
      0.94800000	      0.51229508	      0.70657585	      0.56401579	      0.99160373	      0.78513999	      0.56657224	      0.71839080	      0.93457944	      0.58719906
      0.94900000	      0.51229508	      0.69923887	      0.56401579	      0.92646370	      0.87108025	      0.56657224	      0.71839080	      0.93457944	      0.58719906
      0.95000000	      0.51229508	      0.68479784	      0.56401579	      0.95280147	      0.79207662	      0.56657224	      0.71839080	      0.93457944	      0.58719906
      0.95100000	      0.51229508	      0.79235379	      0.56401579	      0.91025130	      0.85151697	      0.56657224	      0.71839080	      0.93457944	      0.58719906
      0.95200000	      0.51229508	      0.75442896	      0.56401579	      0.91492037	      0.90363987	      0.56657224	      0.71839080	      0.93457944	      0.58719906
      0.95300000	      0.51229508	      0.79954502	      0.56401579	      1.06276604	      0.74755119	      0.56657224	      0.71839080	      0.93457944	      0.58719906
      0.95400000	      0.51229508	      0.71454419	      0.56401579	      0.94649630	      0.85583840	      0.56657224	      0.71839080	      0.93457944	      0.58719906
      0.95500000	      0.51229508	      0.81192177	      0.56401579	      0.93149387	      0.88579981	      0.56657224	      0.71839080	      0.93457944	      0.58719906
      0.95600000	      0.51229508	      0.70585488	      0.56401579	      0.96718801	      0.81593840	      0.56657224	      0.71839080	      0.93457944	      0.58719906
      0.95700000	      0.51229508	      0.69174357	      0.56401579	      0.96276501	      0.84268028	      0.56657224	      0.71839080	      0.93457944	      0.58719906
      0.95800000	      0.51229508	      0.68266846	      0.56401579	      0.99603189	      0.76965501	      0.56657224	      0.71839080	      0.93457944	      0.58719906
      0.95900000	      0.51229508	      0.68498992	      0.56401579	      0.92590327	      0.84816909	      0.56657224	      0.71839080	      0.93457944	      0.58719906
      0.96000000	      0.51229508	      0.77478751	      0.56401579	      0.85255979	      0.91225412	      0.56657224	      0.71839080	      0.93457944	      0.58719906
      0.96100000	      0.51229508	      0.76823833	      0.56401579	      0.88299538	      0.86808162	      0.56657224	      0.71839080	      0.93457944	      0.58719906
      0.96200000	      0.51229508	      0.72195917	      0.56401579	      0.95268741	      0.81801165	      0.56657224	      0.71839080	      0.93457944	      0.58719906
      0.96300000	      0.51229508	      0.73266602	      0.56401579	      1.04698359	      0.75573922	      0.56657224	      0.71839080	      0.93457944	      0.58719906
      0.96400000	      0.51229508	      0.78539432	      0.56401579	      0.96195246	      0.81515889	      0.56657224	      0.71839080	      0.93457944	      0.58719906
      0.96500000	      0.51229508	      0.78095057	      0.56401579	      0.90834421	      0.83368582	      0.56657224	      0.71839080	      0.93457944	      0.58719906
      0.96600000	      0.51229508	      0.80569987	      0.56401579	      0.93811768	      0.81725874	      0.56657224	      0.71839080	      0.93457944	      0.58719906
      0.96700000	      0.51229508	      0.71817215	      0.56401579	      1.03546624	      0.74174446	      0.56657224	      0.71839080	      0.93457944	      0.58719906
      0.96800000	      0.51229508	      0.75729023	      0.56401579	      0.91112741	      0.88229551	      0.56657224	      0.71839080	      0.93457944	      0.58719906
      0.96900000	      0.51229508	      0.74915994	      0.56401579	      0.91743316	      0.84615131	      0.56657224	      0.71839080	      0.93457944	      0.58719906
      0.97000000	      0.51229508	      0.67937463	      0.56401579	      0.94432693	      0.79173421	      0.56657224	      0.71839080	      0.93457944	      0.58719906
      0.97100000	      0.51229508	      0.73910611	      0.56401579	      0.94234163	      0.81350954	      0.56657224	      0.71839080	      0.93457944	      0.58719906
      0.97200000	      0.51229508	      0.70001350	      0.56401579	      1.03050461	      0.76931126	      0.56657224	      0.71839080	      0.93457944	      0.58719906
      0.97300000	      0.51229508	      0.73138729	      0.56401579	      0.86174945	      0.86404999	      0.56657224	      0.71839080	      0.93457944	      0.58719906
      0.97400000	      0.51229508	      0.70172887	      0.56401579	      0.95248323	      0.80449816	      0.56657224	      0.71839080	      0.93457944	      0.58719906
      0.97500000	      0.51229508	      0.69497475	      0.56401579	      0.87257031	      0.87674898	      0.56657224	      0.71839080	      0.93457944	      0.58719906
      0.97600000	      0.51229508	      0.73948506	      0.56401579	      0.91637693	      0.84170210	      0.56657224	      0.71839080	      0.93457944	      0.58719906
      0.97700000	      0.51229508	      0.72202880	      0.56401579	      0.97635520	      0.78526857	      0.56657224	      0.71839080	      0.93457944	      0.58719906
      0.97800000	      0.51229508	      0.69955187	      0.56401579	      0.90328650	      0.84846809	      0.56657224	      0.71839080	      0.93457944	      0.58719906
      0.97900000	      0.51229508	      0.76157035	      0.56401579	      0.90501497	      0.84890130	      0.56657224	      0.71839080	      0.93457944	      0.58719906
      0.98000000	      0.51229508	      0.72788023	      0.56401579	      1.01964205	      0.74772882	      0.56657224	      0.71839080	      0.93457944	      0.58719906
      0.98100000	      0.51229508	      0.69359187	      0.56401579	      0.88127080	      0.84240208	      0.56657224	      0.71839080	      0.93457944	      0.58719906
      0.98200000	      0.51229508	      0.68717426	      0.56401579	      0.99541070	      0.80405056	      0.56657224	      0.71839080	      0.93457944	      0.58719906
      0.98300000	      0.51229508	      0.72068263	      0.56401579	      0.87280768	      0.87217269	      0.56657224	      0.71839080	      0.93457944	      0.58719906
      0.98400000	      0.51229508	      0.79308287	      0.56401579	      0.86723858	      0.88875968	      0.56657224	      0.71839080	      0.93457944	      0.58719906
      0.98500000	      0.51229508	      0.70743610	      0.56401579	      0.99500646	      0.79120131	      0.56657224	      0.71839080	      0.93457944	      0.58719906
      0.98600000	      0.51229508	      0.71527301	      0.56401579	      1.01990255	      0.76603016	      0.56657224	      0.71839080	      0.93457944	      0.58719906
      0.98700000	      0.51229508	      0.68889034	      0.56401579	      0.97105225	      0.76522574	      0.56657224	      0.71839080	      0.93457944	      0.58719906
      0.98800000	      0.51229508	      0.73485318	      0.56401579	      0.98833118	      0.83339745	      0.56657224	      0.71839080	      0.93457944	      0.58719906
      0.98900000	      0.51229508	      0.77285789	      0.56401579	      0.87379468	      0.87616006	      0.56657224	      0.71839080	      0.93457944	      0.58719906
      0.99000000	      0.51229508	      0.78471791	      0.56401579	      0.90471156	      0.88519429	      0.56657224	      0.71839080	      0.93457944	      0.58719906
      0.99100000	      0.51229508	      0.74426316	      0.56401579	      1.00338008	      0.76982874	      0.56657224	      0.71839080	      0.93457944	      0.58719906
      0.99200000	      0.51229508	      0.76459676	      0.56401579	      0.94921929	      0.85437137	      0.56657224	      0.71839080	      0.93457944	      0.58719906
      0.99300000	      0.51229508	      0.80422910	      0.56401579	      1.01173966	      0.74052986	      0.56657224	      0.71839080	      0.93457944	      0.58719906
      0.99400000	      0.51229508	      0.68019305	      0.56401579	      0.97732773	      0.80972808	      0.56657224	      0.71839080	      0.93457944	      0.58719906
      0.99500000	      0.51229508	      0.70552536	      0.56401579	      0.97865510	      0.80659880	      0.56657224	      0.71839080	      0.93457944	      0.58719906
      0.99600000	      0.51229508	      0.80058252	      0.56401579	      0.92355530	      0.90169592	      0.56657224	      0.71839080	      0.93457944	      0.58719906
      0.99700000	      0.51229508	      0.75023939	      0.56401579	      0.99562262	      0.77841704	      0.56657224	      0.71839080	      0.93457944	      0.58719906
      0.99800000	      0.51229508	      0.78032860	      0.56401579	      0.90188394	      0.88787278	      0.56657224	      0.71839080	      0.93457944	      0.58719906
      0.99900000	      0.51229508	      0.67749501	      0.56401579	      0.97053053	      0.81389307	      0.56657224	      0.71839080	      0.93457944	      0.58719906
      1.00000000	      0.51229508	      0.68479790	      0.56401579	      0.91603019	      0.88916944	      0.56657224	      0.71839080	      0.93457944	      0.58719906
      1.00100000	      0.51229508	      0.77350191	      0.56401579	      0.94446087	      0.86596687	      0.56657224	      0.71839080	      0.93457944	      0.58719906
      1.00200000	      0.51229508	      0.79126281	      0.56401579	      0.97788717	      0.82001042	      0.56657224	      0.71839080	      0.93457944	      0.58719906
      1.00300000	      0.51229508	      0.68689261	      0.56401579	      0.98224064	      0.82005545	      0.56657224	      0.71839080	      0.93457944	      0.58719906
      1.00400000	      0.51229508	      0.67874433	      0.56401579	      1.01624113	      0.77243029	      0.56657224	      0.71839080	      0.93457944	      0.58719906
      1.00500000	      0.51229508	      0.72015150	      0.56401579	      0.98864576	      0.81316036	      0.56657224	      0.71839080	      0.93457944	      0.58719906
      1.00600000	      0.51229508	      0.67960168	      0.56401579	      1.03976234	      0.76697380	      0.56657224	      0.71839080	      0.93457944	      0.58719906
      1.00700000	      0.51229508	      0.76283028	      0.56401579	      0.94773883	      0.82243827	      0.56657224	      0.71839080	      0.93457944	      0.58719906
      1.00800000	      0.51229508	      0.75276886	      0.56401579	      0.89427823	      0.84145351	      0.56657224	      0.71839080	      0.93457944	      0.58719906
      1.00900000	      0.51229508	      0.74283116	      0.56401579	      0.93436518	      0.84733816	      0.56657224	      0.71839080	      0.93457944	      0.58719906
      1.01000000	      0.51229508	      0.70500311	      0.56401579	      1.06679792	      0.74201868	      0.56657224	      0.71839080	      0.93457944	      0.58719906
      1.01100000	      0.51229508	      0.69141120	      0.56401579	      0.88510072	      0.86453966	      0.56657224	      0.71839080	      0.93457944	      0.58719906
      1.01200000	      0.51229508	      0.78285513	      0.56401579	      0.97536683	      0.78351451	      0.56657224	      0.71839080	      0.93457944	      0.58719906
      1.01300000	      0.51229508	      0.77936081	      0.56401579	      0.93250107	      0.87984219	      0.56657224	      0.71839080	      0.93457944	      0.58719906
      1.01400000	      0.51229508	      0.75901052	      0.56401579	      0.86907656	      0.88968517	      0.56657224	      0.71839080	      0.93457944	      0.58719906
      1.01500000	      0.51229508	      0.79501193	      0.56401579	      0.92111708	      0.85736973	      0.56657224	      0.71839080	      0.93457944	      0.58719906
      1.01600000	      0.51229508	      0.69623540	      0.56401579	      0.92814857	      0.80239884	      0.56657224	      0.71839080	      0.93457944	      0.58719906
      1.01700000	      0.51229508	      0.67571150	      0.56401579	      1.01335331	      0.75564997	      0.56657224	      0.71839080	      0.93457944	      0.58719906
      1.01800000	      0.51229508	      0.68246748	      0.56401579	      0.94750183	      0.80677603	      0.56657224	      0.71839080	      0.93457944	      0.58719906
      1.01900000	      0.51229508	      0.73225145	      0.56401579	      0.94956728	      0.84671065	      0.56657224	      0.71839080	      0.93457944	      0.58719906
      1.02000000	      0.51229508	      0.74640191	      0.56401579	      0.99993388	      0.76844108	      0.56657224	      0.71839080	      0.93457944	      0.58719906
      1.02100000	      0.51229508	      0.69918578	      0.56401579	      0.93062117	      0.86090053	      0.56657224	      0.71839080	      0.93457944	      0.58719906
      1.02200000	      0.51229508	      0.71234590	      0.56401579	      1.04401558	      0.76750887	      0.56657224	      0.71839080	      0.93457944	      0.58719906
      1.02300000	      0.51229508	      0.73610397	      0.56401579	      0.86959194	      0.89005378	      0.56657224	      0.71839080	      0.93457944	      0.58719906
      1.02400000	      0.51229508	      0.70834370	      0.56401579	      0.93698260	      0.82775163	      0.56657224	      0.71839080	      0.93457944	      0.58719906
      1.02500000	      0.51229508	      0.72379866	      0.56401579	      0.98425581	      0.76510165	      0.56657224	      0.71839080	      0.93457944	      0.58719906
      1.02600000	      0.51229508	      0.71444594	      0.56401579	      0.93125912	      0.88131504	      0.56657224	      0.71839080	      0.93457944	      0.58719906
      1.02700000	      0.51229508	      0.71152170	      0.56401579	      0.98488198	      0.77744710	      0.56657224	      0.71839080	      0.93457944	      0.58719906
      1.02800000	      0.51229508	      0.78263555	      0.56401579	      0.88754878	      0.87375720	      0.56657224	      0.71839080	      0.93457944	      0.58719906
      1.02900000	      0.51229508	      0.76486715	      0.56401579	      1.01012002	      0.79530759	      0.56657224	      0.71839080	      0.93457944	      0.58719906
      1.03000000	      0.51229508	      0.67938733	      0.56401579	      1.01128924	      0.78724550	      0.56657224	      0.71839080	      0.93457944	      0.58719906
      1.03100000	      0.51229508	      0.68794882	      0.56401579	      0.92193540	      0.84414836	      0.56657224	      0.71839080	      0.93457944	      0.58719906
      1.03200000	      0.51229508	      0.67560115	      0.56401579	      0.83894843	      0.87319854	      0.56657224	      0.71839080	      0.93457944	      0.58719906
      1.03300000	      0.51229508	      0.73428060	      0.56401579	      1.00770199	      0.79495525	      0.56657224	      0.71839080	      0.93457944	      0.58719906
      1.03400000	      0.51229508	      0.68964295	      0.56401579	      0.94471884	      0.81937645	      0.56657224	      0.71839080	      0.93457944	      0.58719906
      1.03500000	      0.51229508	      0.72169258	      0.56401579	      0.94882166	      0.81024651	      0.56657224	      0.71839080	      0.93457944	      0.58719906
      1.03600000	      0.51229508	      0.74267160	      0.56401579	      1.03006028	      0.74053679	      0.56657224	      0.71839080	      0.93457944	      0.58719906
      1.03700000	      0.51229508	      0.75358199	      0.56401579	      1.03064773	      0.76047906	      0.56657224	      0.71839080	      0.93457944	      0.58719906
      1.03800000	      0.51229508	      0.72633453	      0.56401579	      1.00247484	      0.82010740	      0.56657224	      0.71839080	      0.93457944	      0.58719906
      1.03900000	      0.51229508	      0.72922355	      0.56401579	      0.99635257	      0.80886480	      0.56657224	      0.71839080	      0.93457944	      0.58719906
      1.04000000	      0.51229508	      0.76255115	      0.56401579	      0.88522202	      0.90188047	      0.56657224	      0.71839080	      0.93457944	      0.58719906
      1.04100000	      0.51229508	      0.67989276	      0.56401579	      0.94634414	      0.78703522	      0.56657224	      0.71839080	      0.93457944	      0.58719906
      1.04200000	      0.51229508	      0.77614325	      0.56401579	      0.97230583	      0.76127355	      0.56657224	      0.71839080	      0.93457944	      0.58719906
      1.04300000	      0.51229508	      0.74834346	      0.56401579	      0.90357442	      0.86467761	      0.56657224	      0.71839080	      0.93457944	      0.58719906
      1.04400000	      0.51229508	      0.69564871	      0.56401579	      1.02292321	      0.72435570	      0.56657224	      0.71839080	      0.93457944	      0.58719906
      1.04500000	      0.51229508	      0.79502778	      0.56401579	      0.93643179	      0.82478274	      0.56657224	      0.71839080	      0.93457944	      0.58719906
      1.04600000	      0.51229508	      0.70117091	      0.56401579	      1.00556997	      0.79084703	      0.56657224	      0.71839080	      0.93457944	      0.58719906
      1.04700000	      0.51229508	      0.68406360	      0.56401579	      0.88343748	      0.86792570	      0.56657224	      0.71839080	      0.93457944	      0.58719906
      1.04800000	      0.51229508	      0.70279463	      0.56401579	      1.01442008	      0.82779589	      0.56657224	      0.71839080	      0.93457944	      0.58719906
      1.04900000	      0.51229508	      0.67266834	      0.56401579	      1.01455898	      0.76687148	      0.56657224	      0.71839080	      0.93457944	      0.58719906
      1.05000000	      0.51229508	      0.78303693	      0.56401579	      0.91850158	      0.88518216	      0.56657224	      0.71839080	      0.93457944	      0.58719906
      1.05100000	      0.51229508	      0.71626225	      0.56401579	      1.00209259	      0.80308749	      0.56657224	      0.71839080	      0.93457944	      0.58719906
      1.05200000	      0.51229508	      0.73867764	      0.56401579	      1.06473008	      0.73504391	      0.56657224	      0.71839080	      0.93457944	      0.58719906
      1.05300000	      0.51229508	      0.68321533	      0.56401579	      0.91333583	      0.83330845	      0.56657224	      0.71839080	      0.93457944	      0.58719906
      1.05400000	      0.51229508	      0.67845439	      0.56401579	      1.02566430	      0.77500355	      0.56657224	      0.71839080	      0.93457944	      0.58719906
      1.05500000	      0.51229508	      0.67729374	      0.56401579	      0.94436703	      0.84539053	      0.56657224	      0.71839080	      0.93457944	      0.58719906
      1.05600000	      0.51229508	      0.78476329	      0.56401579	      1.02413136	      0.78994435	      0.56657224	      0.71839080	      0.93457944	      0.58719906
      1.05700000	      0.51229508	      0.70209247	      0.56401579	      1.03943468	      0.71714954	      0.56657224	      0.71839080	      0.93457944	      0.58719906
      1.05800000	      0.51229508	      0.69388447	      0.56401579	      0.94272872	      0.88720383	      0.56657224	      0.71839080	      0.93457944	      0.58719906
      1.05900000	      0.51229508	      0.78047797	      0.56401579	      0.92681034	      0.85110080	      0.56657224	      0.71839080	      0.93457944	      0.58719906
      1.06000000	      0.51229508	      0.74163792	      0.56401579	      0.95146227	      0.82465610	      0.56657224	      0.71839080	      0.93457944	      0.58719906
      1.06100000	      0.51229508	      0.69504475	      0.56401579	      1.03189754	      0.76711256	      0.56657224	      0.71839080	      0.93457944	      0.58719906
      1.06200000	      0.51229508	      0.67180286	      0.56401579	      0.96301053	      0.80467132	      0.56657224	      0.71839080	      0.93457944	      0.58719906
      1.06300000	      0.51229508	      0.68931193	      0.56401579	      1.03091441	      0.74806101	      0.56657224	      0.71839080	      0.93457944	      0.58719906
      1.06400000	      0.51229508	      0.67434747	      0.56401579	      0.89868766	      0.82479244	      0.56657224	      0.71839080	      0.93457944	      0.58719906
      1.06500000	      0.51229508	      0.70756234	      0.56401579	      1.03282723	      0.78785710	      0.56657224	      0.71839080	      0.93457944	      0.58719906
      1.06600000	      0.51229508	      0.75935879	      0.56401579	      1.00900254	      0.76017429	      0.56657224	      0.71839080	      0.93457944	      0.58719906
      1.06700000	      0.51229508	      0.77561939	      0.56401579	      0.83769943	      0.87522369	      0.56657224	      0.71839080	      0.93457944	      0.58719906
      1.06800000	      0.51229508	      0.75725990	      0.56401579	      0.90592717	      0.84224569	      0.56657224	      0.71839080	      0.93457944	      0.58719906
      1.06900000	      0.51229508	      0.72016200	      0.56401579	      0.88439285	      0.88157951	      0.56657224	      0.71839080	      0.93457944	      0.58719906
      1.07000000	      0.51229508	      0.74692981	      0.56401579	      1.03164547	      0.74251483	      0.56657224	      0.71839080	      0.93457944	      0.58719906
      1.07100000	      0.51229508	      0.73152258	      0.56401579	      0.87314261	      0.90097174	      0.56657224	      0.71839080	      0.93457944	      0.58719906
      1.07200000	      0.51229508	      0.77092640	      0.56401579	      0.87890000	      0.87965598	      0.56657224	      0.71839080	      0.93457944	      0.58719906
      1.07300000	      0.51229508	      0.71192657	      0.56401579	      0.95118920	      0.81058607	      0.56657224	      0.71839080	      0.93457944	      0.58719906
      1.07400000	      0.51229508	      0.68190631	      0.56401579	      1.03215605	      0.77533677	      0.56657224	      0.71839080	      0.93457944	      0.58719906
      1.07500000	      0.51229508	      0.72600457	      0.56401579	      0.99253665	      0.76995264	      0.56657224	      0.71839080	      0.93457944	      0.58719906
      1.07600000	      0.51229508	      0.69840406	      0.56401579	      1.08671054	      0.72231838	      0.56657224	      0.71839080	      0.93457944	      0.58719906
      1.07700000	      0.51229508	      0.72009354	      0.56401579	      0.88920936	      0.87013965	      0.56657224	      0.71839080	      0.93457944	      0.58719906
      1.07800000	      0.51229508	      0.67621784	      0.56401579	      1.00603930	      0.80896236	      0.56657224	      0.71839080	      0.93457944	      0.58719906
      1.07900000	      0.51229508	      0.78488910	      0.56401579	      1.07486461	      0.73004793	      0.56657224	      0.71839080	      0.93457944	      0.58719906
      1.08000000	      0.51229508	      0.70318798	      0.56401579	      0.98899746	      0.85231203	      0.56657224	      0.71839080	      0.93457944	      0.58719906
      1.08100000	      0.51229508	      0.73194181	      0.56401579	      1.05968742	      0.74023492	      0.56657224	      0.71839080	      0.93457944	      0.58719906
      1.08200000	      0.51229508	      0.69146254	      0.56401579	      0.89255393	      0.85455431	      0.56657224	      0.71839080	      0.93457944	      0.58719906
      1.08300000	      0.51229508	      0.76338109	      0.56401579	      0.94686916	      0.82978583	      0.56657224	      0.71839080	      0.93457944	      0.58719906
      1.08400000	      0.51229508	      0.77140049	      0.56401579	      1.02691106	      0.76882942	      0.56657224	      0.71839080	      0.93457944	      0.58719906
      1.08500000	      0.51229508	      0.71462300	      0.56401579	      1.02870176	      0.76702596	      0.56657224	      0.71839080	      0.93457944	      0.58719906
      1.08600000	      0.51229508	      0.68263692	      0.56401579	      0.88874873	      0.83529528	      0.56657224	      0.71839080	      0.93457944	      0.58719906
      1.08700000	      0.51229508	      0.68041749	      0.56401579	      0.91999212	      0.83226485	      0.56657224	      0.71839080	      0.93457944	      0.58719906
      1.08800000	      0.51229508	      0.73755697	      0.56401579	      0.95637666	      0.81333761	      0.56657224	      0.71839080	      0.93457944	      0.58719906
      1.08900000	      0.51229508	      0.76009084	      0.56401579	      1.05956655	      0.72573889	      0.56657224	      0.71839080	      0.93457944	      0.58719906
      1.09000000	      0.51229508	      0.75245888	      0.56401579	      1.01850367	      0.76116414	      0.56657224	      0.71839080	      0.93457944	      0.58719906
      1.09100000	      0.51229508	      0.70609285	      0.56401579	      0.99564151	      0.80335974	      0.56657224	      0.71839080	      0.93457944	      0.58719906
      1.09200000	      0.51229508	      0.71319818	      0.56401579	      0.91505894	      0.88891344	      0.56657224	      0.71839080	      0.93457944	      0.58719906
      1.09300000	      0.51229508	      0.77482492	      0.56401579	      0.95200241	      0.79043926	      0.56657224	      0.71839080	      0.93457944	      0.58719906
      1.09400000	      0.51229508	      0.67163918	      0.56401579	      0.96939312	      0.76269791	      0.56657224	      0.71839080	      0.93457944	      0.58719906
      1.09500000	      0.51229508	      0.69265035	      0.56401579	      0.90558274	      0.85970599	      0.56657224	      0.71839080	      0.93457944	      0.58719906
      1.09600000	      0.51229508	      0.67193129	      0.56401579	      0.99810746	      0.78017518	      0.56657224	      0.71839080	      0.93457944	      0.58719906
      1.09700000	      0.51229508	      0.68439972	      0.56401579	      0.93147609	      0.84609597	      0.56657224	      0.71839080	      0.93457944	      0.58719906
      1.09800000	      0.51229508	      0.74395046	      0.56401579	      0.96686926	      0.79338213	      0.56657224	      0.71839080	      0.93457944	      0.58719906
      1.09900000	      0.51229508	      0.72863596	      0.56401579	      1.01946627	      0.79520772	      0.56657224	      0.71839080	      0.93457944	      0.58719906
      1.10000000	      0.51229508	      0.67512331	      0.56401579	      0.91240505	      0.86026701	      0.56657224	      0.71839080	      0.93457944	      0.58719906
      1.10100000	      0.51229508	      0.75884793	      0.56401579	      1.03901635	      0.72820489	      0.56657224	      0.71839080	      0.93457944	      0.58719906
      1.10200000	      0.51229508	      0.68200134	      0.56401579	      0.92746990	      0.81269910	      0.56657224	      0.71839080	      0.93457944	      0.58719906
      1.10300000	      0.51229508	      0.72545082	      0.56401579	      1.01779380	      0.73229522	      0.56657224	      0.71839080	      0.93457944	      0.58719906
      1.10400000	      0.51229508	      0.68636052	      0.56401579	      0.98154310	      0.79796997	      0.56657224	      0.71839080	      0.93457944	      0.58719906
      1.10500000	      0.51229508	      0.71082345	      0.56401579	      0.92556683	      0.85896017	      0.56657224	      0.71839080	      0.93457944	      0.58719906
      1.10600000	      0.51229508	      0.71473402	      0.56401579	      0.97503058	      0.77895442	      0.56657224	      0.71839080	      0.93457944	      0.58719906
      1.10700000	      0.51229508	      0.69123974	      0.56401579	      1.00105091	      0.76862535	      0.56657224	      0.71839080	      0.93457944	      0.58719906
      1.10800000	      0.51229508	      0.69404659	      0.56401579	      0.91415676	      0.84898175	      0.56657224	      0.71839080	      0.93457944	      0.58719906
      1.10900000	      0.51229508	      0.67223992	      0.56401579	      0.94992162	      0.87784420	      0.56657224	      0.71839080	      0.93457944	      0.58719906
      1.11000000	      0.51229508	      0.75400842	      0.56401579	      1.00963167	      0.77110762	      0.56657224	      0.71839080	      0.93457944	      0.58719906
      1.11100000	      0.51229508	      0.77626595	      0.56401579	      0.90352613	      0.88193447	      0.56657224	      0.71839080	      0.93457944	      0.58719906
      1.11200000	      0.51229508	      0.67760264	      0.56401579	      0.96210754	      0.81750891	      0.56657224	      0.71839080	      0.93457944	      0.58719906
      1.11300000	      0.51229508	      0.73703145	      0.56401579	      1.08626816	      0.72797316	      0.56657224	      0.71839080	      0.93457944	      0.58719906
      1.11400000	      0.51229508	      0.69992394	      0.56401579	      0.89352823	      0.87511295	      0.56657224	      0.71839080	      0.93457944	      0.58719906
      1.11500000	      0.51229508	      0.71753572	      0.56401579	      1.03302046	      0.76032620	      0.56657224	      0.71839080	      0.93457944	      0.58719906
      1.11600000	      0.51229508	      0.70527040	      0.56401579	      0.95526403	      0.83502431	      0.56657224	      0.71839080	      0.93457944	      0.58719906
      1.11700000	      0.51229508	      0.67038914	      0.56401579	      1.04623247	      0.76748454	      0.56657224	      0.71839080	      0.93457944	      0.58719906
      1.11800000	      0.51229508	      0.67463837	      0.56401579	      0.95758922	      0.77911923	      0.56657224	      0.71839080	      0.93457944	      0.58719906
      1.11900000	      0.51229508	      0.77972832	      0.56401579	      0.91807736	      0.86294215	      0.56657224	      0.71839080	      0.93457944	      0.58719906
      1.12000000	      0.51229508	      0.76931188	      0.56401579	      1.03268758	      0.78676826	      0.56657224	      0.71839080	      0.93457944	      0.58719906
      1.12100000	      0.51229508	      0.67308053	      0.56401579	      0.91389656	      0.82599341	      0.56657224	      0.71839080	      0.93457944	      0.58719906
      1.12200000	      0.51229508	      0.73289018	      0.56401579	      1.00729569	      0.78262897	      0.56657224	      0.71839080	      0.93457944	      0.58719906
      1.12300000	      0.51229508	      0.68370540	      0.56401579	      1.04833286	      0.79092188	      0.56657224	      0.71839080	      0.93457944	      0.58719906
      1.12400000	      0.51229508	      0.74078280	      0.56401579	      1.00821534	      0.76048858	      0.56657224	      0.71839080	      0.93457944	      0.58719906
      1.12500000	      0.51229508	      0.74533935	      0.56401579	      1.06423993	      0.72251634	      0.56657224	      0.71839080	      0.93457944	      0.58719906
      1.12600000	      0.51229508	      0.67630241	      0.56401579	      0.99065110	      0.80301067	      0.56657224	      0.71839080	      0.93457944	      0.58719906
      1.12700000	      0.51229508	      0.75888542	      0.56401579	      1.02157162	      0.75107713	      0.56657224	      0.71839080	      0.93457944	      0.58719906
      1.12800000	      0.51229508	      0.71767310	      0.56401579	      0.97312700	      0.79915735	      0.56657224	      0.71839080	      0.93457944	      0.58719906
      1.12900000	      0.51229508	      0.71418648	      0.56401579	      1.08755313	      0.71374690	      0.56657224	      0.71839080	      0.93457944	      0.58719906
      1.13000000	      0.51229508	      0.76841749	      0.56401579	      0.89070776	      0.87963280	      0.56657224	      0.71839080	      0.93457944	      0.58719906
      1.13100000	      0.51229508	      0.68681201	      0.56401579	      1.09103837	      0.71665942	      0.56657224	      0.71839080	      0.93457944	      0.58719906
      1.13200000	      0.51229508	      0.74746003	      0.56401579	      0.97214045	      0.78964293	      0.56657224	      0.71839080	      0.93457944	      0.58719906
      1.13300000	      0.51229508	      0.67841368	      0.56401579	      0.95499817	      0.83134706	      0.56657224	      0.71839080	      0.93457944	      0.58719906
      1.13400000	      0.51229508	      0.68993624	      0.56401579	      1.01069012	      0.76400550	      0.56657224	      0.71839080	      0.93457944	      0.58719906
      1.13500000	      0.51229508	      0.68348333	      0.56401579	      1.00951589	      0.73131769	      0.56657224	      0.71839080	      0.93457944	      0.58719906
      1.13600000	      0.51229508	      0.70424139	      0.56401579	      0.90094892	      0.87994017	      0.56657224	      0.71839080	      0.93457944	      0.58719906
      1.13700000	      0.51229508	      0.74056347	      0.56401579	      1.07337749	      0.73767206	      0.56657224	      0.71839080	      0.93457944	      0.58719906
      1.13800000	      0.51229508	      0.66998840	      0.56401579	      1.02700248	      0.77111063	      0.56657224	      0.71839080	      0.93457944	      0.58719906
      1.13900000	      0.51229508	      0.70720010	      0.56401579	      0.95748482	      0.82549265	      0.56657224	      0.71839080	      0.93457944	      0.58719906
      1.14000000	      0.51229508	      0.73523742	      0.56401579	      1.02842717	      0.73069289	      0.56657224	      0.71839080	      0.93457944	      0.58719906
      1.14100000	      0.51229508	      0.67349663	      0.56401579	      1.00738114	      0.79550608	      0.56657224	      0.71839080	      0.93457944	      0.58719906
      1.14200000	      0.51229508	      0.67367457	      0.56401579	      0.94439237	      0.83285406	      0.56657224	      0.71839080	      0.93457944	      0.58719906
      1.14300000	      0.51229508	      0.72427751	      0.56401579	      1.01886595	      0.80310069	      0.56657224	      0.71839080	      0.93457944	      0.58719906
      1.14400000	      0.51229508	      0.67131406	      0.56401579	      0.88062479	      0.85563728	      0.56657224	      0.71839080	      0.93457944	      0.58719906
      1.14500000	      0.51229508	      0.75174537	      0.56401579	      0.96716841	      0.76340984	      0.56657224	      0.71839080	      0.93457944	      0.58719906
      1.14600000	      0.51229508	      0.73045587	      0.56401579	      0.98258220	      0.77555694	      0.56657224	      0.71839080	      0.93457944	      0.58719906
      1.14700000	      0.51229508	      0.77467144	      0.56401579	      1.00445751	      0.81436815	      0.56657224	      0.71839080	      0.93457944	      0.58719906
      1.14800000	      0.51229508	      0.76478491	      0.56401579	      0.86604080	      0.89177568	      0.56657224	      0.71839080	      0.93457944	      0.58719906
      1.14900000	      0.51229508	      0.69774771	      0.56401579	      1.09620955	      0.73147091	      0.56657224	      0.71839080	      0.93457944	      0.58719906
      1.15000000	      0.51229508	      0.69372045	      0.56401579	      0.98313775	      0.78693921	      0.56657224	      0.71839080	      0.93457944	      0.58719906
      1.15100000	      0.51229508	      0.77766079	      0.56401579	      1.00152819	      0.77242426	      0.56657224	      0.71839080	      0.93457944	      0.58719906
      1.15200000	      0.51229508	      0.72220750	      0.56401579	      1.05303444	      0.75361197	      0.56657224	      0.71839080	      0.93457944	      0.58719906
      1.15300000	      0.51229508	      0.75408204	      0.56401579	      0.98225888	      0.80436267	      0.56657224	      0.71839080	      0.93457944	      0.58719906
      1.15400000	      0.51229508	      0.73563434	      0.56401579	      1.04701196	      0.76339787	      0.56657224	      0.71839080	      0.93457944	      0.58719906
      1.15500000	      0.51229508	      0.66969913	      0.56401579	      0.90549333	      0.83260264	      0.56657224	      0.71839080	      0.93457944	      0.58719906
      1.15600000	      0.51229508	      0.76349173	      0.56401579	      0.95627312	      0.83293487	      0.56657224	      0.71839080	      0.93457944	      0.58719906
      1.15700000	      0.51229508	      0.69215599	      0.56401579	      0.98952653	      0.80380707	      0.56657224	      0.71839080	      0.93457944	      0.58719906
      1.15800000	      0.51229508	      0.68704360	      0.56401579	      0.99385016	      0.80391551	      0.56657224	      0.71839080	      0.93457944	      0.58719906
      1.15900000	      0.51229508	      0.67839453	      0.56401579	      1.06226136	      0.74412178	      0.56657224	      0.71839080	      0.93457944	      0.58719906
      1.16000000	      0.51229508	      0.72959368	      0.56401579	      1.07189346	      0.68813576	      0.56657224	      0.71839080	      0.93457944	      0.58719906
      1.16100000	      0.51229508	      0.74501275	      0.56401579	      1.01349641	      0.76353418	      0.56657224	      0.71839080	      0.93457944	      0.58719906
      1.16200000	      0.51229508	      0.67204756	      0.56401579	      0.94744305	      0.78551150	      0.56657224	      0.71839080	      0.93457944	      0.58719906
      1.16300000	      0.51229508	      0.75099193	      0.56401579	      0.90031233	      0.86429093	      0.56657224	      0.71839080	      0.93457944	      0.58719906
      1.16400000	      0.51229508	      0.68637847	      0.56401579	      1.07607594	      0.73072158	      0.56657224	      0.71839080	      0.93457944	      0.58719906
      1.16500000	      0.51229508	      0.67054236	      0.56401579	      1.09296387	      0.69670469	      0.56657224	      0.71839080	      0.93457944	      0.58719906
      1.16600000	      0.51229508	      0.68262272	      0.56401579	      0.98122954	      0.75697547	      0.56657224	      0.71839080	      0.93457944	      0.58719906
      1.16700000	      0.51229508	      0.71008228	      0.56401579	      0.93809987	      0.81133073	      0.56657224	      0.71839080	      0.93457944	      0.58719906
      1.16800000	      0.51229508	      0.76588823	      0.56401579	      1.02371802	      0.71937293	      0.56657224	      0.71839080	      0.93457944	      0.58719906
      1.16900000	      0.51229508	      0.72776755	      0.56401579	      0.99195751	      0.77763324	      0.56657224	      0.71839080	      0.93457944	      0.58719906
      1.17000000	      0.51229508	      0.70458636	      0.56401579	      0.98166079	      0.81022289	      0.56657224	      0.71839080	      0.93457944	      0.58719906
      1.17100000	      0.51229508	      0.67559709	      0.56401579	      1.03061022	      0.79590445	      0.56657224	      0.71839080	      0.93457944	      0.58719906
      1.17200000	      0.51229508	      0.71821000	      0.56401579	      0.89484519	      0.88526650	      0.56657224	      0.71839080	      0.93457944	      0.58719906
      1.17300000	      0.51229508	      0.69612298	      0.56401579	      1.05646794	      0.71382750	      0.56657224	      0.71839080	      0.93457944	      0.58719906
      1.17400000	      0.51229508	      0.70245315	      0.56401579	      0.97621862	      0.84808837	      0.56657224	      0.71839080	      0.93457944	      0.58719906
      1.17500000	      0.51229508	      0.67342311	      0.56401579	      0.92327328	      0.85296316	      0.56657224	      0.71839080	      0.93457944	      0.58719906
      1.17600000	      0.51229508	      0.69611636	      0.56401579	      0.97044618	      0.78072635	      0.56657224	      0.71839080	      0.93457944	      0.58719906
      1.17700000	      0.51229508	      0.72627794	      0.56401579	      0.99671885	      0.76374698	      0.56657224	      0.71839080	      0.93457944	      0.58719906
      1.17800000	      0.51229508	      0.70033341	      0.56401579	      1.06819403	      0.72184024	      0.56657224	      0.71839080	      0.93457944	      0.58719906
      1.17900000	      0.51229508	      0.69223243	      0.56401579	      0.96148715	      0.85045025	      0.56657224	      0.71839080	      0.93457944	      0.58719906
      1.18000000	      0.51229508	      0.75607579	      0.56401579	      1.02002956	      0.73719387	      0.56657224	      0.71839080	      0.93457944	      0.58719906
      1.18100000	      0.51229508	      0.66942308	      0.56401579	      1.09341951	      0.74069548	      0.56657224	      0.71839080	      0.93457944	      0.58719906
      1.18200000	      0.51229508	      0.68054967	      0.56401579	      1.00569995	      0.80669291	      0.56657224	      0.71839080	      0.93457944	      0.58719906
      1.18300000	      0.51229508	      0.67476648	      0.56401579	      1.07114100	      0.73156419	      0.56657224	      0.71839080	      0.93457944	      0.58719906
      1.18400000	      0.51229508	      0.70457164	      0.56401579	      1.01243169	      0.82246754	      0.56657224	      0.71839080	      0.93457944	      0.58719906
      1.18500000	      0.51229508	      0.68691356	      0.56401579	      0.94263947	      0.82775271	      0.56657224	      0.71839080	      0.93457944	      0.58719906
      1.18600000	      0.51229508	      0.73662405	      0.56401579	      0.90635956	      0.86887528	      0.56657224	      0.71839080	      0.93457944	      0.58719906
      1.18700000	      0.51229508	      0.77733351	      0.56401579	      0.93459905	      0.79471481	      0.56657224	      0.71839080	      0.93457944	      0.58719906
      1.18800000	      0.51229508	      0.74973115	      0.56401579	      0.94776730	      0.81999712	      0.56657224	      0.71839080	      0.93457944	      0.58719906
      1.18900000	      0.51229508	      0.73337470	      0.56401579	      1.08475637	      0.68988010	      0.56657224	      0.71839080	      0.93457944	      0.58719906
      1.19000000	      0.51229508	      0.70962653	      0.56401579	      1.07271028	      0.72473594	      0.56657224	      0.71839080	      0.93457944	      0.58719906
      1.19100000	      0.51229508	      0.76088516	      0.56401579	      1.06705574	      0.69313403	      0.56657224	      0.71839080	      0.93457944	      0.58719906
      1.19200000	      0.51229508	      0.71700601	      0.56401579	      0.95746070	      0.85286025	      0.56657224	      0.71839080	      0.93457944	      0.58719906
      1.19300000	      0.51229508	      0.67636652	      0.56401579	      0.95088753	      0.78356017	      0.56657224	      0.71839080	      0.93457944	      0.58719906
      1.19400000	      0.51229508	      0.74450488	      0.56401579	      1.04632766	      0.71269940	      0.56657224	      0.71839080	      0.93457944	      0.58719906
      1.19500000	      0.51229508	      0.67773665	      0.56401579	      1.00620035	      0.77714208	      0.56657224	      0.71839080	      0.93457944	      0.58719906
      1.19600000	      0.51229508	      0.76775989	      0.56401579	      0.94856441	      0.80067080	      0.56657224	      0.71839080	      0.93457944	      0.58719906
      1.19700000	      0.51229508	      0.68370902	      0.56401579	      0.89946383	      0.87135456	      0.56657224	      0.71839080	      0.93457944	      0.58719906
      1.19800000	      0.51229508	      0.67010049	      0.56401579	      1.08894574	      0.71287181	      0.56657224	      0.71839080	      0.93457944	      0.58719906
      1.19900000	      0.51229508	      0.67251674	      0.56401579	      0.95578275	      0.81214846	      0.56657224	      0.71839080	      0.93457944	      0.58719906
      1.20000000	      0.51229508	      0.72115705	      0.56401579	      1.03607741	      0.73846632	      0.56657224	      0.71839080	      0.93457944	      0.58719906
      1.20100000	      0.51229508	      0.66960915	      0.56401579	      1.02308574	      0.77606828	      0.56657224	      0.71839080	      0.93457944	      0.58719906
      1.20200000	      0.51229508	      0.69138314	      0.56401579	      1.11550280	      0.69052401	      0.56657224	      0.71839080	      0.93457944	      0.58719906
      1.20300000	      0.51229508	      0.77529966	      0.56401579	      1.05989403	      0.71019785	      0.56657224	      0.71839080	      0.93457944	      0.58719906
      1.20400000	      0.51229508	      0.70853332	      0.56401579	      0.97494747	      0.82469229	      0.56657224	      0.71839080	      0.93457944	      0.58719906
      1.20500000	      0.51229508	      0.67105333	      0.56401579	      1.06532506	      0.68837409	      0.56657224	      0.71839080	      0.93457944	      0.58719906
      1.20600000	      0.51229508	      0.71934704	      0.56401579	      1.01152253	      0.78886285	      0.56657224	      0.71839080	      0.93457944	      0.58719906
      1.20700000	      0.51229508	      0.68838452	      0.56401579	      1.10888365	      0.69557396	      0.56657224	      0.71839080	      0.93457944	      0.58719906
      1.20800000	      0.51229508	      0.74130819	      0.56401579	      1.04574082	      0.79835708	      0.56657224	      0.71839080	      0.93457944	      0.58719906
      1.20900000	      0.51229508	      0.70051487	      0.56401579	      0.96748739	      0.82985611	      0.56657224	      0.71839080	      0.93457944	      0.58719906
      1.21000000	      0.51229508	      0.72596475	      0.56401579	      0.95557559	      0.82215902	      0.56657224	      0.71839080	      0.93457944	      0.58719906
      1.21100000	      0.51229508	      0.67288122	      0.56401579	      1.07673849	      0.71072076	      0.56657224	      0.71839080	      0.93457944	      0.58719906
      1.21200000	      0.51229508	      0.67367691	      0.56401579	      0.99828903	      0.82746503	      0.56657224	      0.71839080	      0.93457944	      0.58719906
      1.21300000	      0.51229508	      0.73990102	      0.56401579	      0.98955094	      0.77463667	      0.56657224	      0.71839080	      0.93457944	      0.58719906
      1.21400000	      0.51229508	      0.67542479	      0.56401579	      1.03074451	      0.76920455	      0.56657224	      0.71839080	      0.93457944	      0.58719906
      1.21500000	      0.51229508	      0.70405474	      0.56401579	      0.99577361	      0.76883926	      0.56657224	      0.71839080	      0.93457944	      0.58719906
      1.21600000	      0.51229508	      0.67963272	      0.56401579	      1.05103547	      0.74815658	      0.56657224	      0.71839080	      0.93457944	      0.58719906
      1.21700000	      0.51229508	      0.74759195	      0.56401579	      1.00475397	      0.81200419	      0.56657224	      0.71839080	      0.93457944	      0.58719906
      1.21800000	      0.51229508	      0.73047105	      0.56401579	      1.00799760	      0.72948350	      0.56657224	      0.71839080	      0.93457944	      0.58719906
      1.21900000	      0.51229508	      0.68588367	      0.56401579	      0.91187969	      0.83183598	      0.56657224	      0.71839080	      0.93457944	      0.58719906
      1.22000000	      0.51229508	      0.75467756	      0.56401579	      1.02647056	      0.72209478	      0.56657224	      0.71839080	      0.93457944	      0.58719906
      1.22100000	      0.51229508	      0.69777625	      0.56401579	      0.93872108	      0.81141463	      0.56657224	      0.71839080	      0.93457944	      0.58719906
      1.22200000	      0.51229508	      0.71680764	      0.56401579	      1.05080548	      0.73473837	      0.56657224	      0.71839080	      0.93457944	      0.58719906
      1.22300000	      0.51229508	      0.76689701	      0.56401579	      1.01943972	      0.75818388	      0.56657224	      0.71839080	      0.93457944	      0.58719906
      1.22400000	      0.51229508	      0.76206255	      0.56401579	      0.91690220	      0.84403145	      0.56657224	      0.71839080	      0.93457944	      0.58719906
      1.22500000	      0.51229508	      0.68043012	      0.56401579	      0.94405794	      0.79217708	      0.56657224	      0.71839080	      0.93457944	      0.58719906
      1.22600000	      0.51229508	      0.67193608	      0.56401579	      1.03397231	      0.76364376	      0.56657224	      0.71839080	      0.93457944	      0.58719906
      1.22700000	      0.51229508	      0.67402918	      0.56401579	      0.99164518	      0.81811987	      0.56657224	      0.71839080	      0.93457944	      0.58719906
      1.22800000	      0.51229508	      0.71326135	      0.56401579	      1.07188742	      0.73000522	      0.56657224	      0.71839080	      0.93457944	      0.58719906
      1.22900000	      0.51229508	      0.69425949	      0.56401579	      0.97258144	      0.79499023	      0.56657224	      0.71839080	      0.93457944	      0.58719906
      1.23000000	      0.51229508	      0.72313383	      0.56401579	      0.91586818	      0.82146599	      0.56657224	      0.71839080	      0.93457944	      0.58719906
      1.23100000	      0.51229508	      0.74234863	      0.56401579	      1.01413759	      0.74286084	      0.56657224	      0.71839080	      0.93457944	      0.58719906
      1.23200000	      0.51229508	      0.68710808	      0.56401579	      1.05015772	      0.74725336	      0.56657224	      0.71839080	      0.93457944	      0.58719906
      1.23300000	      0.51229508	      0.75449579	      0.56401579	      0.98122390	      0.81480051	      0.56657224	      0.71839080	      0.93457944	      0.58719906
      1.23400000	      0.51229508	      0.66987946	      0.56401579	      1.02932184	      0.80001872	      0.56657224	      0.71839080	      0.93457944	      0.58719906
      1.23500000	      0.51229508	      0.68253882	      0.56401579	      0.95479049	      0.80608300	      0.56657224	      0.71839080	      0.93457944	      0.58719906
      1.23600000	      0.51229508	      0.77784760	      0.56401579	      1.12048770	      0.66555482	      0.56657224	      0.71839080	      0.93457944	      0.58719906
      1.23700000	      0.51229508	      0.73375304	      0.56401579	      1.04014091	      0.74035840	      0.56657224	      0.71839080	      0.93457944	      0.58719906
      1.23800000	      0.51229508	      0.72904265	      0.56401579	      1.10686070	      0.70519368	      0.56657224	      0.71839080	      0.93457944	      0.58719906
      1.23900000	      0.51229508	      0.75606670	      0.56401579	      1.07816516	      0.71183934	      0.56657224	      0.71839080	      0.93457944	      0.58719906
      1.24000000	      0.51229508	      0.70258302	      0.56401579	      1.06977083	      0.73285715	      0.56657224	      0.71839080	      0.93457944	      0.58719906
      1.24100000	      0.51229508	      0.71718480	      0.56401579	      1.00162974	      0.74340454	      0.56657224	      0.71839080	      0.93457944	      0.58719906
      1.24200000	      0.51229508	      0.69696179	      0.56401579	      1.05378772	      0.70953556	      0.56657224	      0.71839080	      0.93457944	      0.58719906
      1.24300000	      0.51229508	      0.67101093	      0.56401579	      1.04352502	      0.71448697	      0.56657224	      0.71839080	      0.93457944	      0.58719906
      1.24400000	      0.51229508	      0.77153961	      0.56401579	      0.97506389	      0.80084854	      0.56657224	      0.71839080	      0.93457944	      0.58719906
      1.24500000	      0.51229508	      0.76440006	      0.56401579	      0.96718276	      0.78966589	      0.56657224	      0.71839080	      0.93457944	      0.58719906
      1.24600000	      0.51229508	      0.70789040	      0.56401579	      0.98739855	      0.82123630	      0.56657224	      0.71839080	      0.93457944	      0.58719906
      1.24700000	      0.51229508	      0.67664751	      0.56401579	      1.08707911	      0.70405002	      0.56657224	      0.71839080	      0.93457944	      0.58719906
      1.24800000	      0.51229508	      0.74616359	      0.56401579	      1.03428405	      0.77185936	      0.56657224	      0.71839080	      0.93457944	      0.58719906
      1.24900000	      0.51229508	      0.67943480	      0.56401579	      1.00050866	      0.79233851	      0.56657224	      0.71839080	      0.93457944	      0.58719906
      1.25000000	      0.51229508	      0.69163284	      0.56401579	      0.98267187	      0.79986121	      0.56657224	      0.71839080	      0.93457944	      0.58719906
      1.25100000	      0.51229508	      0.69938855	      0.56401579	      0.96468872	      0.82193722	      0.56657224	      0.71839080	      0.93457944	      0.58719906
      1.25200000	      0.51229508	      0.67840681	      0.56401579	      1.06339103	      0.72758401	      0.56657224	      0.71839080	      0.93457944	      0.58719906
      1.25300000	      0.51229508	      0.70241935	      0.56401579	      1.11735846	      0.69138293	      0.56657224	      0.71839080	      0.93457944	      0.58719906
      1.25400000	      0.51229508	      0.75638263	      0.56401579	      1.08475544	      0.71611822	      0.56657224	      0.71839080	      0.93457944	      0.58719906
      1.25500000	      0.51229508	      0.69219675	      0.56401579	      1.10803621	      0.67663936	      0.56657224	      0.71839080	      0.93457944	      0.58719906
      1.25600000	      0.51229508	      0.74912598	      0.56401579	      1.05539970	      0.70142872	      0.56657224	      0.71839080	      0.93457944	      0.58719906
      1.25700000	      0.51229508	      0.73459468	      0.56401579	      1.02392549	      0.77160504	      0.56657224	      0.71839080	      0.93457944	      0.58719906
      1.25800000	      0.51229508	      0.73147821	      0.56401579	      1.12392705	      0.68256702	      0.56657224	      0.71839080	      0.93457944	      0.58719906
      1.25900000	      0.51229508	      0.68095228	      0.56401579	      1.05455634	      0.73087124	      0.56657224	      0.71839080	      0.93457944	      0.58719906
      1.26000000	      0.51229508	      0.72769019	      0.56401579	      0.98621440	      0.81174346	      0.56657224	      0.71839080	      0.93457944	      0.58719906
      1.26100000	      0.51229508	      0.67099027	      0.56401579	      0.97057604	      0.78682455	      0.56657224	      0.71839080	      0.93457944	      0.58719906
      1.26200000	      0.51229508	      0.67443271	      0.56401579	      1.05167852	      0.72073658	      0.56657224	      0.71839080	      0.93457944	      0.58719906
      1.26300000	      0.51229508	      0.70716880	      0.56401579	      0.97049661	      0.80065057	      0.56657224	      0.71839080	      0.93457944	      0.58719906
      1.26400000	      0.51229508	      0.69648487	      0.56401579	      0.94043965	      0.80295828	      0.56657224	      0.71839080	      0.93457944	      0.58719906
      1.26500000	      0.51229508	      0.71948045	      0.56401579	      1.05725490	      0.74168229	      0.56657224	      0.71839080	      0.93457944	      0.58719906
      1.26600000	      0.51229508	      0.75921566	      0.56401579	      0.96363923	      0.82262184	      0.56657224	      0.71839080	      0.93457944	      0.58719906
      1.26700000	      0.51229508	      0.77200739	      0.56401579	      0.99976616	      0.82471508	      0.56657224	      0.71839080	      0.93457944	      0.58719906
      1.26800000	      0.51229508	      0.67145043	      0.56401579	      1.06911948	      0.71034981	      0.56657224	      0.71839080	      0.93457944	      0.58719906
      1.26900000	      0.51229508	      0.68403329	      0.56401579	      1.02311489	      0.79777970	      0.56657224	      0.71839080	      0.93457944	      0.58719906
      1.27000000	      0.51229508	      0.68969662	      0.56401579	      1.05042918	      0.71519444	      0.56657224	      0.71839080	      0.93457944	      0.58719906
      1.27100000	      0.51229508	      0.78047006	      0.56401579	      1.02160862	      0.75020434	      0.56657224	      0.71839080	      0.93457944	      0.58719906
      1.27200000	      0.51229508	      0.71285644	      0.56401579	      1.01792283	      0.77203809	      0.56657224	      0.71839080	      0.93457944	      0.58719906
      1.27300000	      0.51229508	      0.74276985	      0.56401579	      0.98638956	      0.77378450	      0.56657224	      0.71839080	      0.93457944	      0.58719906
      1.27400000	      0.51229508	      0.67639808	      0.56401579	      1.00598430	      0.77687282	      0.56657224	      0.71839080	      0.93457944	      0.58719906
      1.27500000	      0.51229508	      0.76599422	      0.56401579	      1.01382748	      0.73670403	      0.56657224	      0.71839080	      0.93457944	      0.58719906
      1.27600000	      0.51229508	      0.67678657	      0.56401579	      1.06974467	      0.70102784	      0.56657224	      0.71839080	      0.93457944	      0.58719906
      1.27700000	      0.51229508	      0.76156769	      0.56401579	      1.03007145	      0.80750971	      0.56657224	      0.71839080	      0.93457944	      0.58719906
      1.27800000	      0.51229508	      0.77492987	      0.56401579	      1.08677677	      0.68931804	      0.56657224	      0.71839080	      0.93457944	      0.58719906
      1.27900000	      0.51229508	      0.76587070	      0.56401579	      0.96662455	      0.80811357	      0.56657224	      0.71839080	      0.93457944	      0.58719906
      1.28000000	      0.51229508	      0.68284163	      0.56401579	      1.12369576	      0.67110681	      0.56657224	      0.71839080	      0.93457944	      0.58719906
      1.28100000	      0.51229508	      0.75250938	      0.56401579	      0.94500335	      0.85029417	      0.56657224	      0.71839080	      0.93457944	      0.58719906
      1.28200000	      0.51229508	      0.70659390	      0.56401579	      0.98055070	      0.77773143	      0.56657224	      0.71839080	      0.93457944	      0.58719906
      1.28300000	      0.51229508	      0.68581787	      0.56401579	      0.95086969	      0.83440669	      0.56657224	      0.71839080	      0.93457944	      0.58719906
      1.28400000	      0.51229508	      0.67223235	      0.56401579	      0.96344621	      0.79476079	      0.56657224	      0.71839080	      0.93457944	      0.58719906
      1.28500000	      0.51229508	      0.74234627	      0.56401579	      1.03922359	      0.71718025	      0.56657224	      0.71839080	      0.93457944	      0.58719906
      1.28600000	      0.51229508	      0.69467161	      0.56401579	      1.11221193	      0.67378071	      0.56657224	      0.71839080	      0.93457944	      0.58719906
      1.28700000	      0.51229508	      0.67432841	      0.56401579	      1.11227436	      0.66343256	      0.56657224	      0.71839080	      0.93457944	      0.58719906
      1.28800000	      0.51229508	      0.78185956	      0.56401579	      1.03099494	      0.72468046	      0.56657224	      0.71839080	      0.93457944	      0.58719906
      1.28900000	      0.51229508	      0.73219424	      0.56401579	      0.98520092	      0.81421246	      0.56657224	      0.71839080	      0.93457944	      0.58719906
      1.29000000	      0.51229508	      0.70457001	      0.56401579	      1.02026715	      0.72932585	      0.56657224	      0.71839080	      0.93457944	      0.58719906
      1.29100000	      0.51229508	      0.72231840	      0.56401579	      1.05981284	      0.73887747	      0.56657224	      0.71839080	      0.93457944	      0.58719906
      1.29200000	      0.51229508	      0.72640245	      0.56401579	      1.05101372	      0.73283759	      0.56657224	      0.71839080	      0.93457944	      0.58719906
      1.29300000	      0.51229508	      0.67108775	      0.56401579	      1.02705988	      0.75740184	      0.56657224	      0.71839080	      0.93457944	      0.58719906
      1.29400000	      0.51229508	      0.69113738	      0.56401579	      1.03051018	      0.72231713	      0.56657224	      0.71839080	      0.93457944	      0.58719906
      1.29500000	      0.51229508	      0.68165262	      0.56401579	      1.06852259	      0.73603042	      0.56657224	      0.71839080	      0.93457944	      0.58719906
      1.29600000	      0.51229508	      0.74709511	      0.56401579	      1.11769937	      0.69208602	      0.56657224	      0.71839080	      0.93457944	      0.58719906
      1.29700000	      0.51229508	      0.71404272	      0.56401579	      0.93685895	      0.82680599	      0.56657224	      0.71839080	      0.93457944	      0.58719906
      1.29800000	      0.51229508	      0.72063887	      0.56401579	      1.01556840	      0.73314773	      0.56657224	      0.71839080	      0.93457944	      0.58719906
      1.29900000	      0.51229508	      0.77580750	      0.56401579	      1.05568480	      0.77417266	      0.56657224	      0.71839080	      0.93457944	      0.58719906
      1.30000000	      0.51229508	      0.69876217	      0.56401579	      1.02542397	      0.76587862	      0.56657224	      0.71839080	      0.93457944	      0.58719906
      1.30100000	      0.51229508	      0.75698726	      0.56401579	      1.07448304	      0.68431939	      0.56657224	      0.71839080	      0.93457944	      0.58719906
      1.30200000	      0.51229508	      0.71553490	      0.56401579	      1.00671706	      0.76557362	      0.56657224	      0.71839080	      0.93457944	      0.58719906
      1.30300000	      0.51229508	      0.77675874	      0.56401579	      1.09285565	      0.69693788	      0.56657224	      0.71839080	      0.93457944	      0.58719906
      1.30400000	      0.51229508	      0.70547275	      0.56401579	      0.97432804	      0.76550861	      0.56657224	      0.71839080	      0.93457944	      0.58719906
      1.30500000	      0.51229508	      0.72660734	      0.56401579	      1.02865028	      0.75471464	      0.56657224	      0.71839080	      0.93457944	      0.58719906
      1.30600000	      0.51229508	      0.68293763	      0.56401579	      1.09874514	      0.68815697	      0.56657224	      0.71839080	      0.93457944	      0.58719906
      1.30700000	      0.51229508	      0.69648461	      0.56401579	      1.11371306	      0.66715958	      0.56657224	      0.71839080	      0.93457944	      0.58719906
      1.30800000	      0.51229508	      0.67963670	      0.56401579	      1.07951902	      0.73272393	      0.56657224	      0.71839080	      0.93457944	      0.58719906
      1.30900000	      0.51229508	      0.76666157	      0.56401579	      1.02948386	      0.74456981	      0.56657224	      0.71839080	      0.93457944	      0.58719906
      1.31000000	      0.51229508	      0.69342033	      0.56401579	      1.12721560	      0.68356619	      0.56657224	      0.71839080	      0.93457944	      0.58719906
      1.31100000	      0.51229508	      0.69131765	      0.56401579	      0.98284038	      0.79987151	      0.56657224	      0.71839080	      0.93457944	      0.58719906
      1.31200000	      0.51229508	      0.67383112	      0.56401579	      1.10949695	      0.71309757	      0.56657224	      0.71839080	      0.93457944	      0.58719906
      1.31300000	      0.51229508	      0.73384903	      0.56401579	      0.99451702	      0.75328618	      0.56657224	      0.71839080	      0.93457944	      0.58719906
      1.31400000	      0.51229508	      0.75016835	      0.56401579	      1.04165342	      0.71414594	      0.56657224	      0.71839080	      0.93457944	      0.58719906
      1.31500000	      0.51229508	      0.67552712	      0.56401579	      0.98193501	      0.81781787	      0.56657224	      0.71839080	      0.93457944	      0.58719906
      1.31600000	      0.51229508	      0.74631379	      0.56401579	      0.98863354	      0.78199529	      0.56657224	      0.71839080	      0.93457944	      0.58719906
      1.31700000	      0.51229508	      0.71412424	      0.56401579	      1.07934999	      0.70182436	      0.56657224	      0.71839080	      0.93457944	      0.58719906
      1.31800000	      0.51229508	      0.78460178	      0.56401579	      1.01716335	      0.78328597	      0.56657224	      0.71839080	      0.93457944	      0.58719906
      1.31900000	      0.51229508	      0.70462153	      0.56401579	      1.11916393	      0.67969099	      0.56657224	      0.71839080	      0.93457944	      0.58719906
      1.32000000	      0.51229508	      0.76967854	      0.56401579	      1.09212369	      0.66921812	      0.56657224	      0.71839080	      0.93457944	      0.58719906
      1.32100000	      0.51229508	      0.74005587	      0.56401579	      1.02736232	      0.75960021	      0.56657224	      0.71839080	      0.93457944	      0.58719906
      1.32200000	      0.51229508	      0.72162865	      0.56401579	      0.91250163	      0.83426759	      0.56657224	      0.71839080	      0.93457944	      0.58719906
      1.32300000	      0.51229508	      0.67658890	      0.56401579	      1.02553820	      0.80231234	      0.56657224	      0.71839080	      0.93457944	      0.58719906
      1.32400000	      0.51229508	      0.78924381	      0.56401579	      1.01959334	      0.73146805	      0.56657224	      0.71839080	      0.93457944	      0.58719906
      1.32500000	      0.51229508	      0.68750846	      0.56401579	      0.99585640	      0.81907142	      0.56657224	      0.71839080	      0.93457944	      0.58719906
      1.32600000	      0.51229508	      0.68343144	      0.56401579	      1.07231711	      0.66746272	      0.56657224	      0.71839080	      0.93457944	      0.58719906
      1.32700000	      0.51229508	      0.72876534	      0.56401579	      1.09449338	      0.69116446	      0.56657224	      0.71839080	      0.93457944	      0.58719906
      1.32800000	      0.51229508	      0.72084910	      0.56401579	      1.06479169	      0.67036277	      0.56657224	      0.71839080	      0.93457944	      0.58719906
      1.32900000	      0.51229508	      0.69066823	      0.56401579	      0.95642812	      0.79448080	      0.56657224	      0.71839080	      0.93457944	      0.58719906
      1.33000000	      0.51229508	      0.71384691	      0.56401579	      1.02658556	      0.74797648	      0.56657224	      0.71839080	      0.93457944	      0.58719906
      1.33100000	      0.51229508	      0.67621813	      0.56401579	      1.04757856	      0.75333285	      0.56657224	      0.71839080	      0.93457944	      0.58719906
      1.33200000	      0.51229508	      0.75052136	      0.56401579	      0.96321543	      0.82392822	      0.56657224	      0.71839080	      0.93457944	      0.58719906
      1.33300000	      0.51229508	      0.71034756	      0.56401579	      1.01131673	      0.79581036	      0.56657224	      0.71839080	      0.93457944	      0.58719906
      1.33400000	      0.51229508	      0.72321747	      0.56401579	      1.08450265	      0.66745350	      0.56657224	      0.71839080	      0.93457944	      0.58719906
      1.33500000	      0.51229508	      0.68537729	      0.56401579	      1.16858595	      0.64361588	      0.56657224	      0.71839080	      0.93457944	      0.58719906
      1.33600000	      0.51229508	      0.78534682	      0.56401579	      1.06887771	      0.73298591	      0.56657224	      0.71839080	      0.93457944	      0.58719906
      1.33700000	      0.51229508	      0.70213343	      0.56401579	      0.98422029	      0.78183992	      0.56657224	      0.71839080	      0.93457944	      0.58719906
      1.33800000	      0.51229508	      0.73258204	      0.56401579	      1.02538768	      0.73544682	      0.56657224	      0.71839080	      0.93457944	      0.58719906
      1.33900000	      0.51229508	      0.77374180	      0.56401579	      1.05303075	      0.72770525	      0.56657224	      0.71839080	      0.93457944	      0.58719906
      1.34000000	      0.51229508	      0.74582917	      0.56401579	      0.98912397	      0.75258836	      0.56657224	      0.71839080	      0.93457944	      0.58719906
      1.34100000	      0.51229508	      0.76769620	      0.56401579	      0.96866836	      0.81309172	      0.56657224	      0.71839080	      0.93457944	      0.58719906
      1.34200000	      0.51229508	      0.69737360	      0.56401579	      1.11572104	      0.69339454	      0.56657224	      0.71839080	      0.93457944	      0.58719906
      1.34300000	      0.51229508	      0.79689784	      0.56401579	      1.08493050	      0.68240827	      0.56657224	      0.71839080	      0.93457944	      0.58719906
      1.34400000	      0.51229508	      0.69344230	      0.56401579	      1.03673412	      0.78373813	      0.56657224	      0.71839080	      0.93457944	      0.58719906
      1.34500000	      0.51229508	      0.74258911	      0.56401579	      0.99720624	      0.79916663	      0.56657224	      0.71839080	      0.93457944	      0.58719906
      1.34600000	      0.51229508	      0.79398335	      0.56401579	      1.07009224	      0.68534005	      0.56657224	      0.71839080	      0.93457944	      0.58719906
      1.34700000	      0.51229508	      0.77575042	      0.56401579	      1.00592690	      0.79040653	      0.56657224	      0.71839080	      0.93457944	      0.58719906
      1.34800000	      0.51229508	      0.75853326	      0.56401579	      1.02020169	      0.78413049	      0.56657224	      0.71839080	      0.93457944	      0.58719906
      1.34900000	      0.51229508	      0.67843376	      0.56401579	      1.06590412	      0.71849405	      0.56657224	      0.71839080	      0.93457944	      0.58719906
      1.35000000	      0.51229508	      0.68087090	      0.56401579	      1.10403444	      0.68062553	      0.56657224	      0.71839080	      0.93457944	      0.58719906
      1.35100000	      0.51229508	      0.73011758	      0.56401579	      1.06403034	      0.69415836	      0.56657224	      0.71839080	      0.93457944	      0.58719906
      1.35200000	      0.51229508	      0.68689754	      0.56401579	      1.00541218	      0.78458532	      0.56657224	      0.71839080	      0.93457944	      0.58719906
      1.35300000	      0.51229508	      0.71103237	      0.56401579	      1.01509379	      0.77019124	      0.56657224	      0.71839080	      0.93457944	      0.58719906
      1.35400000	      0.51229508	      0.67994018	      0.56401579	      1.12375007	      0.68313996	      0.56657224	      0.71839080	      0.93457944	      0.58719906
      1.35500000	      0.51229508	      0.78918257	      0.56401579	      1.13312761	      0.67542556	      0.56657224	      0.71839080	      0.93457944	      0.58719906
      1.35600000	      0.51229508	      0.80410532	      0.56401579	      1.10527285	      0.70374837	      0.56657224	      0.71839080	      0.93457944	      0.58719906
      1.35700000	      0.51229508	      0.74497776	      0.56401579	      1.17374579	      0.61403564	      0.56657224	      0.71839080	      0.93457944	      0.58719906
      1.35800000	      0.51229508	      0.69558055	      0.56401579	      0.96119872	      0.79196874	      0.56657224	      0.71839080	      0.93457944	      0.58719906
      1.35900000	      0.51229508	      0.74782166	      0.56401579	      1.00552039	      0.80972429	      0.56657224	      0.71839080	      0.93457944	      0.58719906
      1.36000000	      0.51229508	      0.68222523	      0.56401579	      1.03913508	      0.75627460	      0.56657224	      0.71839080	      0.93457944	      0.58719906
      1.36100000	      0.51229508	      0.79204101	      0.56401579	      0.98188701	      0.78109526	      0.56657224	      0.71839080	      0.93457944	      0.58719906
      1.36200000	      0.51229508	      0.76184228	      0.56401579	      1.11872894	      0.66853018	      0.56657224	      0.71839080	      0.93457944	      0.58719906
      1.36300000	      0.51229508	      0.79889849	      0.56401579	      1.11100155	      0.65260016	      0.56657224	      0.71839080	      0.93457944	      0.58719906
      1.36400000	      0.51229508	      0.78296656	      0.56401579	      1.05731434	      0.70939353	      0.56657224	      0.71839080	      0.93457944	      0.58719906
      1.36500000	      0.51229508	      0.72055225	      0.56401579	      1.03399256	      0.75160963	      0.56657224	      0.71839080	      0.93457944	      0.58719906
      1.36600000	      0.51229508	      0.68520084	      0.56401579	      1.03647413	      0.75323110	      0.56657224	      0.71839080	      0.93457944	      0.58719906
      1.36700000	      0.51229508	      0.69249871	      0.56401579	      0.99899170	      0.77509090	      0.56657224	      0.71839080	      0.93457944	      0.58719906
      1.36800000	      0.51229508	      0.77573940	      0.56401579	      1.00792502	      0.74041280	      0.56657224	      0.71839080	      0.93457944	      0.58719906
      1.36900000	      0.51229508	      0.71767402	      0.56401579	      1.01148984	      0.79398252	      0.56657224	      0.71839080	      0.93457944	      0.58719906
      1.37000000	      0.51229508	      0.76616242	      0.56401579	      0.99645747	      0.74924184	      0.56657224	      0.71839080	      0.93457944	      0.58719906
      1.37100000	      0.51229508	      0.70000148	      0.56401579	      1.14389507	      0.65527740	      0.56657224	      0.71839080	      0.93457944	      0.58719906
      1.37200000	      0.51229508	      0.73946437	      0.56401579	      1.08059970	      0.72135293	      0.56657224	      0.71839080	      0.93457944	      0.58719906
      1.37300000	      0.51229508	      0.70352929	      0.56401579	      1.03163555	      0.74157712	      0.56657224	      0.71839080	      0.93457944	      0.58719906
      1.37400000	      0.51229508	      0.72595808	      0.56401579	      1.08987281	      0.64791003	      0.56657224	      0.71839080	      0.93457944	      0.58719906
      1.37500000	      0.51229508	      0.75558873	      0.56401579	      0.97314517	      0.77767872	      0.56657224	      0.71839080	      0.93457944	      0.58719906
      1.37600000	      0.51229508	      0.68392443	      0.56401579	      1.12862782	      0.63736061	      0.56657224	      0.71839080	      0.93457944	      0.58719906
      1.37700000	      0.51229508	      0.79366352	      0.56401579	      0.99457549	      0.76120917	      0.56657224	      0.71839080	      0.93457944	      0.58719906
      1.37800000	      0.51229508	      0.77265062	      0.56401579	      1.03093246	      0.72833936	      0.56657224	      0.71839080	      0.93457944	      0.58719906
      1.37900000	      0.51229508	      0.73011950	      0.56401579	      0.99456509	      0.81238205	      0.56657224	      0.71839080	      0.93457944	      0.58719906
      1.38000000	      0.51229508	      0.78041075	      0.56401579	      1.07551997	      0.69054148	      0.56657224	      0.71839080	      0.93457944	      0.58719906
      1.38100000	      0.51229508	      0.74722475	      0.56401579	      1.10938763	      0.67546806	      0.56657224	      0.71839080	      0.93457944	      0.58719906
      1.38200000	      0.51229508	      0.69351599	      0.56401579	      1.03038802	      0.74880077	      0.56657224	      0.71839080	      0.93457944	      0.58719906
      1.38300000	      0.51229508	      0.68738561	      0.56401579	      1.04692575	      0.77216330	      0.56657224	      0.71839080	      0.93457944	      0.58719906
      1.38400000	      0.51229508	      0.78268354	      0.56401579	      1.04735113	      0.75463861	      0.56657224	      0.71839080	      0.93457944	      0.58719906
      1.38500000	      0.51229508	      0.81334889	      0.56401579	      1.03128738	      0.76202329	      0.56657224	      0.71839080	      0.93457944	      0.58719906
      1.38600000	      0.51229508	      0.71050924	      0.56401579	      1.10480043	      0.67764882	      0.56657224	      0.71839080	      0.93457944	      0.58719906
      1.38700000	      0.51229508	      0.73580734	      0.56401579	      1.09331363	      0.71349741	      0.56657224	      0.71839080	      0.93457944	      0.58719906
      1.38800000	      0.51229508	      0.81896601	      0.56401579	      1.01747815	      0.73939681	      0.56657224	      0.71839080	      0.93457944	      0.58719906
      1.38900000	      0.51229508	      0.69921907	      0.56401579	      0.95929272	      0.80439510	      0.56657224	      0.71839080	      0.93457944	      0.58719906
      1.39000000	      0.51229508	      0.76382681	      0.56401579	      1.11942160	      0.66862713	      0.56657224	      0.71839080	      0.93457944	      0.58719906
      1.39100000	      0.51229508	      0.73864005	      0.56401579	      1.05621646	      0.75184803	      0.56657224	      0.71839080	      0.93457944	      0.58719906
      1.39200000	      0.51229508	      0.70564058	      0.56401579	      1.04013904	      0.74907922	      0.56657224	      0.71839080	      0.93457944	      0.58719906
      1.39300000	      0.51229508	      0.75702130	      0.56401579	      1.14956288	      0.64861916	      0.56657224	      0.71839080	      0.93457944	      0.58719906
      1.39400000	      0.51229508	      0.71568795	      0.56401579	      1.06681075	      0.71750745	      0.56657224	      0.71839080	      0.93457944	      0.58719906
      1.39500000	      0.51229508	      0.71397124	      0.56401579	      0.96618747	      0.78313693	      0.56657224	      0.71839080	      0.93457944	      0.58719906
      1.39600000	      0.51229508	      0.68876449	      0.56401579	      1.13344950	      0.67358248	      0.56657224	      0.71839080	      0.93457944	      0.58719906
      1.39700000	      0.51229508	      0.75147640	      0.56401579	      1.08203911	      0.66572385	      0.56657224	      0.71839080	      0.93457944	      0.58719906
      1.39800000	      0.51229508	      0.80069006	      0.56401579	      1.08239764	      0.66763213	      0.56657224	      0.71839080	      0.93457944	      0.58719906
      1.39900000	      0.51229508	      0.80231697	      0.56401579	      1.11793078	      0.66730139	      0.56657224	      0.71839080	      0.93457944	      0.58719906
      1.40000000	      0.51229508	      0.72321415	      0.56401579	      0.96792056	      0.79940953	      0.56657224	      0.71839080	      0.93457944	      0.58719906
      1.40100000	      0.51229508	      0.70657766	      0.56401579	      1.14644478	      0.66102962	      0.56657224	      0.71839080	      0.93457944	      0.58719906
      1.40200000	      0.51229508	      0.69416083	      0.56401579	      0.99754568	      0.74333296	      0.56657224	      0.71839080	      0.93457944	      0.58719906
      1.40300000	      0.51229508	      0.81502536	      0.56401579	      1.11310567	      0.66316015	      0.56657224	      0.71839080	      0.93457944	      0.58719906
      1.40400000	      0.51229508	      0.79338426	      0.56401579	      1.01402538	      0.78658818	      0.56657224	      0.71839080	      0.93457944	      0.58719906
      1.40500000	      0.51229508	      0.78140242	      0.56401579	      0.94879949	      0.79730505	      0.56657224	      0.71839080	      0.93457944	      0.58719906
      1.40600000	      0.51229508	      0.77166303	      0.56401579	      1.11928183	      0.69633977	      0.56657224	      0.71839080	      0.93457944	      0.58719906
      1.40700000	      0.51229508	      0.72515825	      0.56401579	      1.05119628	      0.74497447	      0.56657224	      0.71839080	      0.93457944	      0.58719906
      1.40800000	      0.51229508	      0.74666273	      0.56401579	      1.02400895	      0.76859256	      0.56657224	      0.71839080	      0.93457944	      0.58719906
      1.40900000	      0.51229508	      0.81928729	      0.56401579	      1.03446633	      0.76635473	      0.56657224	      0.71839080	      0.93457944	      0.58719906
      1.41000000	      0.51229508	      0.73701057	      0.56401579	      1.13199672	      0.66822413	      0.56657224	      0.71839080	      0.93457944	      0.58719906
      1.41100000	      0.51229508	      0.77848242	      0.56401579	      1.06174611	      0.68876572	      0.56657224	      0.71839080	      0.93457944	      0.58719906
      1.41200000	      0.51229508	      0.80636247	      0.56401579	      0.97856618	      0.79547796	      0.56657224	      0.71839080	      0.93457944	      0.58719906
      1.41300000	      0.51229508	      0.71248960	      0.56401579	      1.12125166	      0.67813608	      0.56657224	      0.71839080	      0.93457944	      0.58719906
      1.41400000	      0.51229508	      0.68858897	      0.56401579	      1.06092559	      0.67723861	      0.56657224	      0.71839080	      0.93457944	      0.58719906
      1.41500000	      0.51229508	      0.80545266	      0.56401579	      1.08743394	      0.70638378	      0.56657224	      0.71839080	      0.93457944	      0.58719906
      1.41600000	      0.51229508	      0.76637448	      0.56401579	      1.07639088	      0.67729870	      0.56657224	      0.71839080	      0.93457944	      0.58719906
      1.41700000	      0.51229508	      0.70178781	      0.56401579	      1.03830839	      0.73058572	      0.56657224	      0.71839080	      0.93457944	      0.58719906
      1.41800000	      0.51229508	      0.71953172	      0.56401579	      1.02957143	      0.78038981	      0.56657224	      0.71839080	      0.93457944	      0.58719906
      1.41900000	      0.51229508	      0.73375825	      0.56401579	      1.13235892	      0.64718406	      0.56657224	      0.71839080	      0.93457944	      0.58719906
      1.42000000	      0.51229508	      0.69574511	      0.56401579	      1.06548955	      0.70799046	      0.56657224	      0.71839080	      0.93457944	      0.58719906
      1.42100000	      0.51229508	      0.82604660	      0.56401579	      1.02564239	      0.74239449	      0.56657224	      0.71839080	      0.93457944	      0.58719906
      1.42200000	      0.51229508	      0.74874411	      0.56401579	      1.05032394	      0.73993467	      0.56657224	      0.71839080	      0.93457944	      0.58719906
      1.42300000	      0.51229508	      0.75510705	      0.56401579	      1.11280219	      0.66009021	      0.56657224	      0.71839080	      0.93457944	      0.58719906
      1.42400000	      0.51229508	      0.78809072	      0.56401579	      1.04090893	      0.74948540	      0.56657224	      0.71839080	      0.93457944	      0.58719906
      1.42500000	      0.51229508	      0.72286664	      0.56401579	      1.16636559	      0.63477160	      0.56657224	      0.71839080	      0.93457944	      0.58719906
      1.42600000	      0.51229508	      0.79329977	      0.56401579	      1.05126271	      0.69490167	      0.56657224	      0.71839080	      0.93457944	      0.58719906
      1.42700000	      0.51229508	      0.75171503	      0.56401579	      0.97654161	      0.79548373	      0.56657224	      0.71839080	      0.93457944	      0.58719906
      1.42800000	      0.51229508	      0.75441246	      0.56401579	      1.12540628	      0.67874495	      0.56657224	      0.71839080	      0.93457944	      0.58719906
      1.42900000	      0.51229508	      0.83292215	      0.56401579	      1.12277883	      0.67644628	      0.56657224	      0.71839080	      0.93457944	      0.58719906
      1.43000000	      0.51229508	      0.83072072	      0.56401579	      1.10561046	      0.68274331	      0.56657224	      0.71839080	      0.93457944	      0.58719906
      1.43100000	      0.51229508	      0.74437687	      0.56401579	      1.11283001	      0.66168548	      0.56657224	      0.71839080	      0.93457944	      0.58719906
      1.43200000	      0.51229508	      0.76780453	      0.56401579	      1.07792071	      0.69558696	      0.56657224	      0.71839080	      0.93457944	      0.58719906
      1.43300000	      0.51229508	      0.72089236	      0.56401579	      1.06124666	      0.68904494	      0.56657224	      0.71839080	      0.93457944	      0.58719906
      1.43400000	      0.51229508	      0.69862459	      0.56401579	      1.04230653	      0.74780707	      0.56657224	      0.71839080	      0.93457944	      0.58719906
      1.43500000	      0.51229508	      0.80922124	      0.56401579	      1.14284202	      0.64485987	      0.56657224	      0.71839080	      0.93457944	      0.58719906
      1.43600000	      0.51229508	      0.84256179	      0.56401579	      1.07418969	      0.73905745	      0.56657224	      0.71839080	      0.93457944	      0.58719906
      1.43700000	      0.51229508	      0.73435638	      0.56401579	      1.03340112	      0.77990663	      0.56657224	      0.71839080	      0.93457944	      0.58719906
      1.43800000	      0.51229508	      0.80009752	      0.56401579	      1.07165900	      0.70106699	      0.56657224	      0.71839080	      0.93457944	      0.58719906
      1.43900000	      0.51229508	      0.78334065	      0.56401579	      0.98125596	      0.77981967	      0.56657224	      0.71839080	      0.93457944	      0.58719906
      1.44000000	      0.51229508	      0.79145147	      0.56401579	      1.12361845	      0.65830444	      0.56657224	      0.71839080	      0.93457944	      0.58719906
      1.44100000	      0.51229508	      0.70183805	      0.56401579	      1.07281323	      0.72924416	      0.56657224	      0.71839080	      0.93457944	      0.58719906
      1.44200000	      0.51229508	      0.70679350	      0.56401579	      1.05107738	      0.69167833	      0.56657224	      0.71839080	      0.93457944	      0.58719906
      1.44300000	      0.51229508	      0.81726121	      0.56401579	      1.08548914	      0.71710979	      0.56657224	      0.71839080	      0.93457944	      0.58719906
      1.44400000	      0.51229508	      0.74102244	      0.56401579	      1.17943797	      0.62720146	      0.56657224	      0.71839080	      0.93457944	      0.58719906
      1.44500000	      0.51229508	      0.82087285	      0.56401579	      1.03374374	      0.74209760	      0.56657224	      0.71839080	      0.93457944	      0.58719906
      1.44600000	      0.51229508	      0.71025820	      0.56401579	      1.03121415	      0.73307988	      0.56657224	      0.71839080	      0.93457944	      0.58719906
      1.44700000	      0.51229508	      0.77699267	      0.56401579	      1.07835757	      0.74916820	      0.56657224	      0.71839080	      0.93457944	      0.58719906
      1.44800000	      0.51229508	      0.71753866	      0.56401579	      0.96626663	      0.78928096	      0.56657224	      0.71839080	      0.93457944	      0.58719906
      1.44900000	      0.51229508	      0.72513951	      0.56401579	      1.04444413	      0.75037678	      0.56657224	      0.71839080	      0.93457944	      0.58719906
      1.45000000	      0.51229508	      0.76588553	      0.56401579	      1.13335629	      0.63511727	      0.56657224	      0.71839080	      0.93457944	      0.58719906
      1.45100000	      0.51229508	      0.78781603	      0.56401579	      1.11403131	      0.62885962	      0.56657224	      0.71839080	      0.93457944	      0.58719906
      1.45200000	      0.51229508	      0.80484904	      0.56401579	      1.09358442	      0.69274169	      0.56657224	      0.71839080	      0.93457944	      0.58719906
      1.45300000	      0.51229508	      0.78071939	      0.56401579	      0.99509559	      0.80583454	      0.56657224	      0.71839080	      0.93457944	      0.58719906
      1.45400000	      0.51229508	      0.73449311	      0.56401579	      1.03736754	      0.75981521	      0.56657224	      0.71839080	      0.93457944	      0.58719906
      1.45500000	      0.51229508	      0.71718162	      0.56401579	      1.10520859	      0.67854634	      0.56657224	      0.71839080	      0.93457944	      0.58719906
      1.45600000	      0.51229508	      0.75144616	      0.56401579	      1.10982675	      0.69335115	      0.56657224	      0.71839080	      0.93457944	      0.58719906
      1.45700000	      0.51229508	      0.76879727	      0.56401579	      1.09183900	      0.63846770	      0.56657224	      0.71839080	      0.93457944	      0.58719906
      1.45800000	      0.51229508	      0.78704699	      0.56401579	      1.13983663	      0.64560470	      0.56657224	      0.71839080	      0.93457944	      0.58719906
      1.45900000	      0.51229508	      0.79645576	      0.56401579	      1.08665057	      0.70294769	      0.56657224	      0.71839080	      0.93457944	      0.58719906
      1.46000000	      0.51229508	      0.73812638	      0.56401579	      1.05397697	      0.74117029	      0.56657224	      0.71839080	      0.93457944	      0.58719906
      1.46100000	      0.51229508	      0.70885598	      0.56401579	      1.12301357	      0.66983017	      0.56657224	      0.71839080	      0.93457944	      0.58719906
      1.46200000	      0.51229508	      0.71129859	      0.56401579	      1.17793046	      0.62078230	      0.56657224	      0.71839080	      0.93457944	      0.58719906
      1.46300000	      0.51229508	      0.76058474	      0.56401579	      1.11364316	      0.65659309	      0.56657224	      0.71839080	      0.93457944	      0.58719906
      1.46400000	      0.51229508	      0.81522952	      0.56401579	      1.03299634	      0.74581661	      0.56657224	      0.71839080	      0.93457944	      0.58719906
      1.46500000	      0.51229508	      0.72806498	      0.56401579	      0.98636712	      0.78036841	      0.56657224	      0.71839080	      0.93457944	      0.58719906
      1.46600000	      0.51229508	      0.84096717	      0.56401579	      1.00076844	      0.80317645	      0.56657224	      0.71839080	      0.93457944	      0.58719906
      1.46700000	      0.51229508	      0.82592707	      0.56401579	      1.08436590	      0.69704577	      0.56657224	      0.71839080	      0.93457944	      0.58719906
      1.46800000	      0.51229508	      0.81071925	      0.56401579	      1.02506268	      0.76042002	      0.56657224	      0.71839080	      0.93457944	      0.58719906
      1.46900000	      0.51229508	      0.83542480	      0.56401579	      1.07108742	      0.73347118	      0.56657224	      0.71839080	      0.93457944	      0.58719906
      1.47000000	      0.51229508	      0.72362584	      0.56401579	      1.11368668	      0.65785401	      0.56657224	      0.71839080	      0.93457944	      0.58719906
      1.47100000	      0.51229508	      0.84749479	      0.56401579	      1.06600786	      0.70487944	      0.56657224	      0.71839080	      0.93457944	      0.58719906
      1.47200000	      0.51229508	      0.76322188	      0.56401579	      0.97959907	      0.77490658	      0.56657224	      0.71839080	      0.93457944	      0.58719906
      1.47300000	      0.51229508	      0.82265944	      0.56401579	      1.05850129	      0.68338256	      0.56657224	      0.71839080	      0.93457944	      0.58719906
      1.47400000	      0.51229508	      0.85102194	      0.56401579	      1.02859221	      0.73579652	      0.56657224	      0.71839080	      0.93457944	      0.58719906
      1.47500000	      0.51229508	      0.74462724	      0.56401579	      1.14360171	      0.65762835	      0.56657224	      0.71839080	      0.93457944	      0.58719906
      1.47600000	      0.51229508	      0.72458496	      0.56401579	      1.10903226	      0.66349078	      0.56657224	      0.71839080	      0.93457944	      0.58719906
      1.47700000	      0.51229508	      0.75434805	      0.56401579	      1.07251139	      0.73176402	      0.56657224	      0.71839080	      0.93457944	      0.58719906
      1.47800000	      0.51229508	      0.79004810	      0.56401579	      1.04126376	      0.71611300	      0.56657224	      0.71839080	      0.93457944	      0.58719906
      1.47900000	      0.51229508	      0.76399721	      0.56401579	      1.03887346	      0.76788661	      0.56657224	      0.71839080	      0.93457944	      0.58719906
      1.48000000	      0.51229508	      0.78713406	      0.56401579	      1.07246592	      0.71034095	      0.56657224	      0.71839080	      0.93457944	      0.58719906
      1.48100000	      0.51229508	      0.77006899	      0.56401579	      1.12460653	      0.66241801	      0.56657224	      0.71839080	      0.93457944	      0.58719906
      1.48200000	      0.51229508	      0.84558062	      0.56401579	      1.10198779	      0.68030004	      0.56657224	      0.71839080	      0.93457944	      0.58719906
      1.48300000	      0.51229508	      0.86416836	      0.56401579	      1.03377021	      0.73642064	      0.56657224	      0.71839080	      0.93457944	      0.58719906
      1.48400000	      0.51229508	      0.83102155	      0.56401579	      1.08130566	      0.66832703	      0.56657224	      0.71839080	      0.93457944	      0.58719906
      1.48500000	      0.51229508	      0.76108655	      0.56401579	      1.08310479	      0.65392042	      0.56657224	      0.71839080	      0.93457944	      0.58719906
      1.48600000	      0.51229508	      0.81967928	      0.56401579	      1.10826713	      0.69731806	      0.56657224	      0.71839080	      0.93457944	      0.58719906
      1.48700000	      0.51229508	      0.80827113	      0.56401579	      1.11159211	      0.65450653	      0.56657224	      0.71839080	      0.93457944	      0.58719906
      1.48800000	      0.51229508	      0.84836532	      0.56401579	      1.06371814	      0.74601677	      0.56657224	      0.71839080	      0.93457944	      0.58719906
      1.48900000	      0.51229508	      0.73697413	      0.56401579	      1.00419625	      0.78713369	      0.56657224	      0.71839080	      0.93457944	      0.58719906
      1.49000000	      0.51229508	      0.74227034	      0.56401579	      0.98990138	      0.79042526	      0.56657224	      0.71839080	      0.93457944	      0.58719906
      1.49100000	      0.51229508	      0.78179605	      0.56401579	      1.12676822	      0.65832757	      0.56657224	      0.71839080	      0.93457944	      0.58719906
      1.49200000	      0.51229508	      0.79764052	      0.56401579	      1.00120490	      0.76676987	      0.56657224	      0.71839080	      0.93457944	      0.58719906
      1.49300000	      0.51229508	      0.71837023	      0.56401579	      1.12657407	      0.67492717	      0.56657224	      0.71839080	      0.93457944	      0.58719906
      1.49400000	      0.51229508	      0.81467221	      0.56401579	      1.08006289	      0.74908108	      0.56657224	      0.71839080	      0.93457944	      0.58719906
      1.49500000	      0.51229508	      0.83723562	      0.56401579	      1.05743578	      0.68319637	      0.56657224	      0.71839080	      0.93457944	      0.58719906
      1.49600000	      0.51229508	      0.85769646	      0.56401579	      1.18547826	      0.61152608	      0.56657224	      0.71839080	      0.93457944	      0.58719906
      1.49700000	      0.51229508	      0.82149877	      0.56401579	      1.02066829	      0.75335680	      0.56657224	      0.71839080	      0.93457944	      0.58719906
      1.49800000	      0.51229508	      0.86969815	      0.56401579	      1.17901395	      0.60830481	      0.56657224	      0.71839080	      0.93457944	      0.58719906
      1.49900000	      0.51229508	      0.72735183	      0.56401579	      1.06434862	      0.72805096	      0.56657224	      0.71839080	      0.93457944	      0.58719906
      1.50000000	      0.51229508	      0.74820655	      0.56401579	      1.13405776	      0.64615083	      0.56657224	      0.71839080	      0.93457944	      0.58719906
      1.50100000	      0.51229508	      0.81674570	      0.56401579	      1.13046642	      0.62783504	      0.56657224	      0.71839080	      0.93457944	      0.58719906
      1.50200000	      0.51229508	      0.79703134	      0.56401579	      1.02836447	      0.75773741	      0.56657224	      0.71839080	      0.93457944	      0.58719906
      1.50300000	      0.51229508	      0.83078110	      0.56401579	      1.03632373	      0.75387556	      0.56657224	      0.71839080	      0.93457944	      0.58719906
      1.50400000	      0.51229508	      0.78545830	      0.56401579	      1.14568540	      0.60698266	      0.56657224	      0.71839080	      0.93457944	      0.58719906
      1.50500000	      0.51229508	      0.87794594	      0.56401579	      1.06271953	      0.70583053	      0.56657224	      0.71839080	      0.93457944	      0.58719906
      1.50600000	      0.51229508	      0.88196897	      0.56401579	      1.16319438	      0.62765118	      0.56657224	      0.71839080	      0.93457944	      0.58719906
      1.50700000	      0.51229508	      0.84229735	      0.56401579	      1.10727541	      0.67473474	      0.56657224	      0.71839080	      0.93457944	      0.58719906
      1.50800000	      0.51229508	      0.75284822	      0.56401579	      1.06230102	      0.68978192	      0.56657224	      0.71839080	      0.93457944	      0.58719906
      1.50900000	      0.51229508	      0.73227426	      0.56401579	      1.10343890	      0.66393474	      0.56657224	      0.71839080	      0.93457944	      0.58719906
      1.51000000	      0.51229508	      0.85106799	      0.56401579	      1.03542326	      0.77255765	      0.56657224	      0.71839080	      0.93457944	      0.58719906
      1.51100000	      0.51229508	      0.82078758	      0.56401579	      1.02891402	      0.73697906	      0.56657224	      0.71839080	      0.93457944	      0.58719906
      1.51200000	      0.51229508	      0.77491887	      0.56401579	      1.10256284	      0.70096324	      0.56657224	      0.71839080	      0.93457944	      0.58719906
      1.51300000	      0.51229508	      0.76380102	      0.56401579	      1.07336430	      0.68346455	      0.56657224	      0.71839080	      0.93457944	      0.58719906
      1.51400000	      0.51229508	      0.75693494	      0.56401579	      1.14386741	      0.65499903	      0.56657224	      0.71839080	      0.93457944	      0.58719906
      1.51500000	      0.51229508	      0.86446729	      0.56401579	      1.09955758	      0.68612754	      0.56657224	      0.71839080	      0.93457944	      0.58719906
      1.51600000	      0.51229508	      0.85569694	      0.56401579	      1.07411256	      0.68951701	      0.56657224	      0.71839080	      0.93457944	      0.58719906
      1.51700000	      0.51229508	      0.73906266	      0.56401579	      1.08693172	      0.72601118	      0.56657224	      0.71839080	      0.93457944	      0.58719906
      1.51800000	      0.51229508	      0.78276574	      0.56401579	      1.06265737	      0.73173785	      0.56657224	      0.71839080	      0.93457944	      0.58719906
      1.51900000	      0.51229508	      0.82520308	      0.56401579	      1.02088275	      0.78558914	      0.56657224	      0.71839080	      0.93457944	      0.58719906
      1.52000000	      0.51229508	      0.80792969	      0.56401579	      1.02885382	      0.77911512	      0.56657224	      0.71839080	      0.93457944	      0.58719906
      1.52100000	      0.51229508	      0.74450777	      0.56401579	      1.15257949	      0.65451960	      0.56657224	      0.71839080	      0.93457944	      0.58719906
      1.52200000	      0.51229508	      0.84577415	      0.56401579	      1.17137669	      0.62733737	      0.56657224	      0.71839080	      0.93457944	      0.58719906
      1.52300000	      0.51229508	      0.77140354	      0.56401579	      1.03176274	      0.74080972	      0.56657224	      0.71839080	      0.93457944	      0.58719906
      1.52400000	      0.51229508	      0.80091735	      0.56401579	      1.04482481	      0.71999893	      0.56657224	      0.71839080	      0.93457944	      0.58719906
      1.52500000	      0.51229508	      0.87130524	      0.56401579	      1.14673287	      0.63114739	      0.56657224	      0.71839080	      0.93457944	      0.58719906
      1.52600000	      0.51229508	      0.74722061	      0.56401579	      1.11930555	      0.66796152	      0.56657224	      0.71839080	      0.93457944	      0.58719906
      1.52700000	      0.51229508	      0.79618032	      0.56401579	      1.09859163	      0.69289050	      0.56657224	      0.71839080	      0.93457944	      0.58719906
      1.52800000	      0.51229508	      0.85088412	      0.56401579	      1.03858129	      0.76019469	      0.56657224	      0.71839080	      0.93457944	      0.58719906
      1.52900000	      0.51229508	      0.83611005	      0.56401579	      1.12938796	      0.68281171	      0.56657224	      0.71839080	      0.93457944	      0.58719906
      1.53000000	      0.51229508	      0.76789525	      0.56401579	      1.05170493	      0.73865956	      0.56657224	      0.71839080	      0.93457944	      0.58719906
      1.53100000	      0.51229508	      0.79106752	      0.56401579	      0.98270262	      0.79286021	      0.56657224	      0.71839080	      0.93457944	      0.58719906
      1.53200000	      0.51229508	      0.88902551	      0.56401579	      1.05410428	      0.75464595	      0.56657224	      0.71839080	      0.93457944	      0.58719906
      1.53300000	      0.51229508	      0.85592936	      0.56401579	      1.11029144	      0.65323082	      0.56657224	      0.71839080	      0.93457944	      0.58719906
      1.53400000	      0.51229508	      0.81186038	      0.56401579	      1.05026480	      0.69492454	      0.56657224	      0.71839080	      0.93457944	      0.58719906
      1.53500000	      0.51229508	      0.86160257	      0.56401579	      1.14232002	      0.66179955	      0.56657224	      0.71839080	      0.93457944	      0.58719906
      1.53600000	      0.51229508	      0.78632584	      0.56401579	      1.14047369	      0.64625333	      0.56657224	      0.71839080	      0.93457944	      0.58719906
      1.53700000	      0.51229508	      0.88616252	      0.56401579	      1.02772879	      0.75175962	      0.56657224	      0.71839080	      0.93457944	      0.58719906
      1.53800000	      0.51229508	      0.77149996	      0.56401579	      1.04058173	      0.73859086	      0.56657224	      0.71839080	      0.93457944	      0.58719906
      1.53900000	      0.51229508	      0.81996378	      0.56401579	      1.12252892	      0.69253375	      0.56657224	      0.71839080	      0.93457944	      0.58719906
      1.54000000	      0.51229508	      0.75711061	      0.56401579	      1.19554801	      0.60606929	      0.56657224	      0.71839080	      0.93457944	      0.58719906
      1.54100000	      0.51229508	      0.86632181	      0.56401579	      1.10944556	      0.64339114	      0.56657224	      0.71839080	      0.93457944	      0.58719906
      1.54200000	      0.51229508	      0.84515587	      0.56401579	      1.13732582	      0.64491407	      0.56657224	      0.71839080	      0.93457944	      0.58719906
      1.54300000	      0.51229508	      0.87576948	      0.56401579	      1.14061960	      0.63941595	      0.56657224	      0.71839080	      0.93457944	      0.58719906
      1.54400000	      0.51229508	      0.78180022	      0.56401579	      1.14687573	      0.65067676	      0.56657224	      0.71839080	      0.93457944	      0.58719906
      1.54500000	      0.51229508	      0.87045810	      0.56401579	      1.07373128	      0.73912119	      0.56657224	      0.71839080	      0.93457944	      0.58719906
      1.54600000	      0.51229508	      0.83090216	      0.56401579	      1.11432587	      0.66216640	      0.56657224	      0.71839080	      0.93457944	      0.58719906
      1.54700000	      0.51229508	      0.89759852	      0.56401579	      1.13511368	      0.61807308	      0.56657224	      0.71839080	      0.93457944	      0.58719906
      1.54800000	      0.51229508	      0.80333631	      0.56401579	      1.05934972	      0.69284665	      0.56657224	      0.71839080	      0.93457944	      0.58719906
      1.54900000	      0.51229508	      0.82097097	      0.56401579	      1.04934138	      0.70901522	      0.56657224	      0.71839080	      0.93457944	      0.58719906
      1.55000000	      0.51229508	      0.75379093	      0.56401579	      1.00616662	      0.77697973	      0.56657224	      0.71839080	      0.93457944	      0.58719906
      1.55100000	      0.51229508	      0.81854986	      0.56401579	      1.05717280	      0.69923122	      0.56657224	      0.71839080	      0.93457944	      0.58719906
      1.55200000	      0.51229508	      0.87100004	      0.56401579	      1.04126598	      0.74207470	      0.56657224	      0.71839080	      0.93457944	      0.58719906
      1.55300000	      0.51229508	      0.89254201	      0.56401579	      1.07540378	      0.70046626	      0.56657224	      0.71839080	      0.93457944	      0.58719906
      1.55400000	      0.51229508	      0.82781853	      0.56401579	      1.01385809	      0.78825976	      0.56657224	      0.71839080	      0.93457944	      0.58719906
      1.55500000	      0.51229508	      0.80691986	      0.56401579	      1.15885922	      0.64774894	      0.56657224	      0.71839080	      0.93457944	      0.58719906
      1.55600000	      0.51229508	      0.86227935	      0.56401579	      1.08442242	      0.67907660	      0.56657224	      0.71839080	      0.93457944	      0.58719906
      1.55700000	      0.51229508	      0.83987670	      0.56401579	      0.99184968	      0.75646334	      0.56657224	      0.71839080	      0.93457944	      0.58719906
      1.55800000	      0.51229508	      0.79394257	      0.56401579	      1.14845567	      0.62712856	      0.56657224	      0.71839080	      0.93457944	      0.58719906
      1.55900000	      0.51229508	      0.80438546	      0.56401579	      1.11232062	      0.63742722	      0.56657224	      0.71839080	      0.93457944	      0.58719906
      1.56000000	      0.51229508	      0.77564419	      0.56401579	      1.12622590	      0.65824231	      0.56657224	      0.71839080	      0.93457944	      0.58719906
      1.56100000	      0.51229508	      0.89811695	      0.56401579	      1.05926419	      0.71513815	      0.56657224	      0.71839080	      0.93457944	      0.58719906
      1.56200000	      0.51229508	      0.90970969	      0.56401579	      1.13925420	      0.65572714	      0.56657224	      0.71839080	      0.93457944	      0.58719906
      1.56300000	      0.51229508	      0.88285041	      0.56401579	      1.09673936	      0.71761120	      0.56657224	      0.71839080	      0.93457944	      0.58719906
      1.56400000	      0.51229508	      0.87780843	      0.56401579	      1.15028418	      0.63707914	      0.56657224	      0.71839080	      0.93457944	      0.58719906
      1.56500000	      0.51229508	      0.83423666	      0.56401579	      1.03513546	      0.76275997	      0.56657224	      0.71839080	      0.93457944	      0.58719906
      1.56600000	      0.51229508	      0.84572754	      0.56401579	      1.14080449	      0.64569408	      0.56657224	      0.71839080	      0.93457944	      0.58719906
      1.56700000	      0.51229508	      0.85061933	      0.56401579	      1.10386043	      0.71761723	      0.56657224	      0.71839080	      0.93457944	      0.58719906
      1.56800000	      0.51229508	      0.89052940	      0.56401579	      1.11337441	      0.68421183	      0.56657224	      0.71839080	      0.93457944	      0.58719906
      1.56900000	      0.51229508	      0.81254598	      0.56401579	      1.19460715	      0.58721246	      0.56657224	      0.71839080	      0.93457944	      0.58719906
      1.57000000	      0.51229508	      0.85978633	      0.56401579	      1.09813725	      0.66383157	      0.56657224	      0.71839080	      0.93457944	      0.58719906
      1.57100000	      0.51229508	      0.90397996	      0.56401579	      1.12990054	      0.63144474	      0.56657224	      0.71839080	      0.93457944	      0.58719906
      1.57200000	      0.51229508	      0.78816361	      0.56401579	      1.06470775	      0.73331851	      0.56657224	      0.71839080	      0.93457944	      0.58719906
      1.57300000	      0.51229508	      0.77288250	      0.56401579	      1.16231003	      0.63607314	      0.56657224	      0.71839080	      0.93457944	      0.58719906
      1.57400000	      0.51229508	      0.78106929	      0.56401579	      1.08099380	      0.70377817	      0.56657224	      0.71839080	      0.93457944	      0.58719906
      1.57500000	      0.51229508	      0.76182188	      0.56401579	      1.04275084	      0.75635879	      0.56657224	      0.71839080	      0.93457944	      0.58719906
