Moment_hip_adduction_r
version=1
nRows=1575
nColumns=10
inDegrees=no

This analysis gathers basic information about muscles during a simulation (e.g., forces, tendon lengths, moment arms, etc).
Units are S.I. units (second, meters, Newtons, ...)
If the header above contains a line with 'inDegrees', this indicates whether rotational values are in degrees (yes) or radians (no).

endheader
time	bflh_r	bfsh_r	gasmed_r	glmax2_r	iliacus_r	recfem_r	soleus_r	tibant_r	vasmed_r
      0.00100000	   2463.96680325	      0.00000000	     -0.00000000	     -0.00000000	     -0.00000000	   -311.80021664	      0.00000000	      0.00000000	     -0.00000000
      0.00200000	   4194.07017034	      0.00000000	     17.23070829	     -0.00000000	     -0.89373297	   -128.78859619	      0.00000000	     -0.00000000	      0.00000000
      0.00300000	   3939.50535376	      0.00000000	      0.00000000	    -10.00860746	     -0.00000000	   -418.96885347	      0.00000000	      0.00000000	     -0.00000000
      0.00400000	   4862.71302749	      0.00000000	     21.46936017	     -0.00000000	      0.11485934	     -3.45723214	      0.00000000	      0.00000000	      0.00000000
      0.00500000	   3918.27303553	      0.00000000	     -0.00000000	     -0.00000000	     -0.85611820	   -335.26508824	     -0.00000000	     -0.00000000	      0.00000000
      0.00600000	   4178.46463112	      0.00000000	     20.45179193	    -24.51775772	      0.00000000	     -6.88546044	     -0.00000000	     -0.00000000	     -0.00000000
      0.00700000	   4092.89825469	     -0.00000000	     23.50333454	     -0.00000000	      0.00281803	     -0.00000000	     -0.00000000	      0.00000000	     -0.00000000
      0.00800000	   4424.57749947	     -0.00000000	      7.04540514	     -0.00000000	     -0.21701071	   -101.95558583	      0.00000000	      0.00000000	      0.00000000
      0.00900000	   5459.13484995	     -0.00000000	     -1.30081941	    -16.55411868	     -0.00000000	   -284.28140111	     -0.00000000	     -0.00000000	     -0.00000000
      0.01000000	   3620.01800065	      0.00000000	      9.20667666	     -0.00000000	     -1.40669071	   -143.89104817	      0.00000000	     -0.00000000	     -0.00000000
      0.01100000	   2487.06587007	      0.00000000	     26.67811851	     -5.93618449	     -0.00000000	   -137.96873758	      0.00000000	     -0.00000000	     -0.00000000
      0.01200000	   3501.35638593	      0.00000000	     -0.97481516	    -17.13443518	     -0.00000000	    -97.23683572	      0.00000000	     -0.00000000	      0.00000000
      0.01300000	   2820.86991417	      0.00000000	     -0.00000000	     -0.00000000	     -2.26458740	   -282.33820414	     -0.00000000	     -0.00000000	     -0.00000000
      0.01400000	   4451.03935907	     -0.00000000	      8.16859714	    -29.12654072	     -0.00000000	   -160.73154141	      0.00000000	      0.00000000	      0.00000000
      0.01500000	   3630.19828039	      0.00000000	      8.73034019	     -0.00000000	     -0.18336200	    -31.54403744	      0.00000000	      0.00000000	      0.00000000
      0.01600000	   3501.28223179	     -0.00000000	      7.70933811	     -0.00000000	     -0.00000000	   -153.28465181	      0.00000000	      0.00000000	      0.00000000
      0.01700000	   4622.59349064	     -0.00000000	     26.24860235	     -0.00000000	      1.03283006	     -0.00000000	      0.00000000	     -0.00000000	     -0.00000000
      0.01800000	   2528.78151256	      0.00000000	     -0.00000000	     -1.83097374	     -2.02392370	   -364.31652967	     -0.00000000	     -0.00000000	      0.00000000
      0.01900000	   3135.62048345	     -0.00000000	      0.00000000	    -16.75837299	     -0.00000000	   -159.19499195	      0.00000000	      0.00000000	      0.00000000
      0.02000000	   3720.44743554	     -0.00000000	     -0.30864357	     -0.00000000	      2.27958518	    -42.77800136	      0.00000000	      0.00000000	     -0.00000000
      0.02100000	   4128.73125358	      0.00000000	     11.52474518	    -12.94283389	      0.00000000	    -21.29211860	      0.00000000	     -0.00000000	     -0.00000000
      0.02200000	   3324.05530664	      0.00000000	     -0.33857480	     -0.00000000	      3.41922943	    -38.37399876	      0.00000000	      0.00000000	     -0.00000000
      0.02300000	   5045.05683282	     -0.00000000	     -0.76646990	     -0.00000000	     -3.49151202	   -286.88205387	     -0.00000000	      0.00000000	      0.00000000
      0.02400000	   3459.28785344	     -0.00000000	     -0.00000000	    -18.46209735	     -0.00000000	   -235.83918372	      0.00000000	      0.00000000	      0.00000000
      0.02500000	   3135.58135610	     -0.00000000	     -1.19923254	     -0.00000000	     -0.65103774	   -143.68018431	     -0.00000000	      0.00000000	      0.00000000
      0.02600000	   2346.06504997	      0.00000000	     -1.20309092	     -0.00000000	     -0.05448931	   -219.20686101	     -0.00000000	      0.00000000	     -0.00000000
      0.02700000	   4861.14215831	      0.00000000	      3.40174947	    -12.23051716	     -0.00000000	   -171.51535843	     -0.00000000	      0.00000000	      0.00000000
      0.02800000	   2741.85736146	     -0.00000000	     14.77697946	     -0.00000000	     -2.66016294	   -137.77066917	      0.00000000	      0.00000000	      0.00000000
      0.02900000	   5260.76035811	      0.00000000	     -1.15900616	    -32.14216739	     -0.00000000	   -293.24537527	     -0.00000000	     -0.00000000	     -0.00000000
      0.03000000	   3781.64795077	      0.00000000	     -1.03969913	     -0.00000000	      0.99799746	    -53.00664755	      0.00000000	     -0.00000000	     -0.00000000
      0.03100000	   5454.55733353	     -0.00000000	      7.11598205	     -0.00000000	     -3.67805684	   -279.26395280	      0.00000000	      0.00000000	      0.00000000
      0.03200000	   4766.46530013	     -0.00000000	     -0.00000000	    -19.19631478	     -0.00000000	   -333.32413119	     -0.00000000	     -0.00000000	     -0.00000000
      0.03300000	   3322.03622394	      0.00000000	     -0.00000000	     -8.08475461	     -0.00000000	   -256.36853973	      0.00000000	     -0.00000000	      0.00000000
      0.03400000	   3964.05128490	     -0.00000000	     11.57801759	     -0.00000000	      0.59035452	    -46.69063001	     -0.00000000	      0.00000000	     -0.00000000
      0.03500000	   2108.90690190	      0.00000000	     25.32501325	     -2.01093049	     -0.00000000	   -131.23556210	      0.00000000	     -0.00000000	      0.00000000
      0.03600000	   3441.82762171	      0.00000000	      0.00000000	    -21.03007792	      0.00000000	   -158.54119018	      0.00000000	      0.00000000	      0.00000000
      0.03700000	   4173.99704450	      0.00000000	     31.12856743	     -0.00000000	      2.22511529	     -0.00000000	      0.00000000	     -0.00000000	     -0.00000000
      0.03800000	   3584.38136716	     -0.00000000	     -0.00000000	     -0.00000000	     -1.00135364	   -364.41469110	     -0.00000000	      0.00000000	     -0.00000000
      0.03900000	   3994.95858226	      0.00000000	     -0.00000000	    -10.61643226	     -0.00000000	   -299.00836217	      0.00000000	     -0.00000000	     -0.00000000
      0.04000000	   3620.94942721	     -0.00000000	     -0.12825400	    -14.72824057	      0.00000000	    -17.94072896	     -0.00000000	     -0.00000000	      0.00000000
      0.04100000	   3824.77390871	     -0.00000000	     10.35674560	     -3.77629032	      0.00000000	    -22.14311612	     -0.00000000	      0.00000000	     -0.00000000
      0.04200000	   3817.41670930	     -0.00000000	     38.26831952	     -0.00000000	     -0.10222839	     -3.15254949	      0.00000000	      0.00000000	      0.00000000
      0.04300000	   1966.71212796	      0.00000000	     12.35231978	     -0.00000000	     -1.98882505	   -188.11286170	      0.00000000	     -0.00000000	      0.00000000
      0.04400000	   2758.77994004	      0.00000000	     16.15416405	    -13.10025080	     -0.00000000	    -78.96508836	      0.00000000	      0.00000000	     -0.00000000
      0.04500000	   4237.46851673	      0.00000000	     -0.00000000	     -0.00000000	      0.41866391	   -194.34485154	     -0.00000000	      0.00000000	     -0.00000000
      0.04600000	   3225.20340547	      0.00000000	     14.34246786	     -1.80878045	     -0.30137021	   -166.90602231	     -0.00000000	     -0.00000000	      0.00000000
      0.04700000	   4072.65924337	     -0.00000000	     -0.59957894	    -16.93151456	     -0.00000000	   -221.20845640	     -0.00000000	     -0.00000000	     -0.00000000
      0.04800000	   3569.37436130	     -0.00000000	     -0.00000000	     -0.00000000	      0.22570630	   -185.02528321	      0.00000000	      0.00000000	     -0.00000000
      0.04900000	   3752.47762712	      0.00000000	      0.26558171	     -3.51361603	     -0.00000000	   -181.19113574	      0.00000000	      0.00000000	      0.00000000
      0.05000000	   3456.11990100	     -0.00000000	     25.84023288	     -6.61800264	     -0.00000000	    -17.61441016	     -0.00000000	     -0.00000000	      0.00000000
      0.05100000	   3344.00983919	      0.00000000	      0.00000000	     -0.00000000	     -0.51749430	   -289.59385646	     -0.00000000	      0.00000000	      0.00000000
      0.05200000	   4289.05925899	      0.00000000	     -1.13681591	     -0.00000000	     -0.73430131	   -279.95371208	      0.00000000	     -0.00000000	      0.00000000
      0.05300000	   3294.43507567	      0.00000000	      9.23385841	     -4.79171324	     -0.00000000	   -189.20494539	     -0.00000000	     -0.00000000	      0.00000000
      0.05400000	   3697.78928844	      0.00000000	     -0.00000000	     -0.00000000	     -0.35044695	   -343.69485090	     -0.00000000	      0.00000000	     -0.00000000
      0.05500000	   4589.44451771	     -0.00000000	     26.50845353	     -5.25211986	     -0.00000000	   -123.96082987	     -0.00000000	     -0.00000000	     -0.00000000
      0.05600000	   4366.98465973	     -0.00000000	     15.51420958	    -21.98087272	      0.00000000	     -1.89012153	     -0.00000000	     -0.00000000	     -0.00000000
      0.05700000	   3560.82721571	      0.00000000	      4.42534824	     -0.00000000	     -0.06315827	    -97.36913752	      0.00000000	      0.00000000	     -0.00000000
      0.05800000	   2652.96442796	      0.00000000	      0.00000000	     -0.00000000	     -0.46936973	   -194.95991848	      0.00000000	      0.00000000	      0.00000000
      0.05900000	   2955.26247851	      0.00000000	     19.68686744	     -0.00000000	     -0.59768215	    -68.25662676	      0.00000000	      0.00000000	     -0.00000000
      0.06000000	   2426.76046079	      0.00000000	      0.00000000	     -0.00000000	     -0.63557549	   -261.21179035	      0.00000000	      0.00000000	      0.00000000
      0.06100000	   5459.46784142	      0.00000000	     -1.22862627	     -0.00000000	     -2.27544807	   -351.12379404	      0.00000000	      0.00000000	      0.00000000
      0.06200000	   1167.21674381	      0.00000000	      0.25509789	      0.05159632	     -1.12282171	   -191.65189188	      0.00000000	      0.00000000	     -0.00000000
      0.06300000	   5299.57476209	     -0.00000000	      4.90941822	     -2.22936681	     -0.00000000	   -296.67807763	      0.00000000	      0.00000000	     -0.00000000
      0.06400000	   2138.59786267	      0.00000000	     -1.18948713	     -3.74600570	     -0.00000000	   -169.18872518	     -0.00000000	     -0.00000000	     -0.00000000
      0.06500000	   4954.74338817	      0.00000000	     19.70407816	    -12.32634731	      0.00000000	    -24.33794941	     -0.00000000	      0.00000000	      0.00000000
      0.06600000	   4141.00846606	      0.00000000	     18.31816671	     -0.00000000	      1.03047742	     -0.00000000	     -0.00000000	     -0.00000000	      0.00000000
      0.06700000	   2905.97036945	      0.00000000	     16.31831983	     -3.15170780	     -0.00000000	   -142.55612845	      0.00000000	      0.00000000	     -0.00000000
      0.06800000	   3513.42010367	     -0.00000000	     -0.00000000	    -10.72782069	      0.00000000	   -118.86586336	     -0.00000000	      0.00000000	     -0.00000000
      0.06900000	   3609.72039106	     -0.00000000	     -0.00000000	     -0.00000000	      0.52812006	   -105.43743479	     -0.00000000	      0.00000000	     -0.00000000
      0.07000000	   3806.35825351	      0.00000000	     -0.37644454	    -16.30675955	      0.00000000	    -26.55597902	     -0.00000000	     -0.00000000	      0.00000000
      0.07100000	   3608.67809593	     -0.00000000	     -1.24130129	     -0.00000000	      1.72130212	    -96.80901167	      0.00000000	      0.00000000	      0.00000000
      0.07200000	   4148.78863605	      0.00000000	     -1.05996192	    -11.82611049	      0.00000000	   -133.71022791	      0.00000000	      0.00000000	      0.00000000
      0.07300000	   3859.34727304	     -0.00000000	      8.71052464	     -0.00000000	     -0.07994012	    -78.58716674	     -0.00000000	     -0.00000000	      0.00000000
      0.07400000	   6339.20978760	      0.00000000	     18.20578067	     -5.42298245	     -0.00000000	   -153.90471445	      0.00000000	      0.00000000	     -0.00000000
      0.07500000	   3310.18379164	      0.00000000	     -0.00000000	    -28.19486162	      0.00000000	   -215.41149734	     -0.00000000	     -0.00000000	      0.00000000
      0.07600000	   3685.85602356	     -0.00000000	     -0.91056634	     -0.00000000	      1.22837650	   -101.43431169	      0.00000000	      0.00000000	     -0.00000000
      0.07700000	   1865.42497747	     -0.00000000	      6.20909599	     -0.00000000	     -2.20192182	   -144.33675267	      0.00000000	      0.00000000	     -0.00000000
      0.07800000	   3726.54284974	     -0.00000000	     -0.85967628	    -12.25321714	     -0.00000000	   -285.22905976	     -0.00000000	      0.00000000	      0.00000000
      0.07900000	   3890.19238105	     -0.00000000	     14.83862944	    -11.89099608	      0.00000000	     -9.87699746	      0.00000000	     -0.00000000	      0.00000000
      0.08000000	   3729.98196735	     -0.00000000	     -0.82523551	     -5.81078360	      0.00000000	    -56.35585115	      0.00000000	      0.00000000	     -0.00000000
      0.08100000	   3763.85179174	      0.00000000	     -1.17365622	     -0.00000000	      2.08399068	   -101.98938198	     -0.00000000	      0.00000000	     -0.00000000
      0.08200000	   3352.38765797	     -0.00000000	     -0.00000000	     -4.69023342	     -0.00000000	   -471.15789359	      0.00000000	      0.00000000	     -0.00000000
      0.08300000	   3127.76527069	      0.00000000	     15.26562311	     -0.00000000	     -0.34062809	    -64.10838560	      0.00000000	      0.00000000	     -0.00000000
      0.08400000	   6547.11567495	     -0.00000000	     20.57856778	     -2.91440520	     -0.00000000	   -119.23616393	     -0.00000000	     -0.00000000	     -0.00000000
      0.08500000	   4048.69517316	      0.00000000	      7.63234034	    -24.33178473	      0.00000000	    -11.38300748	     -0.00000000	      0.00000000	      0.00000000
      0.08600000	   4257.87956935	     -0.00000000	     11.90802652	     -0.00000000	     -2.98066222	   -176.96900723	     -0.00000000	     -0.00000000	     -0.00000000
      0.08700000	   5507.55359631	     -0.00000000	     17.61700392	    -27.47855136	     -0.00000000	    -20.63512294	      0.00000000	      0.00000000	      0.00000000
      0.08800000	   2812.94898456	     -0.00000000	      7.40605202	     -0.00000000	     -0.57942268	   -127.35750106	     -0.00000000	     -0.00000000	      0.00000000
      0.08900000	   4052.15933312	      0.00000000	      8.60455990	     -5.39759729	      0.17809880	    -50.28026720	     -0.00000000	      0.00000000	      0.00000000
      0.09000000	   4291.94579013	     -0.00000000	     -0.00000000	     -0.00000000	     -2.00838971	   -369.18393451	     -0.00000000	     -0.00000000	      0.00000000
      0.09100000	   2613.62416632	     -0.00000000	     13.96403346	     -5.78984776	     -0.00000000	   -155.94925916	      0.00000000	      0.00000000	     -0.00000000
      0.09200000	   3910.58761815	      0.00000000	      0.00000000	     -7.39402080	     -0.00000000	   -331.92334166	      0.00000000	      0.00000000	     -0.00000000
      0.09300000	   3131.68848360	      0.00000000	     -0.00000000	     -0.00000000	     -3.29590005	   -336.48086235	      0.00000000	     -0.00000000	     -0.00000000
      0.09400000	   1967.19076870	     -0.00000000	      0.00000000	    -19.57541948	     -0.00000000	   -293.58581033	      0.00000000	      0.00000000	     -0.00000000
      0.09500000	   3469.36892917	     -0.00000000	     -0.00000000	     -2.04414309	      0.00000000	   -149.91923476	     -0.00000000	     -0.00000000	     -0.00000000
      0.09600000	   3292.51502584	     -0.00000000	     -0.68604257	     -0.00000000	     -1.06582838	   -227.78482754	     -0.00000000	     -0.00000000	     -0.00000000
      0.09700000	   4199.98710357	      0.00000000	      0.00000000	     -0.00000000	      0.00935086	   -209.00559687	     -0.00000000	     -0.00000000	      0.00000000
      0.09800000	   5096.12467400	     -0.00000000	     -0.08495011	     -0.22215477	     -0.81792581	   -222.65430793	     -0.00000000	      0.00000000	      0.00000000
      0.09900000	   4015.72509787	     -0.00000000	      0.83942158	    -13.57104766	      0.00000000	    -87.04277397	      0.00000000	      0.00000000	     -0.00000000
      0.10000000	   4072.12763612	     -0.00000000	      0.00000000	     -0.00000000	      0.80831110	   -235.77594340	      0.00000000	      0.00000000	     -0.00000000
      0.10100000	   2191.18673052	      0.00000000	     -1.73941602	     -5.64503425	     -0.00000000	   -198.43301653	      0.00000000	      0.00000000	     -0.00000000
      0.10200000	   3644.90925588	     -0.00000000	     12.61851529	     -0.02085602	     -0.02582193	    -38.40861088	      0.00000000	     -0.00000000	      0.00000000
      0.10300000	   1539.07987609	     -0.00000000	     -0.00000000	     -0.00000000	     -4.32243534	   -211.93517749	      0.00000000	      0.00000000	      0.00000000
      0.10400000	   4699.43171479	      0.00000000	     -0.00000000	    -30.06696870	     -0.00000000	   -352.00586522	     -0.00000000	      0.00000000	     -0.00000000
      0.10500000	   3887.41283427	      0.00000000	      5.20198455	     -0.00000000	      1.31343252	    -46.65876671	      0.00000000	      0.00000000	      0.00000000
      0.10600000	   4545.50726958	     -0.00000000	      0.51125645	     -0.00000000	     -3.16560198	   -345.64687031	     -0.00000000	      0.00000000	     -0.00000000
      0.10700000	   3830.35209476	     -0.00000000	      0.00000000	     -7.63732339	     -0.00000000	   -407.42812388	     -0.00000000	      0.00000000	      0.00000000
      0.10800000	   4826.45709210	     -0.00000000	      7.69677760	     -9.63764653	     -0.00000000	   -152.66972708	      0.00000000	      0.00000000	     -0.00000000
      0.10900000	   4203.67151897	      0.00000000	     -0.00000000	     -0.00000000	      0.61726680	   -159.00911380	     -0.00000000	     -0.00000000	     -0.00000000
      0.11000000	   3193.41816368	      0.00000000	     20.99540030	     -0.00000000	     -3.16020494	   -219.70155605	      0.00000000	      0.00000000	     -0.00000000
      0.11100000	   2863.33074467	      0.00000000	     19.32806008	    -13.50223998	     -0.00000000	    -93.97441991	     -0.00000000	     -0.00000000	      0.00000000
      0.11200000	   4092.39207712	      0.00000000	     10.25167701	     -0.00000000	      0.41236859	    -19.14958180	      0.00000000	      0.00000000	     -0.00000000
      0.11300000	   4121.68210613	      0.00000000	     -0.00000000	     -0.00000000	     -0.78365439	   -374.49683997	     -0.00000000	     -0.00000000	      0.00000000
      0.11400000	   2233.24577879	     -0.00000000	     -0.00000000	     -2.71237424	     -0.00000000	   -298.83129280	     -0.00000000	     -0.00000000	     -0.00000000
      0.11500000	   4038.89493296	     -0.00000000	     -1.25530180	    -15.25151730	      0.00000000	   -107.01928241	     -0.00000000	     -0.00000000	     -0.00000000
      0.11600000	   3447.17156263	     -0.00000000	     -0.97618610	     -0.00000000	     -0.28636974	   -128.36655357	      0.00000000	      0.00000000	      0.00000000
      0.11700000	   3404.49631397	     -0.00000000	     33.96966574	     -9.74586733	     -0.00000000	    -58.68834120	     -0.00000000	      0.00000000	      0.00000000
      0.11800000	   3476.07216732	     -0.00000000	     -0.00000000	     -0.00000000	      0.81068901	    -95.46051865	     -0.00000000	      0.00000000	     -0.00000000
      0.11900000	   4043.57527468	      0.00000000	      5.59563747	     -0.00000000	     -0.93445124	   -182.61257162	     -0.00000000	     -0.00000000	     -0.00000000
      0.12000000	   3517.14422814	      0.00000000	     -0.00000000	     -4.89930939	      0.00000000	   -128.00455942	     -0.00000000	     -0.00000000	      0.00000000
      0.12100000	   3478.45677752	      0.00000000	     -0.00000000	     -0.00000000	     -0.69611942	   -400.99569546	     -0.00000000	     -0.00000000	      0.00000000
      0.12200000	   5399.22832027	     -0.00000000	     14.88883078	     -0.27040422	     -0.44441570	    -26.04665888	      0.00000000	      0.00000000	     -0.00000000
      0.12300000	   3202.95895473	     -0.00000000	     -0.82630342	     -3.22662837	     -0.00000000	   -353.83811209	      0.00000000	     -0.00000000	     -0.00000000
      0.12400000	   3294.16395663	      0.00000000	     -0.57791712	    -19.76185848	      0.00000000	     -3.54663562	     -0.00000000	     -0.00000000	      0.00000000
      0.12500000	   3823.96357706	     -0.00000000	     13.11525747	     -0.00000000	     -0.71292482	    -50.05216497	     -0.00000000	      0.00000000	     -0.00000000
      0.12600000	   1822.37700853	     -0.00000000	     -0.00000000	     -8.41840861	     -0.00000000	   -319.64239707	      0.00000000	      0.00000000	     -0.00000000
      0.12700000	   3892.19845213	     -0.00000000	     17.08104246	     -0.00000000	      0.49878283	     -0.00000000	      0.00000000	      0.00000000	      0.00000000
      0.12800000	   5879.10762183	      0.00000000	     15.24042538	     -0.00000000	     -6.79629939	   -191.05014358	      0.00000000	      0.00000000	      0.00000000
      0.12900000	   2394.73975335	      0.00000000	      9.71868109	    -11.84135309	     -0.00000000	   -184.16398434	     -0.00000000	     -0.00000000	     -0.00000000
      0.13000000	   3404.65028573	      0.00000000	      0.00000000	     -0.00000000	     -0.39256742	   -337.15543957	      0.00000000	     -0.00000000	      0.00000000
      0.13100000	   3710.34441120	     -0.00000000	     -0.00000000	     -4.54477557	     -0.00000000	   -496.04679614	     -0.00000000	      0.00000000	     -0.00000000
      0.13200000	   3672.87863058	      0.00000000	      0.00000000	     -0.00000000	      0.00000000	   -206.73048942	      0.00000000	      0.00000000	      0.00000000
      0.13300000	   2850.74530519	      0.00000000	     -0.80454102	     -0.00000000	     -1.31563150	   -324.87923045	     -0.00000000	      0.00000000	      0.00000000
      0.13400000	   3643.29087757	     -0.00000000	     -0.00000000	    -16.21717423	      0.00000000	    -82.90250273	     -0.00000000	     -0.00000000	      0.00000000
      0.13500000	   4504.82126297	     -0.00000000	      5.37807186	     -0.00000000	      0.39709915	    -61.06049450	     -0.00000000	     -0.00000000	     -0.00000000
      0.13600000	   4046.88106056	      0.00000000	     16.91259339	     -0.00000000	     -0.03197459	    -50.70411545	     -0.00000000	     -0.00000000	      0.00000000
      0.13700000	   4605.18355326	     -0.00000000	     -0.00000000	     -0.00000000	     -0.00000000	   -359.40452378	     -0.00000000	     -0.00000000	     -0.00000000
      0.13800000	   3405.04057247	      0.00000000	     -0.92750197	     -8.45034396	     -0.12937014	   -194.72160631	     -0.00000000	     -0.00000000	      0.00000000
      0.13900000	   2838.05609320	      0.00000000	      4.32192479	     -9.24319496	     -0.00000000	   -130.45045532	      0.00000000	     -0.00000000	      0.00000000
      0.14000000	   3480.58621443	      0.00000000	     -0.00000000	     -0.00000000	      0.36366799	   -132.42343877	     -0.00000000	      0.00000000	     -0.00000000
      0.14100000	   4126.80936446	      0.00000000	     10.27412879	     -0.00000000	     -6.29540300	   -285.98341169	      0.00000000	      0.00000000	      0.00000000
      0.14200000	   3347.70987923	      0.00000000	     -0.88744400	    -15.56954509	     -0.00000000	   -274.84759107	      0.00000000	      0.00000000	      0.00000000
      0.14300000	   4061.26104218	     -0.00000000	      9.36784033	     -0.00000000	      0.75561437	     -0.00000000	     -0.00000000	     -0.00000000	     -0.00000000
      0.14400000	   1965.68811210	      0.00000000	      0.00000000	     -0.00000000	     -1.83732749	   -225.01486129	      0.00000000	     -0.00000000	      0.00000000
      0.14500000	   3729.47482205	      0.00000000	     -0.06190785	     -0.00000000	     -0.00000000	   -198.29387241	     -0.00000000	     -0.00000000	      0.00000000
      0.14600000	   4056.97164914	     -0.00000000	     -1.17637347	     -8.55000542	     -0.00000000	   -168.44340652	     -0.00000000	     -0.00000000	     -0.00000000
      0.14700000	   3698.76534922	      0.00000000	     -0.00000000	     -0.00000000	      0.93723755	   -202.11718379	     -0.00000000	     -0.00000000	      0.00000000
      0.14800000	   2424.38910315	     -0.00000000	      0.00000000	     -5.84792302	     -0.44146344	   -305.20843713	     -0.00000000	     -0.00000000	      0.00000000
      0.14900000	   3578.15763701	     -0.00000000	     -0.25154773	     -0.00000000	      0.00000000	   -101.52233214	     -0.00000000	      0.00000000	     -0.00000000
      0.15000000	   5929.32633780	     -0.00000000	     16.65967212	     -0.00000000	     -0.38048414	    -95.89599249	     -0.00000000	      0.00000000	      0.00000000
      0.15100000	   3785.35692699	     -0.00000000	     -0.00000000	     -4.69568643	      0.00083801	   -211.99967507	     -0.00000000	      0.00000000	     -0.00000000
      0.15200000	   4480.64418768	     -0.00000000	     -0.00000000	     -0.00000000	     -2.84861566	   -576.37794070	     -0.00000000	      0.00000000	     -0.00000000
      0.15300000	   4202.56132796	     -0.00000000	      0.00000000	    -17.43173182	     -0.00000000	   -333.70409153	     -0.00000000	     -0.00000000	     -0.00000000
      0.15400000	   2838.42783645	      0.00000000	      9.03279609	    -10.16710937	     -0.00000000	    -87.60864471	     -0.00000000	      0.00000000	     -0.00000000
      0.15500000	   3840.75787217	     -0.00000000	     22.02229206	     -0.00000000	      0.04668016	     -6.98179879	      0.00000000	     -0.00000000	      0.00000000
      0.15600000	   2691.17772431	      0.00000000	     -0.00000000	     -0.00000000	     -4.16259266	   -370.09235240	     -0.00000000	      0.00000000	      0.00000000
      0.15700000	   5993.79178167	     -0.00000000	     11.60005394	    -17.71671404	     -0.00000000	   -168.27717131	      0.00000000	      0.00000000	     -0.00000000
      0.15800000	   3751.84793556	      0.00000000	     -0.51456451	     -0.26858753	     -0.43673687	   -201.98185904	     -0.00000000	     -0.00000000	      0.00000000
      0.15900000	   3570.80089938	      0.00000000	      7.33000212	     -2.95259111	     -0.00000000	   -185.44411566	     -0.00000000	     -0.00000000	     -0.00000000
      0.16000000	   4304.42473685	     -0.00000000	     -0.00000000	     -0.00000000	     -0.75815861	   -419.57960523	     -0.00000000	     -0.00000000	     -0.00000000
      0.16100000	   5079.33233829	      0.00000000	     -0.67520664	    -12.95040610	     -0.00000000	   -278.20741361	     -0.00000000	     -0.00000000	     -0.00000000
      0.16200000	   3941.69109457	     -0.00000000	     13.80767185	     -4.92893253	      0.00000000	    -13.81221726	     -0.00000000	     -0.00000000	      0.00000000
      0.16300000	   4203.98232327	      0.00000000	      0.00000000	     -4.26878784	      0.03065265	   -265.62833145	      0.00000000	      0.00000000	     -0.00000000
      0.16400000	   3266.42892142	     -0.00000000	     -0.73305602	     -0.00000000	     -0.74100282	   -201.21333448	      0.00000000	     -0.00000000	      0.00000000
      0.16500000	   5563.69268617	     -0.00000000	     22.64900681	     -4.91931179	     -0.00000000	   -104.05718142	     -0.00000000	      0.00000000	      0.00000000
      0.16600000	   3720.01286130	     -0.00000000	     -0.00000000	     -6.23715913	      0.19155071	   -219.97770252	     -0.00000000	      0.00000000	     -0.00000000
      0.16700000	   1712.04811920	      0.00000000	      9.41357585	     -0.00000000	     -6.87179309	   -223.05592196	     -0.00000000	     -0.00000000	      0.00000000
      0.16800000	   1809.55132726	      0.00000000	      0.00000000	    -13.20113506	     -0.00000000	   -256.34783390	      0.00000000	      0.00000000	      0.00000000
      0.16900000	   3672.13745589	      0.00000000	     -0.89610837	     -9.60449747	      0.00000000	   -119.15436743	     -0.00000000	      0.00000000	     -0.00000000
      0.17000000	   3717.66775528	     -0.00000000	      5.79627781	     -0.00000000	     -1.28490263	   -158.20388868	      0.00000000	      0.00000000	     -0.00000000
      0.17100000	   2181.06314895	     -0.00000000	      0.00000000	     -4.81191364	     -0.00000000	   -288.46301724	     -0.00000000	      0.00000000	      0.00000000
      0.17200000	   3462.37077834	      0.00000000	     -1.17053274	    -12.95384283	      0.00000000	   -134.97404226	      0.00000000	      0.00000000	      0.00000000
      0.17300000	   3556.96965350	     -0.00000000	     -0.00000000	     -0.00000000	      0.12398130	    -85.62210193	     -0.00000000	     -0.00000000	      0.00000000
      0.17400000	   3607.26197190	     -0.00000000	      0.00000000	     -0.00000000	      0.50025239	   -265.16953233	      0.00000000	      0.00000000	     -0.00000000
      0.17500000	   4557.83664784	      0.00000000	      0.03773965	     -7.06183671	     -0.00000000	   -283.24899354	     -0.00000000	     -0.00000000	      0.00000000
      0.17600000	   3194.66178269	      0.00000000	      0.00000000	    -20.78868975	      0.00000000	   -211.84298603	      0.00000000	      0.00000000	      0.00000000
      0.17700000	   3900.56966988	      0.00000000	     -0.96730465	     -0.00000000	      3.36232722	    -87.32547717	     -0.00000000	     -0.00000000	     -0.00000000
      0.17800000	   5172.12893953	     -0.00000000	     -0.00000000	     -0.00000000	     -3.02699543	   -496.63504421	     -0.00000000	      0.00000000	     -0.00000000
      0.17900000	   1886.86484798	      0.00000000	      0.00000000	     -5.79388550	     -0.00000000	   -285.79463513	     -0.00000000	      0.00000000	      0.00000000
      0.18000000	   5509.26163075	      0.00000000	      8.65032951	     -0.00000000	     -1.89636420	   -274.24694274	      0.00000000	     -0.00000000	      0.00000000
      0.18100000	   2520.01795172	     -0.00000000	     -0.00000000	     -8.63010143	     -0.00000000	   -338.53454324	     -0.00000000	      0.00000000	      0.00000000
      0.18200000	   3682.25981916	     -0.00000000	      0.00000000	     -4.20792512	      0.00000000	   -214.23698448	      0.00000000	      0.00000000	      0.00000000
      0.18300000	   4537.46025443	     -0.00000000	      9.97814402	     -0.00000000	     -0.09576967	    -64.82096877	     -0.00000000	     -0.00000000	     -0.00000000
      0.18400000	   4009.67530932	     -0.00000000	     -0.00000000	     -0.00000000	      0.16252595	   -336.75063711	     -0.00000000	     -0.00000000	      0.00000000
      0.18500000	   3045.57613607	     -0.00000000	     -0.00000000	     -0.00000000	     -5.52836728	   -429.06622275	      0.00000000	      0.00000000	     -0.00000000
      0.18600000	   2719.20196608	      0.00000000	      0.09916061	     -7.57581434	     -0.00000000	   -288.01682039	      0.00000000	      0.00000000	     -0.00000000
      0.18700000	   3989.48570323	     -0.00000000	      8.23647062	    -13.97069434	      0.00000000	    -63.44661210	     -0.00000000	      0.00000000	     -0.00000000
      0.18800000	   3711.24966190	     -0.00000000	     -0.89919896	     -0.00000000	      0.40717182	   -108.52199611	     -0.00000000	      0.00000000	     -0.00000000
      0.18900000	   3720.90765683	     -0.00000000	      5.35598120	     -0.00000000	     -1.87849727	   -173.30296754	     -0.00000000	      0.00000000	     -0.00000000
      0.19000000	   3923.25284770	      0.00000000	      6.26198619	     -2.33217626	     -0.45316590	   -287.44310839	     -0.00000000	     -0.00000000	      0.00000000
      0.19100000	   2825.65832205	     -0.00000000	     -0.00000000	     -3.47852384	     -0.00000000	   -394.86225348	      0.00000000	      0.00000000	     -0.00000000
      0.19200000	   4499.86980100	     -0.00000000	     -0.00000000	    -10.75935320	     -0.00000000	   -272.47953860	     -0.00000000	     -0.00000000	     -0.00000000
      0.19300000	   3024.31491721	     -0.00000000	      0.00000000	     -0.00000000	     -0.47174112	   -197.15963684	      0.00000000	      0.00000000	     -0.00000000
      0.19400000	   4275.67608175	     -0.00000000	      0.18868393	     -3.59696999	     -0.00000000	   -205.81861611	     -0.00000000	      0.00000000	     -0.00000000
      0.19500000	   3761.88833110	     -0.00000000	     -1.62520101	     -0.00000000	      0.00000000	    -40.22917294	     -0.00000000	     -0.00000000	      0.00000000
      0.19600000	   5211.19042288	     -0.00000000	     -1.13618264	     -0.00000000	     -1.74157964	   -213.14584638	      0.00000000	     -0.00000000	      0.00000000
      0.19700000	   2210.14512604	     -0.00000000	     -0.00000000	     -1.26124773	     -0.00000000	   -337.18926907	      0.00000000	     -0.00000000	     -0.00000000
      0.19800000	   5705.53920398	      0.00000000	     14.96176235	     -6.42758112	     -0.00000000	   -122.84037496	     -0.00000000	     -0.00000000	      0.00000000
      0.19900000	   2916.86468085	      0.00000000	      6.25807854	     -8.50900990	     -0.00000000	   -104.80991337	     -0.00000000	     -0.00000000	      0.00000000
      0.20000000	   3287.85906515	     -0.00000000	     -0.00000000	     -7.47504739	      0.00000000	   -248.24247219	     -0.00000000	     -0.00000000	      0.00000000
      0.20100000	   3360.72679708	     -0.00000000	     -0.00000000	     -0.00000000	      0.08911817	    -78.87861095	     -0.00000000	     -0.00000000	      0.00000000
      0.20200000	   4435.67252352	      0.00000000	     10.64233491	     -1.25374819	      0.22496152	    -30.47238046	     -0.00000000	     -0.00000000	      0.00000000
      0.20300000	   4067.75991997	     -0.00000000	      0.00000000	     -0.00000000	     -1.02497876	   -329.90010075	      0.00000000	      0.00000000	      0.00000000
      0.20400000	   5812.73466915	      0.00000000	     -0.44009587	    -22.16665879	     -0.00000000	   -281.74228820	     -0.00000000	      0.00000000	      0.00000000
      0.20500000	   3701.80166373	     -0.00000000	      4.32290703	     -8.08936377	      0.09089647	    -49.59348762	      0.00000000	     -0.00000000	      0.00000000
      0.20600000	   1698.50021575	      0.00000000	     -0.00000000	     -0.00000000	     -2.30521308	   -310.51564441	     -0.00000000	     -0.00000000	      0.00000000
      0.20700000	   3193.33734718	      0.00000000	      7.45780990	     -0.00000000	     -0.01087731	   -139.81417697	     -0.00000000	     -0.00000000	     -0.00000000
      0.20800000	   3873.23063426	     -0.00000000	     -0.99164915	     -0.00000000	     -3.15824356	   -428.39206967	     -0.00000000	      0.00000000	      0.00000000
      0.20900000	   6261.80075475	     -0.00000000	     -0.00000000	    -14.87982286	     -0.00000000	   -460.67920794	      0.00000000	      0.00000000	     -0.00000000
      0.21000000	   5979.88923766	     -0.00000000	      9.85889880	     -5.73277515	     -1.79767133	   -206.18912367	      0.00000000	     -0.00000000	     -0.00000000
      0.21100000	   3358.39431532	      0.00000000	     -0.80373589	    -11.38574462	     -0.00000000	   -268.35693724	     -0.00000000	     -0.00000000	      0.00000000
      0.21200000	   4096.14031721	     -0.00000000	     -0.00000000	     -0.00000000	     -0.16024921	   -246.24787418	      0.00000000	      0.00000000	     -0.00000000
      0.21300000	   1878.80606162	     -0.00000000	     -0.00000000	     -0.00000000	     -2.16973627	   -399.97246285	     -0.00000000	     -0.00000000	      0.00000000
      0.21400000	   2891.29943296	     -0.00000000	      0.00000000	    -11.24666201	     -0.00000000	   -290.71232775	     -0.00000000	      0.00000000	     -0.00000000
      0.21500000	   3921.83169989	      0.00000000	      0.49401686	     -1.24097093	      0.00000000	    -41.53382464	     -0.00000000	     -0.00000000	      0.00000000
      0.21600000	   3224.80831890	     -0.00000000	      0.00000000	     -0.00000000	      0.02571210	   -273.66802149	      0.00000000	     -0.00000000	     -0.00000000
      0.21700000	   3824.59030260	     -0.00000000	      0.79022659	     -0.00000000	     -0.35103904	   -213.83653678	     -0.00000000	      0.00000000	      0.00000000
      0.21800000	   3949.79174452	     -0.00000000	     -0.00000000	    -19.38698371	      0.00000000	   -325.21727589	     -0.00000000	      0.00000000	      0.00000000
      0.21900000	   3336.61676609	      0.00000000	     -0.00000000	     -0.00000000	      0.40615111	   -259.02096288	     -0.00000000	     -0.00000000	      0.00000000
      0.22000000	   2862.31115665	     -0.00000000	     -1.06093323	     -3.12538663	     -0.00000000	   -252.10030624	      0.00000000	      0.00000000	     -0.00000000
      0.22100000	   2936.92532864	      0.00000000	      7.69918492	     -0.00000000	     -0.60263272	   -126.15949394	     -0.00000000	     -0.00000000	      0.00000000
      0.22200000	   5865.57377202	     -0.00000000	     -0.58319715	     -0.00000000	     -0.00000000	   -333.30571442	     -0.00000000	     -0.00000000	     -0.00000000
      0.22300000	   3523.46787022	      0.00000000	     -0.00000000	     -0.00000000	     -1.86880480	   -484.71271225	     -0.00000000	      0.00000000	      0.00000000
      0.22400000	   3145.77324732	     -0.00000000	      0.00000000	     -6.12537047	     -0.00000000	   -441.81005332	      0.00000000	     -0.00000000	     -0.00000000
      0.22500000	   3515.46402416	     -0.00000000	      0.00000000	    -12.51726659	      0.00000000	   -210.62788407	      0.00000000	     -0.00000000	     -0.00000000
      0.22600000	   2946.34112812	     -0.00000000	     11.03386867	     -0.00000000	     -0.00000000	   -181.11716651	      0.00000000	      0.00000000	     -0.00000000
      0.22700000	   4207.73614940	     -0.00000000	     -1.25556790	     -0.00000000	      0.00000000	    -58.83899649	     -0.00000000	      0.00000000	      0.00000000
      0.22800000	   3869.82417138	     -0.00000000	      0.00000000	     -0.00000000	     -0.94529375	   -393.66073805	      0.00000000	      0.00000000	      0.00000000
      0.22900000	   4247.08600979	     -0.00000000	     -0.00000000	     -0.00000000	      0.12733484	   -185.57543187	     -0.00000000	     -0.00000000	     -0.00000000
      0.23000000	   3232.97151461	      0.00000000	     -1.10225488	     -1.41372282	     -0.08070575	   -284.92506125	     -0.00000000	      0.00000000	     -0.00000000
      0.23100000	   4016.59128989	     -0.00000000	     -0.40879948	     -1.49964355	      0.49467279	    -38.93539947	     -0.00000000	     -0.00000000	      0.00000000
      0.23200000	   4056.63518808	      0.00000000	      8.23433159	     -0.00000000	     -4.66928898	   -273.90225064	      0.00000000	      0.00000000	      0.00000000
      0.23300000	   3135.15240663	     -0.00000000	     -0.00000000	    -12.77382117	     -0.00000000	   -399.44061576	     -0.00000000	      0.00000000	      0.00000000
      0.23400000	   4084.29770275	      0.00000000	     -0.00000000	    -11.00615505	      0.00000000	   -345.54933126	      0.00000000	      0.00000000	      0.00000000
      0.23500000	   3688.60898000	     -0.00000000	     -0.82931887	     -0.00000000	     -0.28807878	   -201.43442228	      0.00000000	     -0.00000000	     -0.00000000
      0.23600000	   1865.30063314	     -0.00000000	      0.00000000	     -0.00000000	     -0.68327717	   -367.83821507	      0.00000000	     -0.00000000	      0.00000000
      0.23700000	   4982.18843276	      0.00000000	      7.88719235	     -0.00000000	     -0.10135126	   -187.16402180	      0.00000000	      0.00000000	      0.00000000
      0.23800000	   2482.95754575	      0.00000000	      0.00000000	     -3.52986511	     -0.00000000	   -497.44008440	     -0.00000000	     -0.00000000	      0.00000000
      0.23900000	   3395.21514687	     -0.00000000	     -0.00000000	    -29.98297869	      0.00000000	   -278.29422278	     -0.00000000	     -0.00000000	     -0.00000000
      0.24000000	   3769.02103816	     -0.00000000	     -0.33300531	     -0.00000000	      3.15729473	    -35.14420499	      0.00000000	      0.00000000	     -0.00000000
      0.24100000	   3286.57249501	     -0.00000000	      0.00000000	     -0.00000000	     -2.20328229	   -482.03202256	     -0.00000000	      0.00000000	      0.00000000
      0.24200000	   2757.87407861	      0.00000000	      0.00000000	     -7.03140025	     -0.00000000	   -292.34955063	      0.00000000	     -0.00000000	      0.00000000
      0.24300000	   4035.27524754	      0.00000000	      0.00000000	     -0.00000000	     -1.11045422	   -361.64799396	      0.00000000	      0.00000000	      0.00000000
      0.24400000	   1687.71133962	     -0.00000000	      0.00000000	     -8.20332676	     -0.00000000	   -297.04047443	      0.00000000	      0.00000000	     -0.00000000
      0.24500000	   4299.12168379	      0.00000000	      5.43659684	     -8.62882385	      0.00000000	    -50.38140657	     -0.00000000	     -0.00000000	      0.00000000
      0.24600000	   2620.94537176	     -0.00000000	      0.00000000	     -0.00000000	     -0.57044908	   -324.11915097	      0.00000000	      0.00000000	      0.00000000
      0.24700000	   5280.61164379	     -0.00000000	      0.26055532	     -0.00000000	     -0.15195629	   -106.39374599	      0.00000000	      0.00000000	      0.00000000
      0.24800000	   4959.75825337	     -0.00000000	     -0.78052131	     -0.00000000	     -8.68828763	   -465.06662520	     -0.00000000	     -0.00000000	     -0.00000000
      0.24900000	   1449.16868515	     -0.00000000	     -0.00000000	     -9.44144574	     -0.00000000	   -367.03383936	     -0.00000000	     -0.00000000	      0.00000000
      0.25000000	   3673.56154543	      0.00000000	     -0.00000000	    -14.94010031	      0.00000000	   -114.39165358	      0.00000000	      0.00000000	     -0.00000000
      0.25100000	   2870.30295833	     -0.00000000	      1.17787988	     -0.00000000	     -0.97310400	   -139.12088916	     -0.00000000	     -0.00000000	     -0.00000000
      0.25200000	   4205.68476679	     -0.00000000	     -0.93207725	     -0.00000000	     -0.25987092	   -197.05314651	      0.00000000	     -0.00000000	      0.00000000
      0.25300000	   3439.37710555	     -0.00000000	     -0.00000000	     -4.98286431	     -0.00000000	   -501.52229051	     -0.00000000	      0.00000000	      0.00000000
      0.25400000	   3054.89904854	      0.00000000	      0.00000000	    -16.75327468	      0.00000000	   -257.91193827	      0.00000000	      0.00000000	     -0.00000000
      0.25500000	   3691.88255766	      0.00000000	      0.00000000	     -0.00000000	      0.72412780	   -169.41761907	      0.00000000	     -0.00000000	     -0.00000000
      0.25600000	   6417.88701661	      0.00000000	      6.64418847	     -0.00000000	     -3.58645024	   -236.97951073	     -0.00000000	     -0.00000000	      0.00000000
      0.25700000	   3248.82286049	      0.00000000	      0.00000000	     -7.12616039	     -0.00000000	   -423.95801435	     -0.00000000	     -0.00000000	      0.00000000
      0.25800000	   2481.77275141	     -0.00000000	     -0.00000000	    -14.71621108	     -0.00000000	   -318.02896045	     -0.00000000	     -0.00000000	      0.00000000
      0.25900000	   3102.38518304	     -0.00000000	     -0.00000000	     -0.00000000	      0.42871957	   -306.90417534	     -0.00000000	      0.00000000	     -0.00000000
      0.26000000	   2373.87592544	      0.00000000	      0.00000000	     -0.00000000	     -4.28599287	   -370.75641685	      0.00000000	     -0.00000000	     -0.00000000
      0.26100000	   4533.76737192	      0.00000000	     -0.00000000	    -19.68334168	     -0.00000000	   -410.67353190	     -0.00000000	     -0.00000000	      0.00000000
      0.26200000	   3897.57957183	      0.00000000	      6.62256233	    -12.44136814	      0.80941429	     -3.31826883	      0.00000000	     -0.00000000	      0.00000000
      0.26300000	   3567.61664301	     -0.00000000	      0.02637612	     -0.00000000	     -0.33675572	   -199.81219186	      0.00000000	     -0.00000000	     -0.00000000
      0.26400000	   3490.35194763	     -0.00000000	     -0.00000000	     -0.00000000	      0.29211090	   -224.44465581	     -0.00000000	     -0.00000000	     -0.00000000
      0.26500000	   2663.24784455	      0.00000000	      0.00000000	     -0.00000000	     -4.13896048	   -352.83204597	      0.00000000	      0.00000000	     -0.00000000
      0.26600000	   4258.00540785	     -0.00000000	      0.00000000	     -8.87473916	     -0.00000000	   -412.58785310	      0.00000000	      0.00000000	      0.00000000
      0.26700000	   3614.87951549	     -0.00000000	      0.00000000	     -0.00000000	     -2.58388814	   -567.64807874	      0.00000000	      0.00000000	     -0.00000000
      0.26800000	   5420.95900468	     -0.00000000	      0.00000000	    -11.50341768	     -0.00000000	   -638.38658772	     -0.00000000	     -0.00000000	      0.00000000
      0.26900000	   3798.11041049	     -0.00000000	     -0.00000000	     -6.62155743	     -0.00000000	   -275.44474585	      0.00000000	     -0.00000000	      0.00000000
      0.27000000	   4005.12908287	      0.00000000	     -0.00000000	     -0.00000000	     -0.00000000	   -592.75575137	     -0.00000000	      0.00000000	      0.00000000
      0.27100000	   4459.65344347	     -0.00000000	     -1.11136355	    -13.94836777	      0.00000000	    -83.40182165	     -0.00000000	     -0.00000000	     -0.00000000
      0.27200000	   4636.75548227	      0.00000000	     -0.82357257	     -0.00000000	     -0.30311376	   -204.99391421	      0.00000000	     -0.00000000	      0.00000000
      0.27300000	   3391.77371923	      0.00000000	      0.00000000	     -0.00000000	     -1.54039098	   -398.76209426	      0.00000000	      0.00000000	      0.00000000
      0.27400000	   4088.81639236	     -0.00000000	     -0.12469170	     -0.00000000	     -0.82471721	   -399.52492579	     -0.00000000	      0.00000000	      0.00000000
      0.27500000	   2748.46480110	      0.00000000	     -0.98846254	    -18.29112917	     -0.00000000	   -236.64385100	     -0.00000000	     -0.00000000	      0.00000000
      0.27600000	   3373.14685873	      0.00000000	     -0.87613260	     -0.00000000	     -2.26030198	   -273.52902277	      0.00000000	      0.00000000	      0.00000000
      0.27700000	   5258.14645320	     -0.00000000	      0.00000000	    -16.86502586	     -0.00000000	   -497.04567363	     -0.00000000	     -0.00000000	      0.00000000
      0.27800000	   2973.16143030	     -0.00000000	      0.00000000	     -4.34936541	      0.00133629	   -327.22827984	     -0.00000000	      0.00000000	     -0.00000000
      0.27900000	   1945.13576312	     -0.00000000	      0.00000000	     -0.00000000	     -2.58470461	   -426.47843083	     -0.00000000	      0.00000000	     -0.00000000
      0.28000000	   4722.29091086	      0.00000000	      0.69551703	    -11.99206949	     -0.00000000	   -125.60570840	      0.00000000	     -0.00000000	      0.00000000
      0.28100000	   4095.53341041	     -0.00000000	      0.00000000	     -6.30334519	     -0.00000000	   -423.83870932	     -0.00000000	      0.00000000	      0.00000000
      0.28200000	   3641.74892642	     -0.00000000	     -0.00000000	    -14.83043870	      0.00000000	   -170.10743069	     -0.00000000	      0.00000000	     -0.00000000
      0.28300000	   3869.85902858	     -0.00000000	      0.00000000	     -0.00000000	      1.53043270	   -202.74272682	      0.00000000	      0.00000000	     -0.00000000
      0.28400000	   2275.96541830	     -0.00000000	     -1.08071814	     -0.60282800	     -0.97685655	   -248.79934966	      0.00000000	     -0.00000000	     -0.00000000
      0.28500000	   4542.14714465	      0.00000000	     -0.00000000	     -0.00000000	     -0.00000000	   -438.40849476	      0.00000000	     -0.00000000	     -0.00000000
      0.28600000	   5891.41612254	      0.00000000	     -0.00000000	     -6.54675383	     -2.44953822	   -429.83153307	      0.00000000	     -0.00000000	     -0.00000000
      0.28700000	   3813.41987362	      0.00000000	      7.00031959	    -15.81269109	     -0.00000000	   -152.13861288	     -0.00000000	     -0.00000000	     -0.00000000
      0.28800000	   3295.18640331	      0.00000000	     -0.00000000	     -0.00000000	      2.82237273	   -223.02020015	     -0.00000000	      0.00000000	     -0.00000000
      0.28900000	   1666.25288182	      0.00000000	     -0.00000000	     -0.00000000	     -3.80396821	   -456.62465710	      0.00000000	     -0.00000000	      0.00000000
      0.29000000	   4070.01136324	     -0.00000000	      0.00000000	    -10.62995813	     -0.00000000	   -350.26724403	      0.00000000	      0.00000000	      0.00000000
      0.29100000	   4266.50413667	     -0.00000000	     -0.00000000	     -0.00000000	     -4.78945572	   -415.55038312	     -0.00000000	      0.00000000	     -0.00000000
      0.29200000	   3495.96594127	      0.00000000	     -2.34682800	     -4.43467987	     -0.00000000	   -372.75228602	     -0.00000000	      0.00000000	      0.00000000
      0.29300000	   4022.33301563	      0.00000000	     -0.71751324	     -4.98729847	     -0.00000000	   -226.10769719	      0.00000000	      0.00000000	      0.00000000
      0.29400000	   4639.23597917	      0.00000000	     -0.72053285	     -0.00000000	     -2.00376854	   -354.03075050	     -0.00000000	     -0.00000000	      0.00000000
      0.29500000	   3997.42086293	     -0.00000000	      0.00000000	    -17.35016432	      0.00000000	   -301.04810403	      0.00000000	      0.00000000	     -0.00000000
      0.29600000	   3304.59428048	      0.00000000	     -0.00000000	     -0.00000000	     -0.66465129	   -291.71934903	     -0.00000000	     -0.00000000	      0.00000000
      0.29700000	   2471.99156982	     -0.00000000	     -1.38753413	     -0.74965395	     -1.18322660	   -317.93727650	     -0.00000000	     -0.00000000	     -0.00000000
      0.29800000	   2609.96915853	      0.00000000	     -0.00000000	    -17.54809534	     -0.00000000	   -285.67011861	     -0.00000000	     -0.00000000	      0.00000000
      0.29900000	   3534.72112035	     -0.00000000	      0.00000000	     -0.00000000	      2.22353716	   -207.42435237	      0.00000000	      0.00000000	      0.00000000
      0.30000000	   3452.34883159	     -0.00000000	      0.00000000	     -0.00000000	     -0.54927812	   -511.57157730	      0.00000000	      0.00000000	      0.00000000
      0.30100000	   4248.23567940	     -0.00000000	     -1.39472329	     -0.00000000	     -0.61484469	   -278.17783973	     -0.00000000	     -0.00000000	     -0.00000000
      0.30200000	   4230.30361885	      0.00000000	      0.00000000	     -0.00000000	     -1.38020503	   -452.74512533	      0.00000000	      0.00000000	     -0.00000000
      0.30300000	   5336.48124445	      0.00000000	     -1.72963537	    -17.42291959	     -0.00000000	   -259.73536411	      0.00000000	     -0.00000000	      0.00000000
      0.30400000	   2693.61516579	      0.00000000	     -0.76421545	     -0.00000000	     -2.69772570	   -249.16720511	      0.00000000	      0.00000000	      0.00000000
      0.30500000	   4590.13551443	      0.00000000	     -0.00000000	    -12.23485310	     -0.00000000	   -790.46587138	     -0.00000000	     -0.00000000	      0.00000000
      0.30600000	   3891.73742896	      0.00000000	      0.00000000	     -9.80663054	     -0.00000000	   -252.62696757	      0.00000000	     -0.00000000	      0.00000000
      0.30700000	   4672.10805932	     -0.00000000	     -0.00000000	     -0.00000000	     -3.36699291	   -497.37639340	     -0.00000000	      0.00000000	      0.00000000
      0.30800000	   2861.10041421	     -0.00000000	      0.12633664	     -0.00000000	     -2.16004667	   -296.15613300	      0.00000000	     -0.00000000	      0.00000000
      0.30900000	   2863.24925628	     -0.00000000	     -1.15563186	     -8.88257093	     -0.00000000	   -332.87033948	      0.00000000	      0.00000000	      0.00000000
      0.31000000	   3759.06773750	     -0.00000000	     -0.00000000	    -30.79831113	      0.00000000	   -191.86856040	     -0.00000000	     -0.00000000	      0.00000000
      0.31100000	   2604.80214792	      0.00000000	     -0.00000000	     -0.00000000	     -0.95414905	   -262.15277019	     -0.00000000	     -0.00000000	     -0.00000000
      0.31200000	   4163.93161968	     -0.00000000	      0.00000000	     -0.00000000	      0.00000000	   -294.46925467	     -0.00000000	     -0.00000000	     -0.00000000
      0.31300000	   3985.02766042	     -0.00000000	     -0.00000000	     -0.00000000	     -0.13276980	   -253.33459350	      0.00000000	     -0.00000000	      0.00000000
      0.31400000	   3326.67715481	      0.00000000	      0.00000000	     -0.00000000	     -3.57076721	   -470.89939538	      0.00000000	      0.00000000	      0.00000000
      0.31500000	   4182.33664903	      0.00000000	      0.00000000	    -17.01624428	     -0.00000000	   -721.63445305	     -0.00000000	      0.00000000	     -0.00000000
      0.31600000	   3457.97250167	      0.00000000	     -0.00000000	     -0.15224939	      0.84566004	   -263.00909492	     -0.00000000	     -0.00000000	      0.00000000
      0.31700000	   1492.41854662	     -0.00000000	      0.00000000	     -0.00000000	     -1.10940852	   -331.67148264	      0.00000000	      0.00000000	      0.00000000
      0.31800000	   3595.24452136	     -0.00000000	      0.00000000	    -31.08605671	      0.00000000	   -380.68794110	      0.00000000	      0.00000000	     -0.00000000
      0.31900000	   3100.19756013	     -0.00000000	     -0.00000000	     -0.00000000	      0.20674384	   -333.36558498	     -0.00000000	      0.00000000	     -0.00000000
      0.32000000	   3510.06604980	      0.00000000	      0.00000000	     -0.00000000	     -0.57815310	   -404.24648565	      0.00000000	     -0.00000000	     -0.00000000
      0.32100000	   2075.44493763	     -0.00000000	      0.00000000	     -0.17129983	     -0.46676736	   -413.41043060	     -0.00000000	     -0.00000000	      0.00000000
      0.32200000	   4379.03301561	      0.00000000	      0.00000000	     -0.00000000	     -0.00000000	   -415.47678645	     -0.00000000	      0.00000000	     -0.00000000
      0.32300000	   4297.51194875	     -0.00000000	      0.00000000	    -14.92612185	     -0.00000000	   -404.98844221	      0.00000000	      0.00000000	     -0.00000000
      0.32400000	   3542.26920629	      0.00000000	     -0.63391025	     -0.00000000	      0.16621573	   -139.28090295	     -0.00000000	     -0.00000000	      0.00000000
      0.32500000	   3401.96418255	      0.00000000	     -0.72236890	     -0.00000000	     -3.05442567	   -264.65259860	      0.00000000	      0.00000000	      0.00000000
      0.32600000	   2476.96686188	      0.00000000	     -0.00000000	     -3.07826610	     -0.00000000	   -418.03294411	      0.00000000	      0.00000000	     -0.00000000
      0.32700000	   3658.62340672	      0.00000000	      0.00000000	     -0.00000000	     -0.00000000	   -390.07529756	      0.00000000	      0.00000000	     -0.00000000
      0.32800000	   3195.84589003	      0.00000000	     -0.00000000	     -1.70116134	     -0.00000000	   -337.15031289	      0.00000000	     -0.00000000	     -0.00000000
      0.32900000	   5138.81346295	      0.00000000	      0.00000000	     -0.00000000	     -2.26494632	   -744.55877698	      0.00000000	     -0.00000000	     -0.00000000
      0.33000000	   6431.02586027	      0.00000000	     -0.66490047	    -19.55134104	     -0.00000000	   -423.45031531	      0.00000000	     -0.00000000	      0.00000000
      0.33100000	   3180.22261991	      0.00000000	      0.00000000	     -6.36595617	      0.00000000	   -317.42178538	      0.00000000	     -0.00000000	     -0.00000000
      0.33200000	   4593.67142256	     -0.00000000	     -0.00000000	     -0.00000000	     -5.33729064	   -585.18427346	     -0.00000000	     -0.00000000	     -0.00000000
      0.33300000	   4571.64301788	     -0.00000000	     -0.00000000	    -14.35978699	     -0.00000000	   -483.64789481	     -0.00000000	     -0.00000000	      0.00000000
      0.33400000	   4137.99831411	     -0.00000000	     -1.41930419	    -15.40307975	      0.00000000	   -129.24223225	      0.00000000	     -0.00000000	     -0.00000000
      0.33500000	   3889.14804628	     -0.00000000	     -0.00000000	     -0.00000000	     -0.07946330	   -318.63633984	      0.00000000	     -0.00000000	     -0.00000000
      0.33600000	   4548.66369243	      0.00000000	      0.00000000	     -0.00000000	     -1.97107155	   -638.36268185	     -0.00000000	      0.00000000	      0.00000000
      0.33700000	   5426.68627803	      0.00000000	     -0.00000000	     -6.82899677	     -0.00000000	   -557.29195977	      0.00000000	     -0.00000000	      0.00000000
      0.33800000	   3172.70250237	     -0.00000000	      0.00000000	     -3.03682286	     -0.00000000	   -570.26556796	     -0.00000000	      0.00000000	     -0.00000000
      0.33900000	   3688.26231300	      0.00000000	      0.00000000	    -14.05452861	     -0.00000000	   -378.76005508	     -0.00000000	      0.00000000	     -0.00000000
      0.34000000	   2975.62838856	      0.00000000	      0.00000000	     -3.54367394	     -0.00701717	   -193.15335483	     -0.00000000	      0.00000000	      0.00000000
      0.34100000	   2751.51487709	     -0.00000000	      0.00000000	     -0.00000000	     -0.78152001	   -381.11993079	      0.00000000	      0.00000000	     -0.00000000
      0.34200000	   2824.47568288	      0.00000000	      0.00000000	     -0.00000000	     -0.00000000	   -453.55367269	      0.00000000	      0.00000000	      0.00000000
      0.34300000	   5380.51283806	     -0.00000000	     -0.97625562	    -18.90604466	     -0.00000000	   -218.89644680	      0.00000000	      0.00000000	      0.00000000
      0.34400000	   3072.90996293	     -0.00000000	     -1.30410274	     -0.00000000	     -2.14273791	   -205.04386468	      0.00000000	     -0.00000000	     -0.00000000
      0.34500000	   1326.16232246	     -0.00000000	     -0.00000000	     -1.97503856	     -0.00000000	   -400.23801017	     -0.00000000	      0.00000000	     -0.00000000
      0.34600000	   3638.56919367	      0.00000000	     -0.00000000	    -33.33938295	      0.00000000	   -317.18355468	     -0.00000000	     -0.00000000	      0.00000000
      0.34700000	   2570.95026200	     -0.00000000	     -0.00000000	     -0.00000000	     -1.38421449	   -363.92439041	     -0.00000000	      0.00000000	      0.00000000
      0.34800000	   3880.58122195	      0.00000000	     -0.57527951	     -8.32582326	     -0.00000000	   -237.67085697	      0.00000000	      0.00000000	      0.00000000
      0.34900000	   3782.87212570	     -0.00000000	     -0.00000000	     -0.00000000	      1.38107397	   -150.85887875	      0.00000000	     -0.00000000	      0.00000000
      0.35000000	   2340.71601990	      0.00000000	     -0.00000000	     -0.00000000	     -6.94435737	   -685.79511140	      0.00000000	     -0.00000000	      0.00000000
      0.35100000	   2668.04907894	      0.00000000	     -0.00000000	    -14.16996572	     -0.00000000	   -364.58125119	      0.00000000	      0.00000000	      0.00000000
      0.35200000	   3676.60135462	      0.00000000	     -0.00000000	     -0.00000000	      0.47521680	   -203.92733596	      0.00000000	      0.00000000	     -0.00000000
      0.35300000	   5175.64480187	     -0.00000000	     -1.05266551	     -0.00000000	     -3.75877676	   -305.63324837	      0.00000000	      0.00000000	     -0.00000000
      0.35400000	   4959.38423984	     -0.00000000	     -0.00000000	    -18.48067529	     -0.00000000	   -601.55708371	      0.00000000	      0.00000000	     -0.00000000
      0.35500000	   3790.50278554	      0.00000000	     -0.00000000	     -0.00000000	      0.25613104	   -286.01198894	      0.00000000	     -0.00000000	     -0.00000000
      0.35600000	   5265.70790933	     -0.00000000	      0.00000000	     -0.00000000	     -5.80204668	   -651.68910809	     -0.00000000	      0.00000000	      0.00000000
      0.35700000	   4575.94225510	      0.00000000	      0.00000000	    -25.56078951	     -0.00000000	   -563.07349475	      0.00000000	      0.00000000	     -0.00000000
      0.35800000	   4081.50964720	     -0.00000000	     -0.00000000	     -0.00000000	     -0.15633756	   -253.21673850	     -0.00000000	     -0.00000000	     -0.00000000
      0.35900000	   4111.75761382	      0.00000000	     -0.81415852	     -0.00000000	     -2.56992709	   -323.72561534	      0.00000000	      0.00000000	      0.00000000
      0.36000000	   3507.60279617	      0.00000000	     -0.00000000	     -4.97113698	     -0.00000000	   -592.06141469	     -0.00000000	     -0.00000000	     -0.00000000
      0.36100000	   3700.39616605	     -0.00000000	      0.00000000	    -15.20028531	     -0.00000000	   -260.51790638	     -0.00000000	     -0.00000000	      0.00000000
      0.36200000	   4106.00544085	     -0.00000000	     -0.62624407	     -7.73233369	      0.41051582	   -127.00719419	      0.00000000	     -0.00000000	     -0.00000000
      0.36300000	   2710.01142900	      0.00000000	      0.00000000	     -0.00000000	     -0.66792495	   -365.00782178	      0.00000000	      0.00000000	     -0.00000000
      0.36400000	   4233.12648256	      0.00000000	     -0.00000000	     -0.00000000	     -0.00000000	   -395.64856800	     -0.00000000	     -0.00000000	      0.00000000
      0.36500000	   2912.26726152	      0.00000000	      0.00000000	     -0.00000000	     -0.78296538	   -496.21220895	      0.00000000	     -0.00000000	      0.00000000
      0.36600000	   3882.64973112	     -0.00000000	     -0.00000000	     -0.00000000	     -2.88250354	   -666.57205291	     -0.00000000	     -0.00000000	     -0.00000000
      0.36700000	   2563.18552708	      0.00000000	     -0.00000000	     -7.91356252	     -0.00000000	   -434.94335730	     -0.00000000	      0.00000000	     -0.00000000
      0.36800000	   2834.96814478	     -0.00000000	     -0.00000000	     -0.00000000	     -0.23290923	   -225.62254715	      0.00000000	     -0.00000000	     -0.00000000
      0.36900000	   4612.84136643	     -0.00000000	      0.00000000	     -6.59543231	     -0.64423689	   -759.05706367	      0.00000000	      0.00000000	     -0.00000000
      0.37000000	   2608.31157814	     -0.00000000	      0.00000000	     -0.00000000	     -0.24141007	   -334.01770827	      0.00000000	      0.00000000	     -0.00000000
      0.37100000	   5081.72543574	      0.00000000	      0.00000000	     -0.00000000	     -0.00000000	   -845.55613167	     -0.00000000	     -0.00000000	     -0.00000000
      0.37200000	   3212.02384329	     -0.00000000	     -0.00000000	    -19.34448164	      0.00000000	   -302.07776857	      0.00000000	      0.00000000	      0.00000000
      0.37300000	   2378.12581926	     -0.00000000	     -0.00000000	     -0.00000000	     -4.58485134	   -318.71767645	     -0.00000000	     -0.00000000	      0.00000000
      0.37400000	   2477.43910866	      0.00000000	      0.00000000	     -0.00000000	     -0.54194853	   -593.16385940	     -0.00000000	     -0.00000000	      0.00000000
      0.37500000	   3706.73362187	     -0.00000000	      0.00000000	     -9.03888932	     -0.00000000	   -781.63451660	     -0.00000000	      0.00000000	     -0.00000000
      0.37600000	   3516.47271611	      0.00000000	      0.00000000	     -8.89205600	     -0.00000000	   -472.50170120	     -0.00000000	      0.00000000	      0.00000000
      0.37700000	   3478.71693410	     -0.00000000	     -0.00000000	     -6.15416818	     -0.00000000	   -436.92526504	     -0.00000000	      0.00000000	      0.00000000
      0.37800000	   2885.44401523	     -0.00000000	      0.00000000	     -0.00000000	     -0.02804164	   -451.71054066	      0.00000000	      0.00000000	      0.00000000
      0.37900000	   5113.85883280	     -0.00000000	      0.00000000	     -0.00000000	     -3.44524662	   -933.77053496	      0.00000000	      0.00000000	      0.00000000
      0.38000000	   3659.46638521	      0.00000000	     -0.00000000	    -24.68247658	     -0.00000000	   -436.13731594	     -0.00000000	     -0.00000000	     -0.00000000
      0.38100000	   4434.30915306	      0.00000000	     -0.00000000	     -0.00000000	      0.04501384	   -224.16825262	     -0.00000000	     -0.00000000	      0.00000000
      0.38200000	   4660.34869972	     -0.00000000	      0.00000000	     -7.17142272	     -0.53725740	   -361.32026664	     -0.00000000	     -0.00000000	     -0.00000000
      0.38300000	   2165.24349668	     -0.00000000	      0.00000000	     -0.00000000	     -3.13189268	   -495.45782783	      0.00000000	     -0.00000000	     -0.00000000
      0.38400000	   3493.65789717	      0.00000000	     -0.00000000	     -5.14817542	     -0.00000000	   -637.78935360	      0.00000000	      0.00000000	     -0.00000000
      0.38500000	   2370.57566079	     -0.00000000	     -0.00000000	     -0.00000000	     -1.24585222	   -307.90270769	      0.00000000	      0.00000000	     -0.00000000
      0.38600000	   2774.86862433	      0.00000000	     -0.00000000	     -0.00000000	     -1.65093271	   -508.96259228	     -0.00000000	      0.00000000	     -0.00000000
      0.38700000	   3760.54985503	     -0.00000000	      0.00000000	     -4.56122196	     -0.00000000	   -723.98823785	      0.00000000	      0.00000000	     -0.00000000
      0.38800000	   3225.46161354	      0.00000000	      0.00000000	    -10.64149598	     -0.00000000	   -413.40574298	      0.00000000	      0.00000000	     -0.00000000
      0.38900000	   4397.30874049	      0.00000000	      0.00000000	     -0.00000000	     -0.07202672	   -432.53837156	      0.00000000	     -0.00000000	      0.00000000
      0.39000000	   4579.12708014	      0.00000000	     -0.61872958	    -11.97557387	     -0.00000000	   -288.19089906	      0.00000000	      0.00000000	     -0.00000000
      0.39100000	   3514.16093513	      0.00000000	     -0.00000000	     -0.00000000	      0.68781429	   -283.49176899	     -0.00000000	     -0.00000000	      0.00000000
      0.39200000	   3040.46918189	     -0.00000000	     -0.00000000	     -0.00000000	     -0.68673551	   -408.30247225	     -0.00000000	     -0.00000000	      0.00000000
      0.39300000	   4634.69828260	     -0.00000000	     -0.85462242	    -15.25512777	      0.00000000	   -125.45966009	      0.00000000	      0.00000000	     -0.00000000
      0.39400000	   3157.88999123	     -0.00000000	      0.00000000	     -0.00000000	     -5.16384518	   -676.48411286	      0.00000000	      0.00000000	     -0.00000000
      0.39500000	   4794.54076266	     -0.00000000	     -0.00000000	     -5.44664461	     -0.00000000	   -594.23049602	     -0.00000000	     -0.00000000	      0.00000000
      0.39600000	   2597.08085535	     -0.00000000	      0.00000000	     -8.81068785	     -0.00000000	   -250.94434301	      0.00000000	      0.00000000	      0.00000000
      0.39700000	   2519.52359430	     -0.00000000	      0.00000000	     -0.00000000	     -2.51173268	   -441.12983807	      0.00000000	      0.00000000	      0.00000000
      0.39800000	   1689.53635109	      0.00000000	     -0.00000000	     -4.11455521	     -0.00000000	   -505.88856227	     -0.00000000	      0.00000000	     -0.00000000
      0.39900000	   3574.64683737	      0.00000000	     -0.00000000	    -18.13122428	      0.00000000	   -374.40430136	     -0.00000000	     -0.00000000	     -0.00000000
      0.40000000	   4155.46102662	     -0.00000000	     -0.00000000	     -0.00000000	      2.16060511	   -122.10212988	     -0.00000000	     -0.00000000	      0.00000000
      0.40100000	   3393.36391671	     -0.00000000	     -0.00000000	     -0.00000000	     -3.89278764	   -857.32792809	     -0.00000000	     -0.00000000	      0.00000000
      0.40200000	   3233.65121257	     -0.00000000	      0.00000000	    -17.86474420	     -0.00000000	   -612.23660615	      0.00000000	      0.00000000	      0.00000000
      0.40300000	   3511.75594287	      0.00000000	      0.00000000	    -19.63285271	     -0.00000000	   -437.38347254	     -0.00000000	     -0.00000000	      0.00000000
      0.40400000	   3307.19333513	      0.00000000	      0.00000000	     -0.00000000	      0.12686432	   -262.17287519	      0.00000000	      0.00000000	      0.00000000
      0.40500000	   3647.13276533	     -0.00000000	     -0.00000000	     -0.00000000	      0.65127315	   -463.24048234	     -0.00000000	     -0.00000000	      0.00000000
      0.40600000	   3257.77697240	      0.00000000	      0.00000000	     -0.00000000	     -3.64343791	   -472.95187702	      0.00000000	     -0.00000000	     -0.00000000
      0.40700000	   2375.85820453	     -0.00000000	     -0.00000000	     -5.64812641	     -0.00000000	   -305.77160266	      0.00000000	      0.00000000	     -0.00000000
      0.40800000	   4029.69015381	     -0.00000000	      0.00000000	     -0.00000000	     -0.00000000	   -412.86464738	      0.00000000	      0.00000000	      0.00000000
      0.40900000	   2618.59340950	     -0.00000000	     -0.00000000	     -0.00000000	     -1.16905656	   -327.12315268	     -0.00000000	     -0.00000000	     -0.00000000
      0.41000000	   2644.23711979	     -0.00000000	      0.00000000	     -0.00000000	     -0.00000000	   -397.87420528	      0.00000000	      0.00000000	      0.00000000
      0.41100000	   4886.74692745	      0.00000000	      0.00000000	     -9.68007238	     -0.00000000	   -532.78940169	      0.00000000	     -0.00000000	      0.00000000
      0.41200000	   3255.77966755	      0.00000000	      0.00000000	    -13.02842592	     -0.00000000	   -461.29248512	      0.00000000	      0.00000000	     -0.00000000
      0.41300000	   3701.54549901	     -0.00000000	     -0.00000000	     -0.00000000	     -4.28503255	   -400.30158427	     -0.00000000	      0.00000000	     -0.00000000
      0.41400000	   3990.46345337	      0.00000000	     -0.00000000	     -2.44131633	     -0.00000000	   -926.24730419	      0.00000000	     -0.00000000	      0.00000000
      0.41500000	   3694.95402125	     -0.00000000	      0.00000000	     -9.86390082	     -0.00000000	   -659.94041851	      0.00000000	      0.00000000	     -0.00000000
      0.41600000	   2596.20622556	      0.00000000	      0.00000000	     -0.00000000	     -3.73528855	   -419.70281286	      0.00000000	      0.00000000	     -0.00000000
      0.41700000	   4342.63831778	     -0.00000000	     -0.00000000	    -20.93398710	     -0.00000000	   -459.58335488	     -0.00000000	     -0.00000000	      0.00000000
      0.41800000	   3317.28692475	     -0.00000000	     -0.00000000	     -0.00000000	      0.65250126	   -366.55298072	     -0.00000000	     -0.00000000	     -0.00000000
      0.41900000	   4076.67948146	      0.00000000	      0.00000000	     -0.00000000	     -3.70413292	   -653.38994370	      0.00000000	      0.00000000	      0.00000000
      0.42000000	   4924.64926989	     -0.00000000	      0.00000000	    -39.54062328	     -0.00000000	   -320.21762129	      0.00000000	      0.00000000	      0.00000000
      0.42100000	   3191.11108145	      0.00000000	     -0.00000000	     -0.00000000	      0.00775718	   -302.99236170	      0.00000000	     -0.00000000	     -0.00000000
      0.42200000	   3808.79931578	     -0.00000000	      0.00000000	     -0.00000000	     -0.00000000	   -642.30601060	      0.00000000	     -0.00000000	      0.00000000
      0.42300000	   5097.70633679	      0.00000000	     -0.00000000	    -17.58830482	     -0.03153046	   -227.45509070	      0.00000000	      0.00000000	      0.00000000
      0.42400000	   1674.77966301	     -0.00000000	     -0.00000000	     -0.00000000	     -5.83637217	   -387.69237866	      0.00000000	     -0.00000000	      0.00000000
      0.42500000	   5389.99235780	     -0.00000000	     -0.00000000	     -5.27557704	     -0.00000000	   -932.46907825	     -0.00000000	     -0.00000000	     -0.00000000
      0.42600000	   5083.80499278	      0.00000000	     -0.00000000	     -0.00000000	     -4.36496640	   -716.78858477	     -0.00000000	     -0.00000000	      0.00000000
      0.42700000	   3443.58521396	      0.00000000	      0.00000000	    -17.74468927	     -0.00000000	   -827.02232298	      0.00000000	      0.00000000	      0.00000000
      0.42800000	   3474.75121368	      0.00000000	      0.00000000	     -0.00000000	      0.51056705	   -376.80907727	      0.00000000	     -0.00000000	      0.00000000
      0.42900000	   3401.44149701	      0.00000000	     -0.00000000	     -0.00000000	     -4.64999418	   -581.29834878	     -0.00000000	      0.00000000	      0.00000000
      0.43000000	   2906.75060804	      0.00000000	      0.00000000	    -13.34521603	     -0.00000000	   -227.94595375	     -0.00000000	      0.00000000	     -0.00000000
      0.43100000	   3673.32930089	     -0.00000000	      0.00000000	     -0.00000000	     -4.27646452	   -431.02427052	      0.00000000	      0.00000000	      0.00000000
      0.43200000	   5695.89571666	     -0.00000000	     -0.00000000	     -7.18352918	     -0.00000000	   -573.78500961	     -0.00000000	      0.00000000	      0.00000000
      0.43300000	   3232.78492096	     -0.00000000	     -0.00000000	    -10.85848158	     -0.00000000	   -487.85206909	     -0.00000000	     -0.00000000	     -0.00000000
      0.43400000	   2816.59409138	      0.00000000	     -0.00000000	     -6.00354846	     -0.00000000	   -420.56133714	     -0.00000000	     -0.00000000	     -0.00000000
      0.43500000	   3312.52977392	      0.00000000	      0.00000000	     -0.00000000	     -0.00347123	   -416.68713135	      0.00000000	      0.00000000	      0.00000000
      0.43600000	   3331.96852910	     -0.00000000	      0.00000000	     -0.00000000	     -1.50697035	   -399.39476146	      0.00000000	      0.00000000	      0.00000000
      0.43700000	   3457.01725660	     -0.00000000	      0.00000000	     -4.18620089	     -0.00000000	   -541.66066688	      0.00000000	     -0.00000000	     -0.00000000
      0.43800000	   4177.48090865	     -0.00000000	     -0.00000000	     -0.00000000	     -0.83280752	   -664.65491275	      0.00000000	     -0.00000000	      0.00000000
      0.43900000	   1756.50843884	     -0.00000000	      0.00000000	     -2.29332533	     -0.00000000	   -514.91476650	      0.00000000	      0.00000000	     -0.00000000
      0.44000000	   3161.16083371	      0.00000000	      0.00000000	     -6.52559909	     -0.00000000	   -567.49099437	     -0.00000000	     -0.00000000	      0.00000000
      0.44100000	   4303.11337073	      0.00000000	     -0.00000000	     -0.00000000	     -2.21249275	   -551.59834198	     -0.00000000	     -0.00000000	     -0.00000000
      0.44200000	   5282.35869131	      0.00000000	      0.00000000	     -0.00000000	     -1.33011090	   -972.37013249	     -0.00000000	     -0.00000000	     -0.00000000
      0.44300000	   4378.00776592	     -0.00000000	      0.00000000	     -7.28327787	     -2.15288447	   -814.18410813	      0.00000000	      0.00000000	      0.00000000
      0.44400000	   1443.03045366	      0.00000000	      0.00000000	     -0.00000000	     -1.61712049	   -547.62029691	      0.00000000	      0.00000000	     -0.00000000
      0.44500000	   4611.88814402	     -0.00000000	     -0.00000000	    -12.27092172	     -0.00000000	   -497.96096285	      0.00000000	      0.00000000	     -0.00000000
      0.44600000	   3936.63034472	     -0.00000000	     -0.00000000	     -0.00000000	     -1.74535454	   -420.69372711	     -0.00000000	     -0.00000000	      0.00000000
      0.44700000	   4348.04718542	      0.00000000	     -0.00000000	     -1.78265926	     -0.00000000	   -698.77947210	     -0.00000000	     -0.00000000	     -0.00000000
      0.44800000	   3263.45509259	      0.00000000	      0.00000000	    -29.78942654	     -0.00000000	   -246.71674253	      0.00000000	      0.00000000	     -0.00000000
      0.44900000	   3038.21332664	      0.00000000	     -0.00000000	     -0.00000000	     -0.34938121	   -325.13404123	     -0.00000000	      0.00000000	     -0.00000000
      0.45000000	   6246.61707067	      0.00000000	      0.00000000	     -0.00000000	     -2.98201382	   -547.79259471	     -0.00000000	      0.00000000	      0.00000000
      0.45100000	   2985.76728375	      0.00000000	     -0.00000000	     -3.15577704	     -0.46616214	   -684.82537118	      0.00000000	     -0.00000000	      0.00000000
      0.45200000	   4539.44503987	     -0.00000000	      0.00000000	     -3.06140052	     -0.20145684	   -854.64563732	      0.00000000	     -0.00000000	     -0.00000000
      0.45300000	   2176.32120786	      0.00000000	     -0.00000000	     -7.50108761	     -0.00000000	   -596.65250523	     -0.00000000	     -0.00000000	     -0.00000000
      0.45400000	   3188.99971951	     -0.00000000	      0.00000000	     -4.44473877	     -0.00000000	   -518.50129560	      0.00000000	     -0.00000000	      0.00000000
      0.45500000	   4118.70626848	     -0.00000000	      0.00000000	     -0.61782376	      0.00000000	   -340.70981128	      0.00000000	      0.00000000	     -0.00000000
      0.45600000	   3908.00382691	      0.00000000	     -0.00000000	     -8.83875213	     -0.00000000	   -338.89597339	     -0.00000000	      0.00000000	     -0.00000000
      0.45700000	   4199.11165731	     -0.00000000	     -0.00000000	     -0.00000000	     -0.64951899	   -323.26487852	     -0.00000000	      0.00000000	     -0.00000000
      0.45800000	   2756.43829871	     -0.00000000	     -0.00000000	     -0.00000000	     -1.87023202	   -688.91308917	      0.00000000	      0.00000000	     -0.00000000
      0.45900000	   3392.16097984	     -0.00000000	     -0.00000000	    -27.51271945	      0.00000000	   -378.87537538	      0.00000000	      0.00000000	     -0.00000000
      0.46000000	   3601.99947301	     -0.00000000	      0.00000000	     -0.00000000	      1.84925788	   -381.63774229	      0.00000000	      0.00000000	     -0.00000000
      0.46100000	   4553.20985777	      0.00000000	      0.00000000	     -0.00000000	     -3.10691712	   -959.85027806	      0.00000000	      0.00000000	     -0.00000000
      0.46200000	   3306.39770905	      0.00000000	     -0.00000000	    -16.92191543	     -0.00000000	   -612.83465697	     -0.00000000	     -0.00000000	     -0.00000000
      0.46300000	   3071.92463106	     -0.00000000	     -0.00000000	     -0.00000000	     -2.45794899	   -416.29404549	      0.00000000	      0.00000000	      0.00000000
      0.46400000	   1977.61353388	     -0.00000000	     -0.00000000	     -0.00000000	     -1.32621006	   -335.92058204	     -0.00000000	      0.00000000	     -0.00000000
      0.46500000	   2908.85325717	      0.00000000	     -0.00000000	     -0.00000000	     -0.00000000	   -502.28529528	     -0.00000000	     -0.00000000	     -0.00000000
      0.46600000	   4110.23931609	      0.00000000	      0.00000000	     -6.05045299	     -0.00000000	   -706.45350136	     -0.00000000	      0.00000000	      0.00000000
      0.46700000	   4656.88355155	     -0.00000000	      0.00000000	     -0.00000000	     -4.33234176	   -561.31500425	      0.00000000	     -0.00000000	     -0.00000000
      0.46800000	   4654.90443249	      0.00000000	      0.00000000	     -3.21010488	     -0.00000000	   -723.90076886	      0.00000000	      0.00000000	      0.00000000
      0.46900000	   4021.75009285	      0.00000000	     -0.00000000	    -20.86541491	     -0.00000000	   -639.99976250	      0.00000000	      0.00000000	     -0.00000000
      0.47000000	   3755.34078268	      0.00000000	      0.00000000	     -0.00000000	     -0.07528206	   -532.10714424	      0.00000000	      0.00000000	      0.00000000
      0.47100000	   5261.09989103	      0.00000000	      0.00000000	     -0.00000000	     -5.00791863	   -804.94948231	     -0.00000000	     -0.00000000	     -0.00000000
      0.47200000	   2855.67090380	      0.00000000	      0.00000000	     -8.06798278	     -0.00000000	   -501.86417114	      0.00000000	      0.00000000	      0.00000000
      0.47300000	   2633.16818554	     -0.00000000	     -0.00000000	     -0.00000000	     -1.58771217	   -346.71917947	     -0.00000000	      0.00000000	     -0.00000000
      0.47400000	   2352.25924632	      0.00000000	      0.00000000	     -0.00000000	     -1.42218560	   -392.58764957	     -0.00000000	     -0.00000000	      0.00000000
      0.47500000	   2606.47055246	     -0.00000000	      0.00000000	    -11.82750165	     -0.00000000	   -423.05534096	     -0.00000000	      0.00000000	     -0.00000000
      0.47600000	   2554.21317270	      0.00000000	      0.00000000	     -0.04659387	     -0.00000000	   -413.50598879	      0.00000000	      0.00000000	      0.00000000
      0.47700000	   4237.27022654	      0.00000000	     -0.00000000	    -12.51520879	      0.00000000	   -295.95802698	     -0.00000000	     -0.00000000	     -0.00000000
      0.47800000	   2866.16292299	     -0.00000000	      0.00000000	     -0.00000000	     -0.13535192	   -401.32829392	     -0.00000000	      0.00000000	     -0.00000000
      0.47900000	   4408.15462926	     -0.00000000	      0.00000000	     -0.00000000	     -0.39035803	   -533.36064004	      0.00000000	      0.00000000	     -0.00000000
      0.48000000	   3319.61656616	      0.00000000	     -0.00000000	     -0.00000000	     -5.34819205	   -498.78191150	      0.00000000	     -0.00000000	      0.00000000
      0.48100000	   4369.47708439	      0.00000000	      0.00000000	    -11.54959414	     -0.00000000	   -591.88905530	     -0.00000000	     -0.00000000	      0.00000000
      0.48200000	   3993.29178940	      0.00000000	      0.00000000	     -0.00000000	     -2.43296093	   -779.90996735	     -0.00000000	      0.00000000	      0.00000000
      0.48300000	   2279.21462238	      0.00000000	     -0.00000000	     -4.92018037	     -0.00000000	   -528.44414567	     -0.00000000	     -0.00000000	      0.00000000
      0.48400000	   3392.24945982	     -0.00000000	     -0.00000000	     -0.00000000	     -1.00896263	   -616.80440308	     -0.00000000	     -0.00000000	     -0.00000000
      0.48500000	   2273.29541267	     -0.00000000	      0.00000000	     -3.91497179	     -0.00000000	   -419.32507358	      0.00000000	      0.00000000	     -0.00000000
      0.48600000	   2800.64772799	      0.00000000	      0.00000000	     -0.00000000	     -0.78192414	   -501.33100958	      0.00000000	      0.00000000	      0.00000000
      0.48700000	   4393.25536329	      0.00000000	     -0.00000000	     -2.79752450	     -0.00000000	  -1118.98521887	     -0.00000000	     -0.00000000	      0.00000000
      0.48800000	   3660.10287386	     -0.00000000	      0.00000000	    -34.42612606	      0.00000000	   -403.54520969	      0.00000000	      0.00000000	     -0.00000000
      0.48900000	   3271.00327915	      0.00000000	      0.00000000	     -0.00000000	     -2.47901297	   -473.25060836	     -0.00000000	     -0.00000000	     -0.00000000
      0.49000000	   3818.65870919	      0.00000000	     -0.00000000	     -0.00000000	     -0.35522106	   -624.10085574	      0.00000000	      0.00000000	      0.00000000
      0.49100000	   4037.79862577	     -0.00000000	     -0.00000000	     -0.00000000	     -2.57998976	   -729.86483744	      0.00000000	     -0.00000000	      0.00000000
      0.49200000	   3438.77460785	      0.00000000	     -0.00000000	    -24.92563499	     -0.00000000	   -434.16735291	     -0.00000000	     -0.00000000	     -0.00000000
      0.49300000	   3727.43438184	     -0.00000000	     -0.00000000	     -0.00000000	     -0.66361018	   -554.53287043	     -0.00000000	     -0.00000000	      0.00000000
      0.49400000	   2322.37307655	     -0.00000000	      0.00000000	     -0.00000000	     -3.52365787	   -333.24144773	      0.00000000	     -0.00000000	     -0.00000000
      0.49500000	   2895.32673183	      0.00000000	      0.00000000	     -4.26460404	     -0.00000000	   -803.62005829	      0.00000000	     -0.00000000	      0.00000000
      0.49600000	   3836.74860352	      0.00000000	     -0.00000000	     -0.00000000	     -0.58724311	   -535.88826481	     -0.00000000	     -0.00000000	     -0.00000000
      0.49700000	   4503.11645770	      0.00000000	      0.00000000	     -0.00000000	     -3.08721157	  -1030.90939648	      0.00000000	      0.00000000	     -0.00000000
      0.49800000	   5061.84868710	      0.00000000	      0.00000000	     -9.78339547	     -0.00000000	   -597.72035101	      0.00000000	      0.00000000	      0.00000000
      0.49900000	   1971.46298094	     -0.00000000	      0.00000000	     -0.00000000	     -0.00000000	   -416.92095976	      0.00000000	     -0.00000000	     -0.00000000
      0.50000000	   3856.31455617	      0.00000000	      0.00000000	     -6.48591402	     -0.00000000	   -774.96399177	      0.00000000	      0.00000000	      0.00000000
      0.50100000	   3683.96166452	     -0.00000000	      0.00000000	    -23.34996761	      0.00000000	   -537.00574696	      0.00000000	      0.00000000	      0.00000000
      0.50200000	   2818.33036709	      0.00000000	     -0.00000000	     -0.00000000	     -3.19586933	   -641.72442332	     -0.00000000	     -0.00000000	     -0.00000000
      0.50300000	   3602.30054280	     -0.00000000	      0.00000000	     -5.41757834	     -0.00000000	   -894.44596131	      0.00000000	      0.00000000	     -0.00000000
      0.50400000	   3726.05406636	      0.00000000	     -0.00000000	    -12.17282696	      0.00000000	   -463.39067319	     -0.00000000	     -0.00000000	     -0.00000000
      0.50500000	   4287.73487564	     -0.00000000	      0.00000000	     -0.00000000	     -8.95343631	   -853.20855827	     -0.00000000	      0.00000000	      0.00000000
      0.50600000	   2622.58848427	     -0.00000000	      0.00000000	    -12.83748185	     -0.00000000	   -551.55988501	      0.00000000	     -0.00000000	     -0.00000000
      0.50700000	   3466.96705025	     -0.00000000	      0.00000000	     -0.00000000	     -0.07690504	   -431.24200127	      0.00000000	      0.00000000	     -0.00000000
      0.50800000	   2016.81081461	     -0.00000000	      0.00000000	     -3.30597374	     -0.00000000	   -747.25198094	     -0.00000000	     -0.00000000	      0.00000000
      0.50900000	   2320.60869621	     -0.00000000	     -0.00000000	     -4.88190994	     -0.00000000	   -488.12418796	     -0.00000000	     -0.00000000	      0.00000000
      0.51000000	   3082.63656181	     -0.00000000	      0.00000000	     -0.00000000	     -3.22795963	   -583.85260823	      0.00000000	      0.00000000	      0.00000000
      0.51100000	   5031.84314956	      0.00000000	     -0.00000000	    -35.37611306	     -0.00000000	   -554.37892839	     -0.00000000	     -0.00000000	      0.00000000
      0.51200000	   2935.07675575	     -0.00000000	     -0.00000000	     -0.00000000	     -2.49194936	   -639.41600254	      0.00000000	      0.00000000	     -0.00000000
      0.51300000	   3852.86427479	     -0.00000000	      0.00000000	     -0.00000000	     -2.90833427	   -597.19810786	      0.00000000	      0.00000000	     -0.00000000
      0.51400000	   1994.98651027	      0.00000000	     -0.00000000	     -5.85697888	     -0.00000000	   -572.89385744	     -0.00000000	     -0.00000000	      0.00000000
      0.51500000	   5270.79620781	      0.00000000	      0.00000000	     -0.00000000	     -0.00000000	   -627.23579195	      0.00000000	      0.00000000	      0.00000000
      0.51600000	   4432.98476188	     -0.00000000	      0.00000000	     -0.00000000	     -4.12641190	   -591.20582847	      0.00000000	      0.00000000	      0.00000000
      0.51700000	   5709.56301109	     -0.00000000	     -0.00000000	     -2.23205142	     -0.00000000	   -888.22446125	     -0.00000000	     -0.00000000	      0.00000000
      0.51800000	   4592.30585336	     -0.00000000	      0.00000000	    -31.45620008	     -0.00000000	   -384.30555283	      0.00000000	      0.00000000	     -0.00000000
      0.51900000	   1969.70838002	     -0.00000000	      0.00000000	     -0.00000000	     -4.83192706	   -474.62282499	      0.00000000	      0.00000000	      0.00000000
      0.52000000	   1447.72159839	      0.00000000	     -0.00000000	     -5.11216532	     -0.00000000	   -497.36755287	     -0.00000000	     -0.00000000	     -0.00000000
      0.52100000	   4186.10818338	     -0.00000000	     -0.00000000	     -9.75431619	     -0.00000000	   -384.23519951	      0.00000000	      0.00000000	     -0.00000000
      0.52200000	   3224.36324007	     -0.00000000	     -0.00000000	     -2.85601060	     -1.10437621	   -399.71659515	     -0.00000000	      0.00000000	     -0.00000000
      0.52300000	   3621.18402693	      0.00000000	     -0.00000000	     -0.00000000	     -1.05627903	   -595.45148642	      0.00000000	      0.00000000	      0.00000000
      0.52400000	   2744.57299937	      0.00000000	      0.00000000	     -0.00000000	     -2.16615055	   -656.68081238	      0.00000000	      0.00000000	     -0.00000000
      0.52500000	   5242.11086942	      0.00000000	      0.00000000	     -7.89140372	     -0.00000000	   -528.79850954	      0.00000000	      0.00000000	      0.00000000
      0.52600000	   3399.80183649	      0.00000000	      0.00000000	     -0.00000000	     -3.33059872	   -780.36872060	     -0.00000000	      0.00000000	      0.00000000
      0.52700000	   1646.75393364	      0.00000000	      0.00000000	     -0.00000000	     -3.02003646	   -672.41168278	      0.00000000	     -0.00000000	      0.00000000
      0.52800000	   3068.43933658	     -0.00000000	      0.00000000	    -16.28807557	     -0.00000000	   -494.43920004	     -0.00000000	      0.00000000	      0.00000000
      0.52900000	   2817.89594633	      0.00000000	     -0.00000000	     -0.00000000	     -3.79148893	   -389.57625072	     -0.00000000	     -0.00000000	      0.00000000
      0.53000000	   2813.58428143	     -0.00000000	     -0.00000000	     -2.15316765	     -0.00000000	   -590.57283535	      0.00000000	      0.00000000	      0.00000000
      0.53100000	   3491.74765971	      0.00000000	      0.00000000	    -28.50218159	     -0.00000000	   -580.63628706	      0.00000000	      0.00000000	     -0.00000000
      0.53200000	   3867.59505574	     -0.00000000	     -0.00000000	     -0.00000000	     -1.81104959	   -463.90756108	     -0.00000000	      0.00000000	     -0.00000000
      0.53300000	   2404.39716614	      0.00000000	     -0.00000000	     -2.44871065	     -0.00000000	   -717.21116072	     -0.00000000	     -0.00000000	      0.00000000
      0.53400000	   4291.35808282	      0.00000000	     -0.00000000	     -0.00000000	     -0.95690489	   -747.02814769	      0.00000000	      0.00000000	      0.00000000
      0.53500000	   2035.08314561	     -0.00000000	      0.00000000	     -2.53510237	     -0.00000000	   -405.25458219	      0.00000000	      0.00000000	     -0.00000000
      0.53600000	   3195.44907387	      0.00000000	     -0.00000000	    -14.43310315	     -0.00000000	   -465.33838016	      0.00000000	     -0.00000000	     -0.00000000
      0.53700000	   1751.84941101	     -0.00000000	      0.00000000	     -0.00000000	     -9.31243484	   -475.32631061	     -0.00000000	     -0.00000000	      0.00000000
      0.53800000	   1900.06931346	     -0.00000000	      0.00000000	     -9.42851014	     -0.00000000	   -606.87137583	      0.00000000	      0.00000000	      0.00000000
      0.53900000	   3110.07986336	     -0.00000000	     -0.00000000	     -5.56072332	     -0.00000000	   -514.76282193	     -0.00000000	     -0.00000000	     -0.00000000
      0.54000000	   4684.10293884	      0.00000000	     -0.00000000	     -0.00000000	     -8.29021111	   -874.36430853	     -0.00000000	      0.00000000	     -0.00000000
      0.54100000	   4316.31634667	      0.00000000	     -0.00000000	    -18.98705693	     -0.00000000	   -935.37887798	     -0.00000000	      0.00000000	     -0.00000000
      0.54200000	   4644.83361756	      0.00000000	     -0.00000000	     -0.00000000	     -1.36491680	   -590.12348923	      0.00000000	      0.00000000	     -0.00000000
      0.54300000	   3643.60097543	     -0.00000000	     -0.00000000	     -0.00000000	     -3.58911221	   -913.28454520	     -0.00000000	     -0.00000000	      0.00000000
      0.54400000	   3160.33367561	      0.00000000	     -0.00000000	    -14.82123260	     -0.00000000	   -828.65917744	     -0.00000000	     -0.00000000	      0.00000000
      0.54500000	   3948.69879080	      0.00000000	     -0.00000000	     -0.00000000	     -0.00064126	   -563.33760488	      0.00000000	      0.00000000	     -0.00000000
      0.54600000	   5303.30813295	     -0.00000000	     -0.00000000	     -7.57578826	     -0.41777139	   -493.08325997	     -0.00000000	      0.00000000	     -0.00000000
      0.54700000	   3942.34521564	     -0.00000000	     -0.00000000	     -0.55625604	     -0.00000000	   -388.98493053	     -0.00000000	      0.00000000	      0.00000000
      0.54800000	   4663.75935969	     -0.00000000	      0.00000000	     -4.53271427	     -0.31542574	   -519.74565126	      0.00000000	     -0.00000000	      0.00000000
      0.54900000	   3064.65915147	      0.00000000	      0.00000000	     -0.00000000	     -1.41439259	   -576.16290623	      0.00000000	     -0.00000000	     -0.00000000
      0.55000000	   5655.97754526	     -0.00000000	     -0.00000000	     -0.68392008	     -1.91487248	   -872.61156139	     -0.00000000	     -0.00000000	      0.00000000
      0.55100000	   2032.66674483	      0.00000000	      0.00000000	     -0.00000000	     -2.11800481	   -398.45396702	      0.00000000	     -0.00000000	     -0.00000000
      0.55200000	   3117.06345443	     -0.00000000	     -0.00000000	     -0.00000000	     -0.00000000	   -893.55730091	     -0.00000000	     -0.00000000	      0.00000000
      0.55300000	   2491.90300038	     -0.00000000	      0.00000000	    -10.07667848	     -0.00000000	   -399.11540915	      0.00000000	      0.00000000	     -0.00000000
      0.55400000	   3793.10404733	     -0.00000000	      0.00000000	     -2.42272349	     -0.00000000	   -577.91589222	      0.00000000	      0.00000000	     -0.00000000
      0.55500000	   4369.15116761	     -0.00000000	      0.00000000	    -24.02238997	     -0.00000000	   -573.93596000	     -0.00000000	      0.00000000	     -0.00000000
      0.55600000	   2525.18488337	      0.00000000	      0.00000000	     -4.01594218	     -0.00000000	   -573.27821523	      0.00000000	     -0.00000000	      0.00000000
      0.55700000	   3586.96440363	     -0.00000000	     -0.00000000	     -0.00000000	      0.12908206	   -537.10749579	      0.00000000	      0.00000000	      0.00000000
      0.55800000	   2920.89246529	      0.00000000	      0.00000000	     -0.00000000	     -7.83865293	   -654.50902082	      0.00000000	      0.00000000	     -0.00000000
      0.55900000	   5042.07159676	      0.00000000	     -0.00000000	     -3.73254168	     -0.00000000	   -942.57066717	      0.00000000	      0.00000000	     -0.00000000
      0.56000000	   6763.61866901	     -0.00000000	     -0.00000000	     -0.00000000	     -6.20969617	   -836.93239801	     -0.00000000	      0.00000000	     -0.00000000
      0.56100000	   3653.69524018	     -0.00000000	      0.00000000	    -12.50186693	     -0.00000000	   -978.18100885	     -0.00000000	      0.00000000	     -0.00000000
      0.56200000	   2953.37559064	     -0.00000000	     -0.00000000	    -21.00570063	     -0.00000000	   -557.79732893	      0.00000000	      0.00000000	     -0.00000000
      0.56300000	   2102.42745226	      0.00000000	     -0.00000000	     -0.00000000	     -2.69839507	   -580.86990539	     -0.00000000	     -0.00000000	     -0.00000000
      0.56400000	   5830.35326160	      0.00000000	      0.00000000	     -6.29912413	     -0.00000000	   -794.40016515	     -0.00000000	     -0.00000000	     -0.00000000
      0.56500000	   3809.26076347	     -0.00000000	      0.00000000	     -0.00000000	     -0.63264838	   -498.96372448	      0.00000000	      0.00000000	     -0.00000000
      0.56600000	   3374.36906624	      0.00000000	      0.00000000	     -0.00000000	     -4.63963022	   -755.21761115	      0.00000000	     -0.00000000	      0.00000000
      0.56700000	   3756.53779471	      0.00000000	      0.00000000	     -8.82699187	     -0.00000000	   -788.91238966	      0.00000000	     -0.00000000	     -0.00000000
      0.56800000	   4465.81891130	      0.00000000	     -0.00000000	     -2.75277589	     -4.06417474	   -909.27347035	     -0.00000000	     -0.00000000	      0.00000000
      0.56900000	   2979.25991072	      0.00000000	     -0.00000000	    -20.30440264	     -0.00000000	   -775.42801739	      0.00000000	      0.00000000	      0.00000000
      0.57000000	   4174.35543236	      0.00000000	     -0.00000000	     -0.00000000	     -0.50620407	   -583.76421647	     -0.00000000	      0.00000000	      0.00000000
      0.57100000	   2095.14222306	     -0.00000000	      0.00000000	     -0.00000000	     -2.31101709	   -659.30465281	      0.00000000	      0.00000000	     -0.00000000
      0.57200000	   4308.48375922	      0.00000000	     -0.00000000	     -3.62589331	     -0.00000000	   -696.93607899	     -0.00000000	     -0.00000000	      0.00000000
      0.57300000	   1972.62521648	     -0.00000000	      0.00000000	     -0.00000000	     -3.36393922	   -764.99894725	     -0.00000000	      0.00000000	      0.00000000
      0.57400000	   2749.29613347	      0.00000000	      0.00000000	    -10.93751093	     -0.00000000	   -389.27793452	      0.00000000	     -0.00000000	     -0.00000000
      0.57500000	   3620.54450861	     -0.00000000	      0.00000000	     -0.00000000	     -3.32158628	   -487.61199196	      0.00000000	      0.00000000	     -0.00000000
      0.57600000	   3620.19315895	      0.00000000	      0.00000000	    -16.05221667	     -0.00000000	   -871.18533023	     -0.00000000	     -0.00000000	      0.00000000
      0.57700000	   3828.91696887	      0.00000000	     -0.00000000	     -0.00000000	     -0.27710542	   -425.65277968	      0.00000000	     -0.00000000	     -0.00000000
      0.57800000	   4144.04364208	      0.00000000	     -0.00000000	     -0.00000000	     -6.96135234	  -1070.88698387	      0.00000000	      0.00000000	     -0.00000000
      0.57900000	   3776.29138201	     -0.00000000	     -0.00000000	    -24.30717418	     -0.00000000	   -718.76720574	      0.00000000	      0.00000000	      0.00000000
      0.58000000	   3014.00496475	     -0.00000000	     -0.00000000	     -4.02969021	     -0.00000000	   -568.19551694	     -0.00000000	      0.00000000	     -0.00000000
      0.58100000	   3582.38094887	     -0.00000000	      0.00000000	     -0.00000000	     -0.00000000	   -661.75039385	      0.00000000	     -0.00000000	     -0.00000000
      0.58200000	   5001.04518899	     -0.00000000	     -0.00000000	     -0.00000000	     -5.99579846	   -634.85639522	     -0.00000000	      0.00000000	     -0.00000000
      0.58300000	   3431.22713584	      0.00000000	     -0.00000000	     -2.34475773	     -0.00000000	  -1022.39819707	     -0.00000000	     -0.00000000	     -0.00000000
      0.58400000	   2719.62439947	      0.00000000	      0.00000000	    -36.89812280	     -0.00000000	   -623.69554554	     -0.00000000	     -0.00000000	      0.00000000
      0.58500000	   3185.51871758	     -0.00000000	      0.00000000	     -0.00000000	     -0.73902636	   -330.89441193	     -0.00000000	     -0.00000000	     -0.00000000
      0.58600000	   3786.90257376	     -0.00000000	     -0.00000000	     -0.00000000	     -0.75389898	   -613.70981591	     -0.00000000	     -0.00000000	     -0.00000000
      0.58700000	   5380.42106106	      0.00000000	     -0.00000000	     -0.00000000	     -1.71524460	   -684.70295373	     -0.00000000	     -0.00000000	      0.00000000
      0.58800000	   4991.98753383	      0.00000000	      0.00000000	     -0.00000000	     -3.27440714	   -845.34514018	     -0.00000000	      0.00000000	      0.00000000
      0.58900000	   2576.39219925	      0.00000000	      0.00000000	     -2.92937388	     -2.60348725	   -542.89280350	      0.00000000	      0.00000000	     -0.00000000
      0.59000000	   2172.26642088	      0.00000000	      0.00000000	     -0.00000000	     -0.00000000	   -379.09404336	      0.00000000	      0.00000000	      0.00000000
      0.59100000	   6180.04049162	     -0.00000000	      0.00000000	     -0.00000000	     -3.03150353	   -812.56697297	     -0.00000000	     -0.00000000	     -0.00000000
      0.59200000	   1949.18277576	      0.00000000	      0.00000000	     -4.78474244	     -0.00000000	   -561.38008861	      0.00000000	      0.00000000	     -0.00000000
      0.59300000	   3705.56495835	     -0.00000000	     -0.00000000	     -6.14952765	     -0.00000000	   -700.27514705	      0.00000000	      0.00000000	     -0.00000000
      0.59400000	   1476.80689655	      0.00000000	      0.00000000	     -0.00000000	     -4.06395349	   -506.37792617	     -0.00000000	     -0.00000000	      0.00000000
      0.59500000	   2972.99912046	     -0.00000000	     -0.00000000	     -9.71313202	     -0.00000000	   -515.00482202	     -0.00000000	     -0.00000000	     -0.00000000
      0.59600000	   2446.62505050	     -0.00000000	     -0.00000000	     -0.00000000	     -0.48520891	   -562.78346465	     -0.00000000	     -0.00000000	     -0.00000000
      0.59700000	   5337.17078779	      0.00000000	     -0.00000000	     -0.00000000	     -1.03392869	   -864.90426284	      0.00000000	     -0.00000000	      0.00000000
      0.59800000	   2562.39336998	      0.00000000	     -0.00000000	     -0.00000000	     -6.53056586	   -872.28588178	     -0.00000000	     -0.00000000	      0.00000000
      0.59900000	   2298.77145515	     -0.00000000	     -0.00000000	     -5.97083222	     -0.00000000	  -1024.75988017	     -0.00000000	     -0.00000000	      0.00000000
      0.60000000	   2954.13632776	     -0.00000000	     -0.00000000	     -0.00000000	     -1.01862894	   -721.17592898	     -0.00000000	     -0.00000000	     -0.00000000
      0.60100000	   4261.87098283	     -0.00000000	     -0.00000000	     -0.23822768	     -0.00000000	  -1206.91226552	     -0.00000000	     -0.00000000	     -0.00000000
      0.60200000	   2390.43453084	     -0.00000000	     -0.00000000	    -22.76547632	     -0.00000000	   -511.03403139	      0.00000000	     -0.00000000	     -0.00000000
      0.60300000	   1541.86133928	      0.00000000	      0.00000000	     -0.00000000	     -3.54987688	   -521.85564018	      0.00000000	     -0.00000000	     -0.00000000
      0.60400000	   3411.30622420	     -0.00000000	     -0.00000000	     -2.96183389	     -0.00000000	   -525.03301826	      0.00000000	      0.00000000	     -0.00000000
      0.60500000	   5776.22961482	      0.00000000	      0.00000000	     -0.00000000	     -6.06081876	   -800.83271879	      0.00000000	      0.00000000	     -0.00000000
      0.60600000	   2749.54211746	      0.00000000	      0.00000000	     -1.67692424	     -0.00000000	   -702.74566125	      0.00000000	      0.00000000	     -0.00000000
      0.60700000	   4440.35775536	     -0.00000000	     -0.00000000	     -7.92138219	     -0.00000000	   -736.76645522	     -0.00000000	      0.00000000	      0.00000000
      0.60800000	   3284.15282343	     -0.00000000	     -0.00000000	     -3.75600669	     -0.00000000	   -500.95436352	      0.00000000	      0.00000000	      0.00000000
      0.60900000	   4161.16212115	     -0.00000000	      0.00000000	     -6.03302574	     -0.00000000	   -590.05569106	      0.00000000	      0.00000000	     -0.00000000
      0.61000000	   3344.64197511	     -0.00000000	      0.00000000	     -3.12298128	     -0.77122517	   -670.74707378	      0.00000000	      0.00000000	     -0.00000000
      0.61100000	   4006.22567256	      0.00000000	      0.00000000	     -0.00000000	     -1.91851937	   -541.25607471	      0.00000000	      0.00000000	      0.00000000
      0.61200000	   4047.21876244	     -0.00000000	      0.00000000	     -3.96230291	     -1.08048625	   -921.00291243	     -0.00000000	      0.00000000	      0.00000000
      0.61300000	   4992.24767999	     -0.00000000	      0.00000000	     -0.00000000	     -0.00000000	   -909.43971508	     -0.00000000	      0.00000000	      0.00000000
      0.61400000	   3333.14888813	      0.00000000	      0.00000000	    -12.82833162	     -0.00000000	   -631.44952307	      0.00000000	      0.00000000	      0.00000000
      0.61500000	   1952.26438951	      0.00000000	      0.00000000	     -0.00000000	     -3.94623493	   -497.12505343	     -0.00000000	     -0.00000000	      0.00000000
      0.61600000	   1712.95984968	     -0.00000000	     -0.00000000	    -10.35573878	     -0.00000000	   -708.28689812	      0.00000000	     -0.00000000	     -0.00000000
      0.61700000	   2897.33390048	      0.00000000	     -0.00000000	     -8.36877596	     -0.00000000	   -424.21613975	      0.00000000	     -0.00000000	     -0.00000000
      0.61800000	   4574.21131506	      0.00000000	      0.00000000	     -0.00000000	     -0.00000000	   -588.58189575	      0.00000000	     -0.00000000	     -0.00000000
      0.61900000	   2805.59402314	      0.00000000	     -0.00000000	     -0.00000000	     -0.44864163	   -598.08556798	      0.00000000	     -0.00000000	      0.00000000
      0.62000000	   3187.48404175	      0.00000000	     -0.00000000	     -0.00000000	     -5.59787055	   -899.29849061	     -0.00000000	     -0.00000000	      0.00000000
      0.62100000	   4937.19277896	      0.00000000	      0.00000000	     -2.92279077	     -0.00000000	  -1059.09400638	     -0.00000000	      0.00000000	     -0.00000000
      0.62200000	   2063.81525922	      0.00000000	     -0.00000000	     -9.30519482	     -0.00000000	   -703.78927121	      0.00000000	     -0.00000000	     -0.00000000
      0.62300000	   3017.97432112	     -0.00000000	     -0.00000000	     -0.00000000	     -0.57879941	   -725.81019273	     -0.00000000	     -0.00000000	     -0.00000000
      0.62400000	   4699.77955003	     -0.00000000	      0.00000000	     -0.00000000	     -5.05020661	  -1222.23131456	      0.00000000	     -0.00000000	     -0.00000000
      0.62500000	   5964.50281615	     -0.00000000	     -0.00000000	     -0.96807780	     -0.00000000	   -970.35910896	     -0.00000000	      0.00000000	      0.00000000
      0.62600000	   3625.21184050	      0.00000000	      0.00000000	     -3.29520041	     -2.40073145	   -795.64442030	     -0.00000000	      0.00000000	     -0.00000000
      0.62700000	   2451.56480343	      0.00000000	     -0.00000000	    -19.06066593	     -0.00000000	   -455.61270272	     -0.00000000	      0.00000000	     -0.00000000
      0.62800000	   4461.20453287	     -0.00000000	     -0.00000000	     -0.00000000	     -1.68846617	   -658.70777233	     -0.00000000	     -0.00000000	      0.00000000
      0.62900000	   3999.33701857	      0.00000000	     -0.00000000	     -0.00000000	     -1.28132516	  -1004.37487987	      0.00000000	     -0.00000000	      0.00000000
      0.63000000	   4576.31151621	     -0.00000000	      0.00000000	    -27.69591942	     -0.00000000	   -548.10909625	      0.00000000	      0.00000000	     -0.00000000
      0.63100000	   2451.75987462	     -0.00000000	     -0.00000000	     -0.00000000	     -3.64234588	   -573.50468610	     -0.00000000	      0.00000000	     -0.00000000
      0.63200000	   4854.78729881	      0.00000000	     -0.00000000	     -2.04165438	     -0.00000000	  -1202.74667624	      0.00000000	     -0.00000000	      0.00000000
      0.63300000	   2347.03312479	     -0.00000000	     -0.00000000	     -0.00000000	     -1.59329268	   -429.84885887	     -0.00000000	     -0.00000000	     -0.00000000
      0.63400000	   3733.31770554	     -0.00000000	      0.00000000	     -1.10867263	     -0.00000000	   -778.05862333	      0.00000000	     -0.00000000	      0.00000000
      0.63500000	   3198.20841526	      0.00000000	     -0.00000000	     -9.82285942	     -0.00000000	   -661.44521895	     -0.00000000	      0.00000000	     -0.00000000
      0.63600000	   4476.56207100	     -0.00000000	      0.00000000	     -6.03360957	     -0.00000000	   -985.93229553	      0.00000000	      0.00000000	     -0.00000000
      0.63700000	   2404.23326600	      0.00000000	      0.00000000	     -5.15113944	     -0.36072514	   -434.46202271	      0.00000000	      0.00000000	      0.00000000
      0.63800000	   1968.40033711	      0.00000000	      0.00000000	     -0.00000000	     -5.24492280	   -601.72062767	     -0.00000000	      0.00000000	      0.00000000
      0.63900000	   5384.09253130	     -0.00000000	      0.00000000	    -22.92881714	     -0.00000000	   -898.87939638	     -0.00000000	      0.00000000	      0.00000000
      0.64000000	   3245.16774111	      0.00000000	     -0.00000000	     -0.00000000	     -1.82072984	   -531.45506406	     -0.00000000	     -0.00000000	      0.00000000
      0.64100000	   3367.78440851	      0.00000000	     -0.00000000	     -3.93406997	     -0.00000000	   -849.14370671	      0.00000000	      0.00000000	      0.00000000
      0.64200000	   4551.25420777	     -0.00000000	      0.00000000	     -0.00000000	     -1.47149163	   -657.00291021	      0.00000000	      0.00000000	      0.00000000
      0.64300000	   2896.10687197	     -0.00000000	     -0.00000000	     -0.00000000	     -6.82397272	   -676.40697205	     -0.00000000	      0.00000000	     -0.00000000
      0.64400000	   3659.16025477	      0.00000000	      0.00000000	    -11.54424918	     -0.00000000	   -646.87442293	      0.00000000	     -0.00000000	     -0.00000000
      0.64500000	   3925.44806938	     -0.00000000	     -0.00000000	     -0.00000000	     -1.68473340	   -919.94646781	      0.00000000	      0.00000000	     -0.00000000
      0.64600000	   3928.84548941	     -0.00000000	     -0.00000000	     -0.00000000	     -7.97818582	  -1070.28446475	      0.00000000	     -0.00000000	      0.00000000
      0.64700000	   3019.95880793	      0.00000000	     -0.00000000	     -1.30894071	     -0.00000000	   -813.48616515	     -0.00000000	     -0.00000000	      0.00000000
      0.64800000	   3172.21360026	      0.00000000	     -0.00000000	      0.00000000	     -4.09884858	  -1105.46100290	      0.00000000	      0.00000000	     -0.00000000
      0.64900000	   1773.36366629	      0.00000000	     -0.00000000	    -10.40445478	     -0.00000000	   -828.48499163	     -0.00000000	      0.00000000	      0.00000000
      0.65000000	   2353.03134145	      0.00000000	      0.00000000	     -0.00000000	     -1.69430798	   -648.11330937	      0.00000000	     -0.00000000	      0.00000000
      0.65100000	   2157.06401149	      0.00000000	     -0.00000000	     -0.00000000	     -7.49240872	   -788.55525680	     -0.00000000	     -0.00000000	     -0.00000000
      0.65200000	   1170.77541420	     -0.00000000	      0.00000000	     -3.85019096	     -0.00000000	   -617.70652881	      0.00000000	      0.00000000	      0.00000000
      0.65300000	   5532.79463201	     -0.00000000	     -0.00000000	     -0.00000000	     -4.35900645	   -973.28901538	     -0.00000000	     -0.00000000	     -0.00000000
      0.65400000	   3309.74611732	     -0.00000000	     -0.00000000	     -3.21774293	     -0.00000000	   -806.39486553	      0.00000000	     -0.00000000	      0.00000000
      0.65500000	   4113.82925393	      0.00000000	     -0.00000000	     -6.41712463	     -0.00000000	   -587.92813153	     -0.00000000	      0.00000000	     -0.00000000
      0.65600000	   5212.75402887	      0.00000000	     -0.00000000	     -0.00000000	     -2.77202178	   -914.15761550	     -0.00000000	     -0.00000000	     -0.00000000
      0.65700000	   3931.10864257	     -0.00000000	     -0.00000000	     -5.24900107	     -0.00000000	   -918.20593698	     -0.00000000	     -0.00000000	      0.00000000
      0.65800000	   5294.11023067	      0.00000000	      0.00000000	    -13.54383346	     -0.00000000	   -599.53442617	     -0.00000000	     -0.00000000	      0.00000000
      0.65900000	   3445.56465769	      0.00000000	     -0.00000000	     -0.00000000	     -3.24032227	   -847.23350132	      0.00000000	     -0.00000000	      0.00000000
      0.66000000	   3419.09322355	      0.00000000	     -0.00000000	     -0.00000000	     -3.60543830	  -1128.07706693	      0.00000000	      0.00000000	     -0.00000000
      0.66100000	   1602.31963199	     -0.00000000	     -0.00000000	     -0.00000000	     -4.81613775	   -643.50564353	     -0.00000000	      0.00000000	      0.00000000
      0.66200000	   2932.65067438	      0.00000000	      0.00000000	     -2.80053380	     -0.00000000	   -776.23772585	      0.00000000	      0.00000000	     -0.00000000
      0.66300000	   3890.26420802	      0.00000000	     -0.00000000	     -5.39219022	     -0.00000000	   -595.75285600	     -0.00000000	     -0.00000000	      0.00000000
      0.66400000	   4714.80995976	     -0.00000000	     -0.00000000	     -2.87226460	     -4.05365349	   -997.19982766	      0.00000000	     -0.00000000	     -0.00000000
      0.66500000	   2686.75413636	     -0.00000000	     -0.00000000	     -9.84953050	     -0.00000000	   -564.17867922	     -0.00000000	      0.00000000	      0.00000000
      0.66600000	   1642.78291936	      0.00000000	     -0.00000000	     -0.00000000	     -3.01906351	   -685.02468507	     -0.00000000	      0.00000000	      0.00000000
      0.66700000	   2503.53464972	      0.00000000	      0.00000000	    -17.57877208	     -0.00000000	   -659.00202834	      0.00000000	      0.00000000	     -0.00000000
      0.66800000	   3408.30412359	      0.00000000	     -0.00000000	     -0.00000000	     -0.61259959	   -510.43674805	     -0.00000000	     -0.00000000	      0.00000000
      0.66900000	   4568.00638861	      0.00000000	      0.00000000	     -0.00000000	     -1.27730347	   -798.48496694	      0.00000000	      0.00000000	      0.00000000
      0.67000000	   3840.57544538	      0.00000000	     -0.00000000	     -0.00000000	     -2.79731264	   -803.54090946	     -0.00000000	      0.00000000	     -0.00000000
      0.67100000	   4682.91810784	     -0.00000000	      0.00000000	     -0.00000000	     -0.00000000	   -856.02824511	      0.00000000	      0.00000000	      0.00000000
      0.67200000	   3070.09027216	     -0.00000000	     -0.00000000	     -0.00000000	     -2.92065837	   -847.03891423	      0.00000000	     -0.00000000	     -0.00000000
      0.67300000	   1337.51474195	     -0.00000000	     -0.00000000	     -8.32437346	     -0.00000000	   -526.39220229	     -0.00000000	     -0.00000000	      0.00000000
      0.67400000	   3168.52241667	      0.00000000	     -0.00000000	     -0.00000000	     -0.00000000	   -428.61778181	     -0.00000000	     -0.00000000	      0.00000000
      0.67500000	   3446.86137518	      0.00000000	     -0.00000000	     -0.00000000	     -1.47638061	   -793.30465238	     -0.00000000	     -0.00000000	      0.00000000
      0.67600000	   3529.40687873	     -0.00000000	     -0.00000000	     -7.70593196	     -0.07309612	   -533.01210423	     -0.00000000	      0.00000000	     -0.00000000
      0.67700000	   1427.28526547	      0.00000000	      0.00000000	     -0.00000000	     -2.68432700	   -476.23230675	      0.00000000	      0.00000000	      0.00000000
      0.67800000	   3573.12803281	      0.00000000	      0.00000000	     -0.00000000	     -1.25680785	  -1127.96374195	      0.00000000	      0.00000000	      0.00000000
      0.67900000	   2525.90819070	      0.00000000	     -0.00000000	     -0.00000000	     -1.77956237	   -792.89469471	     -0.00000000	     -0.00000000	      0.00000000
      0.68000000	   4853.98509832	     -0.00000000	      0.00000000	    -17.81436945	     -0.00000000	   -865.49039962	      0.00000000	      0.00000000	     -0.00000000
      0.68100000	   1928.94985696	     -0.00000000	     -0.00000000	     -7.50814302	     -0.36709668	   -592.06374148	     -0.00000000	      0.00000000	      0.00000000
      0.68200000	   2223.22347158	     -0.00000000	     -0.00000000	     -0.00000000	     -0.92204831	   -476.23484083	     -0.00000000	     -0.00000000	     -0.00000000
      0.68300000	   4314.00109665	      0.00000000	      0.00000000	     -8.80135183	     -0.00000000	   -734.41283562	      0.00000000	      0.00000000	      0.00000000
      0.68400000	   3674.24090918	      0.00000000	     -0.00000000	     -0.00000000	     -1.57212330	   -536.42136093	     -0.00000000	     -0.00000000	      0.00000000
      0.68500000	   2798.12034431	      0.00000000	     -0.00000000	     -2.67391227	     -0.00000000	   -643.07939547	     -0.00000000	     -0.00000000	      0.00000000
      0.68600000	   3410.44743874	     -0.00000000	      0.00000000	     -5.55779903	     -0.00000000	   -490.04327384	      0.00000000	     -0.00000000	     -0.00000000
      0.68700000	   3879.57697670	     -0.00000000	      0.00000000	      0.00000000	    -11.91972760	   -836.42915843	     -0.00000000	     -0.00000000	      0.00000000
      0.68800000	   3862.90259509	      0.00000000	     -0.00000000	     -3.05947422	     -0.00000000	  -1035.96910579	     -0.00000000	     -0.00000000	      0.00000000
      0.68900000	   4316.37381022	     -0.00000000	     -0.00000000	    -10.30369892	     -0.00000000	  -1004.58146538	     -0.00000000	     -0.00000000	      0.00000000
      0.69000000	   3206.05774789	     -0.00000000	      0.00000000	     -0.00000000	     -6.13379985	  -1016.82908255	      0.00000000	      0.00000000	      0.00000000
      0.69100000	   4641.34288841	      0.00000000	     -0.00000000	      0.30861087	     -0.00000000	  -1323.77660121	     -0.00000000	     -0.00000000	      0.00000000
      0.69200000	   3940.42771424	     -0.00000000	      0.00000000	    -16.82532066	     -0.00000000	   -864.97343258	      0.00000000	     -0.00000000	      0.00000000
      0.69300000	   2009.99151739	     -0.00000000	      0.00000000	    -11.40869910	     -0.00000000	   -694.59355780	     -0.00000000	      0.00000000	      0.00000000
      0.69400000	   2421.24241773	      0.00000000	      0.00000000	     -0.00000000	     -1.14722084	   -525.70438642	     -0.00000000	      0.00000000	      0.00000000
      0.69500000	   4040.19566488	     -0.00000000	     -0.00000000	     -0.00000000	     -3.15002153	  -1168.26153014	      0.00000000	      0.00000000	     -0.00000000
      0.69600000	   4210.72019398	     -0.00000000	      0.00000000	    -17.69164391	     -0.00000000	   -655.62678409	      0.00000000	      0.00000000	      0.00000000
      0.69700000	   2269.30432470	      0.00000000	      0.00000000	     -0.00000000	     -5.22979520	   -642.37290960	      0.00000000	      0.00000000	      0.00000000
      0.69800000	   5461.79402252	      0.00000000	     -0.00000000	     -1.24299176	     -0.00000000	  -1140.58913637	     -0.00000000	      0.00000000	     -0.00000000
      0.69900000	   3522.26123623	     -0.00000000	      0.00000000	     -8.95442030	     -1.17270255	   -823.63062531	      0.00000000	      0.00000000	     -0.00000000
      0.70000000	   2121.02981717	      0.00000000	      0.00000000	     -0.00000000	     -1.62338943	   -742.86190861	      0.00000000	     -0.00000000	      0.00000000
      0.70100000	   4249.29867088	      0.00000000	      0.00000000	     -0.00000000	     -2.58218595	   -921.34328930	      0.00000000	      0.00000000	     -0.00000000
      0.70200000	   2492.78959603	     -0.00000000	      0.00000000	    -10.94926344	     -0.00000000	   -883.77993901	      0.00000000	     -0.00000000	      0.00000000
      0.70300000	   3491.01161343	      0.00000000	      0.00000000	     -0.00000000	     -0.00000000	   -611.72497361	      0.00000000	      0.00000000	     -0.00000000
      0.70400000	   4628.63420725	      0.00000000	     -0.00000000	     -0.00000000	     -5.87802491	   -947.18831655	     -0.00000000	      0.00000000	      0.00000000
      0.70500000	   1897.19193138	     -0.00000000	     -0.00000000	     -6.37930777	     -0.00000000	   -651.56802659	     -0.00000000	     -0.00000000	     -0.00000000
      0.70600000	   2948.73912491	     -0.00000000	     -0.00000000	     -9.62653174	     -0.00000000	   -679.99575301	     -0.00000000	     -0.00000000	      0.00000000
      0.70700000	   3805.86411220	     -0.00000000	      0.00000000	     -0.00000000	     -2.69935099	   -645.71480246	      0.00000000	      0.00000000	     -0.00000000
      0.70800000	   5495.64649234	      0.00000000	      0.00000000	     -1.81583312	     -5.34550290	   -875.38538480	      0.00000000	     -0.00000000	     -0.00000000
      0.70900000	   1332.17345816	      0.00000000	     -0.00000000	     -0.04355731	     -0.00000000	   -540.26046429	     -0.00000000	      0.00000000	      0.00000000
      0.71000000	   5116.71547076	      0.00000000	      0.00000000	     -0.00000000	     -2.16597942	  -1167.85338210	     -0.00000000	     -0.00000000	      0.00000000
      0.71100000	   2363.31783961	      0.00000000	     -0.00000000	     -1.73846119	     -0.00000000	  -1182.40796979	      0.00000000	     -0.00000000	     -0.00000000
      0.71200000	   3166.49097702	     -0.00000000	     -0.00000000	    -12.42477793	     -0.00000000	   -698.54003580	      0.00000000	     -0.00000000	     -0.00000000
      0.71300000	   3830.62911954	     -0.00000000	      0.00000000	     -0.00000000	     -1.33053747	   -589.65531821	      0.00000000	     -0.00000000	      0.00000000
      0.71400000	   1803.93217107	      0.00000000	     -0.00000000	    -18.38716773	     -0.00000000	   -510.63791283	     -0.00000000	     -0.00000000	      0.00000000
      0.71500000	   2279.68556850	      0.00000000	     -0.00000000	     -0.00000000	     -3.37566924	   -671.67169206	      0.00000000	     -0.00000000	      0.00000000
      0.71600000	   1012.99276504	      0.00000000	      0.00000000	     -0.00000000	     -6.81994786	   -704.23872747	      0.00000000	     -0.00000000	      0.00000000
      0.71700000	   3003.23804465	     -0.00000000	     -0.00000000	    -11.57356081	     -0.00000000	   -629.38338099	     -0.00000000	     -0.00000000	     -0.00000000
      0.71800000	   4316.51853862	     -0.00000000	     -0.00000000	     -0.00000000	     -0.00000000	   -700.30035681	     -0.00000000	     -0.00000000	     -0.00000000
      0.71900000	   3894.30530225	     -0.00000000	      0.00000000	    -11.40372577	     -3.40676303	  -1068.96442728	      0.00000000	      0.00000000	     -0.00000000
      0.72000000	   2423.41173784	      0.00000000	      0.00000000	     -0.00000000	     -0.65881055	   -618.49957121	     -0.00000000	      0.00000000	     -0.00000000
      0.72100000	   3073.54648111	      0.00000000	     -0.00000000	     -4.35726695	     -0.00000000	   -656.19944157	      0.00000000	      0.00000000	     -0.00000000
      0.72200000	   1803.70148830	      0.00000000	     -0.00000000	     -0.00000000	     -2.98223040	   -628.97711543	      0.00000000	     -0.00000000	     -0.00000000
      0.72300000	   5307.95955104	     -0.00000000	     -0.00000000	     -0.00000000	     -1.73855755	  -1063.07380702	      0.00000000	     -0.00000000	      0.00000000
      0.72400000	   4493.00065941	      0.00000000	     -0.00000000	     -7.57237952	     -0.00000000	  -1003.47641329	     -0.00000000	      0.00000000	      0.00000000
      0.72500000	   4725.93676440	      0.00000000	      0.00000000	     -0.00000000	     -0.00000000	   -812.42823477	      0.00000000	     -0.00000000	     -0.00000000
      0.72600000	   6019.35118358	     -0.00000000	     -0.00000000	     -0.00000000	     -2.11747376	   -868.44687908	     -0.00000000	      0.00000000	      0.00000000
      0.72700000	   3167.04301806	      0.00000000	      0.00000000	     -3.42037226	     -2.13676932	   -671.22020755	      0.00000000	     -0.00000000	      0.00000000
      0.72800000	    903.99693920	     -0.00000000	      0.00000000	     -0.00000000	     -4.88268801	   -556.98963454	      0.00000000	     -0.00000000	     -0.00000000
      0.72900000	   2530.98156847	      0.00000000	     -0.00000000	      0.37266280	     -0.00000000	  -1030.82892368	     -0.00000000	      0.00000000	     -0.00000000
      0.73000000	   2496.00166347	     -0.00000000	     -0.00000000	     -8.18523560	     -0.00000000	   -576.91145905	     -0.00000000	     -0.00000000	      0.00000000
      0.73100000	   2803.75202926	     -0.00000000	      0.00000000	     -0.00000000	     -1.79840536	   -830.90470516	      0.00000000	     -0.00000000	      0.00000000
      0.73200000	   4885.37097121	     -0.00000000	     -0.00000000	     -2.83325115	     -0.00000000	  -1072.81735526	      0.00000000	      0.00000000	     -0.00000000
      0.73300000	   3067.93291765	      0.00000000	      0.00000000	    -22.78826223	     -0.00000000	   -526.43389758	      0.00000000	      0.00000000	      0.00000000
      0.73400000	   3194.10843577	     -0.00000000	      0.00000000	     -0.00000000	     -1.88087884	   -602.68740899	      0.00000000	     -0.00000000	     -0.00000000
      0.73500000	   2837.25270864	      0.00000000	     -0.00000000	     -0.00000000	     -3.90398191	  -1064.44595308	      0.00000000	     -0.00000000	     -0.00000000
      0.73600000	   3302.37195320	     -0.00000000	      0.00000000	     -6.25235214	     -0.00000000	   -937.93573560	      0.00000000	     -0.00000000	     -0.00000000
      0.73700000	   2537.56707852	      0.00000000	      0.00000000	     -0.00000000	     -8.25049426	  -1037.24959079	      0.00000000	     -0.00000000	      0.00000000
      0.73800000	   1308.57902421	      0.00000000	      0.00000000	     -1.25544046	     -0.00000000	   -742.06180129	     -0.00000000	     -0.00000000	     -0.00000000
      0.73900000	   1744.24029159	     -0.00000000	     -0.00000000	     -8.48896843	     -0.00000000	   -552.30955964	     -0.00000000	     -0.00000000	      0.00000000
      0.74000000	   3082.81130835	     -0.00000000	     -0.00000000	     -0.00000000	     -0.79731688	   -589.61052593	     -0.00000000	     -0.00000000	      0.00000000
      0.74100000	   2542.59854782	     -0.00000000	      0.00000000	     -0.00000000	     -1.03231104	   -478.40300411	      0.00000000	      0.00000000	     -0.00000000
      0.74200000	   5285.26281788	     -0.00000000	     -0.00000000	     -0.00000000	     -9.80121584	   -948.95058471	     -0.00000000	     -0.00000000	      0.00000000
      0.74300000	   4080.87815691	      0.00000000	     -0.00000000	      3.79188384	     -0.00000000	  -1182.10454812	     -0.00000000	     -0.00000000	     -0.00000000
      0.74400000	   4324.45940919	     -0.00000000	     -0.00000000	     -0.72768845	     -0.00000000	   -759.31393248	     -0.00000000	     -0.00000000	     -0.00000000
      0.74500000	   5387.75908693	     -0.00000000	     -0.00000000	     -0.00000000	    -10.85293906	  -1087.35682682	      0.00000000	     -0.00000000	      0.00000000
      0.74600000	   3387.87496708	      0.00000000	      0.00000000	     -5.44486972	     -0.00000000	  -1018.06577143	      0.00000000	     -0.00000000	      0.00000000
      0.74700000	   3958.64512235	     -0.00000000	      0.00000000	     -8.31530710	     -0.00000000	  -1105.04761582	      0.00000000	     -0.00000000	     -0.00000000
      0.74800000	   2268.57052022	      0.00000000	      0.00000000	     -0.00000000	     -1.52867994	   -503.28817376	      0.00000000	      0.00000000	     -0.00000000
      0.74900000	   3051.31946415	     -0.00000000	      0.00000000	     -0.02679974	     -0.00000000	  -1000.15956061	      0.00000000	      0.00000000	     -0.00000000
      0.75000000	   3810.14713234	      0.00000000	      0.00000000	    -27.95101608	     -0.00000000	   -641.94866820	     -0.00000000	      0.00000000	      0.00000000
      0.75100000	   3772.48320634	     -0.00000000	     -0.00000000	     -0.00000000	     -0.80222448	   -635.46771347	     -0.00000000	     -0.00000000	     -0.00000000
      0.75200000	   4674.67198346	      0.00000000	      0.00000000	     -0.00000000	     -5.28220563	  -1151.10985751	      0.00000000	      0.00000000	     -0.00000000
      0.75300000	   6395.66777275	     -0.00000000	     -0.00000000	      0.11599192	     -2.54918520	  -1075.05770283	     -0.00000000	      0.00000000	     -0.00000000
      0.75400000	   2829.75408934	      0.00000000	     -0.00000000	    -27.84328785	     -0.00000000	   -705.63682957	     -0.00000000	      0.00000000	     -0.00000000
      0.75500000	   2107.03689131	      0.00000000	     -0.00000000	     -0.00000000	     -2.95247708	   -570.20567504	     -0.00000000	      0.00000000	      0.00000000
      0.75600000	   2119.97180530	     -0.00000000	     -0.00000000	     -0.00000000	     -0.00000000	   -729.74177505	     -0.00000000	     -0.00000000	      0.00000000
      0.75700000	   4603.25919759	      0.00000000	      0.00000000	     -6.80033000	     -0.00000000	   -829.11995157	      0.00000000	      0.00000000	     -0.00000000
      0.75800000	   1546.41181426	      0.00000000	     -0.00000000	     -1.95334518	     -1.29999256	   -609.94837114	      0.00000000	     -0.00000000	      0.00000000
      0.75900000	   2149.25693539	      0.00000000	      0.00000000	     -5.90592777	     -0.00000000	   -413.66197704	      0.00000000	      0.00000000	      0.00000000
      0.76000000	   2037.97998106	      0.00000000	      0.00000000	     -0.00000000	     -2.19961675	   -616.89673264	     -0.00000000	     -0.00000000	     -0.00000000
      0.76100000	   3853.40962916	      0.00000000	     -0.00000000	     -0.00000000	     -0.00000000	  -1207.52954315	     -0.00000000	      0.00000000	      0.00000000
      0.76200000	   4467.60912190	      0.00000000	      0.00000000	    -15.38207680	     -0.00000000	   -776.46526417	      0.00000000	      0.00000000	      0.00000000
      0.76300000	   4052.33315348	     -0.00000000	     -0.00000000	     -0.00000000	     -2.49734510	   -743.23996940	     -0.00000000	     -0.00000000	     -0.00000000
      0.76400000	   2096.58073420	     -0.00000000	      0.00000000	      0.00000000	     -9.83672652	  -1061.10714242	     -0.00000000	      0.00000000	     -0.00000000
      0.76500000	   2518.23268218	      0.00000000	      0.00000000	    -11.44534566	     -0.00000000	  -1048.52471175	     -0.00000000	      0.00000000	     -0.00000000
      0.76600000	   4185.63969728	      0.00000000	      0.00000000	     -3.06020355	     -1.04683266	   -749.46314745	     -0.00000000	      0.00000000	      0.00000000
      0.76700000	   1419.69740029	     -0.00000000	     -0.00000000	      0.00000000	     -6.60874673	   -503.88222520	     -0.00000000	     -0.00000000	      0.00000000
      0.76800000	   5241.41737189	      0.00000000	      0.00000000	      0.00000000	     -0.00000000	  -1052.80109142	      0.00000000	      0.00000000	      0.00000000
      0.76900000	   3253.55136403	     -0.00000000	     -0.00000000	    -10.93970946	     -0.00000000	   -896.47483757	      0.00000000	     -0.00000000	     -0.00000000
      0.77000000	   4078.98389348	      0.00000000	      0.00000000	     -0.00000000	     -0.00000000	   -748.99524328	      0.00000000	     -0.00000000	     -0.00000000
      0.77100000	   2890.71322244	      0.00000000	     -0.00000000	     -0.00000000	    -12.77479437	  -1154.41090777	     -0.00000000	      0.00000000	      0.00000000
      0.77200000	   2355.33228985	      0.00000000	      0.00000000	     -1.36482353	     -0.00000000	   -854.32374826	     -0.00000000	      0.00000000	     -0.00000000
      0.77300000	   3198.14689971	     -0.00000000	     -0.00000000	     -9.30128753	     -0.00000000	   -763.15900294	      0.00000000	     -0.00000000	      0.00000000
      0.77400000	   1859.52643429	      0.00000000	     -0.00000000	     -0.00000000	     -3.32251271	   -737.62595619	     -0.00000000	      0.00000000	     -0.00000000
      0.77500000	   1805.13654114	      0.00000000	     -0.00000000	     -3.22558695	     -0.00000000	   -878.87549695	      0.00000000	     -0.00000000	      0.00000000
      0.77600000	   3297.17340027	     -0.00000000	     -0.00000000	     -0.00000000	     -0.99839355	   -646.06063415	     -0.00000000	      0.00000000	      0.00000000
      0.77700000	   1209.41073561	      0.00000000	      0.00000000	     -0.00000000	    -11.88226461	   -706.72706467	      0.00000000	      0.00000000	     -0.00000000
      0.77800000	   1506.48001967	      0.00000000	      0.00000000	    -22.58878135	     -0.00000000	   -585.81324526	     -0.00000000	      0.00000000	     -0.00000000
      0.77900000	   3888.66587622	     -0.00000000	      0.00000000	     -0.00000000	     -2.72504916	   -772.52090260	      0.00000000	      0.00000000	     -0.00000000
      0.78000000	   3759.07160664	      0.00000000	      0.00000000	     -0.00000000	     -3.66274070	  -1013.08726752	      0.00000000	      0.00000000	     -0.00000000
      0.78100000	   2511.25772215	     -0.00000000	      0.00000000	    -14.12969724	     -0.00000000	   -771.95340173	     -0.00000000	     -0.00000000	      0.00000000
      0.78200000	   1692.22550840	      0.00000000	      0.00000000	     -0.00000000	    -12.55670981	   -835.70096360	      0.00000000	     -0.00000000	      0.00000000
      0.78300000	   2214.00302243	      0.00000000	      0.00000000	      1.15614461	     -0.00000000	   -798.02558543	     -0.00000000	     -0.00000000	     -0.00000000
      0.78400000	   3913.64020025	     -0.00000000	     -0.00000000	     -3.85621973	     -0.18144028	   -899.56357708	      0.00000000	     -0.00000000	      0.00000000
      0.78500000	   3673.95836772	     -0.00000000	     -0.00000000	     -0.00000000	     -2.31542942	   -940.02512439	     -0.00000000	     -0.00000000	      0.00000000
      0.78600000	   5265.97397860	      0.00000000	     -0.00000000	    -16.11614637	     -0.00000000	   -768.84688751	     -0.00000000	     -0.00000000	     -0.00000000
      0.78700000	   1491.34586186	      0.00000000	     -0.00000000	     -6.24856542	     -0.00000000	   -472.41663676	      0.00000000	     -0.00000000	      0.00000000
      0.78800000	   4252.66675012	      0.00000000	     -0.00000000	     -0.00000000	     -0.00000000	   -707.67260876	     -0.00000000	      0.00000000	     -0.00000000
      0.78900000	   2180.19020954	      0.00000000	      0.00000000	     -0.00000000	     -3.18280928	   -599.65450380	      0.00000000	      0.00000000	      0.00000000
      0.79000000	   4897.97547490	      0.00000000	      0.00000000	      0.00000000	     -1.59518029	  -1191.03978966	      0.00000000	     -0.00000000	     -0.00000000
      0.79100000	   2661.09406388	      0.00000000	      0.00000000	     -2.92967733	     -0.00000000	  -1209.62101653	      0.00000000	     -0.00000000	     -0.00000000
      0.79200000	   5147.13680521	     -0.00000000	      0.00000000	     -4.01870596	     -0.00000000	   -971.45492978	      0.00000000	      0.00000000	      0.00000000
      0.79300000	   4405.58220007	      0.00000000	      0.00000000	     -0.00000000	     -3.05439228	   -711.97213728	      0.00000000	      0.00000000	     -0.00000000
      0.79400000	   1781.53270225	     -0.00000000	      0.00000000	     -2.02681177	     -0.00000000	   -498.91058130	     -0.00000000	     -0.00000000	      0.00000000
      0.79500000	   3835.82512218	     -0.00000000	     -0.00000000	    -12.68866226	     -0.00000000	   -722.16506006	      0.00000000	     -0.00000000	     -0.00000000
      0.79600000	   2287.29054208	     -0.00000000	     -0.00000000	     -0.00000000	     -2.73397185	   -810.18360301	     -0.00000000	     -0.00000000	      0.00000000
      0.79700000	   2449.17071999	      0.00000000	     -0.00000000	     -0.00000000	     -4.14697619	   -952.43372991	      0.00000000	      0.00000000	      0.00000000
      0.79800000	   1964.41919734	      0.00000000	     -0.00000000	      0.00000000	     -0.00000000	  -1141.40467257	      0.00000000	     -0.00000000	     -0.00000000
      0.79900000	   4592.49506261	     -0.00000000	     -0.00000000	    -10.35981759	     -0.00000000	   -957.02613233	     -0.00000000	      0.00000000	     -0.00000000
      0.80000000	   2048.45568881	     -0.00000000	      0.00000000	     -7.70425699	     -0.26030854	   -715.87559507	      0.00000000	     -0.00000000	      0.00000000
      0.80100000	   1849.17100776	     -0.00000000	     -0.00000000	     -0.00000000	     -1.08853840	   -578.92671435	     -0.00000000	     -0.00000000	      0.00000000
      0.80200000	   1413.84414178	      0.00000000	      0.00000000	     -0.00000000	     -2.43932526	   -594.87122236	     -0.00000000	      0.00000000	     -0.00000000
      0.80300000	   5551.66271214	     -0.00000000	      0.00000000	     -4.12918311	     -0.00000000	  -1003.23682434	      0.00000000	      0.00000000	     -0.00000000
      0.80400000	   3766.10016638	     -0.00000000	      0.00000000	     -8.90152935	     -0.71662068	   -874.99960681	     -0.00000000	      0.00000000	     -0.00000000
      0.80500000	   4285.22092952	     -0.00000000	     -0.00000000	     -0.00000000	    -12.26180557	  -1098.78493459	     -0.00000000	     -0.00000000	      0.00000000
      0.80600000	   3239.24845455	      0.00000000	      0.00000000	      5.90859664	     -0.00000000	  -1223.54235096	      0.00000000	     -0.00000000	     -0.00000000
      0.80700000	   1644.46658428	     -0.00000000	      0.00000000	     -5.03490475	     -0.00000000	   -482.72402334	     -0.00000000	      0.00000000	     -0.00000000
      0.80800000	   2993.43945374	      0.00000000	     -0.00000000	     -0.00000000	     -0.00000000	   -823.53686831	      0.00000000	     -0.00000000	     -0.00000000
      0.80900000	   3475.40575565	      0.00000000	     -0.00000000	    -27.28396394	     -0.00000000	   -954.13441992	     -0.00000000	     -0.00000000	      0.00000000
      0.81000000	   2847.77893998	      0.00000000	      0.00000000	     -0.00000000	     -2.46978568	   -664.38609140	      0.00000000	     -0.00000000	     -0.00000000
      0.81100000	   1788.89397036	     -0.00000000	      0.00000000	     -0.00000000	     -2.57653062	   -785.93378931	     -0.00000000	     -0.00000000	      0.00000000
      0.81200000	   4282.43001565	     -0.00000000	     -0.00000000	      0.00000000	     -4.76230719	  -1332.71413458	      0.00000000	     -0.00000000	     -0.00000000
      0.81300000	   1677.02103889	      0.00000000	      0.00000000	      0.39922440	     -2.31673889	   -985.63248091	      0.00000000	     -0.00000000	      0.00000000
      0.81400000	   1746.77229661	      0.00000000	     -0.00000000	     -9.65461592	     -0.00000000	   -707.92954403	     -0.00000000	     -0.00000000	      0.00000000
      0.81500000	   2658.93656081	     -0.00000000	     -0.00000000	     -0.00000000	     -0.00000000	   -488.85527700	     -0.00000000	      0.00000000	     -0.00000000
      0.81600000	   5039.86922713	     -0.00000000	      0.00000000	     -2.11241941	     -0.00000000	   -740.02755669	      0.00000000	      0.00000000	     -0.00000000
      0.81700000	   3693.75810102	     -0.00000000	      0.00000000	     -0.00000000	     -3.08528696	   -869.83212483	     -0.00000000	     -0.00000000	     -0.00000000
      0.81800000	   2966.21880757	     -0.00000000	      0.00000000	     -0.00000000	     -5.76506281	  -1013.99332584	      0.00000000	      0.00000000	     -0.00000000
      0.81900000	   3496.38070194	      0.00000000	     -0.00000000	     -3.93507412	     -0.00000000	   -948.15447542	     -0.00000000	     -0.00000000	     -0.00000000
      0.82000000	   2388.95681968	     -0.00000000	     -0.00000000	     -5.25702888	     -0.00000000	   -601.69330809	     -0.00000000	     -0.00000000	      0.00000000
      0.82100000	   3094.63612201	     -0.00000000	      0.00000000	     -3.32746385	     -0.00000000	   -763.89325235	      0.00000000	     -0.00000000	     -0.00000000
      0.82200000	   3152.77966795	      0.00000000	     -0.00000000	     -0.00000000	     -2.95374082	   -762.06326627	     -0.00000000	      0.00000000	     -0.00000000
      0.82300000	   4538.52784369	     -0.00000000	     -0.00000000	    -11.45015996	     -0.00000000	   -888.93793350	      0.00000000	      0.00000000	     -0.00000000
      0.82400000	   3732.92901920	     -0.00000000	      0.00000000	     -0.00000000	     -6.97571871	  -1019.94363667	      0.00000000	      0.00000000	      0.00000000
      0.82500000	   1268.56983895	     -0.00000000	      0.00000000	     -0.00000000	     -6.75479659	   -972.97716594	     -0.00000000	      0.00000000	      0.00000000
      0.82600000	   1120.61558476	      0.00000000	      0.00000000	     -4.65058520	     -0.00000000	   -540.03911115	      0.00000000	     -0.00000000	      0.00000000
      0.82700000	   3457.71986476	      0.00000000	      0.00000000	     -0.00000000	     -1.21347881	   -722.32796197	      0.00000000	      0.00000000	      0.00000000
      0.82800000	   1692.97935885	      0.00000000	      0.00000000	     -0.00000000	     -1.26012647	   -531.03341617	      0.00000000	      0.00000000	     -0.00000000
      0.82900000	   3671.53137956	     -0.00000000	      0.00000000	    -14.90595477	     -0.00000000	  -1026.05447117	     -0.00000000	      0.00000000	      0.00000000
      0.83000000	   2113.08093326	      0.00000000	      0.00000000	     -5.81917653	     -0.00000000	   -450.32914486	      0.00000000	     -0.00000000	      0.00000000
      0.83100000	   4638.35568578	     -0.00000000	     -0.00000000	     -0.00000000	     -2.89264927	   -728.06823164	     -0.00000000	      0.00000000	     -0.00000000
      0.83200000	   3586.89298700	      0.00000000	     -0.00000000	      0.00000000	     -5.11428040	  -1248.89608223	     -0.00000000	     -0.00000000	      0.00000000
      0.83300000	   3134.03614601	     -0.00000000	     -0.00000000	    -20.14598756	     -0.00000000	   -856.03660344	     -0.00000000	     -0.00000000	      0.00000000
      0.83400000	   2592.87612720	     -0.00000000	     -0.00000000	     -0.00000000	     -3.27323348	   -750.38812211	     -0.00000000	     -0.00000000	      0.00000000
      0.83500000	   1592.43756590	     -0.00000000	     -0.00000000	     -0.00000000	     -2.43229487	   -714.09691365	     -0.00000000	     -0.00000000	     -0.00000000
      0.83600000	   2123.49933823	     -0.00000000	     -0.00000000	     -0.00000000	     -2.37044064	   -963.31763917	      0.00000000	     -0.00000000	     -0.00000000
      0.83700000	   2639.40708010	     -0.00000000	     -0.00000000	     -1.32289237	     -1.96292159	   -811.64234157	     -0.00000000	     -0.00000000	      0.00000000
      0.83800000	   1113.61338321	      0.00000000	      0.00000000	     -0.12597793	     -0.00000000	   -830.42677376	      0.00000000	     -0.00000000	     -0.00000000
      0.83900000	   3078.78203190	     -0.00000000	     -0.00000000	    -14.70182034	     -0.00000000	   -828.27189431	     -0.00000000	      0.00000000	     -0.00000000
      0.84000000	   3654.01270588	      0.00000000	     -0.00000000	     -0.00000000	     -4.60194313	   -903.71425003	     -0.00000000	      0.00000000	      0.00000000
      0.84100000	   2213.18457393	      0.00000000	     -0.00000000	     -0.00000000	     -5.55340768	  -1165.24411237	     -0.00000000	      0.00000000	     -0.00000000
      0.84200000	   2367.21495876	     -0.00000000	      0.00000000	     -6.86232160	     -0.00000000	   -699.16783335	      0.00000000	     -0.00000000	     -0.00000000
      0.84300000	   5176.74384753	      0.00000000	      0.00000000	     -0.00000000	     -5.53411249	  -1022.90010421	     -0.00000000	      0.00000000	      0.00000000
      0.84400000	   1843.13949113	     -0.00000000	     -0.00000000	    -19.52105479	     -0.00000000	   -802.90562200	      0.00000000	      0.00000000	     -0.00000000
      0.84500000	   4639.20503300	     -0.00000000	     -0.00000000	     -0.00000000	     -2.43034551	   -682.89931349	     -0.00000000	     -0.00000000	     -0.00000000
      0.84600000	   4571.54389675	     -0.00000000	      0.00000000	      0.00000000	     -9.20609996	  -1429.42075091	     -0.00000000	      0.00000000	     -0.00000000
      0.84700000	   2433.35811381	      0.00000000	      0.00000000	    -27.58078260	     -0.00000000	   -507.96028095	     -0.00000000	     -0.00000000	     -0.00000000
      0.84800000	   2492.60312507	     -0.00000000	      0.00000000	     -0.00000000	     -5.27400776	   -922.20352931	      0.00000000	     -0.00000000	     -0.00000000
      0.84900000	   4335.28825497	      0.00000000	     -0.00000000	     -2.33506434	     -0.00000000	  -1099.13199298	     -0.00000000	     -0.00000000	     -0.00000000
      0.85000000	   4132.58356380	     -0.00000000	     -0.00000000	     -4.05824682	     -0.00000000	  -1045.71160782	     -0.00000000	      0.00000000	     -0.00000000
      0.85100000	   3584.48767573	      0.00000000	     -0.00000000	     -9.69781921	     -0.00000000	   -793.05251840	      0.00000000	      0.00000000	      0.00000000
      0.85200000	   4041.71018801	      0.00000000	      0.00000000	     -0.00000000	     -1.81175253	   -678.24646483	      0.00000000	      0.00000000	      0.00000000
      0.85300000	   4013.24396951	     -0.00000000	      0.00000000	      0.00000000	     -9.54018587	  -1310.56260917	      0.00000000	      0.00000000	      0.00000000
      0.85400000	   4058.11550233	     -0.00000000	     -0.00000000	      2.20677285	     -0.00000000	  -1338.50192099	     -0.00000000	     -0.00000000	      0.00000000
      0.85500000	   1550.51503406	      0.00000000	      0.00000000	     -3.34710711	     -0.00000000	   -530.29550521	      0.00000000	     -0.00000000	     -0.00000000
      0.85600000	   3940.36872947	      0.00000000	      0.00000000	     -0.00000000	     -0.00000000	   -856.00555727	      0.00000000	     -0.00000000	      0.00000000
      0.85700000	   3193.09497919	      0.00000000	     -0.00000000	    -25.27606353	     -0.00000000	   -913.72887133	     -0.00000000	     -0.00000000	     -0.00000000
      0.85800000	   1441.77986160	      0.00000000	      0.00000000	     -0.00000000	     -7.71101206	   -551.06127861	      0.00000000	     -0.00000000	     -0.00000000
      0.85900000	   5061.28707827	      0.00000000	      0.00000000	      0.76535149	     -0.00000000	  -1052.37887905	     -0.00000000	      0.00000000	      0.00000000
      0.86000000	   3254.79780861	      0.00000000	      0.00000000	     -1.03217787	     -1.45389988	   -756.59404518	     -0.00000000	      0.00000000	     -0.00000000
      0.86100000	   2869.56533217	     -0.00000000	     -0.00000000	     -0.00000000	     -3.49302627	   -873.44618967	      0.00000000	     -0.00000000	      0.00000000
      0.86200000	   5137.36783236	      0.00000000	     -0.00000000	     -0.00000000	     -3.73962534	  -1186.44218875	     -0.00000000	     -0.00000000	      0.00000000
      0.86300000	   1069.46567582	      0.00000000	      0.00000000	     -4.40148539	     -0.00000000	   -751.66939279	     -0.00000000	      0.00000000	      0.00000000
      0.86400000	   2433.07326695	      0.00000000	      0.00000000	    -17.99302431	     -0.00000000	   -612.56110501	      0.00000000	     -0.00000000	      0.00000000
      0.86500000	   3010.91654697	      0.00000000	     -0.00000000	     -0.00000000	     -3.28123666	   -760.72048933	     -0.00000000	     -0.00000000	     -0.00000000
      0.86600000	   1600.10897280	     -0.00000000	     -0.00000000	     -1.06855969	     -1.68885033	   -551.17814729	     -0.00000000	     -0.00000000	      0.00000000
      0.86700000	   2914.38638910	      0.00000000	      0.00000000	     -7.06407022	     -0.00000000	   -847.65477971	     -0.00000000	      0.00000000	     -0.00000000
      0.86800000	   1523.60859789	     -0.00000000	      0.00000000	     -0.00000000	     -2.04710729	   -663.17804655	      0.00000000	     -0.00000000	      0.00000000
      0.86900000	   5083.08611345	      0.00000000	      0.00000000	     -0.00000000	     -0.00000000	  -1036.69952869	      0.00000000	      0.00000000	     -0.00000000
      0.87000000	   3838.48823652	     -0.00000000	      0.00000000	    -17.79090739	     -0.00000000	  -1051.27050286	     -0.00000000	      0.00000000	     -0.00000000
      0.87100000	   2102.94800959	     -0.00000000	      0.00000000	     -0.00000000	     -1.82882324	   -721.07098484	     -0.00000000	      0.00000000	     -0.00000000
      0.87200000	   1867.33579991	     -0.00000000	     -0.00000000	     -0.00000000	     -2.24168584	   -800.44012244	      0.00000000	     -0.00000000	     -0.00000000
      0.87300000	   2703.36178823	     -0.00000000	      0.00000000	     -7.56063676	     -0.00000000	   -752.24254589	      0.00000000	      0.00000000	     -0.00000000
      0.87400000	   2428.68348055	      0.00000000	     -0.00000000	     -0.00000000	     -7.67494107	  -1052.56192837	     -0.00000000	      0.00000000	     -0.00000000
      0.87500000	   2066.71633288	      0.00000000	      0.00000000	     -2.60809507	     -0.00000000	   -923.30193717	      0.00000000	     -0.00000000	     -0.00000000
      0.87600000	   3660.85310368	     -0.00000000	      0.00000000	    -11.74220274	     -0.00000000	   -918.57310825	     -0.00000000	      0.00000000	      0.00000000
      0.87700000	   1065.32608891	      0.00000000	     -0.00000000	     -0.00000000	     -4.86662634	   -652.96356190	      0.00000000	     -0.00000000	      0.00000000
      0.87800000	   5265.94032421	     -0.00000000	      0.00000000	     -6.97564962	     -0.00000000	  -1007.73911821	      0.00000000	      0.00000000	      0.00000000
      0.87900000	   1621.52230002	     -0.00000000	     -0.00000000	     -1.03359171	     -1.94927789	   -754.96390755	     -0.00000000	      0.00000000	     -0.00000000
      0.88000000	   1884.18056546	     -0.00000000	     -0.00000000	    -14.02989649	     -0.00000000	   -748.37236153	      0.00000000	     -0.00000000	      0.00000000
      0.88100000	   2229.80351827	      0.00000000	      0.00000000	     -0.00000000	     -0.90947826	   -559.17133301	     -0.00000000	      0.00000000	     -0.00000000
      0.88200000	   4233.11333679	      0.00000000	     -0.00000000	     -0.00000000	     -4.98753365	   -943.04168160	     -0.00000000	     -0.00000000	      0.00000000
      0.88300000	   1952.35851649	     -0.00000000	     -0.00000000	     -3.79433639	     -0.00000000	   -776.94627800	      0.00000000	      0.00000000	     -0.00000000
      0.88400000	   2933.88215494	     -0.00000000	     -0.00000000	    -11.14013768	     -0.00000000	   -931.47107975	     -0.00000000	     -0.00000000	     -0.00000000
      0.88500000	   3109.06978805	      0.00000000	     -0.00000000	     -0.00000000	     -0.00000000	   -634.06170961	      0.00000000	     -0.00000000	     -0.00000000
      0.88600000	   3326.97895308	     -0.00000000	      0.00000000	     -0.00000000	     -0.28765544	   -847.81935248	     -0.00000000	      0.00000000	      0.00000000
      0.88700000	   3121.49922068	      0.00000000	     -0.00000000	     -0.00000000	     -4.33933573	   -678.42253740	     -0.00000000	      0.00000000	      0.00000000
      0.88800000	   3697.51224017	     -0.00000000	      0.00000000	      0.00000000	     -9.78758203	  -1331.27330617	      0.00000000	     -0.00000000	      0.00000000
      0.88900000	   1568.39054597	      0.00000000	     -0.00000000	     -1.27981213	     -0.00000000	   -680.50311409	     -0.00000000	      0.00000000	      0.00000000
      0.89000000	   3335.73198491	     -0.00000000	      0.00000000	    -15.52510531	     -0.00000000	   -762.00408225	      0.00000000	     -0.00000000	     -0.00000000
      0.89100000	   1862.93190183	      0.00000000	     -0.00000000	     -0.00000000	     -2.74464903	   -501.61273548	     -0.00000000	     -0.00000000	     -0.00000000
      0.89200000	   2690.13078400	     -0.00000000	     -0.00000000	     -0.00000000	     -3.51089981	  -1309.90551431	     -0.00000000	     -0.00000000	     -0.00000000
      0.89300000	   2749.65501031	      0.00000000	     -0.00000000	     -9.42882564	     -0.00000000	  -1126.62195308	     -0.00000000	      0.00000000	     -0.00000000
      0.89400000	   3089.79411290	     -0.00000000	      0.00000000	     -0.00000000	     -1.86994989	   -562.13795976	      0.00000000	      0.00000000	      0.00000000
      0.89500000	   4947.12225488	      0.00000000	      0.00000000	      0.00000000	     -8.38719760	  -1258.60231986	      0.00000000	      0.00000000	      0.00000000
      0.89600000	   1372.22693685	     -0.00000000	      0.00000000	    -10.23703304	     -0.00000000	   -467.90696340	     -0.00000000	      0.00000000	      0.00000000
      0.89700000	   3664.06961441	     -0.00000000	      0.00000000	     -0.00000000	     -0.00000000	  -1079.83893168	     -0.00000000	     -0.00000000	     -0.00000000
      0.89800000	   2930.11560418	      0.00000000	     -0.00000000	    -16.32998277	     -0.10217598	   -868.11752222	      0.00000000	     -0.00000000	      0.00000000
      0.89900000	   4327.16763372	     -0.00000000	      0.00000000	     -0.00000000	    -10.68627828	  -1058.04731064	      0.00000000	      0.00000000	      0.00000000
      0.90000000	   1726.25302833	     -0.00000000	     -0.00000000	      0.00000000	     -2.67291055	  -1226.49855885	      0.00000000	      0.00000000	      0.00000000
      0.90100000	   2069.60779092	      0.00000000	     -0.00000000	    -10.10857351	     -0.00000000	   -888.97726903	     -0.00000000	      0.00000000	     -0.00000000
      0.90200000	   1636.28573729	      0.00000000	     -0.00000000	     -9.05279809	     -0.00000000	   -514.25016018	      0.00000000	     -0.00000000	     -0.00000000
      0.90300000	   3232.93021723	     -0.00000000	      0.00000000	     -3.22767671	     -0.00000000	   -702.17850328	     -0.00000000	      0.00000000	      0.00000000
      0.90400000	   4024.77256035	      0.00000000	      0.00000000	     -0.00000000	     -0.00000000	   -695.19335861	     -0.00000000	      0.00000000	     -0.00000000
      0.90500000	   3573.42523014	     -0.00000000	      0.00000000	     -0.00000000	     -1.44695647	   -881.75995390	     -0.00000000	      0.00000000	      0.00000000
      0.90600000	   1639.52966545	     -0.00000000	     -0.00000000	     -0.00000000	     -2.01597949	   -651.13030063	      0.00000000	     -0.00000000	     -0.00000000
      0.90700000	   2053.72217600	     -0.00000000	      0.00000000	     -4.30459919	     -0.00000000	   -878.79296959	     -0.00000000	     -0.00000000	     -0.00000000
      0.90800000	   2592.11204489	     -0.00000000	      0.00000000	    -11.04153952	     -0.00000000	   -877.22280916	     -0.00000000	     -0.00000000	     -0.00000000
      0.90900000	   2635.97187352	     -0.00000000	     -0.00000000	     -0.00000000	     -3.32664187	   -847.84493110	     -0.00000000	      0.00000000	     -0.00000000
      0.91000000	   4373.33247181	     -0.00000000	     -0.00000000	     -0.00000000	     -0.00000000	  -1100.43909887	     -0.00000000	      0.00000000	      0.00000000
      0.91100000	   5814.81538609	      0.00000000	     -0.00000000	      0.00000000	    -10.97255501	  -1183.86192175	     -0.00000000	     -0.00000000	     -0.00000000
      0.91200000	   1192.27998593	     -0.00000000	      0.00000000	     -0.00000000	     -1.23222317	   -614.85781777	     -0.00000000	     -0.00000000	      0.00000000
      0.91300000	   4826.93710887	      0.00000000	      0.00000000	     -2.17442965	     -0.00000000	  -1144.41036382	      0.00000000	      0.00000000	      0.00000000
      0.91400000	   3053.64147581	      0.00000000	     -0.00000000	     -2.73690754	     -0.74948532	   -967.46196241	     -0.00000000	     -0.00000000	      0.00000000
      0.91500000	   2070.26775692	     -0.00000000	     -0.00000000	     -0.00000000	     -5.59154141	   -760.14608151	     -0.00000000	     -0.00000000	     -0.00000000
      0.91600000	   1855.46723541	     -0.00000000	     -0.00000000	     -7.22518098	     -0.00000000	   -571.70500568	     -0.00000000	     -0.00000000	     -0.00000000
      0.91700000	   2648.21120112	      0.00000000	      0.00000000	     -0.00000000	     -2.37421175	  -1037.45505693	      0.00000000	      0.00000000	     -0.00000000
      0.91800000	   2273.81681278	     -0.00000000	     -0.00000000	     -2.69874721	     -0.97640496	   -809.10953175	     -0.00000000	     -0.00000000	      0.00000000
      0.91900000	   2152.49609693	     -0.00000000	      0.00000000	     -3.78521188	     -0.21690124	   -687.78580952	     -0.00000000	      0.00000000	      0.00000000
      0.92000000	   3266.43719660	      0.00000000	      0.00000000	      0.00000000	     -1.38748970	  -1351.54029388	     -0.00000000	     -0.00000000	     -0.00000000
      0.92100000	   3612.19864490	      0.00000000	     -0.00000000	    -35.33448314	     -0.00000000	   -964.49593439	     -0.00000000	      0.00000000	     -0.00000000
      0.92200000	   3217.05727524	     -0.00000000	     -0.00000000	     -0.00000000	     -2.04931535	   -730.40382557	     -0.00000000	     -0.00000000	     -0.00000000
      0.92300000	    844.95404994	     -0.00000000	     -0.00000000	     -0.00000000	     -3.36644215	   -549.63472552	      0.00000000	      0.00000000	      0.00000000
      0.92400000	   1644.60498339	      0.00000000	     -0.00000000	     -0.71232426	     -0.00000000	   -740.32820957	     -0.00000000	      0.00000000	     -0.00000000
      0.92500000	   3841.51922594	     -0.00000000	     -0.00000000	     -0.32285405	     -0.00000000	  -1003.29276904	     -0.00000000	     -0.00000000	     -0.00000000
      0.92600000	   2717.31581161	     -0.00000000	     -0.00000000	     -6.43263073	     -0.00000000	   -760.28832864	      0.00000000	      0.00000000	      0.00000000
      0.92700000	   3105.13778986	     -0.00000000	      0.00000000	     -0.00000000	    -11.83351306	  -1119.47722700	     -0.00000000	      0.00000000	     -0.00000000
      0.92800000	   1816.35524319	      0.00000000	      0.00000000	     -2.04490471	     -0.00000000	   -635.77348676	      0.00000000	      0.00000000	     -0.00000000
      0.92900000	   4059.74748498	     -0.00000000	      0.00000000	     -0.00000000	     -0.00000000	   -721.67022787	      0.00000000	     -0.00000000	      0.00000000
      0.93000000	   2908.13993145	      0.00000000	      0.00000000	     -0.00000000	     -5.13906133	   -967.83022008	      0.00000000	      0.00000000	      0.00000000
      0.93100000	   1537.62727243	      0.00000000	      0.00000000	     -6.24435958	     -0.00000000	   -464.44319445	     -0.00000000	      0.00000000	      0.00000000
      0.93200000	   2553.66594100	      0.00000000	     -0.00000000	     -0.00000000	     -0.69081003	   -623.51819598	     -0.00000000	     -0.00000000	      0.00000000
      0.93300000	   3963.96030478	      0.00000000	     -0.00000000	     -0.00000000	     -4.70367818	   -987.83995992	     -0.00000000	     -0.00000000	      0.00000000
      0.93400000	   3487.16847354	     -0.00000000	     -0.00000000	     -1.88274533	     -0.00000000	  -1310.59704742	     -0.00000000	     -0.00000000	     -0.00000000
      0.93500000	   1989.57378596	     -0.00000000	     -0.00000000	    -18.61780004	     -0.00000000	   -546.98797738	     -0.00000000	     -0.00000000	      0.00000000
      0.93600000	   1757.12851649	     -0.00000000	      0.00000000	     -0.00000000	     -2.71267862	   -410.76410412	      0.00000000	      0.00000000	     -0.00000000
      0.93700000	   2910.00471268	      0.00000000	     -0.00000000	     -7.74899007	     -0.00000000	   -946.19136797	     -0.00000000	      0.00000000	     -0.00000000
      0.93800000	   2445.99294554	      0.00000000	     -0.00000000	     -0.00000000	     -4.39086840	   -743.09378784	     -0.00000000	      0.00000000	     -0.00000000
      0.93900000	   1130.08273759	      0.00000000	      0.00000000	      0.00000000	     -0.00000000	   -933.18872178	      0.00000000	     -0.00000000	      0.00000000
      0.94000000	   1649.71562064	     -0.00000000	     -0.00000000	     -9.35485628	     -0.00000000	   -661.83137946	     -0.00000000	      0.00000000	     -0.00000000
      0.94100000	   4741.25383918	     -0.00000000	     -0.00000000	     -0.00000000	     -0.36882766	  -1232.55427261	     -0.00000000	     -0.00000000	     -0.00000000
      0.94200000	   2725.80911272	      0.00000000	     -0.00000000	    -32.35560995	     -0.00000000	   -761.44538686	     -0.00000000	     -0.00000000	     -0.00000000
      0.94300000	   1522.82178484	      0.00000000	     -0.00000000	     -0.00000000	     -6.25993110	   -572.40023907	     -0.00000000	     -0.00000000	      0.00000000
      0.94400000	   2338.89965480	      0.00000000	      0.00000000	      0.21242053	     -0.00000000	  -1069.76046709	      0.00000000	     -0.00000000	      0.00000000
      0.94500000	   4844.74072723	      0.00000000	     -0.00000000	     -0.00000000	     -1.59037629	  -1147.47094445	      0.00000000	      0.00000000	      0.00000000
      0.94600000	   2878.64337201	     -0.00000000	      0.00000000	     -0.30499511	     -0.00000000	  -1373.50424065	      0.00000000	      0.00000000	      0.00000000
      0.94700000	   4405.89018158	      0.00000000	     -0.00000000	    -21.58243424	     -0.00000000	   -777.42439001	     -0.00000000	     -0.00000000	     -0.00000000
      0.94800000	   2336.73190077	      0.00000000	      0.00000000	     -0.00000000	     -2.92173755	   -749.59528687	      0.00000000	     -0.00000000	     -0.00000000
      0.94900000	   1779.02893974	      0.00000000	     -0.00000000	     -1.28931175	     -0.00000000	   -944.31670037	      0.00000000	      0.00000000	     -0.00000000
      0.95000000	   2937.74208681	     -0.00000000	      0.00000000	    -14.24411650	     -0.00000000	   -937.57235561	      0.00000000	      0.00000000	     -0.00000000
      0.95100000	   2860.51646746	      0.00000000	      0.00000000	     -0.00000000	     -8.13452917	   -825.05968889	      0.00000000	     -0.00000000	     -0.00000000
      0.95200000	   1493.39159990	     -0.00000000	     -0.00000000	      0.50666170	     -0.00000000	   -664.60107954	      0.00000000	     -0.00000000	      0.00000000
      0.95300000	   2498.09834205	      0.00000000	      0.00000000	    -10.85637760	     -0.00000000	   -470.97192429	     -0.00000000	     -0.00000000	     -0.00000000
      0.95400000	   1254.26106313	     -0.00000000	     -0.00000000	     -0.00000000	     -7.55846379	   -594.11858385	      0.00000000	     -0.00000000	     -0.00000000
      0.95500000	   3365.34027722	     -0.00000000	     -0.00000000	      1.74556994	     -0.00000000	   -913.83242597	     -0.00000000	     -0.00000000	     -0.00000000
      0.95600000	   1983.86459463	     -0.00000000	      0.00000000	     -5.59270336	     -0.12355439	   -765.54519334	     -0.00000000	     -0.00000000	      0.00000000
      0.95700000	   1014.23527629	     -0.00000000	     -0.00000000	     -4.78720136	     -0.00000000	   -523.56470332	     -0.00000000	     -0.00000000	      0.00000000
      0.95800000	   3022.40197899	      0.00000000	      0.00000000	     -0.00000000	     -0.00000000	   -956.81640718	      0.00000000	      0.00000000	     -0.00000000
      0.95900000	   2285.44833318	      0.00000000	      0.00000000	     -0.00000000	     -9.54915268	  -1097.42319502	      0.00000000	      0.00000000	     -0.00000000
      0.96000000	   1739.67463503	     -0.00000000	     -0.00000000	     -0.01856630	     -0.00000000	   -763.86712003	     -0.00000000	      0.00000000	      0.00000000
      0.96100000	   4084.69768865	     -0.00000000	      0.00000000	     -0.07116881	     -0.00000000	  -1189.79698952	      0.00000000	      0.00000000	      0.00000000
      0.96200000	   2309.47795884	     -0.00000000	      0.00000000	    -20.51402906	     -0.00000000	   -806.42075982	      0.00000000	     -0.00000000	     -0.00000000
      0.96300000	   2658.39852610	     -0.00000000	     -0.00000000	     -1.03319156	     -0.43234022	   -685.05181238	     -0.00000000	     -0.00000000	     -0.00000000
      0.96400000	   2509.30015708	     -0.00000000	      0.00000000	     -0.00000000	     -2.07039910	   -667.31461852	      0.00000000	      0.00000000	     -0.00000000
      0.96500000	   3650.01424435	      0.00000000	     -0.00000000	     -0.00000000	     -1.26081382	   -935.75958483	      0.00000000	      0.00000000	      0.00000000
      0.96600000	   3720.84808915	      0.00000000	     -0.00000000	    -18.00685387	     -0.00000000	   -821.67386834	     -0.00000000	     -0.00000000	     -0.00000000
      0.96700000	   3191.42669881	     -0.00000000	     -0.00000000	    -10.15962819	     -0.80926070	   -787.35752388	     -0.00000000	      0.00000000	     -0.00000000
      0.96800000	   1201.80963835	      0.00000000	     -0.00000000	     -0.00000000	     -7.31964921	   -510.47230091	     -0.00000000	      0.00000000	      0.00000000
      0.96900000	   4237.66339440	     -0.00000000	      0.00000000	     -1.49259223	     -0.00000000	  -1214.06272089	      0.00000000	      0.00000000	      0.00000000
      0.97000000	   3085.09742163	     -0.00000000	      0.00000000	     -0.00000000	     -0.99275816	   -977.46199762	      0.00000000	      0.00000000	      0.00000000
      0.97100000	   4672.58707246	      0.00000000	     -0.00000000	    -11.27923536	     -0.00000000	  -1184.92859856	     -0.00000000	     -0.00000000	      0.00000000
      0.97200000	   1878.75710161	     -0.00000000	      0.00000000	     -0.00000000	     -1.06029013	   -608.64465329	      0.00000000	     -0.00000000	     -0.00000000
      0.97300000	   4101.02886099	     -0.00000000	     -0.00000000	     -0.06033483	     -0.00000000	  -1308.29658089	     -0.00000000	      0.00000000	      0.00000000
      0.97400000	   3362.50001062	     -0.00000000	      0.00000000	    -10.96685986	     -0.00000000	  -1070.94772826	     -0.00000000	     -0.00000000	     -0.00000000
      0.97500000	   2045.32017503	      0.00000000	      0.00000000	     -0.00000000	     -6.05306649	  -1086.03003276	      0.00000000	      0.00000000	      0.00000000
      0.97600000	   3053.83360039	      0.00000000	     -0.00000000	    -13.52474537	     -0.00000000	  -1013.24998210	      0.00000000	     -0.00000000	     -0.00000000
      0.97700000	   4339.06612697	      0.00000000	     -0.00000000	     -0.82402506	     -1.47283951	  -1093.51943256	      0.00000000	      0.00000000	     -0.00000000
      0.97800000	   3526.30807894	     -0.00000000	     -0.00000000	     -0.00000000	     -9.14121795	  -1303.06843865	      0.00000000	      0.00000000	      0.00000000
      0.97900000	   2778.28374253	      0.00000000	     -0.00000000	    -20.25773671	     -0.00000000	   -899.93431097	     -0.00000000	     -0.00000000	     -0.00000000
      0.98000000	   3414.95815277	     -0.00000000	     -0.00000000	     -0.00000000	     -1.02677882	   -805.94060646	      0.00000000	     -0.00000000	     -0.00000000
      0.98100000	   3573.10462143	     -0.00000000	      0.00000000	     -0.00000000	     -6.64758408	  -1277.48195941	     -0.00000000	     -0.00000000	     -0.00000000
      0.98200000	   1294.85145812	      0.00000000	     -0.00000000	     -7.55462431	     -0.00000000	   -548.96207328	     -0.00000000	      0.00000000	      0.00000000
      0.98300000	   2491.87360745	     -0.00000000	     -0.00000000	     -0.00000000	     -6.87562166	  -1073.76344195	     -0.00000000	      0.00000000	      0.00000000
      0.98400000	   2363.82768941	      0.00000000	     -0.00000000	     -7.72958247	     -0.00000000	   -828.88166458	      0.00000000	      0.00000000	     -0.00000000
      0.98500000	   1984.93914045	     -0.00000000	      0.00000000	    -14.34283842	     -0.00000000	   -676.85861200	      0.00000000	      0.00000000	      0.00000000
      0.98600000	   2276.35850506	     -0.00000000	     -0.00000000	     -0.00000000	     -0.00000000	   -658.58217104	     -0.00000000	      0.00000000	      0.00000000
      0.98700000	   3221.37917820	     -0.00000000	     -0.00000000	     -7.01795038	     -0.73607480	   -885.19443344	      0.00000000	      0.00000000	     -0.00000000
      0.98800000	   1540.26065201	     -0.00000000	     -0.00000000	     -0.00000000	     -3.34033463	   -555.96316453	      0.00000000	     -0.00000000	      0.00000000
      0.98900000	   3492.95582454	      0.00000000	     -0.00000000	     -0.00000000	     -5.72398096	  -1099.62099400	     -0.00000000	      0.00000000	     -0.00000000
      0.99000000	   1731.38081575	     -0.00000000	     -0.00000000	     -9.77895859	     -0.00000000	   -622.47599023	      0.00000000	      0.00000000	     -0.00000000
      0.99100000	   4010.30492833	      0.00000000	     -0.00000000	     -0.00000000	     -1.40879717	   -926.79930207	     -0.00000000	      0.00000000	      0.00000000
      0.99200000	   1289.44911480	     -0.00000000	     -0.00000000	     -2.85044773	     -0.00000000	   -449.47516377	     -0.00000000	     -0.00000000	     -0.00000000
      0.99300000	   3845.63310774	     -0.00000000	      0.00000000	     -0.00000000	     -0.00000000	   -625.69880056	      0.00000000	     -0.00000000	      0.00000000
      0.99400000	   2174.51023608	      0.00000000	      0.00000000	     -0.00000000	     -2.70820360	   -924.07535357	     -0.00000000	      0.00000000	     -0.00000000
      0.99500000	   2259.09623721	     -0.00000000	      0.00000000	     -0.00000000	     -2.90254030	   -816.21939466	     -0.00000000	     -0.00000000	      0.00000000
      0.99600000	   1696.02943906	      0.00000000	      0.00000000	     -0.20320731	     -0.00000000	   -545.55369636	      0.00000000	      0.00000000	     -0.00000000
      0.99700000	   3436.87260209	      0.00000000	      0.00000000	     -0.00000000	     -0.00000000	   -838.29976730	     -0.00000000	      0.00000000	      0.00000000
      0.99800000	   2647.05229940	     -0.00000000	      0.00000000	     -0.00000000	     -5.52728530	   -905.11719644	     -0.00000000	     -0.00000000	      0.00000000
      0.99900000	   1541.18255737	     -0.00000000	      0.00000000	     -9.03974807	     -0.00000000	   -721.40410673	     -0.00000000	     -0.00000000	      0.00000000
      1.00000000	   1216.63802721	     -0.00000000	      0.00000000	     -0.00000000	     -6.99725520	   -873.57055375	      0.00000000	      0.00000000	      0.00000000
      1.00100000	   3347.13474807	     -0.00000000	     -0.00000000	     -0.14898035	     -0.00000000	  -1019.81463037	     -0.00000000	     -0.00000000	      0.00000000
      1.00200000	   2308.31005998	      0.00000000	     -0.00000000	     -3.12469191	     -0.49291643	   -600.88655734	     -0.00000000	     -0.00000000	      0.00000000
      1.00300000	   2236.21092002	      0.00000000	      0.00000000	     -3.69529256	     -0.00000000	   -953.00028481	     -0.00000000	     -0.00000000	     -0.00000000
      1.00400000	   1880.33851226	     -0.00000000	      0.00000000	     -5.35543278	     -0.23953650	   -688.56024975	      0.00000000	      0.00000000	      0.00000000
      1.00500000	   1491.07576692	      0.00000000	      0.00000000	     -4.05792947	     -0.00000000	   -545.94652743	      0.00000000	     -0.00000000	     -0.00000000
      1.00600000	   2244.32286551	      0.00000000	      0.00000000	     -0.00000000	     -0.00000000	   -799.86681023	      0.00000000	      0.00000000	      0.00000000
      1.00700000	   2699.88176788	      0.00000000	     -0.00000000	     -0.00000000	     -2.95658729	   -790.00055514	     -0.00000000	      0.00000000	      0.00000000
      1.00800000	   4382.06487135	     -0.00000000	     -0.00000000	     -0.00000000	     -4.06953183	  -1185.67186690	     -0.00000000	     -0.00000000	     -0.00000000
      1.00900000	   1599.36051312	      0.00000000	     -0.00000000	    -18.52524454	     -0.00000000	   -634.68374845	      0.00000000	     -0.00000000	     -0.00000000
      1.01000000	   1993.40247683	      0.00000000	      0.00000000	     -0.00000000	     -0.69716368	   -561.51579812	      0.00000000	      0.00000000	     -0.00000000
      1.01100000	   2149.90005501	      0.00000000	      0.00000000	     -0.00000000	     -1.96339649	  -1078.41587071	     -0.00000000	      0.00000000	      0.00000000
      1.01200000	   3907.04920496	     -0.00000000	      0.00000000	    -21.99508801	     -0.00000000	   -819.45914431	      0.00000000	     -0.00000000	      0.00000000
      1.01300000	   2067.60119337	      0.00000000	     -0.00000000	     -0.00000000	     -7.89217207	   -706.94081130	     -0.00000000	      0.00000000	     -0.00000000
      1.01400000	   1893.35657660	     -0.00000000	     -0.00000000	     -2.93702555	     -0.00000000	   -821.66289053	     -0.00000000	     -0.00000000	     -0.00000000
      1.01500000	   3958.80665437	      0.00000000	     -0.00000000	     -1.42443293	     -0.00000000	  -1030.17221496	     -0.00000000	     -0.00000000	      0.00000000
      1.01600000	   3396.55906629	      0.00000000	     -0.00000000	    -22.87841323	     -0.00000000	  -1017.30857806	     -0.00000000	     -0.00000000	     -0.00000000
      1.01700000	   2417.18365321	     -0.00000000	     -0.00000000	     -0.00000000	     -0.16658346	   -786.53387493	      0.00000000	     -0.00000000	     -0.00000000
      1.01800000	   3688.75102504	      0.00000000	     -0.00000000	     -0.00000000	     -7.70550474	  -1240.43216623	     -0.00000000	      0.00000000	     -0.00000000
      1.01900000	   1268.22661341	     -0.00000000	      0.00000000	    -13.27845054	     -0.00000000	   -523.43100350	      0.00000000	     -0.00000000	      0.00000000
      1.02000000	   3333.39117781	     -0.00000000	      0.00000000	     -0.00000000	     -1.87998870	   -795.66668969	      0.00000000	     -0.00000000	      0.00000000
      1.02100000	   3341.85368654	     -0.00000000	     -0.00000000	      0.00000000	     -4.84419093	  -1335.75434103	     -0.00000000	      0.00000000	     -0.00000000
      1.02200000	   1588.06454883	      0.00000000	     -0.00000000	     -6.26170441	     -0.00000000	   -480.62719478	      0.00000000	     -0.00000000	     -0.00000000
      1.02300000	   1868.61388697	     -0.00000000	     -0.00000000	     -0.00000000	     -7.56638307	   -895.31319184	     -0.00000000	     -0.00000000	      0.00000000
      1.02400000	   3420.96102848	      0.00000000	     -0.00000000	    -12.98434405	     -0.00000000	  -1161.56177039	     -0.00000000	     -0.00000000	     -0.00000000
      1.02500000	   3400.62503660	      0.00000000	      0.00000000	     -0.00000000	     -2.33078076	   -837.19209300	      0.00000000	      0.00000000	      0.00000000
      1.02600000	   1123.87515117	      0.00000000	      0.00000000	     -2.13620413	     -0.00000000	   -610.33604030	      0.00000000	      0.00000000	      0.00000000
      1.02700000	   2924.54062292	      0.00000000	     -0.00000000	     -0.00000000	     -0.00000000	   -837.55538428	     -0.00000000	      0.00000000	     -0.00000000
      1.02800000	   2490.28773939	     -0.00000000	     -0.00000000	     -0.00000000	     -4.42627180	   -843.70731117	      0.00000000	     -0.00000000	     -0.00000000
      1.02900000	   2604.12187134	      0.00000000	     -0.00000000	    -18.71805412	     -0.00000000	   -678.79443061	     -0.00000000	     -0.00000000	      0.00000000
      1.03000000	   2241.11359741	     -0.00000000	     -0.00000000	     -0.00000000	     -2.10308357	   -866.89572637	     -0.00000000	     -0.00000000	      0.00000000
      1.03100000	   2365.48762768	      0.00000000	     -0.00000000	     -0.00000000	     -5.31876138	  -1078.79870673	     -0.00000000	      0.00000000	      0.00000000
      1.03200000	   3217.95166305	      0.00000000	     -0.00000000	     -0.92458379	     -0.00000000	  -1465.98624459	     -0.00000000	      0.00000000	      0.00000000
      1.03300000	   2824.87366936	     -0.00000000	      0.00000000	    -18.27859615	     -0.00000000	   -826.19976903	      0.00000000	      0.00000000	      0.00000000
      1.03400000	   2880.23257807	      0.00000000	      0.00000000	     -0.00000000	     -3.59453561	  -1091.65541939	      0.00000000	      0.00000000	      0.00000000
      1.03500000	   3121.09450950	      0.00000000	     -0.00000000	    -17.11710903	     -0.00000000	   -968.27272856	     -0.00000000	     -0.00000000	      0.00000000
      1.03600000	   3574.49009099	      0.00000000	     -0.00000000	    -11.69549078	     -0.00000000	   -776.22770193	     -0.00000000	      0.00000000	      0.00000000
      1.03700000	   2406.32289542	     -0.00000000	      0.00000000	     -0.00000000	     -1.12346438	   -582.51217328	      0.00000000	     -0.00000000	      0.00000000
      1.03800000	   1752.73553583	     -0.00000000	     -0.00000000	     -3.78006495	     -0.00000000	   -623.07798024	     -0.00000000	     -0.00000000	      0.00000000
      1.03900000	   1416.50513840	      0.00000000	     -0.00000000	     -0.00000000	     -2.00861009	   -484.04625884	      0.00000000	     -0.00000000	     -0.00000000
      1.04000000	   1712.72910097	     -0.00000000	     -0.00000000	     -0.00000000	     -1.11982261	   -741.57902652	     -0.00000000	      0.00000000	     -0.00000000
      1.04100000	   3205.94409690	      0.00000000	     -0.00000000	    -24.99477783	     -0.00000000	  -1006.44262027	     -0.00000000	     -0.00000000	      0.00000000
      1.04200000	   3897.06480972	      0.00000000	     -0.00000000	     -0.00000000	     -1.91318984	   -712.87342161	     -0.00000000	     -0.00000000	     -0.00000000
      1.04300000	   2877.58564886	     -0.00000000	      0.00000000	     -5.22971540	     -0.00000000	  -1026.46170329	      0.00000000	      0.00000000	      0.00000000
      1.04400000	   3068.23257207	      0.00000000	     -0.00000000	     -0.00000000	     -0.00000000	   -746.84981465	     -0.00000000	     -0.00000000	      0.00000000
      1.04500000	   4372.94763828	      0.00000000	      0.00000000	     -0.00000000	     -7.07805753	   -986.15248775	      0.00000000	      0.00000000	      0.00000000
      1.04600000	   1586.45907832	      0.00000000	     -0.00000000	     -3.33743197	     -0.00000000	   -572.54765403	     -0.00000000	     -0.00000000	     -0.00000000
      1.04700000	   1891.95457208	     -0.00000000	     -0.00000000	     -0.00000000	     -5.06040305	  -1053.50269874	      0.00000000	      0.00000000	      0.00000000
      1.04800000	   1143.40451579	      0.00000000	      0.00000000	    -13.51723551	     -0.00000000	   -477.90911061	     -0.00000000	      0.00000000	     -0.00000000
      1.04900000	   2038.29134609	      0.00000000	     -0.00000000	     -0.00000000	     -0.86223839	   -736.50060520	     -0.00000000	     -0.00000000	     -0.00000000
      1.05000000	   1741.63503436	      0.00000000	     -0.00000000	     -0.00000000	     -4.73725707	   -612.37491082	     -0.00000000	      0.00000000	     -0.00000000
      1.05100000	   1959.00043707	      0.00000000	     -0.00000000	    -24.22384088	     -0.00000000	   -680.15711768	     -0.00000000	      0.00000000	      0.00000000
      1.05200000	   2788.05197996	      0.00000000	     -0.00000000	     -0.00000000	     -1.28901754	   -648.98015316	      0.00000000	     -0.00000000	     -0.00000000
      1.05300000	   3270.31633366	     -0.00000000	      0.00000000	     -0.00000000	     -3.22471802	  -1268.52741598	      0.00000000	      0.00000000	      0.00000000
      1.05400000	   1644.05403206	     -0.00000000	      0.00000000	    -10.52791877	     -0.00000000	   -628.56447112	     -0.00000000	      0.00000000	     -0.00000000
      1.05500000	   1769.76835367	     -0.00000000	     -0.00000000	     -0.00000000	     -5.12585393	   -969.63727521	     -0.00000000	      0.00000000	     -0.00000000
      1.05600000	   1847.47385279	     -0.00000000	     -0.00000000	    -22.71463832	     -0.00000000	   -434.30173056	     -0.00000000	      0.00000000	      0.00000000
      1.05700000	   3233.67718294	      0.00000000	     -0.00000000	     -0.00000000	     -0.76988484	   -758.44097294	     -0.00000000	     -0.00000000	     -0.00000000
      1.05800000	    676.00548113	     -0.00000000	      0.00000000	     -0.00000000	     -6.22290037	   -449.83342495	      0.00000000	      0.00000000	     -0.00000000
      1.05900000	   2396.05469325	      0.00000000	      0.00000000	     -2.92993109	     -0.00000000	   -748.15102923	     -0.00000000	      0.00000000	      0.00000000
      1.06000000	   2988.20208821	     -0.00000000	     -0.00000000	    -10.25871457	     -0.00000000	   -931.99626938	     -0.00000000	     -0.00000000	     -0.00000000
      1.06100000	   1682.44582363	      0.00000000	      0.00000000	     -0.00000000	     -0.27436420	   -552.57833052	      0.00000000	      0.00000000	     -0.00000000
      1.06200000	   2766.72494670	      0.00000000	     -0.00000000	    -11.83566692	     -0.00000000	  -1134.18951421	     -0.00000000	     -0.00000000	      0.00000000
      1.06300000	   3031.45247573	     -0.00000000	      0.00000000	     -0.00000000	     -0.09912011	   -870.20423357	     -0.00000000	      0.00000000	     -0.00000000
      1.06400000	   3170.19467950	     -0.00000000	      0.00000000	     -0.00000000	     -4.32621307	  -1199.03826179	     -0.00000000	     -0.00000000	     -0.00000000
      1.06500000	   1894.93226077	     -0.00000000	     -0.00000000	    -30.06373320	     -0.00000000	   -642.16472968	      0.00000000	     -0.00000000	     -0.00000000
      1.06600000	   3193.18860591	      0.00000000	     -0.00000000	     -0.00000000	     -2.48805308	   -709.50040047	     -0.00000000	     -0.00000000	     -0.00000000
      1.06700000	   4545.03547989	      0.00000000	     -0.00000000	     -0.00000000	     -3.38987292	  -1229.11699628	      0.00000000	     -0.00000000	      0.00000000
      1.06800000	   3306.58435355	      0.00000000	     -0.00000000	     -4.37828313	     -1.78127314	   -997.25766557	      0.00000000	      0.00000000	     -0.00000000
      1.06900000	   1661.09403292	      0.00000000	     -0.00000000	     -7.08394392	     -0.00000000	   -853.32729292	      0.00000000	      0.00000000	      0.00000000
      1.07000000	   2805.72565817	      0.00000000	     -0.00000000	     -8.61318389	     -0.00000000	   -622.24888129	      0.00000000	     -0.00000000	     -0.00000000
      1.07100000	   1070.02211400	      0.00000000	     -0.00000000	     -0.00000000	     -9.81077234	   -621.15800900	      0.00000000	     -0.00000000	     -0.00000000
      1.07200000	   2754.79765243	      0.00000000	      0.00000000	     -4.57155085	     -0.00000000	   -965.14338533	      0.00000000	     -0.00000000	     -0.00000000
      1.07300000	   2878.45096099	      0.00000000	      0.00000000	    -18.20268267	     -0.00000000	   -952.94864841	      0.00000000	      0.00000000	      0.00000000
      1.07400000	   1882.78307388	     -0.00000000	     -0.00000000	     -0.00000000	     -0.37820071	   -699.48233697	     -0.00000000	     -0.00000000	     -0.00000000
      1.07500000	   3666.20768164	      0.00000000	      0.00000000	    -14.85594837	     -0.00000000	   -917.99721989	      0.00000000	     -0.00000000	      0.00000000
      1.07600000	   2006.13010903	      0.00000000	     -0.00000000	     -0.00000000	     -0.34995696	   -537.31426021	     -0.00000000	     -0.00000000	     -0.00000000
      1.07700000	   1948.88845843	      0.00000000	      0.00000000	     -0.00000000	     -5.95962057	   -910.75896090	      0.00000000	     -0.00000000	     -0.00000000
      1.07800000	   1705.53021425	     -0.00000000	      0.00000000	    -30.69687540	     -0.00000000	   -795.67434147	     -0.00000000	      0.00000000	      0.00000000
      1.07900000	   3067.36524545	     -0.00000000	      0.00000000	     -0.00000000	     -1.20280771	   -579.41637146	      0.00000000	      0.00000000	     -0.00000000
      1.08000000	    965.19098134	      0.00000000	     -0.00000000	     -1.97076242	     -0.00000000	   -460.95843589	     -0.00000000	      0.00000000	      0.00000000
      1.08100000	   2193.26056088	     -0.00000000	      0.00000000	     -0.00000000	     -0.00000000	   -540.14210878	     -0.00000000	      0.00000000	      0.00000000
      1.08200000	   2883.27961087	      0.00000000	      0.00000000	     -0.00000000	     -7.23978472	  -1233.25589247	      0.00000000	      0.00000000	     -0.00000000
      1.08300000	   3571.37512752	     -0.00000000	     -0.00000000	    -10.22155911	     -0.00000000	   -990.00534980	      0.00000000	      0.00000000	      0.00000000
      1.08400000	   2356.80948132	     -0.00000000	      0.00000000	    -13.06341381	     -0.00000000	   -550.39118700	      0.00000000	     -0.00000000	      0.00000000
      1.08500000	   2363.09335432	     -0.00000000	      0.00000000	     -0.00000000	     -1.55435495	   -693.47811545	      0.00000000	     -0.00000000	      0.00000000
      1.08600000	   3202.48813319	     -0.00000000	      0.00000000	     -0.00000000	     -2.89891080	  -1208.91317948	      0.00000000	     -0.00000000	     -0.00000000
      1.08700000	   2401.83920042	      0.00000000	      0.00000000	     -7.55200141	     -0.00000000	  -1059.21108254	     -0.00000000	      0.00000000	     -0.00000000
      1.08800000	   2929.71697364	     -0.00000000	     -0.00000000	    -14.55791977	     -0.00000000	   -890.48798143	      0.00000000	      0.00000000	      0.00000000
      1.08900000	   2994.44463250	      0.00000000	     -0.00000000	    -14.19121861	     -0.00000000	   -609.10628251	     -0.00000000	     -0.00000000	      0.00000000
      1.09000000	   3031.23140542	      0.00000000	      0.00000000	     -0.00000000	     -1.24475377	   -710.71516334	      0.00000000	      0.00000000	      0.00000000
      1.09100000	   1492.10003787	      0.00000000	     -0.00000000	     -0.00000000	     -2.21913621	   -561.57533671	      0.00000000	     -0.00000000	     -0.00000000
      1.09200000	    748.75844903	     -0.00000000	     -0.00000000	     -0.00000000	     -1.11561098	   -438.73679166	     -0.00000000	     -0.00000000	     -0.00000000
      1.09300000	   3968.88622821	      0.00000000	      0.00000000	    -14.15180978	     -0.00000000	   -849.84732339	      0.00000000	      0.00000000	      0.00000000
      1.09400000	   3008.14498845	      0.00000000	      0.00000000	     -0.00000000	     -1.44482758	   -909.09361027	      0.00000000	      0.00000000	      0.00000000
      1.09500000	   2658.06500856	      0.00000000	     -0.00000000	     -2.41891291	     -0.00000000	  -1205.62003102	      0.00000000	      0.00000000	      0.00000000
      1.09600000	   2939.49798403	      0.00000000	      0.00000000	     -7.28177663	     -0.00000000	  -1078.49671324	     -0.00000000	      0.00000000	     -0.00000000
      1.09700000	   3286.70847901	      0.00000000	      0.00000000	     -0.00000000	     -5.63058333	  -1347.77012681	     -0.00000000	     -0.00000000	     -0.00000000
      1.09800000	   3049.41044737	      0.00000000	      0.00000000	    -30.08887532	     -0.00000000	   -810.91903376	      0.00000000	     -0.00000000	      0.00000000
      1.09900000	   2069.73104784	      0.00000000	      0.00000000	     -0.00000000	     -4.09068736	   -648.37351378	      0.00000000	      0.00000000	      0.00000000
      1.10000000	   1269.11001643	      0.00000000	     -0.00000000	     -9.56072151	     -0.00000000	   -829.56078325	      0.00000000	      0.00000000	      0.00000000
      1.10100000	   3508.53452139	     -0.00000000	      0.00000000	     -0.00000000	     -0.00000000	   -690.61739600	     -0.00000000	     -0.00000000	      0.00000000
      1.10200000	   3110.21483922	     -0.00000000	     -0.00000000	     -0.00000000	     -2.35800280	  -1122.52186143	     -0.00000000	     -0.00000000	     -0.00000000
      1.10300000	   2961.05102636	      0.00000000	      0.00000000	    -18.64615480	      0.00000000	   -639.26674737	      0.00000000	      0.00000000	     -0.00000000
      1.10400000	   2662.80910532	      0.00000000	      0.00000000	     -0.00000000	     -6.79157995	   -974.69507224	      0.00000000	      0.00000000	      0.00000000
      1.10500000	   1288.31295185	      0.00000000	      0.00000000	     -3.58593869	     -0.00000000	   -648.25914189	      0.00000000	      0.00000000	      0.00000000
      1.10600000	   3078.04415162	     -0.00000000	      0.00000000	     -7.64073009	     -0.00000000	   -848.24583974	     -0.00000000	     -0.00000000	     -0.00000000
      1.10700000	   3523.56726824	     -0.00000000	      0.00000000	     -0.00000000	     -2.46537401	  -1019.65514956	     -0.00000000	      0.00000000	      0.00000000
      1.10800000	   1909.64985481	      0.00000000	      0.00000000	     -0.00000000	     -5.56397929	   -915.50660877	     -0.00000000	      0.00000000	      0.00000000
      1.10900000	    543.99394288	      0.00000000	      0.00000000	     -6.74536918	     -0.00000000	   -473.03420091	     -0.00000000	      0.00000000	     -0.00000000
      1.11000000	   2589.78292859	     -0.00000000	      0.00000000	     -0.00000000	     -0.22324864	   -639.60071228	     -0.00000000	      0.00000000	     -0.00000000
      1.11100000	   1657.83631799	      0.00000000	     -0.00000000	     -0.00000000	     -6.06284714	   -626.20406863	     -0.00000000	      0.00000000	     -0.00000000
      1.11200000	   2254.43435282	      0.00000000	      0.00000000	    -25.45445091	     -0.00000000	   -998.25404492	      0.00000000	     -0.00000000	      0.00000000
      1.11300000	   1941.92509853	      0.00000000	      0.00000000	     -0.00000000	     -0.95199155	   -440.45520734	      0.00000000	     -0.00000000	     -0.00000000
      1.11400000	   1956.09077845	     -0.00000000	      0.00000000	     -0.00000000	     -0.00000000	  -1025.63954822	      0.00000000	     -0.00000000	     -0.00000000
      1.11500000	   2376.54834831	     -0.00000000	     -0.00000000	    -12.50577148	     -0.00000000	   -669.02190744	     -0.00000000	     -0.00000000	      0.00000000
      1.11600000	   2918.93902873	      0.00000000	     -0.00000000	     -0.00000000	     -4.77588663	  -1106.10726651	      0.00000000	      0.00000000	      0.00000000
      1.11700000	   1834.75436425	      0.00000000	     -0.00000000	    -15.95949407	     -0.00000000	   -747.24461182	     -0.00000000	     -0.00000000	     -0.00000000
      1.11800000	   3340.58506845	     -0.00000000	     -0.00000000	     -0.00000000	     -4.63588367	  -1068.44527297	      0.00000000	      0.00000000	      0.00000000
      1.11900000	   2041.94835516	      0.00000000	      0.00000000	     -9.29537677	     -0.00000000	   -689.07286933	     -0.00000000	      0.00000000	      0.00000000
      1.12000000	   1868.75572776	      0.00000000	     -0.00000000	     -0.00000000	     -0.00000000	   -462.02261986	      0.00000000	     -0.00000000	     -0.00000000
      1.12100000	   3224.87638976	     -0.00000000	     -0.00000000	     -0.00000000	     -2.11387636	  -1299.22796979	     -0.00000000	     -0.00000000	     -0.00000000
      1.12200000	   2101.55662046	      0.00000000	      0.00000000	    -20.86983361	     -0.00000000	   -616.46627622	      0.00000000	      0.00000000	      0.00000000
      1.12300000	   1381.88263233	     -0.00000000	     -0.00000000	     -0.00000000	     -1.02108547	   -554.64914710	     -0.00000000	     -0.00000000	      0.00000000
      1.12400000	   2854.59379618	      0.00000000	     -0.00000000	    -17.46857456	     -0.00000000	   -675.25340559	      0.00000000	     -0.00000000	      0.00000000
      1.12500000	   2853.60406945	      0.00000000	     -0.00000000	     -2.26484035	     -0.34439228	   -612.72946486	     -0.00000000	     -0.00000000	     -0.00000000
      1.12600000	   1698.56409189	      0.00000000	     -0.00000000	     -0.00000000	     -0.00000000	   -758.62930531	      0.00000000	      0.00000000	     -0.00000000
      1.12700000	   3147.89542675	      0.00000000	      0.00000000	     -0.00000000	     -0.59966651	   -683.50602705	     -0.00000000	      0.00000000	     -0.00000000
      1.12800000	   3811.42483853	     -0.00000000	      0.00000000	    -10.20886891	     -0.00000000	  -1087.68027648	      0.00000000	      0.00000000	      0.00000000
      1.12900000	   2163.04377425	      0.00000000	      0.00000000	     -0.00000000	     -0.02749022	   -515.07351278	      0.00000000	      0.00000000	     -0.00000000
      1.13000000	   1780.88746401	     -0.00000000	     -0.00000000	     -0.00000000	     -1.63053213	   -711.45632021	      0.00000000	     -0.00000000	      0.00000000
      1.13100000	   2068.71688073	     -0.00000000	      0.00000000	    -24.88133045	     -0.00000000	   -579.19857097	      0.00000000	      0.00000000	     -0.00000000
      1.13200000	   3766.99460228	      0.00000000	     -0.00000000	     -0.00000000	     -6.00003620	   -931.70414528	     -0.00000000	     -0.00000000	      0.00000000
      1.13300000	   1985.88704994	     -0.00000000	      0.00000000	     -9.57219979	     -0.00000000	   -971.02142333	     -0.00000000	      0.00000000	      0.00000000
      1.13400000	   3331.39001175	      0.00000000	     -0.00000000	     -3.23862522	     -0.00000000	   -977.15901376	     -0.00000000	     -0.00000000	      0.00000000
      1.13500000	   2748.94586245	      0.00000000	      0.00000000	     -0.00000000	      0.98560045	   -696.90887204	     -0.00000000	      0.00000000	     -0.00000000
      1.13600000	   1246.43920760	     -0.00000000	     -0.00000000	     -1.68901774	     -2.80469208	   -734.19363616	     -0.00000000	     -0.00000000	      0.00000000
      1.13700000	   1981.13770610	      0.00000000	     -0.00000000	    -24.02568045	     -0.00000000	   -463.40022612	      0.00000000	     -0.00000000	      0.00000000
      1.13800000	   2164.11387786	     -0.00000000	      0.00000000	     -0.00000000	     -4.11878987	   -869.76232516	     -0.00000000	     -0.00000000	      0.00000000
      1.13900000	   2848.40895570	     -0.00000000	      0.00000000	     -4.25557177	     -0.00000000	  -1038.94799317	     -0.00000000	      0.00000000	     -0.00000000
      1.14000000	   3155.94452542	      0.00000000	     -0.00000000	    -26.79874092	     -0.00000000	   -683.03639873	     -0.00000000	     -0.00000000	     -0.00000000
      1.14100000	   1135.73193023	      0.00000000	     -0.00000000	     -0.00000000	     -2.89885462	   -515.08001697	      0.00000000	      0.00000000	      0.00000000
      1.14200000	   1722.29228337	     -0.00000000	     -0.00000000	    -10.41912743	     -0.00000000	   -913.28478141	     -0.00000000	      0.00000000	      0.00000000
      1.14300000	   2289.87784564	     -0.00000000	     -0.00000000	     -0.00000000	     -2.31224925	   -748.89586033	     -0.00000000	     -0.00000000	     -0.00000000
      1.14400000	   2336.72081460	     -0.00000000	     -0.00000000	     -0.00000000	     -0.00000000	  -1230.64547331	      0.00000000	      0.00000000	     -0.00000000
      1.14500000	   3819.20734581	      0.00000000	     -0.00000000	    -18.54062483	     -0.00000000	   -773.31032323	      0.00000000	      0.00000000	      0.00000000
      1.14600000	   3057.67372439	     -0.00000000	      0.00000000	     -9.71758527	     -0.73763457	   -786.28356671	     -0.00000000	      0.00000000	     -0.00000000
      1.14700000	   1783.33693566	     -0.00000000	      0.00000000	     -0.00000000	     -3.72307001	   -479.05546459	      0.00000000	      0.00000000	      0.00000000
      1.14800000	   2005.06783883	     -0.00000000	      0.00000000	     -5.39503000	     -0.00000000	   -839.11646791	     -0.00000000	      0.00000000	     -0.00000000
      1.14900000	   1805.42781002	      0.00000000	     -0.00000000	    -24.84983796	     -0.00000000	   -504.63588434	      0.00000000	      0.00000000	     -0.00000000
      1.15000000	   2519.37428780	      0.00000000	     -0.00000000	     -0.00000000	     -2.59425737	   -846.21155997	     -0.00000000	     -0.00000000	     -0.00000000
      1.15100000	   3192.37766750	     -0.00000000	      0.00000000	    -29.07277114	     -0.00000000	   -697.09157396	      0.00000000	      0.00000000	     -0.00000000
      1.15200000	   2445.77293656	     -0.00000000	      0.00000000	     -0.00000000	     -1.39244702	   -660.76294286	      0.00000000	      0.00000000	      0.00000000
      1.15300000	   4158.45252948	      0.00000000	     -0.00000000	     -2.87434484	     -0.94306113	  -1041.29241725	     -0.00000000	      0.00000000	     -0.00000000
      1.15400000	   1692.74641917	      0.00000000	      0.00000000	     -0.00000000	     -0.14202023	   -450.48503400	      0.00000000	     -0.00000000	      0.00000000
      1.15500000	   2562.83559374	      0.00000000	      0.00000000	     -0.00000000	     -2.85945664	  -1195.48326987	      0.00000000	      0.00000000	      0.00000000
      1.15600000	   3304.31923760	      0.00000000	     -0.00000000	     -8.61453153	     -0.00000000	   -948.62746622	     -0.00000000	     -0.00000000	      0.00000000
      1.15700000	   1618.30126825	      0.00000000	     -0.00000000	     -1.15093228	     -0.00000000	   -652.44507992	      0.00000000	      0.00000000	     -0.00000000
      1.15800000	   1778.82849256	      0.00000000	      0.00000000	     -6.37159427	     -0.00000000	   -732.67080813	     -0.00000000	      0.00000000	      0.00000000
      1.15900000	   1666.92887134	     -0.00000000	      0.00000000	    -17.13787172	     -0.00000000	   -548.04147694	     -0.00000000	      0.00000000	      0.00000000
      1.16000000	   2905.00786181	     -0.00000000	      0.00000000	     -0.00000000	      0.57111759	   -584.18495973	     -0.00000000	     -0.00000000	      0.00000000
      1.16100000	   2786.43886388	     -0.00000000	     -0.00000000	     -0.00000000	     -0.99240292	   -683.87007374	     -0.00000000	      0.00000000	     -0.00000000
      1.16200000	   3066.25942704	     -0.00000000	     -0.00000000	     -0.00000000	     -2.16092248	  -1020.87903250	     -0.00000000	     -0.00000000	      0.00000000
      1.16300000	   2050.17424465	     -0.00000000	     -0.00000000	     -6.76395516	     -0.00000000	   -808.64497806	      0.00000000	      0.00000000	     -0.00000000
      1.16400000	   1843.12995616	      0.00000000	      0.00000000	    -29.91668468	     -0.00000000	   -541.64459959	      0.00000000	     -0.00000000	     -0.00000000
      1.16500000	   2267.70467103	      0.00000000	      0.00000000	     -0.00000000	      0.18659744	   -671.14054958	      0.00000000	      0.00000000	     -0.00000000
      1.16600000	   3007.53018260	      0.00000000	     -0.00000000	     -0.00000000	     -0.96683681	   -827.12507782	     -0.00000000	     -0.00000000	     -0.00000000
      1.16700000	   3096.89499445	      0.00000000	      0.00000000	    -12.26971500	     -0.00000000	   -995.50992325	     -0.00000000	      0.00000000	      0.00000000
      1.16800000	   3472.33320523	      0.00000000	     -0.00000000	    -15.84784889	      0.00000000	   -616.93715588	      0.00000000	     -0.00000000	      0.00000000
      1.16900000	   3182.13084963	      0.00000000	      0.00000000	     -0.00000000	     -3.98316768	   -853.10902545	     -0.00000000	     -0.00000000	      0.00000000
      1.17000000	   2416.56772229	      0.00000000	     -0.00000000	    -14.80488370	     -0.00000000	   -879.73486208	     -0.00000000	      0.00000000	      0.00000000
      1.17100000	   1146.42055521	     -0.00000000	     -0.00000000	     -0.00000000	     -2.90183477	   -509.98399432	      0.00000000	      0.00000000	      0.00000000
      1.17200000	   1127.35611326	     -0.00000000	     -0.00000000	     -5.13217249	     -0.00000000	   -640.00080555	     -0.00000000	     -0.00000000	     -0.00000000
      1.17300000	   2606.58205112	     -0.00000000	     -0.00000000	    -21.55973820	      0.00000000	   -650.49154179	     -0.00000000	     -0.00000000	     -0.00000000
      1.17400000	   1428.05525768	     -0.00000000	      0.00000000	     -0.00000000	     -8.56916667	   -682.34329781	      0.00000000	      0.00000000	     -0.00000000
      1.17500000	   1226.02143285	      0.00000000	      0.00000000	     -9.81593215	     -0.00000000	   -786.43639495	      0.00000000	      0.00000000	     -0.00000000
      1.17600000	   2975.78745008	      0.00000000	     -0.00000000	     -0.64897119	     -0.00000000	   -890.39444883	     -0.00000000	     -0.00000000	      0.00000000
      1.17700000	   3165.11990775	     -0.00000000	     -0.00000000	    -20.55397819	     -0.00000000	   -796.95724286	     -0.00000000	     -0.00000000	     -0.00000000
      1.17800000	   2370.14490734	     -0.00000000	     -0.00000000	     -1.48096896	     -0.14565380	   -618.15690826	     -0.00000000	     -0.00000000	     -0.00000000
      1.17900000	    820.27207821	      0.00000000	      0.00000000	     -0.00000000	     -1.36024642	   -437.98990515	     -0.00000000	      0.00000000	     -0.00000000
      1.18000000	   3688.02431704	      0.00000000	      0.00000000	    -29.56637101	     -0.00000000	   -734.09239845	      0.00000000	      0.00000000	      0.00000000
      1.18100000	   1413.16568199	     -0.00000000	     -0.00000000	     -0.00000000	     -1.48776056	   -524.32363127	     -0.00000000	     -0.00000000	      0.00000000
      1.18200000	   1651.22576713	     -0.00000000	      0.00000000	     -0.00000000	     -0.00000000	   -733.53598760	      0.00000000	      0.00000000	     -0.00000000
      1.18300000	   2004.20423891	     -0.00000000	      0.00000000	    -13.32481968	     -0.10890219	   -647.81202386	      0.00000000	      0.00000000	      0.00000000
      1.18400000	   1319.75502417	     -0.00000000	      0.00000000	     -0.00000000	     -2.59927768	   -537.31864086	      0.00000000	     -0.00000000	      0.00000000
      1.18500000	   2106.57926160	     -0.00000000	     -0.00000000	     -0.00000000	     -2.03937224	   -927.97697427	     -0.00000000	      0.00000000	     -0.00000000
      1.18600000	   1522.20399751	      0.00000000	     -0.00000000	     -3.30866501	     -0.00000000	   -693.18417011	      0.00000000	      0.00000000	     -0.00000000
      1.18700000	   4220.84549215	     -0.00000000	     -0.00000000	     -0.00000000	     -0.16027060	   -858.94787982	      0.00000000	     -0.00000000	     -0.00000000
      1.18800000	   2573.18568698	      0.00000000	     -0.00000000	    -15.96192953	     -0.00000000	   -791.47687652	      0.00000000	     -0.00000000	      0.00000000
      1.18900000	   2887.93156781	     -0.00000000	     -0.00000000	    -25.51295425	      0.00000000	   -586.21831798	     -0.00000000	     -0.00000000	     -0.00000000
      1.19000000	   2154.46755857	      0.00000000	      0.00000000	     -0.00000000	     -0.01887728	   -545.49663393	      0.00000000	     -0.00000000	     -0.00000000
      1.19100000	   2981.46623652	      0.00000000	      0.00000000	     -0.00000000	      0.91936869	   -530.90685883	      0.00000000	     -0.00000000	     -0.00000000
      1.19200000	   1280.33517388	      0.00000000	     -0.00000000	     -0.00000000	     -5.52018876	   -580.84910693	     -0.00000000	     -0.00000000	      0.00000000
      1.19300000	   3136.69116419	      0.00000000	     -0.00000000	    -19.77949512	     -0.00000000	  -1002.17418188	      0.00000000	     -0.00000000	      0.00000000
      1.19400000	   3292.88867689	     -0.00000000	      0.00000000	    -25.19141824	     -0.04363131	   -652.56714639	      0.00000000	      0.00000000	      0.00000000
      1.19500000	   2094.20232550	     -0.00000000	      0.00000000	     -0.00000000	     -1.04891024	   -778.86184242	     -0.00000000	     -0.00000000	      0.00000000
      1.19600000	   4214.23760773	     -0.00000000	     -0.00000000	     -0.00000000	     -4.89780660	   -962.15229987	     -0.00000000	      0.00000000	      0.00000000
      1.19700000	   1320.09405042	     -0.00000000	      0.00000000	    -10.88257733	     -0.00000000	   -846.03861698	      0.00000000	      0.00000000	     -0.00000000
      1.19800000	   1854.55041761	     -0.00000000	     -0.00000000	     -5.85172262	      0.00000000	   -553.43009183	      0.00000000	     -0.00000000	      0.00000000
      1.19900000	   2128.79095678	      0.00000000	     -0.00000000	     -0.00000000	     -1.74215420	   -961.49350511	      0.00000000	      0.00000000	     -0.00000000
      1.20000000	   2933.16015399	     -0.00000000	      0.00000000	    -19.23775094	     -0.00000000	   -715.14359949	      0.00000000	      0.00000000	     -0.00000000
      1.20100000	   1427.79945531	     -0.00000000	      0.00000000	     -1.73933876	     -0.63264944	   -610.55913711	      0.00000000	      0.00000000	      0.00000000
      1.20200000	   2071.09861402	      0.00000000	      0.00000000	    -18.99604993	      0.00000000	   -495.38882637	      0.00000000	      0.00000000	      0.00000000
      1.20300000	   2829.27211843	      0.00000000	     -0.00000000	     -0.00000000	      2.91943752	   -478.26787622	     -0.00000000	      0.00000000	     -0.00000000
      1.20400000	   1084.01846466	      0.00000000	      0.00000000	     -8.87477210	     -0.00000000	   -460.04717512	     -0.00000000	     -0.00000000	      0.00000000
      1.20500000	   2498.01213458	      0.00000000	     -0.00000000	     -0.00000000	      0.00000000	   -680.37976470	      0.00000000	     -0.00000000	     -0.00000000
      1.20600000	   1853.31297466	      0.00000000	     -0.00000000	     -0.00000000	     -1.03929622	   -599.39420989	     -0.00000000	     -0.00000000	      0.00000000
      1.20700000	   2160.55636281	     -0.00000000	      0.00000000	    -18.46874011	      0.00000000	   -552.27437676	      0.00000000	      0.00000000	     -0.00000000
      1.20800000	   1434.06909343	      0.00000000	     -0.00000000	     -0.00000000	     -3.12412691	   -403.66012674	      0.00000000	     -0.00000000	     -0.00000000
      1.20900000	   1825.07901445	     -0.00000000	     -0.00000000	     -0.00000000	     -1.15767109	   -785.15846760	      0.00000000	     -0.00000000	     -0.00000000
      1.21000000	   2613.07967722	     -0.00000000	     -0.00000000	    -14.72797814	     -0.00000000	   -891.40174211	     -0.00000000	      0.00000000	      0.00000000
      1.21100000	   2250.20225551	     -0.00000000	     -0.00000000	    -14.87572884	      0.01602053	   -670.19290067	     -0.00000000	      0.00000000	     -0.00000000
      1.21200000	   1409.52878037	      0.00000000	      0.00000000	     -0.00000000	     -3.51485642	   -774.04966537	      0.00000000	     -0.00000000	     -0.00000000
      1.21300000	   3032.78124532	      0.00000000	     -0.00000000	    -21.05086321	     -0.00000000	   -765.21967291	      0.00000000	     -0.00000000	      0.00000000
      1.21400000	   1497.36473653	      0.00000000	     -0.00000000	     -0.00000000	     -0.78985489	   -565.06478164	      0.00000000	      0.00000000	     -0.00000000
      1.21500000	   3042.79384343	     -0.00000000	     -0.00000000	     -8.67971861	     -0.00000000	   -865.94577505	      0.00000000	     -0.00000000	     -0.00000000
      1.21600000	   2305.19289763	     -0.00000000	     -0.00000000	     -4.27791745	     -1.41674043	   -754.30735404	     -0.00000000	     -0.00000000	     -0.00000000
      1.21700000	   2115.87933995	     -0.00000000	     -0.00000000	     -4.75319634	     -0.00000000	   -645.61807601	      0.00000000	      0.00000000	     -0.00000000
      1.21800000	   3436.35744620	      0.00000000	     -0.00000000	     -0.00000000	     -0.31492978	   -710.93972769	     -0.00000000	      0.00000000	     -0.00000000
      1.21900000	   2995.74112441	      0.00000000	     -0.00000000	     -4.82814504	     -0.41198699	  -1175.63810396	      0.00000000	     -0.00000000	      0.00000000
      1.22000000	   3420.94743267	      0.00000000	      0.00000000	     -9.03688924	     -0.00000000	   -649.89603968	      0.00000000	      0.00000000	     -0.00000000
      1.22100000	   2865.51028575	      0.00000000	     -0.00000000	     -0.00000000	     -3.36203721	   -987.00263656	     -0.00000000	      0.00000000	      0.00000000
      1.22200000	   2380.96634698	      0.00000000	     -0.00000000	    -22.85524046	      0.00000000	   -583.78348064	      0.00000000	     -0.00000000	     -0.00000000
      1.22300000	   2917.31245602	      0.00000000	     -0.00000000	     -0.00000000	     -1.74856189	   -640.13579242	     -0.00000000	      0.00000000	      0.00000000
      1.22400000	   3308.92912330	      0.00000000	      0.00000000	     -0.00000000	     -1.45433848	   -992.16324347	     -0.00000000	      0.00000000	     -0.00000000
      1.22500000	   3163.79952901	     -0.00000000	      0.00000000	    -24.82288150	     -0.00000000	  -1028.32523471	      0.00000000	      0.00000000	      0.00000000
      1.22600000	   2023.27840116	      0.00000000	     -0.00000000	     -0.00000000	     -1.47054650	   -769.11422191	      0.00000000	     -0.00000000	      0.00000000
      1.22700000	   2143.52753399	     -0.00000000	     -0.00000000	     -3.30099925	     -0.00000000	  -1017.19677075	     -0.00000000	     -0.00000000	     -0.00000000
      1.22800000	   2291.44455855	      0.00000000	      0.00000000	    -12.29637767	     -0.00000000	   -590.49008625	     -0.00000000	      0.00000000	      0.00000000
      1.22900000	   2648.81590085	      0.00000000	      0.00000000	     -0.00000000	     -4.01002263	   -908.01666677	      0.00000000	      0.00000000	     -0.00000000
      1.23000000	   3589.58119303	      0.00000000	      0.00000000	     -8.28967015	     -0.00000000	  -1076.59901206	      0.00000000	     -0.00000000	      0.00000000
      1.23100000	   3225.38509834	     -0.00000000	      0.00000000	    -29.03720319	     -0.00000000	   -699.15112093	      0.00000000	      0.00000000	      0.00000000
      1.23200000	   2476.60433020	     -0.00000000	     -0.00000000	     -0.00000000	     -1.67747500	   -761.65953133	     -0.00000000	     -0.00000000	      0.00000000
      1.23300000	   1940.95690826	     -0.00000000	     -0.00000000	     -4.43658717	     -0.55486115	   -598.08035579	     -0.00000000	     -0.00000000	      0.00000000
      1.23400000	   1124.91780404	     -0.00000000	     -0.00000000	     -0.00000000	     -1.16236046	   -568.36288493	     -0.00000000	      0.00000000	     -0.00000000
      1.23500000	   2910.26110390	     -0.00000000	     -0.00000000	    -11.77368849	     -0.00000000	  -1075.77178074	     -0.00000000	     -0.00000000	     -0.00000000
      1.23600000	   2788.27696450	      0.00000000	     -0.00000000	    -24.97761827	      0.00000000	   -439.36275427	     -0.00000000	     -0.00000000	      0.00000000
      1.23700000	   2845.92333427	     -0.00000000	     -0.00000000	     -0.00000000	     -0.80071350	   -672.92524956	     -0.00000000	     -0.00000000	     -0.00000000
      1.23800000	   2121.26130138	     -0.00000000	      0.00000000	    -17.87948018	     -0.00000000	   -457.83514874	      0.00000000	      0.00000000	      0.00000000
      1.23900000	   2868.52378242	     -0.00000000	     -0.00000000	     -0.00000000	     -0.04765575	   -573.00964824	     -0.00000000	     -0.00000000	      0.00000000
      1.24000000	   1907.65616258	      0.00000000	     -0.00000000	     -0.00000000	     -0.09740493	   -506.45070259	     -0.00000000	      0.00000000	      0.00000000
      1.24100000	   3013.81276178	     -0.00000000	     -0.00000000	     -0.00000000	      0.00000000	   -671.53708165	     -0.00000000	     -0.00000000	      0.00000000
      1.24200000	   2545.40031081	     -0.00000000	     -0.00000000	    -26.32194403	      0.00000000	   -606.40115038	      0.00000000	     -0.00000000	      0.00000000
      1.24300000	   2255.83066352	     -0.00000000	      0.00000000	     -0.00000000	      2.81836304	   -609.93952823	     -0.00000000	      0.00000000	      0.00000000
      1.24400000	   4652.97835776	     -0.00000000	      0.00000000	     -0.00000000	     -3.03553650	  -1035.09446324	      0.00000000	      0.00000000	     -0.00000000
      1.24500000	   3372.95668547	      0.00000000	      0.00000000	     -7.84354559	     -0.87190292	   -797.48489564	      0.00000000	     -0.00000000	     -0.00000000
      1.24600000	   1385.85732558	     -0.00000000	      0.00000000	    -10.52679574	     -0.00000000	   -561.89616109	      0.00000000	      0.00000000	     -0.00000000
      1.24700000	   2104.96729902	      0.00000000	      0.00000000	    -14.47984318	      0.00000000	   -568.13342056	      0.00000000	     -0.00000000	     -0.00000000
      1.24800000	   1655.54776111	     -0.00000000	     -0.00000000	     -0.00000000	     -1.74021473	   -440.60719049	     -0.00000000	      0.00000000	     -0.00000000
      1.24900000	   1554.93821107	      0.00000000	      0.00000000	     -1.83169258	     -0.00000000	   -641.69920430	      0.00000000	     -0.00000000	     -0.00000000
      1.25000000	   2023.82043208	      0.00000000	     -0.00000000	     -0.00000000	     -1.72044172	   -772.03082666	     -0.00000000	     -0.00000000	      0.00000000
      1.25100000	   1586.68073281	     -0.00000000	     -0.00000000	     -7.22499301	     -0.00000000	   -676.78070643	      0.00000000	     -0.00000000	      0.00000000
      1.25200000	   2457.40152100	     -0.00000000	      0.00000000	    -27.17030003	     -0.00000000	   -739.82481400	     -0.00000000	     -0.00000000	     -0.00000000
      1.25300000	   2075.13207496	      0.00000000	     -0.00000000	     -0.85376339	     -0.01920136	   -461.83904480	     -0.00000000	     -0.00000000	      0.00000000
      1.25400000	   2863.44421560	     -0.00000000	      0.00000000	     -2.01352387	     -0.00000000	   -584.35997561	     -0.00000000	      0.00000000	      0.00000000
      1.25500000	   2306.23055025	      0.00000000	     -0.00000000	    -13.46598632	      0.00000000	   -511.04389390	      0.00000000	     -0.00000000	     -0.00000000
      1.25600000	   2597.45697522	     -0.00000000	      0.00000000	     -0.00000000	      3.08031863	   -461.25425906	     -0.00000000	      0.00000000	     -0.00000000
      1.25700000	   1964.18254945	      0.00000000	      0.00000000	     -8.05475571	     -0.00000000	   -548.82535139	     -0.00000000	      0.00000000	     -0.00000000
      1.25800000	   2341.36898873	      0.00000000	     -0.00000000	    -11.51778843	      0.00000000	   -462.77760888	     -0.00000000	     -0.00000000	     -0.00000000
      1.25900000	   2167.83693113	      0.00000000	     -0.00000000	     -0.00000000	      0.04631339	   -634.89882751	     -0.00000000	     -0.00000000	     -0.00000000
      1.26000000	   1387.78128991	     -0.00000000	      0.00000000	     -0.00000000	     -1.58736124	   -496.55680199	     -0.00000000	      0.00000000	     -0.00000000
      1.26100000	   3118.71885102	     -0.00000000	      0.00000000	     -3.63279615	     -0.00000000	  -1136.11525866	      0.00000000	     -0.00000000	      0.00000000
      1.26200000	   2292.97955421	     -0.00000000	      0.00000000	    -11.50704372	      0.00000000	   -635.57176904	      0.00000000	     -0.00000000	     -0.00000000
      1.26300000	   3347.77325924	     -0.00000000	     -0.00000000	     -0.00000000	     -4.59209470	  -1044.17776065	     -0.00000000	     -0.00000000	     -0.00000000
      1.26400000	   3332.08877207	     -0.00000000	      0.00000000	    -17.09057264	     -0.00000000	  -1058.23622454	     -0.00000000	     -0.00000000	      0.00000000
      1.26500000	   2033.97328703	     -0.00000000	      0.00000000	     -2.07170654	     -0.10300767	   -528.43825199	     -0.00000000	     -0.00000000	     -0.00000000
      1.26600000	   3011.27097663	      0.00000000	     -0.00000000	     -0.00000000	     -5.56175347	   -868.64810502	     -0.00000000	     -0.00000000	      0.00000000
      1.26700000	   1957.58805266	     -0.00000000	      0.00000000	    -13.62947227	     -0.00000000	   -552.00972923	      0.00000000	      0.00000000	     -0.00000000
      1.26800000	   2220.33419092	     -0.00000000	     -0.00000000	     -0.90230912	      0.18519956	   -654.36234434	     -0.00000000	      0.00000000	     -0.00000000
      1.26900000	   1100.46346925	     -0.00000000	      0.00000000	     -0.00000000	     -0.69342154	   -453.28951831	      0.00000000	      0.00000000	      0.00000000
      1.27000000	   2598.95050789	      0.00000000	      0.00000000	     -0.00000000	      0.00000000	   -664.88042725	      0.00000000	      0.00000000	      0.00000000
      1.27100000	   3653.19223187	      0.00000000	      0.00000000	     -0.00000000	     -1.70636955	   -709.47370256	      0.00000000	      0.00000000	      0.00000000
      1.27200000	   2105.89575291	      0.00000000	      0.00000000	     -0.00000000	     -0.00000000	   -640.33740161	      0.00000000	      0.00000000	     -0.00000000
      1.27300000	   3324.28056522	      0.00000000	     -0.00000000	     -0.00000000	     -0.40962460	   -810.04231915	      0.00000000	      0.00000000	     -0.00000000
      1.27400000	   2214.18380104	     -0.00000000	     -0.00000000	     -4.38673523	     -0.08662450	   -825.47531361	     -0.00000000	      0.00000000	      0.00000000
      1.27500000	   3955.43661480	      0.00000000	     -0.00000000	     -9.18520274	     -0.00000000	   -737.28166335	     -0.00000000	     -0.00000000	     -0.00000000
      1.27600000	   2403.47160922	      0.00000000	     -0.00000000	    -10.42230356	      0.96417600	   -647.75677799	     -0.00000000	     -0.00000000	     -0.00000000
      1.27700000	   1411.25209470	      0.00000000	      0.00000000	     -6.02998833	     -0.00000000	   -367.87815470	      0.00000000	      0.00000000	     -0.00000000
      1.27800000	   2689.35574336	      0.00000000	     -0.00000000	     -0.00000000	      1.28608279	   -425.54586730	     -0.00000000	      0.00000000	     -0.00000000
      1.27900000	   2656.40124917	      0.00000000	     -0.00000000	     -8.63532293	     -0.00000000	   -728.01301934	     -0.00000000	      0.00000000	      0.00000000
      1.28000000	   2247.61592029	      0.00000000	     -0.00000000	    -18.39151733	      0.00000000	   -540.72821269	     -0.00000000	      0.00000000	      0.00000000
      1.28100000	   1053.26972900	      0.00000000	      0.00000000	     -0.00000000	     -4.29286592	   -412.51424857	      0.00000000	      0.00000000	      0.00000000
      1.28200000	   2991.98884465	      0.00000000	     -0.00000000	    -14.59444594	     -0.00000000	   -864.02520768	     -0.00000000	      0.00000000	      0.00000000
      1.28300000	   1302.10498137	      0.00000000	     -0.00000000	     -0.00000000	     -2.89662507	   -663.33989424	     -0.00000000	     -0.00000000	     -0.00000000
      1.28400000	   2442.29818806	      0.00000000	     -0.00000000	    -12.85371711	     -0.00000000	   -956.53723793	     -0.00000000	      0.00000000	     -0.00000000
      1.28500000	   3402.16136440	      0.00000000	      0.00000000	    -29.68740363	     -0.00000000	   -681.28024777	      0.00000000	      0.00000000	      0.00000000
      1.28600000	   2332.04671055	     -0.00000000	     -0.00000000	    -21.01020495	      0.00000000	   -518.16029975	     -0.00000000	     -0.00000000	     -0.00000000
      1.28700000	   2212.81840444	      0.00000000	      0.00000000	     -0.00000000	      0.79862310	   -533.37618198	      0.00000000	      0.00000000	     -0.00000000
      1.28800000	   3392.59133440	      0.00000000	      0.00000000	     -0.00000000	      0.01808929	   -588.93935788	     -0.00000000	     -0.00000000	     -0.00000000
      1.28900000	   1563.56796702	      0.00000000	      0.00000000	     -2.00560243	     -0.00000000	   -542.60741589	     -0.00000000	      0.00000000	      0.00000000
      1.29000000	   2813.37649095	     -0.00000000	      0.00000000	    -10.54044729	      0.00000000	   -656.84149247	     -0.00000000	      0.00000000	     -0.00000000
      1.29100000	   2454.77303053	      0.00000000	      0.00000000	     -9.30546932	     -0.31667509	   -625.20253341	      0.00000000	      0.00000000	      0.00000000
      1.29200000	   3118.31904019	      0.00000000	      0.00000000	     -0.00000000	     -0.39904478	   -733.89732573	      0.00000000	      0.00000000	      0.00000000
      1.29300000	   2252.58382118	      0.00000000	      0.00000000	     -0.00000000	     -0.00000000	   -816.60814301	     -0.00000000	     -0.00000000	      0.00000000
      1.29400000	   2462.61479965	      0.00000000	     -0.00000000	     -5.34149775	      0.34934889	   -571.94176335	     -0.00000000	      0.00000000	     -0.00000000
      1.29500000	   1870.07846899	      0.00000000	     -0.00000000	    -23.45858539	     -0.00000000	   -581.09374160	     -0.00000000	     -0.00000000	      0.00000000
      1.29600000	   2352.65989044	      0.00000000	      0.00000000	     -0.00000000	      0.12325803	   -452.92382435	      0.00000000	     -0.00000000	     -0.00000000
      1.29700000	   2647.19303506	      0.00000000	      0.00000000	     -0.00000000	     -1.20138939	   -956.23548200	      0.00000000	     -0.00000000	      0.00000000
      1.29800000	   2885.66959612	     -0.00000000	      0.00000000	    -36.08697647	      0.00000000	   -620.53742558	      0.00000000	     -0.00000000	     -0.00000000
      1.29900000	   1842.99393367	     -0.00000000	     -0.00000000	     -0.00000000	     -2.26420723	   -410.54958570	     -0.00000000	      0.00000000	     -0.00000000
      1.30000000	   2117.50811790	     -0.00000000	     -0.00000000	    -14.68102459	     -0.00000000	   -668.70398936	     -0.00000000	     -0.00000000	     -0.00000000
      1.30100000	   2646.82054563	      0.00000000	     -0.00000000	     -0.00000000	      1.41921315	   -453.38793057	     -0.00000000	     -0.00000000	      0.00000000
      1.30200000	   2599.59237194	     -0.00000000	     -0.00000000	     -5.68758489	     -0.24938338	   -708.72314800	     -0.00000000	      0.00000000	     -0.00000000
      1.30300000	   2659.75217481	      0.00000000	      0.00000000	     -6.13968906	      0.00000000	   -448.19348190	      0.00000000	     -0.00000000	      0.00000000
      1.30400000	   3200.12704637	     -0.00000000	      0.00000000	     -0.00000000	     -0.78020444	   -801.74874025	      0.00000000	      0.00000000	     -0.00000000
      1.30500000	   3069.75627517	     -0.00000000	     -0.00000000	    -26.66164396	     -0.00000000	   -777.98615917	     -0.00000000	      0.00000000	     -0.00000000
      1.30600000	   2228.05593943	     -0.00000000	     -0.00000000	    -14.88414337	      0.00000000	   -530.73359805	      0.00000000	     -0.00000000	      0.00000000
      1.30700000	   2443.86538631	      0.00000000	     -0.00000000	    -19.92494580	      0.54143183	   -545.92664376	      0.00000000	     -0.00000000	      0.00000000
      1.30800000	   1857.59210458	     -0.00000000	     -0.00000000	     -0.00000000	     -0.77223163	   -583.13859098	      0.00000000	      0.00000000	     -0.00000000
      1.30900000	   2898.01451575	      0.00000000	     -0.00000000	    -20.89931828	     -0.00000000	   -593.48666802	     -0.00000000	      0.00000000	      0.00000000
      1.31000000	   2198.54024095	      0.00000000	      0.00000000	     -0.00000000	      0.28015950	   -528.15462647	     -0.00000000	      0.00000000	     -0.00000000
      1.31100000	   1942.09132281	      0.00000000	      0.00000000	     -0.00000000	     -0.75360768	   -746.39726779	     -0.00000000	      0.00000000	      0.00000000
      1.31200000	   1596.12164633	      0.00000000	      0.00000000	    -13.61722581	     -0.00000000	   -473.41098584	      0.00000000	      0.00000000	      0.00000000
      1.31300000	   3544.76814004	     -0.00000000	     -0.00000000	     -0.00000000	     -0.23917176	   -797.35140917	      0.00000000	     -0.00000000	      0.00000000
      1.31400000	   3050.58517739	      0.00000000	     -0.00000000	    -33.76531912	      0.00000000	   -587.61371145	      0.00000000	     -0.00000000	     -0.00000000
      1.31500000	   1027.02912891	     -0.00000000	     -0.00000000	     -0.00000000	     -3.32236341	   -525.98804388	      0.00000000	     -0.00000000	     -0.00000000
      1.31600000	   3947.29329694	     -0.00000000	      0.00000000	    -16.92391564	     -0.00000000	   -947.62807480	      0.00000000	     -0.00000000	      0.00000000
      1.31700000	   2482.98288242	      0.00000000	      0.00000000	     -9.88124592	      0.36013126	   -556.53282578	     -0.00000000	      0.00000000	      0.00000000
      1.31800000	   2330.72600345	     -0.00000000	      0.00000000	     -0.00000000	     -0.56623552	   -542.83302048	      0.00000000	      0.00000000	      0.00000000
      1.31900000	   2337.00764826	      0.00000000	      0.00000000	    -23.56187322	      0.00000000	   -472.87718273	     -0.00000000	      0.00000000	      0.00000000
      1.32000000	   2522.75253928	      0.00000000	      0.00000000	     -0.00000000	      2.86037462	   -387.00276357	     -0.00000000	     -0.00000000	     -0.00000000
      1.32100000	   2803.08084714	      0.00000000	     -0.00000000	     -0.00000000	     -2.20591327	   -699.21025732	     -0.00000000	     -0.00000000	     -0.00000000
      1.32200000	   2891.51062494	      0.00000000	      0.00000000	     -0.00000000	     -2.94490860	   -990.81903174	     -0.00000000	      0.00000000	      0.00000000
      1.32300000	    971.48824995	      0.00000000	     -0.00000000	    -18.50095195	     -0.00000000	   -437.38871764	     -0.00000000	     -0.00000000	     -0.00000000
      1.32400000	   3400.94446766	     -0.00000000	      0.00000000	     -0.00000000	      0.21013399	   -568.51584479	     -0.00000000	     -0.00000000	     -0.00000000
      1.32500000	   1184.58240727	      0.00000000	     -0.00000000	    -12.88269466	     -0.00000000	   -542.18850165	     -0.00000000	     -0.00000000	      0.00000000
      1.32600000	   2300.13470925	     -0.00000000	     -0.00000000	     -4.36726059	      0.00000000	   -538.31991424	      0.00000000	     -0.00000000	      0.00000000
      1.32700000	   2486.53875667	      0.00000000	     -0.00000000	     -9.05667257	      0.23239797	   -503.41430003	     -0.00000000	      0.00000000	      0.00000000
      1.32800000	   2362.98917545	      0.00000000	     -0.00000000	     -0.00000000	      3.10007349	   -464.62727751	      0.00000000	     -0.00000000	      0.00000000
      1.32900000	   2845.77694497	      0.00000000	     -0.00000000	     -0.00000000	     -2.31823070	   -908.88589636	     -0.00000000	      0.00000000	     -0.00000000
      1.33000000	   2740.24991355	      0.00000000	     -0.00000000	    -30.82364363	     -0.00000000	   -716.19679615	      0.00000000	      0.00000000	     -0.00000000
      1.33100000	   1743.20067263	      0.00000000	      0.00000000	     -0.00000000	     -0.97758855	   -608.72768168	      0.00000000	      0.00000000	      0.00000000
      1.33200000	   1895.52177906	     -0.00000000	     -0.00000000	     -0.00000000	     -1.94986687	   -629.01962933	      0.00000000	     -0.00000000	      0.00000000
      1.33300000	   1383.58101945	     -0.00000000	      0.00000000	    -13.04090072	     -0.00000000	   -487.84944895	      0.00000000	      0.00000000	      0.00000000
      1.33400000	   2091.84009704	      0.00000000	      0.00000000	    -26.23206476	      0.00000000	   -390.77709911	     -0.00000000	      0.00000000	      0.00000000
      1.33500000	   2278.19685109	      0.00000000	     -0.00000000	    -11.38843634	      0.08237204	   -466.66223460	     -0.00000000	     -0.00000000	      0.00000000
      1.33600000	   2316.11854656	     -0.00000000	     -0.00000000	     -0.00000000	     -0.40946655	   -435.82512484	     -0.00000000	     -0.00000000	     -0.00000000
      1.33700000	   2665.64758089	      0.00000000	     -0.00000000	     -0.00000000	     -0.00000000	   -825.81230384	     -0.00000000	     -0.00000000	      0.00000000
      1.33800000	   2933.60610419	     -0.00000000	      0.00000000	    -17.40651262	      0.00000000	   -647.69171161	      0.00000000	      0.00000000	     -0.00000000
      1.33900000	   3060.68130671	      0.00000000	     -0.00000000	     -0.00000000	     -0.05739317	   -588.03186103	      0.00000000	      0.00000000	     -0.00000000
      1.34000000	   3367.70906397	     -0.00000000	      0.00000000	     -0.00000000	     -0.29662896	   -688.10374295	      0.00000000	      0.00000000	     -0.00000000
      1.34100000	   2760.20718074	      0.00000000	      0.00000000	    -16.29319965	     -0.00000000	   -758.50270417	      0.00000000	     -0.00000000	      0.00000000
      1.34200000	   2149.76988944	     -0.00000000	      0.00000000	    -24.12482008	      0.00000000	   -519.61382871	      0.00000000	      0.00000000	      0.00000000
      1.34300000	   3128.22686712	      0.00000000	     -0.00000000	     -0.00000000	      1.22059823	   -473.09663417	      0.00000000	     -0.00000000	     -0.00000000
      1.34400000	   1824.85433503	      0.00000000	     -0.00000000	     -0.00000000	     -3.22817657	   -657.57061209	     -0.00000000	      0.00000000	      0.00000000
      1.34500000	   2358.26919295	      0.00000000	      0.00000000	    -13.13990876	     -0.00000000	   -698.29057748	      0.00000000	      0.00000000	      0.00000000
      1.34600000	   2970.72763044	      0.00000000	     -0.00000000	    -13.23830221	      0.00000000	   -441.77466873	      0.00000000	      0.00000000	      0.00000000
      1.34700000	   1937.78745079	      0.00000000	     -0.00000000	     -0.00000000	     -2.40238542	   -500.02399969	      0.00000000	      0.00000000	      0.00000000
      1.34800000	   1606.37419958	      0.00000000	      0.00000000	     -9.83870318	     -0.00000000	   -431.42097788	      0.00000000	     -0.00000000	     -0.00000000
      1.34900000	   2273.11771881	      0.00000000	     -0.00000000	     -9.67677960	      0.00000000	   -655.12595915	      0.00000000	      0.00000000	     -0.00000000
      1.35000000	   2215.30919318	      0.00000000	      0.00000000	    -12.99049365	      0.00000000	   -505.26013328	     -0.00000000	     -0.00000000	      0.00000000
      1.35100000	   2597.93326561	     -0.00000000	     -0.00000000	     -0.00000000	      1.96702301	   -508.58432097	      0.00000000	     -0.00000000	     -0.00000000
      1.35200000	   2256.96590653	      0.00000000	      0.00000000	     -0.00000000	     -2.33834311	   -814.99365805	      0.00000000	      0.00000000	      0.00000000
      1.35300000	   2204.35177057	      0.00000000	     -0.00000000	    -16.58161964	     -0.00000000	   -660.98030820	      0.00000000	     -0.00000000	      0.00000000
      1.35400000	   2030.59543943	      0.00000000	      0.00000000	    -25.56135061	      0.00000000	   -504.53206839	      0.00000000	     -0.00000000	      0.00000000
      1.35500000	   2618.44257672	      0.00000000	     -0.00000000	     -0.00000000	      0.01431318	   -372.15597161	      0.00000000	     -0.00000000	      0.00000000
      1.35600000	   2488.06981902	      0.00000000	      0.00000000	    -23.75657022	     -0.00000000	   -385.05916077	     -0.00000000	      0.00000000	      0.00000000
      1.35700000	   2716.22706814	      0.00000000	     -0.00000000	     -0.00000000	      1.31482121	   -409.71738619	     -0.00000000	      0.00000000	     -0.00000000
      1.35800000	   2834.91326141	     -0.00000000	      0.00000000	     -0.00000000	     -3.88368636	   -886.66963077	     -0.00000000	      0.00000000	     -0.00000000
      1.35900000	   1372.09044480	      0.00000000	      0.00000000	    -17.46883293	     -0.00000000	   -415.44885235	      0.00000000	      0.00000000	      0.00000000
      1.36000000	   1866.15689805	     -0.00000000	     -0.00000000	     -0.00000000	     -0.43172687	   -624.48618204	     -0.00000000	     -0.00000000	     -0.00000000
      1.36100000	   3553.91135133	     -0.00000000	     -0.00000000	    -12.94424411	     -0.00000000	   -731.52133428	      0.00000000	      0.00000000	      0.00000000
      1.36200000	   2637.32872775	     -0.00000000	      0.00000000	    -30.85791750	      0.00000000	   -415.06253760	     -0.00000000	     -0.00000000	     -0.00000000
      1.36300000	   2771.96867059	     -0.00000000	      0.00000000	     -0.00000000	      2.03060832	   -377.35693696	      0.00000000	      0.00000000	     -0.00000000
      1.36400000	   3135.81968952	      0.00000000	      0.00000000	     -0.00000000	      0.48829226	   -533.39125802	     -0.00000000	      0.00000000	     -0.00000000
      1.36500000	   2381.02238816	      0.00000000	      0.00000000	     -1.98555014	     -0.17684101	   -630.67348464	      0.00000000	     -0.00000000	     -0.00000000
      1.36600000	   2008.44403596	      0.00000000	     -0.00000000	     -0.00000000	     -0.22814356	   -633.19932323	     -0.00000000	     -0.00000000	     -0.00000000
      1.36700000	   2348.51868508	     -0.00000000	      0.00000000	     -0.00000000	     -0.00000000	   -755.41390938	     -0.00000000	     -0.00000000	     -0.00000000
      1.36800000	   3302.57781924	     -0.00000000	      0.00000000	     -6.67219813	      0.00929691	   -577.04016613	      0.00000000	      0.00000000	     -0.00000000
      1.36900000	   2329.61393602	     -0.00000000	     -0.00000000	     -0.00000000	     -1.91789396	   -755.68267347	     -0.00000000	     -0.00000000	     -0.00000000
      1.37000000	   3940.99249230	      0.00000000	      0.00000000	    -22.58196376	     -0.00000000	   -756.97924149	     -0.00000000	      0.00000000	     -0.00000000
      1.37100000	   2362.22879992	     -0.00000000	     -0.00000000	    -32.56317073	      0.00000000	   -492.97925293	     -0.00000000	     -0.00000000	     -0.00000000
      1.37200000	   2230.99084667	      0.00000000	     -0.00000000	     -0.00000000	      0.05591032	   -475.62438326	     -0.00000000	     -0.00000000	      0.00000000
      1.37300000	   2535.65435038	      0.00000000	     -0.00000000	    -21.21333817	      0.00000000	   -646.44085865	      0.00000000	     -0.00000000	     -0.00000000
      1.37400000	   2139.42424780	     -0.00000000	      0.00000000	     -0.00000000	      4.93217007	   -404.31907303	      0.00000000	      0.00000000	      0.00000000
      1.37500000	   3667.48840569	      0.00000000	     -0.00000000	     -8.64328605	     -0.00000000	   -832.39065280	     -0.00000000	      0.00000000	      0.00000000
      1.37600000	   2200.64798325	     -0.00000000	      0.00000000	    -20.34041411	      0.00000000	   -457.78780098	      0.00000000	     -0.00000000	      0.00000000
      1.37700000	   4038.72390678	     -0.00000000	      0.00000000	     -0.00000000	     -2.04928710	   -738.77872484	      0.00000000	     -0.00000000	     -0.00000000
      1.37800000	   3266.52455741	      0.00000000	      0.00000000	    -26.44338899	     -0.00054234	   -600.56223604	     -0.00000000	      0.00000000	     -0.00000000
      1.37900000	   1135.14411330	     -0.00000000	     -0.00000000	     -0.00000000	     -0.65422670	   -392.87257176	     -0.00000000	     -0.00000000	      0.00000000
      1.38000000	   3108.64945415	      0.00000000	      0.00000000	    -27.84699629	      0.00000000	   -513.46411533	     -0.00000000	      0.00000000	      0.00000000
      1.38100000	   2619.84380959	      0.00000000	      0.00000000	     -0.00000000	      1.27341483	   -476.23450747	     -0.00000000	      0.00000000	      0.00000000
      1.38200000	   2363.89737299	     -0.00000000	      0.00000000	     -0.00000000	     -0.00072824	   -663.01715596	     -0.00000000	      0.00000000	     -0.00000000
      1.38300000	   1548.74073116	     -0.00000000	      0.00000000	    -12.65787534	     -0.00000000	   -550.97237480	     -0.00000000	     -0.00000000	      0.00000000
      1.38400000	   2303.32581124	     -0.00000000	      0.00000000	     -0.00000000	     -0.34134621	   -484.56155334	     -0.00000000	      0.00000000	     -0.00000000
      1.38500000	   2527.47373841	     -0.00000000	      0.00000000	     -8.45229989	     -0.00000000	   -477.02795082	     -0.00000000	      0.00000000	      0.00000000
      1.38600000	   2508.60525941	     -0.00000000	      0.00000000	    -22.74916336	      0.00000000	   -540.59974998	     -0.00000000	      0.00000000	      0.00000000
      1.38700000	   2109.64234166	     -0.00000000	     -0.00000000	     -0.00000000	     -0.12368031	   -444.75207709	     -0.00000000	      0.00000000	     -0.00000000
      1.38800000	   3434.84798139	      0.00000000	     -0.00000000	     -0.00000000	      0.57673506	   -498.50307504	     -0.00000000	     -0.00000000	     -0.00000000
      1.38900000	   2568.90463326	     -0.00000000	     -0.00000000	    -17.26057753	     -0.00000000	   -896.86005377	      0.00000000	      0.00000000	     -0.00000000
      1.39000000	   2669.41259025	     -0.00000000	     -0.00000000	    -29.73290904	      0.00000000	   -439.96422541	     -0.00000000	     -0.00000000	     -0.00000000
      1.39100000	   1933.23983896	      0.00000000	     -0.00000000	     -0.00000000	     -1.51768240	   -485.15826796	      0.00000000	     -0.00000000	     -0.00000000
      1.39200000	   2740.94979083	      0.00000000	     -0.00000000	    -19.43838583	     -0.00000000	   -759.44541443	     -0.00000000	     -0.00000000	     -0.00000000
      1.39300000	   2720.26332487	     -0.00000000	      0.00000000	    -21.28851625	      0.00000000	   -400.37959664	     -0.00000000	      0.00000000	     -0.00000000
      1.39400000	   2449.25334902	      0.00000000	     -0.00000000	     -0.00000000	      0.56209863	   -577.67945766	      0.00000000	      0.00000000	     -0.00000000
      1.39500000	   3139.96666338	     -0.00000000	      0.00000000	    -20.66344015	     -0.00000000	   -825.91850390	     -0.00000000	      0.00000000	      0.00000000
      1.39600000	   2269.72589326	      0.00000000	     -0.00000000	    -22.93294231	      0.00000000	   -470.93297146	      0.00000000	     -0.00000000	      0.00000000
      1.39700000	   1692.07628530	     -0.00000000	      0.00000000	     -0.00000000	      5.90872075	   -286.18159197	      0.00000000	     -0.00000000	      0.00000000
      1.39800000	   2792.60024466	     -0.00000000	      0.00000000	    -50.75359148	      0.00000000	   -386.28575551	      0.00000000	      0.00000000	      0.00000000
      1.39900000	   2822.59143924	      0.00000000	     -0.00000000	     -0.00000000	      3.22887939	   -375.27784939	      0.00000000	      0.00000000	     -0.00000000
      1.40000000	   2650.65666516	      0.00000000	      0.00000000	    -11.20195816	     -0.00000000	   -817.74947940	      0.00000000	      0.00000000	     -0.00000000
      1.40100000	   2497.02032708	      0.00000000	     -0.00000000	    -10.03926993	      0.00000000	   -445.03847318	      0.00000000	      0.00000000	      0.00000000
      1.40200000	   2991.51293836	     -0.00000000	     -0.00000000	     -0.00000000	     -0.05751705	   -748.42839845	     -0.00000000	      0.00000000	      0.00000000
      1.40300000	   2401.91019546	      0.00000000	      0.00000000	    -25.18269310	      0.00000000	   -251.91636027	      0.00000000	      0.00000000	     -0.00000000
      1.40400000	   2870.32351831	      0.00000000	      0.00000000	     -0.00000000	     -4.81786440	   -635.41442938	     -0.00000000	     -0.00000000	      0.00000000
      1.40500000	   3720.05346259	     -0.00000000	      0.00000000	    -28.52910936	     -0.00000000	   -806.56999350	      0.00000000	     -0.00000000	     -0.00000000
      1.40600000	   2247.33751666	      0.00000000	      0.00000000	    -17.23993678	     -0.00000000	   -380.91433191	     -0.00000000	     -0.00000000	      0.00000000
      1.40700000	   2125.84210275	     -0.00000000	     -0.00000000	     -0.00000000	     -0.45581267	   -546.20205647	      0.00000000	      0.00000000	      0.00000000
      1.40800000	   2264.68356237	      0.00000000	     -0.00000000	     -1.24005277	     -0.37174371	   -586.89083847	      0.00000000	      0.00000000	      0.00000000
      1.40900000	   2267.01796869	      0.00000000	      0.00000000	    -10.18540718	     -0.00000000	   -426.52727424	     -0.00000000	     -0.00000000	     -0.00000000
      1.41000000	   2497.07259866	      0.00000000	     -0.00000000	    -20.15635405	      0.00000000	   -464.14188718	      0.00000000	     -0.00000000	     -0.00000000
      1.41100000	   2917.28344332	     -0.00000000	     -0.00000000	     -0.00000000	      3.28686123	   -464.87690978	      0.00000000	      0.00000000	     -0.00000000
      1.41200000	   3004.26936472	     -0.00000000	     -0.00000000	     -9.45960544	     -0.54562451	   -647.47120174	     -0.00000000	     -0.00000000	     -0.00000000
      1.41300000	   2388.10449342	     -0.00000000	      0.00000000	    -19.52562855	      0.00000000	   -462.19615808	      0.00000000	      0.00000000	      0.00000000
      1.41400000	   2167.68288257	      0.00000000	     -0.00000000	     -0.00000000	      2.63511973	   -490.61154406	     -0.00000000	      0.00000000	     -0.00000000
      1.41500000	   2743.02405758	     -0.00000000	      0.00000000	    -12.46446228	      0.00000000	   -426.65315378	      0.00000000	      0.00000000	      0.00000000
      1.41600000	   2677.98520505	     -0.00000000	      0.00000000	     -0.00000000	      0.37633122	   -437.70748927	     -0.00000000	      0.00000000	     -0.00000000
      1.41700000	   3011.92957847	      0.00000000	      0.00000000	     -0.00000000	     -1.39587860	   -762.37193346	     -0.00000000	     -0.00000000	     -0.00000000
      1.41800000	   1538.07394187	      0.00000000	     -0.00000000	    -11.66762545	     -0.00000000	   -477.83889894	      0.00000000	     -0.00000000	      0.00000000
      1.41900000	   2463.65524409	     -0.00000000	      0.00000000	     -8.67879118	      0.00000000	   -392.26722942	     -0.00000000	     -0.00000000	      0.00000000
      1.42000000	   2555.80305176	      0.00000000	      0.00000000	     -0.00000000	      0.54375320	   -632.17049540	     -0.00000000	     -0.00000000	      0.00000000
      1.42100000	   3330.45072809	      0.00000000	     -0.00000000	     -0.00000000	      0.11653716	   -492.27057638	     -0.00000000	      0.00000000	     -0.00000000
      1.42200000	   2450.65989163	     -0.00000000	     -0.00000000	    -17.41187403	      0.00000000	   -540.68349747	      0.00000000	     -0.00000000	      0.00000000
      1.42300000	   2566.56894336	     -0.00000000	     -0.00000000	     -0.00000000	      1.51346042	   -413.10114548	      0.00000000	     -0.00000000	     -0.00000000
      1.42400000	   3233.87742603	     -0.00000000	     -0.00000000	    -11.15979650	     -0.50010323	   -632.34911998	     -0.00000000	      0.00000000	     -0.00000000
      1.42500000	   2580.20018106	     -0.00000000	      0.00000000	    -27.08433376	      0.00000000	   -436.43292753	      0.00000000	      0.00000000	     -0.00000000
      1.42600000	   3100.80485519	      0.00000000	     -0.00000000	     -0.00000000	      3.52551511	   -464.92920710	     -0.00000000	      0.00000000	      0.00000000
      1.42700000	   2695.66940636	      0.00000000	      0.00000000	    -14.01184755	     -0.00000000	   -733.42960960	      0.00000000	     -0.00000000	     -0.00000000
      1.42800000	   2473.76851273	      0.00000000	      0.00000000	    -26.20934869	      0.00000000	   -434.60051171	      0.00000000	     -0.00000000	     -0.00000000
      1.42900000	   2960.29942300	     -0.00000000	      0.00000000	     -0.00000000	      0.85304046	   -321.07319771	      0.00000000	      0.00000000	     -0.00000000
      1.43000000	   2933.51559951	      0.00000000	     -0.00000000	     -9.82030497	      0.00000000	   -350.06315657	     -0.00000000	     -0.00000000	      0.00000000
      1.43100000	   2269.74259745	      0.00000000	     -0.00000000	     -0.00000000	      1.80152469	   -356.48500796	     -0.00000000	      0.00000000	     -0.00000000
      1.43200000	   2749.69403337	     -0.00000000	     -0.00000000	     -0.00000000	      0.00000000	   -471.40614271	      0.00000000	      0.00000000	     -0.00000000
      1.43300000	   2245.13677682	     -0.00000000	      0.00000000	     -0.00000000	      2.32310152	   -436.27767294	      0.00000000	     -0.00000000	     -0.00000000
      1.43400000	   2215.27663705	      0.00000000	     -0.00000000	    -10.92148616	     -0.00000000	   -644.34197633	     -0.00000000	      0.00000000	      0.00000000
      1.43500000	   2675.94529027	     -0.00000000	      0.00000000	    -19.82824867	      0.00000000	   -262.03481872	      0.00000000	      0.00000000	      0.00000000
      1.43600000	   2332.85686269	     -0.00000000	     -0.00000000	     -0.00000000	     -1.70415605	   -339.85378680	     -0.00000000	     -0.00000000	     -0.00000000
      1.43700000	   1584.44423976	      0.00000000	      0.00000000	     -9.42713112	     -0.00000000	   -454.21963902	      0.00000000	      0.00000000	     -0.00000000
      1.43800000	   2829.21803906	     -0.00000000	      0.00000000	     -0.00000000	      1.77506367	   -404.35667983	      0.00000000	     -0.00000000	     -0.00000000
      1.43900000	   3719.42819743	      0.00000000	     -0.00000000	    -12.55658025	     -0.00000000	   -779.17745477	     -0.00000000	     -0.00000000	      0.00000000
      1.44000000	   2756.83989472	      0.00000000	      0.00000000	    -28.41666466	      0.00000000	   -365.76995348	      0.00000000	      0.00000000	      0.00000000
      1.44100000	   2151.39865679	      0.00000000	      0.00000000	     -0.00000000	     -0.29384636	   -581.59800389	      0.00000000	     -0.00000000	      0.00000000
      1.44200000	   2756.04506748	      0.00000000	      0.00000000	     -4.31016280	      0.00000000	   -593.98995525	      0.00000000	     -0.00000000	      0.00000000
      1.44300000	   2595.31747818	      0.00000000	      0.00000000	    -20.07945482	     -0.00000000	   -399.35666696	      0.00000000	      0.00000000	     -0.00000000
      1.44400000	   2733.43611662	     -0.00000000	     -0.00000000	     -2.92888582	      0.02615001	   -411.22682618	     -0.00000000	     -0.00000000	     -0.00000000
      1.44500000	   3751.92980074	      0.00000000	      0.00000000	     -0.00000000	     -1.40894190	   -599.48769562	      0.00000000	      0.00000000	      0.00000000
      1.44600000	   2676.08060320	      0.00000000	      0.00000000	    -29.44359379	      0.00000000	   -632.68031417	      0.00000000	     -0.00000000	      0.00000000
      1.44700000	   1817.57109438	      0.00000000	     -0.00000000	     -0.00000000	     -0.96951568	   -363.76699488	      0.00000000	     -0.00000000	     -0.00000000
      1.44800000	   3011.14907051	      0.00000000	     -0.00000000	     -0.00000000	     -0.51406984	   -827.40471799	     -0.00000000	     -0.00000000	     -0.00000000
      1.44900000	   2119.96178326	     -0.00000000	      0.00000000	    -21.64675879	     -0.00000000	   -552.15436289	     -0.00000000	      0.00000000	     -0.00000000
      1.45000000	   2427.25714152	      0.00000000	     -0.00000000	     -6.61888395	      0.00000000	   -328.05344586	     -0.00000000	      0.00000000	      0.00000000
      1.45100000	   2261.66764154	      0.00000000	      0.00000000	    -11.90139117	      2.05223967	   -310.01397588	      0.00000000	     -0.00000000	     -0.00000000
      1.45200000	   2827.08129935	     -0.00000000	     -0.00000000	     -0.00000000	      1.66059083	   -409.96234418	     -0.00000000	      0.00000000	      0.00000000
      1.45300000	   1496.83676580	     -0.00000000	     -0.00000000	     -0.00000000	     -1.72338466	   -412.49785221	     -0.00000000	     -0.00000000	     -0.00000000
      1.45400000	   2009.71273095	      0.00000000	      0.00000000	    -14.75842929	     -0.00000000	   -531.36691863	     -0.00000000	      0.00000000	     -0.00000000
      1.45500000	   2276.61625517	      0.00000000	      0.00000000	     -9.09560115	      0.00000000	   -418.37842401	      0.00000000	      0.00000000	     -0.00000000
      1.45600000	   2419.73650275	      0.00000000	      0.00000000	     -9.51065514	      0.00000000	   -457.40336060	      0.00000000	      0.00000000	     -0.00000000
      1.45700000	   1574.63867260	      0.00000000	     -0.00000000	    -14.21007512	      0.00000000	   -255.21822937	      0.00000000	     -0.00000000	      0.00000000
      1.45800000	   2799.39081278	      0.00000000	     -0.00000000	    -13.02608530	      1.42385651	   -390.91527866	      0.00000000	      0.00000000	     -0.00000000
      1.45900000	   2909.29294865	     -0.00000000	      0.00000000	     -0.00000000	      0.32131055	   -473.79967497	     -0.00000000	      0.00000000	      0.00000000
      1.46000000	   2233.25070443	      0.00000000	      0.00000000	     -6.56536192	     -0.00000000	   -528.22413479	     -0.00000000	      0.00000000	     -0.00000000
      1.46100000	   2380.27882893	      0.00000000	      0.00000000	    -29.47389616	      0.00000000	   -490.64396813	     -0.00000000	     -0.00000000	     -0.00000000
      1.46200000	   2705.90111646	     -0.00000000	     -0.00000000	     -6.94567529	      0.00000000	   -433.32740928	     -0.00000000	     -0.00000000	     -0.00000000
      1.46300000	   2455.89517326	     -0.00000000	      0.00000000	     -0.00000000	      3.99313891	   -367.72224693	     -0.00000000	     -0.00000000	     -0.00000000
      1.46400000	   3053.96074455	      0.00000000	     -0.00000000	     -0.00000000	     -0.14761481	   -509.24670498	      0.00000000	      0.00000000	     -0.00000000
      1.46500000	   2820.74834991	     -0.00000000	      0.00000000	     -0.00000000	     -0.80805629	   -747.85720213	     -0.00000000	      0.00000000	      0.00000000
      1.46600000	   1597.81098303	     -0.00000000	      0.00000000	     -8.99615327	     -0.00000000	   -327.30608762	      0.00000000	      0.00000000	      0.00000000
      1.46700000	   3126.67707306	      0.00000000	     -0.00000000	     -0.00000000	      0.00000000	   -427.87651133	     -0.00000000	     -0.00000000	     -0.00000000
      1.46800000	   2892.74365494	     -0.00000000	      0.00000000	     -0.00000000	     -1.03223343	   -538.90648873	     -0.00000000	      0.00000000	     -0.00000000
      1.46900000	   2539.87120714	      0.00000000	      0.00000000	    -15.80771025	     -0.00000000	   -380.95029109	      0.00000000	      0.00000000	      0.00000000
      1.47000000	   1640.29093058	     -0.00000000	     -0.00000000	    -12.59460464	      0.00000000	   -287.72214314	      0.00000000	     -0.00000000	     -0.00000000
      1.47100000	   3150.48844791	      0.00000000	      0.00000000	     -0.00000000	      2.81518662	   -355.70018603	      0.00000000	      0.00000000	      0.00000000
      1.47200000	   3380.94183580	      0.00000000	     -0.00000000	    -11.08158988	     -0.00000000	   -744.58618507	      0.00000000	     -0.00000000	     -0.00000000
      1.47300000	   2796.74253580	      0.00000000	     -0.00000000	     -3.07671320	      0.00000000	   -336.04345020	      0.00000000	     -0.00000000	     -0.00000000
      1.47400000	   3993.10088242	     -0.00000000	      0.00000000	    -15.52450238	     -0.45195649	   -520.31596928	      0.00000000	      0.00000000	     -0.00000000
      1.47500000	   2584.28788088	      0.00000000	     -0.00000000	    -24.39382564	      0.00000000	   -420.23772258	     -0.00000000	     -0.00000000	      0.00000000
      1.47600000	   2254.41425344	      0.00000000	     -0.00000000	     -0.00000000	      4.28210921	   -394.81902975	     -0.00000000	      0.00000000	      0.00000000
      1.47700000	   2307.33613987	     -0.00000000	      0.00000000	     -0.00000000	     -0.11546431	   -500.50585537	      0.00000000	     -0.00000000	     -0.00000000
      1.47800000	   3056.91934781	     -0.00000000	      0.00000000	     -0.97362586	      0.51977777	   -482.44359051	      0.00000000	     -0.00000000	      0.00000000
      1.47900000	   1726.51240930	      0.00000000	     -0.00000000	     -0.48295999	     -0.49414017	   -417.45865284	     -0.00000000	     -0.00000000	     -0.00000000
      1.48000000	   2763.75358845	      0.00000000	      0.00000000	    -15.06997533	      0.00000000	   -434.19457409	     -0.00000000	      0.00000000	     -0.00000000
      1.48100000	   2495.07673528	     -0.00000000	      0.00000000	    -10.78411991	      0.00000000	   -334.75586313	     -0.00000000	      0.00000000	     -0.00000000
      1.48200000	   3052.53469432	     -0.00000000	      0.00000000	     -0.00000000	      1.42300115	   -338.48522033	      0.00000000	      0.00000000	      0.00000000
      1.48300000	   3480.70057864	     -0.00000000	     -0.00000000	     -0.00000000	      0.00000000	   -394.35818772	     -0.00000000	      0.00000000	     -0.00000000
      1.48400000	   2869.06439800	     -0.00000000	     -0.00000000	    -18.32375879	      0.00000000	   -330.54462356	     -0.00000000	     -0.00000000	      0.00000000
      1.48500000	   2158.96685709	     -0.00000000	      0.00000000	    -19.95042610	      2.65573999	   -350.12975099	      0.00000000	      0.00000000	     -0.00000000
      1.48600000	   2746.68734421	      0.00000000	     -0.00000000	     -6.89369010	      0.00000000	   -392.40854343	     -0.00000000	      0.00000000	      0.00000000
      1.48700000	   1799.32850811	      0.00000000	      0.00000000	     -2.56679856	      2.40244703	   -195.31958351	      0.00000000	      0.00000000	      0.00000000
      1.48800000	   2393.86432582	     -0.00000000	     -0.00000000	     -0.00000000	     -1.19953640	   -350.35211459	      0.00000000	      0.00000000	     -0.00000000
      1.48900000	   2042.72369305	     -0.00000000	      0.00000000	     -0.00000000	     -0.98831013	   -603.57992123	      0.00000000	      0.00000000	      0.00000000
      1.49000000	   2397.91953723	     -0.00000000	      0.00000000	    -21.07056417	     -0.00000000	   -678.85152763	     -0.00000000	      0.00000000	     -0.00000000
      1.49100000	   2740.62820177	     -0.00000000	     -0.00000000	     -0.00000000	      0.53953848	   -386.50263354	     -0.00000000	     -0.00000000	      0.00000000
      1.49200000	   3324.65362469	      0.00000000	      0.00000000	     -0.00000000	     -0.64058212	   -642.48780917	      0.00000000	      0.00000000	      0.00000000
      1.49300000	   2400.62071605	     -0.00000000	      0.00000000	    -23.67047080	      0.00000000	   -452.44926772	      0.00000000	      0.00000000	      0.00000000
      1.49400000	   1913.48974253	      0.00000000	      0.00000000	     -0.00000000	     -1.07603291	   -315.96207275	      0.00000000	      0.00000000	     -0.00000000
      1.49500000	   3221.60972200	     -0.00000000	     -0.00000000	    -49.94067102	      0.00000000	   -371.87119576	     -0.00000000	     -0.00000000	     -0.00000000
      1.49600000	   3494.98415456	      0.00000000	      0.00000000	     -0.00000000	      0.93289052	   -253.34504706	      0.00000000	      0.00000000	     -0.00000000
      1.49700000	   3279.35661994	     -0.00000000	      0.00000000	     -7.00521447	      0.00000000	   -500.11786390	     -0.00000000	      0.00000000	      0.00000000
      1.49800000	   3483.85786510	      0.00000000	      0.00000000	    -25.06908319	      0.00000000	   -199.70538516	      0.00000000	      0.00000000	      0.00000000
      1.49900000	   2419.62524629	     -0.00000000	     -0.00000000	     -0.00000000	     -0.26778042	   -575.23183378	     -0.00000000	     -0.00000000	      0.00000000
      1.50000000	   2466.59899523	      0.00000000	      0.00000000	    -35.28513897	      0.00000000	   -358.30094505	     -0.00000000	      0.00000000	      0.00000000
      1.50100000	   2578.22787539	     -0.00000000	     -0.00000000	     -0.00000000	      5.13669307	   -280.86833462	     -0.00000000	     -0.00000000	      0.00000000
      1.50200000	   2954.98553865	     -0.00000000	     -0.00000000	     -0.00000000	     -1.86367254	   -577.83977219	      0.00000000	     -0.00000000	     -0.00000000
      1.50300000	   3322.12614669	     -0.00000000	      0.00000000	    -30.79743879	     -0.00000000	   -543.88041068	     -0.00000000	      0.00000000	      0.00000000
      1.50400000	   2137.77060342	     -0.00000000	      0.00000000	     -5.11945000	      0.91834642	   -245.72050460	      0.00000000	      0.00000000	     -0.00000000
      1.50500000	   3484.18735854	      0.00000000	      0.00000000	     -0.00000000	      0.68466298	   -335.74208683	     -0.00000000	      0.00000000	      0.00000000
      1.50600000	   3369.69484610	     -0.00000000	     -0.00000000	    -24.88772185	      0.00000000	   -167.10369648	     -0.00000000	     -0.00000000	      0.00000000
      1.50700000	   2980.04968227	     -0.00000000	      0.00000000	     -0.00000000	      2.46627059	   -313.20688370	      0.00000000	     -0.00000000	      0.00000000
      1.50800000	   2575.97945128	     -0.00000000	     -0.00000000	    -10.88244245	      0.00000000	   -445.52622285	      0.00000000	      0.00000000	     -0.00000000
      1.50900000	   2193.01513717	      0.00000000	     -0.00000000	    -15.54722889	      2.41753768	   -375.08767118	     -0.00000000	      0.00000000	     -0.00000000
      1.51000000	   1928.76004907	     -0.00000000	      0.00000000	     -0.00000000	     -1.27703484	   -320.40307326	      0.00000000	      0.00000000	      0.00000000
      1.51100000	   3313.11877822	     -0.00000000	     -0.00000000	    -13.72119431	      0.00000000	   -493.51946185	     -0.00000000	     -0.00000000	      0.00000000
      1.51200000	   2588.92984991	     -0.00000000	      0.00000000	     -9.04877228	      0.00000000	   -462.04150221	     -0.00000000	     -0.00000000	     -0.00000000
      1.51300000	   2198.75719451	     -0.00000000	     -0.00000000	    -21.45767609	      0.00000000	   -343.33380032	     -0.00000000	     -0.00000000	      0.00000000
      1.51400000	   2740.74468049	     -0.00000000	      0.00000000	     -6.92356676	      0.49474266	   -387.42383683	      0.00000000	     -0.00000000	      0.00000000
      1.51500000	   3204.88433580	     -0.00000000	      0.00000000	     -0.00000000	      0.27599388	   -333.87851819	      0.00000000	      0.00000000	      0.00000000
      1.51600000	   2967.98432439	     -0.00000000	     -0.00000000	    -11.08487989	      0.74117781	   -282.09383090	     -0.00000000	      0.00000000	     -0.00000000
      1.51700000	   2075.89252450	     -0.00000000	      0.00000000	     -3.17823941	     -0.25744181	   -467.52096925	      0.00000000	      0.00000000	     -0.00000000
      1.51800000	   2577.87182751	     -0.00000000	      0.00000000	     -0.00000000	     -0.09539487	   -492.42108134	     -0.00000000	      0.00000000	     -0.00000000
      1.51900000	   1914.17290727	      0.00000000	     -0.00000000	     -0.00000000	     -1.37857219	   -375.04229435	     -0.00000000	      0.00000000	     -0.00000000
      1.52000000	   1743.65038984	      0.00000000	      0.00000000	     -9.12923983	     -0.00000000	   -376.80257560	      0.00000000	      0.00000000	      0.00000000
      1.52100000	   2557.66366583	     -0.00000000	      0.00000000	    -29.28444552	      0.00000000	   -414.52276200	      0.00000000	      0.00000000	      0.00000000
      1.52200000	   3356.43607759	      0.00000000	      0.00000000	     -0.00000000	      2.04935991	   -229.23516350	      0.00000000	     -0.00000000	      0.00000000
      1.52300000	   2947.13953830	     -0.00000000	     -0.00000000	     -0.00000000	      1.02391873	   -531.86087332	      0.00000000	      0.00000000	     -0.00000000
      1.52400000	   2899.28262409	     -0.00000000	     -0.00000000	    -31.85451147	      0.00000000	   -409.07436363	     -0.00000000	     -0.00000000	     -0.00000000
      1.52500000	   3067.78665909	      0.00000000	     -0.00000000	    -17.60561574	      0.00000000	   -194.11347788	      0.00000000	     -0.00000000	      0.00000000
      1.52600000	   2543.91544431	     -0.00000000	     -0.00000000	     -0.00000000	      1.14219600	   -406.40551985	      0.00000000	     -0.00000000	      0.00000000
      1.52700000	   2762.96246983	      0.00000000	      0.00000000	     -0.00000000	      0.71425855	   -427.59388484	     -0.00000000	     -0.00000000	      0.00000000
      1.52800000	   2672.63290371	     -0.00000000	      0.00000000	     -4.03209934	     -0.00000000	   -413.33779623	     -0.00000000	     -0.00000000	     -0.00000000
      1.52900000	   2916.45333971	      0.00000000	     -0.00000000	    -10.02597686	     -0.00000000	   -315.11342673	     -0.00000000	      0.00000000	     -0.00000000
      1.53000000	   2520.40089629	     -0.00000000	      0.00000000	     -0.00000000	     -0.25268609	   -521.53781990	      0.00000000	      0.00000000	      0.00000000
      1.53100000	   2947.30617839	     -0.00000000	     -0.00000000	     -4.32395949	     -0.56883243	   -657.17916507	      0.00000000	      0.00000000	     -0.00000000
      1.53200000	   2446.08581423	     -0.00000000	      0.00000000	    -14.39151125	     -0.00000000	   -293.05330533	      0.00000000	     -0.00000000	     -0.00000000
      1.53300000	   2648.24676765	      0.00000000	     -0.00000000	     -0.00000000	      0.08199936	   -213.50902758	      0.00000000	      0.00000000	      0.00000000
      1.53400000	   2947.87157965	     -0.00000000	      0.00000000	    -15.11705209	      1.10235745	   -387.83384037	     -0.00000000	     -0.00000000	     -0.00000000
      1.53500000	   3070.78733480	      0.00000000	     -0.00000000	    -27.35021872	      0.00000000	   -290.84864497	      0.00000000	     -0.00000000	     -0.00000000
      1.53600000	   2800.72561831	      0.00000000	      0.00000000	     -0.00000000	      2.22817103	   -358.65740341	      0.00000000	     -0.00000000	     -0.00000000
      1.53700000	   3481.91653251	     -0.00000000	     -0.00000000	     -0.00000000	     -0.31142793	   -393.51105187	     -0.00000000	     -0.00000000	      0.00000000
      1.53800000	   2824.26298317	      0.00000000	     -0.00000000	    -10.93031862	      0.00000000	   -536.12171433	      0.00000000	      0.00000000	      0.00000000
      1.53900000	   2592.19883815	      0.00000000	     -0.00000000	    -32.27311818	     -0.00000000	   -357.81081267	     -0.00000000	     -0.00000000	     -0.00000000
      1.54000000	   3045.48524011	     -0.00000000	     -0.00000000	     -4.34689176	      0.00000000	   -387.45892393	     -0.00000000	     -0.00000000	      0.00000000
      1.54100000	   1819.19889447	      0.00000000	     -0.00000000	     -0.00000000	      5.21117178	   -110.39952069	     -0.00000000	     -0.00000000	      0.00000000
      1.54200000	   1752.55194902	     -0.00000000	      0.00000000	    -16.00435481	      0.00000000	   -113.02606831	      0.00000000	     -0.00000000	     -0.00000000
      1.54300000	   2732.15204268	     -0.00000000	     -0.00000000	    -14.04653749	      0.00000000	   -138.06128740	      0.00000000	      0.00000000	      0.00000000
      1.54400000	   2863.75114560	     -0.00000000	      0.00000000	     -0.00000000	      1.64288599	   -352.78822923	      0.00000000	      0.00000000	     -0.00000000
      1.54500000	   2669.66428054	     -0.00000000	      0.00000000	     -0.00000000	     -0.32919497	   -334.69637477	     -0.00000000	     -0.00000000	     -0.00000000
      1.54600000	   2945.06865978	     -0.00000000	     -0.00000000	    -26.23049091	      0.00000000	   -333.19951149	     -0.00000000	      0.00000000	     -0.00000000
      1.54700000	   2114.41847137	     -0.00000000	     -0.00000000	     -0.00000000	      5.18420088	    -57.63935895	     -0.00000000	     -0.00000000	     -0.00000000
      1.54800000	   2871.25024514	     -0.00000000	     -0.00000000	     -0.00000000	      1.38908729	   -396.26333504	      0.00000000	      0.00000000	      0.00000000
      1.54900000	   3327.28091484	     -0.00000000	     -0.00000000	     -0.00000000	      0.87051944	   -458.44299550	     -0.00000000	     -0.00000000	     -0.00000000
      1.55000000	   2465.80623164	      0.00000000	     -0.00000000	     -5.05731012	     -0.00000000	   -629.63859864	      0.00000000	     -0.00000000	     -0.00000000
      1.55100000	   3145.82696295	     -0.00000000	      0.00000000	     -9.61397484	      0.00000000	   -420.48418065	      0.00000000	      0.00000000	     -0.00000000
      1.55200000	   3318.95503135	     -0.00000000	     -0.00000000	     -6.04507755	     -0.00988678	   -408.37838549	      0.00000000	     -0.00000000	     -0.00000000
      1.55300000	   3566.19265977	      0.00000000	      0.00000000	     -0.00000000	      0.43999824	   -315.82095225	     -0.00000000	      0.00000000	      0.00000000
      1.55400000	   1916.37575574	     -0.00000000	     -0.00000000	     -3.66976769	     -0.26827137	   -393.76541176	     -0.00000000	     -0.00000000	      0.00000000
      1.55500000	   2994.75269657	     -0.00000000	     -0.00000000	    -25.68718381	      0.00000000	   -339.87732172	     -0.00000000	     -0.00000000	     -0.00000000
      1.55600000	   3182.41863211	      0.00000000	     -0.00000000	     -0.00000000	      4.21940045	   -309.28322043	     -0.00000000	     -0.00000000	     -0.00000000
      1.55700000	   3957.64381266	     -0.00000000	      0.00000000	    -23.72952567	     -0.00000000	   -544.37919648	     -0.00000000	      0.00000000	      0.00000000
      1.55800000	   2504.64343668	      0.00000000	     -0.00000000	    -27.88708902	      0.00000000	   -260.59911537	     -0.00000000	      0.00000000	      0.00000000
      1.55900000	   2023.03251950	     -0.00000000	     -0.00000000	     -0.00000000	      2.35883911	   -234.75207363	     -0.00000000	     -0.00000000	      0.00000000
      1.56000000	   2713.54693550	      0.00000000	      0.00000000	     -0.00000000	      1.76160961	   -395.20685637	     -0.00000000	      0.00000000	     -0.00000000
      1.56100000	   3414.26555248	     -0.00000000	      0.00000000	     -6.84691838	      0.00000000	   -251.29302218	      0.00000000	     -0.00000000	     -0.00000000
      1.56200000	   3393.29810773	     -0.00000000	      0.00000000	    -22.36293633	      0.48652122	   -215.72568234	     -0.00000000	      0.00000000	      0.00000000
      1.56300000	   2637.23525769	      0.00000000	     -0.00000000	     -1.12762194	     -0.00000000	   -275.41458471	     -0.00000000	      0.00000000	     -0.00000000
      1.56400000	   2494.96480615	     -0.00000000	     -0.00000000	     -2.03139180	      3.41537195	    -97.92406724	      0.00000000	      0.00000000	     -0.00000000
      1.56500000	   2538.98227429	     -0.00000000	     -0.00000000	     -0.00000000	     -0.32464877	   -433.76288286	     -0.00000000	     -0.00000000	     -0.00000000
      1.56600000	   3054.94274414	     -0.00000000	      0.00000000	    -24.57760064	      0.00000000	   -265.38646629	     -0.00000000	      0.00000000	      0.00000000
      1.56700000	   2328.93892966	      0.00000000	     -0.00000000	     -0.00000000	     -0.98184493	   -290.05645464	     -0.00000000	      0.00000000	     -0.00000000
      1.56800000	   3206.48849967	      0.00000000	      0.00000000	    -27.89264366	      0.00000000	   -213.15233792	      0.00000000	      0.00000000	     -0.00000000
      1.56900000	   3317.12520923	      0.00000000	      0.00000000	     -3.10574618	      0.84020149	   -272.32967769	      0.00000000	      0.00000000	      0.00000000
      1.57000000	   2155.65311525	     -0.00000000	     -0.00000000	     -0.00000000	      1.75827019	   -153.96163325	     -0.00000000	      0.00000000	     -0.00000000
      1.57100000	   1598.82365736	      0.00000000	      0.00000000	    -10.13326660	      3.83207163	    -25.34325376	      0.00000000	      0.00000000	      0.00000000
      1.57200000	   2649.55438349	     -0.00000000	      0.00000000	     -0.00000000	      0.26443964	   -466.37981409	      0.00000000	      0.00000000	      0.00000000
      1.57300000	   2953.19305875	      0.00000000	     -0.00000000	    -18.62408369	      0.00000000	   -362.53736047	     -0.00000000	     -0.00000000	     -0.00000000
      1.57400000	   2703.39871440	      0.00000000	     -0.00000000	     -0.00000000	      3.11258454	   -425.05334472	     -0.00000000	     -0.00000000	     -0.00000000
      1.57500000	   2109.27066215	     -0.00000000	      0.00000000	    -16.51373880	     -0.00000000	   -490.48134454	     -0.00000000	     -0.00000000	      0.00000000
