MomentArm_ankle_angle_r
version=1
nRows=1575
nColumns=10
inDegrees=no

This analysis gathers basic information about muscles during a simulation (e.g., forces, tendon lengths, moment arms, etc).
Units are S.I. units (second, meters, Newtons, ...)
If the header above contains a line with 'inDegrees', this indicates whether rotational values are in degrees (yes) or radians (no).

endheader
time	bflh_r	bfsh_r	gasmed_r	glmax2_r	iliacus_r	recfem_r	soleus_r	tibant_r	vasmed_r
      0.00100000	      0.00000000	      0.00000000	     -0.04418924	      0.00000000	      0.00000000	      0.00000000	     -0.04418428	      0.04511681	      0.00000000
      0.00200000	      0.00000000	      0.00000000	     -0.04332832	      0.00000000	      0.00000000	      0.00000000	     -0.04090811	      0.05149925	      0.00000000
      0.00300000	      0.00000000	      0.00000000	     -0.04550374	      0.00000000	      0.00000000	      0.00000000	     -0.04430793	      0.04863070	      0.00000000
      0.00400000	      0.00000000	      0.00000000	     -0.04493582	      0.00000000	      0.00000000	      0.00000000	     -0.04326980	      0.04979581	      0.00000000
      0.00500000	      0.00000000	      0.00000000	     -0.03740138	      0.00000000	      0.00000000	      0.00000000	     -0.03383068	      0.05038884	      0.00000000
      0.00600000	      0.00000000	      0.00000000	     -0.03979675	      0.00000000	      0.00000000	      0.00000000	     -0.03679378	      0.05063343	      0.00000000
      0.00700000	      0.00000000	      0.00000000	     -0.03884493	      0.00000000	      0.00000000	      0.00000000	     -0.03538294	      0.05192248	      0.00000000
      0.00800000	      0.00000000	      0.00000000	     -0.04351133	      0.00000000	      0.00000000	      0.00000000	     -0.04340179	      0.04472703	      0.00000000
      0.00900000	      0.00000000	      0.00000000	     -0.04060798	      0.00000000	      0.00000000	      0.00000000	     -0.03927257	      0.04417637	      0.00000000
      0.01000000	      0.00000000	      0.00000000	     -0.04303926	      0.00000000	      0.00000000	      0.00000000	     -0.03998473	      0.05234353	      0.00000000
      0.01100000	      0.00000000	      0.00000000	     -0.04476814	      0.00000000	      0.00000000	      0.00000000	     -0.04515266	      0.04473242	      0.00000000
      0.01200000	      0.00000000	      0.00000000	     -0.04404556	      0.00000000	      0.00000000	      0.00000000	     -0.04483576	      0.04323603	      0.00000000
      0.01300000	      0.00000000	      0.00000000	     -0.03981050	      0.00000000	      0.00000000	      0.00000000	     -0.03707599	      0.04915391	      0.00000000
      0.01400000	      0.00000000	      0.00000000	     -0.03782958	      0.00000000	      0.00000000	      0.00000000	     -0.03527206	      0.04472910	      0.00000000
      0.01500000	      0.00000000	      0.00000000	     -0.04408707	      0.00000000	      0.00000000	      0.00000000	     -0.04226325	      0.05008181	      0.00000000
      0.01600000	      0.00000000	      0.00000000	     -0.04023971	      0.00000000	      0.00000000	      0.00000000	     -0.03841411	      0.04550108	      0.00000000
      0.01700000	      0.00000000	      0.00000000	     -0.04077897	      0.00000000	      0.00000000	      0.00000000	     -0.03910862	      0.04593571	      0.00000000
      0.01800000	      0.00000000	      0.00000000	     -0.04536361	      0.00000000	      0.00000000	      0.00000000	     -0.04564232	      0.04508962	      0.00000000
      0.01900000	      0.00000000	      0.00000000	     -0.04392090	      0.00000000	      0.00000000	      0.00000000	     -0.04292086	      0.04748888	      0.00000000
      0.02000000	      0.00000000	      0.00000000	     -0.04374722	      0.00000000	      0.00000000	      0.00000000	     -0.04325321	      0.04591883	      0.00000000
      0.02100000	      0.00000000	      0.00000000	     -0.04048858	      0.00000000	      0.00000000	      0.00000000	     -0.04079379	      0.03978660	      0.00000000
      0.02200000	      0.00000000	      0.00000000	     -0.03935815	      0.00000000	      0.00000000	      0.00000000	     -0.03524746	      0.05441644	      0.00000000
      0.02300000	      0.00000000	      0.00000000	     -0.03990093	      0.00000000	      0.00000000	      0.00000000	     -0.03753031	      0.04743410	      0.00000000
      0.02400000	      0.00000000	      0.00000000	     -0.04042325	      0.00000000	      0.00000000	      0.00000000	     -0.03691343	      0.05342835	      0.00000000
      0.02500000	      0.00000000	      0.00000000	     -0.04251447	      0.00000000	      0.00000000	      0.00000000	     -0.04171760	      0.04530161	      0.00000000
      0.02600000	      0.00000000	      0.00000000	     -0.04102639	      0.00000000	      0.00000000	      0.00000000	     -0.04008720	      0.04354377	      0.00000000
      0.02700000	      0.00000000	      0.00000000	     -0.04066526	      0.00000000	      0.00000000	      0.00000000	     -0.04023063	      0.04157978	      0.00000000
      0.02800000	      0.00000000	      0.00000000	     -0.04070735	      0.00000000	      0.00000000	      0.00000000	     -0.03955468	      0.04383156	      0.00000000
      0.02900000	      0.00000000	      0.00000000	     -0.04447571	      0.00000000	      0.00000000	      0.00000000	     -0.04233393	      0.05074412	      0.00000000
      0.03000000	      0.00000000	      0.00000000	     -0.04064463	      0.00000000	      0.00000000	      0.00000000	     -0.03845111	      0.04775215	      0.00000000
      0.03100000	      0.00000000	      0.00000000	     -0.04431583	      0.00000000	      0.00000000	      0.00000000	     -0.04275512	      0.04940776	      0.00000000
      0.03200000	      0.00000000	      0.00000000	     -0.03980631	      0.00000000	      0.00000000	      0.00000000	     -0.04050155	      0.03809970	      0.00000000
      0.03300000	      0.00000000	      0.00000000	     -0.04146832	      0.00000000	      0.00000000	      0.00000000	     -0.03838988	      0.05254849	      0.00000000
      0.03400000	      0.00000000	      0.00000000	     -0.04367402	      0.00000000	      0.00000000	      0.00000000	     -0.04355121	      0.04494037	      0.00000000
      0.03500000	      0.00000000	      0.00000000	     -0.03917510	      0.00000000	      0.00000000	      0.00000000	     -0.03547080	      0.05347793	      0.00000000
      0.03600000	      0.00000000	      0.00000000	     -0.04522908	      0.00000000	      0.00000000	      0.00000000	     -0.04544652	      0.04521903	      0.00000000
      0.03700000	      0.00000000	      0.00000000	     -0.03983557	      0.00000000	      0.00000000	      0.00000000	     -0.03575412	      0.05402325	      0.00000000
      0.03800000	      0.00000000	      0.00000000	     -0.04095128	      0.00000000	      0.00000000	      0.00000000	     -0.04186758	      0.03950933	      0.00000000
      0.03900000	      0.00000000	      0.00000000	     -0.04244726	      0.00000000	      0.00000000	      0.00000000	     -0.04285266	      0.04233069	      0.00000000
      0.04000000	      0.00000000	      0.00000000	     -0.04506931	      0.00000000	      0.00000000	      0.00000000	     -0.04593754	      0.04360309	      0.00000000
      0.04100000	      0.00000000	      0.00000000	     -0.04145659	      0.00000000	      0.00000000	      0.00000000	     -0.03932908	      0.04866368	      0.00000000
      0.04200000	      0.00000000	      0.00000000	     -0.04091775	      0.00000000	      0.00000000	      0.00000000	     -0.03829767	      0.05032994	      0.00000000
      0.04300000	      0.00000000	      0.00000000	     -0.04471713	      0.00000000	      0.00000000	      0.00000000	     -0.04362146	      0.04834741	      0.00000000
      0.04400000	      0.00000000	      0.00000000	     -0.04044137	      0.00000000	      0.00000000	      0.00000000	     -0.03668269	      0.05396105	      0.00000000
      0.04500000	      0.00000000	      0.00000000	     -0.04106679	      0.00000000	      0.00000000	      0.00000000	     -0.03947061	      0.04588678	      0.00000000
      0.04600000	      0.00000000	      0.00000000	     -0.04199428	      0.00000000	      0.00000000	      0.00000000	     -0.04010443	      0.04844071	      0.00000000
      0.04700000	      0.00000000	      0.00000000	     -0.04173423	      0.00000000	      0.00000000	      0.00000000	     -0.03907592	      0.05116757	      0.00000000
      0.04800000	      0.00000000	      0.00000000	     -0.04342715	      0.00000000	      0.00000000	      0.00000000	     -0.04341018	      0.04438753	      0.00000000
      0.04900000	      0.00000000	      0.00000000	     -0.04560937	      0.00000000	      0.00000000	      0.00000000	     -0.04463001	      0.04813625	      0.00000000
      0.05000000	      0.00000000	      0.00000000	     -0.04076659	      0.00000000	      0.00000000	      0.00000000	     -0.03754425	      0.05273468	      0.00000000
      0.05100000	      0.00000000	      0.00000000	     -0.04505486	      0.00000000	      0.00000000	      0.00000000	     -0.04482503	      0.04624299	      0.00000000
      0.05200000	      0.00000000	      0.00000000	     -0.04024175	      0.00000000	      0.00000000	      0.00000000	     -0.04114940	      0.03848579	      0.00000000
      0.05300000	      0.00000000	      0.00000000	     -0.04155214	      0.00000000	      0.00000000	      0.00000000	     -0.04092192	      0.04350241	      0.00000000
      0.05400000	      0.00000000	      0.00000000	     -0.04469978	      0.00000000	      0.00000000	      0.00000000	     -0.04495882	      0.04488055	      0.00000000
      0.05500000	      0.00000000	      0.00000000	     -0.04306239	      0.00000000	      0.00000000	      0.00000000	     -0.04132677	      0.04916283	      0.00000000
      0.05600000	      0.00000000	      0.00000000	     -0.03948589	      0.00000000	      0.00000000	      0.00000000	     -0.03714109	      0.04672787	      0.00000000
      0.05700000	      0.00000000	      0.00000000	     -0.04442196	      0.00000000	      0.00000000	      0.00000000	     -0.04246822	      0.05041884	      0.00000000
      0.05800000	      0.00000000	      0.00000000	     -0.04201410	      0.00000000	      0.00000000	      0.00000000	     -0.03965733	      0.05023744	      0.00000000
      0.05900000	      0.00000000	      0.00000000	     -0.04204041	      0.00000000	      0.00000000	      0.00000000	     -0.04118610	      0.04500441	      0.00000000
      0.06000000	      0.00000000	      0.00000000	     -0.04230844	      0.00000000	      0.00000000	      0.00000000	     -0.04383269	      0.04032940	      0.00000000
      0.06100000	      0.00000000	      0.00000000	     -0.03860166	      0.00000000	      0.00000000	      0.00000000	     -0.03520665	      0.05108575	      0.00000000
      0.06200000	      0.00000000	      0.00000000	     -0.03947226	      0.00000000	      0.00000000	      0.00000000	     -0.03633189	      0.05084830	      0.00000000
      0.06300000	      0.00000000	      0.00000000	     -0.04548996	      0.00000000	      0.00000000	      0.00000000	     -0.04611232	      0.04425511	      0.00000000
      0.06400000	      0.00000000	      0.00000000	     -0.04387144	      0.00000000	      0.00000000	      0.00000000	     -0.04239548	      0.04886686	      0.00000000
      0.06500000	      0.00000000	      0.00000000	     -0.04197076	      0.00000000	      0.00000000	      0.00000000	     -0.03965239	      0.05012905	      0.00000000
      0.06600000	      0.00000000	      0.00000000	     -0.04061779	      0.00000000	      0.00000000	      0.00000000	     -0.04097241	      0.03994007	      0.00000000
      0.06700000	      0.00000000	      0.00000000	     -0.04064015	      0.00000000	      0.00000000	      0.00000000	     -0.03870436	      0.04667695	      0.00000000
      0.06800000	      0.00000000	      0.00000000	     -0.04316405	      0.00000000	      0.00000000	      0.00000000	     -0.04120985	      0.04983876	      0.00000000
      0.06900000	      0.00000000	      0.00000000	     -0.04028415	      0.00000000	      0.00000000	      0.00000000	     -0.04016192	      0.04022894	      0.00000000
      0.07000000	      0.00000000	      0.00000000	     -0.04587352	      0.00000000	      0.00000000	      0.00000000	     -0.04598209	      0.04549153	      0.00000000
      0.07100000	      0.00000000	      0.00000000	     -0.04113060	      0.00000000	      0.00000000	      0.00000000	     -0.03755491	      0.05362014	      0.00000000
      0.07200000	      0.00000000	      0.00000000	     -0.04468518	      0.00000000	      0.00000000	      0.00000000	     -0.04377616	      0.04778834	      0.00000000
      0.07300000	      0.00000000	      0.00000000	     -0.04516576	      0.00000000	      0.00000000	      0.00000000	     -0.04451136	      0.04737705	      0.00000000
      0.07400000	      0.00000000	      0.00000000	     -0.03985453	      0.00000000	      0.00000000	      0.00000000	     -0.03705658	      0.04972768	      0.00000000
      0.07500000	      0.00000000	      0.00000000	     -0.04223753	      0.00000000	      0.00000000	      0.00000000	     -0.03886988	      0.05292069	      0.00000000
      0.07600000	      0.00000000	      0.00000000	     -0.04504835	      0.00000000	      0.00000000	      0.00000000	     -0.04564543	      0.04424228	      0.00000000
      0.07700000	      0.00000000	      0.00000000	     -0.04387343	      0.00000000	      0.00000000	      0.00000000	     -0.04382622	      0.04494526	      0.00000000
      0.07800000	      0.00000000	      0.00000000	     -0.03855872	      0.00000000	      0.00000000	      0.00000000	     -0.03607877	      0.04563706	      0.00000000
      0.07900000	      0.00000000	      0.00000000	     -0.04221544	      0.00000000	      0.00000000	      0.00000000	     -0.04266304	      0.04201287	      0.00000000
      0.08000000	      0.00000000	      0.00000000	     -0.04311781	      0.00000000	      0.00000000	      0.00000000	     -0.04446276	      0.04140346	      0.00000000
      0.08100000	      0.00000000	      0.00000000	     -0.03787502	      0.00000000	      0.00000000	      0.00000000	     -0.03485715	      0.04754770	      0.00000000
      0.08200000	      0.00000000	      0.00000000	     -0.04312871	      0.00000000	      0.00000000	      0.00000000	     -0.04349802	      0.04322970	      0.00000000
      0.08300000	      0.00000000	      0.00000000	     -0.04338108	      0.00000000	      0.00000000	      0.00000000	     -0.04060467	      0.05204687	      0.00000000
      0.08400000	      0.00000000	      0.00000000	     -0.04324021	      0.00000000	      0.00000000	      0.00000000	     -0.04393814	      0.04282101	      0.00000000
      0.08500000	      0.00000000	      0.00000000	     -0.04451592	      0.00000000	      0.00000000	      0.00000000	     -0.04257261	      0.05040400	      0.00000000
      0.08600000	      0.00000000	      0.00000000	     -0.04205237	      0.00000000	      0.00000000	      0.00000000	     -0.04151971	      0.04406441	      0.00000000
      0.08700000	      0.00000000	      0.00000000	     -0.03842255	      0.00000000	      0.00000000	      0.00000000	     -0.03572683	      0.04676474	      0.00000000
      0.08800000	      0.00000000	      0.00000000	     -0.04458209	      0.00000000	      0.00000000	      0.00000000	     -0.04331775	      0.04872847	      0.00000000
      0.08900000	      0.00000000	      0.00000000	     -0.04321214	      0.00000000	      0.00000000	      0.00000000	     -0.04129633	      0.04977508	      0.00000000
      0.09000000	      0.00000000	      0.00000000	     -0.04201847	      0.00000000	      0.00000000	      0.00000000	     -0.03917704	      0.05206236	      0.00000000
      0.09100000	      0.00000000	      0.00000000	     -0.04102189	      0.00000000	      0.00000000	      0.00000000	     -0.03757319	      0.05348439	      0.00000000
      0.09200000	      0.00000000	      0.00000000	     -0.04044535	      0.00000000	      0.00000000	      0.00000000	     -0.04217878	      0.03792157	      0.00000000
      0.09300000	      0.00000000	      0.00000000	     -0.04121901	      0.00000000	      0.00000000	      0.00000000	     -0.03894339	      0.04894186	      0.00000000
      0.09400000	      0.00000000	      0.00000000	     -0.04580537	      0.00000000	      0.00000000	      0.00000000	     -0.04477619	      0.04814041	      0.00000000
      0.09500000	      0.00000000	      0.00000000	     -0.04056696	      0.00000000	      0.00000000	      0.00000000	     -0.03871104	      0.04616146	      0.00000000
      0.09600000	      0.00000000	      0.00000000	     -0.04545530	      0.00000000	      0.00000000	      0.00000000	     -0.04483929	      0.04729818	      0.00000000
      0.09700000	      0.00000000	      0.00000000	     -0.04006220	      0.00000000	      0.00000000	      0.00000000	     -0.03928787	      0.04144913	      0.00000000
      0.09800000	      0.00000000	      0.00000000	     -0.04426414	      0.00000000	      0.00000000	      0.00000000	     -0.04516111	      0.04318065	      0.00000000
      0.09900000	      0.00000000	      0.00000000	     -0.04238025	      0.00000000	      0.00000000	      0.00000000	     -0.04076150	      0.04783652	      0.00000000
      0.10000000	      0.00000000	      0.00000000	     -0.04487270	      0.00000000	      0.00000000	      0.00000000	     -0.04293674	      0.05024444	      0.00000000
      0.10100000	      0.00000000	      0.00000000	     -0.04240477	      0.00000000	      0.00000000	      0.00000000	     -0.04159327	      0.04519634	      0.00000000
      0.10200000	      0.00000000	      0.00000000	     -0.04002136	      0.00000000	      0.00000000	      0.00000000	     -0.03878931	      0.04286756	      0.00000000
      0.10300000	      0.00000000	      0.00000000	     -0.04567075	      0.00000000	      0.00000000	      0.00000000	     -0.04548774	      0.04625383	      0.00000000
      0.10400000	      0.00000000	      0.00000000	     -0.04214318	      0.00000000	      0.00000000	      0.00000000	     -0.03960106	      0.05108815	      0.00000000
      0.10500000	      0.00000000	      0.00000000	     -0.04266817	      0.00000000	      0.00000000	      0.00000000	     -0.04343449	      0.04194127	      0.00000000
      0.10600000	      0.00000000	      0.00000000	     -0.03944131	      0.00000000	      0.00000000	      0.00000000	     -0.03683509	      0.04788962	      0.00000000
      0.10700000	      0.00000000	      0.00000000	     -0.03956193	      0.00000000	      0.00000000	      0.00000000	     -0.04113647	      0.03685924	      0.00000000
      0.10800000	      0.00000000	      0.00000000	     -0.04399192	      0.00000000	      0.00000000	      0.00000000	     -0.04140893	      0.05149324	      0.00000000
      0.10900000	      0.00000000	      0.00000000	     -0.04293903	      0.00000000	      0.00000000	      0.00000000	     -0.04247596	      0.04492130	      0.00000000
      0.11000000	      0.00000000	      0.00000000	     -0.04416179	      0.00000000	      0.00000000	      0.00000000	     -0.04180307	      0.05120644	      0.00000000
      0.11100000	      0.00000000	      0.00000000	     -0.04137017	      0.00000000	      0.00000000	      0.00000000	     -0.04048915	      0.04399262	      0.00000000
      0.11200000	      0.00000000	      0.00000000	     -0.04481070	      0.00000000	      0.00000000	      0.00000000	     -0.04576464	      0.04336971	      0.00000000
      0.11300000	      0.00000000	      0.00000000	     -0.04085216	      0.00000000	      0.00000000	      0.00000000	     -0.04029610	      0.04222259	      0.00000000
      0.11400000	      0.00000000	      0.00000000	     -0.04068709	      0.00000000	      0.00000000	      0.00000000	     -0.03711332	      0.05367301	      0.00000000
      0.11500000	      0.00000000	      0.00000000	     -0.04092018	      0.00000000	      0.00000000	      0.00000000	     -0.03896047	      0.04713604	      0.00000000
      0.11600000	      0.00000000	      0.00000000	     -0.04435703	      0.00000000	      0.00000000	      0.00000000	     -0.04502933	      0.04371920	      0.00000000
      0.11700000	      0.00000000	      0.00000000	     -0.04072532	      0.00000000	      0.00000000	      0.00000000	     -0.03775246	      0.05165540	      0.00000000
      0.11800000	      0.00000000	      0.00000000	     -0.04207127	      0.00000000	      0.00000000	      0.00000000	     -0.03987129	      0.04967599	      0.00000000
      0.11900000	      0.00000000	      0.00000000	     -0.04488496	      0.00000000	      0.00000000	      0.00000000	     -0.04517048	      0.04494152	      0.00000000
      0.12000000	      0.00000000	      0.00000000	     -0.04391607	      0.00000000	      0.00000000	      0.00000000	     -0.04249173	      0.04874054	      0.00000000
      0.12100000	      0.00000000	      0.00000000	     -0.04539526	      0.00000000	      0.00000000	      0.00000000	     -0.04510182	      0.04651417	      0.00000000
      0.12200000	      0.00000000	      0.00000000	     -0.04509988	      0.00000000	      0.00000000	      0.00000000	     -0.04640458	      0.04259367	      0.00000000
      0.12300000	      0.00000000	      0.00000000	     -0.04210947	      0.00000000	      0.00000000	      0.00000000	     -0.03919250	      0.05233965	      0.00000000
      0.12400000	      0.00000000	      0.00000000	     -0.04341319	      0.00000000	      0.00000000	      0.00000000	     -0.04441033	      0.04228965	      0.00000000
      0.12500000	      0.00000000	      0.00000000	     -0.04226318	      0.00000000	      0.00000000	      0.00000000	     -0.04221226	      0.04314458	      0.00000000
      0.12600000	      0.00000000	      0.00000000	     -0.04086652	      0.00000000	      0.00000000	      0.00000000	     -0.03798103	      0.05130200	      0.00000000
      0.12700000	      0.00000000	      0.00000000	     -0.04079158	      0.00000000	      0.00000000	      0.00000000	     -0.04102897	      0.04042043	      0.00000000
      0.12800000	      0.00000000	      0.00000000	     -0.04048556	      0.00000000	      0.00000000	      0.00000000	     -0.04207717	      0.03813303	      0.00000000
      0.12900000	      0.00000000	      0.00000000	     -0.04196231	      0.00000000	      0.00000000	      0.00000000	     -0.04146479	      0.04375180	      0.00000000
      0.13000000	      0.00000000	      0.00000000	     -0.04202001	      0.00000000	      0.00000000	      0.00000000	     -0.03888283	      0.05288495	      0.00000000
      0.13100000	      0.00000000	      0.00000000	     -0.04043374	      0.00000000	      0.00000000	      0.00000000	     -0.04021431	      0.04069675	      0.00000000
      0.13200000	      0.00000000	      0.00000000	     -0.04377571	      0.00000000	      0.00000000	      0.00000000	     -0.04432877	      0.04349793	      0.00000000
      0.13300000	      0.00000000	      0.00000000	     -0.04099332	      0.00000000	      0.00000000	      0.00000000	     -0.03991948	      0.04391550	      0.00000000
      0.13400000	      0.00000000	      0.00000000	     -0.04479488	      0.00000000	      0.00000000	      0.00000000	     -0.04282559	      0.05033339	      0.00000000
      0.13500000	      0.00000000	      0.00000000	     -0.04303418	      0.00000000	      0.00000000	      0.00000000	     -0.04000920	      0.05237212	      0.00000000
      0.13600000	      0.00000000	      0.00000000	     -0.04240512	      0.00000000	      0.00000000	      0.00000000	     -0.03967930	      0.05195977	      0.00000000
      0.13700000	      0.00000000	      0.00000000	     -0.04213600	      0.00000000	      0.00000000	      0.00000000	     -0.04031991	      0.04827928	      0.00000000
      0.13800000	      0.00000000	      0.00000000	     -0.04397286	      0.00000000	      0.00000000	      0.00000000	     -0.04543130	      0.04183184	      0.00000000
      0.13900000	      0.00000000	      0.00000000	     -0.03991334	      0.00000000	      0.00000000	      0.00000000	     -0.04181470	      0.03709375	      0.00000000
      0.14000000	      0.00000000	      0.00000000	     -0.04132283	      0.00000000	      0.00000000	      0.00000000	     -0.03774235	      0.05353100	      0.00000000
      0.14100000	      0.00000000	      0.00000000	     -0.04605749	      0.00000000	      0.00000000	      0.00000000	     -0.04574959	      0.04644764	      0.00000000
      0.14200000	      0.00000000	      0.00000000	     -0.04342388	      0.00000000	      0.00000000	      0.00000000	     -0.04338837	      0.04442589	      0.00000000
      0.14300000	      0.00000000	      0.00000000	     -0.04253896	      0.00000000	      0.00000000	      0.00000000	     -0.04026549	      0.05049037	      0.00000000
      0.14400000	      0.00000000	      0.00000000	     -0.04380890	      0.00000000	      0.00000000	      0.00000000	     -0.04206824	      0.04964187	      0.00000000
      0.14500000	      0.00000000	      0.00000000	     -0.04233294	      0.00000000	      0.00000000	      0.00000000	     -0.04145830	      0.04530280	      0.00000000
      0.14600000	      0.00000000	      0.00000000	     -0.04273519	      0.00000000	      0.00000000	      0.00000000	     -0.04373566	      0.04159601	      0.00000000
      0.14700000	      0.00000000	      0.00000000	     -0.04506693	      0.00000000	      0.00000000	      0.00000000	     -0.04600776	      0.04342660	      0.00000000
      0.14800000	      0.00000000	      0.00000000	     -0.04211092	      0.00000000	      0.00000000	      0.00000000	     -0.04048656	      0.04750069	      0.00000000
      0.14900000	      0.00000000	      0.00000000	     -0.04528679	      0.00000000	      0.00000000	      0.00000000	     -0.04569229	      0.04477135	      0.00000000
      0.15000000	      0.00000000	      0.00000000	     -0.04424531	      0.00000000	      0.00000000	      0.00000000	     -0.04343605	      0.04734636	      0.00000000
      0.15100000	      0.00000000	      0.00000000	     -0.03944122	      0.00000000	      0.00000000	      0.00000000	     -0.03688501	      0.04764279	      0.00000000
      0.15200000	      0.00000000	      0.00000000	     -0.03971734	      0.00000000	      0.00000000	      0.00000000	     -0.03687281	      0.04964191	      0.00000000
      0.15300000	      0.00000000	      0.00000000	     -0.04330956	      0.00000000	      0.00000000	      0.00000000	     -0.04032462	      0.05211208	      0.00000000
      0.15400000	      0.00000000	      0.00000000	     -0.04336292	      0.00000000	      0.00000000	      0.00000000	     -0.04424779	      0.04250699	      0.00000000
      0.15500000	      0.00000000	      0.00000000	     -0.04263819	      0.00000000	      0.00000000	      0.00000000	     -0.04300988	      0.04271789	      0.00000000
      0.15600000	      0.00000000	      0.00000000	     -0.03930283	      0.00000000	      0.00000000	      0.00000000	     -0.04093293	      0.03645170	      0.00000000
      0.15700000	      0.00000000	      0.00000000	     -0.04103259	      0.00000000	      0.00000000	      0.00000000	     -0.04225976	      0.03923132	      0.00000000
      0.15800000	      0.00000000	      0.00000000	     -0.04120840	      0.00000000	      0.00000000	      0.00000000	     -0.04326134	      0.03849189	      0.00000000
      0.15900000	      0.00000000	      0.00000000	     -0.04347859	      0.00000000	      0.00000000	      0.00000000	     -0.04298334	      0.04566590	      0.00000000
      0.16000000	      0.00000000	      0.00000000	     -0.04550428	      0.00000000	      0.00000000	      0.00000000	     -0.04464048	      0.04790979	      0.00000000
      0.16100000	      0.00000000	      0.00000000	     -0.04193956	      0.00000000	      0.00000000	      0.00000000	     -0.03939580	      0.05090907	      0.00000000
      0.16200000	      0.00000000	      0.00000000	     -0.04529212	      0.00000000	      0.00000000	      0.00000000	     -0.04467755	      0.04731704	      0.00000000
      0.16300000	      0.00000000	      0.00000000	     -0.04523528	      0.00000000	      0.00000000	      0.00000000	     -0.04385350	      0.04909851	      0.00000000
      0.16400000	      0.00000000	      0.00000000	     -0.04488317	      0.00000000	      0.00000000	      0.00000000	     -0.04510671	      0.04504986	      0.00000000
      0.16500000	      0.00000000	      0.00000000	     -0.04120704	      0.00000000	      0.00000000	      0.00000000	     -0.03936096	      0.04719545	      0.00000000
      0.16600000	      0.00000000	      0.00000000	     -0.03920855	      0.00000000	      0.00000000	      0.00000000	     -0.03694208	      0.04573840	      0.00000000
      0.16700000	      0.00000000	      0.00000000	     -0.04132269	      0.00000000	      0.00000000	      0.00000000	     -0.04143096	      0.04139871	      0.00000000
      0.16800000	      0.00000000	      0.00000000	     -0.04409389	      0.00000000	      0.00000000	      0.00000000	     -0.04577175	      0.04142975	      0.00000000
      0.16900000	      0.00000000	      0.00000000	     -0.04530587	      0.00000000	      0.00000000	      0.00000000	     -0.04632428	      0.04322247	      0.00000000
      0.17000000	      0.00000000	      0.00000000	     -0.04383793	      0.00000000	      0.00000000	      0.00000000	     -0.04247707	      0.04850913	      0.00000000
      0.17100000	      0.00000000	      0.00000000	     -0.04499304	      0.00000000	      0.00000000	      0.00000000	     -0.04539301	      0.04468928	      0.00000000
      0.17200000	      0.00000000	      0.00000000	     -0.04359016	      0.00000000	      0.00000000	      0.00000000	     -0.04180297	      0.04962217	      0.00000000
      0.17300000	      0.00000000	      0.00000000	     -0.04286928	      0.00000000	      0.00000000	      0.00000000	     -0.04154754	      0.04738561	      0.00000000
      0.17400000	      0.00000000	      0.00000000	     -0.04519077	      0.00000000	      0.00000000	      0.00000000	     -0.04340345	      0.04982633	      0.00000000
      0.17500000	      0.00000000	      0.00000000	     -0.04353804	      0.00000000	      0.00000000	      0.00000000	     -0.04149034	      0.05041061	      0.00000000
      0.17600000	      0.00000000	      0.00000000	     -0.04408690	      0.00000000	      0.00000000	      0.00000000	     -0.04160641	      0.05136350	      0.00000000
      0.17700000	      0.00000000	      0.00000000	     -0.04212470	      0.00000000	      0.00000000	      0.00000000	     -0.04166590	      0.04383611	      0.00000000
      0.17800000	      0.00000000	      0.00000000	     -0.04388442	      0.00000000	      0.00000000	      0.00000000	     -0.04492301	      0.04262332	      0.00000000
      0.17900000	      0.00000000	      0.00000000	     -0.04200545	      0.00000000	      0.00000000	      0.00000000	     -0.03866794	      0.05311979	      0.00000000
      0.18000000	      0.00000000	      0.00000000	     -0.04262487	      0.00000000	      0.00000000	      0.00000000	     -0.03982482	      0.05221271	      0.00000000
      0.18100000	      0.00000000	      0.00000000	     -0.04141767	      0.00000000	      0.00000000	      0.00000000	     -0.04318112	      0.03905084	      0.00000000
      0.18200000	      0.00000000	      0.00000000	     -0.04137643	      0.00000000	      0.00000000	      0.00000000	     -0.04021645	      0.04480772	      0.00000000
      0.18300000	      0.00000000	      0.00000000	     -0.04603575	      0.00000000	      0.00000000	      0.00000000	     -0.04572466	      0.04647933	      0.00000000
      0.18400000	      0.00000000	      0.00000000	     -0.04232935	      0.00000000	      0.00000000	      0.00000000	     -0.04428258	      0.03976882	      0.00000000
      0.18500000	      0.00000000	      0.00000000	     -0.03898468	      0.00000000	      0.00000000	      0.00000000	     -0.04118751	      0.03570042	      0.00000000
      0.18600000	      0.00000000	      0.00000000	     -0.04493394	      0.00000000	      0.00000000	      0.00000000	     -0.04344228	      0.04936921	      0.00000000
      0.18700000	      0.00000000	      0.00000000	     -0.04017760	      0.00000000	      0.00000000	      0.00000000	     -0.04100811	      0.03850560	      0.00000000
      0.18800000	      0.00000000	      0.00000000	     -0.04058190	      0.00000000	      0.00000000	      0.00000000	     -0.03898142	      0.04512393	      0.00000000
      0.18900000	      0.00000000	      0.00000000	     -0.04429785	      0.00000000	      0.00000000	      0.00000000	     -0.04396730	      0.04602831	      0.00000000
      0.19000000	      0.00000000	      0.00000000	     -0.04189376	      0.00000000	      0.00000000	      0.00000000	     -0.03988525	      0.04872310	      0.00000000
      0.19100000	      0.00000000	      0.00000000	     -0.04302184	      0.00000000	      0.00000000	      0.00000000	     -0.04016561	      0.05228844	      0.00000000
      0.19200000	      0.00000000	      0.00000000	     -0.04129704	      0.00000000	      0.00000000	      0.00000000	     -0.03983989	      0.04572879	      0.00000000
      0.19300000	      0.00000000	      0.00000000	     -0.04496785	      0.00000000	      0.00000000	      0.00000000	     -0.04483158	      0.04596122	      0.00000000
      0.19400000	      0.00000000	      0.00000000	     -0.04245448	      0.00000000	      0.00000000	      0.00000000	     -0.03947433	      0.05257267	      0.00000000
      0.19500000	      0.00000000	      0.00000000	     -0.04246495	      0.00000000	      0.00000000	      0.00000000	     -0.04383618	      0.04071339	      0.00000000
      0.19600000	      0.00000000	      0.00000000	     -0.04243624	      0.00000000	      0.00000000	      0.00000000	     -0.04192907	      0.04439142	      0.00000000
      0.19700000	      0.00000000	      0.00000000	     -0.04386732	      0.00000000	      0.00000000	      0.00000000	     -0.04293833	      0.04724123	      0.00000000
      0.19800000	      0.00000000	      0.00000000	     -0.04607261	      0.00000000	      0.00000000	      0.00000000	     -0.04544535	      0.04716108	      0.00000000
      0.19900000	      0.00000000	      0.00000000	     -0.04372779	      0.00000000	      0.00000000	      0.00000000	     -0.04514651	      0.04179890	      0.00000000
      0.20000000	      0.00000000	      0.00000000	     -0.04340829	      0.00000000	      0.00000000	      0.00000000	     -0.04405800	      0.04297258	      0.00000000
      0.20100000	      0.00000000	      0.00000000	     -0.04258560	      0.00000000	      0.00000000	      0.00000000	     -0.04237184	      0.04385272	      0.00000000
      0.20200000	      0.00000000	      0.00000000	     -0.04110671	      0.00000000	      0.00000000	      0.00000000	     -0.04025757	      0.04346274	      0.00000000
      0.20300000	      0.00000000	      0.00000000	     -0.04039529	      0.00000000	      0.00000000	      0.00000000	     -0.03932866	      0.04293009	      0.00000000
      0.20400000	      0.00000000	      0.00000000	     -0.04390136	      0.00000000	      0.00000000	      0.00000000	     -0.04205223	      0.05000883	      0.00000000
      0.20500000	      0.00000000	      0.00000000	     -0.04125991	      0.00000000	      0.00000000	      0.00000000	     -0.04336005	      0.03851082	      0.00000000
      0.20600000	      0.00000000	      0.00000000	     -0.04222118	      0.00000000	      0.00000000	      0.00000000	     -0.04336820	      0.04082723	      0.00000000
      0.20700000	      0.00000000	      0.00000000	     -0.04346691	      0.00000000	      0.00000000	      0.00000000	     -0.04417219	      0.04293269	      0.00000000
      0.20800000	      0.00000000	      0.00000000	     -0.04538505	      0.00000000	      0.00000000	      0.00000000	     -0.04498565	      0.04675991	      0.00000000
      0.20900000	      0.00000000	      0.00000000	     -0.04052951	      0.00000000	      0.00000000	      0.00000000	     -0.04235444	      0.03792270	      0.00000000
      0.21000000	      0.00000000	      0.00000000	     -0.04082808	      0.00000000	      0.00000000	      0.00000000	     -0.03869574	      0.04782955	      0.00000000
      0.21100000	      0.00000000	      0.00000000	     -0.04411396	      0.00000000	      0.00000000	      0.00000000	     -0.04462648	      0.04387164	      0.00000000
      0.21200000	      0.00000000	      0.00000000	     -0.04369160	      0.00000000	      0.00000000	      0.00000000	     -0.04514602	      0.04166398	      0.00000000
      0.21300000	      0.00000000	      0.00000000	     -0.04556655	      0.00000000	      0.00000000	      0.00000000	     -0.04394556	      0.04926404	      0.00000000
      0.21400000	      0.00000000	      0.00000000	     -0.04034409	      0.00000000	      0.00000000	      0.00000000	     -0.03813085	      0.04739395	      0.00000000
      0.21500000	      0.00000000	      0.00000000	     -0.04256014	      0.00000000	      0.00000000	      0.00000000	     -0.03955669	      0.05260377	      0.00000000
      0.21600000	      0.00000000	      0.00000000	     -0.04327763	      0.00000000	      0.00000000	      0.00000000	     -0.04174749	      0.04854963	      0.00000000
      0.21700000	      0.00000000	      0.00000000	     -0.04497399	      0.00000000	      0.00000000	      0.00000000	     -0.04511900	      0.04529627	      0.00000000
      0.21800000	      0.00000000	      0.00000000	     -0.04127533	      0.00000000	      0.00000000	      0.00000000	     -0.04360409	      0.03828960	      0.00000000
      0.21900000	      0.00000000	      0.00000000	     -0.04520294	      0.00000000	      0.00000000	      0.00000000	     -0.04485086	      0.04661486	      0.00000000
      0.22000000	      0.00000000	      0.00000000	     -0.04587533	      0.00000000	      0.00000000	      0.00000000	     -0.04620234	      0.04491665	      0.00000000
      0.22100000	      0.00000000	      0.00000000	     -0.04052614	      0.00000000	      0.00000000	      0.00000000	     -0.03880653	      0.04553484	      0.00000000
      0.22200000	      0.00000000	      0.00000000	     -0.04236314	      0.00000000	      0.00000000	      0.00000000	     -0.03913785	      0.05288238	      0.00000000
      0.22300000	      0.00000000	      0.00000000	     -0.04573994	      0.00000000	      0.00000000	      0.00000000	     -0.04654475	      0.04370075	      0.00000000
      0.22400000	      0.00000000	      0.00000000	     -0.04551807	      0.00000000	      0.00000000	      0.00000000	     -0.04452045	      0.04819327	      0.00000000
      0.22500000	      0.00000000	      0.00000000	     -0.04300561	      0.00000000	      0.00000000	      0.00000000	     -0.04093354	      0.05012661	      0.00000000
      0.22600000	      0.00000000	      0.00000000	     -0.04265464	      0.00000000	      0.00000000	      0.00000000	     -0.04144554	      0.04679663	      0.00000000
      0.22700000	      0.00000000	      0.00000000	     -0.04118797	      0.00000000	      0.00000000	      0.00000000	     -0.03989721	      0.04495682	      0.00000000
      0.22800000	      0.00000000	      0.00000000	     -0.04289360	      0.00000000	      0.00000000	      0.00000000	     -0.04282817	      0.04389493	      0.00000000
      0.22900000	      0.00000000	      0.00000000	     -0.04294242	      0.00000000	      0.00000000	      0.00000000	     -0.04034634	      0.05173226	      0.00000000
      0.23000000	      0.00000000	      0.00000000	     -0.04566649	      0.00000000	      0.00000000	      0.00000000	     -0.04577745	      0.04552102	      0.00000000
      0.23100000	      0.00000000	      0.00000000	     -0.04357346	      0.00000000	      0.00000000	      0.00000000	     -0.04287025	      0.04630492	      0.00000000
      0.23200000	      0.00000000	      0.00000000	     -0.03964808	      0.00000000	      0.00000000	      0.00000000	     -0.04203472	      0.03644740	      0.00000000
      0.23300000	      0.00000000	      0.00000000	     -0.04353827	      0.00000000	      0.00000000	      0.00000000	     -0.04534785	      0.04091291	      0.00000000
      0.23400000	      0.00000000	      0.00000000	     -0.04224541	      0.00000000	      0.00000000	      0.00000000	     -0.03879350	      0.05272303	      0.00000000
      0.23500000	      0.00000000	      0.00000000	     -0.04586310	      0.00000000	      0.00000000	      0.00000000	     -0.04539450	      0.04689264	      0.00000000
      0.23600000	      0.00000000	      0.00000000	     -0.04401131	      0.00000000	      0.00000000	      0.00000000	     -0.04191024	      0.05072608	      0.00000000
      0.23700000	      0.00000000	      0.00000000	     -0.04252106	      0.00000000	      0.00000000	      0.00000000	     -0.04027180	      0.05034849	      0.00000000
      0.23800000	      0.00000000	      0.00000000	     -0.04259469	      0.00000000	      0.00000000	      0.00000000	     -0.03963802	      0.05253435	      0.00000000
      0.23900000	      0.00000000	      0.00000000	     -0.04200342	      0.00000000	      0.00000000	      0.00000000	     -0.04433129	      0.03896844	      0.00000000
      0.24000000	      0.00000000	      0.00000000	     -0.04115339	      0.00000000	      0.00000000	      0.00000000	     -0.04041182	      0.04317009	      0.00000000
      0.24100000	      0.00000000	      0.00000000	     -0.04581252	      0.00000000	      0.00000000	      0.00000000	     -0.04458609	      0.04849095	      0.00000000
      0.24200000	      0.00000000	      0.00000000	     -0.04342495	      0.00000000	      0.00000000	      0.00000000	     -0.04317719	      0.04494443	      0.00000000
      0.24300000	      0.00000000	      0.00000000	     -0.04356921	      0.00000000	      0.00000000	      0.00000000	     -0.04518136	      0.04129518	      0.00000000
      0.24400000	      0.00000000	      0.00000000	     -0.04281988	      0.00000000	      0.00000000	      0.00000000	     -0.04086667	      0.04953049	      0.00000000
      0.24500000	      0.00000000	      0.00000000	     -0.04033207	      0.00000000	      0.00000000	      0.00000000	     -0.04133613	      0.03851045	      0.00000000
      0.24600000	      0.00000000	      0.00000000	     -0.04375562	      0.00000000	      0.00000000	      0.00000000	     -0.04491613	      0.04230985	      0.00000000
      0.24700000	      0.00000000	      0.00000000	     -0.04530815	      0.00000000	      0.00000000	      0.00000000	     -0.04363371	      0.04958579	      0.00000000
      0.24800000	      0.00000000	      0.00000000	     -0.04147321	      0.00000000	      0.00000000	      0.00000000	     -0.04296417	      0.03942772	      0.00000000
      0.24900000	      0.00000000	      0.00000000	     -0.04547130	      0.00000000	      0.00000000	      0.00000000	     -0.04539608	      0.04602635	      0.00000000
      0.25000000	      0.00000000	      0.00000000	     -0.04138951	      0.00000000	      0.00000000	      0.00000000	     -0.04230027	      0.04009455	      0.00000000
      0.25100000	      0.00000000	      0.00000000	     -0.04363112	      0.00000000	      0.00000000	      0.00000000	     -0.04284921	      0.04659666	      0.00000000
      0.25200000	      0.00000000	      0.00000000	     -0.04038997	      0.00000000	      0.00000000	      0.00000000	     -0.04162029	      0.03832362	      0.00000000
      0.25300000	      0.00000000	      0.00000000	     -0.04018714	      0.00000000	      0.00000000	      0.00000000	     -0.03832452	      0.04560800	      0.00000000
      0.25400000	      0.00000000	      0.00000000	     -0.04498489	      0.00000000	      0.00000000	      0.00000000	     -0.04304384	      0.05017610	      0.00000000
      0.25500000	      0.00000000	      0.00000000	     -0.04366941	      0.00000000	      0.00000000	      0.00000000	     -0.04437554	      0.04308283	      0.00000000
      0.25600000	      0.00000000	      0.00000000	     -0.04441442	      0.00000000	      0.00000000	      0.00000000	     -0.04267551	      0.04991375	      0.00000000
      0.25700000	      0.00000000	      0.00000000	     -0.04448082	      0.00000000	      0.00000000	      0.00000000	     -0.04650032	      0.04054395	      0.00000000
      0.25800000	      0.00000000	      0.00000000	     -0.04479099	      0.00000000	      0.00000000	      0.00000000	     -0.04417052	      0.04714129	      0.00000000
      0.25900000	      0.00000000	      0.00000000	     -0.04620476	      0.00000000	      0.00000000	      0.00000000	     -0.04557656	      0.04702131	      0.00000000
      0.26000000	      0.00000000	      0.00000000	     -0.04333416	      0.00000000	      0.00000000	      0.00000000	     -0.04383766	      0.04317426	      0.00000000
      0.26100000	      0.00000000	      0.00000000	     -0.04521856	      0.00000000	      0.00000000	      0.00000000	     -0.04424494	      0.04816269	      0.00000000
      0.26200000	      0.00000000	      0.00000000	     -0.04224074	      0.00000000	      0.00000000	      0.00000000	     -0.04061574	      0.04771114	      0.00000000
      0.26300000	      0.00000000	      0.00000000	     -0.04234487	      0.00000000	      0.00000000	      0.00000000	     -0.04433728	      0.03969616	      0.00000000
      0.26400000	      0.00000000	      0.00000000	     -0.03999447	      0.00000000	      0.00000000	      0.00000000	     -0.04197232	      0.03716355	      0.00000000
      0.26500000	      0.00000000	      0.00000000	     -0.04468848	      0.00000000	      0.00000000	      0.00000000	     -0.04643070	      0.04132638	      0.00000000
      0.26600000	      0.00000000	      0.00000000	     -0.04380691	      0.00000000	      0.00000000	      0.00000000	     -0.04502155	      0.04221373	      0.00000000
      0.26700000	      0.00000000	      0.00000000	     -0.04067183	      0.00000000	      0.00000000	      0.00000000	     -0.03863995	      0.04716115	      0.00000000
      0.26800000	      0.00000000	      0.00000000	     -0.04557477	      0.00000000	      0.00000000	      0.00000000	     -0.04600350	      0.04474359	      0.00000000
      0.26900000	      0.00000000	      0.00000000	     -0.04313404	      0.00000000	      0.00000000	      0.00000000	     -0.04297524	      0.04439207	      0.00000000
      0.27000000	      0.00000000	      0.00000000	     -0.04293073	      0.00000000	      0.00000000	      0.00000000	     -0.04002960	      0.05237930	      0.00000000
      0.27100000	      0.00000000	      0.00000000	     -0.04249316	      0.00000000	      0.00000000	      0.00000000	     -0.04163160	      0.04546510	      0.00000000
      0.27200000	      0.00000000	      0.00000000	     -0.04412461	      0.00000000	      0.00000000	      0.00000000	     -0.04549258	      0.04209987	      0.00000000
      0.27300000	      0.00000000	      0.00000000	     -0.04314558	      0.00000000	      0.00000000	      0.00000000	     -0.04107106	      0.05024424	      0.00000000
      0.27400000	      0.00000000	      0.00000000	     -0.04524373	      0.00000000	      0.00000000	      0.00000000	     -0.04487313	      0.04665998	      0.00000000
      0.27500000	      0.00000000	      0.00000000	     -0.04022412	      0.00000000	      0.00000000	      0.00000000	     -0.03767843	      0.04879250	      0.00000000
      0.27600000	      0.00000000	      0.00000000	     -0.04566457	      0.00000000	      0.00000000	      0.00000000	     -0.04630039	      0.04417043	      0.00000000
      0.27700000	      0.00000000	      0.00000000	     -0.04437057	      0.00000000	      0.00000000	      0.00000000	     -0.04567102	      0.04237698	      0.00000000
      0.27800000	      0.00000000	      0.00000000	     -0.04469036	      0.00000000	      0.00000000	      0.00000000	     -0.04311988	      0.04957290	      0.00000000
      0.27900000	      0.00000000	      0.00000000	     -0.04231397	      0.00000000	      0.00000000	      0.00000000	     -0.04162733	      0.04484342	      0.00000000
      0.28000000	      0.00000000	      0.00000000	     -0.04375014	      0.00000000	      0.00000000	      0.00000000	     -0.04531585	      0.04149490	      0.00000000
      0.28100000	      0.00000000	      0.00000000	     -0.04068473	      0.00000000	      0.00000000	      0.00000000	     -0.04325737	      0.03745552	      0.00000000
      0.28200000	      0.00000000	      0.00000000	     -0.04310238	      0.00000000	      0.00000000	      0.00000000	     -0.04396166	      0.04223690	      0.00000000
      0.28300000	      0.00000000	      0.00000000	     -0.04555846	      0.00000000	      0.00000000	      0.00000000	     -0.04468551	      0.04790806	      0.00000000
      0.28400000	      0.00000000	      0.00000000	     -0.04551906	      0.00000000	      0.00000000	      0.00000000	     -0.04380797	      0.04940440	      0.00000000
      0.28500000	      0.00000000	      0.00000000	     -0.04419620	      0.00000000	      0.00000000	      0.00000000	     -0.04366517	      0.04646560	      0.00000000
      0.28600000	      0.00000000	      0.00000000	     -0.04104196	      0.00000000	      0.00000000	      0.00000000	     -0.04135047	      0.04058638	      0.00000000
      0.28700000	      0.00000000	      0.00000000	     -0.04194984	      0.00000000	      0.00000000	      0.00000000	     -0.03948685	      0.05062360	      0.00000000
      0.28800000	      0.00000000	      0.00000000	     -0.04124875	      0.00000000	      0.00000000	      0.00000000	     -0.03947107	      0.04697563	      0.00000000
      0.28900000	      0.00000000	      0.00000000	     -0.04600155	      0.00000000	      0.00000000	      0.00000000	     -0.04535890	      0.04724498	      0.00000000
      0.29000000	      0.00000000	      0.00000000	     -0.04275641	      0.00000000	      0.00000000	      0.00000000	     -0.04042815	      0.05079509	      0.00000000
      0.29100000	      0.00000000	      0.00000000	     -0.04472107	      0.00000000	      0.00000000	      0.00000000	     -0.04633935	      0.04166692	      0.00000000
      0.29200000	      0.00000000	      0.00000000	     -0.04245945	      0.00000000	      0.00000000	      0.00000000	     -0.04476049	      0.03932354	      0.00000000
      0.29300000	      0.00000000	      0.00000000	     -0.04492839	      0.00000000	      0.00000000	      0.00000000	     -0.04513086	      0.04512763	      0.00000000
      0.29400000	      0.00000000	      0.00000000	     -0.03993403	      0.00000000	      0.00000000	      0.00000000	     -0.04179639	      0.03713924	      0.00000000
      0.29500000	      0.00000000	      0.00000000	     -0.04202311	      0.00000000	      0.00000000	      0.00000000	     -0.04049582	      0.04707345	      0.00000000
      0.29600000	      0.00000000	      0.00000000	     -0.04245415	      0.00000000	      0.00000000	      0.00000000	     -0.04108107	      0.04707773	      0.00000000
      0.29700000	      0.00000000	      0.00000000	     -0.04253483	      0.00000000	      0.00000000	      0.00000000	     -0.03919343	      0.05258923	      0.00000000
      0.29800000	      0.00000000	      0.00000000	     -0.04297259	      0.00000000	      0.00000000	      0.00000000	     -0.04105326	      0.04960518	      0.00000000
      0.29900000	      0.00000000	      0.00000000	     -0.04557764	      0.00000000	      0.00000000	      0.00000000	     -0.04509013	      0.04700517	      0.00000000
      0.30000000	      0.00000000	      0.00000000	     -0.04103166	      0.00000000	      0.00000000	      0.00000000	     -0.04212324	      0.03943875	      0.00000000
      0.30100000	      0.00000000	      0.00000000	     -0.04329694	      0.00000000	      0.00000000	      0.00000000	     -0.04112424	      0.05064303	      0.00000000
      0.30200000	      0.00000000	      0.00000000	     -0.04147400	      0.00000000	      0.00000000	      0.00000000	     -0.04338196	      0.03893666	      0.00000000
      0.30300000	      0.00000000	      0.00000000	     -0.04340676	      0.00000000	      0.00000000	      0.00000000	     -0.04177123	      0.04898600	      0.00000000
      0.30400000	      0.00000000	      0.00000000	     -0.04614133	      0.00000000	      0.00000000	      0.00000000	     -0.04587577	      0.04626142	      0.00000000
      0.30500000	      0.00000000	      0.00000000	     -0.04173280	      0.00000000	      0.00000000	      0.00000000	     -0.04186808	      0.04204722	      0.00000000
      0.30600000	      0.00000000	      0.00000000	     -0.04359547	      0.00000000	      0.00000000	      0.00000000	     -0.04327988	      0.04529939	      0.00000000
      0.30700000	      0.00000000	      0.00000000	     -0.04489025	      0.00000000	      0.00000000	      0.00000000	     -0.04287688	      0.05032893	      0.00000000
      0.30800000	      0.00000000	      0.00000000	     -0.04608977	      0.00000000	      0.00000000	      0.00000000	     -0.04640188	      0.04483091	      0.00000000
      0.30900000	      0.00000000	      0.00000000	     -0.04420847	      0.00000000	      0.00000000	      0.00000000	     -0.04181340	      0.05120597	      0.00000000
      0.31000000	      0.00000000	      0.00000000	     -0.03871546	      0.00000000	      0.00000000	      0.00000000	     -0.04120540	      0.03525517	      0.00000000
      0.31100000	      0.00000000	      0.00000000	     -0.04426230	      0.00000000	      0.00000000	      0.00000000	     -0.04544871	      0.04256315	      0.00000000
      0.31200000	      0.00000000	      0.00000000	     -0.04318718	      0.00000000	      0.00000000	      0.00000000	     -0.04227827	      0.04651000	      0.00000000
      0.31300000	      0.00000000	      0.00000000	     -0.04361674	      0.00000000	      0.00000000	      0.00000000	     -0.04103742	      0.05171119	      0.00000000
      0.31400000	      0.00000000	      0.00000000	     -0.04304684	      0.00000000	      0.00000000	      0.00000000	     -0.04034295	      0.05201537	      0.00000000
      0.31500000	      0.00000000	      0.00000000	     -0.04591322	      0.00000000	      0.00000000	      0.00000000	     -0.04681071	      0.04330011	      0.00000000
      0.31600000	      0.00000000	      0.00000000	     -0.04199131	      0.00000000	      0.00000000	      0.00000000	     -0.04268317	      0.04127463	      0.00000000
      0.31700000	      0.00000000	      0.00000000	     -0.03955149	      0.00000000	      0.00000000	      0.00000000	     -0.04175180	      0.03647605	      0.00000000
      0.31800000	      0.00000000	      0.00000000	     -0.04450459	      0.00000000	      0.00000000	      0.00000000	     -0.04391135	      0.04693163	      0.00000000
      0.31900000	      0.00000000	      0.00000000	     -0.04523434	      0.00000000	      0.00000000	      0.00000000	     -0.04572145	      0.04460940	      0.00000000
      0.32000000	      0.00000000	      0.00000000	     -0.04283235	      0.00000000	      0.00000000	      0.00000000	     -0.03982663	      0.05251383	      0.00000000
      0.32100000	      0.00000000	      0.00000000	     -0.04423547	      0.00000000	      0.00000000	      0.00000000	     -0.04556202	      0.04231836	      0.00000000
      0.32200000	      0.00000000	      0.00000000	     -0.04396981	      0.00000000	      0.00000000	      0.00000000	     -0.04279450	      0.04809973	      0.00000000
      0.32300000	      0.00000000	      0.00000000	     -0.04253943	      0.00000000	      0.00000000	      0.00000000	     -0.04202774	      0.04457764	      0.00000000
      0.32400000	      0.00000000	      0.00000000	     -0.04263163	      0.00000000	      0.00000000	      0.00000000	     -0.04292923	      0.04276912	      0.00000000
      0.32500000	      0.00000000	      0.00000000	     -0.04077480	      0.00000000	      0.00000000	      0.00000000	     -0.04351467	      0.03734351	      0.00000000
      0.32600000	      0.00000000	      0.00000000	     -0.04267856	      0.00000000	      0.00000000	      0.00000000	     -0.04489091	      0.03964077	      0.00000000
      0.32700000	      0.00000000	      0.00000000	     -0.04522127	      0.00000000	      0.00000000	      0.00000000	     -0.04484765	      0.04665597	      0.00000000
      0.32800000	      0.00000000	      0.00000000	     -0.04366835	      0.00000000	      0.00000000	      0.00000000	     -0.04130130	      0.05130613	      0.00000000
      0.32900000	      0.00000000	      0.00000000	     -0.04230875	      0.00000000	      0.00000000	      0.00000000	     -0.04369036	      0.04063123	      0.00000000
      0.33000000	      0.00000000	      0.00000000	     -0.04224612	      0.00000000	      0.00000000	      0.00000000	     -0.04122839	      0.04560601	      0.00000000
      0.33100000	      0.00000000	      0.00000000	     -0.04217286	      0.00000000	      0.00000000	      0.00000000	     -0.04405674	      0.03978252	      0.00000000
      0.33200000	      0.00000000	      0.00000000	     -0.04353774	      0.00000000	      0.00000000	      0.00000000	     -0.04199562	      0.04884919	      0.00000000
      0.33300000	      0.00000000	      0.00000000	     -0.04285070	      0.00000000	      0.00000000	      0.00000000	     -0.04438168	      0.04086564	      0.00000000
      0.33400000	      0.00000000	      0.00000000	     -0.04126084	      0.00000000	      0.00000000	      0.00000000	     -0.04158547	      0.04086835	      0.00000000
      0.33500000	      0.00000000	      0.00000000	     -0.04432693	      0.00000000	      0.00000000	      0.00000000	     -0.04224523	      0.05068821	      0.00000000
      0.33600000	      0.00000000	      0.00000000	     -0.04488641	      0.00000000	      0.00000000	      0.00000000	     -0.04278313	      0.05040690	      0.00000000
      0.33700000	      0.00000000	      0.00000000	     -0.04341080	      0.00000000	      0.00000000	      0.00000000	     -0.04311296	      0.04505957	      0.00000000
      0.33800000	      0.00000000	      0.00000000	     -0.04477524	      0.00000000	      0.00000000	      0.00000000	     -0.04500725	      0.04503559	      0.00000000
      0.33900000	      0.00000000	      0.00000000	     -0.04264992	      0.00000000	      0.00000000	      0.00000000	     -0.03999591	      0.05179738	      0.00000000
      0.34000000	      0.00000000	      0.00000000	     -0.03974116	      0.00000000	      0.00000000	      0.00000000	     -0.04178429	      0.03676101	      0.00000000
      0.34100000	      0.00000000	      0.00000000	     -0.04542958	      0.00000000	      0.00000000	      0.00000000	     -0.04445073	      0.04819605	      0.00000000
      0.34200000	      0.00000000	      0.00000000	     -0.04586968	      0.00000000	      0.00000000	      0.00000000	     -0.04441572	      0.04869060	      0.00000000
      0.34300000	      0.00000000	      0.00000000	     -0.04621469	      0.00000000	      0.00000000	      0.00000000	     -0.04605781	      0.04593629	      0.00000000
      0.34400000	      0.00000000	      0.00000000	     -0.04132488	      0.00000000	      0.00000000	      0.00000000	     -0.03920995	      0.04838680	      0.00000000
      0.34500000	      0.00000000	      0.00000000	     -0.03859393	      0.00000000	      0.00000000	      0.00000000	     -0.04147995	      0.03500894	      0.00000000
      0.34600000	      0.00000000	      0.00000000	     -0.04284443	      0.00000000	      0.00000000	      0.00000000	     -0.04067604	      0.05039387	      0.00000000
      0.34700000	      0.00000000	      0.00000000	     -0.04546751	      0.00000000	      0.00000000	      0.00000000	     -0.04606911	      0.04435495	      0.00000000
      0.34800000	      0.00000000	      0.00000000	     -0.04025608	      0.00000000	      0.00000000	      0.00000000	     -0.04277929	      0.03701654	      0.00000000
      0.34900000	      0.00000000	      0.00000000	     -0.04541532	      0.00000000	      0.00000000	      0.00000000	     -0.04397129	      0.04914382	      0.00000000
      0.35000000	      0.00000000	      0.00000000	     -0.04599471	      0.00000000	      0.00000000	      0.00000000	     -0.04617158	      0.04531522	      0.00000000
      0.35100000	      0.00000000	      0.00000000	     -0.04552138	      0.00000000	      0.00000000	      0.00000000	     -0.04396446	      0.04924345	      0.00000000
      0.35200000	      0.00000000	      0.00000000	     -0.04239724	      0.00000000	      0.00000000	      0.00000000	     -0.04505765	      0.03866225	      0.00000000
      0.35300000	      0.00000000	      0.00000000	     -0.04631663	      0.00000000	      0.00000000	      0.00000000	     -0.04569817	      0.04684759	      0.00000000
      0.35400000	      0.00000000	      0.00000000	     -0.04474164	      0.00000000	      0.00000000	      0.00000000	     -0.04246908	      0.05062891	      0.00000000
      0.35500000	      0.00000000	      0.00000000	     -0.04418592	      0.00000000	      0.00000000	      0.00000000	     -0.04195933	      0.05099691	      0.00000000
      0.35600000	      0.00000000	      0.00000000	     -0.04525024	      0.00000000	      0.00000000	      0.00000000	     -0.04355128	      0.04966522	      0.00000000
      0.35700000	      0.00000000	      0.00000000	     -0.04433566	      0.00000000	      0.00000000	      0.00000000	     -0.04487162	      0.04408350	      0.00000000
      0.35800000	      0.00000000	      0.00000000	     -0.04206486	      0.00000000	      0.00000000	      0.00000000	     -0.04399080	      0.03952368	      0.00000000
      0.35900000	      0.00000000	      0.00000000	     -0.04247942	      0.00000000	      0.00000000	      0.00000000	     -0.04465014	      0.03953260	      0.00000000
      0.36000000	      0.00000000	      0.00000000	     -0.04395791	      0.00000000	      0.00000000	      0.00000000	     -0.04399629	      0.04483909	      0.00000000
      0.36100000	      0.00000000	      0.00000000	     -0.04181954	      0.00000000	      0.00000000	      0.00000000	     -0.04067345	      0.04541635	      0.00000000
      0.36200000	      0.00000000	      0.00000000	     -0.04203568	      0.00000000	      0.00000000	      0.00000000	     -0.04311353	      0.04066660	      0.00000000
      0.36300000	      0.00000000	      0.00000000	     -0.04130263	      0.00000000	      0.00000000	      0.00000000	     -0.04118210	      0.04191692	      0.00000000
      0.36400000	      0.00000000	      0.00000000	     -0.04189235	      0.00000000	      0.00000000	      0.00000000	     -0.04340501	      0.03991720	      0.00000000
      0.36500000	      0.00000000	      0.00000000	     -0.04222700	      0.00000000	      0.00000000	      0.00000000	     -0.04274938	      0.04194724	      0.00000000
      0.36600000	      0.00000000	      0.00000000	     -0.04126730	      0.00000000	      0.00000000	      0.00000000	     -0.04341203	      0.03852635	      0.00000000
      0.36700000	      0.00000000	      0.00000000	     -0.04550357	      0.00000000	      0.00000000	      0.00000000	     -0.04434634	      0.04854953	      0.00000000
      0.36800000	      0.00000000	      0.00000000	     -0.03884730	      0.00000000	      0.00000000	      0.00000000	     -0.04140960	      0.03537601	      0.00000000
      0.36900000	      0.00000000	      0.00000000	     -0.04295911	      0.00000000	      0.00000000	      0.00000000	     -0.04023477	      0.05210398	      0.00000000
      0.37000000	      0.00000000	      0.00000000	     -0.04304446	      0.00000000	      0.00000000	      0.00000000	     -0.04403747	      0.04201293	      0.00000000
      0.37100000	      0.00000000	      0.00000000	     -0.04401490	      0.00000000	      0.00000000	      0.00000000	     -0.04548109	      0.04195955	      0.00000000
      0.37200000	      0.00000000	      0.00000000	     -0.04602443	      0.00000000	      0.00000000	      0.00000000	     -0.04486064	      0.04815354	      0.00000000
      0.37300000	      0.00000000	      0.00000000	     -0.04370850	      0.00000000	      0.00000000	      0.00000000	     -0.04125604	      0.05147752	      0.00000000
      0.37400000	      0.00000000	      0.00000000	     -0.04342688	      0.00000000	      0.00000000	      0.00000000	     -0.04130518	      0.05061896	      0.00000000
      0.37500000	      0.00000000	      0.00000000	     -0.04246253	      0.00000000	      0.00000000	      0.00000000	     -0.04006227	      0.05093791	      0.00000000
      0.37600000	      0.00000000	      0.00000000	     -0.04072879	      0.00000000	      0.00000000	      0.00000000	     -0.04325182	      0.03759092	      0.00000000
      0.37700000	      0.00000000	      0.00000000	     -0.04637885	      0.00000000	      0.00000000	      0.00000000	     -0.04608188	      0.04608454	      0.00000000
      0.37800000	      0.00000000	      0.00000000	     -0.04400642	      0.00000000	      0.00000000	      0.00000000	     -0.04137484	      0.05144580	      0.00000000
      0.37900000	      0.00000000	      0.00000000	     -0.04261291	      0.00000000	      0.00000000	      0.00000000	     -0.04462171	      0.04000174	      0.00000000
      0.38000000	      0.00000000	      0.00000000	     -0.04587903	      0.00000000	      0.00000000	      0.00000000	     -0.04668732	      0.04357936	      0.00000000
      0.38100000	      0.00000000	      0.00000000	     -0.04124699	      0.00000000	      0.00000000	      0.00000000	     -0.04408269	      0.03763049	      0.00000000
      0.38200000	      0.00000000	      0.00000000	     -0.04266017	      0.00000000	      0.00000000	      0.00000000	     -0.04439946	      0.04036386	      0.00000000
      0.38300000	      0.00000000	      0.00000000	     -0.04365130	      0.00000000	      0.00000000	      0.00000000	     -0.04353119	      0.04500335	      0.00000000
      0.38400000	      0.00000000	      0.00000000	     -0.04434829	      0.00000000	      0.00000000	      0.00000000	     -0.04253562	      0.05011649	      0.00000000
      0.38500000	      0.00000000	      0.00000000	     -0.04520164	      0.00000000	      0.00000000	      0.00000000	     -0.04678351	      0.04158996	      0.00000000
      0.38600000	      0.00000000	      0.00000000	     -0.04488787	      0.00000000	      0.00000000	      0.00000000	     -0.04582612	      0.04342061	      0.00000000
      0.38700000	      0.00000000	      0.00000000	     -0.04540728	      0.00000000	      0.00000000	      0.00000000	     -0.04629541	      0.04360942	      0.00000000
      0.38800000	      0.00000000	      0.00000000	     -0.04281723	      0.00000000	      0.00000000	      0.00000000	     -0.04217294	      0.04527880	      0.00000000
      0.38900000	      0.00000000	      0.00000000	     -0.04197135	      0.00000000	      0.00000000	      0.00000000	     -0.04164044	      0.04339263	      0.00000000
      0.39000000	      0.00000000	      0.00000000	     -0.04233641	      0.00000000	      0.00000000	      0.00000000	     -0.04265150	      0.04236166	      0.00000000
      0.39100000	      0.00000000	      0.00000000	     -0.04328652	      0.00000000	      0.00000000	      0.00000000	     -0.04088248	      0.05135351	      0.00000000
      0.39200000	      0.00000000	      0.00000000	     -0.04479765	      0.00000000	      0.00000000	      0.00000000	     -0.04296910	      0.05010079	      0.00000000
      0.39300000	      0.00000000	      0.00000000	     -0.04312288	      0.00000000	      0.00000000	      0.00000000	     -0.04313304	      0.04398001	      0.00000000
      0.39400000	      0.00000000	      0.00000000	     -0.04466541	      0.00000000	      0.00000000	      0.00000000	     -0.04363000	      0.04821140	      0.00000000
      0.39500000	      0.00000000	      0.00000000	     -0.04319556	      0.00000000	      0.00000000	      0.00000000	     -0.04395709	      0.04252285	      0.00000000
      0.39600000	      0.00000000	      0.00000000	     -0.04335569	      0.00000000	      0.00000000	      0.00000000	     -0.04070736	      0.05188325	      0.00000000
      0.39700000	      0.00000000	      0.00000000	     -0.04155632	      0.00000000	      0.00000000	      0.00000000	     -0.04246791	      0.04037766	      0.00000000
      0.39800000	      0.00000000	      0.00000000	     -0.04146002	      0.00000000	      0.00000000	      0.00000000	     -0.04059854	      0.04419350	      0.00000000
      0.39900000	      0.00000000	      0.00000000	     -0.04444600	      0.00000000	      0.00000000	      0.00000000	     -0.04212397	      0.05096204	      0.00000000
      0.40000000	      0.00000000	      0.00000000	     -0.04245767	      0.00000000	      0.00000000	      0.00000000	     -0.03976162	      0.05182573	      0.00000000
      0.40100000	      0.00000000	      0.00000000	     -0.04069936	      0.00000000	      0.00000000	      0.00000000	     -0.03888439	      0.04643810	      0.00000000
      0.40200000	      0.00000000	      0.00000000	     -0.04027092	      0.00000000	      0.00000000	      0.00000000	     -0.04257665	      0.03729496	      0.00000000
      0.40300000	      0.00000000	      0.00000000	     -0.04349332	      0.00000000	      0.00000000	      0.00000000	     -0.04145637	      0.05042729	      0.00000000
      0.40400000	      0.00000000	      0.00000000	     -0.04611625	      0.00000000	      0.00000000	      0.00000000	     -0.04639220	      0.04491605	      0.00000000
      0.40500000	      0.00000000	      0.00000000	     -0.04421467	      0.00000000	      0.00000000	      0.00000000	     -0.04394223	      0.04592043	      0.00000000
      0.40600000	      0.00000000	      0.00000000	     -0.04067258	      0.00000000	      0.00000000	      0.00000000	     -0.04352745	      0.03714650	      0.00000000
      0.40700000	      0.00000000	      0.00000000	     -0.04510620	      0.00000000	      0.00000000	      0.00000000	     -0.04405892	      0.04830716	      0.00000000
      0.40800000	      0.00000000	      0.00000000	     -0.04581050	      0.00000000	      0.00000000	      0.00000000	     -0.04640107	      0.04426962	      0.00000000
      0.40900000	      0.00000000	      0.00000000	     -0.04278830	      0.00000000	      0.00000000	      0.00000000	     -0.04215128	      0.04521772	      0.00000000
      0.41000000	      0.00000000	      0.00000000	     -0.04317702	      0.00000000	      0.00000000	      0.00000000	     -0.04030667	      0.05223162	      0.00000000
      0.41100000	      0.00000000	      0.00000000	     -0.04432252	      0.00000000	      0.00000000	      0.00000000	     -0.04236512	      0.05044958	      0.00000000
      0.41200000	      0.00000000	      0.00000000	     -0.04579876	      0.00000000	      0.00000000	      0.00000000	     -0.04532722	      0.04698196	      0.00000000
      0.41300000	      0.00000000	      0.00000000	     -0.04083431	      0.00000000	      0.00000000	      0.00000000	     -0.04218769	      0.03880013	      0.00000000
      0.41400000	      0.00000000	      0.00000000	     -0.04196419	      0.00000000	      0.00000000	      0.00000000	     -0.04391897	      0.03951042	      0.00000000
      0.41500000	      0.00000000	      0.00000000	     -0.04466819	      0.00000000	      0.00000000	      0.00000000	     -0.04223531	      0.05055477	      0.00000000
      0.41600000	      0.00000000	      0.00000000	     -0.04609038	      0.00000000	      0.00000000	      0.00000000	     -0.04607948	      0.04567300	      0.00000000
      0.41700000	      0.00000000	      0.00000000	     -0.04310893	      0.00000000	      0.00000000	      0.00000000	     -0.04214575	      0.04656233	      0.00000000
      0.41800000	      0.00000000	      0.00000000	     -0.04422736	      0.00000000	      0.00000000	      0.00000000	     -0.04564288	      0.04212880	      0.00000000
      0.41900000	      0.00000000	      0.00000000	     -0.04400891	      0.00000000	      0.00000000	      0.00000000	     -0.04254616	      0.04895233	      0.00000000
      0.42000000	      0.00000000	      0.00000000	     -0.04510198	      0.00000000	      0.00000000	      0.00000000	     -0.04685584	      0.04105634	      0.00000000
      0.42100000	      0.00000000	      0.00000000	     -0.04194323	      0.00000000	      0.00000000	      0.00000000	     -0.04249504	      0.04145642	      0.00000000
      0.42200000	      0.00000000	      0.00000000	     -0.04186133	      0.00000000	      0.00000000	      0.00000000	     -0.03978245	      0.04905091	      0.00000000
      0.42300000	      0.00000000	      0.00000000	     -0.04327331	      0.00000000	      0.00000000	      0.00000000	     -0.04531351	      0.04028848	      0.00000000
      0.42400000	      0.00000000	      0.00000000	     -0.04559813	      0.00000000	      0.00000000	      0.00000000	     -0.04556007	      0.04593708	      0.00000000
      0.42500000	      0.00000000	      0.00000000	     -0.04405931	      0.00000000	      0.00000000	      0.00000000	     -0.04372140	      0.04594401	      0.00000000
      0.42600000	      0.00000000	      0.00000000	     -0.04116034	      0.00000000	      0.00000000	      0.00000000	     -0.04231372	      0.03954562	      0.00000000
      0.42700000	      0.00000000	      0.00000000	     -0.04507674	      0.00000000	      0.00000000	      0.00000000	     -0.04665720	      0.04179730	      0.00000000
      0.42800000	      0.00000000	      0.00000000	     -0.04335109	      0.00000000	      0.00000000	      0.00000000	     -0.04519032	      0.04080880	      0.00000000
      0.42900000	      0.00000000	      0.00000000	     -0.04529663	      0.00000000	      0.00000000	      0.00000000	     -0.04389727	      0.04912755	      0.00000000
      0.43000000	      0.00000000	      0.00000000	     -0.04603877	      0.00000000	      0.00000000	      0.00000000	     -0.04687715	      0.04329747	      0.00000000
      0.43100000	      0.00000000	      0.00000000	     -0.04467803	      0.00000000	      0.00000000	      0.00000000	     -0.04321479	      0.04926223	      0.00000000
      0.43200000	      0.00000000	      0.00000000	     -0.04319314	      0.00000000	      0.00000000	      0.00000000	     -0.04327644	      0.04391919	      0.00000000
      0.43300000	      0.00000000	      0.00000000	     -0.04156512	      0.00000000	      0.00000000	      0.00000000	     -0.03965855	      0.04794910	      0.00000000
      0.43400000	      0.00000000	      0.00000000	     -0.04531862	      0.00000000	      0.00000000	      0.00000000	     -0.04517631	      0.04616750	      0.00000000
      0.43500000	      0.00000000	      0.00000000	     -0.04407523	      0.00000000	      0.00000000	      0.00000000	     -0.04373068	      0.04594231	      0.00000000
      0.43600000	      0.00000000	      0.00000000	     -0.04379100	      0.00000000	      0.00000000	      0.00000000	     -0.04617643	      0.03963198	      0.00000000
      0.43700000	      0.00000000	      0.00000000	     -0.04578320	      0.00000000	      0.00000000	      0.00000000	     -0.04663290	      0.04359035	      0.00000000
      0.43800000	      0.00000000	      0.00000000	     -0.04320071	      0.00000000	      0.00000000	      0.00000000	     -0.04221686	      0.04692326	      0.00000000
      0.43900000	      0.00000000	      0.00000000	     -0.04467274	      0.00000000	      0.00000000	      0.00000000	     -0.04260009	      0.05056651	      0.00000000
      0.44000000	      0.00000000	      0.00000000	     -0.04368217	      0.00000000	      0.00000000	      0.00000000	     -0.04200073	      0.04952210	      0.00000000
      0.44100000	      0.00000000	      0.00000000	     -0.04285422	      0.00000000	      0.00000000	      0.00000000	     -0.04407072	      0.04143711	      0.00000000
      0.44200000	      0.00000000	      0.00000000	     -0.04484309	      0.00000000	      0.00000000	      0.00000000	     -0.04449136	      0.04654660	      0.00000000
      0.44300000	      0.00000000	      0.00000000	     -0.03858664	      0.00000000	      0.00000000	      0.00000000	     -0.04131338	      0.03506886	      0.00000000
      0.44400000	      0.00000000	      0.00000000	     -0.04421065	      0.00000000	      0.00000000	      0.00000000	     -0.04359336	      0.04681988	      0.00000000
      0.44500000	      0.00000000	      0.00000000	     -0.04037824	      0.00000000	      0.00000000	      0.00000000	     -0.04278326	      0.03726154	      0.00000000
      0.44600000	      0.00000000	      0.00000000	     -0.04633571	      0.00000000	      0.00000000	      0.00000000	     -0.04606284	      0.04608514	      0.00000000
      0.44700000	      0.00000000	      0.00000000	     -0.04328272	      0.00000000	      0.00000000	      0.00000000	     -0.04061341	      0.05194285	      0.00000000
      0.44800000	      0.00000000	      0.00000000	     -0.04195241	      0.00000000	      0.00000000	      0.00000000	     -0.04275299	      0.04100353	      0.00000000
      0.44900000	      0.00000000	      0.00000000	     -0.04277376	      0.00000000	      0.00000000	      0.00000000	     -0.04087271	      0.04935847	      0.00000000
      0.45000000	      0.00000000	      0.00000000	     -0.04308988	      0.00000000	      0.00000000	      0.00000000	     -0.04027067	      0.05221025	      0.00000000
      0.45100000	      0.00000000	      0.00000000	     -0.04333263	      0.00000000	      0.00000000	      0.00000000	     -0.04080595	      0.05170557	      0.00000000
      0.45200000	      0.00000000	      0.00000000	     -0.04355431	      0.00000000	      0.00000000	      0.00000000	     -0.04166225	      0.05003811	      0.00000000
      0.45300000	      0.00000000	      0.00000000	     -0.04568083	      0.00000000	      0.00000000	      0.00000000	     -0.04422456	      0.04895112	      0.00000000
      0.45400000	      0.00000000	      0.00000000	     -0.04561128	      0.00000000	      0.00000000	      0.00000000	     -0.04598915	      0.04491556	      0.00000000
      0.45500000	      0.00000000	      0.00000000	     -0.04053623	      0.00000000	      0.00000000	      0.00000000	     -0.03822682	      0.04821064	      0.00000000
      0.45600000	      0.00000000	      0.00000000	     -0.04435258	      0.00000000	      0.00000000	      0.00000000	     -0.04629221	      0.04083641	      0.00000000
      0.45700000	      0.00000000	      0.00000000	     -0.04461927	      0.00000000	      0.00000000	      0.00000000	     -0.04602618	      0.04221333	      0.00000000
      0.45800000	      0.00000000	      0.00000000	     -0.04135197	      0.00000000	      0.00000000	      0.00000000	     -0.04033426	      0.04450188	      0.00000000
      0.45900000	      0.00000000	      0.00000000	     -0.04630671	      0.00000000	      0.00000000	      0.00000000	     -0.04655549	      0.04479915	      0.00000000
      0.46000000	      0.00000000	      0.00000000	     -0.04380320	      0.00000000	      0.00000000	      0.00000000	     -0.04440650	      0.04352559	      0.00000000
      0.46100000	      0.00000000	      0.00000000	     -0.04242580	      0.00000000	      0.00000000	      0.00000000	     -0.04122822	      0.04667081	      0.00000000
      0.46200000	      0.00000000	      0.00000000	     -0.04478429	      0.00000000	      0.00000000	      0.00000000	     -0.04422882	      0.04707357	      0.00000000
      0.46300000	      0.00000000	      0.00000000	     -0.04312009	      0.00000000	      0.00000000	      0.00000000	     -0.04305871	      0.04418856	      0.00000000
      0.46400000	      0.00000000	      0.00000000	     -0.04354007	      0.00000000	      0.00000000	      0.00000000	     -0.04248146	      0.04730442	      0.00000000
      0.46500000	      0.00000000	      0.00000000	     -0.04528033	      0.00000000	      0.00000000	      0.00000000	     -0.04666114	      0.04222607	      0.00000000
      0.46600000	      0.00000000	      0.00000000	     -0.04332280	      0.00000000	      0.00000000	      0.00000000	     -0.04581004	      0.03942810	      0.00000000
      0.46700000	      0.00000000	      0.00000000	     -0.04199042	      0.00000000	      0.00000000	      0.00000000	     -0.04148399	      0.04380066	      0.00000000
      0.46800000	      0.00000000	      0.00000000	     -0.04500716	      0.00000000	      0.00000000	      0.00000000	     -0.04514693	      0.04532926	      0.00000000
      0.46900000	      0.00000000	      0.00000000	     -0.04281123	      0.00000000	      0.00000000	      0.00000000	     -0.04125338	      0.04832987	      0.00000000
      0.47000000	      0.00000000	      0.00000000	     -0.04158228	      0.00000000	      0.00000000	      0.00000000	     -0.04314969	      0.03961018	      0.00000000
      0.47100000	      0.00000000	      0.00000000	     -0.04274595	      0.00000000	      0.00000000	      0.00000000	     -0.04071460	      0.04988860	      0.00000000
      0.47200000	      0.00000000	      0.00000000	     -0.04170840	      0.00000000	      0.00000000	      0.00000000	     -0.04430839	      0.03835851	      0.00000000
      0.47300000	      0.00000000	      0.00000000	     -0.04566131	      0.00000000	      0.00000000	      0.00000000	     -0.04693715	      0.04225856	      0.00000000
      0.47400000	      0.00000000	      0.00000000	     -0.04439825	      0.00000000	      0.00000000	      0.00000000	     -0.04521258	      0.04343586	      0.00000000
      0.47500000	      0.00000000	      0.00000000	     -0.04598749	      0.00000000	      0.00000000	      0.00000000	     -0.04539249	      0.04714698	      0.00000000
      0.47600000	      0.00000000	      0.00000000	     -0.04557911	      0.00000000	      0.00000000	      0.00000000	     -0.04386783	      0.04930544	      0.00000000
      0.47700000	      0.00000000	      0.00000000	     -0.04341709	      0.00000000	      0.00000000	      0.00000000	     -0.04497737	      0.04130605	      0.00000000
      0.47800000	      0.00000000	      0.00000000	     -0.04024582	      0.00000000	      0.00000000	      0.00000000	     -0.03820541	      0.04658422	      0.00000000
      0.47900000	      0.00000000	      0.00000000	     -0.04538857	      0.00000000	      0.00000000	      0.00000000	     -0.04427750	      0.04853136	      0.00000000
      0.48000000	      0.00000000	      0.00000000	     -0.04070325	      0.00000000	      0.00000000	      0.00000000	     -0.04307550	      0.03763938	      0.00000000
      0.48100000	      0.00000000	      0.00000000	     -0.04483182	      0.00000000	      0.00000000	      0.00000000	     -0.04468455	      0.04595473	      0.00000000
      0.48200000	      0.00000000	      0.00000000	     -0.03877064	      0.00000000	      0.00000000	      0.00000000	     -0.04166507	      0.03527780	      0.00000000
      0.48300000	      0.00000000	      0.00000000	     -0.04312214	      0.00000000	      0.00000000	      0.00000000	     -0.04200349	      0.04713539	      0.00000000
      0.48400000	      0.00000000	      0.00000000	     -0.04180241	      0.00000000	      0.00000000	      0.00000000	     -0.04324160	      0.04004186	      0.00000000
      0.48500000	      0.00000000	      0.00000000	     -0.04515155	      0.00000000	      0.00000000	      0.00000000	     -0.04440972	      0.04756860	      0.00000000
      0.48600000	      0.00000000	      0.00000000	     -0.04307227	      0.00000000	      0.00000000	      0.00000000	     -0.04553163	      0.03946275	      0.00000000
      0.48700000	      0.00000000	      0.00000000	     -0.04597848	      0.00000000	      0.00000000	      0.00000000	     -0.04656178	      0.04425501	      0.00000000
      0.48800000	      0.00000000	      0.00000000	     -0.04516750	      0.00000000	      0.00000000	      0.00000000	     -0.04653144	      0.04238080	      0.00000000
      0.48900000	      0.00000000	      0.00000000	     -0.04510863	      0.00000000	      0.00000000	      0.00000000	     -0.04581502	      0.04401991	      0.00000000
      0.49000000	      0.00000000	      0.00000000	     -0.04470528	      0.00000000	      0.00000000	      0.00000000	     -0.04273087	      0.05041613	      0.00000000
      0.49100000	      0.00000000	      0.00000000	     -0.04296942	      0.00000000	      0.00000000	      0.00000000	     -0.04110769	      0.04941723	      0.00000000
      0.49200000	      0.00000000	      0.00000000	     -0.04395696	      0.00000000	      0.00000000	      0.00000000	     -0.04131395	      0.05151682	      0.00000000
      0.49300000	      0.00000000	      0.00000000	     -0.04534296	      0.00000000	      0.00000000	      0.00000000	     -0.04338601	      0.04969184	      0.00000000
      0.49400000	      0.00000000	      0.00000000	     -0.04221571	      0.00000000	      0.00000000	      0.00000000	     -0.04284630	      0.04164817	      0.00000000
      0.49500000	      0.00000000	      0.00000000	     -0.04477648	      0.00000000	      0.00000000	      0.00000000	     -0.04538407	      0.04424321	      0.00000000
      0.49600000	      0.00000000	      0.00000000	     -0.04404316	      0.00000000	      0.00000000	      0.00000000	     -0.04379980	      0.04561309	      0.00000000
      0.49700000	      0.00000000	      0.00000000	     -0.04175975	      0.00000000	      0.00000000	      0.00000000	     -0.04387760	      0.03913186	      0.00000000
      0.49800000	      0.00000000	      0.00000000	     -0.04179117	      0.00000000	      0.00000000	      0.00000000	     -0.04024725	      0.04678117	      0.00000000
      0.49900000	      0.00000000	      0.00000000	     -0.04422129	      0.00000000	      0.00000000	      0.00000000	     -0.04447452	      0.04460914	      0.00000000
      0.50000000	      0.00000000	      0.00000000	     -0.04313388	      0.00000000	      0.00000000	      0.00000000	     -0.04023431	      0.05226935	      0.00000000
      0.50100000	      0.00000000	      0.00000000	     -0.04399047	      0.00000000	      0.00000000	      0.00000000	     -0.04633368	      0.03983186	      0.00000000
      0.50200000	      0.00000000	      0.00000000	     -0.04231224	      0.00000000	      0.00000000	      0.00000000	     -0.04332949	      0.04129943	      0.00000000
      0.50300000	      0.00000000	      0.00000000	     -0.04365510	      0.00000000	      0.00000000	      0.00000000	     -0.04273982	      0.04713821	      0.00000000
      0.50400000	      0.00000000	      0.00000000	     -0.04336803	      0.00000000	      0.00000000	      0.00000000	     -0.04099083	      0.05136372	      0.00000000
      0.50500000	      0.00000000	      0.00000000	     -0.04541699	      0.00000000	      0.00000000	      0.00000000	     -0.04566251	      0.04529599	      0.00000000
      0.50600000	      0.00000000	      0.00000000	     -0.04468307	      0.00000000	      0.00000000	      0.00000000	     -0.04609313	      0.04229371	      0.00000000
      0.50700000	      0.00000000	      0.00000000	     -0.04168843	      0.00000000	      0.00000000	      0.00000000	     -0.04158892	      0.04246782	      0.00000000
      0.50800000	      0.00000000	      0.00000000	     -0.03994078	      0.00000000	      0.00000000	      0.00000000	     -0.04257274	      0.03673070	      0.00000000
      0.50900000	      0.00000000	      0.00000000	     -0.04259940	      0.00000000	      0.00000000	      0.00000000	     -0.04351190	      0.04179922	      0.00000000
      0.51000000	      0.00000000	      0.00000000	     -0.04323042	      0.00000000	      0.00000000	      0.00000000	     -0.04523003	      0.04038186	      0.00000000
      0.51100000	      0.00000000	      0.00000000	     -0.04203055	      0.00000000	      0.00000000	      0.00000000	     -0.04399518	      0.03950934	      0.00000000
      0.51200000	      0.00000000	      0.00000000	     -0.04111185	      0.00000000	      0.00000000	      0.00000000	     -0.04241721	      0.03941698	      0.00000000
      0.51300000	      0.00000000	      0.00000000	     -0.04579370	      0.00000000	      0.00000000	      0.00000000	     -0.04529510	      0.04699483	      0.00000000
      0.51400000	      0.00000000	      0.00000000	     -0.04319907	      0.00000000	      0.00000000	      0.00000000	     -0.04134540	      0.04970962	      0.00000000
      0.51500000	      0.00000000	      0.00000000	     -0.04629860	      0.00000000	      0.00000000	      0.00000000	     -0.04573683	      0.04676912	      0.00000000
      0.51600000	      0.00000000	      0.00000000	     -0.04436168	      0.00000000	      0.00000000	      0.00000000	     -0.04171564	      0.05088706	      0.00000000
      0.51700000	      0.00000000	      0.00000000	     -0.04293366	      0.00000000	      0.00000000	      0.00000000	     -0.03980023	      0.05238412	      0.00000000
      0.51800000	      0.00000000	      0.00000000	     -0.04192754	      0.00000000	      0.00000000	      0.00000000	     -0.04059967	      0.04622675	      0.00000000
      0.51900000	      0.00000000	      0.00000000	     -0.04500525	      0.00000000	      0.00000000	      0.00000000	     -0.04383923	      0.04866953	      0.00000000
      0.52000000	      0.00000000	      0.00000000	     -0.04562478	      0.00000000	      0.00000000	      0.00000000	     -0.04454834	      0.04839926	      0.00000000
      0.52100000	      0.00000000	      0.00000000	     -0.04256748	      0.00000000	      0.00000000	      0.00000000	     -0.04017612	      0.05091133	      0.00000000
      0.52200000	      0.00000000	      0.00000000	     -0.04505278	      0.00000000	      0.00000000	      0.00000000	     -0.04293957	      0.05019833	      0.00000000
      0.52300000	      0.00000000	      0.00000000	     -0.04106933	      0.00000000	      0.00000000	      0.00000000	     -0.04349693	      0.03804265	      0.00000000
      0.52400000	      0.00000000	      0.00000000	     -0.04478994	      0.00000000	      0.00000000	      0.00000000	     -0.04422306	      0.04703858	      0.00000000
      0.52500000	      0.00000000	      0.00000000	     -0.04361741	      0.00000000	      0.00000000	      0.00000000	     -0.04504085	      0.04171663	      0.00000000
      0.52600000	      0.00000000	      0.00000000	     -0.04006010	      0.00000000	      0.00000000	      0.00000000	     -0.04220344	      0.03724902	      0.00000000
      0.52700000	      0.00000000	      0.00000000	     -0.04486971	      0.00000000	      0.00000000	      0.00000000	     -0.04626259	      0.04244227	      0.00000000
      0.52800000	      0.00000000	      0.00000000	     -0.04569063	      0.00000000	      0.00000000	      0.00000000	     -0.04470103	      0.04814281	      0.00000000
      0.52900000	      0.00000000	      0.00000000	     -0.04604599	      0.00000000	      0.00000000	      0.00000000	     -0.04620842	      0.04527733	      0.00000000
      0.53000000	      0.00000000	      0.00000000	     -0.04390459	      0.00000000	      0.00000000	      0.00000000	     -0.04120879	      0.05158283	      0.00000000
      0.53100000	      0.00000000	      0.00000000	     -0.04318570	      0.00000000	      0.00000000	      0.00000000	     -0.04138567	      0.04952499	      0.00000000
      0.53200000	      0.00000000	      0.00000000	     -0.04514051	      0.00000000	      0.00000000	      0.00000000	     -0.04302433	      0.05003280	      0.00000000
      0.53300000	      0.00000000	      0.00000000	     -0.04187960	      0.00000000	      0.00000000	      0.00000000	     -0.04315961	      0.04035043	      0.00000000
      0.53400000	      0.00000000	      0.00000000	     -0.04168952	      0.00000000	      0.00000000	      0.00000000	     -0.04388250	      0.03894619	      0.00000000
      0.53500000	      0.00000000	      0.00000000	     -0.04471765	      0.00000000	      0.00000000	      0.00000000	     -0.04514154	      0.04454390	      0.00000000
      0.53600000	      0.00000000	      0.00000000	     -0.04589838	      0.00000000	      0.00000000	      0.00000000	     -0.04465078	      0.04843126	      0.00000000
      0.53700000	      0.00000000	      0.00000000	     -0.04190578	      0.00000000	      0.00000000	      0.00000000	     -0.04440042	      0.03871891	      0.00000000
      0.53800000	      0.00000000	      0.00000000	     -0.04428620	      0.00000000	      0.00000000	      0.00000000	     -0.04559996	      0.04236386	      0.00000000
      0.53900000	      0.00000000	      0.00000000	     -0.04279440	      0.00000000	      0.00000000	      0.00000000	     -0.04135006	      0.04794079	      0.00000000
      0.54000000	      0.00000000	      0.00000000	     -0.04268524	      0.00000000	      0.00000000	      0.00000000	     -0.04509811	      0.03934862	      0.00000000
      0.54100000	      0.00000000	      0.00000000	     -0.04303707	      0.00000000	      0.00000000	      0.00000000	     -0.04018997	      0.05229513	      0.00000000
      0.54200000	      0.00000000	      0.00000000	     -0.04309499	      0.00000000	      0.00000000	      0.00000000	     -0.04338791	      0.04343056	      0.00000000
      0.54300000	      0.00000000	      0.00000000	     -0.04499635	      0.00000000	      0.00000000	      0.00000000	     -0.04578185	      0.04394077	      0.00000000
      0.54400000	      0.00000000	      0.00000000	     -0.04068699	      0.00000000	      0.00000000	      0.00000000	     -0.04358564	      0.03723934	      0.00000000
      0.54500000	      0.00000000	      0.00000000	     -0.04578739	      0.00000000	      0.00000000	      0.00000000	     -0.04419688	      0.04888710	      0.00000000
      0.54600000	      0.00000000	      0.00000000	     -0.04153428	      0.00000000	      0.00000000	      0.00000000	     -0.04161422	      0.04178135	      0.00000000
      0.54700000	      0.00000000	      0.00000000	     -0.04239115	      0.00000000	      0.00000000	      0.00000000	     -0.04248567	      0.04293880	      0.00000000
      0.54800000	      0.00000000	      0.00000000	     -0.04384508	      0.00000000	      0.00000000	      0.00000000	     -0.04221052	      0.04940662	      0.00000000
      0.54900000	      0.00000000	      0.00000000	     -0.04266485	      0.00000000	      0.00000000	      0.00000000	     -0.04182673	      0.04581278	      0.00000000
      0.55000000	      0.00000000	      0.00000000	     -0.04344013	      0.00000000	      0.00000000	      0.00000000	     -0.04087106	      0.05176740	      0.00000000
      0.55100000	      0.00000000	      0.00000000	     -0.04423204	      0.00000000	      0.00000000	      0.00000000	     -0.04238453	      0.05017214	      0.00000000
      0.55200000	      0.00000000	      0.00000000	     -0.04580535	      0.00000000	      0.00000000	      0.00000000	     -0.04636493	      0.04440662	      0.00000000
      0.55300000	      0.00000000	      0.00000000	     -0.04151630	      0.00000000	      0.00000000	      0.00000000	     -0.04300969	      0.03953220	      0.00000000
      0.55400000	      0.00000000	      0.00000000	     -0.04391116	      0.00000000	      0.00000000	      0.00000000	     -0.04227767	      0.04943825	      0.00000000
      0.55500000	      0.00000000	      0.00000000	     -0.04340175	      0.00000000	      0.00000000	      0.00000000	     -0.04568782	      0.03993866	      0.00000000
      0.55600000	      0.00000000	      0.00000000	     -0.04311794	      0.00000000	      0.00000000	      0.00000000	     -0.04482186	      0.04097453	      0.00000000
      0.55700000	      0.00000000	      0.00000000	     -0.04544051	      0.00000000	      0.00000000	      0.00000000	     -0.04463902	      0.04784807	      0.00000000
      0.55800000	      0.00000000	      0.00000000	     -0.04349592	      0.00000000	      0.00000000	      0.00000000	     -0.04409406	      0.04319652	      0.00000000
      0.55900000	      0.00000000	      0.00000000	     -0.04244780	      0.00000000	      0.00000000	      0.00000000	     -0.04006393	      0.05086846	      0.00000000
      0.56000000	      0.00000000	      0.00000000	     -0.04365133	      0.00000000	      0.00000000	      0.00000000	     -0.04164958	      0.05035415	      0.00000000
      0.56100000	      0.00000000	      0.00000000	     -0.04484592	      0.00000000	      0.00000000	      0.00000000	     -0.04354054	      0.04902829	      0.00000000
      0.56200000	      0.00000000	      0.00000000	     -0.04222278	      0.00000000	      0.00000000	      0.00000000	     -0.04416222	      0.03982835	      0.00000000
      0.56300000	      0.00000000	      0.00000000	     -0.04508485	      0.00000000	      0.00000000	      0.00000000	     -0.04318081	      0.05004500	      0.00000000
      0.56400000	      0.00000000	      0.00000000	     -0.04565799	      0.00000000	      0.00000000	      0.00000000	     -0.04391919	      0.04916435	      0.00000000
      0.56500000	      0.00000000	      0.00000000	     -0.04039878	      0.00000000	      0.00000000	      0.00000000	     -0.03840313	      0.04663552	      0.00000000
      0.56600000	      0.00000000	      0.00000000	     -0.04002594	      0.00000000	      0.00000000	      0.00000000	     -0.04233961	      0.03700028	      0.00000000
      0.56700000	      0.00000000	      0.00000000	     -0.03828776	      0.00000000	      0.00000000	      0.00000000	     -0.04131176	      0.03464026	      0.00000000
      0.56800000	      0.00000000	      0.00000000	     -0.04073891	      0.00000000	      0.00000000	      0.00000000	     -0.04328500	      0.03760701	      0.00000000
      0.56900000	      0.00000000	      0.00000000	     -0.04292467	      0.00000000	      0.00000000	      0.00000000	     -0.04251017	      0.04506492	      0.00000000
      0.57000000	      0.00000000	      0.00000000	     -0.04307190	      0.00000000	      0.00000000	      0.00000000	     -0.04333873	      0.04355311	      0.00000000
      0.57100000	      0.00000000	      0.00000000	     -0.04609390	      0.00000000	      0.00000000	      0.00000000	     -0.04644105	      0.04481788	      0.00000000
      0.57200000	      0.00000000	      0.00000000	     -0.04574290	      0.00000000	      0.00000000	      0.00000000	     -0.04513261	      0.04734124	      0.00000000
      0.57300000	      0.00000000	      0.00000000	     -0.04457894	      0.00000000	      0.00000000	      0.00000000	     -0.04529852	      0.04394949	      0.00000000
      0.57400000	      0.00000000	      0.00000000	     -0.04396865	      0.00000000	      0.00000000	      0.00000000	     -0.04144616	      0.05147921	      0.00000000
      0.57500000	      0.00000000	      0.00000000	     -0.04630805	      0.00000000	      0.00000000	      0.00000000	     -0.04583638	      0.04656447	      0.00000000
      0.57600000	      0.00000000	      0.00000000	     -0.04522328	      0.00000000	      0.00000000	      0.00000000	     -0.04413304	      0.04854245	      0.00000000
      0.57700000	      0.00000000	      0.00000000	     -0.04608902	      0.00000000	      0.00000000	      0.00000000	     -0.04672429	      0.04392658	      0.00000000
      0.57800000	      0.00000000	      0.00000000	     -0.04514825	      0.00000000	      0.00000000	      0.00000000	     -0.04478359	      0.04672462	      0.00000000
      0.57900000	      0.00000000	      0.00000000	     -0.04397756	      0.00000000	      0.00000000	      0.00000000	     -0.04115247	      0.05120443	      0.00000000
      0.58000000	      0.00000000	      0.00000000	     -0.04188338	      0.00000000	      0.00000000	      0.00000000	     -0.04423430	      0.03891294	      0.00000000
      0.58100000	      0.00000000	      0.00000000	     -0.04419223	      0.00000000	      0.00000000	      0.00000000	     -0.04195976	      0.05104843	      0.00000000
      0.58200000	      0.00000000	      0.00000000	     -0.04518630	      0.00000000	      0.00000000	      0.00000000	     -0.04455629	      0.04735091	      0.00000000
      0.58300000	      0.00000000	      0.00000000	     -0.04350131	      0.00000000	      0.00000000	      0.00000000	     -0.04396719	      0.04357360	      0.00000000
      0.58400000	      0.00000000	      0.00000000	     -0.03957653	      0.00000000	      0.00000000	      0.00000000	     -0.04223840	      0.03634409	      0.00000000
      0.58500000	      0.00000000	      0.00000000	     -0.04299252	      0.00000000	      0.00000000	      0.00000000	     -0.04565729	      0.03888182	      0.00000000
      0.58600000	      0.00000000	      0.00000000	     -0.04226435	      0.00000000	      0.00000000	      0.00000000	     -0.04317032	      0.04133892	      0.00000000
      0.58700000	      0.00000000	      0.00000000	     -0.04204304	      0.00000000	      0.00000000	      0.00000000	     -0.04062318	      0.04680451	      0.00000000
      0.58800000	      0.00000000	      0.00000000	     -0.04390221	      0.00000000	      0.00000000	      0.00000000	     -0.04236761	      0.04916663	      0.00000000
      0.58900000	      0.00000000	      0.00000000	     -0.04426956	      0.00000000	      0.00000000	      0.00000000	     -0.04433777	      0.04507153	      0.00000000
      0.59000000	      0.00000000	      0.00000000	     -0.04059504	      0.00000000	      0.00000000	      0.00000000	     -0.03852666	      0.04718653	      0.00000000
      0.59100000	      0.00000000	      0.00000000	     -0.04299085	      0.00000000	      0.00000000	      0.00000000	     -0.04394761	      0.04201062	      0.00000000
      0.59200000	      0.00000000	      0.00000000	     -0.04439281	      0.00000000	      0.00000000	      0.00000000	     -0.04300329	      0.04908760	      0.00000000
      0.59300000	      0.00000000	      0.00000000	     -0.04384138	      0.00000000	      0.00000000	      0.00000000	     -0.04335505	      0.04620908	      0.00000000
      0.59400000	      0.00000000	      0.00000000	     -0.04528286	      0.00000000	      0.00000000	      0.00000000	     -0.04675721	      0.04203269	      0.00000000
      0.59500000	      0.00000000	      0.00000000	     -0.04526410	      0.00000000	      0.00000000	      0.00000000	     -0.04665757	      0.04220090	      0.00000000
      0.59600000	      0.00000000	      0.00000000	     -0.04343929	      0.00000000	      0.00000000	      0.00000000	     -0.04516657	      0.04113246	      0.00000000
      0.59700000	      0.00000000	      0.00000000	     -0.04158397	      0.00000000	      0.00000000	      0.00000000	     -0.03934496	      0.04944453	      0.00000000
      0.59800000	      0.00000000	      0.00000000	     -0.04585901	      0.00000000	      0.00000000	      0.00000000	     -0.04598187	      0.04558169	      0.00000000
      0.59900000	      0.00000000	      0.00000000	     -0.04530778	      0.00000000	      0.00000000	      0.00000000	     -0.04372200	      0.04949237	      0.00000000
      0.60000000	      0.00000000	      0.00000000	     -0.04060345	      0.00000000	      0.00000000	      0.00000000	     -0.04208152	      0.03855053	      0.00000000
      0.60100000	      0.00000000	      0.00000000	     -0.04163253	      0.00000000	      0.00000000	      0.00000000	     -0.03975402	      0.04815975	      0.00000000
      0.60200000	      0.00000000	      0.00000000	     -0.04567166	      0.00000000	      0.00000000	      0.00000000	     -0.04498569	      0.04756469	      0.00000000
      0.60300000	      0.00000000	      0.00000000	     -0.04419118	      0.00000000	      0.00000000	      0.00000000	     -0.04219667	      0.05060908	      0.00000000
      0.60400000	      0.00000000	      0.00000000	     -0.04555394	      0.00000000	      0.00000000	      0.00000000	     -0.04691865	      0.04206490	      0.00000000
      0.60500000	      0.00000000	      0.00000000	     -0.04484863	      0.00000000	      0.00000000	      0.00000000	     -0.04496282	      0.04537286	      0.00000000
      0.60600000	      0.00000000	      0.00000000	     -0.04302570	      0.00000000	      0.00000000	      0.00000000	     -0.04331169	      0.04335095	      0.00000000
      0.60700000	      0.00000000	      0.00000000	     -0.04417107	      0.00000000	      0.00000000	      0.00000000	     -0.04276665	      0.04895326	      0.00000000
      0.60800000	      0.00000000	      0.00000000	     -0.04078536	      0.00000000	      0.00000000	      0.00000000	     -0.04244077	      0.03846282	      0.00000000
      0.60900000	      0.00000000	      0.00000000	     -0.04593668	      0.00000000	      0.00000000	      0.00000000	     -0.04648368	      0.04434852	      0.00000000
      0.61000000	      0.00000000	      0.00000000	     -0.03876823	      0.00000000	      0.00000000	      0.00000000	     -0.04141083	      0.03537374	      0.00000000
      0.61100000	      0.00000000	      0.00000000	     -0.04449292	      0.00000000	      0.00000000	      0.00000000	     -0.04672295	      0.03981479	      0.00000000
      0.61200000	      0.00000000	      0.00000000	     -0.04497559	      0.00000000	      0.00000000	      0.00000000	     -0.04644970	      0.04215911	      0.00000000
      0.61300000	      0.00000000	      0.00000000	     -0.04465441	      0.00000000	      0.00000000	      0.00000000	     -0.04338460	      0.04884772	      0.00000000
      0.61400000	      0.00000000	      0.00000000	     -0.04581215	      0.00000000	      0.00000000	      0.00000000	     -0.04494873	      0.04785478	      0.00000000
      0.61500000	      0.00000000	      0.00000000	     -0.04326851	      0.00000000	      0.00000000	      0.00000000	     -0.04132674	      0.05005856	      0.00000000
      0.61600000	      0.00000000	      0.00000000	     -0.04350162	      0.00000000	      0.00000000	      0.00000000	     -0.04108338	      0.05152428	      0.00000000
      0.61700000	      0.00000000	      0.00000000	     -0.04384808	      0.00000000	      0.00000000	      0.00000000	     -0.04601378	      0.04032145	      0.00000000
      0.61800000	      0.00000000	      0.00000000	     -0.04349154	      0.00000000	      0.00000000	      0.00000000	     -0.04270749	      0.04653728	      0.00000000
      0.61900000	      0.00000000	      0.00000000	     -0.04339081	      0.00000000	      0.00000000	      0.00000000	     -0.04440096	      0.04246935	      0.00000000
      0.62000000	      0.00000000	      0.00000000	     -0.04391233	      0.00000000	      0.00000000	      0.00000000	     -0.04449396	      0.04370589	      0.00000000
      0.62100000	      0.00000000	      0.00000000	     -0.04171580	      0.00000000	      0.00000000	      0.00000000	     -0.03937912	      0.05004409	      0.00000000
      0.62200000	      0.00000000	      0.00000000	     -0.04209938	      0.00000000	      0.00000000	      0.00000000	     -0.04165132	      0.04402826	      0.00000000
      0.62300000	      0.00000000	      0.00000000	     -0.04110446	      0.00000000	      0.00000000	      0.00000000	     -0.04300714	      0.03874353	      0.00000000
      0.62400000	      0.00000000	      0.00000000	     -0.04393266	      0.00000000	      0.00000000	      0.00000000	     -0.04237579	      0.04934922	      0.00000000
      0.62500000	      0.00000000	      0.00000000	     -0.04611758	      0.00000000	      0.00000000	      0.00000000	     -0.04632033	      0.04515443	      0.00000000
      0.62600000	      0.00000000	      0.00000000	     -0.04567628	      0.00000000	      0.00000000	      0.00000000	     -0.04399530	      0.04912497	      0.00000000
      0.62700000	      0.00000000	      0.00000000	     -0.04440247	      0.00000000	      0.00000000	      0.00000000	     -0.04609449	      0.04157261	      0.00000000
      0.62800000	      0.00000000	      0.00000000	     -0.04063542	      0.00000000	      0.00000000	      0.00000000	     -0.04243825	      0.03821319	      0.00000000
      0.62900000	      0.00000000	      0.00000000	     -0.04511481	      0.00000000	      0.00000000	      0.00000000	     -0.04623604	      0.04315046	      0.00000000
      0.63000000	      0.00000000	      0.00000000	     -0.04372978	      0.00000000	      0.00000000	      0.00000000	     -0.04425395	      0.04358249	      0.00000000
      0.63100000	      0.00000000	      0.00000000	     -0.04373892	      0.00000000	      0.00000000	      0.00000000	     -0.04447845	      0.04326222	      0.00000000
      0.63200000	      0.00000000	      0.00000000	     -0.04277045	      0.00000000	      0.00000000	      0.00000000	     -0.04245502	      0.04465180	      0.00000000
      0.63300000	      0.00000000	      0.00000000	     -0.04399839	      0.00000000	      0.00000000	      0.00000000	     -0.04260928	      0.04882784	      0.00000000
      0.63400000	      0.00000000	      0.00000000	     -0.04347821	      0.00000000	      0.00000000	      0.00000000	     -0.04106634	      0.05141889	      0.00000000
      0.63500000	      0.00000000	      0.00000000	     -0.04621923	      0.00000000	      0.00000000	      0.00000000	     -0.04652208	      0.04482005	      0.00000000
      0.63600000	      0.00000000	      0.00000000	     -0.04073508	      0.00000000	      0.00000000	      0.00000000	     -0.04325029	      0.03768060	      0.00000000
      0.63700000	      0.00000000	      0.00000000	     -0.04067284	      0.00000000	      0.00000000	      0.00000000	     -0.04348823	      0.03729957	      0.00000000
      0.63800000	      0.00000000	      0.00000000	     -0.04451989	      0.00000000	      0.00000000	      0.00000000	     -0.04339262	      0.04837213	      0.00000000
      0.63900000	      0.00000000	      0.00000000	     -0.04153308	      0.00000000	      0.00000000	      0.00000000	     -0.03935199	      0.04916904	      0.00000000
      0.64000000	      0.00000000	      0.00000000	     -0.04589357	      0.00000000	      0.00000000	      0.00000000	     -0.04646546	      0.04430657	      0.00000000
      0.64100000	      0.00000000	      0.00000000	     -0.04392095	      0.00000000	      0.00000000	      0.00000000	     -0.04583949	      0.04099907	      0.00000000
      0.64200000	      0.00000000	      0.00000000	     -0.04249691	      0.00000000	      0.00000000	      0.00000000	     -0.04156177	      0.04584893	      0.00000000
      0.64300000	      0.00000000	      0.00000000	     -0.04358701	      0.00000000	      0.00000000	      0.00000000	     -0.04612678	      0.03925618	      0.00000000
      0.64400000	      0.00000000	      0.00000000	     -0.04204100	      0.00000000	      0.00000000	      0.00000000	     -0.04228734	      0.04218056	      0.00000000
      0.64500000	      0.00000000	      0.00000000	     -0.04503175	      0.00000000	      0.00000000	      0.00000000	     -0.04440168	      0.04742470	      0.00000000
      0.64600000	      0.00000000	      0.00000000	     -0.04142839	      0.00000000	      0.00000000	      0.00000000	     -0.04185083	      0.04115628	      0.00000000
      0.64700000	      0.00000000	      0.00000000	     -0.04397333	      0.00000000	      0.00000000	      0.00000000	     -0.04217007	      0.05002386	      0.00000000
      0.64800000	      0.00000000	      0.00000000	     -0.04384880	      0.00000000	      0.00000000	      0.00000000	     -0.04128991	      0.05158814	      0.00000000
      0.64900000	      0.00000000	      0.00000000	     -0.04433731	      0.00000000	      0.00000000	      0.00000000	     -0.04429757	      0.04556154	      0.00000000
      0.65000000	      0.00000000	      0.00000000	     -0.04425858	      0.00000000	      0.00000000	      0.00000000	     -0.04175645	      0.05115665	      0.00000000
      0.65100000	      0.00000000	      0.00000000	     -0.04404896	      0.00000000	      0.00000000	      0.00000000	     -0.04248420	      0.04939273	      0.00000000
      0.65200000	      0.00000000	      0.00000000	     -0.04509481	      0.00000000	      0.00000000	      0.00000000	     -0.04439493	      0.04762891	      0.00000000
      0.65300000	      0.00000000	      0.00000000	     -0.04530544	      0.00000000	      0.00000000	      0.00000000	     -0.04633233	      0.04328049	      0.00000000
      0.65400000	      0.00000000	      0.00000000	     -0.03884299	      0.00000000	      0.00000000	      0.00000000	     -0.04137210	      0.03544873	      0.00000000
      0.65500000	      0.00000000	      0.00000000	     -0.04311694	      0.00000000	      0.00000000	      0.00000000	     -0.04304557	      0.04423946	      0.00000000
      0.65600000	      0.00000000	      0.00000000	     -0.04417659	      0.00000000	      0.00000000	      0.00000000	     -0.04440386	      0.04470584	      0.00000000
      0.65700000	      0.00000000	      0.00000000	     -0.04513304	      0.00000000	      0.00000000	      0.00000000	     -0.04373427	      0.04924734	      0.00000000
      0.65800000	      0.00000000	      0.00000000	     -0.04585592	      0.00000000	      0.00000000	      0.00000000	     -0.04496878	      0.04785636	      0.00000000
      0.65900000	      0.00000000	      0.00000000	     -0.04498837	      0.00000000	      0.00000000	      0.00000000	     -0.04332530	      0.04980839	      0.00000000
      0.66000000	      0.00000000	      0.00000000	     -0.04096153	      0.00000000	      0.00000000	      0.00000000	     -0.04287863	      0.03856620	      0.00000000
      0.66100000	      0.00000000	      0.00000000	     -0.04094077	      0.00000000	      0.00000000	      0.00000000	     -0.04373895	      0.03759310	      0.00000000
      0.66200000	      0.00000000	      0.00000000	     -0.04345709	      0.00000000	      0.00000000	      0.00000000	     -0.04460746	      0.04212229	      0.00000000
      0.66300000	      0.00000000	      0.00000000	     -0.04488020	      0.00000000	      0.00000000	      0.00000000	     -0.04385652	      0.04831377	      0.00000000
      0.66400000	      0.00000000	      0.00000000	     -0.04139320	      0.00000000	      0.00000000	      0.00000000	     -0.04378460	      0.03844492	      0.00000000
      0.66500000	      0.00000000	      0.00000000	     -0.04354430	      0.00000000	      0.00000000	      0.00000000	     -0.04168974	      0.04999071	      0.00000000
      0.66600000	      0.00000000	      0.00000000	     -0.04214870	      0.00000000	      0.00000000	      0.00000000	     -0.04065335	      0.04744067	      0.00000000
      0.66700000	      0.00000000	      0.00000000	     -0.04346378	      0.00000000	      0.00000000	      0.00000000	     -0.04095404	      0.05170138	      0.00000000
      0.66800000	      0.00000000	      0.00000000	     -0.04393855	      0.00000000	      0.00000000	      0.00000000	     -0.04113795	      0.05134284	      0.00000000
      0.66900000	      0.00000000	      0.00000000	     -0.04292891	      0.00000000	      0.00000000	      0.00000000	     -0.04389833	      0.04204898	      0.00000000
      0.67000000	      0.00000000	      0.00000000	     -0.04176674	      0.00000000	      0.00000000	      0.00000000	     -0.04282886	      0.04052654	      0.00000000
      0.67100000	      0.00000000	      0.00000000	     -0.04571452	      0.00000000	      0.00000000	      0.00000000	     -0.04693020	      0.04246186	      0.00000000
      0.67200000	      0.00000000	      0.00000000	     -0.04036462	      0.00000000	      0.00000000	      0.00000000	     -0.03826600	      0.04726202	      0.00000000
      0.67300000	      0.00000000	      0.00000000	     -0.04475866	      0.00000000	      0.00000000	      0.00000000	     -0.04510357	      0.04488356	      0.00000000
      0.67400000	      0.00000000	      0.00000000	     -0.04410498	      0.00000000	      0.00000000	      0.00000000	     -0.04648221	      0.03958214	      0.00000000
      0.67500000	      0.00000000	      0.00000000	     -0.04611899	      0.00000000	      0.00000000	      0.00000000	     -0.04561392	      0.04687073	      0.00000000
      0.67600000	      0.00000000	      0.00000000	     -0.04314063	      0.00000000	      0.00000000	      0.00000000	     -0.04423106	      0.04194632	      0.00000000
      0.67700000	      0.00000000	      0.00000000	     -0.04291651	      0.00000000	      0.00000000	      0.00000000	     -0.04513523	      0.03989695	      0.00000000
      0.67800000	      0.00000000	      0.00000000	     -0.04459972	      0.00000000	      0.00000000	      0.00000000	     -0.04222631	      0.05070448	      0.00000000
      0.67900000	      0.00000000	      0.00000000	     -0.04217425	      0.00000000	      0.00000000	      0.00000000	     -0.04245441	      0.04237662	      0.00000000
      0.68000000	      0.00000000	      0.00000000	     -0.04560773	      0.00000000	      0.00000000	      0.00000000	     -0.04605410	      0.04478136	      0.00000000
      0.68100000	      0.00000000	      0.00000000	     -0.04182601	      0.00000000	      0.00000000	      0.00000000	     -0.04167271	      0.04300519	      0.00000000
      0.68200000	      0.00000000	      0.00000000	     -0.04166117	      0.00000000	      0.00000000	      0.00000000	     -0.04381422	      0.03897382	      0.00000000
      0.68300000	      0.00000000	      0.00000000	     -0.04423866	      0.00000000	      0.00000000	      0.00000000	     -0.04319305	      0.04803525	      0.00000000
      0.68400000	      0.00000000	      0.00000000	     -0.04065941	      0.00000000	      0.00000000	      0.00000000	     -0.04362953	      0.03708013	      0.00000000
      0.68500000	      0.00000000	      0.00000000	     -0.04555345	      0.00000000	      0.00000000	      0.00000000	     -0.04439076	      0.04856664	      0.00000000
      0.68600000	      0.00000000	      0.00000000	     -0.04020117	      0.00000000	      0.00000000	      0.00000000	     -0.03801944	      0.04718020	      0.00000000
      0.68700000	      0.00000000	      0.00000000	     -0.04564394	      0.00000000	      0.00000000	      0.00000000	     -0.04664437	      0.04322033	      0.00000000
      0.68800000	      0.00000000	      0.00000000	     -0.04405646	      0.00000000	      0.00000000	      0.00000000	     -0.04447286	      0.04421303	      0.00000000
      0.68900000	      0.00000000	      0.00000000	     -0.04533709	      0.00000000	      0.00000000	      0.00000000	     -0.04433803	      0.04834778	      0.00000000
      0.69000000	      0.00000000	      0.00000000	     -0.04379510	      0.00000000	      0.00000000	      0.00000000	     -0.04197487	      0.05008385	      0.00000000
      0.69100000	      0.00000000	      0.00000000	     -0.04510347	      0.00000000	      0.00000000	      0.00000000	     -0.04550217	      0.04492611	      0.00000000
      0.69200000	      0.00000000	      0.00000000	     -0.04594607	      0.00000000	      0.00000000	      0.00000000	     -0.04664859	      0.04395449	      0.00000000
      0.69300000	      0.00000000	      0.00000000	     -0.04010625	      0.00000000	      0.00000000	      0.00000000	     -0.04276368	      0.03693847	      0.00000000
      0.69400000	      0.00000000	      0.00000000	     -0.04307919	      0.00000000	      0.00000000	      0.00000000	     -0.04202778	      0.04703819	      0.00000000
      0.69500000	      0.00000000	      0.00000000	     -0.04499567	      0.00000000	      0.00000000	      0.00000000	     -0.04312880	      0.05009533	      0.00000000
      0.69600000	      0.00000000	      0.00000000	     -0.04398116	      0.00000000	      0.00000000	      0.00000000	     -0.04114966	      0.05120386	      0.00000000
      0.69700000	      0.00000000	      0.00000000	     -0.04352988	      0.00000000	      0.00000000	      0.00000000	     -0.04102932	      0.05164187	      0.00000000
      0.69800000	      0.00000000	      0.00000000	     -0.04305358	      0.00000000	      0.00000000	      0.00000000	     -0.04310702	      0.04402218	      0.00000000
      0.69900000	      0.00000000	      0.00000000	     -0.03955233	      0.00000000	      0.00000000	      0.00000000	     -0.04232921	      0.03621646	      0.00000000
      0.70000000	      0.00000000	      0.00000000	     -0.04397734	      0.00000000	      0.00000000	      0.00000000	     -0.04555082	      0.04180587	      0.00000000
      0.70100000	      0.00000000	      0.00000000	     -0.04481809	      0.00000000	      0.00000000	      0.00000000	     -0.04288397	      0.05029730	      0.00000000
      0.70200000	      0.00000000	      0.00000000	     -0.04214704	      0.00000000	      0.00000000	      0.00000000	     -0.04069448	      0.04726054	      0.00000000
      0.70300000	      0.00000000	      0.00000000	     -0.04605377	      0.00000000	      0.00000000	      0.00000000	     -0.04676656	      0.04377487	      0.00000000
      0.70400000	      0.00000000	      0.00000000	     -0.04510965	      0.00000000	      0.00000000	      0.00000000	     -0.04411185	      0.04833218	      0.00000000
      0.70500000	      0.00000000	      0.00000000	     -0.04554248	      0.00000000	      0.00000000	      0.00000000	     -0.04457547	      0.04821500	      0.00000000
      0.70600000	      0.00000000	      0.00000000	     -0.04298990	      0.00000000	      0.00000000	      0.00000000	     -0.04547824	      0.03945798	      0.00000000
      0.70700000	      0.00000000	      0.00000000	     -0.04584874	      0.00000000	      0.00000000	      0.00000000	     -0.04504611	      0.04769058	      0.00000000
      0.70800000	      0.00000000	      0.00000000	     -0.04605883	      0.00000000	      0.00000000	      0.00000000	     -0.04606948	      0.04568177	      0.00000000
      0.70900000	      0.00000000	      0.00000000	     -0.04509292	      0.00000000	      0.00000000	      0.00000000	     -0.04513164	      0.04577710	      0.00000000
      0.71000000	      0.00000000	      0.00000000	     -0.04314445	      0.00000000	      0.00000000	      0.00000000	     -0.04130544	      0.04963867	      0.00000000
      0.71100000	      0.00000000	      0.00000000	     -0.04482625	      0.00000000	      0.00000000	      0.00000000	     -0.04464483	      0.04624001	      0.00000000
      0.71200000	      0.00000000	      0.00000000	     -0.04031876	      0.00000000	      0.00000000	      0.00000000	     -0.04219044	      0.03780011	      0.00000000
      0.71300000	      0.00000000	      0.00000000	     -0.04143285	      0.00000000	      0.00000000	      0.00000000	     -0.04185905	      0.04106999	      0.00000000
      0.71400000	      0.00000000	      0.00000000	     -0.04639468	      0.00000000	      0.00000000	      0.00000000	     -0.04633469	      0.04554063	      0.00000000
      0.71500000	      0.00000000	      0.00000000	     -0.04264290	      0.00000000	      0.00000000	      0.00000000	     -0.04041912	      0.05061291	      0.00000000
      0.71600000	      0.00000000	      0.00000000	     -0.04554623	      0.00000000	      0.00000000	      0.00000000	     -0.04400576	      0.04920056	      0.00000000
      0.71700000	      0.00000000	      0.00000000	     -0.03978740	      0.00000000	      0.00000000	      0.00000000	     -0.04231722	      0.03656200	      0.00000000
      0.71800000	      0.00000000	      0.00000000	     -0.04179680	      0.00000000	      0.00000000	      0.00000000	     -0.03953564	      0.04983613	      0.00000000
      0.71900000	      0.00000000	      0.00000000	     -0.03999192	      0.00000000	      0.00000000	      0.00000000	     -0.04305690	      0.03649961	      0.00000000
      0.72000000	      0.00000000	      0.00000000	     -0.04403125	      0.00000000	      0.00000000	      0.00000000	     -0.04176071	      0.05115141	      0.00000000
      0.72100000	      0.00000000	      0.00000000	     -0.04401660	      0.00000000	      0.00000000	      0.00000000	     -0.04506624	      0.04281213	      0.00000000
      0.72200000	      0.00000000	      0.00000000	     -0.04020601	      0.00000000	      0.00000000	      0.00000000	     -0.04243745	      0.03738984	      0.00000000
      0.72300000	      0.00000000	      0.00000000	     -0.04176741	      0.00000000	      0.00000000	      0.00000000	     -0.04395638	      0.03900415	      0.00000000
      0.72400000	      0.00000000	      0.00000000	     -0.04437325	      0.00000000	      0.00000000	      0.00000000	     -0.04317768	      0.04853487	      0.00000000
      0.72500000	      0.00000000	      0.00000000	     -0.04206708	      0.00000000	      0.00000000	      0.00000000	     -0.04353889	      0.04025333	      0.00000000
      0.72600000	      0.00000000	      0.00000000	     -0.04189587	      0.00000000	      0.00000000	      0.00000000	     -0.04119022	      0.04433335	      0.00000000
      0.72700000	      0.00000000	      0.00000000	     -0.04343816	      0.00000000	      0.00000000	      0.00000000	     -0.04130304	      0.05070706	      0.00000000
      0.72800000	      0.00000000	      0.00000000	     -0.04370866	      0.00000000	      0.00000000	      0.00000000	     -0.04397100	      0.04434314	      0.00000000
      0.72900000	      0.00000000	      0.00000000	     -0.04316605	      0.00000000	      0.00000000	      0.00000000	     -0.04576295	      0.03925945	      0.00000000
      0.73000000	      0.00000000	      0.00000000	     -0.04279244	      0.00000000	      0.00000000	      0.00000000	     -0.04243740	      0.04464896	      0.00000000
      0.73100000	      0.00000000	      0.00000000	     -0.04568053	      0.00000000	      0.00000000	      0.00000000	     -0.04493433	      0.04769528	      0.00000000
      0.73200000	      0.00000000	      0.00000000	     -0.04407436	      0.00000000	      0.00000000	      0.00000000	     -0.04480543	      0.04357452	      0.00000000
      0.73300000	      0.00000000	      0.00000000	     -0.04371474	      0.00000000	      0.00000000	      0.00000000	     -0.04080377	      0.05153168	      0.00000000
      0.73400000	      0.00000000	      0.00000000	     -0.04625450	      0.00000000	      0.00000000	      0.00000000	     -0.04538115	      0.04738938	      0.00000000
      0.73500000	      0.00000000	      0.00000000	     -0.04182807	      0.00000000	      0.00000000	      0.00000000	     -0.04032520	      0.04704359	      0.00000000
      0.73600000	      0.00000000	      0.00000000	     -0.04352504	      0.00000000	      0.00000000	      0.00000000	     -0.04576370	      0.04018552	      0.00000000
      0.73700000	      0.00000000	      0.00000000	     -0.04595259	      0.00000000	      0.00000000	      0.00000000	     -0.04639018	      0.04471833	      0.00000000
      0.73800000	      0.00000000	      0.00000000	     -0.04381567	      0.00000000	      0.00000000	      0.00000000	     -0.04537249	      0.04177454	      0.00000000
      0.73900000	      0.00000000	      0.00000000	     -0.04301068	      0.00000000	      0.00000000	      0.00000000	     -0.04171718	      0.04779181	      0.00000000
      0.74000000	      0.00000000	      0.00000000	     -0.04537612	      0.00000000	      0.00000000	      0.00000000	     -0.04574253	      0.04498286	      0.00000000
      0.74100000	      0.00000000	      0.00000000	     -0.04324243	      0.00000000	      0.00000000	      0.00000000	     -0.04447456	      0.04183205	      0.00000000
      0.74200000	      0.00000000	      0.00000000	     -0.04039207	      0.00000000	      0.00000000	      0.00000000	     -0.03835030	      0.04682144	      0.00000000
      0.74300000	      0.00000000	      0.00000000	     -0.04303737	      0.00000000	      0.00000000	      0.00000000	     -0.04193700	      0.04711633	      0.00000000
      0.74400000	      0.00000000	      0.00000000	     -0.04180877	      0.00000000	      0.00000000	      0.00000000	     -0.04055402	      0.04606154	      0.00000000
      0.74500000	      0.00000000	      0.00000000	     -0.04291621	      0.00000000	      0.00000000	      0.00000000	     -0.04349105	      0.04273635	      0.00000000
      0.74600000	      0.00000000	      0.00000000	     -0.04373307	      0.00000000	      0.00000000	      0.00000000	     -0.04572209	      0.04079788	      0.00000000
      0.74700000	      0.00000000	      0.00000000	     -0.04273275	      0.00000000	      0.00000000	      0.00000000	     -0.04466669	      0.04034625	      0.00000000
      0.74800000	      0.00000000	      0.00000000	     -0.04489934	      0.00000000	      0.00000000	      0.00000000	     -0.04407018	      0.04782500	      0.00000000
      0.74900000	      0.00000000	      0.00000000	     -0.04415527	      0.00000000	      0.00000000	      0.00000000	     -0.04636254	      0.04026551	      0.00000000
      0.75000000	      0.00000000	      0.00000000	     -0.04536788	      0.00000000	      0.00000000	      0.00000000	     -0.04670793	      0.04239401	      0.00000000
      0.75100000	      0.00000000	      0.00000000	     -0.04324155	      0.00000000	      0.00000000	      0.00000000	     -0.04088328	      0.05129525	      0.00000000
      0.75200000	      0.00000000	      0.00000000	     -0.04405517	      0.00000000	      0.00000000	      0.00000000	     -0.04599107	      0.04103561	      0.00000000
      0.75300000	      0.00000000	      0.00000000	     -0.04186008	      0.00000000	      0.00000000	      0.00000000	     -0.04361850	      0.03963124	      0.00000000
      0.75400000	      0.00000000	      0.00000000	     -0.04610683	      0.00000000	      0.00000000	      0.00000000	     -0.04630778	      0.04522330	      0.00000000
      0.75500000	      0.00000000	      0.00000000	     -0.03911930	      0.00000000	      0.00000000	      0.00000000	     -0.04196628	      0.03572857	      0.00000000
      0.75600000	      0.00000000	      0.00000000	     -0.04457493	      0.00000000	      0.00000000	      0.00000000	     -0.04238750	      0.05075391	      0.00000000
      0.75700000	      0.00000000	      0.00000000	     -0.04509883	      0.00000000	      0.00000000	      0.00000000	     -0.04425296	      0.04790553	      0.00000000
      0.75800000	      0.00000000	      0.00000000	     -0.04006943	      0.00000000	      0.00000000	      0.00000000	     -0.03803632	      0.04649941	      0.00000000
      0.75900000	      0.00000000	      0.00000000	     -0.04610600	      0.00000000	      0.00000000	      0.00000000	     -0.04490922	      0.04805559	      0.00000000
      0.76000000	      0.00000000	      0.00000000	     -0.04564541	      0.00000000	      0.00000000	      0.00000000	     -0.04553401	      0.04621051	      0.00000000
      0.76100000	      0.00000000	      0.00000000	     -0.04139945	      0.00000000	      0.00000000	      0.00000000	     -0.04285696	      0.03963339	      0.00000000
      0.76200000	      0.00000000	      0.00000000	     -0.04497970	      0.00000000	      0.00000000	      0.00000000	     -0.04645118	      0.04212814	      0.00000000
      0.76300000	      0.00000000	      0.00000000	     -0.04254517	      0.00000000	      0.00000000	      0.00000000	     -0.04169800	      0.04569355	      0.00000000
      0.76400000	      0.00000000	      0.00000000	     -0.04507179	      0.00000000	      0.00000000	      0.00000000	     -0.04484915	      0.04645031	      0.00000000
      0.76500000	      0.00000000	      0.00000000	     -0.04527837	      0.00000000	      0.00000000	      0.00000000	     -0.04564354	      0.04507021	      0.00000000
      0.76600000	      0.00000000	      0.00000000	     -0.04030182	      0.00000000	      0.00000000	      0.00000000	     -0.04296724	      0.03710114	      0.00000000
      0.76700000	      0.00000000	      0.00000000	     -0.04379066	      0.00000000	      0.00000000	      0.00000000	     -0.04626838	      0.03949619	      0.00000000
      0.76800000	      0.00000000	      0.00000000	     -0.04317000	      0.00000000	      0.00000000	      0.00000000	     -0.04492691	      0.04085192	      0.00000000
      0.76900000	      0.00000000	      0.00000000	     -0.04412985	      0.00000000	      0.00000000	      0.00000000	     -0.04521351	      0.04284761	      0.00000000
      0.77000000	      0.00000000	      0.00000000	     -0.04375216	      0.00000000	      0.00000000	      0.00000000	     -0.04423422	      0.04385113	      0.00000000
      0.77100000	      0.00000000	      0.00000000	     -0.04404069	      0.00000000	      0.00000000	      0.00000000	     -0.04132627	      0.05122260	      0.00000000
      0.77200000	      0.00000000	      0.00000000	     -0.04363033	      0.00000000	      0.00000000	      0.00000000	     -0.04228373	      0.04850152	      0.00000000
      0.77300000	      0.00000000	      0.00000000	     -0.04267774	      0.00000000	      0.00000000	      0.00000000	     -0.04098918	      0.04862955	      0.00000000
      0.77400000	      0.00000000	      0.00000000	     -0.04416285	      0.00000000	      0.00000000	      0.00000000	     -0.04369064	      0.04654314	      0.00000000
      0.77500000	      0.00000000	      0.00000000	     -0.04175950	      0.00000000	      0.00000000	      0.00000000	     -0.04114679	      0.04408233	      0.00000000
      0.77600000	      0.00000000	      0.00000000	     -0.04415357	      0.00000000	      0.00000000	      0.00000000	     -0.04191989	      0.05104589	      0.00000000
      0.77700000	      0.00000000	      0.00000000	     -0.04498137	      0.00000000	      0.00000000	      0.00000000	     -0.04620938	      0.04286074	      0.00000000
      0.77800000	      0.00000000	      0.00000000	     -0.04573550	      0.00000000	      0.00000000	      0.00000000	     -0.04581070	      0.04575359	      0.00000000
      0.77900000	      0.00000000	      0.00000000	     -0.04054115	      0.00000000	      0.00000000	      0.00000000	     -0.04354209	      0.03702535	      0.00000000
      0.78000000	      0.00000000	      0.00000000	     -0.04349095	      0.00000000	      0.00000000	      0.00000000	     -0.04051598	      0.05175472	      0.00000000
      0.78100000	      0.00000000	      0.00000000	     -0.04461727	      0.00000000	      0.00000000	      0.00000000	     -0.04239938	      0.05071979	      0.00000000
      0.78200000	      0.00000000	      0.00000000	     -0.04318008	      0.00000000	      0.00000000	      0.00000000	     -0.04050816	      0.05203363	      0.00000000
      0.78300000	      0.00000000	      0.00000000	     -0.04281343	      0.00000000	      0.00000000	      0.00000000	     -0.04385460	      0.04181574	      0.00000000
      0.78400000	      0.00000000	      0.00000000	     -0.04494417	      0.00000000	      0.00000000	      0.00000000	     -0.04545934	      0.04461408	      0.00000000
      0.78500000	      0.00000000	      0.00000000	     -0.04632957	      0.00000000	      0.00000000	      0.00000000	     -0.04581026	      0.04665594	      0.00000000
      0.78600000	      0.00000000	      0.00000000	     -0.04412468	      0.00000000	      0.00000000	      0.00000000	     -0.04264803	      0.04915100	      0.00000000
      0.78700000	      0.00000000	      0.00000000	     -0.04328491	      0.00000000	      0.00000000	      0.00000000	     -0.04461968	      0.04179427	      0.00000000
      0.78800000	      0.00000000	      0.00000000	     -0.04237596	      0.00000000	      0.00000000	      0.00000000	     -0.04491353	      0.03904511	      0.00000000
      0.78900000	      0.00000000	      0.00000000	     -0.04251810	      0.00000000	      0.00000000	      0.00000000	     -0.04104454	      0.04778995	      0.00000000
      0.79000000	      0.00000000	      0.00000000	     -0.04501763	      0.00000000	      0.00000000	      0.00000000	     -0.04647876	      0.04220130	      0.00000000
      0.79100000	      0.00000000	      0.00000000	     -0.04269596	      0.00000000	      0.00000000	      0.00000000	     -0.04248605	      0.04432943	      0.00000000
      0.79200000	      0.00000000	      0.00000000	     -0.04223955	      0.00000000	      0.00000000	      0.00000000	     -0.04178423	      0.04417754	      0.00000000
      0.79300000	      0.00000000	      0.00000000	     -0.04182803	      0.00000000	      0.00000000	      0.00000000	     -0.04384910	      0.03927716	      0.00000000
      0.79400000	      0.00000000	      0.00000000	     -0.04182784	      0.00000000	      0.00000000	      0.00000000	     -0.04308641	      0.04026803	      0.00000000
      0.79500000	      0.00000000	      0.00000000	     -0.04474770	      0.00000000	      0.00000000	      0.00000000	     -0.04335763	      0.04919511	      0.00000000
      0.79600000	      0.00000000	      0.00000000	     -0.04144374	      0.00000000	      0.00000000	      0.00000000	     -0.04435085	      0.03789631	      0.00000000
      0.79700000	      0.00000000	      0.00000000	     -0.04561015	      0.00000000	      0.00000000	      0.00000000	     -0.04405398	      0.04912830	      0.00000000
      0.79800000	      0.00000000	      0.00000000	     -0.04230481	      0.00000000	      0.00000000	      0.00000000	     -0.04459304	      0.03946255	      0.00000000
      0.79900000	      0.00000000	      0.00000000	     -0.04176885	      0.00000000	      0.00000000	      0.00000000	     -0.04184838	      0.04229210	      0.00000000
      0.80000000	      0.00000000	      0.00000000	     -0.04142413	      0.00000000	      0.00000000	      0.00000000	     -0.04135575	      0.04222118	      0.00000000
      0.80100000	      0.00000000	      0.00000000	     -0.04247234	      0.00000000	      0.00000000	      0.00000000	     -0.04210174	      0.04438768	      0.00000000
      0.80200000	      0.00000000	      0.00000000	     -0.03829284	      0.00000000	      0.00000000	      0.00000000	     -0.04129847	      0.03469909	      0.00000000
      0.80300000	      0.00000000	      0.00000000	     -0.04409208	      0.00000000	      0.00000000	      0.00000000	     -0.04609569	      0.04077692	      0.00000000
      0.80400000	      0.00000000	      0.00000000	     -0.04291969	      0.00000000	      0.00000000	      0.00000000	     -0.04542620	      0.03943223	      0.00000000
      0.80500000	      0.00000000	      0.00000000	     -0.04438425	      0.00000000	      0.00000000	      0.00000000	     -0.04494268	      0.04415751	      0.00000000
      0.80600000	      0.00000000	      0.00000000	     -0.04124372	      0.00000000	      0.00000000	      0.00000000	     -0.04345438	      0.03855831	      0.00000000
      0.80700000	      0.00000000	      0.00000000	     -0.04367789	      0.00000000	      0.00000000	      0.00000000	     -0.04217320	      0.04904714	      0.00000000
      0.80800000	      0.00000000	      0.00000000	     -0.04356252	      0.00000000	      0.00000000	      0.00000000	     -0.04457953	      0.04255346	      0.00000000
      0.80900000	      0.00000000	      0.00000000	     -0.04523446	      0.00000000	      0.00000000	      0.00000000	     -0.04333262	      0.04983812	      0.00000000
      0.81000000	      0.00000000	      0.00000000	     -0.04471295	      0.00000000	      0.00000000	      0.00000000	     -0.04455886	      0.04605977	      0.00000000
      0.81100000	      0.00000000	      0.00000000	     -0.04021629	      0.00000000	      0.00000000	      0.00000000	     -0.04306675	      0.03691688	      0.00000000
      0.81200000	      0.00000000	      0.00000000	     -0.04546766	      0.00000000	      0.00000000	      0.00000000	     -0.04501208	      0.04708363	      0.00000000
      0.81300000	      0.00000000	      0.00000000	     -0.04574175	      0.00000000	      0.00000000	      0.00000000	     -0.04470534	      0.04827529	      0.00000000
      0.81400000	      0.00000000	      0.00000000	     -0.04542306	      0.00000000	      0.00000000	      0.00000000	     -0.04661353	      0.04288307	      0.00000000
      0.81500000	      0.00000000	      0.00000000	     -0.04514902	      0.00000000	      0.00000000	      0.00000000	     -0.04507593	      0.04600390	      0.00000000
      0.81600000	      0.00000000	      0.00000000	     -0.04135510	      0.00000000	      0.00000000	      0.00000000	     -0.04206689	      0.04048837	      0.00000000
      0.81700000	      0.00000000	      0.00000000	     -0.04564879	      0.00000000	      0.00000000	      0.00000000	     -0.04394683	      0.04910804	      0.00000000
      0.81800000	      0.00000000	      0.00000000	     -0.04382279	      0.00000000	      0.00000000	      0.00000000	     -0.04123506	      0.05162577	      0.00000000
      0.81900000	      0.00000000	      0.00000000	     -0.04477792	      0.00000000	      0.00000000	      0.00000000	     -0.04596556	      0.04293046	      0.00000000
      0.82000000	      0.00000000	      0.00000000	     -0.04224275	      0.00000000	      0.00000000	      0.00000000	     -0.04005143	      0.04999113	      0.00000000
      0.82100000	      0.00000000	      0.00000000	     -0.04424624	      0.00000000	      0.00000000	      0.00000000	     -0.04541995	      0.04280598	      0.00000000
      0.82200000	      0.00000000	      0.00000000	     -0.04191113	      0.00000000	      0.00000000	      0.00000000	     -0.04085327	      0.04550815	      0.00000000
      0.82300000	      0.00000000	      0.00000000	     -0.04577829	      0.00000000	      0.00000000	      0.00000000	     -0.04686230	      0.04287447	      0.00000000
      0.82400000	      0.00000000	      0.00000000	     -0.04227683	      0.00000000	      0.00000000	      0.00000000	     -0.04080891	      0.04744099	      0.00000000
      0.82500000	      0.00000000	      0.00000000	     -0.04275136	      0.00000000	      0.00000000	      0.00000000	     -0.04086134	      0.04956755	      0.00000000
      0.82600000	      0.00000000	      0.00000000	     -0.04044189	      0.00000000	      0.00000000	      0.00000000	     -0.03838085	      0.04723259	      0.00000000
      0.82700000	      0.00000000	      0.00000000	     -0.04163070	      0.00000000	      0.00000000	      0.00000000	     -0.04307841	      0.03985365	      0.00000000
      0.82800000	      0.00000000	      0.00000000	     -0.04377357	      0.00000000	      0.00000000	      0.00000000	     -0.04476172	      0.04274712	      0.00000000
      0.82900000	      0.00000000	      0.00000000	     -0.04328779	      0.00000000	      0.00000000	      0.00000000	     -0.04204725	      0.04793928	      0.00000000
      0.83000000	      0.00000000	      0.00000000	     -0.04570449	      0.00000000	      0.00000000	      0.00000000	     -0.04685999	      0.04272200	      0.00000000
      0.83100000	      0.00000000	      0.00000000	     -0.04340256	      0.00000000	      0.00000000	      0.00000000	     -0.04194159	      0.04858541	      0.00000000
      0.83200000	      0.00000000	      0.00000000	     -0.04396673	      0.00000000	      0.00000000	      0.00000000	     -0.04600743	      0.04076431	      0.00000000
      0.83300000	      0.00000000	      0.00000000	     -0.04123724	      0.00000000	      0.00000000	      0.00000000	     -0.04430998	      0.03750317	      0.00000000
      0.83400000	      0.00000000	      0.00000000	     -0.04208098	      0.00000000	      0.00000000	      0.00000000	     -0.04127708	      0.04507896	      0.00000000
      0.83500000	      0.00000000	      0.00000000	     -0.04470020	      0.00000000	      0.00000000	      0.00000000	     -0.04536114	      0.04419082	      0.00000000
      0.83600000	      0.00000000	      0.00000000	     -0.04470650	      0.00000000	      0.00000000	      0.00000000	     -0.04576992	      0.04324600	      0.00000000
      0.83700000	      0.00000000	      0.00000000	     -0.04271334	      0.00000000	      0.00000000	      0.00000000	     -0.04276691	      0.04359071	      0.00000000
      0.83800000	      0.00000000	      0.00000000	     -0.04416798	      0.00000000	      0.00000000	      0.00000000	     -0.04161097	      0.05122373	      0.00000000
      0.83900000	      0.00000000	      0.00000000	     -0.04080876	      0.00000000	      0.00000000	      0.00000000	     -0.03907788	      0.04637096	      0.00000000
      0.84000000	      0.00000000	      0.00000000	     -0.04628275	      0.00000000	      0.00000000	      0.00000000	     -0.04534368	      0.04741686	      0.00000000
      0.84100000	      0.00000000	      0.00000000	     -0.04391575	      0.00000000	      0.00000000	      0.00000000	     -0.04589715	      0.04091430	      0.00000000
      0.84200000	      0.00000000	      0.00000000	     -0.04531228	      0.00000000	      0.00000000	      0.00000000	     -0.04398377	      0.04903759	      0.00000000
      0.84300000	      0.00000000	      0.00000000	     -0.04599716	      0.00000000	      0.00000000	      0.00000000	     -0.04566907	      0.04657528	      0.00000000
      0.84400000	      0.00000000	      0.00000000	     -0.04439927	      0.00000000	      0.00000000	      0.00000000	     -0.04489073	      0.04439348	      0.00000000
      0.84500000	      0.00000000	      0.00000000	     -0.04361013	      0.00000000	      0.00000000	      0.00000000	     -0.04612017	      0.03939472	      0.00000000
      0.84600000	      0.00000000	      0.00000000	     -0.04498327	      0.00000000	      0.00000000	      0.00000000	     -0.04424811	      0.04769308	      0.00000000
      0.84700000	      0.00000000	      0.00000000	     -0.04555357	      0.00000000	      0.00000000	      0.00000000	     -0.04660946	      0.04317676	      0.00000000
      0.84800000	      0.00000000	      0.00000000	     -0.04025377	      0.00000000	      0.00000000	      0.00000000	     -0.04302607	      0.03702841	      0.00000000
      0.84900000	      0.00000000	      0.00000000	     -0.04413645	      0.00000000	      0.00000000	      0.00000000	     -0.04375572	      0.04622393	      0.00000000
      0.85000000	      0.00000000	      0.00000000	     -0.04256733	      0.00000000	      0.00000000	      0.00000000	     -0.04099198	      0.04817243	      0.00000000
      0.85100000	      0.00000000	      0.00000000	     -0.04204087	      0.00000000	      0.00000000	      0.00000000	     -0.04113410	      0.04527587	      0.00000000
      0.85200000	      0.00000000	      0.00000000	     -0.04596592	      0.00000000	      0.00000000	      0.00000000	     -0.04680217	      0.04347740	      0.00000000
      0.85300000	      0.00000000	      0.00000000	     -0.04503647	      0.00000000	      0.00000000	      0.00000000	     -0.04332477	      0.04986579	      0.00000000
      0.85400000	      0.00000000	      0.00000000	     -0.04127985	      0.00000000	      0.00000000	      0.00000000	     -0.03999329	      0.04549333	      0.00000000
      0.85500000	      0.00000000	      0.00000000	     -0.04273709	      0.00000000	      0.00000000	      0.00000000	     -0.04308703	      0.04313007	      0.00000000
      0.85600000	      0.00000000	      0.00000000	     -0.04005727	      0.00000000	      0.00000000	      0.00000000	     -0.04327028	      0.03634521	      0.00000000
      0.85700000	      0.00000000	      0.00000000	     -0.04355901	      0.00000000	      0.00000000	      0.00000000	     -0.04556392	      0.04075596	      0.00000000
      0.85800000	      0.00000000	      0.00000000	     -0.04309907	      0.00000000	      0.00000000	      0.00000000	     -0.04076927	      0.05120455	      0.00000000
      0.85900000	      0.00000000	      0.00000000	     -0.04546429	      0.00000000	      0.00000000	      0.00000000	     -0.04431312	      0.04860643	      0.00000000
      0.86000000	      0.00000000	      0.00000000	     -0.04415978	      0.00000000	      0.00000000	      0.00000000	     -0.04501492	      0.04338769	      0.00000000
      0.86100000	      0.00000000	      0.00000000	     -0.04625274	      0.00000000	      0.00000000	      0.00000000	     -0.04624644	      0.04558472	      0.00000000
      0.86200000	      0.00000000	      0.00000000	     -0.04571864	      0.00000000	      0.00000000	      0.00000000	     -0.04401675	      0.04898519	      0.00000000
      0.86300000	      0.00000000	      0.00000000	     -0.04549028	      0.00000000	      0.00000000	      0.00000000	     -0.04671910	      0.04273646	      0.00000000
      0.86400000	      0.00000000	      0.00000000	     -0.04267370	      0.00000000	      0.00000000	      0.00000000	     -0.04084647	      0.04922296	      0.00000000
      0.86500000	      0.00000000	      0.00000000	     -0.04360176	      0.00000000	      0.00000000	      0.00000000	     -0.04111236	      0.05164218	      0.00000000
      0.86600000	      0.00000000	      0.00000000	     -0.04233703	      0.00000000	      0.00000000	      0.00000000	     -0.04304972	      0.04180202	      0.00000000
      0.86700000	      0.00000000	      0.00000000	     -0.04415716	      0.00000000	      0.00000000	      0.00000000	     -0.04383912	      0.04609368	      0.00000000
      0.86800000	      0.00000000	      0.00000000	     -0.03903302	      0.00000000	      0.00000000	      0.00000000	     -0.04174805	      0.03572937	      0.00000000
      0.86900000	      0.00000000	      0.00000000	     -0.04300842	      0.00000000	      0.00000000	      0.00000000	     -0.04159611	      0.04808174	      0.00000000
      0.87000000	      0.00000000	      0.00000000	     -0.04464117	      0.00000000	      0.00000000	      0.00000000	     -0.04653193	      0.04112735	      0.00000000
      0.87100000	      0.00000000	      0.00000000	     -0.04361614	      0.00000000	      0.00000000	      0.00000000	     -0.04499924	      0.04199754	      0.00000000
      0.87200000	      0.00000000	      0.00000000	     -0.04001734	      0.00000000	      0.00000000	      0.00000000	     -0.04294845	      0.03664192	      0.00000000
      0.87300000	      0.00000000	      0.00000000	     -0.04536280	      0.00000000	      0.00000000	      0.00000000	     -0.04505259	      0.04668054	      0.00000000
      0.87400000	      0.00000000	      0.00000000	     -0.04509797	      0.00000000	      0.00000000	      0.00000000	     -0.04610319	      0.04348337	      0.00000000
      0.87500000	      0.00000000	      0.00000000	     -0.04496063	      0.00000000	      0.00000000	      0.00000000	     -0.04460811	      0.04668753	      0.00000000
      0.87600000	      0.00000000	      0.00000000	     -0.04257319	      0.00000000	      0.00000000	      0.00000000	     -0.04310350	      0.04252953	      0.00000000
      0.87700000	      0.00000000	      0.00000000	     -0.04348267	      0.00000000	      0.00000000	      0.00000000	     -0.04576042	      0.04011104	      0.00000000
      0.87800000	      0.00000000	      0.00000000	     -0.04572194	      0.00000000	      0.00000000	      0.00000000	     -0.04617338	      0.04474761	      0.00000000
      0.87900000	      0.00000000	      0.00000000	     -0.04279202	      0.00000000	      0.00000000	      0.00000000	     -0.04531437	      0.03934529	      0.00000000
      0.88000000	      0.00000000	      0.00000000	     -0.04570372	      0.00000000	      0.00000000	      0.00000000	     -0.04645854	      0.04401842	      0.00000000
      0.88100000	      0.00000000	      0.00000000	     -0.04616698	      0.00000000	      0.00000000	      0.00000000	     -0.04692819	      0.04348673	      0.00000000
      0.88200000	      0.00000000	      0.00000000	     -0.04222983	      0.00000000	      0.00000000	      0.00000000	     -0.04147885	      0.04502870	      0.00000000
      0.88300000	      0.00000000	      0.00000000	     -0.04580146	      0.00000000	      0.00000000	      0.00000000	     -0.04664593	      0.04366682	      0.00000000
      0.88400000	      0.00000000	      0.00000000	     -0.03991801	      0.00000000	      0.00000000	      0.00000000	     -0.04209832	      0.03709520	      0.00000000
      0.88500000	      0.00000000	      0.00000000	     -0.04455937	      0.00000000	      0.00000000	      0.00000000	     -0.04265405	      0.05036967	      0.00000000
      0.88600000	      0.00000000	      0.00000000	     -0.04533879	      0.00000000	      0.00000000	      0.00000000	     -0.04429964	      0.04846502	      0.00000000
      0.88700000	      0.00000000	      0.00000000	     -0.04365473	      0.00000000	      0.00000000	      0.00000000	     -0.04078636	      0.05168979	      0.00000000
      0.88800000	      0.00000000	      0.00000000	     -0.04259501	      0.00000000	      0.00000000	      0.00000000	     -0.04341817	      0.04202127	      0.00000000
      0.88900000	      0.00000000	      0.00000000	     -0.03901362	      0.00000000	      0.00000000	      0.00000000	     -0.04187888	      0.03557786	      0.00000000
      0.89000000	      0.00000000	      0.00000000	     -0.04499046	      0.00000000	      0.00000000	      0.00000000	     -0.04496470	      0.04587727	      0.00000000
      0.89100000	      0.00000000	      0.00000000	     -0.04063643	      0.00000000	      0.00000000	      0.00000000	     -0.04379323	      0.03692990	      0.00000000
      0.89200000	      0.00000000	      0.00000000	     -0.04424988	      0.00000000	      0.00000000	      0.00000000	     -0.04333220	      0.04781698	      0.00000000
      0.89300000	      0.00000000	      0.00000000	     -0.04179505	      0.00000000	      0.00000000	      0.00000000	     -0.04379582	      0.03940835	      0.00000000
      0.89400000	      0.00000000	      0.00000000	     -0.04330411	      0.00000000	      0.00000000	      0.00000000	     -0.04167438	      0.04904187	      0.00000000
      0.89500000	      0.00000000	      0.00000000	     -0.04452010	      0.00000000	      0.00000000	      0.00000000	     -0.04402652	      0.04678967	      0.00000000
      0.89600000	      0.00000000	      0.00000000	     -0.04588887	      0.00000000	      0.00000000	      0.00000000	     -0.04580637	      0.04608150	      0.00000000
      0.89700000	      0.00000000	      0.00000000	     -0.04368137	      0.00000000	      0.00000000	      0.00000000	     -0.04373641	      0.04479340	      0.00000000
      0.89800000	      0.00000000	      0.00000000	     -0.04238018	      0.00000000	      0.00000000	      0.00000000	     -0.04073596	      0.04830071	      0.00000000
      0.89900000	      0.00000000	      0.00000000	     -0.04437210	      0.00000000	      0.00000000	      0.00000000	     -0.04301051	      0.04901816	      0.00000000
      0.90000000	      0.00000000	      0.00000000	     -0.04325623	      0.00000000	      0.00000000	      0.00000000	     -0.04017989	      0.05184392	      0.00000000
      0.90100000	      0.00000000	      0.00000000	     -0.04186959	      0.00000000	      0.00000000	      0.00000000	     -0.04025584	      0.04749541	      0.00000000
      0.90200000	      0.00000000	      0.00000000	     -0.04258861	      0.00000000	      0.00000000	      0.00000000	     -0.04355957	      0.04174928	      0.00000000
      0.90300000	      0.00000000	      0.00000000	     -0.04540263	      0.00000000	      0.00000000	      0.00000000	     -0.04519451	      0.04645157	      0.00000000
      0.90400000	      0.00000000	      0.00000000	     -0.04357473	      0.00000000	      0.00000000	      0.00000000	     -0.04248545	      0.04764239	      0.00000000
      0.90500000	      0.00000000	      0.00000000	     -0.04339597	      0.00000000	      0.00000000	      0.00000000	     -0.04521969	      0.04102239	      0.00000000
      0.90600000	      0.00000000	      0.00000000	     -0.04078927	      0.00000000	      0.00000000	      0.00000000	     -0.04232510	      0.03879496	      0.00000000
      0.90700000	      0.00000000	      0.00000000	     -0.04578438	      0.00000000	      0.00000000	      0.00000000	     -0.04594735	      0.04554857	      0.00000000
      0.90800000	      0.00000000	      0.00000000	     -0.04493848	      0.00000000	      0.00000000	      0.00000000	     -0.04296749	      0.05024473	      0.00000000
      0.90900000	      0.00000000	      0.00000000	     -0.03872512	      0.00000000	      0.00000000	      0.00000000	     -0.04169715	      0.03523396	      0.00000000
      0.91000000	      0.00000000	      0.00000000	     -0.04436982	      0.00000000	      0.00000000	      0.00000000	     -0.04543545	      0.04305796	      0.00000000
      0.91100000	      0.00000000	      0.00000000	     -0.04130382	      0.00000000	      0.00000000	      0.00000000	     -0.04407158	      0.03789416	      0.00000000
      0.91200000	      0.00000000	      0.00000000	     -0.04569626	      0.00000000	      0.00000000	      0.00000000	     -0.04469609	      0.04822539	      0.00000000
      0.91300000	      0.00000000	      0.00000000	     -0.04378840	      0.00000000	      0.00000000	      0.00000000	     -0.04278642	      0.04759751	      0.00000000
      0.91400000	      0.00000000	      0.00000000	     -0.04282539	      0.00000000	      0.00000000	      0.00000000	     -0.04128739	      0.04843824	      0.00000000
      0.91500000	      0.00000000	      0.00000000	     -0.04273326	      0.00000000	      0.00000000	      0.00000000	     -0.04563990	      0.03841118	      0.00000000
      0.91600000	      0.00000000	      0.00000000	     -0.04519756	      0.00000000	      0.00000000	      0.00000000	     -0.04672733	      0.04189080	      0.00000000
      0.91700000	      0.00000000	      0.00000000	     -0.04545338	      0.00000000	      0.00000000	      0.00000000	     -0.04491522	      0.04729824	      0.00000000
      0.91800000	      0.00000000	      0.00000000	     -0.04247891	      0.00000000	      0.00000000	      0.00000000	     -0.04477342	      0.03950431	      0.00000000
      0.91900000	      0.00000000	      0.00000000	     -0.04631285	      0.00000000	      0.00000000	      0.00000000	     -0.04641652	      0.04524295	      0.00000000
      0.92000000	      0.00000000	      0.00000000	     -0.04483001	      0.00000000	      0.00000000	      0.00000000	     -0.04392107	      0.04809503	      0.00000000
      0.92100000	      0.00000000	      0.00000000	     -0.04333401	      0.00000000	      0.00000000	      0.00000000	     -0.04309063	      0.04515839	      0.00000000
      0.92200000	      0.00000000	      0.00000000	     -0.04393944	      0.00000000	      0.00000000	      0.00000000	     -0.04118809	      0.05135546	      0.00000000
      0.92300000	      0.00000000	      0.00000000	     -0.04425324	      0.00000000	      0.00000000	      0.00000000	     -0.04583512	      0.04192435	      0.00000000
      0.92400000	      0.00000000	      0.00000000	     -0.04130177	      0.00000000	      0.00000000	      0.00000000	     -0.03941276	      0.04784276	      0.00000000
      0.92500000	      0.00000000	      0.00000000	     -0.04642104	      0.00000000	      0.00000000	      0.00000000	     -0.04581877	      0.04665124	      0.00000000
      0.92600000	      0.00000000	      0.00000000	     -0.04436830	      0.00000000	      0.00000000	      0.00000000	     -0.04420560	      0.04590201	      0.00000000
      0.92700000	      0.00000000	      0.00000000	     -0.04355442	      0.00000000	      0.00000000	      0.00000000	     -0.04119299	      0.05141263	      0.00000000
      0.92800000	      0.00000000	      0.00000000	     -0.04192093	      0.00000000	      0.00000000	      0.00000000	     -0.04031194	      0.04748722	      0.00000000
      0.92900000	      0.00000000	      0.00000000	     -0.04584152	      0.00000000	      0.00000000	      0.00000000	     -0.04622976	      0.04490060	      0.00000000
      0.93000000	      0.00000000	      0.00000000	     -0.04373563	      0.00000000	      0.00000000	      0.00000000	     -0.04526923	      0.04179602	      0.00000000
      0.93100000	      0.00000000	      0.00000000	     -0.04374228	      0.00000000	      0.00000000	      0.00000000	     -0.04629451	      0.03930146	      0.00000000
      0.93200000	      0.00000000	      0.00000000	     -0.04375814	      0.00000000	      0.00000000	      0.00000000	     -0.04248322	      0.04836719	      0.00000000
      0.93300000	      0.00000000	      0.00000000	     -0.04230862	      0.00000000	      0.00000000	      0.00000000	     -0.04149338	      0.04533160	      0.00000000
      0.93400000	      0.00000000	      0.00000000	     -0.03820492	      0.00000000	      0.00000000	      0.00000000	     -0.04128218	      0.03461150	      0.00000000
      0.93500000	      0.00000000	      0.00000000	     -0.04623299	      0.00000000	      0.00000000	      0.00000000	     -0.04599020	      0.04619145	      0.00000000
      0.93600000	      0.00000000	      0.00000000	     -0.04310731	      0.00000000	      0.00000000	      0.00000000	     -0.04059115	      0.05167444	      0.00000000
      0.93700000	      0.00000000	      0.00000000	     -0.04620984	      0.00000000	      0.00000000	      0.00000000	     -0.04662852	      0.04450708	      0.00000000
      0.93800000	      0.00000000	      0.00000000	     -0.04560697	      0.00000000	      0.00000000	      0.00000000	     -0.04467041	      0.04814860	      0.00000000
      0.93900000	      0.00000000	      0.00000000	     -0.04400323	      0.00000000	      0.00000000	      0.00000000	     -0.04621764	      0.04033203	      0.00000000
      0.94000000	      0.00000000	      0.00000000	     -0.04464887	      0.00000000	      0.00000000	      0.00000000	     -0.04215282	      0.05035637	      0.00000000
      0.94100000	      0.00000000	      0.00000000	     -0.04378064	      0.00000000	      0.00000000	      0.00000000	     -0.04388196	      0.04475152	      0.00000000
      0.94200000	      0.00000000	      0.00000000	     -0.04537803	      0.00000000	      0.00000000	      0.00000000	     -0.04470791	      0.04760870	      0.00000000
      0.94300000	      0.00000000	      0.00000000	     -0.04280796	      0.00000000	      0.00000000	      0.00000000	     -0.04331302	      0.04287779	      0.00000000
      0.94400000	      0.00000000	      0.00000000	     -0.04362100	      0.00000000	      0.00000000	      0.00000000	     -0.04293562	      0.04660291	      0.00000000
      0.94500000	      0.00000000	      0.00000000	     -0.04464480	      0.00000000	      0.00000000	      0.00000000	     -0.04283153	      0.05018762	      0.00000000
      0.94600000	      0.00000000	      0.00000000	     -0.04092299	      0.00000000	      0.00000000	      0.00000000	     -0.04335277	      0.03804501	      0.00000000
      0.94700000	      0.00000000	      0.00000000	     -0.04232898	      0.00000000	      0.00000000	      0.00000000	     -0.04469323	      0.03926518	      0.00000000
      0.94800000	      0.00000000	      0.00000000	     -0.04371236	      0.00000000	      0.00000000	      0.00000000	     -0.04546233	      0.04134917	      0.00000000
      0.94900000	      0.00000000	      0.00000000	     -0.04595704	      0.00000000	      0.00000000	      0.00000000	     -0.04693332	      0.04309082	      0.00000000
      0.95000000	      0.00000000	      0.00000000	     -0.04284575	      0.00000000	      0.00000000	      0.00000000	     -0.04376208	      0.04217135	      0.00000000
      0.95100000	      0.00000000	      0.00000000	     -0.04160067	      0.00000000	      0.00000000	      0.00000000	     -0.03959112	      0.04861425	      0.00000000
      0.95200000	      0.00000000	      0.00000000	     -0.04436418	      0.00000000	      0.00000000	      0.00000000	     -0.04647923	      0.04049683	      0.00000000
      0.95300000	      0.00000000	      0.00000000	     -0.04551268	      0.00000000	      0.00000000	      0.00000000	     -0.04606735	      0.04455014	      0.00000000
      0.95400000	      0.00000000	      0.00000000	     -0.04111621	      0.00000000	      0.00000000	      0.00000000	     -0.03935095	      0.04707597	      0.00000000
      0.95500000	      0.00000000	      0.00000000	     -0.04553296	      0.00000000	      0.00000000	      0.00000000	     -0.04539301	      0.04626450	      0.00000000
      0.95600000	      0.00000000	      0.00000000	     -0.04267138	      0.00000000	      0.00000000	      0.00000000	     -0.04443105	      0.04058597	      0.00000000
      0.95700000	      0.00000000	      0.00000000	     -0.04574921	      0.00000000	      0.00000000	      0.00000000	     -0.04497077	      0.04776635	      0.00000000
      0.95800000	      0.00000000	      0.00000000	     -0.04232492	      0.00000000	      0.00000000	      0.00000000	     -0.04207828	      0.04397368	      0.00000000
      0.95900000	      0.00000000	      0.00000000	     -0.04503898	      0.00000000	      0.00000000	      0.00000000	     -0.04336454	      0.04981318	      0.00000000
      0.96000000	      0.00000000	      0.00000000	     -0.04355928	      0.00000000	      0.00000000	      0.00000000	     -0.04183829	      0.04961280	      0.00000000
      0.96100000	      0.00000000	      0.00000000	     -0.04565414	      0.00000000	      0.00000000	      0.00000000	     -0.04383518	      0.04904691	      0.00000000
      0.96200000	      0.00000000	      0.00000000	     -0.03891077	      0.00000000	      0.00000000	      0.00000000	     -0.04205777	      0.03536189	      0.00000000
      0.96300000	      0.00000000	      0.00000000	     -0.04447453	      0.00000000	      0.00000000	      0.00000000	     -0.04564067	      0.04293800	      0.00000000
      0.96400000	      0.00000000	      0.00000000	     -0.04423092	      0.00000000	      0.00000000	      0.00000000	     -0.04262158	      0.04964851	      0.00000000
      0.96500000	      0.00000000	      0.00000000	     -0.04347011	      0.00000000	      0.00000000	      0.00000000	     -0.04262373	      0.04685248	      0.00000000
      0.96600000	      0.00000000	      0.00000000	     -0.04640686	      0.00000000	      0.00000000	      0.00000000	     -0.04574997	      0.04677194	      0.00000000
      0.96700000	      0.00000000	      0.00000000	     -0.04189847	      0.00000000	      0.00000000	      0.00000000	     -0.04362202	      0.03987459	      0.00000000
      0.96800000	      0.00000000	      0.00000000	     -0.04525017	      0.00000000	      0.00000000	      0.00000000	     -0.04678718	      0.04188857	      0.00000000
      0.96900000	      0.00000000	      0.00000000	     -0.04440498	      0.00000000	      0.00000000	      0.00000000	     -0.04518045	      0.04374852	      0.00000000
      0.97000000	      0.00000000	      0.00000000	     -0.04411435	      0.00000000	      0.00000000	      0.00000000	     -0.04393241	      0.04578284	      0.00000000
      0.97100000	      0.00000000	      0.00000000	     -0.04407346	      0.00000000	      0.00000000	      0.00000000	     -0.04199484	      0.05080703	      0.00000000
      0.97200000	      0.00000000	      0.00000000	     -0.04612606	      0.00000000	      0.00000000	      0.00000000	     -0.04602287	      0.04599551	      0.00000000
      0.97300000	      0.00000000	      0.00000000	     -0.04241256	      0.00000000	      0.00000000	      0.00000000	     -0.04481771	      0.03933813	      0.00000000
      0.97400000	      0.00000000	      0.00000000	     -0.03962332	      0.00000000	      0.00000000	      0.00000000	     -0.04280369	      0.03607185	      0.00000000
      0.97500000	      0.00000000	      0.00000000	     -0.04560754	      0.00000000	      0.00000000	      0.00000000	     -0.04693209	      0.04231169	      0.00000000
      0.97600000	      0.00000000	      0.00000000	     -0.04149351	      0.00000000	      0.00000000	      0.00000000	     -0.04411449	      0.03831717	      0.00000000
      0.97700000	      0.00000000	      0.00000000	     -0.04386275	      0.00000000	      0.00000000	      0.00000000	     -0.04111164	      0.05147984	      0.00000000
      0.97800000	      0.00000000	      0.00000000	     -0.03957651	      0.00000000	      0.00000000	      0.00000000	     -0.04294537	      0.03587220	      0.00000000
      0.97900000	      0.00000000	      0.00000000	     -0.04367533	      0.00000000	      0.00000000	      0.00000000	     -0.04618838	      0.03945940	      0.00000000
      0.98000000	      0.00000000	      0.00000000	     -0.04615197	      0.00000000	      0.00000000	      0.00000000	     -0.04696717	      0.04333592	      0.00000000
      0.98100000	      0.00000000	      0.00000000	     -0.04506702	      0.00000000	      0.00000000	      0.00000000	     -0.04402712	      0.04847850	      0.00000000
      0.98200000	      0.00000000	      0.00000000	     -0.04253762	      0.00000000	      0.00000000	      0.00000000	     -0.04340087	      0.04192485	      0.00000000
      0.98300000	      0.00000000	      0.00000000	     -0.04383132	      0.00000000	      0.00000000	      0.00000000	     -0.04225168	      0.04941519	      0.00000000
      0.98400000	      0.00000000	      0.00000000	     -0.04343342	      0.00000000	      0.00000000	      0.00000000	     -0.04336773	      0.04473871	      0.00000000
      0.98500000	      0.00000000	      0.00000000	     -0.04239272	      0.00000000	      0.00000000	      0.00000000	     -0.04454848	      0.03973587	      0.00000000
      0.98600000	      0.00000000	      0.00000000	     -0.04139151	      0.00000000	      0.00000000	      0.00000000	     -0.03975517	      0.04696984	      0.00000000
      0.98700000	      0.00000000	      0.00000000	     -0.04239722	      0.00000000	      0.00000000	      0.00000000	     -0.04320937	      0.04185090	      0.00000000
      0.98800000	      0.00000000	      0.00000000	     -0.04477110	      0.00000000	      0.00000000	      0.00000000	     -0.04475918	      0.04579148	      0.00000000
      0.98900000	      0.00000000	      0.00000000	     -0.04554504	      0.00000000	      0.00000000	      0.00000000	     -0.04631234	      0.04400970	      0.00000000
      0.99000000	      0.00000000	      0.00000000	     -0.04199533	      0.00000000	      0.00000000	      0.00000000	     -0.04306039	      0.04085602	      0.00000000
      0.99100000	      0.00000000	      0.00000000	     -0.04508523	      0.00000000	      0.00000000	      0.00000000	     -0.04379766	      0.04903220	      0.00000000
      0.99200000	      0.00000000	      0.00000000	     -0.04462673	      0.00000000	      0.00000000	      0.00000000	     -0.04271774	      0.05037088	      0.00000000
      0.99300000	      0.00000000	      0.00000000	     -0.04595661	      0.00000000	      0.00000000	      0.00000000	     -0.04453022	      0.04847688	      0.00000000
      0.99400000	      0.00000000	      0.00000000	     -0.04608571	      0.00000000	      0.00000000	      0.00000000	     -0.04503370	      0.04790562	      0.00000000
      0.99500000	      0.00000000	      0.00000000	     -0.04517400	      0.00000000	      0.00000000	      0.00000000	     -0.04706751	      0.04060080	      0.00000000
      0.99600000	      0.00000000	      0.00000000	     -0.04316396	      0.00000000	      0.00000000	      0.00000000	     -0.04072072	      0.05151214	      0.00000000
      0.99700000	      0.00000000	      0.00000000	     -0.04504663	      0.00000000	      0.00000000	      0.00000000	     -0.04314221	      0.05008437	      0.00000000
      0.99800000	      0.00000000	      0.00000000	     -0.04518911	      0.00000000	      0.00000000	      0.00000000	     -0.04528071	      0.04567635	      0.00000000
      0.99900000	      0.00000000	      0.00000000	     -0.04211335	      0.00000000	      0.00000000	      0.00000000	     -0.04419027	      0.03962848	      0.00000000
      1.00000000	      0.00000000	      0.00000000	     -0.04410353	      0.00000000	      0.00000000	      0.00000000	     -0.04545875	      0.04237932	      0.00000000
      1.00100000	      0.00000000	      0.00000000	     -0.04466968	      0.00000000	      0.00000000	      0.00000000	     -0.04292400	      0.05004734	      0.00000000
      1.00200000	      0.00000000	      0.00000000	     -0.04481621	      0.00000000	      0.00000000	      0.00000000	     -0.04393618	      0.04794989	      0.00000000
      1.00300000	      0.00000000	      0.00000000	     -0.04165221	      0.00000000	      0.00000000	      0.00000000	     -0.04365113	      0.03928244	      0.00000000
      1.00400000	      0.00000000	      0.00000000	     -0.04512498	      0.00000000	      0.00000000	      0.00000000	     -0.04342769	      0.04979107	      0.00000000
      1.00500000	      0.00000000	      0.00000000	     -0.04412896	      0.00000000	      0.00000000	      0.00000000	     -0.04472660	      0.04397171	      0.00000000
      1.00600000	      0.00000000	      0.00000000	     -0.04522766	      0.00000000	      0.00000000	      0.00000000	     -0.04703186	      0.04092344	      0.00000000
      1.00700000	      0.00000000	      0.00000000	     -0.04561810	      0.00000000	      0.00000000	      0.00000000	     -0.04490670	      0.04764855	      0.00000000
      1.00800000	      0.00000000	      0.00000000	     -0.04327144	      0.00000000	      0.00000000	      0.00000000	     -0.04451269	      0.04195165	      0.00000000
      1.00900000	      0.00000000	      0.00000000	     -0.04508940	      0.00000000	      0.00000000	      0.00000000	     -0.04671581	      0.04171710	      0.00000000
      1.01000000	      0.00000000	      0.00000000	     -0.04414894	      0.00000000	      0.00000000	      0.00000000	     -0.04152386	      0.05117711	      0.00000000
      1.01100000	      0.00000000	      0.00000000	     -0.04389633	      0.00000000	      0.00000000	      0.00000000	     -0.04526520	      0.04223059	      0.00000000
      1.01200000	      0.00000000	      0.00000000	     -0.04299064	      0.00000000	      0.00000000	      0.00000000	     -0.04418862	      0.04173466	      0.00000000
      1.01300000	      0.00000000	      0.00000000	     -0.04440577	      0.00000000	      0.00000000	      0.00000000	     -0.04584101	      0.04226330	      0.00000000
      1.01400000	      0.00000000	      0.00000000	     -0.04178713	      0.00000000	      0.00000000	      0.00000000	     -0.03991880	      0.04834729	      0.00000000
      1.01500000	      0.00000000	      0.00000000	     -0.04261791	      0.00000000	      0.00000000	      0.00000000	     -0.04216936	      0.04473382	      0.00000000
      1.01600000	      0.00000000	      0.00000000	     -0.04629873	      0.00000000	      0.00000000	      0.00000000	     -0.04557858	      0.04707217	      0.00000000
      1.01700000	      0.00000000	      0.00000000	     -0.04551463	      0.00000000	      0.00000000	      0.00000000	     -0.04497427	      0.04730202	      0.00000000
      1.01800000	      0.00000000	      0.00000000	     -0.04434839	      0.00000000	      0.00000000	      0.00000000	     -0.04642660	      0.04066089	      0.00000000
      1.01900000	      0.00000000	      0.00000000	     -0.04449994	      0.00000000	      0.00000000	      0.00000000	     -0.04473374	      0.04504513	      0.00000000
      1.02000000	      0.00000000	      0.00000000	     -0.04632456	      0.00000000	      0.00000000	      0.00000000	     -0.04643179	      0.04522072	      0.00000000
      1.02100000	      0.00000000	      0.00000000	     -0.04121699	      0.00000000	      0.00000000	      0.00000000	     -0.03926903	      0.04798007	      0.00000000
      1.02200000	      0.00000000	      0.00000000	     -0.04051565	      0.00000000	      0.00000000	      0.00000000	     -0.04371158	      0.03683072	      0.00000000
      1.02300000	      0.00000000	      0.00000000	     -0.04008682	      0.00000000	      0.00000000	      0.00000000	     -0.04308712	      0.03664366	      0.00000000
      1.02400000	      0.00000000	      0.00000000	     -0.04446708	      0.00000000	      0.00000000	      0.00000000	     -0.04181650	      0.05033430	      0.00000000
      1.02500000	      0.00000000	      0.00000000	     -0.04481403	      0.00000000	      0.00000000	      0.00000000	     -0.04365037	      0.04872585	      0.00000000
      1.02600000	      0.00000000	      0.00000000	     -0.04638348	      0.00000000	      0.00000000	      0.00000000	     -0.04595421	      0.04639506	      0.00000000
      1.02700000	      0.00000000	      0.00000000	     -0.04663262	      0.00000000	      0.00000000	      0.00000000	     -0.04632959	      0.04558249	      0.00000000
      1.02800000	      0.00000000	      0.00000000	     -0.04130845	      0.00000000	      0.00000000	      0.00000000	     -0.04316854	      0.03899681	      0.00000000
      1.02900000	      0.00000000	      0.00000000	     -0.04209238	      0.00000000	      0.00000000	      0.00000000	     -0.04411909	      0.03961598	      0.00000000
      1.03000000	      0.00000000	      0.00000000	     -0.04240559	      0.00000000	      0.00000000	      0.00000000	     -0.04230129	      0.04373691	      0.00000000
      1.03100000	      0.00000000	      0.00000000	     -0.04464353	      0.00000000	      0.00000000	      0.00000000	     -0.04466063	      0.04567683	      0.00000000
      1.03200000	      0.00000000	      0.00000000	     -0.04036599	      0.00000000	      0.00000000	      0.00000000	     -0.04349749	      0.03679981	      0.00000000
      1.03300000	      0.00000000	      0.00000000	     -0.04609001	      0.00000000	      0.00000000	      0.00000000	     -0.04609036	      0.04576479	      0.00000000
      1.03400000	      0.00000000	      0.00000000	     -0.04420091	      0.00000000	      0.00000000	      0.00000000	     -0.04271055	      0.04937707	      0.00000000
      1.03500000	      0.00000000	      0.00000000	     -0.04604829	      0.00000000	      0.00000000	      0.00000000	     -0.04528741	      0.04749232	      0.00000000
      1.03600000	      0.00000000	      0.00000000	     -0.04401281	      0.00000000	      0.00000000	      0.00000000	     -0.04500590	      0.04303505	      0.00000000
      1.03700000	      0.00000000	      0.00000000	     -0.04498238	      0.00000000	      0.00000000	      0.00000000	     -0.04594802	      0.04354215	      0.00000000
      1.03800000	      0.00000000	      0.00000000	     -0.04131545	      0.00000000	      0.00000000	      0.00000000	     -0.04407824	      0.03799658	      0.00000000
      1.03900000	      0.00000000	      0.00000000	     -0.04183719	      0.00000000	      0.00000000	      0.00000000	     -0.03997617	      0.04842395	      0.00000000
      1.04000000	      0.00000000	      0.00000000	     -0.04462495	      0.00000000	      0.00000000	      0.00000000	     -0.04207943	      0.05030683	      0.00000000
      1.04100000	      0.00000000	      0.00000000	     -0.04454713	      0.00000000	      0.00000000	      0.00000000	     -0.04303211	      0.04955457	      0.00000000
      1.04200000	      0.00000000	      0.00000000	     -0.04514453	      0.00000000	      0.00000000	      0.00000000	     -0.04394863	      0.04880413	      0.00000000
      1.04300000	      0.00000000	      0.00000000	     -0.04315924	      0.00000000	      0.00000000	      0.00000000	     -0.03994496	      0.05151592	      0.00000000
      1.04400000	      0.00000000	      0.00000000	     -0.04548840	      0.00000000	      0.00000000	      0.00000000	     -0.04655392	      0.04324374	      0.00000000
      1.04500000	      0.00000000	      0.00000000	     -0.04273448	      0.00000000	      0.00000000	      0.00000000	     -0.04562329	      0.03842382	      0.00000000
      1.04600000	      0.00000000	      0.00000000	     -0.04329379	      0.00000000	      0.00000000	      0.00000000	     -0.04283712	      0.04567663	      0.00000000
      1.04700000	      0.00000000	      0.00000000	     -0.04430453	      0.00000000	      0.00000000	      0.00000000	     -0.04172654	      0.05096340	      0.00000000
      1.04800000	      0.00000000	      0.00000000	     -0.04301826	      0.00000000	      0.00000000	      0.00000000	     -0.04537197	      0.03979705	      0.00000000
      1.04900000	      0.00000000	      0.00000000	     -0.04439549	      0.00000000	      0.00000000	      0.00000000	     -0.04630876	      0.04113264	      0.00000000
      1.05000000	      0.00000000	      0.00000000	     -0.04344926	      0.00000000	      0.00000000	      0.00000000	     -0.04267042	      0.04663450	      0.00000000
      1.05100000	      0.00000000	      0.00000000	     -0.04304210	      0.00000000	      0.00000000	      0.00000000	     -0.04363479	      0.04297080	      0.00000000
      1.05200000	      0.00000000	      0.00000000	     -0.04430757	      0.00000000	      0.00000000	      0.00000000	     -0.04177698	      0.05104001	      0.00000000
      1.05300000	      0.00000000	      0.00000000	     -0.04437357	      0.00000000	      0.00000000	      0.00000000	     -0.04670448	      0.03974508	      0.00000000
      1.05400000	      0.00000000	      0.00000000	     -0.04345895	      0.00000000	      0.00000000	      0.00000000	     -0.04502172	      0.04156820	      0.00000000
      1.05500000	      0.00000000	      0.00000000	     -0.04339609	      0.00000000	      0.00000000	      0.00000000	     -0.04336279	      0.04473872	      0.00000000
      1.05600000	      0.00000000	      0.00000000	     -0.04363987	      0.00000000	      0.00000000	      0.00000000	     -0.04456571	      0.04283232	      0.00000000
      1.05700000	      0.00000000	      0.00000000	     -0.04483613	      0.00000000	      0.00000000	      0.00000000	     -0.04660987	      0.04140968	      0.00000000
      1.05800000	      0.00000000	      0.00000000	     -0.04509692	      0.00000000	      0.00000000	      0.00000000	     -0.04513507	      0.04583788	      0.00000000
      1.05900000	      0.00000000	      0.00000000	     -0.04255922	      0.00000000	      0.00000000	      0.00000000	     -0.04141140	      0.04673087	      0.00000000
      1.06000000	      0.00000000	      0.00000000	     -0.04295260	      0.00000000	      0.00000000	      0.00000000	     -0.04416409	      0.04171828	      0.00000000
      1.06100000	      0.00000000	      0.00000000	     -0.04634325	      0.00000000	      0.00000000	      0.00000000	     -0.04716387	      0.04288987	      0.00000000
      1.06200000	      0.00000000	      0.00000000	     -0.04325492	      0.00000000	      0.00000000	      0.00000000	     -0.04103733	      0.05099412	      0.00000000
      1.06300000	      0.00000000	      0.00000000	     -0.04589940	      0.00000000	      0.00000000	      0.00000000	     -0.04655486	      0.04416939	      0.00000000
      1.06400000	      0.00000000	      0.00000000	     -0.04500269	      0.00000000	      0.00000000	      0.00000000	     -0.04337881	      0.04974526	      0.00000000
      1.06500000	      0.00000000	      0.00000000	     -0.04441442	      0.00000000	      0.00000000	      0.00000000	     -0.04411636	      0.04629070	      0.00000000
      1.06600000	      0.00000000	      0.00000000	     -0.04372887	      0.00000000	      0.00000000	      0.00000000	     -0.04272409	      0.04759120	      0.00000000
      1.06700000	      0.00000000	      0.00000000	     -0.04417107	      0.00000000	      0.00000000	      0.00000000	     -0.04242942	      0.04998777	      0.00000000
      1.06800000	      0.00000000	      0.00000000	     -0.04530927	      0.00000000	      0.00000000	      0.00000000	     -0.04697004	      0.04137328	      0.00000000
      1.06900000	      0.00000000	      0.00000000	     -0.04345919	      0.00000000	      0.00000000	      0.00000000	     -0.04589094	      0.03973831	      0.00000000
      1.07000000	      0.00000000	      0.00000000	     -0.04562596	      0.00000000	      0.00000000	      0.00000000	     -0.04376384	      0.04905622	      0.00000000
      1.07100000	      0.00000000	      0.00000000	     -0.04646369	      0.00000000	      0.00000000	      0.00000000	     -0.04603096	      0.04624969	      0.00000000
      1.07200000	      0.00000000	      0.00000000	     -0.04438995	      0.00000000	      0.00000000	      0.00000000	     -0.04593837	      0.04200430	      0.00000000
      1.07300000	      0.00000000	      0.00000000	     -0.04566949	      0.00000000	      0.00000000	      0.00000000	     -0.04458090	      0.04842521	      0.00000000
      1.07400000	      0.00000000	      0.00000000	     -0.04254241	      0.00000000	      0.00000000	      0.00000000	     -0.04540235	      0.03855483	      0.00000000
      1.07500000	      0.00000000	      0.00000000	     -0.04136452	      0.00000000	      0.00000000	      0.00000000	     -0.03941585	      0.04815654	      0.00000000
      1.07600000	      0.00000000	      0.00000000	     -0.03980006	      0.00000000	      0.00000000	      0.00000000	     -0.04296507	      0.03625345	      0.00000000
      1.07700000	      0.00000000	      0.00000000	     -0.04268697	      0.00000000	      0.00000000	      0.00000000	     -0.04380421	      0.04162712	      0.00000000
      1.07800000	      0.00000000	      0.00000000	     -0.04464423	      0.00000000	      0.00000000	      0.00000000	     -0.04434211	      0.04646288	      0.00000000
      1.07900000	      0.00000000	      0.00000000	     -0.04180381	      0.00000000	      0.00000000	      0.00000000	     -0.04330448	      0.04000346	      0.00000000
      1.08000000	      0.00000000	      0.00000000	     -0.04369569	      0.00000000	      0.00000000	      0.00000000	     -0.04244896	      0.04833182	      0.00000000
      1.08100000	      0.00000000	      0.00000000	     -0.04434269	      0.00000000	      0.00000000	      0.00000000	     -0.04218325	      0.05088613	      0.00000000
      1.08200000	      0.00000000	      0.00000000	     -0.04523401	      0.00000000	      0.00000000	      0.00000000	     -0.04414999	      0.04858174	      0.00000000
      1.08300000	      0.00000000	      0.00000000	     -0.04376212	      0.00000000	      0.00000000	      0.00000000	     -0.04109550	      0.05169121	      0.00000000
      1.08400000	      0.00000000	      0.00000000	     -0.04492044	      0.00000000	      0.00000000	      0.00000000	     -0.04494041	      0.04575697	      0.00000000
      1.08500000	      0.00000000	      0.00000000	     -0.04448278	      0.00000000	      0.00000000	      0.00000000	     -0.04423718	      0.04620291	      0.00000000
      1.08600000	      0.00000000	      0.00000000	     -0.04375887	      0.00000000	      0.00000000	      0.00000000	     -0.04339824	      0.04591415	      0.00000000
      1.08700000	      0.00000000	      0.00000000	     -0.04345818	      0.00000000	      0.00000000	      0.00000000	     -0.04102382	      0.05157732	      0.00000000
      1.08800000	      0.00000000	      0.00000000	     -0.04551765	      0.00000000	      0.00000000	      0.00000000	     -0.04357131	      0.04922781	      0.00000000
      1.08900000	      0.00000000	      0.00000000	     -0.04419289	      0.00000000	      0.00000000	      0.00000000	     -0.04250699	      0.04986056	      0.00000000
      1.09000000	      0.00000000	      0.00000000	     -0.04484199	      0.00000000	      0.00000000	      0.00000000	     -0.04633460	      0.04219811	      0.00000000
      1.09100000	      0.00000000	      0.00000000	     -0.04202918	      0.00000000	      0.00000000	      0.00000000	     -0.04449927	      0.03897836	      0.00000000
      1.09200000	      0.00000000	      0.00000000	     -0.04633630	      0.00000000	      0.00000000	      0.00000000	     -0.04624102	      0.04572453	      0.00000000
      1.09300000	      0.00000000	      0.00000000	     -0.04558413	      0.00000000	      0.00000000	      0.00000000	     -0.04723856	      0.04089840	      0.00000000
      1.09400000	      0.00000000	      0.00000000	     -0.04500672	      0.00000000	      0.00000000	      0.00000000	     -0.04661051	      0.04186182	      0.00000000
      1.09500000	      0.00000000	      0.00000000	     -0.04264974	      0.00000000	      0.00000000	      0.00000000	     -0.04147571	      0.04703305	      0.00000000
      1.09600000	      0.00000000	      0.00000000	     -0.04508234	      0.00000000	      0.00000000	      0.00000000	     -0.04550953	      0.04489810	      0.00000000
      1.09700000	      0.00000000	      0.00000000	     -0.04591578	      0.00000000	      0.00000000	      0.00000000	     -0.04673089	      0.04367535	      0.00000000
      1.09800000	      0.00000000	      0.00000000	     -0.04639740	      0.00000000	      0.00000000	      0.00000000	     -0.04708923	      0.04324800	      0.00000000
      1.09900000	      0.00000000	      0.00000000	     -0.04473044	      0.00000000	      0.00000000	      0.00000000	     -0.04690212	      0.03998968	      0.00000000
      1.10000000	      0.00000000	      0.00000000	     -0.04612761	      0.00000000	      0.00000000	      0.00000000	     -0.04570516	      0.04672795	      0.00000000
      1.10100000	      0.00000000	      0.00000000	     -0.04162282	      0.00000000	      0.00000000	      0.00000000	     -0.04454348	      0.03796515	      0.00000000
      1.10200000	      0.00000000	      0.00000000	     -0.04047025	      0.00000000	      0.00000000	      0.00000000	     -0.04290644	      0.03756530	      0.00000000
      1.10300000	      0.00000000	      0.00000000	     -0.04485569	      0.00000000	      0.00000000	      0.00000000	     -0.04582749	      0.04352085	      0.00000000
      1.10400000	      0.00000000	      0.00000000	     -0.04329855	      0.00000000	      0.00000000	      0.00000000	     -0.04373132	      0.04359078	      0.00000000
      1.10500000	      0.00000000	      0.00000000	     -0.04482389	      0.00000000	      0.00000000	      0.00000000	     -0.04371286	      0.04860278	      0.00000000
      1.10600000	      0.00000000	      0.00000000	     -0.04618474	      0.00000000	      0.00000000	      0.00000000	     -0.04475606	      0.04781333	      0.00000000
      1.10700000	      0.00000000	      0.00000000	     -0.04620045	      0.00000000	      0.00000000	      0.00000000	     -0.04557307	      0.04706090	      0.00000000
      1.10800000	      0.00000000	      0.00000000	     -0.04560362	      0.00000000	      0.00000000	      0.00000000	     -0.04436942	      0.04873003	      0.00000000
      1.10900000	      0.00000000	      0.00000000	     -0.04427833	      0.00000000	      0.00000000	      0.00000000	     -0.04558393	      0.04257184	      0.00000000
      1.11000000	      0.00000000	      0.00000000	     -0.04604654	      0.00000000	      0.00000000	      0.00000000	     -0.04524196	      0.04756994	      0.00000000
      1.11100000	      0.00000000	      0.00000000	     -0.04349529	      0.00000000	      0.00000000	      0.00000000	     -0.04201888	      0.04879631	      0.00000000
      1.11200000	      0.00000000	      0.00000000	     -0.04496498	      0.00000000	      0.00000000	      0.00000000	     -0.04633795	      0.04254332	      0.00000000
      1.11300000	      0.00000000	      0.00000000	     -0.04238082	      0.00000000	      0.00000000	      0.00000000	     -0.04036052	      0.04964535	      0.00000000
      1.11400000	      0.00000000	      0.00000000	     -0.04418630	      0.00000000	      0.00000000	      0.00000000	     -0.04302625	      0.04844469	      0.00000000
      1.11500000	      0.00000000	      0.00000000	     -0.04568073	      0.00000000	      0.00000000	      0.00000000	     -0.04610472	      0.04490802	      0.00000000
      1.11600000	      0.00000000	      0.00000000	     -0.04565786	      0.00000000	      0.00000000	      0.00000000	     -0.04710417	      0.04175894	      0.00000000
      1.11700000	      0.00000000	      0.00000000	     -0.04426772	      0.00000000	      0.00000000	      0.00000000	     -0.04142825	      0.05002235	      0.00000000
      1.11800000	      0.00000000	      0.00000000	     -0.04546853	      0.00000000	      0.00000000	      0.00000000	     -0.04716689	      0.04097808	      0.00000000
      1.11900000	      0.00000000	      0.00000000	     -0.04390142	      0.00000000	      0.00000000	      0.00000000	     -0.04345190	      0.04618711	      0.00000000
      1.12000000	      0.00000000	      0.00000000	     -0.04446712	      0.00000000	      0.00000000	      0.00000000	     -0.04617369	      0.04162951	      0.00000000
      1.12100000	      0.00000000	      0.00000000	     -0.04235741	      0.00000000	      0.00000000	      0.00000000	     -0.04532313	      0.03826497	      0.00000000
      1.12200000	      0.00000000	      0.00000000	     -0.04278637	      0.00000000	      0.00000000	      0.00000000	     -0.04342978	      0.04257300	      0.00000000
      1.12300000	      0.00000000	      0.00000000	     -0.04630003	      0.00000000	      0.00000000	      0.00000000	     -0.04661802	      0.04468545	      0.00000000
      1.12400000	      0.00000000	      0.00000000	     -0.04299803	      0.00000000	      0.00000000	      0.00000000	     -0.04085111	      0.05061015	      0.00000000
      1.12500000	      0.00000000	      0.00000000	     -0.04439509	      0.00000000	      0.00000000	      0.00000000	     -0.04188468	      0.05091465	      0.00000000
      1.12600000	      0.00000000	      0.00000000	     -0.04460155	      0.00000000	      0.00000000	      0.00000000	     -0.04224783	      0.05071099	      0.00000000
      1.12700000	      0.00000000	      0.00000000	     -0.04221470	      0.00000000	      0.00000000	      0.00000000	     -0.04489994	      0.03871515	      0.00000000
      1.12800000	      0.00000000	      0.00000000	     -0.04614487	      0.00000000	      0.00000000	      0.00000000	     -0.04475305	      0.04796500	      0.00000000
      1.12900000	      0.00000000	      0.00000000	     -0.04250808	      0.00000000	      0.00000000	      0.00000000	     -0.04383316	      0.04110443	      0.00000000
      1.13000000	      0.00000000	      0.00000000	     -0.04429261	      0.00000000	      0.00000000	      0.00000000	     -0.04202091	      0.05104460	      0.00000000
      1.13100000	      0.00000000	      0.00000000	     -0.04618630	      0.00000000	      0.00000000	      0.00000000	     -0.04707291	      0.04301272	      0.00000000
      1.13200000	      0.00000000	      0.00000000	     -0.04578325	      0.00000000	      0.00000000	      0.00000000	     -0.04625048	      0.04474102	      0.00000000
      1.13300000	      0.00000000	      0.00000000	     -0.04527903	      0.00000000	      0.00000000	      0.00000000	     -0.04439930	      0.04811004	      0.00000000
      1.13400000	      0.00000000	      0.00000000	     -0.04580529	      0.00000000	      0.00000000	      0.00000000	     -0.04418879	      0.04877596	      0.00000000
      1.13500000	      0.00000000	      0.00000000	     -0.04429239	      0.00000000	      0.00000000	      0.00000000	     -0.04264594	      0.04982562	      0.00000000
      1.13600000	      0.00000000	      0.00000000	     -0.04636362	      0.00000000	      0.00000000	      0.00000000	     -0.04517050	      0.04733108	      0.00000000
      1.13700000	      0.00000000	      0.00000000	     -0.04661282	      0.00000000	      0.00000000	      0.00000000	     -0.04700897	      0.04371349	      0.00000000
      1.13800000	      0.00000000	      0.00000000	     -0.04560460	      0.00000000	      0.00000000	      0.00000000	     -0.04594484	      0.04514615	      0.00000000
      1.13900000	      0.00000000	      0.00000000	     -0.04335197	      0.00000000	      0.00000000	      0.00000000	     -0.04132905	      0.05046419	      0.00000000
      1.14000000	      0.00000000	      0.00000000	     -0.04634764	      0.00000000	      0.00000000	      0.00000000	     -0.04587651	      0.04653837	      0.00000000
      1.14100000	      0.00000000	      0.00000000	     -0.04516820	      0.00000000	      0.00000000	      0.00000000	     -0.04386303	      0.04907257	      0.00000000
      1.14200000	      0.00000000	      0.00000000	     -0.04430212	      0.00000000	      0.00000000	      0.00000000	     -0.04657896	      0.04001654	      0.00000000
      1.14300000	      0.00000000	      0.00000000	     -0.04326791	      0.00000000	      0.00000000	      0.00000000	     -0.04220373	      0.04735728	      0.00000000
      1.14400000	      0.00000000	      0.00000000	     -0.04173594	      0.00000000	      0.00000000	      0.00000000	     -0.04434050	      0.03857129	      0.00000000
      1.14500000	      0.00000000	      0.00000000	     -0.04273391	      0.00000000	      0.00000000	      0.00000000	     -0.04450276	      0.04058900	      0.00000000
      1.14600000	      0.00000000	      0.00000000	     -0.04506573	      0.00000000	      0.00000000	      0.00000000	     -0.04544179	      0.04499463	      0.00000000
      1.14700000	      0.00000000	      0.00000000	     -0.04069513	      0.00000000	      0.00000000	      0.00000000	     -0.04304081	      0.03782256	      0.00000000
      1.14800000	      0.00000000	      0.00000000	     -0.04359809	      0.00000000	      0.00000000	      0.00000000	     -0.04080841	      0.05183168	      0.00000000
      1.14900000	      0.00000000	      0.00000000	     -0.04448274	      0.00000000	      0.00000000	      0.00000000	     -0.04459945	      0.04533227	      0.00000000
      1.15000000	      0.00000000	      0.00000000	     -0.03993357	      0.00000000	      0.00000000	      0.00000000	     -0.04313946	      0.03634150	      0.00000000
      1.15100000	      0.00000000	      0.00000000	     -0.04577163	      0.00000000	      0.00000000	      0.00000000	     -0.04735380	      0.04077945	      0.00000000
      1.15200000	      0.00000000	      0.00000000	     -0.04494864	      0.00000000	      0.00000000	      0.00000000	     -0.04678598	      0.04110780	      0.00000000
      1.15300000	      0.00000000	      0.00000000	     -0.04447069	      0.00000000	      0.00000000	      0.00000000	     -0.04556183	      0.04308563	      0.00000000
      1.15400000	      0.00000000	      0.00000000	     -0.04507962	      0.00000000	      0.00000000	      0.00000000	     -0.04477785	      0.04664065	      0.00000000
      1.15500000	      0.00000000	      0.00000000	     -0.04402549	      0.00000000	      0.00000000	      0.00000000	     -0.04241537	      0.04962320	      0.00000000
      1.15600000	      0.00000000	      0.00000000	     -0.04366350	      0.00000000	      0.00000000	      0.00000000	     -0.04238830	      0.04833392	      0.00000000
      1.15700000	      0.00000000	      0.00000000	     -0.04486616	      0.00000000	      0.00000000	      0.00000000	     -0.04657100	      0.04161528	      0.00000000
      1.15800000	      0.00000000	      0.00000000	     -0.04648845	      0.00000000	      0.00000000	      0.00000000	     -0.04646828	      0.04527180	      0.00000000
      1.15900000	      0.00000000	      0.00000000	     -0.04573661	      0.00000000	      0.00000000	      0.00000000	     -0.04393008	      0.04879589	      0.00000000
      1.16000000	      0.00000000	      0.00000000	     -0.04294008	      0.00000000	      0.00000000	      0.00000000	     -0.04131398	      0.04882335	      0.00000000
      1.16100000	      0.00000000	      0.00000000	     -0.04093611	      0.00000000	      0.00000000	      0.00000000	     -0.04399674	      0.03729916	      0.00000000
      1.16200000	      0.00000000	      0.00000000	     -0.04582070	      0.00000000	      0.00000000	      0.00000000	     -0.04551902	      0.04666507	      0.00000000
      1.16300000	      0.00000000	      0.00000000	     -0.04592204	      0.00000000	      0.00000000	      0.00000000	     -0.04499848	      0.04791300	      0.00000000
      1.16400000	      0.00000000	      0.00000000	     -0.04242374	      0.00000000	      0.00000000	      0.00000000	     -0.04530033	      0.03848306	      0.00000000
      1.16500000	      0.00000000	      0.00000000	     -0.04258947	      0.00000000	      0.00000000	      0.00000000	     -0.04059028	      0.04981304	      0.00000000
      1.16600000	      0.00000000	      0.00000000	     -0.04299313	      0.00000000	      0.00000000	      0.00000000	     -0.04491784	      0.04058372	      0.00000000
      1.16700000	      0.00000000	      0.00000000	     -0.04593403	      0.00000000	      0.00000000	      0.00000000	     -0.04466528	      0.04839057	      0.00000000
      1.16800000	      0.00000000	      0.00000000	     -0.04518167	      0.00000000	      0.00000000	      0.00000000	     -0.04541976	      0.04533245	      0.00000000
      1.16900000	      0.00000000	      0.00000000	     -0.04168032	      0.00000000	      0.00000000	      0.00000000	     -0.03957351	      0.04920609	      0.00000000
      1.17000000	      0.00000000	      0.00000000	     -0.04655771	      0.00000000	      0.00000000	      0.00000000	     -0.04579407	      0.04652000	      0.00000000
      1.17100000	      0.00000000	      0.00000000	     -0.04539016	      0.00000000	      0.00000000	      0.00000000	     -0.04349577	      0.04956857	      0.00000000
      1.17200000	      0.00000000	      0.00000000	     -0.04194741	      0.00000000	      0.00000000	      0.00000000	     -0.04377840	      0.03978160	      0.00000000
      1.17300000	      0.00000000	      0.00000000	     -0.04556501	      0.00000000	      0.00000000	      0.00000000	     -0.04601908	      0.04486603	      0.00000000
      1.17400000	      0.00000000	      0.00000000	     -0.04436340	      0.00000000	      0.00000000	      0.00000000	     -0.04233952	      0.05066870	      0.00000000
      1.17500000	      0.00000000	      0.00000000	     -0.04663383	      0.00000000	      0.00000000	      0.00000000	     -0.04691184	      0.04404884	      0.00000000
      1.17600000	      0.00000000	      0.00000000	     -0.04637680	      0.00000000	      0.00000000	      0.00000000	     -0.04509216	      0.04723092	      0.00000000
      1.17700000	      0.00000000	      0.00000000	     -0.04539253	      0.00000000	      0.00000000	      0.00000000	     -0.04700939	      0.04145899	      0.00000000
      1.17800000	      0.00000000	      0.00000000	     -0.04319318	      0.00000000	      0.00000000	      0.00000000	     -0.04154108	      0.04917186	      0.00000000
      1.17900000	      0.00000000	      0.00000000	     -0.04671649	      0.00000000	      0.00000000	      0.00000000	     -0.04596947	      0.04592631	      0.00000000
      1.18000000	      0.00000000	      0.00000000	     -0.04395256	      0.00000000	      0.00000000	      0.00000000	     -0.04540753	      0.04204197	      0.00000000
      1.18100000	      0.00000000	      0.00000000	     -0.04596504	      0.00000000	      0.00000000	      0.00000000	     -0.04611824	      0.04547791	      0.00000000
      1.18200000	      0.00000000	      0.00000000	     -0.04121944	      0.00000000	      0.00000000	      0.00000000	     -0.04411214	      0.03777564	      0.00000000
      1.18300000	      0.00000000	      0.00000000	     -0.04377487	      0.00000000	      0.00000000	      0.00000000	     -0.04353348	      0.04562815	      0.00000000
      1.18400000	      0.00000000	      0.00000000	     -0.04471795	      0.00000000	      0.00000000	      0.00000000	     -0.04354125	      0.04874200	      0.00000000
      1.18500000	      0.00000000	      0.00000000	     -0.04509060	      0.00000000	      0.00000000	      0.00000000	     -0.04576880	      0.04429695	      0.00000000
      1.18600000	      0.00000000	      0.00000000	     -0.04080310	      0.00000000	      0.00000000	      0.00000000	     -0.04347061	      0.03764750	      0.00000000
      1.18700000	      0.00000000	      0.00000000	     -0.04667838	      0.00000000	      0.00000000	      0.00000000	     -0.04683096	      0.04430242	      0.00000000
      1.18800000	      0.00000000	      0.00000000	     -0.04593439	      0.00000000	      0.00000000	      0.00000000	     -0.04537772	      0.04716820	      0.00000000
      1.18900000	      0.00000000	      0.00000000	     -0.04440217	      0.00000000	      0.00000000	      0.00000000	     -0.04278264	      0.04976603	      0.00000000
      1.19000000	      0.00000000	      0.00000000	     -0.04653171	      0.00000000	      0.00000000	      0.00000000	     -0.04581167	      0.04654917	      0.00000000
      1.19100000	      0.00000000	      0.00000000	     -0.04399537	      0.00000000	      0.00000000	      0.00000000	     -0.04599304	      0.04085720	      0.00000000
      1.19200000	      0.00000000	      0.00000000	     -0.04350985	      0.00000000	      0.00000000	      0.00000000	     -0.04091822	      0.05182044	      0.00000000
      1.19300000	      0.00000000	      0.00000000	     -0.04279769	      0.00000000	      0.00000000	      0.00000000	     -0.04170197	      0.04696783	      0.00000000
      1.19400000	      0.00000000	      0.00000000	     -0.04565157	      0.00000000	      0.00000000	      0.00000000	     -0.04413277	      0.04904202	      0.00000000
      1.19500000	      0.00000000	      0.00000000	     -0.04070540	      0.00000000	      0.00000000	      0.00000000	     -0.04387619	      0.03702353	      0.00000000
      1.19600000	      0.00000000	      0.00000000	     -0.04448785	      0.00000000	      0.00000000	      0.00000000	     -0.04384532	      0.04717663	      0.00000000
      1.19700000	      0.00000000	      0.00000000	     -0.04398515	      0.00000000	      0.00000000	      0.00000000	     -0.04121606	      0.05120278	      0.00000000
      1.19800000	      0.00000000	      0.00000000	     -0.04415416	      0.00000000	      0.00000000	      0.00000000	     -0.04159164	      0.05124469	      0.00000000
      1.19900000	      0.00000000	      0.00000000	     -0.04612530	      0.00000000	      0.00000000	      0.00000000	     -0.04706116	      0.04294732	      0.00000000
      1.20000000	      0.00000000	      0.00000000	     -0.04504465	      0.00000000	      0.00000000	      0.00000000	     -0.04639842	      0.04256752	      0.00000000
      1.20100000	      0.00000000	      0.00000000	     -0.04405327	      0.00000000	      0.00000000	      0.00000000	     -0.04171530	      0.05126288	      0.00000000
      1.20200000	      0.00000000	      0.00000000	     -0.04309577	      0.00000000	      0.00000000	      0.00000000	     -0.04428060	      0.04194196	      0.00000000
      1.20300000	      0.00000000	      0.00000000	     -0.04126424	      0.00000000	      0.00000000	      0.00000000	     -0.04376256	      0.03823516	      0.00000000
      1.20400000	      0.00000000	      0.00000000	     -0.04665871	      0.00000000	      0.00000000	      0.00000000	     -0.04585536	      0.04619843	      0.00000000
      1.20500000	      0.00000000	      0.00000000	     -0.04533463	      0.00000000	      0.00000000	      0.00000000	     -0.04357104	      0.04964485	      0.00000000
      1.20600000	      0.00000000	      0.00000000	     -0.04260060	      0.00000000	      0.00000000	      0.00000000	     -0.04033735	      0.05073069	      0.00000000
      1.20700000	      0.00000000	      0.00000000	     -0.04543038	      0.00000000	      0.00000000	      0.00000000	     -0.04646030	      0.04337301	      0.00000000
      1.20800000	      0.00000000	      0.00000000	     -0.04193632	      0.00000000	      0.00000000	      0.00000000	     -0.04486570	      0.03814335	      0.00000000
      1.20900000	      0.00000000	      0.00000000	     -0.04681088	      0.00000000	      0.00000000	      0.00000000	     -0.04622441	      0.04538035	      0.00000000
      1.21000000	      0.00000000	      0.00000000	     -0.04258218	      0.00000000	      0.00000000	      0.00000000	     -0.04544364	      0.03853720	      0.00000000
      1.21100000	      0.00000000	      0.00000000	     -0.04300429	      0.00000000	      0.00000000	      0.00000000	     -0.04184286	      0.04740932	      0.00000000
      1.21200000	      0.00000000	      0.00000000	     -0.04209531	      0.00000000	      0.00000000	      0.00000000	     -0.04479757	      0.03866854	      0.00000000
      1.21300000	      0.00000000	      0.00000000	     -0.04399058	      0.00000000	      0.00000000	      0.00000000	     -0.04125336	      0.05128226	      0.00000000
      1.21400000	      0.00000000	      0.00000000	     -0.04431025	      0.00000000	      0.00000000	      0.00000000	     -0.04595519	      0.04181612	      0.00000000
      1.21500000	      0.00000000	      0.00000000	     -0.04608793	      0.00000000	      0.00000000	      0.00000000	     -0.04471869	      0.04812330	      0.00000000
      1.21600000	      0.00000000	      0.00000000	     -0.04558896	      0.00000000	      0.00000000	      0.00000000	     -0.04702720	      0.04190614	      0.00000000
      1.21700000	      0.00000000	      0.00000000	     -0.04407585	      0.00000000	      0.00000000	      0.00000000	     -0.04347593	      0.04677671	      0.00000000
      1.21800000	      0.00000000	      0.00000000	     -0.04520149	      0.00000000	      0.00000000	      0.00000000	     -0.04307772	      0.04977180	      0.00000000
      1.21900000	      0.00000000	      0.00000000	     -0.04561935	      0.00000000	      0.00000000	      0.00000000	     -0.04364886	      0.04883806	      0.00000000
      1.22000000	      0.00000000	      0.00000000	     -0.04553455	      0.00000000	      0.00000000	      0.00000000	     -0.04631729	      0.04398486	      0.00000000
      1.22100000	      0.00000000	      0.00000000	     -0.04440268	      0.00000000	      0.00000000	      0.00000000	     -0.04170612	      0.05033166	      0.00000000
      1.22200000	      0.00000000	      0.00000000	     -0.04319144	      0.00000000	      0.00000000	      0.00000000	     -0.04500306	      0.04090514	      0.00000000
      1.22300000	      0.00000000	      0.00000000	     -0.04481122	      0.00000000	      0.00000000	      0.00000000	     -0.04468894	      0.04605316	      0.00000000
      1.22400000	      0.00000000	      0.00000000	     -0.04519919	      0.00000000	      0.00000000	      0.00000000	     -0.04492481	      0.04658952	      0.00000000
      1.22500000	      0.00000000	      0.00000000	     -0.04612433	      0.00000000	      0.00000000	      0.00000000	     -0.04584336	      0.04641669	      0.00000000
      1.22600000	      0.00000000	      0.00000000	     -0.04488807	      0.00000000	      0.00000000	      0.00000000	     -0.04511718	      0.04529913	      0.00000000
      1.22700000	      0.00000000	      0.00000000	     -0.04510474	      0.00000000	      0.00000000	      0.00000000	     -0.04616916	      0.04334271	      0.00000000
      1.22800000	      0.00000000	      0.00000000	     -0.04356466	      0.00000000	      0.00000000	      0.00000000	     -0.04622053	      0.03907113	      0.00000000
      1.22900000	      0.00000000	      0.00000000	     -0.04425498	      0.00000000	      0.00000000	      0.00000000	     -0.04583321	      0.04195273	      0.00000000
      1.23000000	      0.00000000	      0.00000000	     -0.04352261	      0.00000000	      0.00000000	      0.00000000	     -0.04358208	      0.04462081	      0.00000000
      1.23100000	      0.00000000	      0.00000000	     -0.04517776	      0.00000000	      0.00000000	      0.00000000	     -0.04288034	      0.04938534	      0.00000000
      1.23200000	      0.00000000	      0.00000000	     -0.04672773	      0.00000000	      0.00000000	      0.00000000	     -0.04603835	      0.04584016	      0.00000000
      1.23300000	      0.00000000	      0.00000000	     -0.04372168	      0.00000000	      0.00000000	      0.00000000	     -0.04613507	      0.03975660	      0.00000000
      1.23400000	      0.00000000	      0.00000000	     -0.04318733	      0.00000000	      0.00000000	      0.00000000	     -0.04170004	      0.04863724	      0.00000000
      1.23500000	      0.00000000	      0.00000000	     -0.04491449	      0.00000000	      0.00000000	      0.00000000	     -0.04698398	      0.04020687	      0.00000000
      1.23600000	      0.00000000	      0.00000000	     -0.04483617	      0.00000000	      0.00000000	      0.00000000	     -0.04633306	      0.04216535	      0.00000000
      1.23700000	      0.00000000	      0.00000000	     -0.04619872	      0.00000000	      0.00000000	      0.00000000	     -0.04663104	      0.04449112	      0.00000000
      1.23800000	      0.00000000	      0.00000000	     -0.04440431	      0.00000000	      0.00000000	      0.00000000	     -0.04278692	      0.04976360	      0.00000000
      1.23900000	      0.00000000	      0.00000000	     -0.04576898	      0.00000000	      0.00000000	      0.00000000	     -0.04468161	      0.04833809	      0.00000000
      1.24000000	      0.00000000	      0.00000000	     -0.04305022	      0.00000000	      0.00000000	      0.00000000	     -0.04113809	      0.04990725	      0.00000000
      1.24100000	      0.00000000	      0.00000000	     -0.04572061	      0.00000000	      0.00000000	      0.00000000	     -0.04380792	      0.04862714	      0.00000000
      1.24200000	      0.00000000	      0.00000000	     -0.04649691	      0.00000000	      0.00000000	      0.00000000	     -0.04731952	      0.04236202	      0.00000000
      1.24300000	      0.00000000	      0.00000000	     -0.04401509	      0.00000000	      0.00000000	      0.00000000	     -0.04181596	      0.05106249	      0.00000000
      1.24400000	      0.00000000	      0.00000000	     -0.04322063	      0.00000000	      0.00000000	      0.00000000	     -0.04092463	      0.05115632	      0.00000000
      1.24500000	      0.00000000	      0.00000000	     -0.04557302	      0.00000000	      0.00000000	      0.00000000	     -0.04374696	      0.04923716	      0.00000000
      1.24600000	      0.00000000	      0.00000000	     -0.04581845	      0.00000000	      0.00000000	      0.00000000	     -0.04718283	      0.04180499	      0.00000000
      1.24700000	      0.00000000	      0.00000000	     -0.04357944	      0.00000000	      0.00000000	      0.00000000	     -0.04335484	      0.04539404	      0.00000000
      1.24800000	      0.00000000	      0.00000000	     -0.04418655	      0.00000000	      0.00000000	      0.00000000	     -0.04498198	      0.04356679	      0.00000000
      1.24900000	      0.00000000	      0.00000000	     -0.04387083	      0.00000000	      0.00000000	      0.00000000	     -0.04495576	      0.04278731	      0.00000000
      1.25000000	      0.00000000	      0.00000000	     -0.04622868	      0.00000000	      0.00000000	      0.00000000	     -0.04563533	      0.04695775	      0.00000000
      1.25100000	      0.00000000	      0.00000000	     -0.04422135	      0.00000000	      0.00000000	      0.00000000	     -0.04382828	      0.04639310	      0.00000000
      1.25200000	      0.00000000	      0.00000000	     -0.04154298	      0.00000000	      0.00000000	      0.00000000	     -0.04430853	      0.03819602	      0.00000000
      1.25300000	      0.00000000	      0.00000000	     -0.04499678	      0.00000000	      0.00000000	      0.00000000	     -0.04671265	      0.04150422	      0.00000000
      1.25400000	      0.00000000	      0.00000000	     -0.04642893	      0.00000000	      0.00000000	      0.00000000	     -0.04563577	      0.04691572	      0.00000000
      1.25500000	      0.00000000	      0.00000000	     -0.04513985	      0.00000000	      0.00000000	      0.00000000	     -0.04299931	      0.04988305	      0.00000000
      1.25600000	      0.00000000	      0.00000000	     -0.04600894	      0.00000000	      0.00000000	      0.00000000	     -0.04672770	      0.04385247	      0.00000000
      1.25700000	      0.00000000	      0.00000000	     -0.04183678	      0.00000000	      0.00000000	      0.00000000	     -0.04396448	      0.03926735	      0.00000000
      1.25800000	      0.00000000	      0.00000000	     -0.04517676	      0.00000000	      0.00000000	      0.00000000	     -0.04494012	      0.04651360	      0.00000000
      1.25900000	      0.00000000	      0.00000000	     -0.04412166	      0.00000000	      0.00000000	      0.00000000	     -0.04114490	      0.04947463	      0.00000000
      1.26000000	      0.00000000	      0.00000000	     -0.04079069	      0.00000000	      0.00000000	      0.00000000	     -0.04372222	      0.03735491	      0.00000000
      1.26100000	      0.00000000	      0.00000000	     -0.04403650	      0.00000000	      0.00000000	      0.00000000	     -0.04112717	      0.05046554	      0.00000000
      1.26200000	      0.00000000	      0.00000000	     -0.04264991	      0.00000000	      0.00000000	      0.00000000	     -0.04503002	      0.03956239	      0.00000000
      1.26300000	      0.00000000	      0.00000000	     -0.04511549	      0.00000000	      0.00000000	      0.00000000	     -0.04394790	      0.04877518	      0.00000000
      1.26400000	      0.00000000	      0.00000000	     -0.04381510	      0.00000000	      0.00000000	      0.00000000	     -0.04548161	      0.04157795	      0.00000000
      1.26500000	      0.00000000	      0.00000000	     -0.04526201	      0.00000000	      0.00000000	      0.00000000	     -0.04626238	      0.04348429	      0.00000000
      1.26600000	      0.00000000	      0.00000000	     -0.04384645	      0.00000000	      0.00000000	      0.00000000	     -0.04120505	      0.05160488	      0.00000000
      1.26700000	      0.00000000	      0.00000000	     -0.04566856	      0.00000000	      0.00000000	      0.00000000	     -0.04462549	      0.04832504	      0.00000000
      1.26800000	      0.00000000	      0.00000000	     -0.04494431	      0.00000000	      0.00000000	      0.00000000	     -0.04357565	      0.04923852	      0.00000000
      1.26900000	      0.00000000	      0.00000000	     -0.04093579	      0.00000000	      0.00000000	      0.00000000	     -0.04414449	      0.03713227	      0.00000000
      1.27000000	      0.00000000	      0.00000000	     -0.04672704	      0.00000000	      0.00000000	      0.00000000	     -0.04619320	      0.04567350	      0.00000000
      1.27100000	      0.00000000	      0.00000000	     -0.04351424	      0.00000000	      0.00000000	      0.00000000	     -0.04414450	      0.04331075	      0.00000000
      1.27200000	      0.00000000	      0.00000000	     -0.04316936	      0.00000000	      0.00000000	      0.00000000	     -0.03990335	      0.05110543	      0.00000000
      1.27300000	      0.00000000	      0.00000000	     -0.04470517	      0.00000000	      0.00000000	      0.00000000	     -0.04204827	      0.04937070	      0.00000000
      1.27400000	      0.00000000	      0.00000000	     -0.04631658	      0.00000000	      0.00000000	      0.00000000	     -0.04645564	      0.04515662	      0.00000000
      1.27500000	      0.00000000	      0.00000000	     -0.04586192	      0.00000000	      0.00000000	      0.00000000	     -0.04562074	      0.04647779	      0.00000000
      1.27600000	      0.00000000	      0.00000000	     -0.04612923	      0.00000000	      0.00000000	      0.00000000	     -0.04622577	      0.04549568	      0.00000000
      1.27700000	      0.00000000	      0.00000000	     -0.04492639	      0.00000000	      0.00000000	      0.00000000	     -0.04425131	      0.04749733	      0.00000000
      1.27800000	      0.00000000	      0.00000000	     -0.04507739	      0.00000000	      0.00000000	      0.00000000	     -0.04367177	      0.04927306	      0.00000000
      1.27900000	      0.00000000	      0.00000000	     -0.04344875	      0.00000000	      0.00000000	      0.00000000	     -0.04470976	      0.04205497	      0.00000000
      1.28000000	      0.00000000	      0.00000000	     -0.04363086	      0.00000000	      0.00000000	      0.00000000	     -0.04044991	      0.04987224	      0.00000000
      1.28100000	      0.00000000	      0.00000000	     -0.04571273	      0.00000000	      0.00000000	      0.00000000	     -0.04528735	      0.04697135	      0.00000000
      1.28200000	      0.00000000	      0.00000000	     -0.04342172	      0.00000000	      0.00000000	      0.00000000	     -0.04358916	      0.04428386	      0.00000000
      1.28300000	      0.00000000	      0.00000000	     -0.04266954	      0.00000000	      0.00000000	      0.00000000	     -0.04537177	      0.03894247	      0.00000000
      1.28400000	      0.00000000	      0.00000000	     -0.04511295	      0.00000000	      0.00000000	      0.00000000	     -0.04301521	      0.04999415	      0.00000000
      1.28500000	      0.00000000	      0.00000000	     -0.04538725	      0.00000000	      0.00000000	      0.00000000	     -0.04546476	      0.04578044	      0.00000000
      1.28600000	      0.00000000	      0.00000000	     -0.04380353	      0.00000000	      0.00000000	      0.00000000	     -0.04122622	      0.05162979	      0.00000000
      1.28700000	      0.00000000	      0.00000000	     -0.04479875	      0.00000000	      0.00000000	      0.00000000	     -0.04445071	      0.04666252	      0.00000000
      1.28800000	      0.00000000	      0.00000000	     -0.04465633	      0.00000000	      0.00000000	      0.00000000	     -0.04249231	      0.05066135	      0.00000000
      1.28900000	      0.00000000	      0.00000000	     -0.04381264	      0.00000000	      0.00000000	      0.00000000	     -0.04249129	      0.04862644	      0.00000000
      1.29000000	      0.00000000	      0.00000000	     -0.04680014	      0.00000000	      0.00000000	      0.00000000	     -0.04711717	      0.04325636	      0.00000000
      1.29100000	      0.00000000	      0.00000000	     -0.04425853	      0.00000000	      0.00000000	      0.00000000	     -0.04643886	      0.04035493	      0.00000000
      1.29200000	      0.00000000	      0.00000000	     -0.04576241	      0.00000000	      0.00000000	      0.00000000	     -0.04724040	      0.04139234	      0.00000000
      1.29300000	      0.00000000	      0.00000000	     -0.04358245	      0.00000000	      0.00000000	      0.00000000	     -0.04516707	      0.04161026	      0.00000000
      1.29400000	      0.00000000	      0.00000000	     -0.04558501	      0.00000000	      0.00000000	      0.00000000	     -0.04356257	      0.04881194	      0.00000000
      1.29500000	      0.00000000	      0.00000000	     -0.04343172	      0.00000000	      0.00000000	      0.00000000	     -0.04036118	      0.05146482	      0.00000000
      1.29600000	      0.00000000	      0.00000000	     -0.04456016	      0.00000000	      0.00000000	      0.00000000	     -0.04689853	      0.03943052	      0.00000000
      1.29700000	      0.00000000	      0.00000000	     -0.04176009	      0.00000000	      0.00000000	      0.00000000	     -0.04406152	      0.03898459	      0.00000000
      1.29800000	      0.00000000	      0.00000000	     -0.04439311	      0.00000000	      0.00000000	      0.00000000	     -0.04485967	      0.04444979	      0.00000000
      1.29900000	      0.00000000	      0.00000000	     -0.04548949	      0.00000000	      0.00000000	      0.00000000	     -0.04686508	      0.04221541	      0.00000000
      1.30000000	      0.00000000	      0.00000000	     -0.04674697	      0.00000000	      0.00000000	      0.00000000	     -0.04648122	      0.04513837	      0.00000000
      1.30100000	      0.00000000	      0.00000000	     -0.04625809	      0.00000000	      0.00000000	      0.00000000	     -0.04547317	      0.04724662	      0.00000000
      1.30200000	      0.00000000	      0.00000000	     -0.04653775	      0.00000000	      0.00000000	      0.00000000	     -0.04541013	      0.04668949	      0.00000000
      1.30300000	      0.00000000	      0.00000000	     -0.04338440	      0.00000000	      0.00000000	      0.00000000	     -0.04099754	      0.05143488	      0.00000000
      1.30400000	      0.00000000	      0.00000000	     -0.04595293	      0.00000000	      0.00000000	      0.00000000	     -0.04411028	      0.04783943	      0.00000000
      1.30500000	      0.00000000	      0.00000000	     -0.04536613	      0.00000000	      0.00000000	      0.00000000	     -0.04658427	      0.04284334	      0.00000000
      1.30600000	      0.00000000	      0.00000000	     -0.04549674	      0.00000000	      0.00000000	      0.00000000	     -0.04698865	      0.04182592	      0.00000000
      1.30700000	      0.00000000	      0.00000000	     -0.04560849	      0.00000000	      0.00000000	      0.00000000	     -0.04716392	      0.04137168	      0.00000000
      1.30800000	      0.00000000	      0.00000000	     -0.04429894	      0.00000000	      0.00000000	      0.00000000	     -0.04657913	      0.04000783	      0.00000000
      1.30900000	      0.00000000	      0.00000000	     -0.04470421	      0.00000000	      0.00000000	      0.00000000	     -0.04577764	      0.04320545	      0.00000000
      1.31000000	      0.00000000	      0.00000000	     -0.04596533	      0.00000000	      0.00000000	      0.00000000	     -0.04706988	      0.04260390	      0.00000000
      1.31100000	      0.00000000	      0.00000000	     -0.04467980	      0.00000000	      0.00000000	      0.00000000	     -0.04196509	      0.04896668	      0.00000000
      1.31200000	      0.00000000	      0.00000000	     -0.04439654	      0.00000000	      0.00000000	      0.00000000	     -0.04218683	      0.05091507	      0.00000000
      1.31300000	      0.00000000	      0.00000000	     -0.04521239	      0.00000000	      0.00000000	      0.00000000	     -0.04385379	      0.04916052	      0.00000000
      1.31400000	      0.00000000	      0.00000000	     -0.04328019	      0.00000000	      0.00000000	      0.00000000	     -0.04476402	      0.04152806	      0.00000000
      1.31500000	      0.00000000	      0.00000000	     -0.04368207	      0.00000000	      0.00000000	      0.00000000	     -0.04203392	      0.04954264	      0.00000000
      1.31600000	      0.00000000	      0.00000000	     -0.04336955	      0.00000000	      0.00000000	      0.00000000	     -0.04419248	      0.04282739	      0.00000000
      1.31700000	      0.00000000	      0.00000000	     -0.04379548	      0.00000000	      0.00000000	      0.00000000	     -0.04313577	      0.04672322	      0.00000000
      1.31800000	      0.00000000	      0.00000000	     -0.04244820	      0.00000000	      0.00000000	      0.00000000	     -0.04530844	      0.03845091	      0.00000000
      1.31900000	      0.00000000	      0.00000000	     -0.04590254	      0.00000000	      0.00000000	      0.00000000	     -0.04490465	      0.04806700	      0.00000000
      1.32000000	      0.00000000	      0.00000000	     -0.04144925	      0.00000000	      0.00000000	      0.00000000	     -0.04457542	      0.03751335	      0.00000000
      1.32100000	      0.00000000	      0.00000000	     -0.04436919	      0.00000000	      0.00000000	      0.00000000	     -0.04315711	      0.04866858	      0.00000000
      1.32200000	      0.00000000	      0.00000000	     -0.04555079	      0.00000000	      0.00000000	      0.00000000	     -0.04566141	      0.04571630	      0.00000000
      1.32300000	      0.00000000	      0.00000000	     -0.04668173	      0.00000000	      0.00000000	      0.00000000	     -0.04667327	      0.04474581	      0.00000000
      1.32400000	      0.00000000	      0.00000000	     -0.04388866	      0.00000000	      0.00000000	      0.00000000	     -0.04477137	      0.04311816	      0.00000000
      1.32500000	      0.00000000	      0.00000000	     -0.04384186	      0.00000000	      0.00000000	      0.00000000	     -0.04085001	      0.05062068	      0.00000000
      1.32600000	      0.00000000	      0.00000000	     -0.04530001	      0.00000000	      0.00000000	      0.00000000	     -0.04722098	      0.04019636	      0.00000000
      1.32700000	      0.00000000	      0.00000000	     -0.04498171	      0.00000000	      0.00000000	      0.00000000	     -0.04578798	      0.04394541	      0.00000000
      1.32800000	      0.00000000	      0.00000000	     -0.04505060	      0.00000000	      0.00000000	      0.00000000	     -0.04683191	      0.04122192	      0.00000000
      1.32900000	      0.00000000	      0.00000000	     -0.04513023	      0.00000000	      0.00000000	      0.00000000	     -0.04708555	      0.04038540	      0.00000000
      1.33000000	      0.00000000	      0.00000000	     -0.04507147	      0.00000000	      0.00000000	      0.00000000	     -0.04671836	      0.04167908	      0.00000000
      1.33100000	      0.00000000	      0.00000000	     -0.04458284	      0.00000000	      0.00000000	      0.00000000	     -0.04194183	      0.04998495	      0.00000000
      1.33200000	      0.00000000	      0.00000000	     -0.04463399	      0.00000000	      0.00000000	      0.00000000	     -0.04636537	      0.04157104	      0.00000000
      1.33300000	      0.00000000	      0.00000000	     -0.04493650	      0.00000000	      0.00000000	      0.00000000	     -0.04510287	      0.04545979	      0.00000000
      1.33400000	      0.00000000	      0.00000000	     -0.04595233	      0.00000000	      0.00000000	      0.00000000	     -0.04417102	      0.04806756	      0.00000000
      1.33500000	      0.00000000	      0.00000000	     -0.04576099	      0.00000000	      0.00000000	      0.00000000	     -0.04596718	      0.04544821	      0.00000000
      1.33600000	      0.00000000	      0.00000000	     -0.04478532	      0.00000000	      0.00000000	      0.00000000	     -0.04360863	      0.04870681	      0.00000000
      1.33700000	      0.00000000	      0.00000000	     -0.04354855	      0.00000000	      0.00000000	      0.00000000	     -0.04242779	      0.04782426	      0.00000000
      1.33800000	      0.00000000	      0.00000000	     -0.04303847	      0.00000000	      0.00000000	      0.00000000	     -0.04080640	      0.05090994	      0.00000000
      1.33900000	      0.00000000	      0.00000000	     -0.04687190	      0.00000000	      0.00000000	      0.00000000	     -0.04630288	      0.04510208	      0.00000000
      1.34000000	      0.00000000	      0.00000000	     -0.04640620	      0.00000000	      0.00000000	      0.00000000	     -0.04503249	      0.04700480	      0.00000000
      1.34100000	      0.00000000	      0.00000000	     -0.04253537	      0.00000000	      0.00000000	      0.00000000	     -0.04068797	      0.04913476	      0.00000000
      1.34200000	      0.00000000	      0.00000000	     -0.04614391	      0.00000000	      0.00000000	      0.00000000	     -0.04484504	      0.04797389	      0.00000000
      1.34300000	      0.00000000	      0.00000000	     -0.04304460	      0.00000000	      0.00000000	      0.00000000	     -0.04468725	      0.04101147	      0.00000000
      1.34400000	      0.00000000	      0.00000000	     -0.04528494	      0.00000000	      0.00000000	      0.00000000	     -0.04435077	      0.04823568	      0.00000000
      1.34500000	      0.00000000	      0.00000000	     -0.04114232	      0.00000000	      0.00000000	      0.00000000	     -0.04435239	      0.03722394	      0.00000000
      1.34600000	      0.00000000	      0.00000000	     -0.04630313	      0.00000000	      0.00000000	      0.00000000	     -0.04679572	      0.04412408	      0.00000000
      1.34700000	      0.00000000	      0.00000000	     -0.04518265	      0.00000000	      0.00000000	      0.00000000	     -0.04654782	      0.04245495	      0.00000000
      1.34800000	      0.00000000	      0.00000000	     -0.04563721	      0.00000000	      0.00000000	      0.00000000	     -0.04560226	      0.04604448	      0.00000000
      1.34900000	      0.00000000	      0.00000000	     -0.04445998	      0.00000000	      0.00000000	      0.00000000	     -0.04203391	      0.05088266	      0.00000000
      1.35000000	      0.00000000	      0.00000000	     -0.04379351	      0.00000000	      0.00000000	      0.00000000	     -0.04240524	      0.04884213	      0.00000000
      1.35100000	      0.00000000	      0.00000000	     -0.04360052	      0.00000000	      0.00000000	      0.00000000	     -0.04249145	      0.04781377	      0.00000000
      1.35200000	      0.00000000	      0.00000000	     -0.04594118	      0.00000000	      0.00000000	      0.00000000	     -0.04662052	      0.04406247	      0.00000000
      1.35300000	      0.00000000	      0.00000000	     -0.04366967	      0.00000000	      0.00000000	      0.00000000	     -0.04144482	      0.05112406	      0.00000000
      1.35400000	      0.00000000	      0.00000000	     -0.04367662	      0.00000000	      0.00000000	      0.00000000	     -0.04330925	      0.04585311	      0.00000000
      1.35500000	      0.00000000	      0.00000000	     -0.04534970	      0.00000000	      0.00000000	      0.00000000	     -0.04722965	      0.04023878	      0.00000000
      1.35600000	      0.00000000	      0.00000000	     -0.04549837	      0.00000000	      0.00000000	      0.00000000	     -0.04393315	      0.04928347	      0.00000000
      1.35700000	      0.00000000	      0.00000000	     -0.04399608	      0.00000000	      0.00000000	      0.00000000	     -0.04212833	      0.05028619	      0.00000000
      1.35800000	      0.00000000	      0.00000000	     -0.04392312	      0.00000000	      0.00000000	      0.00000000	     -0.04623036	      0.04007546	      0.00000000
      1.35900000	      0.00000000	      0.00000000	     -0.04426312	      0.00000000	      0.00000000	      0.00000000	     -0.04437375	      0.04514843	      0.00000000
      1.36000000	      0.00000000	      0.00000000	     -0.04572686	      0.00000000	      0.00000000	      0.00000000	     -0.04376277	      0.04843711	      0.00000000
      1.36100000	      0.00000000	      0.00000000	     -0.04581601	      0.00000000	      0.00000000	      0.00000000	     -0.04640177	      0.04437340	      0.00000000
      1.36200000	      0.00000000	      0.00000000	     -0.04613171	      0.00000000	      0.00000000	      0.00000000	     -0.04700045	      0.04316598	      0.00000000
      1.36300000	      0.00000000	      0.00000000	     -0.04650377	      0.00000000	      0.00000000	      0.00000000	     -0.04541225	      0.04691203	      0.00000000
      1.36400000	      0.00000000	      0.00000000	     -0.04442837	      0.00000000	      0.00000000	      0.00000000	     -0.04686800	      0.03908680	      0.00000000
      1.36500000	      0.00000000	      0.00000000	     -0.04413009	      0.00000000	      0.00000000	      0.00000000	     -0.04195642	      0.05098915	      0.00000000
      1.36600000	      0.00000000	      0.00000000	     -0.04525371	      0.00000000	      0.00000000	      0.00000000	     -0.04485417	      0.04695099	      0.00000000
      1.36700000	      0.00000000	      0.00000000	     -0.04157305	      0.00000000	      0.00000000	      0.00000000	     -0.04443582	      0.03806932	      0.00000000
      1.36800000	      0.00000000	      0.00000000	     -0.04425673	      0.00000000	      0.00000000	      0.00000000	     -0.04136111	      0.04966487	      0.00000000
      1.36900000	      0.00000000	      0.00000000	     -0.04522567	      0.00000000	      0.00000000	      0.00000000	     -0.04381212	      0.04926613	      0.00000000
      1.37000000	      0.00000000	      0.00000000	     -0.04320438	      0.00000000	      0.00000000	      0.00000000	     -0.04520717	      0.04052300	      0.00000000
      1.37100000	      0.00000000	      0.00000000	     -0.04185047	      0.00000000	      0.00000000	      0.00000000	     -0.04434028	      0.03881425	      0.00000000
      1.37200000	      0.00000000	      0.00000000	     -0.04497012	      0.00000000	      0.00000000	      0.00000000	     -0.04623733	      0.04279651	      0.00000000
      1.37300000	      0.00000000	      0.00000000	     -0.04678594	      0.00000000	      0.00000000	      0.00000000	     -0.04602098	      0.04561050	      0.00000000
      1.37400000	      0.00000000	      0.00000000	     -0.04629746	      0.00000000	      0.00000000	      0.00000000	     -0.04604282	      0.04615215	      0.00000000
      1.37500000	      0.00000000	      0.00000000	     -0.04644747	      0.00000000	      0.00000000	      0.00000000	     -0.04646676	      0.04524520	      0.00000000
      1.37600000	      0.00000000	      0.00000000	     -0.04489778	      0.00000000	      0.00000000	      0.00000000	     -0.04561940	      0.04414331	      0.00000000
      1.37700000	      0.00000000	      0.00000000	     -0.04533755	      0.00000000	      0.00000000	      0.00000000	     -0.04312061	      0.04916895	      0.00000000
      1.37800000	      0.00000000	      0.00000000	     -0.04664891	      0.00000000	      0.00000000	      0.00000000	     -0.04574264	      0.04631181	      0.00000000
      1.37900000	      0.00000000	      0.00000000	     -0.04322258	      0.00000000	      0.00000000	      0.00000000	     -0.04204888	      0.04764051	      0.00000000
      1.38000000	      0.00000000	      0.00000000	     -0.04366609	      0.00000000	      0.00000000	      0.00000000	     -0.04154623	      0.05082345	      0.00000000
      1.38100000	      0.00000000	      0.00000000	     -0.04452134	      0.00000000	      0.00000000	      0.00000000	     -0.04220054	      0.05085060	      0.00000000
      1.38200000	      0.00000000	      0.00000000	     -0.04644792	      0.00000000	      0.00000000	      0.00000000	     -0.04548159	      0.04701427	      0.00000000
      1.38300000	      0.00000000	      0.00000000	     -0.04533587	      0.00000000	      0.00000000	      0.00000000	     -0.04737644	      0.03928350	      0.00000000
      1.38400000	      0.00000000	      0.00000000	     -0.04320875	      0.00000000	      0.00000000	      0.00000000	     -0.04469628	      0.04143050	      0.00000000
      1.38500000	      0.00000000	      0.00000000	     -0.04601881	      0.00000000	      0.00000000	      0.00000000	     -0.04443644	      0.04829088	      0.00000000
      1.38600000	      0.00000000	      0.00000000	     -0.04460983	      0.00000000	      0.00000000	      0.00000000	     -0.04605082	      0.04235309	      0.00000000
      1.38700000	      0.00000000	      0.00000000	     -0.04622819	      0.00000000	      0.00000000	      0.00000000	     -0.04745049	      0.04128587	      0.00000000
      1.38800000	      0.00000000	      0.00000000	     -0.04396109	      0.00000000	      0.00000000	      0.00000000	     -0.04577987	      0.04120526	      0.00000000
      1.38900000	      0.00000000	      0.00000000	     -0.04440957	      0.00000000	      0.00000000	      0.00000000	     -0.04518831	      0.04378081	      0.00000000
      1.39000000	      0.00000000	      0.00000000	     -0.04430826	      0.00000000	      0.00000000	      0.00000000	     -0.04194715	      0.05109700	      0.00000000
      1.39100000	      0.00000000	      0.00000000	     -0.04468660	      0.00000000	      0.00000000	      0.00000000	     -0.04277672	      0.05035511	      0.00000000
      1.39200000	      0.00000000	      0.00000000	     -0.04549692	      0.00000000	      0.00000000	      0.00000000	     -0.04579783	      0.04525512	      0.00000000
      1.39300000	      0.00000000	      0.00000000	     -0.04563239	      0.00000000	      0.00000000	      0.00000000	     -0.04401720	      0.04913367	      0.00000000
      1.39400000	      0.00000000	      0.00000000	     -0.04394797	      0.00000000	      0.00000000	      0.00000000	     -0.04399112	      0.04507388	      0.00000000
      1.39500000	      0.00000000	      0.00000000	     -0.04597005	      0.00000000	      0.00000000	      0.00000000	     -0.04487645	      0.04813228	      0.00000000
      1.39600000	      0.00000000	      0.00000000	     -0.04408272	      0.00000000	      0.00000000	      0.00000000	     -0.04625035	      0.04045618	      0.00000000
      1.39700000	      0.00000000	      0.00000000	     -0.04438917	      0.00000000	      0.00000000	      0.00000000	     -0.04675758	      0.03952587	      0.00000000
      1.39800000	      0.00000000	      0.00000000	     -0.04186640	      0.00000000	      0.00000000	      0.00000000	     -0.04462080	      0.03834542	      0.00000000
      1.39900000	      0.00000000	      0.00000000	     -0.04650844	      0.00000000	      0.00000000	      0.00000000	     -0.04668306	      0.04468813	      0.00000000
      1.40000000	      0.00000000	      0.00000000	     -0.04273467	      0.00000000	      0.00000000	      0.00000000	     -0.04484645	      0.04005573	      0.00000000
      1.40100000	      0.00000000	      0.00000000	     -0.04253416	      0.00000000	      0.00000000	      0.00000000	     -0.04536015	      0.03861875	      0.00000000
      1.40200000	      0.00000000	      0.00000000	     -0.04589995	      0.00000000	      0.00000000	      0.00000000	     -0.04644643	      0.04447803	      0.00000000
      1.40300000	      0.00000000	      0.00000000	     -0.04148595	      0.00000000	      0.00000000	      0.00000000	     -0.04391734	      0.03847778	      0.00000000
      1.40400000	      0.00000000	      0.00000000	     -0.04438536	      0.00000000	      0.00000000	      0.00000000	     -0.04365064	      0.04732331	      0.00000000
      1.40500000	      0.00000000	      0.00000000	     -0.04522728	      0.00000000	      0.00000000	      0.00000000	     -0.04516306	      0.04606527	      0.00000000
      1.40600000	      0.00000000	      0.00000000	     -0.04505591	      0.00000000	      0.00000000	      0.00000000	     -0.04302153	      0.05013267	      0.00000000
      1.40700000	      0.00000000	      0.00000000	     -0.04647395	      0.00000000	      0.00000000	      0.00000000	     -0.04615568	      0.04599581	      0.00000000
      1.40800000	      0.00000000	      0.00000000	     -0.04672992	      0.00000000	      0.00000000	      0.00000000	     -0.04693797	      0.04394600	      0.00000000
      1.40900000	      0.00000000	      0.00000000	     -0.04424048	      0.00000000	      0.00000000	      0.00000000	     -0.04539119	      0.04276853	      0.00000000
      1.41000000	      0.00000000	      0.00000000	     -0.04410129	      0.00000000	      0.00000000	      0.00000000	     -0.04377291	      0.04610030	      0.00000000
      1.41100000	      0.00000000	      0.00000000	     -0.04600940	      0.00000000	      0.00000000	      0.00000000	     -0.04587686	      0.04613101	      0.00000000
      1.41200000	      0.00000000	      0.00000000	     -0.04421698	      0.00000000	      0.00000000	      0.00000000	     -0.04143031	      0.05062637	      0.00000000
      1.41300000	      0.00000000	      0.00000000	     -0.04543119	      0.00000000	      0.00000000	      0.00000000	     -0.04735798	      0.03975866	      0.00000000
      1.41400000	      0.00000000	      0.00000000	     -0.04443262	      0.00000000	      0.00000000	      0.00000000	     -0.04233812	      0.05075624	      0.00000000
      1.41500000	      0.00000000	      0.00000000	     -0.04384609	      0.00000000	      0.00000000	      0.00000000	     -0.04098836	      0.05133749	      0.00000000
      1.41600000	      0.00000000	      0.00000000	     -0.04378755	      0.00000000	      0.00000000	      0.00000000	     -0.04561412	      0.04117817	      0.00000000
      1.41700000	      0.00000000	      0.00000000	     -0.04646149	      0.00000000	      0.00000000	      0.00000000	     -0.04630079	      0.04566885	      0.00000000
      1.41800000	      0.00000000	      0.00000000	     -0.04634729	      0.00000000	      0.00000000	      0.00000000	     -0.04483413	      0.04693951	      0.00000000
      1.41900000	      0.00000000	      0.00000000	     -0.04521873	      0.00000000	      0.00000000	      0.00000000	     -0.04645961	      0.04283134	      0.00000000
      1.42000000	      0.00000000	      0.00000000	     -0.04381248	      0.00000000	      0.00000000	      0.00000000	     -0.04347770	      0.04589160	      0.00000000
      1.42100000	      0.00000000	      0.00000000	     -0.04524134	      0.00000000	      0.00000000	      0.00000000	     -0.04393358	      0.04900304	      0.00000000
      1.42200000	      0.00000000	      0.00000000	     -0.04275742	      0.00000000	      0.00000000	      0.00000000	     -0.04521826	      0.03942831	      0.00000000
      1.42300000	      0.00000000	      0.00000000	     -0.04525137	      0.00000000	      0.00000000	      0.00000000	     -0.04298893	      0.04926314	      0.00000000
      1.42400000	      0.00000000	      0.00000000	     -0.04457698	      0.00000000	      0.00000000	      0.00000000	     -0.04696683	      0.03907492	      0.00000000
      1.42500000	      0.00000000	      0.00000000	     -0.04175304	      0.00000000	      0.00000000	      0.00000000	     -0.04454664	      0.03827883	      0.00000000
      1.42600000	      0.00000000	      0.00000000	     -0.04153363	      0.00000000	      0.00000000	      0.00000000	     -0.04438497	      0.03797960	      0.00000000
      1.42700000	      0.00000000	      0.00000000	     -0.04084154	      0.00000000	      0.00000000	      0.00000000	     -0.04433507	      0.03657469	      0.00000000
      1.42800000	      0.00000000	      0.00000000	     -0.04474290	      0.00000000	      0.00000000	      0.00000000	     -0.04211115	      0.04939521	      0.00000000
      1.42900000	      0.00000000	      0.00000000	     -0.04423986	      0.00000000	      0.00000000	      0.00000000	     -0.04211212	      0.05083882	      0.00000000
      1.43000000	      0.00000000	      0.00000000	     -0.04668170	      0.00000000	      0.00000000	      0.00000000	     -0.04632396	      0.04557546	      0.00000000
      1.43100000	      0.00000000	      0.00000000	     -0.04622558	      0.00000000	      0.00000000	      0.00000000	     -0.04744800	      0.04129293	      0.00000000
      1.43200000	      0.00000000	      0.00000000	     -0.04423510	      0.00000000	      0.00000000	      0.00000000	     -0.04362078	      0.04692094	      0.00000000
      1.43300000	      0.00000000	      0.00000000	     -0.04403885	      0.00000000	      0.00000000	      0.00000000	     -0.04455743	      0.04407213	      0.00000000
      1.43400000	      0.00000000	      0.00000000	     -0.04349302	      0.00000000	      0.00000000	      0.00000000	     -0.04215325	      0.04844412	      0.00000000
      1.43500000	      0.00000000	      0.00000000	     -0.04576562	      0.00000000	      0.00000000	      0.00000000	     -0.04485548	      0.04798919	      0.00000000
      1.43600000	      0.00000000	      0.00000000	     -0.04454222	      0.00000000	      0.00000000	      0.00000000	     -0.04625745	      0.04152616	      0.00000000
      1.43700000	      0.00000000	      0.00000000	     -0.04545944	      0.00000000	      0.00000000	      0.00000000	     -0.04397194	      0.04923121	      0.00000000
      1.43800000	      0.00000000	      0.00000000	     -0.04382241	      0.00000000	      0.00000000	      0.00000000	     -0.04535854	      0.04175710	      0.00000000
      1.43900000	      0.00000000	      0.00000000	     -0.04640924	      0.00000000	      0.00000000	      0.00000000	     -0.04741839	      0.04173553	      0.00000000
      1.44000000	      0.00000000	      0.00000000	     -0.04254611	      0.00000000	      0.00000000	      0.00000000	     -0.04546004	      0.03834190	      0.00000000
      1.44100000	      0.00000000	      0.00000000	     -0.04612651	      0.00000000	      0.00000000	      0.00000000	     -0.04484472	      0.04801346	      0.00000000
      1.44200000	      0.00000000	      0.00000000	     -0.04396306	      0.00000000	      0.00000000	      0.00000000	     -0.04129493	      0.05142556	      0.00000000
      1.44300000	      0.00000000	      0.00000000	     -0.04656652	      0.00000000	      0.00000000	      0.00000000	     -0.04642257	      0.04540079	      0.00000000
      1.44400000	      0.00000000	      0.00000000	     -0.04497315	      0.00000000	      0.00000000	      0.00000000	     -0.04484726	      0.04616250	      0.00000000
      1.44500000	      0.00000000	      0.00000000	     -0.04202492	      0.00000000	      0.00000000	      0.00000000	     -0.04397328	      0.03959718	      0.00000000
      1.44600000	      0.00000000	      0.00000000	     -0.04630910	      0.00000000	      0.00000000	      0.00000000	     -0.04660366	      0.04473644	      0.00000000
      1.44700000	      0.00000000	      0.00000000	     -0.04340847	      0.00000000	      0.00000000	      0.00000000	     -0.04614438	      0.03880480	      0.00000000
      1.44800000	      0.00000000	      0.00000000	     -0.04650989	      0.00000000	      0.00000000	      0.00000000	     -0.04552985	      0.04682468	      0.00000000
      1.44900000	      0.00000000	      0.00000000	     -0.04483640	      0.00000000	      0.00000000	      0.00000000	     -0.04361111	      0.04888273	      0.00000000
      1.45000000	      0.00000000	      0.00000000	     -0.04606404	      0.00000000	      0.00000000	      0.00000000	     -0.04675473	      0.04386543	      0.00000000
      1.45100000	      0.00000000	      0.00000000	     -0.04549930	      0.00000000	      0.00000000	      0.00000000	     -0.04379118	      0.04939399	      0.00000000
      1.45200000	      0.00000000	      0.00000000	     -0.04247372	      0.00000000	      0.00000000	      0.00000000	     -0.04453154	      0.03986305	      0.00000000
      1.45300000	      0.00000000	      0.00000000	     -0.04626849	      0.00000000	      0.00000000	      0.00000000	     -0.04688334	      0.04379453	      0.00000000
      1.45400000	      0.00000000	      0.00000000	     -0.04413483	      0.00000000	      0.00000000	      0.00000000	     -0.04482859	      0.04375701	      0.00000000
      1.45500000	      0.00000000	      0.00000000	     -0.04644312	      0.00000000	      0.00000000	      0.00000000	     -0.04519272	      0.04699496	      0.00000000
      1.45600000	      0.00000000	      0.00000000	     -0.04488978	      0.00000000	      0.00000000	      0.00000000	     -0.04290422	      0.05030634	      0.00000000
      1.45700000	      0.00000000	      0.00000000	     -0.04455347	      0.00000000	      0.00000000	      0.00000000	     -0.04262275	      0.05043126	      0.00000000
      1.45800000	      0.00000000	      0.00000000	     -0.04365362	      0.00000000	      0.00000000	      0.00000000	     -0.04343279	      0.04535352	      0.00000000
      1.45900000	      0.00000000	      0.00000000	     -0.04145688	      0.00000000	      0.00000000	      0.00000000	     -0.04474354	      0.03719175	      0.00000000
      1.46000000	      0.00000000	      0.00000000	     -0.04377014	      0.00000000	      0.00000000	      0.00000000	     -0.04295410	      0.04711131	      0.00000000
      1.46100000	      0.00000000	      0.00000000	     -0.04391715	      0.00000000	      0.00000000	      0.00000000	     -0.04520643	      0.04239501	      0.00000000
      1.46200000	      0.00000000	      0.00000000	     -0.04562869	      0.00000000	      0.00000000	      0.00000000	     -0.04615866	      0.04465081	      0.00000000
      1.46300000	      0.00000000	      0.00000000	     -0.04641688	      0.00000000	      0.00000000	      0.00000000	     -0.04732162	      0.04226007	      0.00000000
      1.46400000	      0.00000000	      0.00000000	     -0.04297216	      0.00000000	      0.00000000	      0.00000000	     -0.04537317	      0.03957885	      0.00000000
      1.46500000	      0.00000000	      0.00000000	     -0.04618749	      0.00000000	      0.00000000	      0.00000000	     -0.04705490	      0.04307590	      0.00000000
      1.46600000	      0.00000000	      0.00000000	     -0.04010410	      0.00000000	      0.00000000	      0.00000000	     -0.04360737	      0.03603104	      0.00000000
      1.46700000	      0.00000000	      0.00000000	     -0.04493989	      0.00000000	      0.00000000	      0.00000000	     -0.04517190	      0.04519595	      0.00000000
      1.46800000	      0.00000000	      0.00000000	     -0.04599915	      0.00000000	      0.00000000	      0.00000000	     -0.04438351	      0.04831519	      0.00000000
      1.46900000	      0.00000000	      0.00000000	     -0.04433616	      0.00000000	      0.00000000	      0.00000000	     -0.04653778	      0.04013145	      0.00000000
      1.47000000	      0.00000000	      0.00000000	     -0.04513295	      0.00000000	      0.00000000	      0.00000000	     -0.04299643	      0.04991164	      0.00000000
      1.47100000	      0.00000000	      0.00000000	     -0.04403435	      0.00000000	      0.00000000	      0.00000000	     -0.04187069	      0.05092554	      0.00000000
      1.47200000	      0.00000000	      0.00000000	     -0.04631963	      0.00000000	      0.00000000	      0.00000000	     -0.04610175	      0.04602991	      0.00000000
      1.47300000	      0.00000000	      0.00000000	     -0.04575593	      0.00000000	      0.00000000	      0.00000000	     -0.04519555	      0.04722595	      0.00000000
      1.47400000	      0.00000000	      0.00000000	     -0.04513444	      0.00000000	      0.00000000	      0.00000000	     -0.04717257	      0.03978230	      0.00000000
      1.47500000	      0.00000000	      0.00000000	     -0.04593490	      0.00000000	      0.00000000	      0.00000000	     -0.04747831	      0.04044902	      0.00000000
      1.47600000	      0.00000000	      0.00000000	     -0.04547251	      0.00000000	      0.00000000	      0.00000000	     -0.04637167	      0.04370677	      0.00000000
      1.47700000	      0.00000000	      0.00000000	     -0.04393507	      0.00000000	      0.00000000	      0.00000000	     -0.04590986	      0.04090703	      0.00000000
      1.47800000	      0.00000000	      0.00000000	     -0.04556674	      0.00000000	      0.00000000	      0.00000000	     -0.04573741	      0.04551993	      0.00000000
      1.47900000	      0.00000000	      0.00000000	     -0.04399783	      0.00000000	      0.00000000	      0.00000000	     -0.04415725	      0.04479826	      0.00000000
      1.48000000	      0.00000000	      0.00000000	     -0.04500662	      0.00000000	      0.00000000	      0.00000000	     -0.04286401	      0.05019204	      0.00000000
      1.48100000	      0.00000000	      0.00000000	     -0.04068890	      0.00000000	      0.00000000	      0.00000000	     -0.04354231	      0.03731760	      0.00000000
      1.48200000	      0.00000000	      0.00000000	     -0.04470719	      0.00000000	      0.00000000	      0.00000000	     -0.04544521	      0.04388532	      0.00000000
      1.48300000	      0.00000000	      0.00000000	     -0.04663538	      0.00000000	      0.00000000	      0.00000000	     -0.04702249	      0.04366028	      0.00000000
      1.48400000	      0.00000000	      0.00000000	     -0.04239309	      0.00000000	      0.00000000	      0.00000000	     -0.04488622	      0.03907664	      0.00000000
      1.48500000	      0.00000000	      0.00000000	     -0.04609957	      0.00000000	      0.00000000	      0.00000000	     -0.04435232	      0.04751359	      0.00000000
      1.48600000	      0.00000000	      0.00000000	     -0.04430823	      0.00000000	      0.00000000	      0.00000000	     -0.04207513	      0.05098394	      0.00000000
      1.48700000	      0.00000000	      0.00000000	     -0.04241067	      0.00000000	      0.00000000	      0.00000000	     -0.04456778	      0.03965600	      0.00000000
      1.48800000	      0.00000000	      0.00000000	     -0.04364751	      0.00000000	      0.00000000	      0.00000000	     -0.04651858	      0.03792001	      0.00000000
      1.48900000	      0.00000000	      0.00000000	     -0.04535266	      0.00000000	      0.00000000	      0.00000000	     -0.04346108	      0.04964756	      0.00000000
      1.49000000	      0.00000000	      0.00000000	     -0.04662437	      0.00000000	      0.00000000	      0.00000000	     -0.04655310	      0.04507717	      0.00000000
      1.49100000	      0.00000000	      0.00000000	     -0.04432774	      0.00000000	      0.00000000	      0.00000000	     -0.04489556	      0.04412095	      0.00000000
      1.49200000	      0.00000000	      0.00000000	     -0.04441818	      0.00000000	      0.00000000	      0.00000000	     -0.04161051	      0.04968692	      0.00000000
      1.49300000	      0.00000000	      0.00000000	     -0.04521149	      0.00000000	      0.00000000	      0.00000000	     -0.04507428	      0.04628681	      0.00000000
      1.49400000	      0.00000000	      0.00000000	     -0.04361184	      0.00000000	      0.00000000	      0.00000000	     -0.04294461	      0.04644103	      0.00000000
      1.49500000	      0.00000000	      0.00000000	     -0.04300004	      0.00000000	      0.00000000	      0.00000000	     -0.04594345	      0.03817006	      0.00000000
      1.49600000	      0.00000000	      0.00000000	     -0.04563311	      0.00000000	      0.00000000	      0.00000000	     -0.04674520	      0.04288584	      0.00000000
      1.49700000	      0.00000000	      0.00000000	     -0.04500533	      0.00000000	      0.00000000	      0.00000000	     -0.04718003	      0.03931924	      0.00000000
      1.49800000	      0.00000000	      0.00000000	     -0.04570231	      0.00000000	      0.00000000	      0.00000000	     -0.04455737	      0.04845465	      0.00000000
      1.49900000	      0.00000000	      0.00000000	     -0.04157441	      0.00000000	      0.00000000	      0.00000000	     -0.04455105	      0.03787091	      0.00000000
      1.50000000	      0.00000000	      0.00000000	     -0.04553050	      0.00000000	      0.00000000	      0.00000000	     -0.04366840	      0.04929994	      0.00000000
      1.50100000	      0.00000000	      0.00000000	     -0.04505000	      0.00000000	      0.00000000	      0.00000000	     -0.04429907	      0.04767737	      0.00000000
      1.50200000	      0.00000000	      0.00000000	     -0.04248769	      0.00000000	      0.00000000	      0.00000000	     -0.04545869	      0.03818477	      0.00000000
      1.50300000	      0.00000000	      0.00000000	     -0.04535495	      0.00000000	      0.00000000	      0.00000000	     -0.04526139	      0.04611463	      0.00000000
      1.50400000	      0.00000000	      0.00000000	     -0.03942577	      0.00000000	      0.00000000	      0.00000000	     -0.04335015	      0.03508208	      0.00000000
      1.50500000	      0.00000000	      0.00000000	     -0.04427393	      0.00000000	      0.00000000	      0.00000000	     -0.04652789	      0.03992495	      0.00000000
      1.50600000	      0.00000000	      0.00000000	     -0.04502719	      0.00000000	      0.00000000	      0.00000000	     -0.04478229	      0.04632182	      0.00000000
      1.50700000	      0.00000000	      0.00000000	     -0.04333033	      0.00000000	      0.00000000	      0.00000000	     -0.04193818	      0.04827794	      0.00000000
      1.50800000	      0.00000000	      0.00000000	     -0.04664178	      0.00000000	      0.00000000	      0.00000000	     -0.04582182	      0.04629368	      0.00000000
      1.50900000	      0.00000000	      0.00000000	     -0.04561390	      0.00000000	      0.00000000	      0.00000000	     -0.04382582	      0.04915147	      0.00000000
      1.51000000	      0.00000000	      0.00000000	     -0.04577626	      0.00000000	      0.00000000	      0.00000000	     -0.04572439	      0.04598348	      0.00000000
      1.51100000	      0.00000000	      0.00000000	     -0.04609183	      0.00000000	      0.00000000	      0.00000000	     -0.04455621	      0.04811339	      0.00000000
      1.51200000	      0.00000000	      0.00000000	     -0.04679075	      0.00000000	      0.00000000	      0.00000000	     -0.04630324	      0.04538597	      0.00000000
      1.51300000	      0.00000000	      0.00000000	     -0.04551332	      0.00000000	      0.00000000	      0.00000000	     -0.04741446	      0.03959732	      0.00000000
      1.51400000	      0.00000000	      0.00000000	     -0.04511269	      0.00000000	      0.00000000	      0.00000000	     -0.04276592	      0.04944259	      0.00000000
      1.51500000	      0.00000000	      0.00000000	     -0.04541401	      0.00000000	      0.00000000	      0.00000000	     -0.04346183	      0.04957954	      0.00000000
      1.51600000	      0.00000000	      0.00000000	     -0.04346531	      0.00000000	      0.00000000	      0.00000000	     -0.04444012	      0.04248706	      0.00000000
      1.51700000	      0.00000000	      0.00000000	     -0.04392781	      0.00000000	      0.00000000	      0.00000000	     -0.04592876	      0.04085629	      0.00000000
      1.51800000	      0.00000000	      0.00000000	     -0.04280262	      0.00000000	      0.00000000	      0.00000000	     -0.04463502	      0.04051359	      0.00000000
      1.51900000	      0.00000000	      0.00000000	     -0.04590876	      0.00000000	      0.00000000	      0.00000000	     -0.04667499	      0.04375821	      0.00000000
      1.52000000	      0.00000000	      0.00000000	     -0.04562796	      0.00000000	      0.00000000	      0.00000000	     -0.04712969	      0.04150541	      0.00000000
      1.52100000	      0.00000000	      0.00000000	     -0.04383550	      0.00000000	      0.00000000	      0.00000000	     -0.04620772	      0.03986797	      0.00000000
      1.52200000	      0.00000000	      0.00000000	     -0.04366738	      0.00000000	      0.00000000	      0.00000000	     -0.04194718	      0.04959216	      0.00000000
      1.52300000	      0.00000000	      0.00000000	     -0.04574640	      0.00000000	      0.00000000	      0.00000000	     -0.04641577	      0.04419561	      0.00000000
      1.52400000	      0.00000000	      0.00000000	     -0.04308902	      0.00000000	      0.00000000	      0.00000000	     -0.04498594	      0.04060249	      0.00000000
      1.52500000	      0.00000000	      0.00000000	     -0.03871954	      0.00000000	      0.00000000	      0.00000000	     -0.04229496	      0.03479492	      0.00000000
      1.52600000	      0.00000000	      0.00000000	     -0.04574440	      0.00000000	      0.00000000	      0.00000000	     -0.04714144	      0.04179253	      0.00000000
      1.52700000	      0.00000000	      0.00000000	     -0.04637283	      0.00000000	      0.00000000	      0.00000000	     -0.04641535	      0.04530248	      0.00000000
      1.52800000	      0.00000000	      0.00000000	     -0.04539398	      0.00000000	      0.00000000	      0.00000000	     -0.04634389	      0.04348040	      0.00000000
      1.52900000	      0.00000000	      0.00000000	     -0.04581886	      0.00000000	      0.00000000	      0.00000000	     -0.04685882	      0.04296592	      0.00000000
      1.53000000	      0.00000000	      0.00000000	     -0.04595307	      0.00000000	      0.00000000	      0.00000000	     -0.04418599	      0.04815069	      0.00000000
      1.53100000	      0.00000000	      0.00000000	     -0.04321762	      0.00000000	      0.00000000	      0.00000000	     -0.04238846	      0.04651766	      0.00000000
      1.53200000	      0.00000000	      0.00000000	     -0.04570373	      0.00000000	      0.00000000	      0.00000000	     -0.04489082	      0.04776316	      0.00000000
      1.53300000	      0.00000000	      0.00000000	     -0.04643387	      0.00000000	      0.00000000	      0.00000000	     -0.04565648	      0.04691090	      0.00000000
      1.53400000	      0.00000000	      0.00000000	     -0.04049082	      0.00000000	      0.00000000	      0.00000000	     -0.04422962	      0.03589678	      0.00000000
      1.53500000	      0.00000000	      0.00000000	     -0.04242866	      0.00000000	      0.00000000	      0.00000000	     -0.04438346	      0.03990829	      0.00000000
      1.53600000	      0.00000000	      0.00000000	     -0.04452114	      0.00000000	      0.00000000	      0.00000000	     -0.04261479	      0.05038709	      0.00000000
      1.53700000	      0.00000000	      0.00000000	     -0.04598570	      0.00000000	      0.00000000	      0.00000000	     -0.04578649	      0.04623300	      0.00000000
      1.53800000	      0.00000000	      0.00000000	     -0.04342127	      0.00000000	      0.00000000	      0.00000000	     -0.04246881	      0.04712482	      0.00000000
      1.53900000	      0.00000000	      0.00000000	     -0.03992965	      0.00000000	      0.00000000	      0.00000000	     -0.04369155	      0.03558100	      0.00000000
      1.54000000	      0.00000000	      0.00000000	     -0.04195943	      0.00000000	      0.00000000	      0.00000000	     -0.04470005	      0.03846949	      0.00000000
      1.54100000	      0.00000000	      0.00000000	     -0.04572084	      0.00000000	      0.00000000	      0.00000000	     -0.04362154	      0.04813706	      0.00000000
      1.54200000	      0.00000000	      0.00000000	     -0.04429985	      0.00000000	      0.00000000	      0.00000000	     -0.04494036	      0.04386144	      0.00000000
      1.54300000	      0.00000000	      0.00000000	     -0.04455026	      0.00000000	      0.00000000	      0.00000000	     -0.04693171	      0.03904371	      0.00000000
      1.54400000	      0.00000000	      0.00000000	     -0.04521260	      0.00000000	      0.00000000	      0.00000000	     -0.04594352	      0.04412495	      0.00000000
      1.54500000	      0.00000000	      0.00000000	     -0.04516346	      0.00000000	      0.00000000	      0.00000000	     -0.04490549	      0.04642101	      0.00000000
      1.54600000	      0.00000000	      0.00000000	     -0.04342698	      0.00000000	      0.00000000	      0.00000000	     -0.04616110	      0.03873414	      0.00000000
      1.54700000	      0.00000000	      0.00000000	     -0.04187320	      0.00000000	      0.00000000	      0.00000000	     -0.04440534	      0.03857052	      0.00000000
      1.54800000	      0.00000000	      0.00000000	     -0.04574078	      0.00000000	      0.00000000	      0.00000000	     -0.04672074	      0.04326580	      0.00000000
      1.54900000	      0.00000000	      0.00000000	     -0.04476963	      0.00000000	      0.00000000	      0.00000000	     -0.04218492	      0.04972144	      0.00000000
      1.55000000	      0.00000000	      0.00000000	     -0.04067733	      0.00000000	      0.00000000	      0.00000000	     -0.04372331	      0.03710719	      0.00000000
      1.55100000	      0.00000000	      0.00000000	     -0.04597284	      0.00000000	      0.00000000	      0.00000000	     -0.04421230	      0.04816423	      0.00000000
      1.55200000	      0.00000000	      0.00000000	     -0.04166885	      0.00000000	      0.00000000	      0.00000000	     -0.04523889	      0.03637360	      0.00000000
      1.55300000	      0.00000000	      0.00000000	     -0.04467320	      0.00000000	      0.00000000	      0.00000000	     -0.04278247	      0.05026441	      0.00000000
      1.55400000	      0.00000000	      0.00000000	     -0.04501788	      0.00000000	      0.00000000	      0.00000000	     -0.04712246	      0.03970581	      0.00000000
      1.55500000	      0.00000000	      0.00000000	     -0.04597320	      0.00000000	      0.00000000	      0.00000000	     -0.04534334	      0.04727427	      0.00000000
      1.55600000	      0.00000000	      0.00000000	     -0.04602432	      0.00000000	      0.00000000	      0.00000000	     -0.04671256	      0.04385012	      0.00000000
      1.55700000	      0.00000000	      0.00000000	     -0.04612891	      0.00000000	      0.00000000	      0.00000000	     -0.04486623	      0.04805431	      0.00000000
      1.55800000	      0.00000000	      0.00000000	     -0.04040151	      0.00000000	      0.00000000	      0.00000000	     -0.04413454	      0.03589362	      0.00000000
      1.55900000	      0.00000000	      0.00000000	     -0.04615319	      0.00000000	      0.00000000	      0.00000000	     -0.04624135	      0.04545287	      0.00000000
      1.56000000	      0.00000000	      0.00000000	     -0.03861416	      0.00000000	      0.00000000	      0.00000000	     -0.04239658	      0.03463878	      0.00000000
      1.56100000	      0.00000000	      0.00000000	     -0.04248981	      0.00000000	      0.00000000	      0.00000000	     -0.04459709	      0.03968341	      0.00000000
      1.56200000	      0.00000000	      0.00000000	     -0.04585633	      0.00000000	      0.00000000	      0.00000000	     -0.04415242	      0.04875481	      0.00000000
      1.56300000	      0.00000000	      0.00000000	     -0.04317778	      0.00000000	      0.00000000	      0.00000000	     -0.04209778	      0.04706222	      0.00000000
      1.56400000	      0.00000000	      0.00000000	     -0.04436241	      0.00000000	      0.00000000	      0.00000000	     -0.04463803	      0.04467224	      0.00000000
      1.56500000	      0.00000000	      0.00000000	     -0.04147695	      0.00000000	      0.00000000	      0.00000000	     -0.04463713	      0.03739728	      0.00000000
      1.56600000	      0.00000000	      0.00000000	     -0.04506044	      0.00000000	      0.00000000	      0.00000000	     -0.04594671	      0.04365288	      0.00000000
      1.56700000	      0.00000000	      0.00000000	     -0.04619943	      0.00000000	      0.00000000	      0.00000000	     -0.04740015	      0.04145992	      0.00000000
      1.56800000	      0.00000000	      0.00000000	     -0.04370146	      0.00000000	      0.00000000	      0.00000000	     -0.04598125	      0.03995896	      0.00000000
      1.56900000	      0.00000000	      0.00000000	     -0.03996697	      0.00000000	      0.00000000	      0.00000000	     -0.04302346	      0.03641504	      0.00000000
      1.57000000	      0.00000000	      0.00000000	     -0.04543972	      0.00000000	      0.00000000	      0.00000000	     -0.04350254	      0.04953115	      0.00000000
      1.57100000	      0.00000000	      0.00000000	     -0.04653537	      0.00000000	      0.00000000	      0.00000000	     -0.04558810	      0.04685864	      0.00000000
      1.57200000	      0.00000000	      0.00000000	     -0.04477944	      0.00000000	      0.00000000	      0.00000000	     -0.04633952	      0.04199013	      0.00000000
      1.57300000	      0.00000000	      0.00000000	     -0.04412544	      0.00000000	      0.00000000	      0.00000000	     -0.04511200	      0.04309591	      0.00000000
      1.57400000	      0.00000000	      0.00000000	     -0.04461531	      0.00000000	      0.00000000	      0.00000000	     -0.04514206	      0.04439556	      0.00000000
      1.57500000	      0.00000000	      0.00000000	     -0.04258035	      0.00000000	      0.00000000	      0.00000000	     -0.04446071	      0.04027139	      0.00000000
