PassiveFiberForceAlongTendon
version=1
nRows=1575
nColumns=10
inDegrees=no

This analysis gathers basic information about muscles during a simulation (e.g., forces, tendon lengths, moment arms, etc).
Units are S.I. units (second, meters, Newtons, ...)
If the header above contains a line with 'inDegrees', this indicates whether rotational values are in degrees (yes) or radians (no).

endheader
time	bflh_r	bfsh_r	gasmed_r	glmax2_r	iliacus_r	recfem_r	soleus_r	tibant_r	vasmed_r
      0.00100000	 140991.88431527	    750.93682433	 100576.62542512	      0.00000000	     -1.90944896	  18309.75814741	  87138.62218983	    692.98261417	 307078.19737865
      0.00200000	 170067.39679317	      0.00000000	 126165.34849411	      0.00000000	     99.74986892	   6791.41456133	 119968.39458110	    -11.01264445	 170964.83864318
      0.00300000	 145749.71189294	    122.68441641	 106087.77893601	    527.34242374	      0.00000000	  17832.47114259	 100785.33125452	    224.11457360	 314605.66689611
      0.00400000	 208824.57822222	     52.52306053	 118945.76661106	      0.00000000	     72.09056831	     92.87341107	 108013.55438759	    -11.01264445	 192384.25044122
      0.00500000	 151240.21393391	      0.00000000	 135863.19737857	      0.00000000	    132.64910735	  15565.64968996	 140344.41207214	    -11.01264445	 281071.16940294
      0.00600000	 210286.28643023	     67.06431083	 133472.68170842	   1614.52710712	      0.00000000	    259.05370494	 131294.53551383	    -11.01264445	 211700.60212948
      0.00700000	 220702.47705197	      0.00000000	 137432.67063838	      0.00000000	    145.81291958	    -13.92168625	 137762.38204817	    -11.01264445	 200860.32799272
      0.00800000	 190818.10763404	     60.45521181	 108759.81149771	      0.00000000	    605.84176416	   4355.34823767	  89540.46807442	    199.76449710	 232450.56589336
      0.00900000	 172930.58267459	      0.00000000	 118900.91787174	    642.61345309	      0.00000000	   9974.06142834	 109133.58583199	    -11.01264445	 268071.09585590
      0.01000000	 175683.82140355	     -1.58905117	 129143.83842138	      0.00000000	    600.74807766	   7881.36391777	 127003.16178939	    -11.01264445	 223302.97720386
      0.01100000	 157916.08681223	     58.93808588	 104588.96870675	    713.73383243	      0.00000000	   9155.34860517	  81345.92031123	   1991.56313845	 185769.08382920
      0.01200000	 196875.19490034	      3.63523240	  99747.51674124	    902.72340770	      0.00000000	   6308.76824352	  76187.70943026	   2410.95847224	 260254.85068982
      0.01300000	 152949.98879937	     13.00961092	 125202.94193421	      0.00000000	    954.78603950	  15668.44367304	 127898.72893137	    -11.01264445	 302786.93114900
      0.01400000	 179932.89286552	      0.00000000	 131869.93730812	   1486.64532663	      0.00000000	   7271.44326867	 127648.32439008	    -11.01264445	 228147.25372895
      0.01500000	 206853.24995943	     50.20634654	 121075.80094689	      0.00000000	    438.00735665	   2065.23493297	 111375.16112367	    -11.01264445	 204891.85976647
      0.01600000	 176248.21573621	     -1.13935049	 124311.47980150	     -7.96910751	      0.00000000	   7793.42909937	 115987.81469553	    -11.01264445	 238332.15213685
      0.01700000	 220611.33258786	      0.00000000	 124227.92699580	      0.00000000	    354.65840319	    -13.92168625	 113829.00831535	    -11.01264445	 179509.15645256
      0.01800000	 129474.19014937	      0.00000000	  99688.27490029	    150.31482973	    290.51363037	  19426.88427760	  81297.66321418	   2565.59708529	 287488.83216511
      0.01900000	 180612.83910997	      0.00000000	 109955.74363486	   1719.74246839	      0.00000000	  10175.21569407	 100889.89987848	    -11.01264445	 296199.19590536
      0.02000000	 207985.44767054	    120.57923431	 110319.22958422	      0.00000000	    692.03899695	   2105.69710572	  94385.42063405	    -10.87497909	 254835.13110047
      0.02100000	 207885.09978375	      2.42628735	 109084.42931228	    630.63729658	      0.00000000	    939.23886995	  87115.23175921	    -11.01264445	 217929.26968692
      0.02200000	 214979.47747001	      0.00000000	 136838.98694040	      0.00000000	    477.10988016	   1839.25843987	 143660.48193884	    -11.01264445	 276540.11203624
      0.02300000	 163500.97169531	     -0.40837992	 127942.40185920	      0.00000000	    638.77276840	  10685.50091842	 123279.42626575	    -11.01264445	 247511.49839712
      0.02400000	 169307.97036628	     76.77517276	 130944.32817911	   1427.34402573	      0.00000000	  11700.04248390	 136111.35383274	    -11.01264445	 290715.37202762
      0.02500000	 179894.25720222	     -0.86826661	 113356.21440558	      0.00000000	    627.41674608	   9355.87789888	  99947.21258096	    -11.01264445	 264493.35015601
      0.02600000	 143660.57769485	      0.00000000	 115702.42969992	      0.00000000	    -14.42635509	  16518.09845121	 103434.65792851	    -11.01264445	 266916.88741700
      0.02700000	 183943.04005792	    291.11854686	 113700.57753142	    426.37526976	      0.00000000	   7066.71741262	  97012.28117938	    -11.01264445	 240446.78657463
      0.02800000	 159090.06874049	      0.00000000	 120325.59249310	      0.00000000	    562.79982159	  10284.49788070	 106907.40272178	    -11.01264445	 199279.40752234
      0.02900000	 171794.65113622	      0.00000000	 119514.44170889	   1351.27067325	      0.00000000	  10662.73643101	 114218.05883808	    -11.01264445	 272376.91019167
      0.03000000	 209577.45951801	    133.58126885	 125376.35446937	      0.00000000	    428.36133764	   2847.72108914	 120245.61635323	    -11.01264445	 259882.17194687
      0.03100000	 163263.92162743	      0.00000000	 118109.17328342	      0.00000000	    550.86906598	   9478.51275936	 107585.30989022	    -11.01264445	 234768.38175635
      0.03200000	 164227.85368228	      0.00000000	 101076.73533010	   1196.79579578	      0.00000000	  11580.35586996	  82142.38678159	     13.15717198	 296954.56505071
      0.03300000	 166869.27854382	    111.18273004	 124937.97177217	    594.76696039	      0.00000000	  12780.84035259	 129915.57437816	    -11.01264445	 306150.16188586
      0.03400000	 199872.57966304	    126.40972380	 108928.60248687	      0.00000000	    567.18287247	   2125.12515894	  89552.23461211	    249.73500955	 225778.13844648
      0.03500000	 153662.59317861	      0.00000000	 138487.69812236	    188.89750353	      0.00000000	  10736.59144228	 140074.72297154	    -11.01264445	 195200.68300966
      0.03600000	 190726.91438876	    196.65692369	  96634.23947306	   1051.02110303	      0.00000000	   7549.43670861	  82447.93071177	   2187.04338362	 312004.04516370
      0.03700000	 226693.34342556	     41.04037229	 139315.89702688	      0.00000000	    520.43043031	    -13.92168625	 142743.83637882	    -11.01264445	 181148.72701281
      0.03800000	 147381.46139805	      0.00000000	  95839.08296364	      0.00000000	    250.38680695	  18467.15408423	  78048.65099787	    628.40307912	 312974.22071925
      0.03900000	 164142.42833345	    260.63725947	 101315.91657818	    432.81763509	      0.00000000	  13804.36489969	  83583.65006171	    445.57827809	 294260.06566289
      0.04000000	 213302.17003306	      0.00000000	  98087.23530339	    818.47552495	      0.00000000	    823.15039901	  73473.73072544	   3942.52567253	 252994.88361772
      0.04100000	 210614.36815131	     87.82509758	 125529.04920127	    204.36673712	      0.00000000	   1116.44260252	 118594.02155244	    -11.01264445	 230059.85805455
      0.04200000	 209576.17352798	      2.76505236	 130430.54427514	      0.00000000	    861.49431758	    127.70941899	 125653.62530145	    -11.01264445	 176331.07881827
      0.04300000	 143053.67726279	     18.02918214	 114869.75896699	      0.00000000	    261.67710171	  13880.17392890	 101078.93116563	    -11.01264445	 220932.34738669
      0.04400000	 181392.58264347	     -3.06196988	 136920.46460877	   1113.82396960	      0.00000000	   6171.68387686	 138735.66023765	    -11.01264445	 205242.64615756
      0.04500000	 182984.95916406	      0.00000000	 118710.55839597	      0.00000000	    520.11936047	   7892.21340149	 112105.85033617	    -11.01264445	 286210.95508589
      0.04600000	 162494.09767532	     18.96134419	 123951.87493063	     77.32729936	      4.92569470	   9771.71353994	 115054.76938759	    -11.01264445	 211522.87016515
      0.04700000	 177698.95320720	     -1.67909101	 125951.09436665	    711.86428848	      0.00000000	  10109.28814961	 124674.47706450	    -11.01264445	 279774.59178919
      0.04800000	 180935.75818530	      0.00000000	 104965.03595994	      0.00000000	    486.12074432	   9633.38484094	  88266.88681923	    282.19291369	 284217.05572940
      0.04900000	 174962.29313237	     -1.34694219	 111390.56976577	    243.90971087	      0.00000000	   8292.71963686	  97817.73790640	    500.77479990	 251084.94540830
      0.05000000	 205190.37897923	      0.00000000	 134090.89509100	    455.42832645	      0.00000000	   1144.80903923	 132764.30448675	    -11.01264445	 187533.97021951
      0.05100000	 162128.28329838	      0.00000000	 100834.16777385	      0.00000000	    504.11083389	  13557.80631575	  88896.74286775	    987.15086874	 308863.46807654
      0.05200000	 161060.75013314	    119.08589372	 102830.94046201	    -19.56939133	    112.79173279	  12026.16577438	  78744.38305189	    375.96661745	 257829.15049257
      0.05300000	 162956.63908153	      0.00000000	 114857.67449645	    475.62952582	      0.00000000	  10200.40132653	  98856.12981258	    -11.01264445	 228235.58663100
      0.05400000	 157420.54945059	    130.74472247	  96514.70270858	      0.00000000	    173.62836110	  14634.57009985	  82757.55252716	   1652.79710458	 315371.97308439
      0.05500000	 175042.99734324	      0.00000000	 122191.98073727	    298.13897310	      0.00000000	   5349.62065666	 111978.20432597	    -11.01264445	 182904.28556012
      0.05600000	 215045.50265122	     77.58481388	 129747.50854636	    831.90911131	      0.00000000	     39.45201941	 123571.17842547	    -11.01264445	 201791.72061050
      0.05700000	 192260.17390605	      0.00000000	 120407.95594277	      0.00000000	    342.64602630	   5880.23795929	 112201.34915707	    -11.01264445	 236190.12196834
      0.05800000	 160385.54777561	      0.00000000	 122609.44281283	      0.00000000	    168.99926582	  14760.06819752	 120673.38016548	    -11.01264445	 288210.07019197
      0.05900000	 180900.02177294	     11.54766299	 117158.53198516	     -0.00000214	    156.19115344	   5055.87902552	 101757.88849896	    -11.01264445	 179924.19349627
      0.06000000	 144310.04081163	      0.00000000	  91604.68184766	      0.00000000	    127.80665785	  17826.20167655	  67926.00723841	   3016.33922371	 300576.85396103
      0.06100000	 160803.72335228	    199.77015544	 134413.47528263	      0.00000000	    357.36077032	  11430.57078668	 137069.04396257	    -11.01264445	 270683.10547904
      0.06200000	 131504.99810143	      0.00000000	 133016.18286568	      8.37467048	     76.76310699	  17902.92255606	 133150.49946461	    -11.01264445	 253448.98027916
      0.06300000	 161261.98471767	     76.51350865	  99945.96559184	     65.96226387	      0.00000000	  10046.09837870	  76266.29545482	   3801.26019654	 242188.55154547
      0.06400000	 145884.46899414	      0.00000000	 116780.55433167	    279.71280369	      0.00000000	  16421.79182897	 107125.90830001	    -11.01264445	 262154.51498870
      0.06500000	 202029.61840211	     -0.00452785	 126889.33974765	    564.94040345	      0.00000000	    889.56057927	 120455.80123131	    -11.01264445	 208314.52913001
      0.06600000	 217381.22070099	      5.48597225	 109087.88210234	      0.00000000	    296.36379449	    -13.92168625	  86466.03798557	    -11.01264445	 199562.12286925
      0.06700000	 169041.73261283	     69.28345428	 125503.24451929	    242.93140228	     -1.85371997	   8432.77660887	 117108.92474823	    -11.01264445	 216500.20362778
      0.06800000	 195608.46170472	      0.00000000	 117780.13421872	    737.83699085	      0.00000000	   6017.76342704	 114163.40488801	    -11.01264445	 293989.32825010
      0.06900000	 196312.90213036	    111.08941905	 108403.50980394	      0.00000000	     81.31077528	   4846.32559541	  93039.48277392	    -11.01264445	 287163.61373795
      0.07000000	 214795.87372892	      0.00000000	 103138.43687556	    756.46384574	      0.00000000	   1357.73722392	  82726.39647863	   2931.11990802	 246847.27742436
      0.07100000	 199069.20225723	      0.00000000	 131757.61255286	      0.00000000	    529.98388796	   4773.42927553	 135663.89895732	    -11.01264445	 279849.43047679
      0.07200000	 192549.51285116	    126.12964040	 111123.69212916	    406.83323109	      0.00000000	   5731.95809654	  98537.95913226	     -7.90708746	 271919.23180639
      0.07300000	 193179.10931102	    109.13779134	 111013.54959890	      0.00000000	    645.17363790	   4013.34689977	  94537.30991117	    460.24294818	 222786.56768104
      0.07400000	 178134.83559055	      0.00000000	 132582.97610769	    204.32238953	      0.00000000	   5237.10583815	 128916.01147867	    -11.01264445	 187491.84649500
      0.07500000	 177073.22553284	      0.00000000	 124190.34310751	   1515.69400456	      0.00000000	  12067.86553873	 131598.34896171	    -11.01264445	 312557.59567244
      0.07600000	 195898.65826622	    161.28186082	  99766.54668944	      0.00000000	    759.59683592	   5192.82610767	  77371.31642297	   3053.57751450	 262861.52389973
      0.07700000	 151721.89499734	      0.00000000	 107808.73726188	      0.00000000	    419.37082398	  13172.95819809	  88208.41963333	    448.85243182	 233797.24522360
      0.07800000	 158774.33594005	    129.63979412	 128025.51909524	    785.23268420	      0.00000000	  13628.11618726	 125926.44657700	    -11.01264445	 278651.36126599
      0.07900000	 212652.64868432	     24.24788792	 106586.72008205	    800.73842939	      0.00000000	    471.38404265	  83482.86485642	    393.83291884	 210856.98593798
      0.08000000	 204980.93095142	      0.00000000	  96825.95803930	    296.00047114	      0.00000000	   3082.09818059	  69514.17336026	   3184.77361083	 252067.86712947
      0.08100000	 195240.13255487	      0.00000000	 132996.94395730	      0.00000000	   1023.35091827	   4825.49273723	 133273.63101898	    -11.01264445	 266470.63349274
      0.08200000	 130334.01251800	     63.27633608	  97711.76046353	    477.86024662	      0.00000000	  20238.53499905	  83363.34058441	    693.32477167	 314503.50548540
      0.08300000	 189613.47395973	    204.76522510	 127684.91607209	      0.00000000	    130.80675085	   4407.74419533	 123558.31971023	    -11.01264445	 205291.56278982
      0.08400000	 180155.49021434	      0.00000000	 104132.87436890	     65.39108295	      0.00000000	   3867.90117614	  79160.87312600	   1367.92028280	 178977.47328469
      0.08500000	 216180.35633931	      0.00000000	 120874.18175553	    918.94416340	      0.00000000	    511.24690235	 111984.20911075	    -11.01264445	 216270.35052010
      0.08600000	 164212.13116878	    107.16892121	 114646.12049886	      0.00000000	    490.88573060	   8961.36322077	  97304.27214142	    -11.01264445	 190750.87941572
      0.08700000	 204835.55134472	      0.00000000	 133157.39086090	    980.63456578	      0.00000000	    722.03661542	 129027.12066551	    -11.01264445	 195769.08401886
      0.08800000	 171171.58365035	    100.13840845	 116003.79102115	     -6.38213672	    162.93649670	   9379.97794411	 103432.96835581	    -11.01264445	 227555.74686758
      0.08900000	 200149.36601369	      0.00000000	 121875.61282915	    311.53570398	     38.83938535	   2182.05744932	 113686.34524397	    -11.01264445	 236130.77268081
      0.09000000	 155842.13494505	    153.15210898	 124157.99129911	      0.00000000	    614.65290186	  13631.24859329	 126423.22766873	    -11.01264445	 297911.19627312
      0.09100000	 149711.36138299	      0.00000000	 134738.49603012	    520.50883818	      0.00000000	  12320.13607099	 134737.65412068	    -11.01264445	 201580.76726923
      0.09200000	 162437.08169790	      0.00000000	  88906.03377512	    431.47632652	      0.00000000	  13465.13128967	  66974.30390950	   2222.88543993	 318133.60788106
      0.09300000	 142300.79646010	     88.04315137	 122913.09751777	      0.00000000	    762.29610560	  17162.81929536	 120637.89477041	    -11.01264445	 288443.62997629
      0.09400000	 131469.25774378	     -4.20165498	 108107.32154100	   1749.13267875	      0.00000000	  19516.15649689	  97991.36396758	    665.30617515	 290929.58397430
      0.09500000	 190503.36974763	     20.54542033	 117898.66949018	    171.72181227	      0.00000000	   7979.91417138	 116037.83443682	    -11.01264445	 307018.18776721
      0.09600000	 162749.59471193	      0.00000000	 107744.12473085	      0.00000000	    462.10944683	  13302.83169826	  93342.13459531	    762.23673502	 273702.95797738
      0.09700000	 178878.84685195	    136.53740969	 113978.58068871	     -5.73794325	      6.08015151	   8437.48405818	 102135.15980463	    -11.01264445	 283770.25551119
      0.09800000	 173500.38644211	     99.40761174	  99388.73172953	    -22.49712345	    160.59515228	   8132.41843977	  74394.70440645	   2976.28685340	 245533.79345523
      0.09900000	 193988.28882334	      0.00000000	 120341.31174124	    932.44669212	      0.00000000	   3833.43643608	 110964.67339703	    -11.01264445	 246957.92357135
      0.10000000	 181572.80394051	      0.00000000	 112330.99589833	      0.00000000	    461.04069636	   9682.33439612	 111050.43952490	    -11.01264445	 311972.65746720
      0.10100000	 145259.64995175	     60.05980679	 113267.76141362	    558.79693044	      0.00000000	  16435.41322400	 100263.11412948	    -11.01264445	 269438.10556327
      0.10200000	 203403.86018249	     17.14754434	 120882.79572220	      1.98263308	     21.43538143	   2166.49185573	 108453.89730923	    -11.01264445	 222460.52500607
      0.10300000	 117966.90100035	      0.00000000	  99469.51046529	      0.00000000	    780.36155302	  23907.66304520	  87141.57651406	   1819.63460685	 309134.85182494
      0.10400000	 163409.75710107	      7.23485980	 121127.05426786	   1551.47094767	      0.00000000	  12638.79372025	 122760.51715857	    -11.01264445	 304886.16719359
      0.10500000	 204654.48757670	    243.34127263	 102607.68946447	      0.00000000	    561.30315794	   2245.12841424	  78336.46124855	   1201.65949026	 238941.39713639
      0.10600000	 151036.21924635	      0.00000000	 129833.98566415	      0.00000000	    474.41980245	  12411.81555721	 126694.09596044	    -11.01264445	 249712.27713199
      0.10700000	 142798.09384705	     -0.00021063	  94391.96829730	    579.90749820	      0.00000000	  17076.34957251	  69952.92415222	   1318.68813281	 296487.00386356
      0.10800000	 180980.86395421	      5.29194428	 124644.34703163	    640.04779332	      0.00000000	   5661.96373216	 120140.84186236	    -11.01264445	 237434.16776451
      0.10900000	 187962.69618080	      0.00000000	 108617.26499715	      0.00000000	    291.23970024	   6371.04836954	  94954.35322579	    -11.01264445	 286015.80209234
      0.11000000	 149519.71658638	    240.63027092	 124163.42132325	      0.00000000	    459.23712568	  11416.80249292	 117496.07501934	    -11.01264445	 203968.51356475
      0.11100000	 180207.77985006	      0.00000000	 117492.18722881	   1346.55657685	      0.00000000	   6001.03768435	 102541.45093266	    -11.01264445	 209250.03510116
      0.11200000	 209021.84311548	      0.00000000	  99258.63240459	      0.00000000	    119.87619645	    851.88575204	  72878.48312375	   3824.90013054	 217856.35305214
      0.11300000	 159772.18275669	      0.00000000	 104996.23885842	      0.00000000	    497.82647962	  15029.19500757	  98577.90955627	    -11.01264445	 326047.71172288
      0.11400000	 128519.21350547	      0.00000000	 127635.23931903	    198.14339800	      0.00000000	  21679.42946860	 136399.47846258	    -11.01264445	 311891.68246221
      0.11500000	 194730.48516604	     84.94924594	 123224.68895906	    700.06332264	      0.00000000	   4681.34617269	 116964.75850378	    -11.01264445	 264712.93122376
      0.11600000	 185933.01694392	    100.71522077	 100803.24550010	      0.00000000	    695.95744906	   7835.98698525	  77434.77868530	   2400.19630662	 250909.24847886
      0.11700000	 188703.86394382	     20.21411633	 132679.81794958	    965.85913672	      0.00000000	   3160.94579380	 129960.58611088	    -11.01264445	 190899.18601263
      0.11800000	 203735.32780846	      9.84845517	 120943.03047923	      0.00000000	    102.40637240	   4636.66364075	 118672.89414721	    -11.01264445	 292252.90638109
      0.11900000	 171239.13817375	     28.96743673	 104220.39159041	      0.00000000	    233.63167088	   9283.33922229	  82180.32631699	   1911.21461340	 226305.76934229
      0.12000000	 191137.16524536	      0.00000000	 115045.03283701	    333.72474300	    -10.46374328	   6516.75361451	 106390.16011843	    -11.01264445	 281458.24706613
      0.12100000	 141999.81818100	    212.24579641	  99335.45201655	      0.00000000	    123.73106479	  18727.52226891	  89192.16305686	   1231.73772494	 317624.58853930
      0.12200000	 201322.39487652	    160.99695151	  96542.20232676	    -23.25232653	    209.56984970	    960.07313232	  67549.33697835	   5445.67924935	 185346.28817958
      0.12300000	 139543.73926844	      0.00000000	 127302.99485242	    394.79663530	      0.00000000	  16754.54113232	 127130.82768041	    -11.01264445	 275575.03768040
      0.12400000	 218094.88177504	     38.92128723	  98969.54685545	    774.37039764	      0.00000000	    123.94733339	  74100.91029489	   2391.50617201	 258194.12930999
      0.12500000	 196858.97679138	     30.40537878	 110704.23832502	      0.00000000	   1338.58456553	   2799.14665846	  90453.36128227	    -11.01264445	 196959.56550274
      0.12600000	 121238.28234327	      0.00000000	 121290.93655451	   1054.77395144	      0.00000000	  23290.69502948	 128552.60161956	    -11.01264445	 325175.35696787
      0.12700000	 228666.22944113	     33.92003395	 109879.40630769	      0.00000000	     31.30744136	    -13.92168625	  87949.09138667	    -11.01264445	 197589.61894792
      0.12800000	 171760.10840926	    193.72326246	  99225.32634408	      0.00000000	   1099.45448752	   6217.94559292	  69113.23847854	   1821.41123329	 208747.67669621
      0.12900000	 149769.72064639	      0.00000000	 113565.95359607	   1717.44600938	      0.00000000	  12941.14195999	  96645.85163281	    -11.01264445	 225726.80773364
      0.13000000	 157743.82379852	      0.00000000	 120558.85881921	      0.00000000	    607.43882006	  15243.96379443	 129733.64085841	    -11.01264445	 328981.70865499
      0.13100000	 132102.10939368	     74.28592075	 106482.10482663	    594.79822494	      0.00000000	  18946.41717219	  94283.04808049	    -11.01264445	 304266.82048895
      0.13200000	 179261.02300671	     56.66459258	  98179.99407643	      0.00000000	     -2.42843146	   9458.74492127	  79914.63422425	   1513.17686062	 297796.22110627
      0.13300000	 132362.48568369	     50.26118234	 116001.16908038	      0.00000000	    156.86284895	  19067.09181304	 105270.38918923	    -11.01264445	 277754.62203627
      0.13400000	 199440.71071483	     33.32704661	 117307.10202880	    924.31977352	      0.00000000	   3755.11864533	 111572.71510801	    -11.01264445	 281151.30140719
      0.13500000	 201639.09472131	    108.16589689	 128488.20007291	      0.00000000	    218.76463600	   2511.62534008	 126687.72446850	    -11.01264445	 238127.91839905
      0.13600000	 197111.86625135	      0.00000000	 128886.73451016	      0.00000000	    202.30512984	   2468.57614174	 124699.85475462	    -11.01264445	 206187.95718099
      0.13700000	 163982.36573256	      0.00000000	 114194.43512764	      0.00000000	    -14.46546084	  12764.24133223	 113822.43191202	    -11.01264445	 318185.39780546
      0.13800000	 170360.33868344	    172.48468883	  94185.84408182	    437.55628181	     12.21100025	  11527.96595191	  66661.36039156	   4480.98787419	 263363.42312685
      0.13900000	 172333.74961242	      0.00000000	  96245.05074018	    647.44596523	      0.00000000	   9763.03094308	  65022.30298892	   2380.04416719	 236551.37823916
      0.14000000	 191503.80233451	     27.04037320	 130530.11843348	      0.00000000	    460.14946716	   7383.57226416	 135364.77222269	    -11.01264445	 287108.43705215
      0.14100000	 148466.85970967	      0.55319130	 107027.00147854	      0.00000000	    879.33069684	  12444.69997971	  88165.21139115	   2203.32370838	 220134.43996591
      0.14200000	 155544.34157428	     -4.00185612	 106293.27001650	   1792.66239290	      0.00000000	  13439.95067686	  88521.17048701	    258.24400231	 270597.70465356
      0.14300000	 223777.60979698	    112.67983549	 125732.59455124	     -4.14028345	     83.89872583	    -13.92168625	 119114.63027410	    -11.01264445	 215731.85599581
      0.14400000	 134950.14201606	      0.00000000	 112260.38255786	      0.00000000	    478.09004623	  20970.55906123	 110599.13446091	    -11.01264445	 314813.77023330
      0.14500000	 169220.08450425	     62.15207445	 115148.78558296	      0.00000000	     -0.23329885	  10180.77773959	 101236.77373701	    -11.01264445	 245473.32755457
      0.14600000	 180587.57144553	      0.00000000	  99633.64131593	    679.55002635	      0.00000000	   7074.66033523	  74880.59277435	   1812.13257324	 259327.25912917
      0.14700000	 184314.30800797	     -0.83283008	  91537.08731108	      0.00000000	    344.43794633	   9164.01206023	  72433.38849769	   4179.73840974	 309134.80103769
      0.14800000	 139194.14946450	     59.23364255	 116786.47898430	    602.25740175	     29.44989716	  18031.55591127	 111328.36147410	    -11.01264445	 293696.47820436
      0.14900000	 192177.54795956	     88.46439416	 101382.72842268	      0.00000000	      0.00000000	   5172.85237083	  79683.40588229	   2817.77922437	 254913.19074101
      0.15000000	 186613.02440939	      0.00000000	 114213.13140053	      0.00000000	      8.10036441	   3399.23460752	  98316.41162184	    -11.01264445	 189032.86687744
      0.15100000	 181797.35369850	     -3.41580316	 122581.48491306	    138.68808503	    -19.94932638	   8949.30478815	 126101.16250384	    -11.01264445	 313985.48249233
      0.15200000	 132383.44727749	     54.98148053	 121370.27302492	      0.00000000	    347.65355916	  21548.32063331	 129412.42781261	    -11.01264445	 329939.74209821
      0.15300000	 159538.92677215	     20.33670766	 123552.13261239	    954.14011419	      0.00000000	  13800.79571026	 125652.25543468	    -11.01264445	 293731.97873781
      0.15400000	 180582.50004563	     96.36409860	 101905.57673185	    727.23029337	      0.00000000	   6896.58112990	  76015.33489724	   1973.89516699	 211274.24416311
      0.15500000	 212078.08754226	      0.00000000	 107012.59400215	      0.00000000	    517.92947875	    334.38780997	  84173.79293859	    449.32399994	 200010.47581725
      0.15600000	 125173.04928776	     75.69733805	  95567.91219711	      0.00000000	    610.22467472	  20543.24326612	  69361.06358221	   1323.09351939	 286732.99910503
      0.15700000	 177376.99296030	     -0.47958561	 101246.99098343	   1110.41066920	      0.00000000	   5313.21137107	  73656.19884277	   1266.45563784	 221474.26124690
      0.15800000	 170099.59216882	      0.00000000	  93144.80543535	    -17.08945215	    132.31859204	   9536.48796805	  61510.67206691	   3804.39880544	 250204.94547217
      0.15900000	 167070.18314565	     49.84734187	 111745.36145374	    166.40081428	      0.00000000	   9626.20360083	  94835.29907785	    -11.01264445	 231167.68113285
      0.16000000	 156112.09662943	      0.00000000	 100734.99518566	      0.00000000	    271.02863386	  16267.88288679	  96604.08098172	    514.65307662	 331833.04695918
      0.16100000	 166436.01867234	    114.33512488	 126244.19004134	   1029.49585696	      0.00000000	   9383.80921772	 123044.37743882	    -11.01264445	 260496.21829369
      0.16200000	 210016.79047694	     98.69624720	 110698.11242516	    264.89081071	      0.00000000	    620.08444420	  93819.18147264	    609.56588445	 217463.90783573
      0.16300000	 180254.26371377	      0.00000000	 106727.14138077	     32.33452532	     -8.74766007	  10539.11170246	 103672.34805503	     -9.92535437	 320767.33244697
      0.16400000	 170178.30218581	    251.63501614	 102002.24814383	      0.00000000	    604.11842221	  12247.84528464	  82887.96457720	   1771.44515790	 277638.28457162
      0.16500000	 183026.37956449	      0.00000000	 124576.45761290	    281.57763662	      0.00000000	   3469.49109908	 115414.54496792	    -11.01264445	 207416.83390004
      0.16600000	 179012.39839425	      0.00000000	 121697.20530792	    291.93213680	     45.02452638	   9600.97185390	 122652.78837930	    -11.01264445	 308747.95986505
      0.16700000	 135406.45743394	    157.22121785	 109336.37724221	      0.00000000	    968.95687345	  15844.46267735	  88962.95684595	    -11.01264445	 232119.98692120
      0.16800000	 122674.93447042	      0.00000000	  87429.80425915	   1779.22492691	      0.00000000	  22520.67426828	  63265.93379731	   5412.81596710	 305133.47223032
      0.16900000	 193159.24898381	     36.01109943	  95367.47416441	    473.56541180	      0.00000000	   5958.06344340	  70800.63118172	   4838.45314717	 271169.74099902
      0.17000000	 177034.92958850	      0.00000000	 117168.46422846	      0.00000000	    807.31709042	   7820.65736531	 105755.92100763	    -11.01264445	 240142.59546049
      0.17100000	 129081.77745838	    156.74914369	  97659.82776927	    556.18831987	      0.00000000	  20764.72148649	  80258.46981641	   2386.98697413	 298660.38440755
      0.17200000	 186366.66369603	      0.00000000	 118978.21856089	    961.43922735	      0.00000000	   7260.36870033	 111463.91412590	    -11.01264445	 266473.63331116
      0.17300000	 200443.04670846	      0.00000000	 115326.31425442	      0.00000000	     -4.47190737	   4119.45538148	 106474.29496826	    -11.01264445	 283283.30309241
      0.17400000	 172234.73702155	     16.19811394	 109848.67059113	      0.00000000	    609.57230184	  12451.97171618	 108638.62280685	    -11.01264445	 317916.10470426
      0.17500000	 159985.51269784	     -5.14135676	 121848.14563966	    354.04850667	     -3.20326878	  11843.61127140	 114794.38630475	    -11.01264445	 246273.24852615
      0.17600000	 176866.85440595	     97.78787349	 114229.80951014	   1412.22182759	      0.00000000	  12417.35548793	 118835.85662236	    -11.01264445	 326671.63430081
      0.17700000	 200558.16444598	      0.00000000	 110799.17583841	      0.00000000	   1000.87979937	   3871.62254412	  95810.22556624	    -11.01264445	 271477.82879133
      0.17800000	 148164.29839004	      0.00000000	  91642.65360679	      0.00000000	    517.16495559	  15227.06219608	  72933.33530545	   2990.98600945	 313767.08366302
      0.17900000	 118290.51550317	     12.81954624	 123282.05826621	    607.11418750	      0.00000000	  24149.02175962	 131782.58306628	    -11.01264445	 319408.02965706
      0.18000000	 163106.63662215	    203.26432387	 128601.22164162	      0.00000000	    194.57453983	  10239.11972814	 125118.76737522	    -11.01264445	 221337.51242040
      0.18100000	 134644.46721560	      0.00000000	  89718.55073579	   1095.35972409	      0.00000000	  19547.64563166	  65497.53185895	   3037.48888133	 306044.55856891
      0.18200000	 178823.73199475	    153.61963438	 114026.72586085	    106.94892418	      0.00000000	  10570.69835710	 106048.44139608	    -11.01264445	 294978.68319406
      0.18300000	 195789.15039189	      0.00000000	 107374.25702588	      0.00000000	    104.59139174	   2832.16842041	  88323.28944866	   2149.85735828	 210134.41481538
      0.18400000	 166555.42153433	      0.00000000	  82261.41808973	      0.00000000	    360.02083287	  13321.45199715	  61869.35041057	   4401.67801243	 334530.74256698
      0.18500000	 125523.24905416	    107.14812798	  90867.03207281	      0.00000000	    790.79367858	  20189.37896682	  61459.43615884	   2710.94874303	 289147.58872318
      0.18600000	 136225.69549538	      0.00000000	 116118.95046746	   1165.17961239	      0.00000000	  16391.12988321	 105602.58142334	    -11.01264445	 248077.68965108
      0.18700000	 196796.82076839	     66.97716887	 104718.76997921	   1057.46894626	      0.00000000	   2858.99626317	  79974.38925224	    246.35055726	 232748.91016456
      0.18800000	 195603.72902143	      0.00000000	 120237.76127899	      0.00000000	     83.77962615	   5091.64641161	 112650.42029480	    -11.01264445	 276875.12393027
      0.18900000	 171359.69508346	    154.48694566	 109535.64516785	      0.00000000	    682.29436862	   9598.30099588	  91510.10071160	    299.31987326	 231077.42145984
      0.19000000	 152316.67396056	      0.00000000	 123876.39417643	    165.42772373	     10.37001928	  12328.42489646	 116544.96460633	    -11.01264445	 239604.83237003
      0.19100000	 133419.96698488	      0.00000000	 116056.69328576	    208.20013673	      0.00000000	  21453.36488621	 124998.44279485	    -11.01264445	 336959.54543215
      0.19200000	 172108.01270267	    138.68523143	 115651.32365771	    585.11257554	      0.00000000	   9950.91487408	 110065.61305969	    -11.01264445	 298913.15168310
      0.19300000	 169564.22371255	      0.00000000	 104145.30480412	      0.00000000	    294.83034671	  11680.28888005	  87721.61430439	   1081.92598614	 282762.88715419
      0.19400000	 173286.86808932	      0.00000000	 128544.82606466	    257.93215534	      0.00000000	   8167.01034850	 127288.53484814	    -11.01264445	 252486.29330298
      0.19500000	 209540.17810696	     17.50749452	  96851.44301548	     -1.05367615	      0.00000000	   1801.53880736	  69908.58181849	   2678.73699683	 260784.84264674
      0.19600000	 179583.45727132	     34.31051375	 111266.54873696	      0.00000000	    779.65896055	   7489.59307691	  96130.25628390	    -11.01264445	 264897.30986426
      0.19700000	 129481.21746467	     25.56890189	 108115.71916309	     43.37979109	    -16.77545513	  20506.08801653	 100046.50629017	    -11.01264445	 305296.74463673
      0.19800000	 182686.72975691	      0.00000000	 109674.46654541	    257.37211871	      0.00000000	   4238.07024025	  92457.55391454	   1603.16683332	 206619.97979442
      0.19900000	 177663.08529254	    108.67039105	  96889.29066122	    574.56231157	      0.00000000	   7853.77582316	  67813.44308347	   4025.12655226	 218887.23089171
      0.20000000	 172193.03912575	      0.00000000	  93734.10691018	    599.60910919	      0.00000000	  12063.10596375	  79136.46380929	   1440.29022856	 323049.04722874
      0.20100000	 201735.68216382	     59.30386691	 105489.90415285	      0.00000000	    -11.71117557	   3639.20043084	  91988.54645804	    -11.01264445	 297220.72972077
      0.20200000	 205790.65638896	      0.00000000	 117255.93782159	     15.19780858	     83.67923744	   1284.89380969	 102317.41942157	    -11.01264445	 217827.08820963
      0.20300000	 162890.45834038	      0.00000000	 112096.05825564	      0.00000000	    608.26644594	  14029.17827497	 105820.34884162	    -11.01264445	 308952.54261554
      0.20400000	 170445.46036815	    146.89338351	 119697.35698611	   1078.30181402	      0.00000000	   9312.27272313	 111778.20602785	    -11.01264445	 253783.97501740
      0.20500000	 205009.31960979	      0.00000000	  93585.43352854	    359.32352768	    144.04822506	   2932.17636621	  60862.59851434	   3983.25906495	 231075.96961398
      0.20600000	 118686.46303181	      0.00000000	  88734.91822372	      0.00000000	    431.38159338	  24358.92724602	  73601.46986285	   1789.74406389	 335746.72210102
      0.20700000	 171695.12292976	     56.68232963	 102856.57691090	     -4.20352739	    -18.30409407	   8972.71269773	  78328.77650189	   1609.87453720	 222615.16207388
      0.20800000	 136377.05866063	      0.00000000	 106625.45860149	      0.00000000	    399.41576003	  16407.91125138	  90583.49054489	   1029.10994020	 268260.73883218
      0.20900000	 157630.28520782	    118.89993239	  93188.99289351	    760.68874757	      0.00000000	  14221.27675941	  65456.35465127	   2582.40303975	 284881.50429140
      0.21000000	 175977.61648843	    101.90777225	 126672.83710624	    185.80048287	    228.34016949	   7213.68462342	 119422.38686631	    -11.01264445	 216097.81670489
      0.21100000	 154721.52645763	      0.00000000	 100855.81744344	    736.91781596	      0.00000000	  14881.12043708	  79997.12751895	   1708.09365935	 276198.46775827
      0.21200000	 174462.36688324	      0.00000000	  91861.55914347	      0.00000000	    405.17289443	  10468.91604304	  67136.12130720	   4140.14953092	 291910.35315941
      0.21300000	 107503.91634954	     11.95949404	 102736.10656463	      0.00000000	    321.34082746	  26884.00734562	 105889.54962974	     97.19682702	 346314.39824016
      0.21400000	 153999.21579157	     47.83461752	 120532.42790939	   1154.81558049	      0.00000000	  15557.10597757	 120843.22717505	    -11.01264445	 307236.30364340
      0.21500000	 204247.20985918	      0.00000000	 128604.63656737	     60.53921583	      0.00000000	   1802.65255852	 127355.83038484	    -11.01264445	 250536.03087265
      0.21600000	 165712.94777893	     71.15879679	 110019.79007098	      0.00000000	    378.27682562	  13695.07472377	 108730.41293415	    -11.01264445	 323409.39934627
      0.21700000	 167567.97280122	      0.00000000	 104351.41912112	      0.00000000	     54.37328890	   9587.88057988	  83893.42992146	   1679.34549300	 246030.75666567
      0.21800000	 167642.97251444	      0.00000000	  80692.64215605	    832.46433577	      0.00000000	  13163.73021878	  57606.86310098	   4745.49272201	 332225.28342198
      0.21900000	 170230.45298878	    232.03410762	  99185.12174118	      0.00000000	    512.62192594	  12669.65887055	  90349.84430785	    913.55500514	 322701.29757510
      0.22000000	 151265.23947168	     90.40975915	 100137.97734682	    264.55657072	     -6.51218824	  14639.21529096	  79600.13522264	   3576.91232541	 269435.64054241
      0.22100000	 178831.58010677	     59.62460985	 123254.13961817	      0.00000000	    179.80142548	   7667.22859467	 114321.00256098	    -11.01264445	 239435.37987225
      0.22200000	 163317.41282788	      0.00000000	 129588.71032826	      0.00000000	      0.00000000	  10582.07298698	 129981.96359881	    -11.01264445	 258295.79984110
      0.22300000	 133942.85634477	     -2.22529342	  85926.38024941	      0.00000000	    416.49202564	  21206.57970608	  73180.67949144	   4859.68280165	 340126.84077713
      0.22400000	 124258.44574169	    155.86826151	 108667.91607024	    750.19734559	      0.00000000	  20484.31567798	  98202.65941107	    394.72815349	 289174.62552622
      0.22500000	 180458.21645171	     -0.84284640	 115335.21839287	    813.66063028	      0.00000000	   9598.34312604	 115887.96093798	    -11.01264445	 315593.73497061
      0.22600000	 164130.91985778	     -5.03619281	 117931.41693611	      0.00000000	     -7.12618015	   9865.56752345	 105368.73037887	    -11.01264445	 229189.16382028
      0.22700000	 205306.87146448	      0.00000000	 118429.93939353	      0.00000000	      0.00000000	   2402.53655679	 107966.74247241	    -11.01264445	 261706.05811028
      0.22800000	 145419.14939963	     49.82967613	 102900.45253233	      0.00000000	    153.05414959	  17975.11646773	  89620.51346573	     33.98547316	 304676.80264971
      0.22900000	 187063.70837307	      0.00000000	 122245.25018902	     -8.54353995	     14.27967161	   7494.49267387	 122184.13493195	    -11.01264445	 292812.50362658
      0.23000000	 144513.84201260	    107.75695222	 102338.03288145	      7.43461148	    -12.42132303	  16639.07286614	  83068.41114003	   2573.77071061	 267508.69454593
      0.23100000	 204997.18158370	    157.85845172	 111966.04138943	     35.94214434	     57.38603111	   1610.39217203	  97420.49793819	    -11.01264445	 256662.65652151
      0.23200000	 150684.42710027	      0.00000000	  93040.96605486	      0.00000000	    697.85111771	  12303.92257739	  58371.74034135	   3703.86997278	 223345.48076484
      0.23300000	 137031.42719305	      0.00000000	  83131.73203971	    906.99617715	      0.00000000	  20453.70209964	  62292.64693920	   5175.89799885	 328375.49560278
      0.23400000	 168890.48942119	    147.97381346	 120099.16504463	    297.12504951	      0.00000000	  14019.61929834	 132361.85706230	    -11.01264445	 336771.25051069
      0.23500000	 176982.73162550	      0.00000000	 105709.37405971	      0.00000000	    761.64869783	  10305.43858061	  90563.95658910	   1531.28793667	 277493.61252985
      0.23600000	 117592.50203066	    149.07417324	 114048.12402446	      0.00000000	     35.64432777	  23314.66818955	 114654.65511693	    -11.01264445	 316128.41281469
      0.23700000	 176104.90579219	     79.44593830	 124886.86778094	      0.00000000	     -6.06983249	   6886.06021040	 118754.79058739	    -11.01264445	 236235.20417290
      0.23800000	 108063.06990246	      0.00000000	 115955.65757196	    327.85217310	      0.00000000	  26522.83886433	 126863.28676364	    -11.01264445	 343496.85622662
      0.23900000	 174090.03960785	    120.79355232	  77510.94749341	   1302.82678630	      0.00000000	  13060.06419741	  56847.25474137	   5382.84664163	 344666.19700950
      0.24000000	 207891.64029929	     62.65375014	 115077.36729174	      0.00000000	    899.51808433	   1639.24486999	 100676.08053864	    -11.01264445	 250213.15919228
      0.24100000	 131644.20206860	     92.32743128	 103970.97199785	      0.00000000	    431.53456078	  20198.77652176	 100498.43011855	    525.14713691	 324501.84161681
      0.24200000	 148258.81285068	      0.00000000	 105110.68484511	    732.74644170	      0.00000000	  16269.03723135	  91449.76317151	     29.48469636	 295443.96208305
      0.24300000	 157651.70157911	      0.00000000	  87340.03869506	      0.00000000	    529.76675810	  14477.81673728	  65075.98294459	   4528.71855540	 313591.25796975
      0.24400000	 123938.25576359	    216.96598455	 117430.48419739	    550.99880653	      0.00000000	  21431.57884965	 114635.37328268	    -11.01264445	 299088.50830675
      0.24500000	 200011.62626905	      0.00000000	 102830.73080699	    468.05316086	      0.00000000	   2029.17242687	  77354.00862319	    546.01114124	 241600.32567893
      0.24600000	 144505.36721366	      0.00000000	  87204.70608276	      0.00000000	    204.77356554	  18918.75562817	  71476.93570963	   3219.00576755	 334066.77021319
      0.24700000	 192314.32434537	    204.51467936	 116791.58018633	      0.00000000	    107.83236682	   3761.11536904	 107063.47120594	    -11.01264445	 244413.50316264
      0.24800000	 140542.39960395	      0.00000000	  96173.30382654	      0.00000000	   1015.21653971	  16568.67148158	  69276.57608826	   2251.87409228	 272271.79339390
      0.24900000	  96998.24125801	     -0.00080381	  90961.09334392	   1649.10755071	      0.00000000	  29247.55254892	  86245.30054565	   1765.04348525	 352364.26832766
      0.25000000	 195851.20573202	    184.81746709	  99545.74569174	    700.90620639	      0.00000000	   5268.51363271	  77602.69595540	    807.56731198	 286135.85590339
      0.25100000	 174930.70041165	      0.00000000	 113093.59619144	      0.00000000	    357.43997270	   8765.68250653	  98431.01571890	    -11.01264445	 244615.35983351
      0.25200000	 177721.32039532	      0.00000000	  99638.59992752	      0.00000000	    271.09857327	   8170.34451234	  74047.18133826	    971.34194959	 266398.39107914
      0.25300000	 130180.66232064	      0.00000000	 114347.65089279	    424.98906720	     -3.46456781	  20910.81737456	 116594.62162154	    -11.01264445	 329972.53206040
      0.25400000	 167711.11417116	    165.26366828	 107238.50462734	   1246.24687088	      0.00000000	  14424.99728718	 110928.59079418	    -11.01264445	 339000.62721767
      0.25500000	 186104.75337780	    152.87190971	  99528.03927138	      0.00000000	    747.14077979	   8689.90908490	  77876.51994710	   1801.38441881	 280782.53617507
      0.25600000	 173785.42150852	      0.00000000	 119118.78943811	      0.00000000	    512.17011920	   7244.24724511	 109627.82563815	    -11.01264445	 235041.58537953
      0.25700000	 123265.37584594	      0.00000000	  85721.98676173	    656.85090055	      0.00000000	  21618.36642148	  57311.97028155	   7409.36054088	 292164.39538045
      0.25800000	 146585.80382821	      0.00000000	  97197.41527595	   1504.75151259	      0.00000000	  18944.42143343	  94752.33904176	    240.72654620	 346693.80455030
      0.25900000	 162503.97551246	    109.48841580	  93549.79072648	      0.00000000	    494.12894289	  16576.35006498	  92062.18613497	   1858.06101584	 352942.79721489
      0.26000000	 120284.95975911	      0.00000000	  97081.91972444	      0.00000000	    710.69475224	  22844.06871234	  81220.93498226	   1071.69158808	 310586.71909898
      0.26100000	 156812.26667014	     81.93838737	 103248.22009934	   1236.33966351	      0.00000000	  14185.50183573	  98548.06878996	    178.60825683	 324927.29012823
      0.26200000	 219741.66264478	    127.37529467	 121312.34508209	    330.60276970	    102.80396712	    106.97688097	 111277.98036458	    -11.01264445	 228959.27079221
      0.26300000	 167887.83803376	      0.00000000	  92578.33363321	     -1.37246071	     63.58870050	  10201.89481194	  61106.51990212	   4581.27420206	 247622.97951866
      0.26400000	 181169.38352234	    125.10308543	  84544.42662954	      0.00000000	     11.41677529	   9796.05233362	  64009.93223132	   2640.47224988	 333707.72877133
      0.26500000	 127959.26621442	     56.40466028	  86805.55959117	      0.00000000	    745.39362927	  20908.82161562	  61192.43899975	   6570.15255081	 299356.05871278
      0.26600000	 150588.99488469	      0.00000000	  91761.58821320	    839.56130875	      0.00000000	  14929.68939206	  70480.20033661	   3471.62653194	 304741.45173740
      0.26700000	 126644.31944958	      0.00000000	 112360.01410010	      0.00000000	    456.17816682	  22026.10821026	 118338.60165427	    -11.01264445	 343996.67359711
      0.26800000	 135174.65129228	    174.38316299	  92773.61031645	    782.03520578	      0.00000000	  19881.47429526	  78862.61878830	   3338.24951682	 321557.31726311
      0.26900000	 164293.39338546	      0.00000000	 105869.98832010	    266.84700466	     -2.18032498	  13323.24210801	  90577.13766577	     22.20708549	 287767.60919835
      0.27000000	 130691.35717296	     70.73307765	 112120.19844344	      0.00000000	      0.00000000	  22503.18052444	 125701.69426291	    -11.01264445	 358113.23062522
      0.27100000	 198848.56906785	    112.46606742	 114011.38666218	    429.98840993	      0.00000000	   3279.48161394	 100841.76742714	    -11.01264445	 261852.54737567
      0.27200000	 179702.70959582	      0.00000000	  94102.55394508	      0.00000000	    341.31806247	   7757.56734441	  67740.78424980	   4356.87673162	 273329.11700561
      0.27300000	 144400.70483099	     31.74718628	 115000.51671842	      0.00000000	    457.11566410	  17420.79407823	 115718.76424468	    -11.01264445	 316611.20880819
      0.27400000	 139683.79016759	     55.26885268	 107442.49900341	      0.00000000	     34.18328368	  15067.03727553	  90471.36973674	    926.49581518	 254380.26003117
      0.27500000	 146981.89644609	      0.00000000	 127096.31893944	   1450.30637806	      0.00000000	  16863.99167566	 125100.98136329	    -11.01264445	 276323.28853220
      0.27600000	 152865.54886349	    101.49529705	  97609.31849209	      0.00000000	    633.92232182	  15439.66921875	  75632.54296889	   4160.99955993	 275711.78305220
      0.27700000	 148509.84178537	     24.70648717	  89361.42093989	   1017.22957236	      0.00000000	  15690.53146892	  68400.36260359	   4426.46155788	 310571.96770512
      0.27800000	 155184.73595205	      0.00000000	 102236.99816547	    167.45365701	    113.08579693	  17951.31939112	 107173.85248072	    -11.01264445	 354905.34890912
      0.27900000	  97595.62490564	    210.51246973	  96887.28668942	      0.00000000	    360.86668681	  30168.75099102	  99066.09109653	    -11.01264445	 364677.15262297
      0.28000000	 186680.35048163	      0.00000000	  94413.62621316	    814.99064253	      0.00000000	   4650.23449254	  65467.27171858	   4580.18147318	 248344.45445175
      0.28100000	 153541.30996867	      0.00000000	  78434.98874708	    205.41745078	     -2.59694461	  16684.62874540	  54719.77829445	   5086.80209166	 336559.89080880
      0.28200000	 187182.65718504	    121.61558193	  97037.24920516	    695.77393688	      0.00000000	   8201.17785341	  76449.79609076	   1727.71518707	 294360.42894600
      0.28300000	 182693.88179367	      0.00000000	 105025.05627777	      0.00000000	    673.42149999	   8491.88307268	  96537.31061758	    557.12547633	 307038.76389560
      0.28400000	 130430.75762592	      0.00000000	 114732.28222642	     -4.01368041	    106.09806194	  19858.68871184	 106939.78896492	     30.63823425	 276657.21272321
      0.28500000	 155325.13313959	      0.00000000	 100672.90295211	      0.00000000	      0.00000000	  16250.86857051	  94374.63950069	     42.18768981	 329459.18785649
      0.28600000	 163218.47100058	    157.53957892	 102406.48501346	    177.87096943	    350.74296603	  13681.70557920	  86409.13403315	    -10.95233768	 300975.10504795
      0.28700000	 178515.91095221	     44.14675322	 126874.38477513	   1215.80954748	      0.00000000	   7436.61213958	 122110.28142775	    -11.01264445	 237459.15120472
      0.28800000	 180883.56069206	      0.00000000	 109368.94201591	      0.00000000	    521.87112295	   9698.96634998	 114480.80340834	    -11.01264445	 347369.42652499
      0.28900000	  98256.50246565	     44.10108342	  92658.09000780	      0.00000000	    547.64766617	  28984.88847731	  92782.41330147	   1453.35737963	 359686.72032347
      0.29000000	 152538.10492513	     -1.29189686	 121726.28866851	    576.40624631	      0.00000000	  15350.02496362	 119314.20758431	    -11.01264445	 286854.40152206
      0.29100000	 145496.85775825	     25.10532548	  89510.13382577	      0.00000000	    891.31085431	  15779.54948710	  62999.95273833	   6121.92874180	 288076.29060702
      0.29200000	 134283.88808747	     28.88324057	  90027.36389516	    699.66449546	      0.00000000	  15890.82699723	  56432.00138725	   5787.87130537	 243458.28469729
      0.29300000	 170077.98474536	     34.86766906	 103256.88326979	    175.93979960	      0.00000000	  10730.18308967	  83129.11482984	   1768.76738672	 259516.24269536
      0.29400000	 150958.37774240	      0.00000000	  95644.70006917	      0.00000000	    260.45735473	  13002.58594069	  65492.31913117	   2287.62282170	 254782.48293428
      0.29500000	 169576.62358996	      0.00000000	 110529.20941741	   1154.45199165	      0.00000000	  11527.99630053	 110278.95654021	    -11.01264445	 328221.82562435
      0.29600000	 160893.97604190	     85.15916892	 111017.57034105	      0.00000000	    846.61558859	  14910.27767326	 107721.23122853	    -11.01264445	 316752.69869982
      0.29700000	 125262.85893380	     11.64778420	 129224.31450412	      7.58883862	     90.63682550	  19708.31543133	 130704.84052780	    -11.01264445	 267559.16726930
      0.29800000	 151748.61014630	      0.00000000	 109958.29797095	   1615.60485228	      0.00000000	  17890.65985724	 114130.66454505	    -11.01264445	 339703.80054353
      0.29900000	 183255.92196400	     50.98055334	  99816.01844730	      0.00000000	    685.84471628	   9379.10155811	  91469.10255060	   1100.44913030	 321404.31757863
      0.30000000	 134564.43346724	     63.69004876	  87350.16394202	      0.00000000	    100.16399174	  20595.37174685	  75760.73708559	    950.35365602	 350987.75281268
      0.30100000	 165028.06059908	    116.33207402	 121478.51765270	      0.00000000	    148.11467884	  12053.97324209	 116637.41544738	    -11.01264445	 272394.40787497
      0.30200000	 140012.18784670	     10.22619803	  91330.72191196	      0.00000000	    150.13284973	  16529.21519678	  63296.27682881	   3551.85819081	 286850.11267846
      0.30300000	 172289.25512405	      0.00000000	 118242.42385041	    883.84802884	      0.00000000	   8777.02774352	 109816.74131208	    -11.01264445	 265674.05294011
      0.30400000	 147933.06034055	      0.00000000	 104657.19521154	      0.00000000	    619.10414962	  14916.80655101	  87227.57842776	   2485.40470169	 262214.09562824
      0.30500000	 118635.52778411	     84.71906499	  89367.92207221	    746.39515983	      0.00000000	  25652.19418490	  88587.35284196	    -11.01264445	 373355.53690162
      0.30600000	 174350.93461405	     59.91326016	 105034.69314524	    341.27397001	      0.00000000	  11885.45729638	  92160.58747647	     24.08172975	 298066.86998588
      0.30700000	 143752.26145390	      0.00000000	 112251.59673767	      0.00000000	    557.25460622	  17628.42909751	 111903.71706503	    -11.01264445	 314934.10134550
      0.30800000	 140732.71077598	    163.61707918	 100863.50058139	      0.00000000	    323.01175748	  15472.41690114	  79360.84604167	   3964.12553224	 251708.35696768
      0.30900000	 125490.01079334	      0.00000000	 121199.96687823	    883.99947968	      0.00000000	  20679.63879861	 117602.47952787	    -11.01264445	 275418.52274674
      0.31000000	 186071.13737123	      0.00000000	  83760.99754249	   1209.35800605	      0.00000000	   7899.93665960	  57708.86481166	   3410.87132182	 321004.13626116
      0.31100000	 152114.12468943	     99.33009903	  91917.23877184	      0.00000000	    307.72783484	  15947.93674231	  70202.50520156	   3908.83939164	 301368.79466099
      0.31200000	 174644.71974568	    117.56633650	 104436.85962987	      0.00000000	      0.00000000	  11345.61506150	 100774.19670821	    -11.01264445	 330528.89661772
      0.31300000	 171948.90835947	      0.00000000	 120758.02182589	      0.00000000	    472.39430162	  10308.34571826	 120810.07123213	    -11.01264445	 295317.18716208
      0.31400000	 124786.30542817	     -2.82933571	 120201.78272742	      0.00000000	    501.89905615	  21611.08220780	 123242.49451186	    -11.01264445	 309033.96797088
      0.31500000	 115557.56696015	      0.00000000	  80047.24669910	   1195.95512787	      0.00000000	  26580.91381316	  71524.16674322	   5554.22307316	 363123.30794776
      0.31600000	 174338.48130473	      0.00000000	  92867.72375052	      3.88782669	    339.84794314	  12140.63656186	  80263.20903464	    675.64571594	 334198.70143113
      0.31700000	  93945.46739489	     -2.13279066	  79828.43478696	      0.00000000	     78.95903972	  30181.45334789	  61374.09608273	   3004.45263430	 350659.42661119
      0.31800000	 163801.73019114	     15.79436074	  92819.30132354	   1060.88630122	      0.00000000	  15965.03038144	  94979.25112997	    111.17222716	 368414.64562457
      0.31900000	 157967.12753441	      0.00000000	  87161.34108878	      0.00000000	    495.27949610	  16282.48596208	  78847.47015713	   2956.59031510	 351377.74327082
      0.32000000	 147217.20204210	     76.85014902	 116994.17326069	      0.00000000	    220.67733704	  18621.15718534	 126915.89810088	    -11.01264445	 337574.98867387
      0.32100000	 114007.25186114	      5.37582415	  80045.69061503	    -17.76059220	     31.57540422	  26215.55544983	  68536.82559710	   4292.86005554	 359793.02447127
      0.32200000	 158020.39772695	     -0.41056586	 102633.27105670	      0.00000000	     -9.40893208	  14275.65128893	 103285.27297750	    -11.01264445	 344837.33454788
      0.32300000	 155450.51064650	    198.59056282	 103571.93311090	    872.12890443	      0.00000000	  14918.98103021	  96191.20811795	    -11.01264445	 323062.45758568
      0.32400000	 188651.58552145	      0.00000000	 103940.64175586	      0.00000000	     72.25069593	   6994.27769689	  84855.41779981	    368.37381821	 279964.88804121
      0.32500000	 150696.41697244	     59.65717386	  87840.63391360	      0.00000000	    630.22349442	  13933.95186865	  51942.07340282	   5797.07396807	 249942.59376724
      0.32600000	 123007.92723210	      0.00000000	  80541.62294665	    364.87100747	      0.00000000	  22819.33808886	  57560.88666543	   5673.12796127	 329746.40455532
      0.32700000	 145177.02302543	      9.20503012	 103868.87589346	     -9.77162071	      0.00000000	  16117.40963412	  90532.05287402	    899.83255803	 294593.25989935
      0.32800000	 144707.74529945	      0.00000000	 118018.04693352	     22.94460635	      0.00000000	  17945.95696025	 118339.30259716	    -11.01264445	 304814.23804696
      0.32900000	 131329.04506056	    116.42110395	  79495.45526586	      0.00000000	    242.32296347	  22141.20830953	  70454.82691516	   2491.14592010	 371090.09294260
      0.33000000	 161246.36891937	     56.09387976	 114515.51249538	   1026.19018177	      0.00000000	  12888.86046018	 103198.31388227	    -11.01264445	 275789.44933563
      0.33100000	 169153.33168259	      0.00000000	  74627.58794461	    159.53794665	      0.00000000	  13883.67507601	  63419.63808531	   3962.64361972	 375056.15124030
      0.33200000	 135269.62107495	    102.51213809	 107110.44288366	      0.00000000	    792.81545927	  21309.55099769	 108582.85380832	    -11.01264445	 337750.56792636
      0.33300000	 145874.70108540	    124.00197191	  88241.83284721	   1206.69100706	      0.00000000	  16186.15486238	  67243.12948614	   3513.60118496	 317422.25644521
      0.33400000	 191557.16170677	      0.00000000	 106418.68647104	    628.63530123	      0.00000000	   5803.76485550	  85931.91973120	     -0.54924952	 258892.53500616
      0.33500000	 165589.08196208	      0.00000000	 112332.50702464	      0.00000000	    761.43478625	  13148.84613341	 113865.68109489	    -11.01264445	 322447.95842048
      0.33600000	 125323.82392999	    195.45053081	 110913.71066583	      0.00000000	    155.62220546	  21833.92108973	 112940.60987791	    -11.01264445	 325448.62704820
      0.33700000	 141025.20169438	      0.00000000	 104251.13551229	    371.63612823	      0.00000000	  18805.22255616	  92170.04533089	     -0.83880933	 303686.68197730
      0.33800000	 111985.21273382	      0.00000000	  89641.01227610	    140.73035532	     -4.58437916	  26649.73931727	  83215.10217653	   1646.45446504	 352419.06630725
      0.33900000	 148880.38419611	    311.96752939	 119935.27770250	    897.66213314	      0.00000000	  16950.98771975	 123339.56042167	    -11.01264445	 312376.95974605
      0.34000000	 171242.89819223	      0.00000000	  92163.82690066	    265.43682356	    -17.89833345	  11223.49036533	  63066.94064235	   2714.12867494	 284553.11530470
      0.34100000	 140759.54048969	      0.00000000	  98740.58002765	      0.00000000	    338.77113044	  19886.31759955	  98300.62228669	    332.56524914	 346773.77628055
      0.34200000	 128020.14537506	    105.79340702	 101559.17766528	      0.00000000	     -5.58372792	  22294.65213957	 103146.06130320	    498.51549295	 343902.79165115
      0.34300000	 182982.71527820	     90.80919848	 103712.73656886	    629.36864892	      0.00000000	   7933.91238924	  85572.69260726	   2916.31636449	 261772.93319259
      0.34400000	 163013.73344081	     27.46166944	 123733.58830332	      0.00000000	    964.67376310	  12851.80144754	 118494.43397664	    -11.01264445	 267035.89636934
      0.34500000	  88719.45918580	      0.00000000	  71569.31987201	    267.39261207	      0.00000000	  31397.48913251	  52496.88172643	   4542.54110150	 367183.81803174
      0.34600000	 172386.45371422	      0.00000000	 107945.03766911	   1095.46032447	      0.00000000	  12936.83341765	 117462.38221103	    -11.01264445	 358305.84168475
      0.34700000	 141212.01902493	     25.18106628	  83955.35515204	      0.00000000	    864.00066416	  20543.38161538	  76831.58635507	   3670.13823093	 360473.71960665
      0.34800000	 170421.84693135	    285.18447284	  88516.32116363	    669.44312413	      0.00000000	  10212.76768912	  55627.18109967	   4629.64032575	 277414.02538933
      0.34900000	 190329.23952336	      0.00000000	 111831.88697485	      0.00000000	    530.53999815	   6842.81194852	 104008.18557480	     22.08672367	 289127.00987266
      0.35000000	  87837.19849228	      0.00000000	  82201.82617018	      0.00000000	    815.06447050	  31532.42659605	  81829.29536057	   3336.91250045	 378972.09637069
      0.35100000	 135343.51490579	    173.32559500	 108456.73004647	   1814.60667858	      0.00000000	  19648.28962989	 105160.37302335	     64.89014162	 314120.67691375
      0.35200000	 184980.36173221	      0.00000000	  80934.45791000	      0.00000000	    168.22311295	   9728.17484355	  51093.66234666	   7115.46730352	 306631.05089914
      0.35300000	 164603.60124027	    121.07052705	 106432.71088762	      0.00000000	    917.33996498	  10066.39584237	  91476.79093793	   2124.00848133	 269139.27291780
      0.35400000	 134354.79711242	      0.00000000	 112924.92776775	   1309.54906238	      0.00000000	  19733.68415662	 115111.80988285	    -11.01264445	 320901.12496799
      0.35500000	 177951.86623155	      0.00000000	 109141.58833131	      0.00000000	     20.85137218	  11644.27148358	 115872.77979763	    -11.01264445	 344873.62678944
      0.35600000	 133558.63647783	     66.03921751	 107084.42996309	      0.00000000	    595.02361177	  21355.51755296	 107502.20318280	    -11.01264445	 329697.99186872
      0.35700000	 144882.66150189	     -1.99652330	  84942.74457298	   1232.63230122	      0.00000000	  18331.70994455	  79746.61510897	   1933.73197697	 366215.04784539
      0.35800000	 173081.05442952	    164.67550785	  89850.48931048	    -16.16366024	    209.94426738	  10847.71399215	  62380.30370144	   4106.86165500	 291883.10562641
      0.35900000	 154116.00530554	      0.00000000	  89904.82490782	      0.00000000	    548.39955428	  12995.46449590	  58269.75938689	   5346.67991083	 265723.12360949
      0.36000000	 112414.83876991	     42.41828669	  96054.41815362	    409.90487151	      0.00000000	  25502.76885692	  86977.90099381	    614.18763508	 332846.05723779
      0.36100000	 164508.50687716	    104.47024159	 115531.82932236	   1115.83999007	      0.00000000	  12253.37637249	 105375.97360179	    -11.01264445	 280610.55180999
      0.36200000	 197926.35335642	      0.00000000	  98555.53404714	    145.62510978	     92.07705693	   5489.55487050	  74559.67486419	   1527.09615958	 277869.30157138
      0.36300000	 140638.77949108	     -3.13023744	  96670.64315282	      0.00000000	    314.79611042	  20444.90223334	  92352.31688282	    -11.01264445	 350186.92786116
      0.36400000	 157653.59208617	     43.36752051	  88037.62823322	      0.00000000	     -6.76609639	  15889.39819259	  68685.22926171	   2614.47659972	 325380.48737660
      0.36500000	 128196.91306355	     81.02439635	  86342.59859632	      0.00000000	    241.63490736	  23370.16261366	  82671.30191294	    488.30190386	 371341.83312525
      0.36600000	 121647.40358585	      0.00000000	  76151.34777496	      0.00000000	    442.66212884	  23665.33948505	  60560.38780589	   4070.87601219	 362751.56841902
      0.36700000	 121421.97044564	     -2.87340052	 106344.71892152	   1346.61590426	      0.00000000	  22074.94032024	 100293.50623568	    250.61666951	 311519.89423230
      0.36800000	 161766.06448978	     -4.35364780	  86466.51566543	      0.00000000	     76.82439504	  14377.99791068	  56438.49972008	   3749.99163481	 299905.12933737
      0.36900000	 124686.42628460	      0.00000000	 106244.03553918	    270.61708242	     18.37201901	  24120.31656621	 123833.23380899	    -11.01264445	 379780.10884054
      0.37000000	 145361.02983029	    102.08006999	  84931.05140843	      0.00000000	    115.45074160	  19789.85617238	  74974.94591778	   1985.99914879	 356609.06395752
      0.37100000	 123456.14599028	      0.00000000	  72876.83961118	      0.00000000	      0.00000000	  24470.74186409	  67088.84482775	   4455.76626859	 387245.95468206
      0.37200000	 161875.15268423	    149.57000852	 100721.87405197	   1055.02916532	      0.00000000	  15966.24319941	  99235.79586960	    868.79934538	 337244.25118648
      0.37300000	 135436.16385354	    126.36055292	 121059.71088285	      0.00000000	    925.75136849	  18396.52066389	 119223.03273322	    -11.01264445	 287376.78061396
      0.37400000	 100508.85705923	      0.00000000	 108100.22569138	      0.00000000	      2.24407200	  27904.11193998	 115996.36889953	    -11.01264445	 352487.68243072
      0.37500000	 101272.68992567	      0.00000000	 106042.71618457	    845.54838944	      0.00000000	  29908.45587446	 120879.88268550	    -11.01264445	 375577.63716282
      0.37600000	 144568.11806225	    272.07159819	  72172.07084665	    418.87241648	      0.00000000	  19612.19439923	  55696.69505644	   4893.75351054	 369078.32349153
      0.37700000	 141053.36289518	      0.00000000	  94567.09348183	    386.72963120	      0.00000000	  19171.94687378	  87136.66915882	   2963.37527197	 333861.22813232
      0.37800000	 139089.32463126	      0.00000000	 100734.41490911	      0.00000000	    473.43951732	  22257.40078962	 120778.41431210	    -11.01264445	 392365.58395065
      0.37900000	 114438.66890905	    150.52942369	  71277.64163384	      0.00000000	    274.21295448	  25044.35997873	  61114.30579993	   4789.81658099	 382635.60472206
      0.38000000	 138555.17322237	      0.00000000	  88065.19693420	   1373.99765166	      0.00000000	  20835.17939024	  72736.09167976	   5169.82068026	 327193.65327097
      0.38100000	 179008.39344337	    128.95513408	  82731.12088905	      0.00000000	     67.78443579	   8474.99540745	  49949.70275084	   6586.72251084	 293936.65390714
      0.38200000	 166182.74637624	      0.00000000	  87006.81072335	    177.64611130	    200.43290889	  13515.62070384	  64456.42582052	   4016.98845489	 315836.77102065
      0.38300000	  97358.38389281	      0.00000000	  88182.98246002	      0.00000000	    480.52341643	  30780.85152559	  89878.31288359	    223.09389950	 377999.87613155
      0.38400000	 110294.84986282	    114.04273176	 103271.11956689	    310.22930045	      0.00000000	  27596.51606670	 110766.10350684	    -11.01264445	 359862.76142055
      0.38500000	 131644.40815511	      7.76120373	  87097.16554272	      0.00000000	    204.49978292	  20246.62067562	  62546.12233762	   6857.46899706	 300569.66952844
      0.38600000	 103797.89863324	      1.60764775	  86903.14058682	      0.00000000	    126.15437082	  27837.84399993	  72923.74076554	   3888.84383198	 336980.87091851
      0.38700000	 108616.19134725	     93.83637501	  82804.03778920	    362.55502352	     -2.83808025	  26560.43121335	  72780.06192386	   4518.23498077	 355243.15893365
      0.38800000	 132308.75457000	     -0.07777797	 106173.42068800	    838.44449797	      0.00000000	  20544.40638033	  97607.65430698	    -11.01264445	 311869.86028430
      0.38900000	 160031.19573802	      0.00000000	  97224.93742111	      0.00000000	      6.04169024	  15633.95921882	  94544.01736223	    -11.01264445	 352117.71577674
      0.39000000	 168108.23587325	      0.00000000	 104107.60999006	    520.64476802	      0.00000000	  11372.80234842	  84941.25941353	    278.78481237	 279936.98600356
      0.39100000	 171657.33569350	      0.00000000	 112146.41448148	      0.00000000	    224.53477181	  12162.12819718	 119516.22958678	    -11.01264445	 341994.89764883
      0.39200000	 125479.21240591	    221.42576946	 110415.83399888	      0.00000000	     49.98252668	  23083.08723161	 109964.46515487	    -11.01264445	 320174.45460738
      0.39300000	 190935.39181695	      0.00000000	 106010.18362193	    621.86682881	      0.00000000	   4624.08825584	  88258.42799001	    194.47982358	 274585.99559111
      0.39400000	 110763.85890884	      0.00000000	  94520.31250173	      0.00000000	    889.01193329	  26321.50657353	 100559.45945647	    -11.01264445	 373842.27145855
      0.39500000	 131613.54810358	    237.86344945	  95827.60912984	    516.25009373	      0.00000000	  18676.15448590	  77753.02816703	   1553.86217257	 306698.36960928
      0.39600000	 145158.51999898	     66.31248270	 122151.92803889	    741.84335571	      0.00000000	  17653.07735562	 122055.93489205	    -11.01264445	 291257.89654209
      0.39700000	 125294.08481727	      0.00000000	  89443.17402394	      0.00000000	    611.80523953	  22861.26041309	  77719.21828561	    855.51590275	 345164.20624869
      0.39800000	  90265.17487082	      0.00000000	  93723.99197040	    577.74768314	      0.00000000	  31795.46619061	 102520.31368036	    -11.01264445	 387366.52750115
      0.39900000	 162691.46470517	    180.01523587	 105119.25960085	    648.30828915	      0.00000000	  15813.76256662	 116450.70407775	    -11.01264445	 364328.68314292
      0.40000000	 193270.81726695	     70.03323399	 124842.96123167	      0.00000000	    770.96946656	   4897.95736319	 124089.09865881	    -11.01264445	 283335.25083828
      0.40100000	  98304.30280948	      0.00000000	  99291.22667356	      0.00000000	    440.25490902	  29405.44082943	 115859.35507976	    -11.01264445	 394774.12443379
      0.40200000	 111428.30697243	     58.32333939	  73562.62116640	   1175.40225718	      0.00000000	  27935.67239872	  59384.16478660	   3805.06626792	 372999.10193394
      0.40300000	 150905.18797020	     79.59697994	 103796.86101301	    739.13340048	      0.00000000	  19713.89072616	 114951.98604986	    -11.01264445	 369583.28831420
      0.40400000	 170971.51288684	      0.00000000	  91664.93582218	      0.00000000	     90.25053676	  14131.85997026	  79864.40979403	   3906.81819388	 328795.14915235
      0.40500000	 151617.13476332	     19.29103576	  86772.51271493	      0.00000000	    494.43684752	  17552.63176454	  91230.69062410	    304.02680219	 385630.12795872
      0.40600000	 121349.36768895	    297.97691345	  78674.34202072	      0.00000000	    518.86126247	  23630.21433253	  50468.74314785	   6103.53776603	 322199.02793846
      0.40700000	 133571.64925139	      0.00000000	 109759.61633660	    767.71241810	      0.00000000	  19045.98920548	  99623.71226110	     52.56239992	 288650.70484905
      0.40800000	 155452.90202768	      0.00000000	  87073.16103627	    -11.40920566	     -4.31106266	  15415.53476381	  76151.88698305	   4267.03104664	 342648.78316667
      0.40900000	 137608.09070396	    151.38808253	 106826.45714824	      0.00000000	    249.02196484	  19187.74610650	  97530.03374096	    -11.01264445	 307700.03858420
      0.41000000	 124412.19428707	      9.34597991	 115744.34642569	      0.00000000	      0.00000000	  23680.10376337	 124845.47267885	    -11.01264445	 337601.57874829
      0.41100000	 150035.94884104	      0.00000000	 105101.38115431	    343.22370217	      0.00000000	  17010.11832270	 112526.02847339	    -11.01264445	 355661.13269544
      0.41200000	 141703.79955705	     85.73612697	  88157.67018463	    570.97218240	      0.00000000	  21562.82257240	  91078.38486217	   1420.10037777	 376084.42146169
      0.41300000	 138603.52869521	    102.79960596	  93868.27675238	      0.00000000	    819.44119730	  19914.27922009	  71946.27473050	   1463.85837300	 304254.31413135
      0.41400000	  98279.63102922	      0.00000000	  70857.91674626	    170.23253150	      0.00000000	  30008.96090491	  62793.82240177	   3983.60860339	 389138.70003567
      0.41500000	 127549.76967200	    170.03923392	  96924.31601958	    619.95795478	      0.00000000	  23030.37760543	 117143.44677702	    -11.01264445	 397719.66624322
      0.41600000	 121211.15087523	      3.36068234	  99511.25059451	      0.00000000	    509.29729791	  21357.33061605	  83851.03991887	   3032.56787779	 295435.84637710
      0.41700000	 146437.15253157	     67.83974721	 107284.02702172	   1468.89643480	      0.00000000	  16695.76889870	 101534.95252221	    -11.01264445	 317268.05021896
      0.41800000	 159071.74707706	      0.00000000	  78450.43682226	      0.00000000	    529.81086434	  17134.27554151	  67277.71242167	   4584.27485483	 363818.34967702
      0.41900000	 117316.85672346	      0.00000000	 108196.75579243	      0.00000000	    351.94964790	  23263.05418162	 106832.52768827	    -11.01264445	 325856.50288517
      0.42000000	 169237.80445115	    136.92945662	  85815.95024962	   1780.13305768	      0.00000000	  11294.23797283	  60087.83360239	   7426.80970283	 299880.34215939
      0.42100000	 161036.27599724	      0.00000000	  93909.13337257	      0.00000000	    737.84923354	  15489.74348159	  82277.40257581	    442.16011268	 334739.44846491
      0.42200000	 120818.97522057	     -2.09735763	 108624.41759755	      0.00000000	      0.00000000	  24190.13547318	 117653.00009494	    -11.01264445	 357803.95595711
      0.42300000	 181631.94599971	     15.98404568	  88868.07671356	    592.48349904	     -8.58018281	   8080.71585862	  59100.38412427	   5739.56617989	 281802.44090040
      0.42400000	  96021.80018091	      0.00000000	  91015.45034614	      0.00000000	    814.00677887	  29499.45315135	  85474.70504099	   2040.94534187	 349678.74058662
      0.42500000	 117454.90552393	     30.22559488	  88437.84860508	    386.79785878	      0.00000000	  26535.99565141	  92307.88999156	    157.58530667	 381670.86485759
      0.42600000	 131234.75858573	      0.00000000	  84920.40891600	      0.00000000	    519.73688887	  22062.77570820	  74841.17673405	   1136.94848691	 359831.25427627
      0.42700000	  98214.47322303	      0.00000000	  67757.10540479	   1428.36356317	      0.00000000	  30614.84600694	  63457.95249338	   6494.94885911	 396237.27418248
      0.42800000	 165318.57741556	    160.89664446	  74156.15305260	      0.00000000	    169.10904901	  16502.58220104	  62478.71024994	   5001.52573504	 372517.26064523
      0.42900000	 109121.60772150	     73.08345343	 103338.02981509	      0.00000000	    496.64454369	  27071.92841844	 103824.20185378	     -3.72804817	 338991.45396956
      0.43000000	 164728.24412910	     10.19711172	  91496.44612074	   1202.63994408	      0.00000000	  13565.00110859	  71800.08015324	   5659.23442237	 303307.17150426
      0.43100000	 137908.57828534	     56.32469778	 110346.25251347	      0.00000000	    856.24083655	  18919.69280501	 105697.86975378	    -11.01264445	 307785.36894529
      0.43200000	 143308.04755931	     17.25766052	  99711.66922397	    468.66261155	      0.00000000	  16339.07253147	  87253.64578978	    305.40950269	 315332.33837855
      0.43300000	 126788.73568605	      0.00000000	 109572.07789817	    641.08288173	      0.00000000	  23645.18363135	 115783.99615227	    -11.01264445	 349144.87264635
      0.43400000	 134819.90904647	      0.00000000	  91315.43433783	    491.79563348	      0.00000000	  21529.48190180	  87457.48357578	   1427.71503193	 354301.13203583
      0.43500000	 149175.84403275	    187.48989677	  91965.58185588	      0.00000000	    -13.64335364	  19475.74388139	  92259.79059454	    163.44994814	 366505.23912589
      0.43600000	 138683.16156493	      0.00000000	  78197.32675912	      0.00000000	    362.59149124	  20447.65541754	  53082.95995636	   7853.82457034	 325272.08821869
      0.43700000	 136504.15831015	      0.00000000	  76549.72781760	    231.48913205	      0.00000000	  21065.39650050	  72689.34937068	   5075.22150519	 381423.28238638
      0.43800000	 134901.28603785	    129.81534970	  88065.19290493	      0.00000000	    326.67323450	  21690.38263211	 102251.58541061	    -11.01264445	 404522.86973949
      0.43900000	  94394.07548655	     21.01604040	  96680.27232883	    270.54866513	     -8.72855620	  31070.10967970	 113310.40636706	    -11.01264445	 391890.87339364
      0.44000000	 129481.83969784	     55.96364609	  93426.36174883	    287.75285675	      0.00000000	  23930.24510531	 110479.41231327	    -11.01264445	 400516.12851861
      0.44100000	 141713.83872435	      5.88946549	  83164.51682390	      0.00000000	    579.33491049	  19709.05427248	  72035.76175847	   2480.91121367	 357487.40874016
      0.44200000	 112329.56030231	      0.00000000	  87120.62996835	      0.00000000	     27.02413408	  27655.27703148	  91308.05943238	    593.28235119	 383157.92204637
      0.44300000	 114594.11564290	     26.50113350	  71114.81339802	    492.65184545	    189.19450158	  25498.68645240	  54902.37109540	   3994.55758828	 375182.00619939
      0.44400000	  78852.73422794	     15.08285107	  88292.33095244	      0.00000000	    131.81448281	  33854.36998027	  95895.70831335	     -4.19697726	 389657.53469692
      0.44500000	 143071.66977419	     91.95203240	  84308.32962494	    897.10449404	      0.00000000	  16946.43675013	  57333.11665407	   4305.91942217	 313098.63486565
      0.44600000	 148090.58999405	      0.00000000	  96022.76121327	      0.00000000	    505.10890319	  18266.75860830	  86897.02046762	   2912.53728080	 325609.20227227
      0.44700000	 115305.07524127	     68.23717791	 115513.72543635	     93.74623350	     -3.70070772	  24540.45197256	 122487.49020992	    -11.01264445	 332473.90012147
      0.44800000	 163923.85113296	      0.00000000	  98192.84781259	   1761.19514213	      0.00000000	  14507.32003444	  78597.91395922	    867.92598517	 297768.82335057
      0.44900000	 154953.42108886	     12.76778481	 109296.94807111	      0.00000000	    842.59530590	  17291.85159732	 114190.98138956	    -11.01264445	 343652.42194038
      0.45000000	 148698.64892909	      0.00000000	 123318.03174200	      0.00000000	    225.17122765	  17163.43750534	 124403.91195095	    -11.01264445	 292434.25828382
      0.45100000	 107180.37110095	      0.00000000	 102263.23395176	    195.63670744	     13.12291681	  27897.91713332	 121021.98453345	    -11.01264445	 388989.53658028
      0.45200000	 111413.65823559	      0.00000000	 100755.00931444	    145.60777485	    -11.52261803	  27604.41027231	 113140.50527649	    -11.01264445	 378357.78778549
      0.45300000	  88414.18368669	     -2.36510505	  86207.31802136	    533.08096627	      0.00000000	  33784.81302194	 103938.69937786	    280.16481410	 408784.39922705
      0.45400000	 127393.54209639	    157.30428451	  84825.78398347	    211.71053279	      0.00000000	  23479.33616721	  79740.77310495	   3221.45571501	 363616.39148236
      0.45500000	 167067.16139009	     -3.78009940	 114575.28136865	    -15.22806622	      0.00000000	  12629.72124447	 121984.98846000	    -11.01264445	 342937.64917556
      0.45600000	 162882.45835663	    229.99537117	  81763.54301729	    326.92085819	      0.00000000	  14596.52821543	  58916.96969793	   6815.84827641	 322844.31829476
      0.45700000	 165824.71380597	      0.00000000	  87791.32415824	      0.00000000	    613.59039535	  12806.10518162	  66413.86974079	   5146.98617913	 312379.70715137
      0.45800000	  87357.37631372	      0.00000000	  95869.14719191	     -6.90001086	    122.38552296	  33255.68430464	 104682.35512313	    -11.01264445	 383751.96838666
      0.45900000	 155967.75092296	     52.27579150	  85856.53332426	   1691.78918997	      0.00000000	  16818.06836336	  79893.06093478	   4260.39837366	 357057.75952512
      0.46000000	 165703.89414858	      0.00000000	  83353.78990610	      0.00000000	    749.44819024	  15614.67377197	  79627.96788447	   1599.00263217	 373980.42988694
      0.46100000	 108344.36342272	      0.00000000	  90357.36352403	      0.00000000	    261.49987479	  28258.87232785	 106020.76890658	    -11.01264445	 404862.80680806
      0.46200000	 126765.58690595	    205.06842624	  83196.86259698	    891.98965647	      0.00000000	  24432.25208412	  94286.47887481	    290.68306774	 403642.20405842
      0.46300000	 133468.97238791	    156.22673634	  98191.66876452	      0.00000000	    617.47012395	  21143.64445384	  89413.00839354	    104.74750824	 330637.64871970
      0.46400000	 118223.73988499	      0.00000000	 109594.86124243	      0.00000000	    140.73631833	  22839.41722663	 102197.06927657	    -11.01264445	 304306.26150650
      0.46500000	 107285.26751921	     39.07154737	  82379.30251249	      0.00000000	      0.00000000	  27414.13969075	  65606.16707516	   6140.93240736	 337405.41159769
      0.46600000	 121733.32721857	      0.00000000	  68944.23175094	    328.43466048	      0.00000000	  23953.97903876	  52706.39449351	   7507.15828832	 370484.86012255
      0.46700000	 132266.72509582	    107.58874278	 105416.08330049	      0.00000000	    482.94374578	  21457.79126139	  96691.47786617	    -11.01264445	 315352.04444814
      0.46800000	 116535.41306680	      0.00000000	  96416.64858640	    392.53258393	      0.00000000	  22676.41250130	  83933.10750685	   1702.12509714	 318831.00887264
      0.46900000	 134728.87806476	      0.00000000	  93896.65550255	   1043.61440093	      0.00000000	  21322.02293031	 110146.35182140	    -11.01264445	 399783.72547034
      0.47000000	 148214.64023463	     85.98805426	  72699.05819394	      0.00000000	    246.06426980	  20867.62731157	  68881.89057482	   2427.44746497	 395749.58074911
      0.47100000	 129853.04969045	     25.63786924	 100919.49860553	      0.00000000	    599.88897910	  23270.43048230	 116071.59955503	    -11.01264445	 385591.60268704
      0.47200000	 123561.92909980	      0.00000000	  74533.72516265	   1047.22403270	      0.00000000	  23195.26487615	  53224.17565196	   6080.73547048	 349612.76929825
      0.47300000	 134756.89667874	     81.18050435	  82442.03445545	      0.00000000	    510.75222332	  21788.89327692	  66283.32437181	   6519.06829178	 337794.60199079
      0.47400000	 109922.35055371	      0.00000000	  95093.09661629	      0.00000000	     95.38865292	  24384.27417160	  75339.40202440	   2882.59994399	 299259.86933854
      0.47500000	 120844.61013808	     10.09063716	  93933.84596202	    871.67080780	      0.00000000	  25136.90966975	  92155.21415930	   1506.75595119	 352127.08643011
      0.47600000	 127886.88952907	    172.26407349	 102412.40148468	    -26.34383146	      0.00000000	  22908.36211011	 106906.62117909	    100.81993407	 350337.56410395
      0.47700000	 173673.26759140	      0.00000000	  84414.23329868	    410.50421958	      0.00000000	  10961.32832732	  66161.11252303	   4164.67951491	 333631.50261310
      0.47800000	 142892.62677230	      0.00000000	 108460.16858230	     -9.29011239	     76.17562150	  20121.60914195	 119010.32728576	    -11.01264445	 365037.72868601
      0.47900000	 149872.62561036	     10.14977090	  92601.31790387	      0.00000000	    264.54707867	  17819.51084526	 100231.94818476	    193.23662839	 379311.47295233
      0.48000000	 114849.35583283	     27.75605350	  84691.13761882	      0.00000000	    593.63848176	  24300.43389723	  57461.54165075	   4450.33243438	 310493.85410689
      0.48100000	 131247.39818214	      0.00000000	  95813.71752505	    708.05273505	      0.00000000	  21192.19067172	  88248.49986623	    921.83270020	 335566.55264017
      0.48200000	 120766.31635665	     75.14122316	  58642.28912721	      0.00000000	    479.18101750	  26448.35746693	  52811.71226738	   4575.11833291	 415511.21758331
      0.48300000	 105361.13646362	      0.00000000	  99934.04952081	    700.94582733	      0.00000000	  27512.28903791	 103799.74713195	    -11.01264445	 360975.03903360
      0.48400000	 125713.69005709	    105.39762034	  72419.88759323	      0.00000000	    320.25358482	  25351.15832721	  70515.99945020	   2202.83845770	 399713.81163739
      0.48500000	 104439.08741076	    131.11128981	 102927.60726799	    455.25054061	      0.00000000	  26456.47043190	  95620.14373131	    352.16889681	 318036.84196984
      0.48600000	 124634.10990148	      0.00000000	  66005.26748599	      0.00000000	    270.77339269	  25243.40190609	  53718.15912937	   7008.77328760	 385647.23110467
      0.48700000	  93217.88077128	     38.55758225	  70740.81246374	    391.26709170	      0.00000000	  31190.18852680	  76308.64495804	   4544.29213217	 409244.59898882
      0.48800000	 164810.67007025	     92.51934334	  74668.20709028	    997.61804100	      0.00000000	  16640.95302285	  66382.14135349	   5815.77648680	 375801.74606609
      0.48900000	 131410.47304084	     65.93239552	  90462.92894985	      0.00000000	    505.22888929	  20526.52586530	  75810.15259598	   3466.77908541	 326246.51011084
      0.49000000	 129386.09851582	      0.00000000	  97558.04631108	      0.00000000	     18.64015228	  24847.78617540	 112101.85859524	    -11.01264445	 386147.90855389
      0.49100000	 106488.18163275	     37.01112264	 107954.14736490	     -7.43747067	    163.46341545	  27823.15186398	 113453.80244298	    -11.01264445	 347867.78934328
      0.49200000	 149051.01735347	      0.00000000	 106703.47325165	    983.72500857	      0.00000000	  20595.29558634	 120934.54854632	    -11.01264445	 368706.80473997
      0.49300000	 142118.13639612	    182.74080470	  94177.69950185	      0.00000000	    602.42929527	  21672.55355289	 110401.12927130	    -10.99601274	 393662.72118409
      0.49400000	 116445.88748843	     86.20220599	  95426.41436279	      0.00000000	    589.80425943	  25070.05136256	  80801.35177338	    681.42181366	 321536.36853051
      0.49500000	  92477.02040845	      0.00000000	  76327.35484206	    369.77551271	      0.00000000	  31021.39931127	  78294.89758676	   2635.13751829	 396663.16855185
      0.49600000	 129544.70207227	      0.00000000	  96343.30705593	     -1.41498727	     31.25955797	  22977.11184014	  90771.20153602	    270.62340821	 341910.64178035
      0.49700000	 102105.20001718	     69.50342214	  65185.57812510	      0.00000000	    226.75289772	  28694.00656139	  60854.34921221	   4312.11808205	 405658.44345540
      0.49800000	 132212.86244927	     42.04453537	 114574.82083646	    780.85144286	      0.00000000	  19839.19278763	 110680.44807838	    -11.01264445	 306654.57001186
      0.49900000	 101030.17443504	      0.00000000	  89619.99753048	    -18.69306615	    -13.50888818	  28940.76015116	  83782.70687107	   1177.36836327	 355326.87897947
      0.50000000	 116218.11042691	     -1.74230840	 100844.03532178	    286.13629232	      0.00000000	  26200.90675396	 125429.39917832	    -11.01264445	 402317.83238551
      0.50100000	 145055.23408611	      0.00000000	  62292.93980575	    808.60208327	      0.00000000	  20472.14013067	  53931.08778296	   7876.35713790	 398024.50761951
      0.50200000	 110975.65029434	     64.96112318	  70322.26119146	      0.00000000	   1056.20505670	  28825.58620979	  76104.11599092	   1429.57829827	 416057.09198645
      0.50300000	  96277.92780909	      0.00000000	  92641.11572080	    582.29764723	      0.00000000	  29403.57112646	 100582.17020138	    -11.01264445	 383752.46678908
      0.50400000	 154418.93076259	      0.00000000	 101057.80078091	    352.26579422	      0.00000000	  17363.31380138	 119271.96868610	    -11.01264445	 390124.75424503
      0.50500000	 110820.62415767	    137.92190228	  78712.23075587	      0.00000000	   1010.15691285	  28793.57463339	  82211.44587369	   2493.17273109	 394711.47794664
      0.50600000	  98380.20303673	     25.90636611	  75877.93158188	   1118.94318599	      0.00000000	  30852.01732132	  66636.76410947	   5189.16740246	 372495.84288883
      0.50700000	 149858.99884881	      0.00000000	  93300.05173165	      0.00000000	    612.95936201	  17863.18269057	  91775.28510196	    -11.01264445	 363848.53926445
      0.50800000	  73885.18827073	      0.00000000	  62281.16625826	    371.16939924	      0.00000000	  35401.25727486	  55385.76234466	   4559.82609838	 407311.59165955
      0.50900000	 116064.78702111	     38.99514094	  71480.66388693	    234.12801933	      0.00000000	  28318.52341096	  77218.92030002	   1379.03812679	 414076.69761268
      0.51000000	 100942.46341841	    350.11535979	  80235.66837782	      0.00000000	    268.10985211	  28366.38945111	  59991.76560641	   5496.47366281	 337341.67017397
      0.51100000	 153574.80209940	      0.00000000	  77574.72340787	   1231.39066791	      0.00000000	  18512.83446931	  62267.48995930	   4130.41026851	 359253.03271359
      0.51200000	 114072.64134095	    173.12048155	  67954.57438905	      0.00000000	    895.54344989	  28987.97926627	  73397.14798047	   1366.30542085	 419981.36744969
      0.51300000	 118780.08197293	     18.11032153	 100445.81378506	      0.00000000	    275.13577678	  22627.81010772	  91162.27217379	   1372.61327332	 316071.84557312
      0.51400000	  90246.80457992	      0.00000000	  94979.97989275	    545.47900033	      0.00000000	  32489.76626211	 113336.68538385	    -11.01264445	 401245.63129531
      0.51500000	 142427.50970354	    278.14492051	  93333.50704571	      0.00000000	      0.00000000	  19618.37391764	  90937.30705609	   2195.57163924	 350694.26102212
      0.51600000	 130425.70312495	      0.00000000	 113946.95670705	      0.00000000	    534.81397346	  21273.62680724	 119863.13837811	    -11.01264445	 329472.85434513
      0.51700000	 118238.25727468	    166.06627756	 114438.79704823	    438.32438581	      0.00000000	  25559.30746572	 127988.01893058	    -11.01264445	 352186.19442094
      0.51800000	 162423.56853092	     -1.23716188	 110140.94756513	   1338.67499349	      0.00000000	  14026.63044056	 107764.33780926	    -11.01264445	 323112.59587075
      0.51900000	 103936.04148863	      0.00000000	  92848.58880126	      0.00000000	   1053.77678844	  29047.80709957	 101689.68725623	    -10.84697438	 382451.04231256
      0.52000000	  69310.40374298	    120.23568093	  84844.61584313	    664.78995065	      0.00000000	  37177.73995454	  99443.78521005	    436.61561722	 405708.22834560
      0.52100000	 160013.68773695	    209.51815250	 114848.53020583	    384.71255306	      0.00000000	  14690.21817528	 120438.45198987	    -11.01264445	 332652.50687397
      0.52200000	 129552.83939807	      0.00000000	 111430.30417367	     78.05329043	    148.56330681	  22912.36304631	 112634.74838105	    -11.01264445	 320966.58827329
      0.52300000	 127213.90051495	      0.00000000	  70657.98112360	      0.00000000	    200.31590745	  24535.86586326	  56809.35136200	   4830.43703548	 377733.75669077
      0.52400000	 100679.73882739	    196.22104345	  92135.79159009	      0.00000000	    238.73838948	  28541.38862059	  94175.82825061	    292.19604738	 368832.82876171
      0.52500000	 150399.78859384	      0.00000000	  83752.41720893	    308.04343775	      0.00000000	  16101.04074549	  67925.36169175	   3914.70624385	 341679.84523871
      0.52600000	 105744.90647416	      0.00000000	  63705.90576946	     -0.62368328	    523.34728327	  30497.94114092	  62445.77922659	   3042.03176026	 415378.15973456
      0.52700000	  62904.77388750	    152.83248735	  61186.06307091	      0.00000000	    275.79251443	  38781.64842770	  67004.14394957	   5340.91319951	 423929.56017911
      0.52800000	 111973.33505403	     13.82801724	  99294.61246365	   1347.42701486	      0.00000000	  27177.70843644	  97873.97506836	    576.05249600	 342055.93051209
      0.52900000	 122489.60115127	    170.92748982	  91485.84265424	      0.00000000	    760.53301962	  25013.05043873	  81659.95098348	   3418.51234551	 335291.51038866
      0.53000000	 100646.06847717	      0.00000000	 117083.06066595	    281.52112565	      0.00000000	  26415.22181697	 121470.64008421	    -11.01264445	 318681.22076115
      0.53100000	 135338.31090149	      0.00000000	  94205.41308963	   1210.60043959	      0.00000000	  22844.78502384	 112701.90359017	    -11.01264445	 402767.20929137
      0.53200000	 147363.57729387	      0.00000000	 105351.16620183	      0.00000000	    973.90875397	  18260.77951280	 112507.94800565	    -11.01264445	 351464.43795666
      0.53300000	  82008.26993201	      0.00000000	  73964.69629294	    183.04316591	      0.00000000	  34149.70817458	  72680.40834304	   1813.17754054	 398477.45152651
      0.53400000	 124572.35682311	    208.98399747	  68015.84920986	     -5.57870885	    105.66292585	  24354.85429548	  59700.28293331	   4530.24805298	 393576.76690146
      0.53500000	  95251.08871585	      0.00000000	  89942.06689026	    242.94149113	      0.00000000	  29944.56127273	  80573.19666944	   2076.77301944	 343887.30312629
      0.53600000	 142491.36873147	     55.67340557	  92080.72964425	    888.26712082	      0.00000000	  20562.78048182	 100760.91180261	    638.91457393	 381027.68444828
      0.53700000	  91669.20028359	     37.69978712	  67092.12825535	      0.00000000	   1629.30926315	  31805.49319593	  54898.04738463	   5814.50332714	 386238.95051155
      0.53800000	  82419.34841612	      0.00000000	  80942.48169511	   1676.93249790	      0.00000000	  31600.28188386	  68609.90194587	   4319.04432202	 355673.77743293
      0.53900000	 136919.13437644	    114.70492149	  91576.67627078	    115.99305824	      0.00000000	  24225.49918635	 108758.19625423	    -11.01264445	 405166.09413836
      0.54000000	 111628.94826307	      0.00000000	  71148.21035077	      0.00000000	    783.14412154	  25509.17672843	  54856.67103447	   6378.57182243	 367737.43124653
      0.54100000	 110430.21866450	     -1.51679499	  95198.84644736	   1081.47756069	      0.00000000	  27262.91739438	 125154.15850091	    -11.01264445	 419838.61057237
      0.54200000	 143434.56508501	    165.61175867	  89129.15871354	      0.00000000	    232.18572021	  21026.74535173	  84777.71366696	    534.60814635	 362544.88941391
      0.54300000	  99720.74522482	      0.00000000	  69515.13593906	      0.00000000	    420.51983214	  29941.28703152	  75534.11264066	   3464.30334898	 413650.60699405
      0.54400000	  92719.25079542	     78.74014284	  58051.23887825	   1070.88361496	      0.00000000	  32770.61845625	  50690.35480785	   6096.12147011	 411221.94169672
      0.54500000	 139761.06871182	     45.93884503	  95242.55152158	      0.00000000	    -20.38484652	  21734.10787821	 105064.85528025	    374.12089165	 377542.63116268
      0.54600000	 154154.82683947	     70.89212079	  99505.54314940	    242.56742416	     11.03661234	  15947.70674309	  89199.69243975	    -11.01264445	 326320.45072189
      0.54700000	 156486.03091766	    123.96438273	  97498.51177163	    -16.58544015	      0.00000000	  16509.26966568	  88122.53697813	     36.26777045	 332088.87322936
      0.54800000	 150590.82883834	      0.00000000	 102993.97052593	     83.42755892	     46.23817669	  17253.56441400	 109402.45297922	    -11.01264445	 359133.52850443
      0.54900000	 119743.44694404	      0.97788618	  91407.06671013	      0.00000000	    363.34525447	  26653.14306480	 100884.68821628	    -11.01264445	 390889.67715258
      0.55000000	 124955.38303264	    103.58501990	 105798.60574373	     -6.02851492	    106.33399440	  23681.71357258	 121236.20033662	    -11.01264445	 374944.62143499
      0.55100000	 107225.97841820	      0.00000000	 105120.53868934	      0.00000000	    334.16214810	  27640.73079902	 111361.84392749	    -11.01264445	 352963.26396841
      0.55200000	  85831.09055186	    209.51457920	  78309.65835698	      0.00000000	      0.00000000	  31794.13761311	  76877.13180033	   4126.91405152	 383901.14155804
      0.55300000	 110989.14509164	      0.00000000	  85142.69426888	    792.08569080	      0.00000000	  27434.97031253	  69502.08066891	   2239.40450495	 343605.90337260
      0.55400000	 130368.34280172	      0.00000000	 103745.94059468	     73.83580212	      0.00000000	  21642.66990569	 109265.05052126	    -11.01264445	 355100.66610303
      0.55500000	 146783.41000139	      0.00000000	  68780.29063056	    786.10153467	      0.00000000	  20764.84284726	  55750.98562025	   6752.23760078	 378609.89461676
      0.55600000	 109863.13964365	      0.00000000	  63454.35186828	    129.02578138	      0.00000000	  29661.33440557	  65266.91148449	   4194.60459237	 417141.63956185
      0.55700000	 144012.29031645	    271.12290686	  84616.72634610	      0.00000000	    426.22873412	  20702.95750389	  96303.26789991	    516.99843953	 401233.82771615
      0.55800000	  97631.97099434	     17.56120651	  89623.38545769	      0.00000000	    801.21115059	  28444.73965156	  79893.36358637	   1370.38620590	 346402.82628456
      0.55900000	 110644.41193030	      0.00000000	 105921.52120476	    358.16893205	      0.00000000	  26801.29365185	 120706.34527210	    -11.01264445	 375741.40886292
      0.56000000	 131466.42195872	      0.00000000	 110588.51680617	      0.00000000	    354.41910721	  22186.19289112	 114120.97917335	    -11.01264445	 334665.12531948
      0.56100000	  91742.80078480	      0.00000000	  86060.40347492	   1143.61946881	      0.00000000	  32039.07871400	 103916.33404914	    -11.01264445	 411114.13331965
      0.56200000	 128000.95521266	     77.35762953	  63566.33560810	    969.64869303	      0.00000000	  25409.24815342	  62984.18666989	   4113.86149762	 414069.03560647
      0.56300000	  99496.59315909	      0.00000000	  85520.66391381	      0.00000000	    821.82079716	  31132.53376060	 110608.89616271	    -11.01264445	 422538.99704323
      0.56400000	 132717.12991378	     97.34890049	 100146.28562248	    318.84394497	      0.00000000	  23021.28889428	 107032.44413381	    195.35031860	 360947.37932085
      0.56500000	 144441.14973463	     33.83740510	 107783.30851297	      0.00000000	    320.96490986	  19583.32027252	 118288.11354907	    -11.01264445	 366067.06949220
      0.56600000	  90784.71290931	      0.00000000	  74470.99901342	      0.00000000	    336.20115519	  32357.46442644	  59477.67788454	   3658.88663579	 369675.36602674
      0.56700000	 110873.29425971	     87.60702539	  64614.68740895	    558.08135551	      0.00000000	  27035.65500850	  51063.78914910	   4739.41915402	 392716.53591676
      0.56800000	 105211.59541307	      0.00000000	  67824.05029485	    183.70240181	    298.60049331	  29859.66016258	  55541.68449822	   4943.90551373	 386742.96181442
      0.56900000	  98474.05216639	      0.00000000	  76824.85548558	   1066.02800769	      0.00000000	  32177.32039260	  95239.79676907	    -11.01264445	 427167.27884861
      0.57000000	 150100.62793951	    123.80117062	  79615.02806701	      0.00000000	    425.49260349	  20641.04518038	  85526.97113933	    456.55972593	 402155.88704982
      0.57100000	  79135.92424255	      0.00000000	  72520.69880490	      0.00000000	    237.60061610	  35262.47468559	  79399.63101694	   4039.97221732	 408899.43790915
      0.57200000	 131256.73145620	      0.00000000	  84401.44420087	     57.70256384	      0.00000000	  22732.93359895	  93147.98476373	   1105.73192546	 395264.35250848
      0.57300000	  74819.20250418	    123.88776774	  66561.23622139	      0.00000000	    425.77005055	  35638.60028275	  77308.45772369	   2681.84893070	 425796.52932096
      0.57400000	 127797.08477615	    251.76793631	 113912.37655999	    847.53103666	      0.00000000	  22682.26368825	 119545.77352581	    -11.01264445	 330709.56212061
      0.57500000	 129103.80906067	      0.00000000	  96929.97843477	      0.00000000	    553.32402726	  22503.32945123	  89643.44746908	   2398.48494205	 328972.77761532
      0.57600000	 102330.88649758	      0.00000000	  83982.32298200	   1034.07879798	      0.00000000	  29670.21200874	 100492.08544925	     90.32604612	 411161.03624416
      0.57700000	 154512.61663143	     43.38542848	  83419.06576206	      0.00000000	    503.12674191	  17144.88397631	  74897.28967499	   5009.53036233	 355920.19994485
      0.57800000	  90660.70316801	      0.00000000	  84847.91905251	      0.00000000	    461.87184907	  30726.08518870	  91017.30590786	    816.56639992	 390680.06777773
      0.57900000	 111786.88813452	      0.00000000	 105898.62905946	   1665.73085927	      0.00000000	  27565.19862983	 122647.37567602	    -11.01264445	 375421.28137519
      0.58000000	 118424.24914953	      0.00000000	  66744.32065777	    108.77263416	      0.00000000	  27398.84904372	  57127.10713513	   5259.44729450	 392499.63912047
      0.58100000	 132011.99918350	    134.11915386	  88700.92292609	    -10.72224206	      0.00000000	  25491.46132797	 116256.02770272	    -11.01264445	 423507.82183362
      0.58200000	 141574.30429670	    163.49688209	  93291.54848490	      0.00000000	   1062.80051391	  20476.71676037	  94298.31029704	    501.55207795	 362967.67692696
      0.58300000	  82976.92020951	      0.00000000	  79386.83517790	    465.55371301	      0.00000000	  32643.03026442	  82152.56566388	   1039.62907754	 395678.69031965
      0.58400000	 111789.30002317	    179.18309514	  55007.30168209	   1731.94342774	      0.00000000	  29966.83372639	  55610.08919071	   4334.20708355	 429494.79362880
      0.58500000	 151842.84617682	    143.92580905	  75346.47594596	      0.00000000	    496.59141302	  18785.93176735	  50223.82548962	   7876.54895596	 333735.97807183
      0.58600000	 128731.16173211	      0.00000000	  81570.02103670	      0.00000000	    114.69728274	  24049.14223743	  77328.99077553	   1198.06855085	 378824.98837824
      0.58700000	 139639.11829230	     34.42046223	 102245.88723215	      0.00000000	    192.70125384	  20133.36616369	 109072.24653785	    -11.01264445	 365605.40510752
      0.58800000	 118421.74216472	     68.32966362	  99565.05243240	      0.00000000	    262.54978989	  25287.80606659	 108125.43578022	    -11.01264445	 371363.22525032
      0.58900000	  95719.78031391	     13.61901277	  91549.90305640	    281.58163330	    235.53228722	  30094.71135607	  86252.72885808	    851.04058192	 352582.85188237
      0.59000000	  96223.50639870	      6.62681632	 113988.87211772	      0.00000000	      0.00000000	  29993.84349401	 118851.93293320	    -11.01264445	 337337.71647306
      0.59100000	 131676.69389296	     16.25208335	  86602.92911642	    -19.13417326	    179.30565922	  22495.50091255	  75502.21835944	   1850.93840261	 350151.10676641
      0.59200000	  76537.90332260	      0.00000000	  90357.63311809	    547.73446653	      0.00000000	  36199.62551602	 105700.75781358	    -11.01264445	 400996.03881937
      0.59300000	 125349.44255898	      0.00000000	  80605.39696429	    186.28069949	    -16.24923019	  24469.82506074	  94884.07024234	    -10.44252795	 414525.74915280
      0.59400000	  76367.52760897	    136.34361157	  64569.46369647	      0.00000000	    574.36070685	  35631.90309367	  64715.06563504	   6443.78013032	 409058.54794103
      0.59500000	 118466.97437009	     17.86100020	  81382.52277002	    906.96406082	      0.00000000	  24267.01649607	  65477.61007199	   6156.20243073	 342099.77292052
      0.59600000	 109422.56499900	      0.00000000	  67218.13186508	      0.00000000	     73.05444369	  28618.65948777	  64301.84415186	   4652.76572669	 402955.51798111
      0.59700000	 125090.61958792	     23.85266094	 103659.41770526	     -2.56912496	     29.26966621	  25758.71654561	 120138.11296825	    -11.01264445	 385437.01174989
      0.59800000	  77364.85830058	      0.00000000	  69652.23604659	      0.00000000	    720.23678509	  35619.35767425	  83220.16296789	   2892.93642768	 424351.80400712
      0.59900000	  63531.93803004	    119.54391655	  79874.75906104	    948.83835200	      0.00000000	  37576.99139937	 106479.90081517	    -10.87378306	 431629.57927633
      0.60000000	 101451.33243092	      2.10109674	  67568.09853254	      0.00000000	    126.27320429	  31549.38958839	  71448.19555104	   1487.40477378	 418469.68138808
      0.60100000	  85473.15456411	      0.00000000	  89712.69806739	    177.89505339	     -1.41064904	  34361.03857504	 115848.97796098	    -11.01264445	 424003.11915201
      0.60200000	 112934.75396470	      0.00000000	  77343.60303310	   1203.69419447	      0.00000000	  29928.28308805	  94452.88027420	    895.95606364	 420453.06271882
      0.60300000	  82058.89500847	    124.98105594	  86181.92989834	      0.00000000	    723.28329452	  35006.00827384	 113557.13003404	    -11.01264445	 426687.91378008
      0.60400000	 123803.40251985	     96.87288684	  80927.10142563	    101.58138857	      0.00000000	  23698.28495966	  65219.27080825	   6648.93742833	 342645.84423780
      0.60500000	 131159.75779016	      0.00000000	  88145.82893144	      0.00000000	    563.77053513	  22327.19582696	  84802.95290139	   1449.82314369	 363365.89177349
      0.60600000	  89119.70382258	     49.43303646	  90878.80142146	    221.74830454	     -7.35096513	  30459.58321883	  84898.23186578	    496.73917243	 354833.24448917
      0.60700000	 122815.14606942	      0.00000000	  98785.85254665	    457.84686919	      0.00000000	  23553.97607989	 106051.94685602	    -11.01264445	 369307.64395535
      0.60800000	 118814.68848945	      0.00000000	  83614.77546319	    144.33456168	     -5.89957403	  26399.39226851	  67977.69843196	   2186.72199394	 348256.03935106
      0.60900000	 138317.17548692	      0.00000000	  80484.67077002	    177.83996226	      0.00000000	  21030.05248414	  76680.96233963	   4359.20356985	 374152.37967819
      0.61000000	 118526.03839496	     50.39985731	  62140.82343497	     32.19458035	    152.41139332	  27814.29408114	  56405.98562799	   3756.75269560	 411056.73680952
      0.61100000	 134431.01825940	    156.65625763	  75786.02793496	      0.00000000	    340.00032782	  20444.00719879	  54103.74731927	   8413.65327363	 338874.57624023
      0.61200000	  99093.45075497	      0.00000000	  68274.33381008	    287.58537129	     24.17997492	  31408.74012084	  65325.70446395	   5870.99981843	 398504.61890955
      0.61300000	 114438.71397396	      0.00000000	  93168.26172718	     -3.31480027	      0.00000000	  28281.96809262	 103652.93761880	    -11.01264445	 386154.64759238
      0.61400000	 118805.20895547	    126.18541768	  87114.54280676	    634.10516000	      0.00000000	  26684.54932305	  96245.58487139	    853.30250237	 391274.76244833
      0.61500000	  86441.25075418	      0.00000000	  94378.70515348	      0.00000000	    644.99485255	  34703.87213626	 114339.97245900	    -11.01264445	 404937.43692640
      0.61600000	  70775.24852980	      0.00000000	  87115.76637912	   1145.04525561	      0.00000000	  36861.98139470	 119708.17239653	    -11.01264445	 433591.55343847
      0.61700000	 135760.17845676	    287.04273138	  68449.16275678	    304.63971695	      0.00000000	  24691.95726198	  56837.30917203	   6887.11363105	 381589.55996284
      0.61800000	 141118.50494066	      0.00000000	  97605.96714117	      0.00000000	    -10.47080414	  21537.84854580	  98890.02811876	    -11.01264445	 358594.38987903
      0.61900000	 120357.73115911	      0.00000000	  65068.38126989	      0.00000000	    439.72929948	  27573.21536817	  74984.87732589	   2244.00281931	 427867.22608087
      0.62000000	  84464.95181081	     -0.30091412	  78798.78742327	      0.00000000	    438.16355672	  33103.25840290	  79949.07241327	   1619.41574154	 392623.54188081
      0.62100000	 103403.73740044	     57.43019424	 100363.81816424	    336.94488740	     -2.78682984	  29793.05500708	 121256.36011653	    -11.01264445	 399579.08185800
      0.62200000	  78793.10128396	      0.00000000	  83858.81997015	   1032.88201243	      0.00000000	  34732.67903452	  96486.74408459	    -11.01264445	 409528.73556152
      0.62300000	 111681.33624785	      0.00000000	  58612.94561494	      0.00000000	    202.93053904	  27936.03363865	  65043.15970776	   3016.77463921	 432564.94572330
      0.62400000	  90826.61336956	    132.43443619	  86960.49308288	      0.00000000	    256.44271563	  32603.22909493	 108653.68469881	    -11.01264445	 417657.17629845
      0.62500000	 120566.60029834	     79.36724511	  81880.74208565	     22.51363542	      0.00000000	  25895.25669441	  81165.16673969	   3672.34245709	 378397.96133294
      0.62600000	  99207.96842226	      0.00000000	  99491.86585225	    351.77526644	    154.23601612	  28736.63501275	 106340.58597421	    215.92411901	 362280.43374281
      0.62700000	 112507.73551170	      0.00000000	  71882.64954483	   1260.25901381	      0.00000000	  28571.99467653	  63015.65667220	   5815.02126867	 381072.55436471
      0.62800000	 140422.47404513	      0.00000000	  71564.57257692	      0.00000000	    445.05578695	  22151.69290513	  66518.17192041	   2439.85196609	 396342.55675840
      0.62900000	 100612.38964754	    174.87315314	  61219.44279405	     -6.08201574	     84.91771407	  29805.24176234	  70576.67638477	   4749.15057700	 429044.64863822
      0.63000000	 145216.54727750	    143.08427541	  88751.38064555	   1149.23892317	      0.00000000	  19730.72121205	  80663.33762279	   1377.08914764	 352230.10636204
      0.63100000	  97523.77750294	      0.00000000	  73545.23743808	      0.00000000	    699.78955020	  32767.15158052	  78117.24252918	   1841.52292630	 407558.36675859
      0.63200000	  99184.83855997	     92.80507396	  72148.99807286	    105.74022677	      0.00000000	  32456.56290152	  94192.18569638	    -11.01264445	 437767.45897568
      0.63300000	 122374.90507979	    221.11811108	  95226.69676615	      0.00000000	    644.68955973	  25829.79308258	 106221.07150872	    -11.01264445	 384889.28118143
      0.63400000	  99135.21117170	      0.00000000	 110879.29831722	    128.45621626	      0.00000000	  28240.58759348	 119298.53571385	    -11.01264445	 347127.73477990
      0.63500000	 122484.94344812	      0.00000000	  67340.36055169	    382.60680037	      0.00000000	  25789.60454722	  79807.75930090	   4187.73756495	 424707.46526273
      0.63600000	 106292.71172726	     -3.62480603	  60611.55626685	    310.39876420	    -12.19917604	  29285.76238065	  56319.90523896	   4772.70612251	 413313.68719801
      0.63700000	 119678.44524923	     71.49064393	  61392.74481764	    180.09632461	    114.19152720	  28556.83780899	  51835.06263549	   5801.69611114	 402475.75327235
      0.63800000	  82995.52396152	    103.62157177	  97092.51006133	      0.00000000	    513.65024411	  32155.39130563	 101937.37031090	    -11.01264445	 366188.85871088
      0.63900000	 125026.02404584	      0.00000000	 100820.61837208	   1277.70483643	      0.00000000	  26265.61362970	 119544.53549034	    -11.01264445	 395052.71765361
      0.64000000	 127430.49842869	      0.00000000	  80732.60476312	      0.00000000	    514.81257496	  24228.56101427	  76414.51428982	   4352.65668569	 372571.09073824
      0.64100000	  98535.08385542	     58.13228567	  60807.97465939	    143.47754776	      0.00000000	  31313.79498914	  60821.11081376	   5930.02984536	 416183.68217670
      0.64200000	 136366.13610107	     34.60564709	  95758.18259695	     -0.14266166	    219.69756615	  23068.24729941	 102259.84410368	    -11.01264445	 376888.28442521
      0.64300000	  94037.39462093	     43.85808535	  70076.47550573	      0.00000000	    686.54229940	  30154.40286824	  51292.97440355	   8179.90615377	 360985.45887354
      0.64400000	 111199.38964101	      0.00000000	  94385.79252592	   1051.54995253	      0.00000000	  26147.02517006	  86486.86354265	     86.69068885	 344032.36940539
      0.64500000	 107531.13519396	      0.00000000	  73675.32725988	      0.00000000	    186.54814125	  29846.85594644	  95062.12295625	    365.13740866	 432410.32170484
      0.64600000	  86700.56166744	    228.29302715	  77986.03267053	      0.00000000	    550.49324879	  33717.67835603	  85301.97325568	     65.34194330	 409359.43946026
      0.64700000	  81211.49072496	      0.00000000	  96343.68566359	    499.38168136	      0.00000000	  34968.30377229	 111459.38954238	    -11.01264445	 391305.88236184
      0.64800000	  70875.19570164	      0.00000000	  89731.53054115	      0.00000000	    218.18028839	  37645.35843532	 120515.59203626	    -11.01264445	 427142.31161755
      0.64900000	  63317.34411183	     -4.07346092	  68915.73280773	   1303.50397727	      0.00000000	  38050.68102919	  88322.69520722	    666.61605500	 435977.03907234
      0.65000000	  93087.00399989	    181.61626107	  91058.35680654	      0.00000000	    289.48612537	  32985.67391011	 118966.75330520	    -11.01264445	 420397.35085152
      0.65100000	  68986.55114939	      0.00000000	  93602.44030004	      0.00000000	    594.06471774	  36176.57725037	 108419.97504236	    -11.01264445	 395330.09129646
      0.65200000	  49443.11919783	     -0.03614790	  70881.58868944	    618.45396014	      0.00000000	  41693.37157678	  95909.89023765	    333.37911165	 440189.43797411
      0.65300000	 113589.18616079	    233.31895817	  78034.15420535	      0.00000000	    266.42891390	  25783.23189810	  71081.71993691	   4809.31616843	 372679.47575711
      0.65400000	  88558.11090625	      0.00000000	  74125.27338066	   1131.59788310	      0.00000000	  31785.43462746	  57451.91616166	   3540.60016976	 368007.69613868
      0.65500000	 126568.97941197	     18.99911461	  94846.37789335	    278.53596154	      0.00000000	  24837.01295198	  89664.77323085	     87.01170684	 348303.15094764
      0.65600000	 119676.62771036	      0.00000000	  81326.81428487	      0.00000000	    191.76937930	  27624.04567771	  84503.08608534	   1057.14585645	 392232.73820818
      0.65700000	 105825.70057327	     45.99650786	  81694.91723282	    171.22281096	      0.00000000	  29827.55219005	 104587.94729031	    -11.01264445	 424486.52200340
      0.65800000	 150750.02254847	      0.00000000	  93264.11219410	    416.91733646	      0.00000000	  18561.67834252	  96308.20777707	    883.67978478	 366072.78997854
      0.65900000	 104686.79528920	      0.00000000	  79915.41867518	      0.00000000	    543.34526380	  31274.17512522	 108113.78014455	    -11.01264445	 434268.67925021
      0.66000000	  76138.91360471	     96.78921954	  58083.79808636	      0.00000000	    203.61400831	  36941.04873510	  65008.39567570	   2949.53972591	 433997.15861012
      0.66100000	  67276.15051086	    218.71327145	  55313.05568067	      0.00000000	    569.78616591	  37591.56558848	  52013.79879486	   5928.69523070	 421421.10734336
      0.66200000	  85097.22927788	      0.00000000	  82743.06346983	   1061.99264791	      0.00000000	  31476.38394329	  72214.85165496	   2847.80408664	 358703.62353178
      0.66300000	 140233.23860372	      0.00000000	  87232.67339440	     88.63335850	      0.00000000	  21584.15146412	 100217.03374082	     -7.95300754	 400679.02115108
      0.66400000	 105418.58473646	     37.16826087	  63504.48951236	    180.44733483	    279.69301877	  31214.10233221	  57279.51331983	   4924.31264467	 404934.20102188
      0.66500000	 113449.47207020	     -2.23504899	  90673.35248761	    414.39086823	      0.00000000	  29563.15613372	 112910.77863939	    -11.01264445	 413886.28630554
      0.66600000	  68537.20908029	      0.00000000	  80957.37018861	      0.00000000	    416.47547314	  37684.25823178	 110473.59043310	    -11.01264445	 438542.85009171
      0.66700000	 103353.69034089	    123.08407650	  88670.57908712	   1132.65719918	      0.00000000	  30545.31936186	 120780.63170932	    -11.01264445	 431055.80399003
      0.66800000	 136906.43052662	     35.40775651	 104615.84118611	      0.00000000	    257.90050360	  23344.12472041	 122541.69319570	    -11.01264445	 380701.62037805
      0.66900000	 126817.21831066	      0.00000000	  71828.79823416	      0.00000000	    172.43533654	  24494.12966662	  75974.44803799	   1754.73109989	 410364.87539162
      0.67000000	 108208.99573329	    186.54109298	  76220.84169653	     -0.39677384	    307.29613357	  29271.34038503	  75868.63767116	   1225.17001825	 397008.41933782
      0.67100000	 112521.56656578	      0.00000000	  74315.22571997	     -0.02860123	      0.00000000	  28165.75601885	  67333.16093564	   6349.45888121	 378048.99964163
      0.67200000	  96693.66140580	      0.00000000	  91829.51577514	      0.00000000	    465.27873672	  31065.91008184	 120053.82971159	    -11.01264445	 425867.90573731
      0.67300000	  63465.37378775	    206.66321504	  72470.88523673	   1202.37118011	      0.00000000	  38504.80768660	  82188.86952102	   1845.24583538	 416456.98282466
      0.67400000	 133778.64516107	     15.59771652	  71584.98364008	      0.00000000	    -13.32604846	  24083.87756853	  52758.17536591	   8335.62844646	 356608.25674094
      0.67500000	 102340.86294426	     -5.03627746	  85541.47339291	      0.00000000	    112.94550872	  28736.42045946	  90837.26410192	   1907.02485509	 385228.20441256
      0.67600000	 131670.19518960	     32.91941941	  82782.86930069	    355.75746298	    -10.49053297	  22702.77004569	  73518.06685284	   2352.14668732	 362572.54003668
      0.67700000	  70341.17147758	      0.00000000	  64218.48350418	      0.00000000	    265.02455079	  36824.66974938	  57773.13396059	   5836.73479984	 401177.25723609
      0.67800000	  82098.01760006	    105.82381963	  80850.87518101	      0.00000000	     32.06123904	  35937.05046045	 116874.85271435	    -11.01264445	 442978.96584594
      0.67900000	  78046.74548328	     35.71554939	  85456.30732237	      0.00000000	     73.69760788	  33860.03860654	  86206.58714981	    142.78869521	 383354.84645463
      0.68000000	 118828.53517072	      0.00000000	  77678.92633372	   1021.48791875	      0.00000000	  27395.54201783	  78980.81698281	   3400.74604176	 391397.22893837
      0.68100000	  84260.21693045	     68.65919118	  71392.90587705	    395.96695053	     14.41164930	  35907.66850121	  93094.74029355	    -11.01264445	 439064.84559813
      0.68200000	 109171.20674759	    116.32694438	  67630.94663674	      0.00000000	    210.35990653	  29155.77767832	  60349.10889189	   4364.31228557	 396371.54899157
      0.68300000	 127306.89690250	      9.36510260	  89160.57074006	    341.55149659	      0.00000000	  23519.93844374	 101536.74246846	    -11.01264445	 397668.38980648
      0.68400000	 137940.17979201	    112.94693537	  66408.11723416	      0.00000000	    588.62302926	  23173.95259597	  49260.38727701	   6418.45796818	 377977.97187658
      0.68500000	  98045.40507965	      0.00000000	  97905.40501180	    239.47604541	      0.00000000	  28808.78017745	 100414.15890440	    293.44621642	 355817.49991168
      0.68600000	 138489.19994352	      0.00000000	 107973.44024018	    164.73993532	      0.00000000	  22135.47101134	 120890.85367908	    -11.01264445	 371732.90173572
      0.68700000	  91559.97660847	      0.00000000	  77949.96640546	      0.00000000	    853.93042998	  32922.23470994	  70715.63571553	   5349.82070269	 371198.56203304
      0.68800000	  88912.79128362	      4.89667663	  76224.18460625	    414.34779586	      0.00000000	  32646.80075494	  82175.38308635	   1347.84523431	 405751.87836899
      0.68900000	 105425.22774001	      0.00000000	  77390.38517939	    516.47963605	      0.00000000	  29103.50552070	  99217.12986287	    238.55630425	 428076.40986064
      0.69000000	  82657.56853603	     31.75155725	  79338.33807741	      0.00000000	    615.31814076	  35898.97936882	 112259.21216528	    -11.01264445	 442484.96029334
      0.69100000	  85839.93766753	    102.32198534	  66817.93638496	     75.54653529	      0.00000000	  33113.30670420	  80955.64053606	   2428.79012653	 429848.74614185
      0.69200000	 112389.20324335	      0.00000000	  64447.11425231	    751.17471103	      0.00000000	  27701.04921852	  74781.46255376	   4867.14912441	 425362.26640287
      0.69300000	  76035.09656366	     92.67052362	  52537.06528848	    841.05480182	      0.00000000	  36868.06402101	  55199.51993466	   4703.21769591	 434688.63158810
      0.69400000	 108715.76179791	      1.08164703	  83870.15285608	      0.00000000	    387.95170337	  31272.52761078	 103420.14703800	    -11.01264445	 419737.54132742
      0.69500000	  83287.36277520	     74.10091563	  86741.26692097	      0.00000000	    134.75022042	  34626.21480388	 110386.15682627	    -11.01264445	 418926.03405083
      0.69600000	 124354.44165848	    172.67706372	 109169.53728861	    966.87299695	      0.00000000	  24940.96810153	 122663.28721569	    -11.01264445	 361034.24431746
      0.69700000	  81682.52037855	      0.00000000	 101872.53834062	      0.00000000	    547.33781181	  34142.16955636	 120371.16205010	    -11.01264445	 388738.14058594
      0.69800000	 106070.50479930	      0.00000000	  79233.45174965	    276.28379612	      0.00000000	  30984.70893746	  88553.28079056	    168.79797338	 409012.31014575
      0.69900000	 104853.05778291	      0.00000000	  59371.27226371	    428.56274630	    110.89535577	  29848.54908005	  53750.51872661	   4742.43235563	 414026.73198176
      0.70000000	  73383.29412427	     76.01572762	  58239.95405146	      0.00000000	    143.47239878	  37379.48450945	  66024.91693467	   4705.41936877	 431642.73184114
      0.70100000	 100778.23466835	      0.00000000	  96170.34295592	      0.00000000	    152.06783382	  30738.92496018	 111414.78388078	    -11.01264445	 389807.03294042
      0.70200000	  73532.80236069	     44.51632276	  84111.65347349	   1081.62179930	      0.00000000	  36872.93338125	 109863.18430888	    -11.01264445	 429874.40988609
      0.70300000	 127949.87148545	     23.91203911	  72196.91541576	      0.00000000	      0.00000000	  25878.80237738	  74154.21284649	   5171.92808597	 400117.00400948
      0.70400000	 113844.98417506	      0.00000000	  80674.14738739	      0.00000000	    756.11471430	  26833.89936228	  99596.56281949	     83.22113931	 419904.54136658
      0.70500000	  67991.69968136	     72.06780827	  82171.01509461	   1082.56641631	      0.00000000	  37980.63262819	  98287.17889274	    448.25153258	 412465.60098237
      0.70600000	 113177.31819628	      0.00000000	  52815.24092611	    386.09380484	      0.00000000	  28545.97694373	  53881.77538972	   6923.12988180	 428689.76822725
      0.70700000	 122584.47979978	    165.68566192	  91729.59534448	      0.00000000	    447.77271194	  24661.69525345	  95263.88873774	    979.31998060	 370390.39570786
      0.70800000	 119500.54051508	      0.00000000	  87058.30197356	    100.15246778	    374.18302669	  25859.42182111	  83886.18902977	   3011.10816833	 362709.86398770
      0.70900000	  52862.83209043	      0.00000000	  72069.89347703	     18.69329443	     -9.92305835	  41387.35558861	  85902.87412853	   1505.90625075	 423101.17069891
      0.71000000	  99548.52149154	     -3.69243528	  92258.62499405	      0.00000000	     64.45418922	  30718.49184125	 113294.02919555	    -11.01264445	 410241.06310941
      0.71100000	  55685.10446385	      0.00000000	  65104.80702958	   1020.11040823	      0.00000000	  39466.06284608	  89533.92159074	    799.55812906	 445517.78298069
      0.71200000	 109962.19320009	    175.91796204	  64691.07431737	    504.30566800	      0.00000000	  30408.42715480	  66125.08303275	   2377.83080629	 418390.68172193
      0.71300000	 133649.90965655	      0.00000000	  86715.06932526	      0.00000000	    382.51140025	  21990.39736766	  84903.38758857	     91.34568148	 376411.87026162
      0.71400000	  86906.90494282	      0.00000000	  65078.14838772	   1153.66387201	      0.00000000	  35793.01304221	  84439.77800355	   3595.89513293	 436903.08252271
      0.71500000	  90403.74538154	      0.00000000	  83869.78348992	      0.00000000	    829.85608736	  34622.24269369	 118887.44493210	    -11.01264445	 441520.22825409
      0.71600000	  39861.14479001	    155.79426660	  75823.92198518	      0.00000000	    540.86028017	  42907.32550745	 105401.19789042	    127.34194981	 439672.59553310
      0.71700000	  99998.17753703	    198.63630829	  74429.76788501	   1139.32477567	      0.00000000	  29566.40704121	  56504.79494676	   4205.74577643	 362629.12597578
      0.71800000	 132445.84300889	      0.00000000	  98935.77573236	      0.00000000	     -1.54143798	  22526.88934662	 120251.42996084	    -11.01264445	 402547.21344736
      0.71900000	  94496.89907198	      0.00000000	  45252.12690648	    618.60240225	    292.51283763	  33771.75288776	  49436.52558470	   6019.78648599	 443957.36094633
      0.72000000	  91795.45006085	    286.18309295	  95029.01678695	      0.00000000	     31.89391625	  33310.25741392	 116922.24526640	    -11.01264445	 405661.56567824
      0.72100000	 107423.39031068	      0.00000000	  76227.96266645	    200.38965577	      0.00000000	  28768.14525306	  73120.08090620	   3086.92397465	 387588.76881397
      0.72200000	  70935.66771828	      0.00000000	  56195.88326040	      0.00000000	    397.59474318	  38362.28863497	  61273.91944622	   3380.20797704	 434143.02366840
      0.72300000	 104786.95138846	    216.05727713	  70757.29921014	      0.00000000	     35.36248488	  28527.56673021	  59538.75146064	   4609.67782978	 382559.24312696
      0.72400000	  99524.76489642	      0.00000000	  90513.46359279	   1073.01035944	      0.00000000	  30915.42815507	 103241.02831526	    -11.01264445	 395858.05780803
      0.72500000	 118385.06099496	      0.00000000	  77114.67902745	     -4.73111483	      0.00000000	  27664.91168102	  69528.95236215	   2552.46330893	 379373.95172485
      0.72600000	 130304.40611706	    199.31788242	  95837.65836007	      0.00000000	    107.13754547	  24230.73624929	  99841.03593384	    -11.01264445	 371969.26645290
      0.72700000	 105324.37974684	      0.00000000	 102205.06278144	    156.62404533	    250.75605674	  28894.12217833	 116267.07560258	    -11.01264445	 379377.39278856
      0.72800000	  39816.95138994	      0.00000000	  62128.64534270	      0.00000000	    468.04737463	  43781.19279241	  85198.08478809	    742.84561377	 447869.25876734
      0.72900000	  61202.11618629	    177.34540289	  49602.08093143	    116.08680406	      0.00000000	  39797.82531008	  51941.90196946	   7618.47677431	 433786.07424210
      0.73000000	 104163.47203430	     -0.02266082	  87191.30827933	    594.59116403	      0.00000000	  29575.54594315	  94274.98191852	    -11.01264445	 392882.89274068
      0.73100000	  85986.08241591	      0.00000000	  77938.80256307	      0.00000000	    158.59219216	  34110.17189927	  95209.48799291	    826.99543816	 419898.56458735
      0.73200000	 105308.50067481	    119.77865101	  70449.74710721	    143.78302561	     -1.84421188	  30310.10841262	  77842.06567282	   2138.61532904	 416239.06005838
      0.73300000	 120553.34451306	      0.00000000	 107313.32430305	   1326.07216516	      0.00000000	  26343.24353065	 124113.72016755	    -11.01264445	 373321.03141004
      0.73400000	 120573.45247954	      0.00000000	  81678.77438118	      0.00000000	    554.17646014	  28800.40561705	  95327.71401930	   1636.17854977	 407248.75955865
      0.73500000	  73317.31588889	     40.77004666	  81328.49964266	      0.00000000	    326.36362491	  36026.56753471	 110952.12776832	    -11.01264445	 438611.86911263
      0.73600000	  93574.02000476	      0.00000000	  53278.07372573	    324.44967778	      0.00000000	  31755.51812019	  56815.34474794	   6618.62752133	 431253.54266546
      0.73700000	  66159.12656455	      0.68192763	  62879.03979747	      0.00000000	    698.50982514	  37738.40966223	  78657.85733221	   3999.68829637	 435191.21300260
      0.73800000	  44803.55212576	     -0.03603234	  54380.18505556	   1357.27634213	      0.00000000	  42674.40902182	  66632.12029744	   4430.75384586	 441941.15080870
      0.73900000	  79224.50970129	     65.45115105	  76494.82397548	    481.57580306	      0.00000000	  37434.64111544	 106827.08546262	    -11.01264445	 443289.33972538
      0.74000000	 109667.48617906	     33.34747253	  79634.29764356	      0.00000000	     70.60504457	  30135.55515169	  80545.06254941	   2783.30709600	 387865.61644016
      0.74100000	 112344.34834102	    103.94777645	  76533.53357572	      0.00000000	    199.15405852	  28797.27613086	  71560.86045757	   2852.37035884	 384345.12259751
      0.74200000	 109277.66228443	      0.00000000	 108657.58872710	      0.00000000	    638.77687072	  27681.07524315	 118867.83038823	    -11.01264445	 363528.81876827
      0.74300000	  82008.66666206	      0.00000000	  87136.74641114	    948.36838094	      0.00000000	  34304.78432368	 104040.17276917	    -11.01264445	 410927.59860840
      0.74400000	 128938.49613364	     39.90510330	  88466.79874424	    -15.37109915	      0.00000000	  24403.43916612	 107566.46513495	    -11.01264445	 414414.54950716
      0.74500000	 106338.77783265	     60.62910348	  78686.16289343	      0.00000000	    689.27567094	  30520.03073735	  81395.03860263	    879.57536414	 397588.93883858
      0.74600000	  83503.14934602	      0.00000000	  57696.55907064	    504.42155364	      0.00000000	  34741.88344938	  60172.15750304	   5928.88608100	 424367.48661793
      0.74700000	  93736.87020373	     69.10526723	  50149.16200529	    422.50710554	      0.00000000	  33681.00431877	  62766.45786465	   4521.04643883	 447325.37609007
      0.74800000	 110599.98303515	      0.00000000	  85543.42130905	      0.00000000	    470.67355954	  28678.24255464	  97676.09219777	     95.71045257	 401728.29220056
      0.74900000	  76526.54504350	      0.00000000	  54407.53254484	    -25.69191159	      0.00000000	  36414.92029720	  56018.52047655	   7481.02039571	 426040.18176495
      0.75000000	 131766.55490970	    257.38719104	  68143.30155110	   1177.99347464	      0.00000000	  23447.37594869	  66490.61773745	   6075.53403726	 400450.42460536
      0.75100000	 132185.99489223	      0.00000000	  98087.15504489	      0.00000000	    255.93512602	  23997.42356956	 119321.80364874	    -11.01264445	 401185.07619717
      0.75200000	 101212.07772853	     98.48509107	  51526.30430193	      0.00000000	    395.88601323	  31961.93238577	  60557.11467808	   6145.02415134	 440154.96899892
      0.75300000	 114555.35619152	      4.93662659	  76397.14521342	    -20.18678619	     57.94408767	  29036.88136728	  65587.27961793	   3288.24630142	 373332.47471250
      0.75400000	 100787.38863519	      0.00000000	  66471.40541163	   1365.52284364	      0.00000000	  32871.14953510	  81574.57523060	   3621.35702178	 429964.18622497
      0.75500000	  93591.40876293	    100.78799007	  51897.60049358	      0.00000000	    847.68406924	  34220.51393476	  53434.71193226	   4609.87428429	 434716.17225763
      0.75600000	  76954.16728986	    197.90358950	  92868.94443832	      0.00000000	     -0.80207088	  35061.57404909	 114867.43369128	    -11.01264445	 408029.17062839
      0.75700000	 117826.25076159	      0.00000000	  89035.53235068	    304.94549074	      0.00000000	  27095.41438402	  97445.60913836	    203.25375293	 388216.34478621
      0.75800000	  71048.88162777	     69.31134357	  90966.58285190	    113.72178510	    124.84244822	  37008.55403968	 119548.29882142	    -11.01264445	 427814.52285374
      0.75900000	 113280.54913313	    138.84358231	  93697.86015679	    488.21318354	      0.00000000	  27236.45590904	  99540.95458843	   1013.97987779	 370819.04860072
      0.76000000	  89950.82150424	      0.00000000	  73834.51303552	      0.00000000	    408.07952540	  32999.27733088	  86856.72245536	   1902.72424358	 418598.59996825
      0.76100000	  81747.07649797	    139.98454611	  58435.48756325	      0.00000000	      0.00000000	  35578.84160607	  71188.66806782	   1880.39944716	 441092.22453647
      0.76200000	 119425.20552046	    151.51835152	  73727.96931047	    894.93915029	      0.00000000	  25527.08482156	  65169.37564758	   5899.24360133	 377267.33953797
      0.76300000	 117945.76212646	      0.00000000	  90978.39272646	      0.00000000	    315.08302941	  28325.04171998	 101167.00812359	    -11.01264445	 393250.95787292
      0.76400000	  52414.83089992	      0.00000000	  64426.80794175	      0.00000000	    717.58097115	  41139.74400131	  89669.67615144	    954.92217783	 446788.36734385
      0.76500000	  66905.37706651	     59.02059755	  61013.56885716	   1270.91410801	      0.00000000	  37603.74406963	  81204.32027361	   2577.69605343	 443812.27964036
      0.76600000	 127802.61417838	    103.67765336	  59285.68980646	     15.11784220	    214.33855898	  24490.36031265	  54614.29345089	   4934.19785973	 414906.69539079
      0.76700000	  57423.25466905	    133.44181875	  57450.74088096	      0.00000000	    609.28187865	  40245.88128893	  52350.02736199	   8129.65671089	 411380.24385267
      0.76800000	 103444.35032966	     -2.66316229	  72611.90543020	      0.00000000	      0.00000000	  30077.72506834	  64050.57014185	   4495.54175108	 383034.11450054
      0.76900000	  86017.11549005	      0.00000000	  71840.73726795	   1405.44406198	      0.00000000	  33654.40330943	  72599.74326526	   3303.00628220	 402223.08954933
      0.77000000	 131272.69625348	      0.00000000	  69816.14108734	      0.00000000	      0.00000000	  26067.87539478	  81881.34407884	   1226.08816993	 425043.03368940
      0.77100000	  66437.87170803	      3.79860024	  80842.34617649	      0.00000000	   1003.59475680	  38749.63350231	 121646.77860889	    -11.01264445	 448731.06465476
      0.77200000	  66475.05300383	    200.28755144	  84908.53904659	    394.60432320	      0.00000000	  38522.59504123	 106483.30883386	    -11.01264445	 420735.88646579
      0.77300000	  96186.70511162	      0.00000000	  95850.53350680	    676.10530946	      0.00000000	  31856.34129249	 111956.08389263	    -11.01264445	 396523.60487110
      0.77400000	  71875.74972720	      0.00000000	  64888.86676632	      0.00000000	    573.39610862	  37611.38194153	  94532.56352824	     44.51318260	 452368.07760034
      0.77500000	  55998.58369435	    186.28318812	  75589.15452637	    542.08574530	      0.00000000	  39997.06296809	  99343.18008187	    -11.01264445	 437338.35564222
      0.77600000	 111793.81255488	     94.82706499	  98548.13603754	      0.00000000	    109.13729418	  29212.43034050	 116204.06998064	    -11.01264445	 391773.14448722
      0.77700000	  48510.83566293	      0.00000000	  63852.83112311	      0.00000000	    963.37943270	  40658.50110952	  69188.59088699	   4924.43992731	 419744.13022101
      0.77800000	  62625.49448974	      0.00000000	  67435.79600535	   2807.44444495	      0.00000000	  39624.43191347	  84208.15687153	   2529.14424041	 431962.96566590
      0.77900000	 122599.11133018	    117.51304417	  53036.07235112	      0.00000000	    577.38547366	  28471.23480341	  49506.51262987	   6310.24634965	 424221.75430113
      0.78000000	  87653.49650509	      0.00000000	 100621.79652921	      0.00000000	    223.09937447	  32899.82047221	 125332.85885465	    -11.01264445	 401813.93611508
      0.78100000	  91661.55531756	      0.00000000	  77494.02113767	    681.85559888	      0.00000000	  33555.85703015	 115242.24574514	    -11.01264445	 448348.32508332
      0.78200000	  51139.64963984	     94.63323114	  84954.32419619	      0.00000000	   1150.75813162	  41881.09081746	 123119.22850250	    -11.01264445	 443130.30716227
      0.78300000	  63299.32053372	      0.00000000	  69495.96876460	   1046.42689663	      0.00000000	  39316.64552766	  75166.85555163	   1841.92417868	 416311.56720381
      0.78400000	 111765.70152347	     10.30167714	  62157.69624471	     43.73241195	     -5.83347771	  29281.92626661	  79690.30297199	   2534.99731992	 439803.88007216
      0.78500000	  92197.49574041	    121.45898612	  78151.50490354	      0.00000000	    148.68039055	  33152.85360772	  90611.71690410	   2374.52630270	 410214.01807990
      0.78600000	 132843.35385995	      0.00000000	  97119.21975280	    720.00095735	      0.00000000	  23053.50145241	 107094.65981300	    -11.01264445	 378878.53211961
      0.78700000	  71687.63475801	      0.00000000	  60210.93544685	    462.86103897	      0.00000000	  38735.79778291	  70557.69957601	   3129.69849173	 434080.44820132
      0.78800000	 138450.70179843	     26.99209977	  56157.66803312	     -0.05481257	      0.00000000	  23687.79883375	  54000.00166217	   6394.55544307	 420457.81546668
      0.78900000	  98694.46141795	    108.09076378	  84466.98034970	      0.00000000	   1025.32790613	  31672.85908508	 109660.93807200	    -11.01264445	 428195.57565975
      0.79000000	  94265.64372815	      0.00000000	  65788.31463129	      0.00000000	     22.19035947	  31309.84462020	  65512.33575752	   5881.18665769	 407188.99206713
      0.79100000	  60824.60184105	     34.52108487	  65607.41269990	    664.00773164	      0.00000000	  38722.56052469	  92968.29150842	    -11.01264445	 450525.05637426
      0.79200000	 110491.65420405	    224.29929176	  89590.96001417	    484.41625532	      0.00000000	  30060.80974876	  96235.53896785	    -11.01264445	 388789.69824192
      0.79300000	 127791.23859394	      0.00000000	  72089.67941035	     -1.27164950	    481.06917366	  24113.75337852	  61916.30587577	   4097.73921505	 382578.52854830
      0.79400000	  79741.17221025	    126.94860143	  80297.24482688	    237.78594767	    -12.76918348	  33886.76611561	  72783.87254194	   1760.25674417	 374152.44092659
      0.79500000	 115833.04344883	      0.00000000	  91328.18504964	    578.46772900	      0.00000000	  29105.69403600	 105055.14676801	    -11.01264445	 395634.73980970
      0.79600000	  76260.57357310	      0.00000000	  43166.89498073	      0.00000000	    368.89337837	  37351.18094183	  50044.74047639	   6763.07599835	 447730.74562653
      0.79700000	  70293.45575753	      0.00000000	  73386.86688336	      0.00000000	    415.89381073	  37658.85989792	 105433.53891605	    191.86314662	 444951.77247582
      0.79800000	  46555.84461560	    122.33422906	  44628.10216796	      0.00000000	      0.00000000	  42006.26829094	  58194.46362748	   5317.46352992	 453708.82231535
      0.79900000	 108530.20839428	     -0.77460414	  82419.38495269	    685.83674858	      0.00000000	  28267.91760495	  89595.83746407	    -11.01264445	 402146.67080432
      0.80000000	  75448.04635456	      0.00000000	  72610.38765555	    528.24635665	     -4.26961527	  36975.73839603	  92332.76075752	    -11.01264445	 435532.63385505
      0.80100000	  79944.77001753	     84.55579989	  76460.93544871	      0.00000000	    128.50271891	  36295.24140532	  95203.79273845	    -11.01264445	 428620.77306820
      0.80200000	  66038.77077007	     80.08537516	  54991.28069417	      0.00000000	    265.91286898	  37886.07161537	  51762.81624469	   4595.28817903	 424870.66208948
      0.80300000	 115681.48396160	      0.00000000	  66702.94389498	    400.87824942	      0.00000000	  28936.83623037	  58976.73389840	   6564.12388596	 392658.79131642
      0.80400000	 113502.46627625	     -4.62210232	  43797.86801226	    224.02377931	    127.04709141	  27767.09354759	  53933.56287316	   6862.63243149	 449646.87896757
      0.80500000	  90335.70882980	    199.78574623	  73316.34915208	      0.00000000	    847.94426795	  33484.28513071	  79745.57543653	   1996.06136007	 410228.21858709
      0.80600000	  66502.25323962	      0.00000000	  55836.26863793	    823.37738553	      0.00000000	  38262.35681820	  60437.11696933	   4119.75211728	 432791.05764213
      0.80700000	  81114.26245618	     84.38526425	  82541.65041348	    285.56069312	      0.00000000	  36522.73494539	 108478.11204503	    -11.01264445	 430101.22248194
      0.80800000	  87240.07717737	      0.00000000	  72736.77156048	      0.00000000	      0.00000000	  33480.91257279	  74395.22859722	   2476.12056535	 403555.94822898
      0.80900000	 100334.91119430	      9.25055486	  70911.02785518	   1061.50517038	      0.00000000	  32281.39705934	 110308.11656100	    -11.01264445	 455877.16175451
      0.81000000	 101925.06640671	     71.18093465	  75091.46879735	      0.00000000	    473.23664228	  32847.85236485	  89152.87584842	    765.44202448	 420218.34086450
      0.81100000	  65579.92760124	      0.00000000	  43494.07194807	      0.00000000	    330.70258355	  38499.69926060	  52447.08132507	   5419.17169942	 451038.56654341
      0.81200000	  81195.70746095	     91.13653141	  68133.71601487	      0.00000000	    227.66357649	  35045.07184866	  91988.99115369	    990.37710757	 441051.56787038
      0.81300000	  45727.54367165	      0.00000000	  69131.43549526	    275.88173306	     95.42311688	  42137.74723488	  98890.84133668	    605.64407967	 446503.44756570
      0.81400000	  61056.01485943	     85.33093562	  56836.06290537	   1276.82523234	      0.00000000	  40187.34071475	  68933.21126241	   5549.72854661	 437201.48009801
      0.81500000	 114657.28138639	    187.84021030	  83129.21924006	      0.00000000	     -2.47305675	  28879.38814937	  87054.84130801	   1356.93540986	 388900.07757640
      0.81600000	 134531.36776525	      0.00000000	  83462.44190023	      1.64864106	      0.00000000	  23710.11708565	  81051.26247117	    420.99874070	 381089.10823663
      0.81700000	 112078.98318623	     36.99853653	  74208.87773094	      0.00000000	    638.17143210	  29488.41161845	 106954.35206137	    230.45409029	 444743.60365984
      0.81800000	  73018.14303962	    105.44675043	  96711.10116672	      0.00000000	    369.18006099	  35664.60746308	 120796.05190908	    -11.01264445	 406904.09804788
      0.81900000	  84915.58618179	      0.00000000	  66087.45759259	    655.78353103	      0.00000000	  35869.03018727	  70129.64807637	   4475.41665903	 415072.76156223
      0.82000000	  93083.91207517	      0.00000000	 102610.38062081	    422.27577746	      0.00000000	  31623.30355491	 118713.94603497	    -11.01264445	 385387.96215421
      0.82100000	 108724.03746397	      0.00000000	  57730.81615314	     32.73436071	      0.00000000	  29898.34884184	  71494.59609033	   3674.33187242	 440164.05858744
      0.82200000	  99517.33806951	    183.74916661	  91099.90971884	      0.00000000	    372.99275041	  30650.06684843	 104748.01122461	    -11.01264445	 400746.23973236
      0.82300000	 111109.40142288	      0.00000000	  70334.85811030	    747.10958454	      0.00000000	  30106.19738692	  69324.65439769	   5937.27422132	 397563.56159056
      0.82400000	  84948.89451845	      0.00000000	  88297.52489529	      0.00000000	    505.49877257	  35975.53173390	 109806.87491455	    -11.01264445	 417943.79254885
      0.82500000	  38471.94109305	      8.86140857	  75484.88831946	      0.00000000	    506.24756429	  42833.26159305	 114746.30488420	    -11.01264445	 454455.18068769
      0.82600000	  49321.69245883	    130.76652446	  89668.94360290	   1506.17686412	      0.00000000	  41743.62305213	 119533.77747581	    -11.01264445	 430815.45941169
      0.82700000	 115935.34998522	    105.89537444	  69336.67841357	     -2.41534428	    244.70678834	  27126.17834007	  70709.76967935	   2075.88544976	 410560.09070582
      0.82800000	  74075.79833557	      0.00000000	  77539.94704821	     -3.12175560	     54.36285590	  35380.73855462	  74330.71026481	   2634.31398937	 385606.08415582
      0.82900000	  97599.10644355	      0.00000000	  69599.76326266	    581.15144017	      0.00000000	  32152.78326026	 105848.19336627	    -11.01264445	 456318.22616985
      0.83000000	 111249.94067260	    240.55172241	  67879.78735463	    379.19679686	      0.00000000	  29083.15313410	  68489.15017172	   6047.70675530	 404503.57429850
      0.83100000	 133719.89831940	      0.00000000	  94524.56538929	      0.00000000	    444.35295524	  25289.28350952	 108060.60542911	    -11.01264445	 392489.59010560
      0.83200000	  71185.45678879	      0.00000000	  50802.61099960	      0.00000000	    248.10717688	  38633.16753414	  59124.05392948	   6434.18813964	 440004.64059864
      0.83300000	  97111.31889734	     41.33825156	  43968.58007649	    889.65616660	      0.00000000	  33593.12688708	  47761.95036550	   7214.42830543	 443445.44783268
      0.83400000	  86156.65007229	      0.00000000	  77482.16922993	      0.00000000	    482.71239787	  36253.53008388	 101510.27789482	    -11.01264445	 435294.06031677
      0.83500000	  62126.22092040	      0.00000000	  56227.97566901	      0.00000000	    305.36695925	  39549.34268701	  78146.79443113	   2630.71952511	 450854.40506684
      0.83600000	  61139.61350800	    225.13499830	  59351.58608905	      0.00000000	    147.47749683	  38699.62237818	  72268.80452812	   3922.15715457	 436816.51170736
      0.83700000	  76036.83330056	      0.00000000	  82238.92170037	    228.67119792	     95.22307604	  35748.27000856	  88873.19927633	     59.67921761	 400053.41021507
      0.83800000	  35946.02601596	      0.00000000	  75035.38924547	    114.33108197	      0.00000000	  44285.25181472	 119828.72356267	    -11.01264445	 458981.47219351
      0.83900000	  93948.61056302	    170.13350705	  90042.49387512	    869.98383794	      0.00000000	  32818.96842535	 114886.36551860	    -11.01264445	 422628.55013265
      0.84000000	 101456.34924136	      0.00000000	  74917.52079643	      0.00000000	    597.66708687	  31661.95308006	  96161.04344902	   1645.83213799	 428357.36349662
      0.84100000	  52948.58809867	     39.60100629	  47190.67461484	      0.00000000	    351.90118321	  40207.33631443	  60203.48691412	   6107.40420441	 449131.64365258
      0.84200000	  80908.11064306	    257.94945864	  85809.61621511	    608.52308697	      0.00000000	  35379.66362482	 103270.70832668	     14.63090685	 409855.76275522
      0.84300000	 109510.13001188	      0.00000000	  81693.15498666	      0.00000000	    393.11364698	  28084.30980266	  88847.51082562	   2029.40773891	 395908.50908928
      0.84400000	  64071.07299523	     64.89349004	  60179.28317266	   1813.59719762	      0.00000000	  38881.92328087	  80987.73897240	   1795.47701377	 446336.61854003
      0.84500000	 139100.70539063	     63.03204287	  63816.80520731	      0.00000000	    444.11154031	  23641.57412178	  51978.00675218	   8021.89937360	 388992.93193083
      0.84600000	  79605.51648112	      0.00000000	  69080.42018524	      0.00000000	    418.47960335	  36244.68567989	  96604.39505605	    221.07018165	 445111.27490493
      0.84700000	 110580.75527269	    107.68288527	  65755.86786459	   1453.50100439	      0.00000000	  30814.58315194	  70455.28824273	   5326.15494774	 415201.42453084
      0.84800000	  74489.76309811	      0.00000000	  42369.15765165	      0.00000000	    678.12374304	  37666.26852265	  53595.20121829	   5168.10928000	 454747.97776874
      0.84900000	  96260.22770409	     94.22095791	  75891.63383311	    100.86277402	     -2.59203398	  31747.30568837	  93137.79287883	    129.85155382	 425005.82720785
      0.85000000	  92543.74397225	      0.00000000	  88487.30409137	    504.48593471	      0.00000000	  34370.17543161	 110823.48393376	    -11.01264445	 418599.41869080
      0.85100000	 109815.28435579	     68.69271694	  84587.04201518	    374.96991712	      0.00000000	  29728.18809874	 102761.82643696	    -11.01264445	 417932.21900744
      0.85200000	 129146.01374079	      0.00000000	  72956.43870281	      0.00000000	    387.90722251	  24452.12012546	  72518.81932982	   5420.68526760	 394310.20727990
      0.85300000	  75989.44952509	      0.60099378	  77974.23876375	     -3.43781587	    508.22389839	  37322.81487075	 108601.08921751	    -11.01264445	 439440.86248861
      0.85400000	  75106.10641576	      0.00000000	  79046.15836503	    163.76833998	      0.00000000	  37810.78372541	 108798.81146375	    -11.01264445	 441716.91518522
      0.85500000	  83433.39900661	     87.09870086	  57521.42741929	    143.80077267	      0.00000000	  35727.23055770	  85329.82600997	    383.31645047	 458653.26653097
      0.85600000	 106214.63925248	    114.76449986	  59261.00013896	      0.00000000	      0.00000000	  29253.28270469	  46591.93096854	   6742.91053222	 400216.16644911
      0.85700000	  98715.64330648	      0.00000000	  42427.51822516	    937.51687381	      0.00000000	  32597.80888002	  60544.91188372	   5701.54729834	 460079.58761799
      0.85800000	  63687.64632325	    298.29239214	  89685.99946482	      0.00000000	   1019.19274043	  39145.95044277	 119362.11891980	    -11.01264445	 427095.36510597
      0.85900000	 101352.98738089	      0.00000000	  90147.04370679	   1124.20628575	      0.00000000	  31452.67533147	 100637.02394458	    226.35719219	 389622.43717101
      0.86000000	 104371.27495179	      0.00000000	  67440.71501974	     -7.10100548	    194.94013342	  32094.93468356	  76014.10825808	   2596.49760670	 421895.18191400
      0.86100000	  79195.72756018	    199.69907603	  76346.62975058	      0.00000000	    252.45177150	  35004.81702636	  83898.02522938	   3384.33453103	 404264.35533502
      0.86200000	  99699.09240433	      0.00000000	  84873.56330600	      0.00000000	    177.45857105	  31366.05839963	 106654.98430167	    308.63359066	 417007.14272040
      0.86300000	  41816.93723398	      0.00000000	  51814.49454277	    849.76950599	      0.00000000	  42486.13379416	  68265.27915855	   5824.28706539	 447310.61544325
      0.86400000	  97784.76439671	     27.87395401	  84579.22495596	    882.91718362	      0.00000000	  34315.85161560	 113960.25849816	    -11.01264445	 433659.05586969
      0.86500000	 106559.14079756	     53.99941756	  85913.76608610	      0.00000000	   1040.94687600	  29850.08649668	 120318.22720875	    -11.01264445	 437109.72379525
      0.86600000	  64151.74223286	     14.04707201	  78131.86975847	    456.39044676	     77.76566984	  38047.81953458	  80155.58156524	    819.48936750	 397954.16047467
      0.86700000	  84580.63646480	      0.00000000	  73505.83910346	    456.64938714	      0.00000000	  36199.46817774	  92309.55848261	    202.64974089	 430172.00090262
      0.86800000	  63496.98021251	    103.24006414	  43530.77463549	      0.00000000	    298.52045697	  39653.24417437	  55701.39657260	   4060.24540840	 455881.16566918
      0.86900000	 109797.17103812	     46.73081063	  89780.89999437	      0.00000000	      0.00000000	  30620.80549827	 108101.34173270	    -11.01264445	 409533.93508414
      0.87000000	  98279.97291030	      0.00000000	  43959.78295481	    755.04770910	      0.00000000	  31470.57491854	  60148.63800677	   6905.36808973	 454893.48266178
      0.87100000	  76429.02272493	     19.20169746	  52810.44882453	      0.00000000	    266.69191720	  38122.24649885	  69534.17512646	   3608.78039714	 448963.74295212
      0.87200000	  66327.62074000	     56.77626469	  45685.99929327	      0.00000000	    246.51195219	  38231.13362920	  51410.54080301	   5555.53001842	 445441.97174147
      0.87300000	  84333.88065053	     28.97100689	  77721.18941259	    620.06930802	      0.00000000	  35271.57544594	  90059.00990422	   1128.01641740	 412750.03921972
      0.87400000	  62453.85929122	      0.00000000	  52176.90602958	      0.00000000	    673.61160024	  39546.84010364	  72483.82545023	   4294.50763230	 452111.52812884
      0.87500000	  59793.02412110	    134.65868034	  74791.44109014	    807.00776452	      0.00000000	  38776.40639723	  91444.85398887	    661.56790109	 424267.83972283
      0.87600000	 103579.01705438	      0.00000000	  65704.89610825	    454.99954443	     -4.43906079	  30893.52594351	  82857.82695950	    590.45827703	 438336.88604193
      0.87700000	  45138.77104665	    111.61809352	  46963.50110094	      0.00000000	    476.35116900	  42266.91715073	  56433.03161293	   6690.99375897	 445534.91956841
      0.87800000	 112125.67992571	     54.57845248	  76075.19973389	    610.70633241	      0.00000000	  28300.81301705	  78703.01610375	   3616.92900627	 396415.24282811
      0.87900000	  54861.78539578	      0.00000000	  44587.68361173	     41.42830513	    149.00804489	  41529.89321414	  53890.87783939	   6766.68372724	 448104.20335747
      0.88000000	  73608.66447192	     52.44890754	  49595.72526607	    858.01556373	      0.00000000	  37294.92435803	  74827.25329354	   4514.80453662	 459673.54067401
      0.88100000	 100291.73191242	     43.47703764	  60782.30610808	      0.00000000	    265.02422356	  32919.16026583	  73346.85779752	   5614.07266581	 432415.90170891
      0.88200000	 100695.65187236	    118.51244483	  87416.03716290	      0.00000000	    402.34421807	  32283.43658221	 100356.26777849	    -11.01264445	 404665.94794652
      0.88300000	  68902.20875978	      0.00000000	  60222.63005356	    285.30059294	      0.00000000	  37603.04360876	  73134.39284048	   5045.45748034	 434224.89546760
      0.88400000	  79945.42039319	     63.54453576	  54454.02227550	    881.95992496	      0.00000000	  37399.76149509	  62376.42498494	   2999.64242868	 440096.44012556
      0.88500000	 115546.17110523	      0.00000000	  90506.55918342	      0.00000000	      0.00000000	  29002.05887528	 111722.23960609	    -11.01264445	 410549.48766532
      0.88600000	 109098.00276748	     27.81050291	  64910.02904981	     -0.53835478	     38.68545641	  28800.62782590	  99860.60104988	    209.00670674	 456990.93217495
      0.88700000	  99803.38732054	    106.08089602	  99896.20385145	      0.00000000	    599.47912370	  33066.67253611	 123947.76756963	    -11.01264445	 401654.93844949
      0.88800000	  70807.07283824	      0.00000000	  61544.88508944	      0.00000000	    528.00411644	  37560.81186899	  78789.52351668	   1139.09847330	 442599.87001613
      0.88900000	  55015.92990051	    124.57645917	  56697.30518284	   1298.37761696	      0.00000000	  40455.47131406	  53088.69646824	   4631.53806867	 421443.36982100
      0.89000000	 101979.70259285	      5.95629054	  75473.65148133	    843.53806179	      0.00000000	  32805.13103764	  86896.77773605	   1265.50446544	 414939.07564565
      0.89100000	  85954.85360743	      0.00000000	  50428.39760980	      0.00000000	    590.32075826	  35970.46592316	  47088.95285249	   6984.31167993	 427396.39393981
      0.89200000	  57037.34826164	      0.00000000	  62975.50176336	      0.00000000	    170.53471971	  39854.20180461	 100287.34635646	    -11.01264445	 463326.16799078
      0.89300000	  65016.14412015	    181.14184809	  48290.49331788	   1679.48734183	      0.00000000	  39334.10466977	  63057.53995990	   3854.95106829	 452377.19898476
      0.89400000	 119249.78535035	     53.47617530	  95757.28639353	      0.00000000	    469.55928780	  27997.49055404	 110336.69979771	    -11.01264445	 392609.38883794
      0.89500000	  92334.24123869	      0.00000000	  78404.77238270	      0.00000000	    468.73775392	  31925.01993470	  94011.12490616	    201.62641458	 418654.38352960
      0.89600000	  70344.48767229	     65.48527617	  70254.18783868	    981.29462312	      0.00000000	  38021.95299408	  85991.09875411	   2401.70490761	 426877.82037458
      0.89700000	  91195.57855656	      0.00000000	  63104.65385759	      0.00000000	      0.00000000	  32748.94851603	  88090.17903115	    418.92244518	 449196.31207345
      0.89800000	  94221.51257210	    124.41956539	  74218.45207969	    639.66611530	    -10.15744027	  33774.58091004	 112181.41452921	    -11.01264445	 454642.59451246
      0.89900000	  92012.04372631	      0.13879941	  87742.44891963	      0.00000000	    740.82235841	  34376.40340735	 105439.48802380	    -11.01264445	 409243.32068868
      0.90000000	  40171.81245781	      0.00000000	  77952.36525836	      0.00000000	     94.93809445	  42537.38489446	 126932.96691707	    -11.01264445	 461562.39036178
      0.90100000	  63951.04547926	     48.52724585	  83508.29181523	   1260.85493806	      0.00000000	  38347.16660150	 112296.14185474	    -11.01264445	 435057.11230479
      0.90200000	  77437.69662905	     17.73166152	  61506.43759984	    574.50254050	      0.00000000	  37710.43975027	  76693.74927926	   1470.71322494	 440044.95670904
      0.90300000	 112723.02251030	    109.65031099	  73947.42420528	     32.51575924	      0.00000000	  30069.82749949	  88676.16718129	   1364.66385998	 421620.83846301
      0.90400000	 132769.44595612	      0.00000000	  86585.76929630	      0.00000000	     -8.27794041	  26401.31965437	 103172.88534110	    -11.01264445	 410378.59590349
      0.90500000	 109875.43152156	      0.00000000	  47351.63997734	      0.00000000	    339.48730938	  28831.04731140	  63467.15257139	   4848.47913399	 453289.38227118
      0.90600000	  68283.90351061	     32.86602343	  55016.37855598	      0.00000000	    295.56564968	  38691.94390018	  70807.79426382	   1682.53489686	 448432.30173312
      0.90700000	  70513.24182218	      0.00000000	  52036.41892909	    190.18333774	      0.00000000	  37344.71453916	  83043.10465479	   2847.19017522	 464664.09502422
      0.90800000	  86459.84629181	     47.07828430	  67395.78750182	    410.08940373	      0.00000000	  35078.49799839	 111820.80820062	    -11.01264445	 466216.14120256
      0.90900000	  81681.52666883	     82.89958169	  48192.04201559	      0.00000000	    422.91817060	  36425.15054000	  52086.19857022	   4733.55184531	 441971.37904412
      0.91000000	  93190.11882463	    139.43307272	  66947.88463877	      0.00000000	     -7.04006691	  33558.05662652	  72629.56275760	   3512.38541165	 417437.45553889
      0.91100000	 104398.53380318	      0.00000000	  61917.14521844	      0.00000000	    557.04427149	  31678.19106529	  51750.06787172	   6209.15555196	 399574.64440533
      0.91200000	  47462.01125578	     17.48452105	  77384.27551044	    -16.30151850	     26.47592753	  41731.34705762	  98444.76075767	    581.21529308	 426299.75406896
      0.91300000	  96562.78427797	      0.00000000	  83814.36086681	   1129.90473758	      0.00000000	  33713.63574650	 101782.65895633	    -11.01264445	 416275.06814217
      0.91400000	  89021.93978605	      0.00000000	  69457.29514824	     18.62158742	     43.40365802	  35239.18783766	 110282.94298846	    -11.01264445	 462428.63328598
      0.91500000	  73319.49026843	    240.99643530	  48842.64031735	      0.00000000	    725.21793269	  36748.99255718	  47805.68965679	   8395.89864193	 430025.35427590
      0.91600000	  76620.12371853	      0.00000000	  67459.95655019	    877.26846346	      0.00000000	  35521.30931858	  63971.11795840	   6518.88484920	 398081.42354879
      0.91700000	  69948.59472461	      0.00000000	  60604.45834285	      0.00000000	    183.33793017	  38671.81111584	  93187.06085699	    842.62810588	 458358.94550049
      0.91800000	  71812.98029802	    111.88090882	  60609.35471833	    305.03206170	     19.58778194	  36476.12371910	  57411.07393293	   5607.83677574	 412936.83361284
      0.91900000	  73109.10108294	      0.00000000	  66336.12039911	    291.95933367	     -7.78941048	  38746.37944186	  82383.68632375	   3829.34443624	 431075.79252311
      0.92000000	  64003.41579651	     -3.63227791	  65359.22831461	      0.00000000	      8.89626087	  39001.97725393	  99180.39633661	      1.28500827	 455935.24656538
      0.92100000	 101260.13922971	     39.86862394	  64949.87114552	   1537.06700229	      0.00000000	  30689.08126580	  92618.33679862	     -6.10182941	 450892.15489801
      0.92200000	 115711.59660883	     24.80500642	  86494.87555191	      0.00000000	    815.56187638	  28832.67268100	 122232.39591802	    -11.01264445	 437188.26033385
      0.92300000	  41153.25574326	      0.00000000	  51905.85186118	      0.00000000	    297.13648412	  43080.45390735	  65556.15993276	   5078.27574648	 445440.89063839
      0.92400000	  62248.18354836	     66.67716669	  78295.37897813	     -4.38394102	      0.00000000	  39502.76873087	 116560.20794424	    -11.01264445	 452026.99800343
      0.92500000	  85874.17060418	     28.82827990	  79901.70345507	    404.53972327	      0.00000000	  35096.14628669	  91394.92444715	   2464.91683486	 405674.59432609
      0.92600000	  96426.11504153	      0.00000000	  66268.28973097	    198.79953649	      0.00000000	  33433.87076900	  90008.83372308	    507.59803191	 444128.43999142
      0.92700000	  72634.07963953	     57.22376289	  83326.85440307	      0.00000000	    974.01239158	  37331.60874485	 119009.26953020	    -11.01264445	 441660.69656535
      0.92800000	  61688.65509335	     80.78178094	  89827.28120938	   1555.35438489	      0.00000000	  39945.65212956	 112039.33242394	    -11.01264445	 417435.46529963
      0.92900000	 133297.03224279	      0.00000000	  68785.09002390	      0.00000000	      0.00000000	  25452.50556196	  79520.27268348	   3631.65513395	 420964.30639134
      0.93000000	  83777.22662791	      3.63985069	  48223.52339023	      0.00000000	    706.29465861	  35445.82952530	  67212.82045798	   4236.67266111	 455639.42949097
      0.93100000	  70361.89674859	    107.36280775	  51419.85419377	    576.70371689	      0.00000000	  39066.44705033	  51415.89113941	   8369.86146122	 427365.97419194
      0.93200000	  92480.68722638	     32.86491957	  87339.02282861	      0.00000000	     39.45686454	  34293.32192623	 105312.09874040	    -11.01264445	 411350.39947817
      0.93300000	  94615.12995325	      0.83945272	  87035.55061840	      0.00000000	    369.37320664	  31934.19216852	 101144.52324110	    -11.01264445	 407233.56914327
      0.93400000	  71301.91132519	      0.00000000	  44130.94637996	    456.68819670	      0.00000000	  36486.94696477	  51140.11106190	   4709.61777069	 449795.06177818
      0.93500000	  89475.20523382	    166.01341665	  73550.62911398	   1372.99630809	      0.00000000	  34093.32890341	  87264.77634988	   2738.51467802	 418866.31302717
      0.93600000	  90018.29942087	      0.00000000	  98390.61788465	      0.00000000	    518.11965162	  34157.77885493	 121366.60058276	    -11.01264445	 403952.01972035
      0.93700000	  81280.59826415	      1.68513579	  63529.02091942	    547.64966304	      0.00000000	  35103.41283917	  78231.55839300	   4526.76690582	 432472.25505161
      0.93800000	  80719.93113585	      2.46085583	  73927.11207457	      0.00000000	    609.72158599	  37329.55127673	  97892.49504373	    543.31140386	 434689.55538430
      0.93900000	  33922.68616910	      0.00000000	  39383.59261782	      0.00000000	      0.00000000	  44248.77638159	  56504.64614659	   7196.36942624	 461041.37506121
      0.94000000	  71848.76413146	     76.33740460	  71710.74341210	    522.38199707	      0.00000000	  38140.42466859	 117929.16634820	    -11.01264445	 463430.28860840
      0.94100000	  94356.40450001	      0.00000000	  68420.84864526	      0.00000000	     -9.06297748	  33631.99248433	  87209.00494454	    546.02262098	 436342.96213540
      0.94200000	 102400.59911687	      0.00000000	  64384.62811535	   1477.38570267	      0.00000000	  30904.30549528	  95044.48805302	    599.78637815	 452562.07978653
      0.94300000	  66049.08122807	     -0.00462648	  61180.80940135	      0.00000000	   1137.85680842	  40006.30006872	  83018.79968864	    651.72043160	 448161.13636061
      0.94400000	  56537.81810981	    117.94020503	  72495.49012893	     42.07325373	      0.00000000	  40456.63393676	  98061.21419746	    -11.01264445	 440975.05759578
      0.94500000	 100279.15854183	      0.00000000	  84713.59947259	      0.00000000	     42.22141359	  32244.90147812	 110550.55537028	    -11.01264445	 425642.31622362
      0.94600000	  58439.03906251	     45.71340806	  39300.22930999	    445.19492934	      0.00000000	  39451.90971758	  57938.22830782	   4526.05614838	 466814.17448656
      0.94700000	 125538.22172779	     53.78482161	  63142.22980495	    896.94577617	      0.00000000	  28106.43325235	  56463.61173503	   5728.86200183	 403194.97588190
      0.94800000	  89893.11186316	      0.00000000	  46677.61811505	      0.00000000	    864.94111419	  34046.94057825	  64065.11353848	   4963.05940340	 455099.17798413
      0.94900000	  50181.61149792	      0.00000000	  47500.93249104	    177.06745241	      0.00000000	  42335.55605862	  70873.00233921	   5887.86589333	 458841.54317075
      0.95000000	  92281.03406160	     66.17731612	  49042.18456941	    556.50215075	      0.00000000	  32559.30713745	  77347.90986610	   1495.37472636	 468038.93890916
      0.95100000	  86026.91913724	    162.60515237	  93606.31373135	      0.00000000	    971.30228005	  34172.43987611	 117466.58289900	    -11.01264445	 415219.28160985
      0.95200000	  50824.01196516	     18.30909275	  51909.08711839	   1309.52082731	      0.00000000	  42225.99032246	  57087.92397131	   7424.39515336	 433902.72880364
      0.95300000	 118814.77860648	      0.00000000	  71245.53598116	    459.92143895	      0.00000000	  29347.85961502	  77803.23402499	   3552.25496327	 411324.53852180
      0.95400000	  55056.38009438	     24.53404339	  77962.49695472	      0.00000000	   1123.44078618	  41308.76273317	 115204.20526972	    -11.01264445	 451385.11876213
      0.95500000	  78941.06964583	     58.41640964	  78767.15622794	    440.94259823	      0.00000000	  37065.98770609	  87364.88973352	   1681.59743362	 404273.95806066
      0.95600000	  73337.44122604	      0.00000000	  47819.45373871	    258.57665015	     -9.85803610	  37602.89294479	  65463.87292928	   3861.05217468	 455450.79208417
      0.95700000	  52506.69347046	     16.43116863	  59613.45264953	    353.35062967	      0.00000000	  41830.82616282	  95666.87925902	    875.83913395	 463191.20728029
      0.95800000	  91901.92291711	      0.00000000	  57882.94332406	      0.00000000	      0.00000000	  34535.57851854	  93999.65033693	    -11.01264445	 469775.49348275
      0.95900000	  58647.84758900	     71.41061547	  64839.49319486	      0.00000000	    895.80277935	  40618.49726574	 108225.20635915	    -11.01264445	 467889.39038616
      0.96000000	  57413.75633445	     27.35064017	  86300.37115400	    -23.81340740	     -0.18727196	  39830.75868793	 111312.71733719	    -11.01264445	 424177.09154934
      0.96100000	  83229.18047348	     -1.16897749	  82001.54566962	     23.94287168	      0.00000000	  35545.81967061	 108141.08984930	    254.17697662	 427370.68041512
      0.96200000	  81139.65719342	      0.00000000	  43673.97788465	   1276.92829925	      0.00000000	  35527.68773895	  49422.22497251	   5452.98923688	 448138.85604486
      0.96300000	 102446.42649737	     55.69400846	  55922.55537865	     22.67719738	     69.37300404	  33332.20795765	  71248.01923635	   3937.90042484	 443600.79825425
      0.96400000	  96964.93937173	     98.09652124	  86471.35804022	      0.00000000	    397.37793156	  31939.13752768	 108821.39402616	    -11.01264445	 418857.04977811
      0.96500000	  97245.49935220	     70.50813499	  81474.63477447	      0.00000000	     74.75933957	  31554.70110456	 100226.97166563	    -11.01264445	 421115.38905188
      0.96600000	 106303.96185701	      0.00000000	  79646.56454591	    985.55744699	      0.00000000	  30114.86290143	  92149.98416347	   2332.38632349	 407875.31370374
      0.96700000	 111342.42414895	      0.00000000	  51702.90642508	    262.16338987	    202.00898421	  31219.83898438	  66915.22015027	   3056.69496629	 449776.89734785
      0.96800000	  57465.45969525	    214.44872119	  55965.31103533	      0.00000000	    942.18764175	  40375.20412422	  64033.60248392	   6607.89434181	 432572.35941895
      0.96900000	  86357.55394368	      0.00000000	  62347.90459904	    316.95043639	      0.00000000	  35505.82334194	  76898.00361302	   2622.49591563	 436320.02326269
      0.97000000	  93112.73790835	     27.56621356	  54181.61229122	      0.00000000	    159.05244461	  32309.12355786	  90776.36171741	    326.28123738	 472817.32123381
      0.97100000	  98492.57448257	     18.36798391	  81239.13649516	    990.21779111	      0.00000000	  33228.47017027	 114821.79105439	    -11.01264445	 440810.86113998
      0.97200000	  87030.84048281	      0.00000000	  56074.56797589	      0.00000000	    367.50285919	  35448.99498974	  85857.42884593	   2832.92881347	 458426.85430849
      0.97300000	  80221.49641376	     54.24047884	  48028.44899547	    -12.23850675	      0.00000000	  35523.60337989	  56206.61886511	   5877.59967278	 444147.33270794
      0.97400000	  86196.96127462	      0.00000000	  38252.89975929	    529.19878259	      0.00000000	  35188.47277824	  48277.83644770	   6105.85168366	 457526.80662556
      0.97500000	  53779.90729412	     54.47342426	  44168.64830114	      0.00000000	    510.48593738	  40557.74635706	  66544.09568797	   6469.79009998	 461231.79753502
      0.97600000	  79167.06208105	     -3.88936677	  48870.54042686	   1081.37123401	      0.00000000	  36273.88903715	  54196.00327197	   5748.10420843	 440644.58656364
      0.97700000	 103112.80043760	      0.00000000	  81687.61101849	     -9.27951556	     75.67606993	  32553.91785451	 122450.02720505	    -11.01264445	 448109.07454301
      0.97800000	  72461.64147191	     54.42726905	  36144.12960487	      0.00000000	    607.21329064	  37629.12380138	  45523.11405662	   6766.05330632	 458673.33155515
      0.97900000	  82529.31592329	      0.00000000	  50742.29262740	   1584.21537350	      0.00000000	  34638.91573024	  52226.97955797	   8053.18602066	 430559.55880411
      0.98000000	 113827.62680128	      0.00000000	  54683.05141765	      0.00000000	    226.94551790	  30442.56484005	  72664.88090916	   5772.55352720	 445635.37394904
      0.98100000	  76613.66385021	      0.00000000	  63118.85310683	      0.00000000	    493.97883024	  35949.30807201	 100426.27872891	     27.52810254	 462052.51018415
      0.98200000	  68805.35733758	      0.36380473	  50510.93426572	    521.68169960	      0.00000000	  38626.09177814	  78473.82679894	   1168.53434734	 466259.48487063
      0.98300000	  64181.27714209	    134.65936212	  74801.37442583	      0.00000000	    601.17045741	  38489.45227486	 109284.89787693	    -11.01264445	 448686.91929586
      0.98400000	  72291.69973591	      0.00000000	  77868.72622368	   1079.23399978	      0.00000000	  36546.07787172	  89756.39769532	    176.14439164	 414830.83223618
      0.98500000	  84700.45719518	      0.00000000	  45190.63598567	    824.15792686	      0.00000000	  35183.55464421	  60038.08233266	   4934.97240853	 454683.48821051
      0.98600000	  97472.66036034	      0.00000000	  76954.62903621	      0.00000000	     -4.65462574	  32878.68783022	 113251.78359047	    -11.01264445	 451058.56067999
      0.98700000	 104413.32392995	     -4.46847534	  51552.15722357	    138.93933252	    160.35332365	  30518.16066558	  79353.97073214	    975.15153381	 465059.15258634
      0.98800000	  66905.02658503	    173.29364315	  65236.44347777	      0.00000000	    532.12919320	  39727.44863576	  87305.56975025	   1056.14840103	 442660.57074311
      0.98900000	  78038.35143394	      0.00000000	  64819.41083388	      0.00000000	    370.06607056	  36236.99006241	  74796.72580388	   4281.09799853	 425124.28690913
      0.99000000	  64988.19462865	      0.00000000	  69237.73918489	   1622.18247522	      0.00000000	  38855.84495843	  75828.61161678	   1335.50822303	 419203.98226321
      0.99100000	 110613.98276166	      0.00000000	  75621.04826467	      0.00000000	    136.00788411	  31471.65057691	 103397.08536606	    -11.01264445	 438527.70661530
      0.99200000	  67761.84015090	    145.18164587	  84033.02437453	    191.03997348	      0.00000000	  38633.19410686	 111718.86660259	    -11.01264445	 429120.15495113
      0.99300000	 139264.28821213	      0.00000000	  85410.63531991	      0.00000000	      0.00000000	  24012.73732078	 102832.03947164	    674.98876591	 408709.57443339
      0.99400000	  68305.85596726	      0.00000000	  57257.32076842	      0.00000000	    347.33890004	  39282.70967976	  98217.16745198	   1129.29418883	 472012.91972865
      0.99500000	  77189.49014151	    195.33780915	  42372.53536210	      0.00000000	    463.93623030	  37195.40115200	  58690.98866195	   8091.21803682	 455612.51535139
      0.99600000	  62162.01136487	     43.25011828	  95812.08664951	    437.99766354	      0.00000000	  39811.32549604	 120475.48283981	    -11.01264445	 410750.77026268
      0.99700000	 105198.81568488	      0.00000000	  80578.65358677	      0.00000000	     -5.18852485	  32048.28492412	 110758.06573210	    -11.01264445	 435828.28221976
      0.99800000	  68461.17180498	      0.00000000	  72096.92409123	      0.00000000	    398.50540790	  38692.05894670	  84989.49221292	   1738.35402534	 421427.59186456
      0.99900000	  66403.27406040	      0.00000000	  38006.68272002	    595.10396164	      0.00000000	  38872.46923731	  61659.26673545	   4375.39603836	 474820.21414776
      1.00000000	  37270.22077002	     91.23147991	  43854.02186231	      0.00000000	    615.22874552	  44709.05857345	  69263.51605840	   4071.37398944	 468038.88936416
      1.00100000	  76827.04501142	    193.15239247	  84560.16055533	    130.07865603	      0.00000000	  37929.37202777	 109699.19517618	    -11.01264445	 424808.73146585
      1.00200000	  90111.77583096	      0.00000000	  81693.92040507	    106.94623739	     15.55221307	  34419.29073030	  98582.94451864	     13.47648592	 415797.90331542
      1.00300000	  65475.96947575	      0.00000000	  42237.14786094	    167.68898057	      0.00000000	  40069.99066047	  63353.06133576	   3708.64811667	 466462.82845698
      1.00400000	  83122.67913234	     70.36039937	  62769.64880771	    190.88583561	     28.67278935	  35952.96935852	 108291.95046083	    -11.01264445	 473462.99945064
      1.00500000	  73319.41021239	      0.00000000	  58475.56007107	    200.31536152	    -18.88936289	  37886.46852932	  79942.33055442	   1790.61105388	 448916.12633116
      1.00600000	  81925.21129568	     11.84019005	  36084.32578516	      0.00000000	      0.00000000	  37489.76543128	  60016.59818354	   7766.30377270	 472590.47565580
      1.00700000	  88936.63890502	    188.62224377	  74196.75009923	      0.00000000	    424.96780861	  34103.45659794	  94958.53270301	    795.79994770	 429961.93378492
      1.00800000	  91607.85827661	      0.00000000	  60756.53525206	      0.00000000	    242.74123385	  33669.46904328	  71922.97758424	   2821.94571486	 434668.93204367
      1.00900000	  70444.16099637	      4.27118496	  52812.26906320	   1747.09131243	      0.00000000	  37580.48466527	  63096.73965604	   6650.23291923	 439166.06498763
      1.01000000	  97166.07823330	      0.00000000	  76809.28137851	      0.00000000	    405.99351893	  34024.51996334	 120532.39047610	    -11.01264445	 455870.17925864
      1.01100000	  57574.99394544	     53.82095951	  45911.20445170	      0.00000000	    120.05789860	  39849.44173697	  69391.23374101	   3867.49031350	 463401.52225261
      1.01200000	 114575.85196498	    277.34789778	  66755.23292418	    910.53209723	      0.00000000	  29438.26098413	  72760.98893672	   2444.80828151	 420153.48630363
      1.01300000	  65709.10524820	      0.00000000	  62297.89646468	      0.00000000	    784.88275524	  39477.41590671	  67231.01498026	   4801.17963036	 421911.50838880
      1.01400000	  62570.95539339	     72.24012600	  86612.25300219	    310.45651860	      0.00000000	  38667.71580662	 115592.63990520	    -11.01264445	 431766.61316833
      1.01500000	  88452.08406932	      0.00000000	  81978.85505687	    274.02982866	      0.00000000	  34986.77174152	  95941.45194539	    -11.01264445	 413796.13725009
      1.01600000	  93560.02432492	      0.00000000	  59163.98790134	   1004.57999215	      0.00000000	  32165.77618670	  93492.01676766	   1964.34833630	 460504.45589240
      1.01700000	  94862.18343708	     -0.05990301	  53279.03266478	      0.00000000	     25.59702625	  33459.89150570	  93101.95991034	    909.45515792	 476979.07789865
      1.01800000	  82798.54658754	     36.77951492	  36387.29222318	      0.00000000	    644.67983836	  36060.21686851	  57910.13689995	   7188.61405634	 469947.57434476
      1.01900000	  63864.48797164	     89.43853517	  63242.10577157	   1239.30867943	      0.00000000	  39378.52595560	  84385.55257125	   1303.43947998	 443778.23548809
      1.02000000	 109069.61630019	      0.00000000	  63685.06332154	      0.00000000	    387.36803002	  30983.54895417	  82339.21249504	   3868.08811049	 437568.14935997
      1.02100000	  65776.39530664	      0.00000000	  75586.00455397	    -10.89510444	    237.17671629	  39600.06751019	 117427.03878978	    -11.01264445	 458870.16077265
      1.02200000	  87719.76596365	     57.33850719	  39518.83282740	    314.27826159	      0.00000000	  35490.90200087	  46942.70235055	   6959.33593449	 452381.96761200
      1.02300000	  56665.34518676	     -0.00437955	  46536.21422006	      0.00000000	    706.45205660	  40131.98128318	  50266.56091849	   5869.13799436	 442119.61837567
      1.02400000	  78852.67583389	      0.00000000	  76899.80881971	   1134.63650113	      0.00000000	  36805.22737239	 119845.73984006	    -11.01264445	 454249.25535508
      1.02500000	 109779.80390351	     21.89287419	  71225.80692954	      0.00000000	    571.19684706	  30140.15838500	 102414.94908621	    -11.01264445	 447355.62092282
      1.02600000	  45603.16558561	      7.44336507	  61153.13326032	    308.18533345	      0.00000000	  43139.01452268	  89481.23919029	   2709.67523338	 451429.28787393
      1.02700000	  97798.03835527	     40.84190316	  58924.44823904	      0.00000000	     -2.49664863	  32592.21860432	  87016.36969501	   3715.52131598	 452760.65762592
      1.02800000	  74500.07933057	    111.51383460	  63180.12162138	      0.00000000	    411.13658611	  36516.02174309	  65278.91047942	   3068.87483931	 420264.84122053
      1.02900000	  93765.24957172	      0.00000000	  57864.58230283	   1023.66593445	      0.00000000	  34641.70891571	  62054.32937562	   4253.62628478	 428990.90663625
      1.03000000	  75266.89573669	      0.00000000	  55645.17415354	      0.00000000	    334.97904486	  38428.71495430	  91986.80798647	    -11.01264445	 472804.55644655
      1.03100000	  62049.35731938	     -0.94876899	  54625.76073701	      0.00000000	    492.91970366	  39735.64472444	  87235.41608538	    985.33994983	 465709.75797638
      1.03200000	  62158.95732049	     55.18919948	  30246.20504151	    597.97135095	      0.00000000	  38693.43809912	  48226.22366374	   6546.49940109	 477123.09122433
      1.03300000	  88817.40433194	     77.14452372	  62723.99255388	    977.17648639	      0.00000000	  35896.54625977	  84477.88972922	   3023.85077207	 442907.40278243
      1.03400000	  74228.99594226	      0.00000000	  66415.92128673	      0.00000000	    334.36235237	  37572.21845009	 107623.64550904	    -11.01264445	 464552.01777356
      1.03500000	  87348.73592289	    117.40001204	  65788.70513964	    890.14642385	      0.00000000	  34777.65910689	  94675.83954715	   1375.78281430	 448252.99370300
      1.03600000	 120362.69358620	      0.00000000	  59929.88300627	    307.47587994	      0.00000000	  29449.94057670	  74445.95947660	   2826.68616395	 439236.98500252
      1.03700000	 107685.98943447	      0.00000000	  60729.60743981	      0.00000000	    553.92186892	  30931.64817098	  73151.19440998	   4001.69606141	 434294.16216397
      1.03800000	  70424.92472678	      3.27012044	  45285.26947672	    183.08451211	     -5.48579868	  39283.76683427	  52373.11573082	   6087.55915615	 446286.66406206
      1.03900000	  76598.46935048	    107.94876245	  80870.50127563	      0.00000000	    458.84360438	  37255.73649379	 115530.92377206	    -11.01264445	 445067.19120612
      1.04000000	  55675.09842060	      0.00000000	  86876.78467202	      0.00000000	     24.37200206	  40811.51632156	 118405.01651772	    -11.01264445	 430094.53409123
      1.04100000	  92946.04923101	     -2.07709518	  63071.65622455	    975.17797053	      0.00000000	  32825.59520163	 107316.02573600	    -11.01264445	 472303.85292435
      1.04200000	 130460.84176213	    111.81044601	  80699.02115848	      0.00000000	    772.96953201	  24761.67955788	 102053.14278664	     -0.99567676	 423508.50448584
      1.04300000	  71408.89654154	      0.00000000	  90099.06032169	    795.77279737	      0.00000000	  38008.41237492	 128286.23279950	    -11.01264445	 436690.76407026
      1.04400000	 118653.74355350	     90.61724606	  46894.69097081	      0.00000000	      0.00000000	  28621.36539403	  70777.97717086	   5190.03055121	 460840.60204796
      1.04500000	 102682.10098568	     -2.58649397	  54622.12292368	      0.00000000	    622.80648343	  31950.08913539	  47906.30158006	   8355.22490285	 413787.59617659
      1.04600000	  80102.66476542	      0.00000000	  63320.65176215	    140.14863668	      0.00000000	  36228.57471519	  95577.56280957	    -11.01264445	 457816.92715438
      1.04700000	  53168.16190143	     60.23591370	  70787.44502501	      0.00000000	    480.55900970	  40708.92568878	 119673.69427018	    -11.01264445	 468620.87993694
      1.04800000	  57541.52658495	      0.00000000	  41558.63340101	   1205.02351157	      0.00000000	  41784.71101583	  56157.51163283	   6364.26375527	 456979.28753055
      1.04900000	  87968.27044171	     40.45268929	  33998.78793507	      0.00000000	    510.85462270	  34784.62113688	  60373.40260813	   6560.74539970	 481612.97126098
      1.05000000	  63697.99329288	     44.97524188	  81375.69705700	     -5.17867466	    474.04648879	  39456.42119895	  99355.98486617	    -11.01264445	 420061.19525107
      1.05100000	  76953.77637800	      0.00000000	  59053.13914258	   1490.59103578	      0.00000000	  37716.58864156	  81529.80597798	    933.54207449	 450618.22308563
      1.05200000	 112958.01937153	      9.05773111	  83104.77241518	      0.00000000	    649.45132477	  31380.05106921	 119184.73890502	    -11.01264445	 440998.56943215
      1.05300000	  72110.99230719	      0.00000000	  34118.27393297	      0.00000000	    196.91860201	  37683.73127337	  53759.18985690	   8458.33852039	 469314.82500253
      1.05400000	  77405.06907525	     -4.16813826	  40955.34626007	    527.66509731	      0.00000000	  37579.09563634	  67273.06835566	   4009.77585463	 473768.34712519
      1.05500000	  52358.40793663	     69.92249474	  53219.53081172	      0.00000000	    534.01955377	  42229.19538904	  89781.63728727	    173.11691808	 475049.65842017
      1.05600000	  96415.34145634	    120.17878066	  68481.25403760	   1539.89235309	      0.00000000	  33511.04774049	  75745.61844368	   2253.74570149	 419180.74547171
      1.05700000	 121503.68576787	      0.00000000	  43506.54160728	      0.00000000	    566.58039189	  28805.52836683	  61529.49115749	   6764.48539674	 457339.05516465
      1.05800000	  35176.84619760	    115.00694067	  55380.38734574	      0.00000000	    779.07752548	  45119.60317759	  86152.49364539	   1488.17166405	 461876.74530700
      1.05900000	  79214.16997416	      5.92010620	  84592.70773006	    155.91858624	      0.00000000	  36099.08048888	 105348.79122922	    -11.01264445	 421352.70252568
      1.06000000	  83128.81535436	      0.00000000	  59315.72055880	    643.80506673	      0.00000000	  36097.62475916	  72829.10881553	   2416.13242346	 439695.43345082
      1.06100000	  88288.08402480	      0.00000000	  46769.68785305	      0.00000000	     66.19554447	  34685.83409193	  71988.61834016	   6357.77473162	 461190.90486797
      1.06200000	  72681.79140114	      0.00000000	  65940.94527298	    608.25147425	      0.00000000	  38640.54015271	 117937.03847803	    -11.01264445	 483306.23085725
      1.06300000	 100482.92795828	      9.14825350	  47809.40741557	      0.00000000	     -7.98980748	  33373.77511900	  75790.93453945	   4582.34609972	 464773.71211596
      1.06400000	  77832.58142026	     -2.96953468	  60814.13579789	      0.00000000	    453.40652130	  35621.71867351	 107705.67241382	    -11.01264445	 478866.64147645
      1.06500000	  78336.79095077	    105.99812266	  62198.00254676	   1773.25859734	      0.00000000	  37958.46883787	  91827.01390134	    352.17870287	 454622.82786927
      1.06600000	 115341.44354442	      0.86259721	  78470.85329393	      0.00000000	    859.49396622	  29358.41030450	 102022.65773812	    -11.01264445	 431602.95851964
      1.06700000	  89233.90633741	     -0.04648550	  85707.21106290	      0.00000000	    150.79182325	  33034.64442377	 110569.24762771	    -11.01264445	 423767.14766299
      1.06800000	  85526.75562123	      0.00000000	  54669.61448931	    241.11499126	    113.47856238	  34552.31446069	  61929.52257556	   7298.41101847	 432586.52957670
      1.06900000	  54029.02299175	     24.64629234	  43974.92574900	    884.71383184	      0.00000000	  40733.93256346	  54122.10609252	   7299.89722711	 448911.58751914
      1.07000000	 119670.64360340	     33.71840127	  78381.39240845	    250.78874312	      0.00000000	  28077.72319559	 108707.76071790	    238.11274598	 437330.17975049
      1.07100000	  47455.65835750	     25.21012516	  64501.66326344	      0.00000000	   1122.67115403	  41875.95071599	  89257.53495905	   2924.33580658	 444089.61455342
      1.07200000	  71571.93046201	      0.00000000	  59889.68872748	    795.24887428	      0.00000000	  37411.94211640	  65625.16694270	   5180.00561113	 426067.18621545
      1.07300000	  83628.21725491	      0.00000000	  66688.44034552	    955.97218054	      0.00000000	  35449.01428713	  99730.09681886	    482.83236028	 452574.28108869
      1.07400000	  77560.96389343	     39.02347878	  32063.51724072	      0.00000000	     33.94194005	  37983.62978895	  49191.04599053	   7842.71039541	 470436.37588049
      1.07500000	 106135.36004292	     -1.52604317	  81322.95414741	    525.56174537	      0.00000000	  31794.95597248	 117202.68584332	    -11.01264445	 446425.37548158
      1.07600000	 102849.52638038	     15.41307950	  37400.91127986	      0.00000000	    435.41776111	  32971.57910504	  48323.00225363	   6192.82078793	 459294.63488019
      1.07700000	  60460.64623995	      0.00000000	  56124.72059833	      0.00000000	    636.47627430	  39320.61832178	  74597.80903542	   1894.03304311	 448941.18178394
      1.07800000	  61386.89038123	     25.47514662	  53154.27349139	   2070.31042907	      0.00000000	  41292.19018178	  91555.06543603	    490.32672183	 476335.28267752
      1.07900000	 125754.21689703	     55.58355238	  65976.88172233	      0.00000000	    668.14673809	  28909.91666896	  69863.90764817	   2351.25260886	 419116.28971347
      1.08000000	  48901.01390254	      0.00000000	  68906.54960886	    130.80484790	      0.00000000	  43110.94015749	 105342.23810253	    -11.01264445	 456779.31223509
      1.08100000	 107604.45886452	      8.67710423	  79836.65977047	      0.00000000	     -8.56436190	  31457.58900570	 115211.90513629	    -11.01264445	 443910.60457067
      1.08200000	  64908.05996598	     -0.36335710	  62566.98122162	      0.00000000	    542.10192777	  38796.45696146	 100651.88185547	    101.51250728	 463368.92246748
      1.08300000	  88911.85709029	    205.70905136	  89462.32276621	    810.55817150	      0.00000000	  35132.43633256	 121819.64544374	    -11.01264445	 429699.94183875
      1.08400000	 106878.95931765	      0.00000000	  71503.87568337	    646.82294421	      0.00000000	  31117.47641514	  86483.52552085	   1278.55178420	 425836.23195406
      1.08500000	  93659.49014715	      0.00000000	  63271.47775720	      0.00000000	    447.84357048	  34477.34874271	  90999.63999688	    463.45403316	 451349.71904938
      1.08600000	  75911.66861589	      0.00000000	  57049.98591642	      0.00000000	    232.92796673	  35794.98900358	  93691.76451397	      0.54334442	 469802.39285120
      1.08700000	  67164.53358006	     44.64608965	  70500.02855739	    413.92479280	     -0.37064008	  38314.56599730	 120055.18592333	    -11.01264445	 471798.50818423
      1.08800000	  87183.68297008	     95.37338194	  77282.74785146	    785.60953620	      0.00000000	  35013.22482908	 109925.48529509	    129.23723377	 441488.06716233
      1.08900000	 125060.41884779	     85.68337056	  82556.76893582	    426.61873714	      0.00000000	  28358.24854272	 109898.06415464	    -11.01264445	 431258.37588692
      1.09000000	 110319.13207855	      0.00000000	  56290.34607750	      0.00000000	    340.11660773	  30872.29434462	  65663.10840607	   5657.00851825	 434811.53763774
      1.09100000	  74550.12871269	      0.00000000	  42644.56656606	      0.00000000	    548.97410407	  37506.13112090	  55879.84848056	   5694.75003799	 455334.39878409
      1.09200000	  42145.31127891	    148.20241444	  58544.40672675	      0.00000000	     64.30446620	  43408.55078333	  85160.93395184	   3353.37134326	 451993.28799877
      1.09300000	 113975.19742746	      0.00000000	  57131.93582612	    535.58192118	      0.00000000	  28731.47571930	  61120.03081122	   8012.32687369	 424158.67623367
      1.09400000	 101370.70291952	      0.00000000	  35038.71402878	      0.00000000	    597.59782961	  31331.54230972	  63768.09989223	   6369.76541884	 483656.65950023
      1.09500000	  60490.68578279	     43.52400967	  67079.83514213	    411.57499118	     -5.58511424	  40038.25400129	 105859.02771090	    -11.01264445	 462626.23359448
      1.09600000	  81600.62016647	      2.75294429	  44931.39319946	    245.08669863	      0.00000000	  37384.56298576	  80805.80504455	   2455.70351648	 483038.77635433
      1.09700000	  66555.10925810	     74.49574079	  45004.80904058	      0.00000000	    321.04318120	  39371.21528414	  73409.98564841	   5176.99350815	 468352.40928488
      1.09800000	 100774.11814338	    183.39198488	  58208.98110227	   1439.23446791	      0.00000000	  31516.59925720	  73675.75688624	   6015.46917472	 438667.38622143
      1.09900000	  82161.49512412	      0.00000000	  45632.38672709	      0.00000000	    879.14732265	  37097.32557762	  55332.80488870	   8459.56550004	 445315.98147042
      1.10000000	  46940.68553048	     42.29147836	  50966.25775227	    859.97839947	      0.00000000	  42539.92875364	  90121.48836603	   2094.53885087	 477763.23048180
      1.10100000	 129377.93597455	     -2.65244913	  49652.11303285	     -7.63447209	     -4.95234115	  27439.90880366	  49406.43747990	   7044.92259532	 431842.95585122
      1.10200000	  79777.28546085	      0.00000000	  38384.28219171	      0.00000000	    213.36474470	  35839.07289208	  58371.89249279	   4179.94117768	 470352.71918050
      1.10300000	 127001.76043872	     69.55104463	  55486.31657026	    528.89096708	      0.00000000	  25803.56634136	  73399.26796362	   3820.82414829	 446658.08138641
      1.10400000	  78094.48039984	      0.00000000	  52753.61631755	      0.00000000	    971.23537551	  37305.93834945	  83503.27829077	    781.01680741	 466852.24766668
      1.10500000	  55896.17043954	     85.59556745	  68097.37855701	    260.45595951	      0.00000000	  40633.46112816	 101757.64183390	    -11.01264445	 453083.74039394
      1.10600000	 100989.85575742	      0.00000000	  68117.35139339	    215.93714321	      0.00000000	  31559.95828277	 102258.08326702	   1222.94074789	 451299.88116921
      1.10700000	  96884.63331255	     12.13529585	  57467.67475825	      0.00000000	    295.48059676	  33849.22413460	  92594.59512405	   1876.19391267	 463510.72629934
      1.10800000	  61428.17262782	      0.00000000	  63527.78952263	      0.00000000	    715.23133109	  39198.05768700	 101685.52353353	    311.83920059	 461779.85722189
      1.10900000	  29539.00309597	      0.00000000	  39239.90658891	   1115.60635658	      0.00000000	  46794.89024043	  69692.47593331	   4126.19990899	 482420.61230375
      1.11000000	 107760.95745832	    257.25380231	  72373.63161177	    -10.76630925	     31.70371347	  30311.53249135	  95169.85272665	   1311.97962200	 434097.21999360
      1.11100000	  64234.22960540	      0.00000000	  85019.44237066	      0.00000000	    682.86283529	  38937.44045085	 108345.79582825	    -11.01264445	 423447.86639568
      1.11200000	  65984.15778452	     -2.56294942	  39885.28426151	   1633.98909166	      0.00000000	  39632.53200159	  67383.56408335	   5379.92429561	 474698.82429457
      1.11300000	 109294.41044327	     49.56223853	  82821.65987583	      0.00000000	    825.42109571	  31494.61429548	 116790.91943320	    -11.01264445	 441716.88165425
      1.11400000	  52523.46135278	      0.00000000	  66869.45138072	     -0.06932265	     -0.40029208	  41324.26160219	 103487.96479318	    -11.01264445	 458474.52926711
      1.11500000	  97645.15079211	     56.89189607	  56838.99868999	    492.56288985	      0.00000000	  33568.34247386	  79580.68182564	   3417.10869015	 450056.01584331
      1.11600000	  70608.98844905	      0.00000000	  45397.24702403	      0.00000000	    381.95154345	  38840.94503115	  64464.46578829	   7144.83246894	 455738.09800884
      1.11700000	  74480.21311478	     -0.01153887	  66066.56664544	    720.65981034	      0.00000000	  39535.90752161	 121988.84712695	    -11.01264445	 486820.37555675
      1.11800000	  91907.95974983	     52.31243846	  34554.04606070	      0.00000000	    679.28947614	  33902.37248510	  60983.22592769	   7871.68521313	 478442.85725134
      1.11900000	  73217.19328891	    160.91795245	  77851.66089154	    913.95766547	      0.00000000	  37190.27621367	  94370.06338990	     -1.34216635	 421728.01360658
      1.12000000	  93255.90837411	      0.00000000	  58101.74619158	      0.00000000	     -5.66735247	  34611.99778237	  63117.01631778	   5891.82520359	 426851.32067822
      1.12100000	  71906.51614761	     -2.35674707	  27938.85137702	      0.00000000	    106.71983630	  37938.76659718	  47849.68201368	   8061.24656766	 480883.15192363
      1.12200000	  93868.71610698	     50.80162916	  62330.49309556	   1248.83718215	      0.00000000	  33470.90328046	  81077.80948186	    885.03213750	 443504.75757548
      1.12300000	  66195.73427155	      0.00000000	  47991.85262684	      0.00000000	    201.04323640	  40648.58312927	  79536.77014936	   4428.34002399	 468910.97334381
      1.12400000	 114609.91387353	    218.83021393	  83560.46172580	    705.74163632	      0.00000000	  28473.46151441	 117433.81066383	    -11.01264445	 440073.35902710
      1.12500000	 122137.81158572	      0.00000000	  84098.22137448	     59.10214084	    454.68369955	  29018.70141877	 118752.88735937	    -11.01264445	 438045.78524899
      1.12600000	  66571.53589156	     23.25761458	  66440.47565189	      0.00000000	      0.00000000	  39660.00166443	 116693.82812722	    -11.01264445	 476230.33231314
      1.12700000	 117985.57678869	    168.31131887	  50974.89976500	      0.00000000	    198.22734677	  29048.51313544	  52130.16851375	   6764.72323006	 431825.35796569
      1.12800000	  92637.36224571	      0.00000000	  68662.90943399	    542.21648487	      0.00000000	  34639.90580077	 101988.02589641	   1110.11364066	 449995.66204626
      1.12900000	 113140.89060313	    131.09887913	  53414.82370368	      0.00000000	    460.36254818	  30437.92257979	  71896.44264383	   2342.54438838	 451546.09071544
      1.13000000	  65840.78781058	      0.00000000	  87366.79128994	      0.00000000	    117.62402597	  38240.49278184	 116492.22637367	    -11.01264445	 427284.12389056
      1.13100000	 102039.54615270	      1.06285612	  44408.84329890	   1009.16540290	      0.00000000	  33398.90507222	  71527.46329890	   6147.58133911	 466521.36620838
      1.13200000	 103361.81900026	     23.50626655	  62213.24074515	      0.00000000	    811.75180752	  32145.48312448	  78654.82995996	   3749.71039259	 437090.72110240
      1.13300000	  59058.50028469	      0.00000000	  57114.84993724	    670.16852051	      0.00000000	  40958.58772864	  97976.53577231	    293.88497088	 473811.66320311
      1.13400000	  96610.07377587	     42.48211447	  64238.23132917	     25.31090045	      0.00000000	  34026.45360854	 105575.05913996	    455.42319664	 464357.32950371
      1.13500000	 118337.70191340	      0.00000000	  65484.88881003	      0.00000000	    648.56876504	  27373.12965001	 109377.57532536	    -11.01264445	 469092.94967889
      1.13600000	  46891.10894988	     85.48525352	  63912.23150510	    119.99281586	    263.20781553	  42316.65266324	  98990.91772213	   1727.12347715	 456249.05334528
      1.13700000	 107277.05865766	      0.00000000	  59443.52940253	   1283.93190222	      0.00000000	  31786.78306433	  77298.55370498	   5626.54610887	 440170.09710894
      1.13800000	  76766.43594329	      0.00000000	  43369.12005020	      0.00000000	    931.75021664	  38875.73243872	  80957.99222863	   3029.53662857	 488121.97643972
      1.13900000	  74089.79557442	    136.30137264	  75375.90623786	    234.43689794	      0.00000000	  38031.64872469	 115467.76819082	    -11.01264445	 454797.12434325
      1.14000000	 124069.74994174	     -0.31839158	  65803.59614444	    810.35769953	      0.00000000	  27690.51221169	  90102.48606850	   2527.59785852	 442494.65356822
      1.14100000	  66722.58771485	      0.00000000	  58118.48156161	      0.00000000	    873.09384440	  39527.67949259	 103522.40416374	     -9.38100640	 480186.57133365
      1.14200000	  56820.02809349	     62.98651455	  31262.29577010	    682.27122322	      0.00000000	  41211.66276188	  54830.57526285	   8032.51714291	 479899.64490420
      1.14300000	  78953.28255626	      0.00000000	  72766.72996450	      0.00000000	    339.54540005	  38024.92346506	 103550.20280301	    -11.01264445	 447152.90483715
      1.14400000	  57795.49139955	     14.11926550	  31086.65872339	     -4.18297737	      0.00000000	  40157.94115975	  54354.40963207	   5878.28344781	 484388.25684903
      1.14500000	 124010.85116123	     69.52938183	  56893.10103732	    554.90853240	      0.00000000	  26278.46039020	  65048.41930173	   3987.49850699	 435139.22397479
      1.14600000	 106168.60932583	     13.80876369	  60937.32800731	    315.99643174	    167.39811971	  30412.04802727	  81456.73535813	   2296.17925950	 444544.03604783
      1.14700000	  84044.30969817	     91.55639768	  58432.68311711	      0.00000000	    775.91396894	  36212.61280339	  58977.42804081	   4144.00098768	 424234.21092692
      1.14800000	  63461.38220370	      0.00000000	  90600.91661236	    750.37966284	      0.00000000	  38536.21521370	 123412.90256550	    -11.01264445	 429030.23107656
      1.14900000	  95087.78140262	      0.00000000	  56678.93750330	   1168.52001013	      0.00000000	  35142.99118429	  86117.91331708	   1037.93634036	 459655.61822007
      1.15000000	  86362.88823555	     82.65053854	  35726.97458372	      0.00000000	    551.15471522	  34955.43881301	  47577.94685663	   6453.91625603	 461975.12580309
      1.15100000	 113295.58420507	     14.26723802	  57790.65799741	   1242.68746231	      0.00000000	  29680.24610009	  61653.40617702	   8211.45463704	 422757.10804789
      1.15200000	  99230.64906184	      0.00000000	  47089.64281983	      0.00000000	    469.70706638	  33971.38316959	  60203.31156859	   7286.48492532	 448032.68743109
      1.15300000	  99008.59704181	    115.81933183	  60595.55093177	     90.50445373	     18.98584242	  33896.43162994	  72255.10429736	   3699.06437378	 434063.19337131
      1.15400000	  95770.24234487	      0.00000000	  67085.55018573	      0.00000000	      1.98387800	  33772.28375953	  90688.04246465	    830.41877074	 442323.01562220
      1.15500000	  66154.67142579	      0.00000000	  59515.53055885	      0.00000000	    264.78756203	  38903.02581017	 109384.21966824	    -11.01264445	 489219.78873148
      1.15600000	  85339.63142712	     76.74774356	  81176.79617324	    726.21105100	      0.00000000	  36061.41821605	 105587.39126688	    -11.01264445	 429647.26190064
      1.15700000	  71858.17201692	      0.00000000	  41596.66670451	     -1.57491412	      0.00000000	  38026.74195179	  62545.72146918	   6524.24555399	 462932.68035873
      1.15800000	  69348.68830883	      9.70891229	  51160.68718095	    289.66982884	     -3.13043517	  38985.89810383	  83690.11983960	   3961.26606047	 466353.58282029
      1.15900000	  88567.38687825	      4.52108097	  61814.62123856	    906.44806509	      0.00000000	  35562.31068852	 107804.06493245	    399.44196171	 473832.08735927
      1.16000000	 138104.46956084	    182.41678015	  78089.74924798	      0.00000000	    226.31269566	  25554.79427643	 111157.01087543	    -11.01264445	 444910.25875045
      1.16100000	 108360.73366382	      0.00000000	  46736.81283643	      0.00000000	    353.16406435	  30705.01066300	  48290.73040872	   6872.45592532	 438192.23483232
      1.16200000	  90945.14292078	     10.54016844	  49242.30150888	      0.00000000	    399.52742968	  33488.75081640	  89268.34002904	   1759.18625344	 482801.98827276
      1.16300000	  69613.57573643	     61.17602158	  72885.47262589	    582.79526700	     -3.93630179	  37464.01934566	  96992.04995467	    956.24686939	 435484.39642671
      1.16400000	  96514.17349634	      0.00000000	  33462.93106213	   1500.05262245	      0.00000000	  33991.29991961	  49129.38658498	   7757.39943762	 466838.99052589
      1.16500000	 107481.93813062	     19.94547030	  64663.46276464	      0.00000000	    241.45912843	  32908.92931858	 116340.31751852	    -11.01264445	 486371.26155506
      1.16600000	 107189.49210111	     26.30773228	  39942.08043385	      0.00000000	    608.12623263	  29722.70885515	  62662.06574127	   4738.57663907	 469814.52336404
      1.16700000	  86304.08782457	     89.86651442	  66841.31116888	    579.57798259	      0.00000000	  34507.35150163	 101229.92279012	    713.08893681	 453429.05424995
      1.16800000	 140372.39719101	      5.69226643	  68449.50457099	    360.62009315	      0.00000000	  24047.29091418	  83038.13598706	   2089.43459222	 428501.88125405
      1.16900000	 100230.97584060	      0.00000000	  82370.81234104	      0.00000000	    758.20049608	  32767.63270367	 118781.40989578	    -11.01264445	 445682.94145913
      1.17000000	  75375.49020638	      0.00000000	  60762.72344583	    856.21267201	      0.00000000	  37895.12734345	  93190.48864988	   2679.43079974	 456077.00766121
      1.17100000	  61774.91047498	      9.88348692	  62072.94368043	      0.00000000	    761.16906883	  41272.84152412	 109792.82326833	     -1.81364593	 477128.40818779
      1.17200000	  48516.78647732	     62.40567970	  50773.33914496	    618.64888551	      0.00000000	  41883.76243440	  65307.53936056	   3440.01134446	 449760.33244147
      1.17300000	 117155.18271677	      0.00000000	  51917.49687733	    647.91510925	      0.00000000	  29184.84564791	  79451.85605485	   3297.20408590	 460568.55613519
      1.17400000	  53600.84384418	     -0.40404529	  72711.42850117	      0.00000000	   1190.91075071	  42187.50833046	 113679.71452839	    -11.01264445	 457153.79459361
      1.17500000	  48644.11609920	      0.00000000	  43541.90904815	    843.39794383	      0.00000000	  42351.83740891	  78975.97505492	   5297.31961108	 480306.96314552
      1.17600000	  95888.81394376	     74.91157114	  62417.94302505	    -15.91128343	      0.00000000	  32470.36422492	  99973.17236254	   1771.55936317	 460572.33710944
      1.17700000	 107920.18267839	     24.03851198	  48970.38696524	    727.03419411	      0.00000000	  30753.91413652	  62494.32144912	   7275.68576431	 446310.46194419
      1.17800000	 109350.01097647	      0.00000000	  71605.64640792	     48.90672453	    490.15725653	  31232.79908318	 111189.32286613	    -11.01264445	 458257.14300416
      1.17900000	  48508.73129933	    103.79222972	  57093.64810051	      0.00000000	    165.48716918	  42605.04366760	  92385.94389216	   3286.67968005	 462885.04884049
      1.18000000	 127624.54276856	      0.00000000	  58696.28185938	    907.96040838	      0.00000000	  27444.89254508	  67817.81553842	   4262.28895401	 433138.52341109
      1.18100000	  78421.67009358	      0.00000000	  43550.95959040	      0.00000000	    825.91549828	  39423.20983787	  82722.65222682	   3175.16916188	 490465.12816356
      1.18200000	  63672.98391858	     24.37420458	  33157.28923820	    -21.60882247	      0.00000000	  40601.49510224	  50715.63685833	   6449.48623074	 471673.42184993
      1.18300000	  93097.70770124	     23.26377572	  53278.12968743	    493.67179848	     25.68182860	  35277.00405425	  92073.58623858	    103.82522295	 478260.16809209
      1.18400000	  61177.08770471	     25.36462167	  67293.08103857	      0.00000000	    456.23205810	  41076.60537158	 102789.72207977	    -11.01264445	 456084.33248322
      1.18500000	  66103.34610077	     -3.48203850	  48485.39274783	      0.00000000	    222.57000170	  38878.72293752	  77250.06027866	   3218.49498817	 466447.63803074
      1.18600000	  61012.38529920	    179.13553573	  48712.57600329	    257.00308680	      0.00000000	  39388.09744934	  54368.01518030	   5287.49821926	 441893.95839440
      1.18700000	 117556.49831899	     20.47665797	  67947.51702415	      0.00000000	     -7.74826277	  27247.38228373	  80475.75575984	   5049.45543481	 422919.42466942
      1.18800000	  88602.16007591	     -2.69639657	  70098.41268922	    973.93152508	      0.00000000	  33803.00114398	  92270.63757753	   1482.21873359	 436060.03564639
      1.18900000	 134741.31177801	      0.00000000	  76782.52145880	    703.28126022	      0.00000000	  26711.94558173	 108784.17178724	    -11.01264445	 443296.91852264
      1.19000000	 109095.23424103	      5.83416649	  61700.62030549	      0.00000000	      4.05843130	  31022.59058693	  92736.21401872	   2647.50462624	 453642.64487910
      1.19100000	 144440.62993613	    134.63410619	  54817.44305727	      0.00000000	    357.52369393	  23725.69186860	  59637.83643314	   6320.13852196	 430883.59473351
      1.19200000	  55951.95586735	      0.00000000	  80556.24855392	      0.00000000	    806.75872641	  41350.54439419	 121641.79972899	    -11.01264445	 450289.25364186
      1.19300000	  92689.15645766	     54.63444025	  61288.97875187	    724.29126140	      0.00000000	  33046.51774849	 104676.98161507	    -11.01264445	 476151.25481362
      1.19400000	 133424.40880565	      0.00000000	  75999.40416127	    675.56040907	    155.87964581	  26416.19494318	 104870.93894396	    242.83435660	 438419.62864605
      1.19500000	  81282.56556860	      3.61412692	  30331.38171513	      0.00000000	    251.16480517	  36547.54046344	  47192.80291852	   7019.94647228	 474548.93871314
      1.19600000	 107028.56855127	    123.42006802	  76385.72647057	      0.00000000	    533.70230552	  30957.84593932	  96108.43702016	     42.28481469	 427601.61168190
      1.19700000	  45998.41287394	      0.00000000	  72181.70099937	   1168.99021073	      0.00000000	  42436.15982638	 122300.76364581	    -11.01264445	 468908.01861356
      1.19800000	 101941.94371484	     13.36557970	  65099.02919839	    236.87236716	      0.00000000	  32882.90138684	 119900.77614148	    -11.01264445	 487736.38520183
      1.19900000	  67892.06912865	     27.41065242	  38915.20914731	      0.00000000	    216.44607013	  39028.80856463	  70954.29065322	   6176.28722607	 481892.61074393
      1.20000000	 112999.32440454	      0.00000000	  51050.57923190	    615.87216240	      0.00000000	  30426.76954791	  67425.19560186	   5456.72672614	 448482.77591860
      1.20100000	  73627.65515602	     18.45431972	  63725.90788986	     18.18608831	    191.97518782	  38757.53224070	 117803.30520272	    -11.01264445	 489599.60917460
      1.20200000	 113928.25412653	    150.64250498	  48460.77756834	    796.03459375	      0.00000000	  30494.37797749	  73207.72829942	   2438.62154543	 463419.36260159
      1.20300000	 144410.50956414	     11.56734886	  56651.05454295	      0.00000000	   1026.94876488	  22085.49096258	  56094.58890543	   5138.08946586	 423924.82333743
      1.20400000	  66510.36729858	      0.00000000	  61604.86674349	    846.01555144	      0.00000000	  38785.77918947	  93296.70495513	   3002.05148864	 454159.07363214
      1.20500000	 120426.81365196	      0.35855406	  59212.69119200	      0.00000000	     -4.80197718	  29321.95340655	 108513.59970850	    -10.95729340	 485014.39720280
      1.20600000	  83866.69803511	     45.59827581	  80519.81777468	     -1.95172095	    236.46899407	  36037.87208647	 119455.09668736	    -11.01264445	 449264.68018398
      1.20700000	 111224.29144332	      7.36836630	  45382.44291578	    652.73548179	      0.00000000	  31562.08211771	  71449.32829435	   4948.54651222	 465406.36388570
      1.20800000	  78400.46232352	     77.93912323	  45922.46587531	      0.00000000	    819.91584635	  38186.58449136	  48903.79680773	   7415.20189095	 439841.30277239
      1.20900000	  63632.39066063	      0.00000000	  57802.22946523	      0.00000000	     95.44933223	  39946.12542318	  90004.91450251	   3864.54214448	 458161.26462658
      1.21000000	  78642.51091829	     -0.02108727	  42596.80185830	    914.87457002	      0.00000000	  36854.58331171	  48969.27089453	   7932.27676208	 446442.10383812
      1.21100000	 104500.90022150	      0.00000000	  59952.29640302	    455.65216004	     21.19003482	  32884.00006339	 105257.45520595	    -11.01264445	 481230.72207349
      1.21200000	  51350.13315570	     82.52579101	  31026.48794644	      0.00000000	    482.21329361	  43327.21811211	  52363.70575261	   6632.21087153	 479895.91356972
      1.21300000	 106285.65898816	      0.00000000	  84922.65192382	    848.91382429	      0.00000000	  30756.86345426	 121974.89052353	    -11.01264445	 440461.80038394
      1.21400000	  80945.01764112	      0.00000000	  37810.19372877	      0.00000000	    331.46019879	  36506.52730347	  64628.04617872	   5370.83794254	 477356.14074201
      1.21500000	  98630.01644828	     18.63106210	  65668.51697794	    246.59933736	      0.00000000	  32857.55584203	 101932.33260376	    976.50255993	 456342.46093454
      1.21600000	  90488.46922432	      7.69918329	  38685.46574405	     75.83967732	    488.53431436	  35698.94240204	  64818.63614376	   6926.03228120	 472559.68897422
      1.21700000	  80388.49803067	    135.76970801	  72973.79804377	    224.66666106	      0.00000000	  37377.15807463	  96248.67700807	    -11.00182568	 437031.07600253
      1.21800000	 128951.60111228	      0.00000000	  77540.35713632	      0.00000000	    322.14493826	  26270.85289388	 112693.77450568	    -11.01264445	 444537.58123252
      1.21900000	  72282.39612914	     46.64643197	  65340.38416969	    259.88331062	     -4.14235033	  37350.45913989	 109845.28601326	    309.07824066	 467207.33652866
      1.22000000	 135030.81858043	     45.36653846	  61458.63529486	    158.95564769	      0.00000000	  25412.76906742	  74665.82507521	   4305.02194448	 433787.63012783
      1.22100000	  82913.55843743	      0.00000000	  74730.20563400	      0.00000000	    460.92232930	  34987.74639853	 120437.11867818	    -11.01264445	 459639.83037186
      1.22200000	 114893.91350673	     78.56024482	  49120.91968898	   1138.54647726	      0.00000000	  28791.69017645	  63931.91605554	   4579.60239906	 450376.82389382
      1.22300000	 115915.43596832	      2.33686049	  71945.41878888	      0.00000000	    829.24769642	  29067.04595743	  88624.49695670	    896.71698157	 428017.28098089
      1.22400000	  83864.21847066	      0.00000000	  71621.88526335	      0.00000000	     64.27684425	  35433.57367474	  90017.63136766	   1002.14665859	 430326.36656113
      1.22500000	  89696.53634485	      0.00000000	  51945.39748679	   1028.70087214	      0.00000000	  33617.66513166	  88263.20208647	   2399.12938485	 471786.51816637
      1.22600000	  80379.00703501	     38.70034036	  46784.06788252	      0.00000000	    418.61855553	  37775.97982481	  83912.25287256	   1675.76071566	 483028.92304924
      1.22700000	  60929.25410247	     40.60422336	  40788.79659664	    148.42464271	      0.00000000	  41470.55164769	  71654.25824159	   4501.20882432	 479345.54196044
      1.22800000	 106321.85622551	     40.39285083	  40179.95504535	    447.10250120	      0.00000000	  32267.38751793	  50347.97975350	   8510.68210282	 451964.59021999
      1.22900000	  83624.04643121	      0.00000000	  44353.21803783	      0.00000000	    687.18639493	  35590.89392376	  65705.26449766	   5050.62431870	 461653.15740783
      1.23000000	  89055.19722730	    175.53432935	  64015.78156450	    414.81059775	      0.00000000	  33831.38304283	  88233.17011930	    346.90139810	 447637.85910647
      1.23100000	 121934.07583684	      0.00000000	  80661.69846397	    946.10442809	      0.00000000	  27767.88312586	 114406.30738260	     -7.96009606	 439380.41619604
      1.23200000	  94351.40111123	     35.53615842	  55265.41721036	      0.00000000	    558.79092487	  34842.85146670	  91629.25278420	   3394.20227539	 466307.09211725
      1.23300000	  82975.03683179	      0.00000000	  50326.88209884	    204.56769092	     40.33394145	  35902.87851113	  53750.91516740	   7661.08238991	 433871.79473022
      1.23400000	  56663.87625032	      0.00000000	  60015.91868324	      0.00000000	    221.46112000	  42881.39811171	 109152.88816787	    -11.01264445	 488516.28793878
      1.23500000	  77786.44909136	    120.42462126	  35219.41677543	    575.57081567	      0.00000000	  36940.65308590	  56575.66200007	   8351.79428875	 469886.31548471
      1.23600000	 150785.20712213	     46.17123195	  60784.97290975	    759.61421457	      0.00000000	  23115.94914275	  65501.70281942	   5681.98013800	 422664.39016930
      1.23700000	 113791.49573568	      0.00000000	  58963.85223347	      0.00000000	    450.39517533	  30287.02288457	  78133.36049662	   4539.04569995	 443134.38635565
      1.23800000	 116728.38752132	     79.99598790	  75905.54195708	    778.12770597	      0.00000000	  30198.41562850	 108763.59605062	    -11.01264445	 445143.83069464
      1.23900000	 128078.93956703	      0.00000000	  75223.64092860	      0.00000000	    253.54039004	  28014.79152113	  99394.23147165	    595.64766390	 433142.75177859
      1.24000000	 104787.58279027	      0.00000000	  74017.21903390	      0.00000000	     74.80543101	  31367.17915552	 114598.25156781	    -11.01264445	 457087.32678512
      1.24100000	 123969.16835454	     66.63099286	  72412.57011578	      0.00000000	     -5.64579469	  25881.56759020	 108920.33611171	    448.00309899	 450210.43284142
      1.24200000	 123285.03738072	      0.00000000	  46730.59271927	    816.60993673	      0.00000000	  27175.12171499	  71360.75064136	   6907.52053017	 460093.66595397
      1.24300000	 121439.90514924	     -1.79025477	  64157.06316855	      0.00000000	    609.08562007	  26914.83966922	 116354.56305486	    -11.01264445	 485119.98686533
      1.24400000	 107431.01642999	    223.74979090	  89795.39600831	    -23.51584246	    219.84539212	  32035.28599590	 118764.45869831	    -11.01264445	 425768.39929458
      1.24500000	 107974.28494511	      0.00000000	  81558.00636019	    257.87182587	    114.11503054	  30074.69215735	 108470.39667275	    148.18080831	 429214.11190831
      1.24600000	  65486.77399034	      0.00000000	  46336.77078333	    744.84103806	      0.00000000	  39617.52339864	  65257.04314156	   7202.13402550	 454465.59112002
      1.24700000	 111141.02439009	     30.77491386	  54174.97223485	    591.63077286	      0.00000000	  30415.45805159	  92119.65235733	     45.86971538	 475809.26219120
      1.24800000	  96658.96007903	     -1.04583737	  61936.68541540	      0.00000000	    691.11515107	  33139.88036319	  76972.23953938	   2424.03461241	 437675.43039436
      1.24900000	  73673.28876267	      0.00000000	  44675.10014937	     19.62550904	      0.00000000	  37707.39792869	  73539.61860360	   2923.53343768	 472756.91347728
      1.25000000	  76460.68483338	     61.01509789	  57270.31054751	      0.00000000	    327.60233937	  37043.03476587	  92078.32221929	   1998.19228204	 463261.07553247
      1.25100000	  68257.43793509	      0.00000000	  61250.87740179	    457.63007582	      0.00000000	  38366.24262744	  93417.15959648	    144.63196450	 458760.99010149
      1.25200000	 100155.12342058	      0.00000000	  33126.26855152	    939.65726415	      0.00000000	  33802.33317987	  52199.01116551	   6288.10711378	 473818.99394222
      1.25300000	 116733.62902575	    113.07418840	  43780.55889308	     46.68043248	    150.75465361	  29645.53060650	  62043.52303295	   6830.78117621	 457171.11478229
      1.25400000	 124435.66237189	      0.00000000	  71801.85796394	     71.52915917	    -11.77226678	  29268.89060434	  93922.27448125	   2210.99964443	 432995.68677848
      1.25500000	 128045.24827140	     -4.09489199	  69169.85463162	    440.25964005	      0.00000000	  26688.81422126	 113065.48267993	    -11.01264445	 462907.27085463
      1.25600000	 147361.39334337	    161.94427510	  59968.66686613	      0.00000000	    582.35394396	  21026.55457083	  74455.23190991	   5060.20964979	 436335.46635088
      1.25700000	  99022.97006524	      0.00000000	  51727.17269449	    509.49346813	      0.00000000	  32228.39514634	  61059.27781267	   4331.90109543	 442772.07089397
      1.25800000	 127356.83555411	      0.00000000	  65634.37633860	    389.91400646	      0.00000000	  28130.76342947	  89648.78788544	   1039.88936759	 444108.54695758
      1.25900000	 103161.94703471	      2.34027923	  71515.15647469	      0.00000000	    677.48551287	  31845.82782567	 123459.70568163	    -11.01264445	 471297.59907791
      1.26000000	  77696.40543296	      0.00000000	  44706.06330150	      0.00000000	    355.24741726	  36586.42489254	  50508.47082287	   6223.24715385	 445715.58923349
      1.26100000	  82264.00228883	      0.00000000	  67331.99212682	     61.99026823	      0.00000000	  36771.57333419	 123294.72909797	    -11.01264445	 485171.85218731
      1.26200000	 113826.46558583	     63.66786929	  33464.04646212	    374.50263129	    -18.68056741	  28923.19121237	  56401.83199230	   6014.02795289	 478741.12940981
      1.26300000	  87079.37615256	      0.00000000	  67175.74080498	      0.00000000	    492.40178543	  35487.11161420	 101918.20188422	     -1.08320990	 454812.21788192
      1.26400000	  87820.02578776	      6.76989141	  44838.98004534	    797.64812294	      0.00000000	  34304.46933477	  65156.98613799	   4788.98589415	 460362.71142088
      1.26500000	 105173.90267770	     86.37367222	  53316.18106773	     66.73157979	     40.36079018	  31504.63136494	  72196.45044765	   4551.55193264	 449206.75578300
      1.26600000	  86563.29421665	     75.73895773	  88423.60888352	      0.00000000	    660.65553153	  35649.46430401	 121380.14776645	    -11.01264445	 431670.23805062
      1.26700000	  79982.43203427	      0.00000000	  78000.78692937	   1061.53997740	      0.00000000	  37296.16030182	  99042.84403035	    514.39005755	 425540.11962922
      1.26800000	 107502.85001473	      0.00000000	  57820.41074774	     30.76636012	    107.72863746	  31723.88676678	 104753.47032035	    -11.01264445	 484075.25113698
      1.26900000	  64914.02660669	     23.04143614	  31810.22749071	      0.00000000	    121.98087035	  40147.40502339	  46287.58423434	   7407.71757421	 468645.25906351
      1.27000000	 116215.44881519	     86.47293360	  54955.31263706	      0.00000000	      0.00000000	  29194.49770104	  89681.07151889	   3609.82009111	 464516.27228730
      1.27100000	 124697.06903883	     31.62281250	  70239.83402113	     -0.37551103	    463.85183086	  28109.66258069	  80102.53177837	   1375.74390312	 421356.66842340
      1.27200000	  92906.52009761	      0.00000000	  83052.60393348	      0.00000000	    -10.41415871	  33848.26517226	 128642.42338617	    -11.01264445	 452148.79332837
      1.27300000	 107955.27070524	      0.00000000	  83318.98195501	    -13.10829697	     24.14989201	  30732.09181272	 119058.86131485	    -11.01264445	 439193.32217355
      1.27400000	  80870.53416272	      6.14769171	  46840.39746700	     91.10068714	     -9.59869521	  36869.05314218	  82001.67601939	   3936.12855415	 476112.46271071
      1.27500000	 132328.17456917	      3.11922724	  70914.85565956	    185.61755196	      0.00000000	  26425.17807398	  88210.63994399	   1964.03747853	 428451.03651090
      1.27600000	 115239.72160900	     -2.00733944	  47768.24719309	    237.01469689	    578.07246669	  29909.18276722	  83116.44214948	   3367.91538366	 475642.72182080
      1.27700000	  80399.99618888	    256.77867225	  74871.03756225	    385.95880025	      0.00000000	  37395.02916147	  95826.66066946	    246.16856357	 430560.81848688
      1.27800000	 150696.97191862	      0.00000000	  81972.52471174	      0.00000000	    277.32072209	  20914.24744503	 104783.55581232	    -11.01264445	 424107.00774175
      1.27900000	  94874.93722119	      0.00000000	  62731.47924461	    419.63214794	      0.00000000	  32906.86054778	  71333.18976423	   3072.83573147	 428510.29189913
      1.28000000	 120743.96324627	     -0.12880917	  73966.59845423	    574.49595119	     -0.06172275	  29529.91486493	 126531.63600986	    -11.01264445	 469628.43715950
      1.28100000	  68403.57296392	     98.86334538	  70103.56853466	      0.00000000	    761.19941449	  38090.47531420	  91039.95136822	   1365.51750708	 434788.31614573
      1.28200000	  97439.30376649	      0.00000000	  59762.98329373	    530.86899821	      0.00000000	  32581.85032216	  86944.67279009	    442.98278170	 455090.41425050
      1.28300000	  59859.74601074	      0.00000000	  34531.88519025	      0.00000000	    525.22496601	  39855.18862628	  51429.18011850	   7331.63117033	 467256.79828764
      1.28400000	  79230.15256979	     -1.25999796	  62171.35027699	    536.96948206	      0.00000000	  36444.53483756	 112696.56162723	    -11.01264445	 482435.39571904
      1.28500000	 132001.09431520	     79.63027218	  65025.65778648	    821.37384522	      0.00000000	  26695.56617625	  84944.93444009	   1957.60746436	 439381.46357606
      1.28600000	 127405.03974043	      0.00000000	  74779.11719243	    700.69379243	      0.00000000	  27327.07848506	 120889.00098212	    -11.01264445	 461409.58225248
      1.28700000	 127746.24754159	     51.79508182	  52461.58263980	      0.00000000	    139.57241618	  27233.13438005	  91907.48440017	    536.53689712	 478894.85984929
      1.28800000	 139236.44290100	     85.01523989	  88459.91527368	      0.00000000	    730.50149910	  24158.51347728	 114477.77188699	    -11.01264445	 420657.41619723
      1.28900000	  76598.77279430	      0.00000000	  75436.35953155	     42.91651892	      0.00000000	  37136.77439553	 106050.42977784	    -11.01264445	 443802.70289314
      1.29000000	 122729.23630415	     -4.46747429	  51958.11293870	    236.72431239	      0.00000000	  26664.42049868	  77745.69738810	   6063.97452903	 456085.14526779
      1.29100000	 106364.32269470	    111.61090442	  45311.05783074	    295.95260452	    132.92451410	  32259.63743261	  56412.78448158	   7504.27429590	 447985.31603104
      1.29200000	 115400.66207924	      0.00000000	  49340.39611924	      0.00000000	    105.98074035	  30692.83310607	  63571.90846593	   7601.84006122	 446258.10051362
      1.29300000	  85863.50790087	      0.00000000	  37232.85227362	      0.00000000	      0.00000000	  36498.38996470	  66761.08902836	   4222.96359144	 484929.49392560
      1.29400000	 128551.76986245	     23.90460070	  67144.83545146	     66.31641961	     14.32406548	  24410.43122778	 110464.45520346	    296.62177080	 463576.14458995
      1.29500000	  93441.04424976	     27.56200647	  73877.11289133	   1121.02710081	      0.00000000	  34702.30580142	 126405.37351815	    -11.01264445	 470661.55303955
      1.29600000	 126887.05155706	     66.42141921	  47906.78488481	      0.00000000	    618.30510622	  28329.27170137	  52954.80359370	   8975.86796024	 437255.57337169
      1.29700000	  76575.04377177	      0.00000000	  46172.81354510	      0.00000000	     78.28166297	  36760.91776632	  58703.21472556	   4838.26375494	 451610.91401505
      1.29800000	 128490.06015997	    137.84951804	  59241.60604932	   1151.91958600	      0.00000000	  24994.24294642	  81363.87244315	   1725.55006235	 448705.77557816
      1.29900000	  98066.75223764	      0.00000000	  60195.33167614	      0.00000000	    770.91899800	  34006.15682676	  65842.27190775	   6450.97699412	 423674.31616109
      1.30000000	  90716.66240351	     14.54184787	  55338.30755702	    661.86249499	      0.00000000	  34567.00155965	  86108.34230585	   4196.23118259	 459099.45663423
      1.30100000	 150305.47695778	     42.66235353	  72298.14335823	      0.00000000	    252.50317561	  21366.45218045	  94339.19002320	   1767.02850318	 432713.81166544
      1.30200000	 104641.00241008	      0.00000000	  65506.83990978	    160.48292282	     88.42820929	  30654.88240700	  97579.37997762	   2358.63874289	 450941.66537144
      1.30300000	 140506.36342488	    126.40462521	  91001.08662420	    169.75356311	      0.00000000	  23929.06118061	 119516.98841989	    -11.01264445	 423204.12946964
      1.30400000	 111552.92809689	      0.00000000	  68774.08231514	      0.00000000	    387.52891986	  28469.83079169	 107367.41972824	    928.20427662	 455638.39744681
      1.30500000	 106429.45435625	      0.00000000	  52717.97162957	   1004.56863389	      0.00000000	  32180.43404535	  68720.15285758	   5534.18479141	 446171.90042494
      1.30600000	 122627.25062874	      0.00000000	  39507.65978262	    569.19521576	      0.00000000	  27529.67186215	  64244.65080834	   6940.79598587	 469547.38728229
      1.30700000	 130311.02000184	      0.00000000	  42370.68004854	    538.77073683	    144.64614145	  27431.19001564	  62875.53293856	   7535.99384842	 460362.85995423
      1.30800000	  92010.44223625	     41.45610569	  33614.10843441	      0.00000000	    575.00906922	  35478.60628463	  54790.22264114	   8041.28195573	 472555.74120300
      1.30900000	 124602.94567323	     27.52917988	  62644.46823803	    826.28300031	      0.00000000	  26710.57897584	  72048.42536426	   3964.14986672	 428130.51208878
      1.31000000	 115647.27712692	      0.00000000	  44862.83350939	      0.00000000	    510.02299776	  31062.19786928	  68887.68477077	   6437.26449066	 462156.10069387
      1.31100000	  76649.58621825	      0.73028260	  72277.38578139	     -0.78717821	    110.03659845	  36862.78703229	 119575.52812752	    -11.01264445	 463461.04379378
      1.31200000	  93951.82785384	     39.47250617	  65070.57056351	    602.04041150	      0.00000000	  35442.46338851	 115678.58630816	    -11.01264445	 479652.21290195
      1.31300000	 117587.57777004	    213.73267937	  73845.94713161	      0.00000000	      7.31044319	  28758.51287335	 104029.24627689	     -9.14282190	 443093.11978818
      1.31400000	 135842.27060978	      0.00000000	  58282.52533741	    989.46874134	    -13.34379060	  24920.22855621	  68435.09010389	   3599.90507272	 435860.70393958
      1.31500000	  58650.70476259	     24.35579131	  63576.45664661	      0.00000000	    767.76535788	  40847.84371724	 110423.31314863	    -11.01264445	 477220.47762232
      1.31600000	 106014.27853753	     62.43778941	  62798.86499004	    736.59262651	      0.00000000	  32140.18059936	  77755.23099396	   1696.48071758	 437607.82500557
      1.31700000	 124459.79665089	     25.41892103	  67106.95371855	    277.54960515	    170.35998794	  27677.24391978	  97552.37859158	    -11.01264445	 451574.14612845
      1.31800000	 102687.73532730	     33.39688319	  53548.59326865	     -3.24768515	     98.28798453	  32081.21574843	  48923.46412284	   7810.12856126	 419263.43066822
      1.31900000	 129412.83222934	      0.00000000	  63958.65759577	   1195.41614941	      0.00000000	  26092.94271793	  98044.80062434	    854.09753843	 456059.50891015
      1.32000000	 159591.07341434	    101.93388525	  49945.03038107	      0.00000000	    423.71192546	  19097.53829607	  46442.86477653	   7708.48691977	 426673.56565790
      1.32100000	 105877.98057911	      0.00000000	  75446.98357081	      0.00000000	    713.27583288	  31997.99676839	 103762.30588334	    -11.01264445	 440393.68100060
      1.32200000	  81720.95520192	      0.00000000	  60389.35220952	      0.00000000	    339.94037573	  34753.22239941	  84220.36806511	   2295.88325390	 448280.38684008
      1.32300000	  59098.76141303	     34.07870249	  47052.38210341	   1405.63298549	      0.00000000	  41617.38084381	  82850.03754942	   4600.82599877	 475879.98633328
      1.32400000	 141126.38591614	     94.52878564	  69279.28554739	      0.00000000	    456.04427939	  22957.85388012	  75976.16500282	   2387.84607132	 416860.44031176
      1.32500000	  59065.61359783	      0.00000000	  74390.04029162	    950.89814754	      0.00000000	  41051.60792883	 124556.47685007	    -11.01264445	 466020.61975924
      1.32600000	 137350.97142579	     68.42966995	  35952.73559934	     80.62608217	      0.00000000	  24743.02708516	  57827.20305439	   8596.31570334	 469135.71762683
      1.32700000	 131467.52959789	    108.94825678	  57304.16702671	    259.87850544	     49.65201482	  26191.03886209	  75537.51152902	   3471.19834287	 445261.23517666
      1.32800000	 149884.89902782	      0.00000000	  47109.43491221	      0.00000000	    444.64865188	  21628.32750431	  60832.56963481	   7247.28593151	 448615.22334616
      1.32900000	  91875.26976388	     30.74548315	  38182.41952812	      0.00000000	    539.45434102	  32621.37393531	  57816.56808734	   8301.20392283	 463878.26375814
      1.33000000	 107254.30672995	      0.00000000	  46832.97131574	   1161.88331525	      0.00000000	  31185.91917193	  62910.72566845	   6686.73203890	 451699.32847553
      1.33100000	  85597.82591187	     27.73000810	  67600.75327657	      0.00000000	    530.62890123	  36123.93837508	 119380.46202178	    -11.01264445	 476334.92609302
      1.33200000	  80467.94469372	     88.64369260	  54200.03825569	      0.00000000	    331.10105890	  35964.97423600	  62484.50773945	   6248.05348200	 435699.53605200
      1.33300000	  76619.26168803	      0.00000000	  58566.76642339	    935.99521081	      0.00000000	  37339.13001946	  84648.12979920	   1591.07383998	 453305.17224897
      1.33400000	 154049.71739236	     -1.65645890	  72374.19842204	    706.01786265	      0.00000000	  19711.81228445	 106773.44878414	    834.73316787	 447602.30106718
      1.33500000	 126089.37413906	     47.82695026	  50571.72674688	    379.51530187	    439.96247281	  28671.60778792	  82498.67237775	   2924.51521451	 467591.04353891
      1.33600000	 125979.67807557	     28.47541399	  82757.49492944	      0.00000000	    674.81572529	  26519.53376739	 102459.17659767	    -11.01264445	 418881.44814787
      1.33700000	  92634.82658162	      0.00000000	  67980.77289336	    -22.35234238	      0.00000000	  33478.96512912	 103944.66261614	    -11.01264445	 457317.96823022
      1.33800000	 123097.99139355	    128.29655409	  82432.59244434	    534.96111536	      0.00000000	  27132.94743276	 118397.09751602	    -11.01264445	 443636.76059892
      1.33900000	 128775.47180039	     18.00931607	  72042.26749277	      0.00000000	     10.43572000	  27168.38243009	  89437.67519440	   4121.14307058	 424691.04351025
      1.34000000	 126628.11835724	      1.94098058	  73371.22755905	      0.00000000	    462.39830482	  25466.80009463	 100791.97309625	   1899.25701183	 437825.82547389
      1.34100000	  91423.77779160	      0.00000000	  87173.46582673	    934.71037703	      0.00000000	  34208.83271980	 114355.63156279	    -11.01264445	 427632.33063638
      1.34200000	 113474.20673362	     49.78996880	  63502.29286231	    922.12987871	      0.00000000	  31162.13115808	 100953.33348300	   1118.92512917	 459863.32583116
      1.34300000	 155129.20466645	     -0.87016507	  65466.69486257	      0.00000000	    474.87123657	  21894.81198839	  66211.52527397	   3922.75524143	 412774.79177762
      1.34400000	  75849.17354958	      0.00000000	  61989.31393173	      0.00000000	    789.02798345	  38468.58217357	  98654.53893669	    250.90909927	 462142.81019898
      1.34500000	  87451.58505795	    178.86224856	  44683.67785381	    688.54423978	      0.00000000	  35534.37911898	  45743.16237330	   7684.62417395	 439273.63471303
      1.34600000	 157552.44017954	      0.00000000	  69114.25389414	    281.44289602	     -1.54896145	  20235.48500625	  76771.63488647	   5020.83173927	 414349.09320827
      1.34700000	  99758.56247106	      0.00000000	  60925.47864048	      0.00000000	    802.59433057	  31861.57505760	  66750.05371341	   5781.35211624	 423702.48972859
      1.34800000	  95316.78182846	      0.00000000	  68448.02945787	    761.86448817	      0.00000000	  33154.80214819	  85930.67898324	   2067.33335427	 431990.59449056
      1.34900000	 105374.85391005	      0.00000000	  67900.26379891	    270.67282789	      0.00000000	  32052.28061940	 117788.32383383	    -11.01264445	 473790.29335038
      1.35000000	 129108.22553554	     73.72741316	  63681.43908533	    475.15157142	      0.00000000	  25689.09444233	 107016.09065786	    -11.01264445	 471372.94262528
      1.35100000	 140522.95391634	      0.00000000	  73842.31348957	      0.00000000	    447.44814594	  23367.32974138	 103650.95812497	    -11.01264445	 444687.84004539
      1.35200000	  79964.75053395	     -2.50407881	  46833.30205954	      0.00000000	    459.45233188	  37038.43766983	  75334.31994274	   4755.34971798	 466459.24718098
      1.35300000	  95520.89069313	      0.00000000	  76979.58773486	    843.20896929	      0.00000000	  33047.38859601	 117289.55655968	    -11.01264445	 452986.84788209
      1.35400000	 112407.01918575	     29.43616444	  56314.81755555	   1078.03692793	      0.00000000	  31079.06142557	  93901.91315730	     -5.77895346	 472257.59857653
      1.35500000	 145260.57741969	    291.68916978	  58003.23635615	      0.00000000	    467.68922845	  23184.34623653	  58073.33340034	   8567.24590028	 416892.50105602
      1.35600000	 137018.63581886	      0.00000000	  87253.10074737	   1114.47993416	      0.00000000	  25201.30646343	 105672.71214611	     66.16822034	 408779.49224579
      1.35700000	 157932.56622312	      0.00000000	  81204.86594375	      0.00000000	    412.25385911	  22126.66141111	 112468.68695945	    -11.01264445	 438207.91593475
      1.35800000	  93070.25102960	     44.23746726	  38734.45587886	      0.00000000	    988.92082106	  32513.07837529	  55210.81805913	   7475.35236319	 460879.91216883
      1.35900000	  78820.77726548	      0.00000000	  67486.98034390	   1377.84957019	      0.00000000	  37063.69125927	  86388.43131752	    861.39363273	 436927.14611160
      1.36000000	  88769.43670396	     10.72307289	  63859.32877774	      0.00000000	    194.19661263	  35033.49064786	 109389.19097502	    518.31441038	 470157.04975697
      1.36100000	 116338.88782782	    183.34293880	  69110.38610662	    482.23316322	      0.00000000	  28592.85410143	  76718.42802492	   4207.54013409	 415385.49215595
      1.36200000	 149477.02127405	      0.00000000	  60699.32715648	   1236.34380905	      0.00000000	  21920.97237126	  71825.72833618	   5936.58279519	 430430.77019998
      1.36300000	 166984.56425663	     53.44433037	  80992.56597981	      0.00000000	    353.86216993	  18833.28080500	  97178.48725824	   2175.53041151	 411680.55343395
      1.36400000	 142321.66443721	      0.00000000	  53578.33783190	      0.00000000	    406.74144889	  23854.35656212	  51453.46374407	   9265.97521886	 420096.92847311
      1.36500000	 105237.49022013	      0.00000000	  77975.28776808	     26.93044133	     64.17650666	  31347.52150317	 115824.09460839	    -11.01264445	 448743.11734693
      1.36600000	  95449.96396100	      0.00000000	  55977.93808798	      0.00000000	    174.30990126	  33067.18411282	  91768.25704181	    839.73472231	 467726.41091280
      1.36700000	  92441.37980203	    108.68507840	  36475.79771891	      0.00000000	      0.00000000	  33306.41487571	  50650.31410383	   6701.29449468	 462719.84077333
      1.36800000	 138624.55437763	     66.83536539	  91321.39039441	    113.61192236	    -15.08652935	  22697.00954749	 122408.55075890	    -11.01264445	 423707.92841433
      1.36900000	  82424.02485215	      0.00000000	  70873.10421189	      0.00000000	    312.14689356	  36949.62031960	 104693.92246346	    -10.67006493	 449995.25763675
      1.37000000	 128040.54311349	     -0.25727021	  56899.18659940	    683.71091459	      0.00000000	  26766.37887707	  60864.87872272	   5313.15847930	 428370.31314123
      1.37100000	 130223.68449597	      0.00000000	  41274.35149086	   1098.43314839	      0.00000000	  27768.40987224	  55852.32558677	   5582.86518753	 458433.25015932
      1.37200000	 121325.32520773	     17.17661904	  55574.72591280	      0.00000000	    860.28401523	  27657.32952555	  68815.42847881	   5019.09283395	 440653.67233996
      1.37300000	 113990.12344081	      0.00000000	  59771.13741876	    877.54943355	      0.00000000	  28470.17645471	  92310.08114349	   3559.05508974	 456606.67913486
      1.37400000	 157779.91610475	    115.18374759	  62508.34042515	      0.00000000	    563.05476415	  20171.94000807	  87400.15628017	   2867.90519448	 446444.90677149
      1.37500000	 112148.35133814	      0.00000000	  65764.93056455	    249.62950616	     -3.11622307	  29634.98892534	  83173.01002870	   3950.51827811	 433364.96909299
      1.37600000	 142756.29362238	     17.51409914	  47562.68825985	    543.93351172	      0.00000000	  23609.58116912	  76998.92921892	   3073.25809218	 468733.08655528
      1.37700000	 127416.31850696	    241.38355769	  89157.16480938	      0.00000000	    430.56059561	  26843.70177799	 113073.22456494	     58.42693872	 414520.44453062
      1.37800000	 134830.29258728	      0.00000000	  74800.07837069	    809.41236770	    -14.43250627	  25025.44811293	  94493.55340831	   2849.51079750	 425225.72005214
      1.37900000	  75174.04552936	      2.87116258	  74762.82708132	      0.00000000	     89.60641764	  37340.23735287	 105010.78204303	    -11.01264445	 444687.02405206
      1.38000000	 148462.29137663	    107.03702550	  89640.78956043	    757.60120981	      0.00000000	  23247.26522013	 115936.00468176	    -11.01264445	 421386.40849072
      1.38100000	 140567.20260483	      0.00000000	  83291.88498119	      0.00000000	    495.80825196	  24880.66150768	 116523.40255209	    -11.01264445	 437197.03236908
      1.38200000	 106160.87339461	      0.00000000	  59664.22357272	      0.00000000	    370.37496483	  30224.43788435	  96044.69063698	   2103.53977658	 462098.28300157
      1.38300000	  77323.62241804	     57.47993702	  35701.93589831	    671.54050622	      0.00000000	  38035.44235465	  55573.44202487	   9464.18323669	 466108.12690179
      1.38400000	 113622.72715702	    116.39533268	  64100.13646736	      0.00000000	    126.39398757	  29836.75399273	  68316.42660473	   3566.55083450	 420240.51200300
      1.38500000	 123485.10453329	     -0.24347115	  87716.02943478	    474.63393779	      0.00000000	  26428.72220503	 104359.03338390	    797.27003543	 403431.04447695
      1.38600000	 130488.02442286	      0.00000000	  48797.48316288	    677.13490531	      0.00000000	  27235.00150006	  67042.76462223	   5071.32030223	 453229.82449632
      1.38700000	 119033.32409510	    185.59682257	  52237.94319754	      0.00000000	    196.17242092	  28676.89244598	  65987.67156259	   7854.14970795	 442248.12876787
      1.38800000	 147920.25019502	      0.00000000	  66522.86655851	      0.00000000	    522.78695616	  20323.16353787	  62084.65573069	   5634.62127656	 400049.84242033
      1.38900000	  82332.63746727	      0.00000000	  51973.53578127	    852.90333131	      0.00000000	  35444.31882350	  77009.39547622	   2614.09318800	 458852.20998852
      1.39000000	 146268.39475879	    118.49289529	  86981.92386059	   1028.83424761	      0.00000000	  23610.07818446	 117425.08297267	    -11.01264445	 429487.61240734
      1.39100000	 101965.32116371	      0.00000000	  79105.55878224	      0.00000000	    853.28666556	  32663.80101919	 111656.09655566	    -11.01264445	 441015.02390614
      1.39200000	 101203.57158889	     47.70527542	  55535.67161850	    698.89421354	      0.00000000	  33230.82254307	  81729.54338123	   2733.35192093	 455555.89384809
      1.39300000	 150268.73535872	     -4.55241149	  78931.05366516	    886.63360619	      0.00000000	  22319.41432950	 105999.31721245	    204.11249776	 432697.92267220
      1.39400000	 118100.59486891	      0.00000000	  62052.54210114	      0.00000000	    898.36942517	  28909.20329689	  87889.27614131	    545.81237156	 450873.46182554
      1.39500000	 106143.36839736	      0.00000000	  66521.08973513	    836.98144069	      0.00000000	  29383.29124621	  99029.03982605	    879.48608587	 451643.17139588
      1.39600000	 124309.56354382	     18.43060895	  37932.24252091	   1349.30815911	      0.00000000	  27349.98997039	  57077.91597005	   7122.66999520	 465145.04854114
      1.39700000	 168155.79674690	     67.28476149	  48833.23973187	      0.00000000	    483.72913002	  15692.94988464	  52917.44478395	   8732.71452545	 435262.54690500
      1.39800000	 166704.31620265	     28.77129406	  58077.30991398	   1350.60425818	      0.00000000	  18293.94510592	  51338.21764893	   6701.93536951	 410691.12099372
      1.39900000	 159053.51125029	      0.00000000	  72620.97058756	      0.00000000	   1027.01126573	  19825.14642040	  80667.92825485	   4571.41481837	 409784.69506276
      1.40000000	  90444.98467965	      0.00000000	  48501.85322447	    506.50908564	      0.00000000	  33808.78579746	  60145.73265642	   5145.53291120	 447603.71071904
      1.40100000	 134450.59304027	      0.00000000	  38872.53615024	    531.29332537	      0.00000000	  25119.65317453	  49678.75175301	   7695.34785398	 455098.29581433
      1.40200000	 115315.52433425	     92.17151498	  50002.00274094	      0.00000000	     95.89230676	  28137.21276381	  77360.36129081	   4223.74809780	 461711.80016793
      1.40300000	 178915.23155825	    188.37738509	  63787.74572817	    882.07276751	      0.00000000	  13218.91989392	  56549.81669300	   5152.50930996	 402432.59127090
      1.40400000	 105115.22333615	      0.00000000	  81651.04788644	      0.00000000	   1065.57162547	  32052.02790746	  97382.32218851	    -10.10773798	 414669.83578243
      1.40500000	 113280.88330998	     -2.87202305	  73407.54203871	   1300.82918024	      0.00000000	  28207.53615443	  87048.57280326	   1444.53712261	 420887.98760165
      1.40600000	 129824.68821513	      0.00000000	  85151.48775408	    834.64645073	      0.00000000	  27085.39905736	 112118.88138716	    -11.01264445	 425708.19848829
      1.40700000	 106128.34162542	      0.00000000	  62368.40321795	      0.00000000	    414.11027330	  31266.06945192	  87727.14532566	   3194.48736116	 446781.22278345
      1.40800000	 102057.07170222	     94.95308969	  61781.52953627	      7.24425789	     90.91817670	  32073.36078144	  79561.98700000	   5413.18380154	 437450.63053745
      1.40900000	 118978.13585422	      0.00000000	  71812.17034569	    623.73022826	      0.00000000	  27727.52315729	  71437.51175982	   3655.25869815	 399853.33071016
      1.41000000	 135614.46186271	      0.00000000	  68946.88629185	    681.37811942	      0.00000000	  26561.11699741	  92626.87650784	    160.98056182	 441725.96599005
      1.41100000	 154033.20374094	    250.62756976	  72008.18401085	      0.00000000	    854.11804225	  20885.77467252	  86358.65028563	   2516.20630336	 422348.94899664
      1.41200000	 111481.91665954	      0.00000000	  96531.83263805	    433.98045459	     64.29229656	  28909.29877085	 121692.43419476	    -11.01264445	 407497.36952868
      1.41300000	 132325.80129137	      0.00000000	  42809.71163617	    985.34069669	      0.00000000	  25445.79812920	  57208.10698728	   9064.63638445	 452316.23194054
      1.41400000	 140078.76689227	     89.03968579	  69443.70225318	      0.00000000	    347.72155586	  23051.63692000	 114339.62054936	    -11.01264445	 465265.38521338
      1.41500000	 141853.54722244	     15.72666499	  97524.36899133	    473.01027561	      0.00000000	  23608.93126032	 123373.52054488	    -11.01264445	 408015.98332652
      1.41600000	 155104.12538935	      0.00000000	  57621.92326567	      0.00000000	     13.99115923	  20597.24261638	  62556.16948685	   5380.59174713	 428268.47999082
      1.41700000	 112599.69857322	      0.00000000	  56124.54137976	      0.00000000	    747.82415502	  30592.94547147	  85683.81833785	   3525.70889595	 457496.30397839
      1.41800000	  84731.09504841	     74.13779294	  69033.40094678	    750.12921567	      0.00000000	  35951.92798427	 102506.13798571	   1823.50539562	 449184.50990783
      1.41900000	 154767.55390786	      0.00000000	  54233.99387422	    246.05378103	      0.00000000	  20369.03793837	  68694.53699475	   5347.24375135	 443132.14728415
      1.42000000	 118251.29853834	     91.89608233	  60455.25811181	      0.00000000	    531.86328663	  29107.86914539	  93245.28002431	     30.67071665	 460785.09143870
      1.42100000	 144947.92727263	    170.42484871	  89966.10616431	    -20.09449669	    184.00522945	  21097.84682216	 103083.64452550	     -1.34493300	 395638.97533451
      1.42200000	 120453.15859872	      0.00000000	  50371.59045140	    955.78754870	      0.00000000	  27445.43647726	  54762.82227010	   6502.94663494	 436508.96839475
      1.42300000	 153960.42897480	    126.10018067	  82713.91541740	      0.00000000	    260.22257742	  21033.66549882	 113826.21410369	      6.56424033	 433588.55963581
      1.42400000	 121737.29312151	     -2.04746685	  54599.01004432	    354.90968075	    114.92361005	  28949.50059118	  51832.57713185	   9368.21088548	 417462.50414219
      1.42500000	 142921.81152301	     33.87036627	  43767.27825706	    976.96754450	      0.00000000	  24934.04420754	  51333.38565881	   6644.98658451	 447751.54723397
      1.42600000	 156390.85893736	     60.33137987	  56370.08519156	      0.00000000	   1074.84367481	  20234.30687128	  50375.96720674	   6719.77397561	 414714.99351255
      1.42700000	  98767.12859735	      0.00000000	  44166.24552164	    695.82702296	      0.00000000	  31950.93859908	  41724.45117291	   8576.97120519	 435153.13754147
      1.42800000	 135384.19241809	    112.69402199	  85328.70283818	   1069.65024586	      0.00000000	  26165.32847486	 118723.61622358	    -11.01264445	 433910.36606722
      1.42900000	 164430.24991272	     95.90274147	  97949.08319792	      0.00000000	    349.98185483	  17381.32307172	 114828.58280917	    -11.01264445	 391192.36516631
      1.43000000	 161448.48846068	      0.00000000	  81161.60553393	    326.91434046	      0.00000000	  18484.68446766	  87293.48433724	   3728.39528928	 392633.90954122
      1.43100000	 159373.73166607	      0.00000000	  53891.24520421	      0.00000000	    179.64877547	  18454.11855559	  65975.20935524	   7847.39499544	 438476.87548604
      1.43200000	 144427.17312961	     24.97637869	  76535.49411826	      0.00000000	     -4.15614716	  22802.96260583	  96125.50142169	     -3.99769626	 427580.08021497
      1.43300000	 147609.07715600	      0.00000000	  59369.87819735	      0.00000000	    279.92397904	  20757.05408288	  81179.56308131	   1518.34624382	 448596.60509638
      1.43400000	  98727.18185313	     56.46483336	  68712.49729256	    415.26074133	      0.00000000	  32988.79236122	 106831.92216515	    -11.01264445	 459174.29807042
      1.43500000	 178939.52203923	    281.20393310	  83411.22866152	    800.46647797	      0.00000000	  13750.63105902	  97031.48381770	    742.54668377	 405851.60778753
      1.43600000	 132041.98560125	      0.00000000	  70559.16152899	      0.00000000	   1173.75366015	  25379.20228157	  62429.69317158	   6118.44368523	 384678.07340878
      1.43700000	  87915.35289124	     10.90828693	  74269.69935611	    572.42912678	      0.00000000	  35452.50455808	 105012.27795597	     63.63277221	 442874.76534768
      1.43800000	 155663.19587767	     16.19664983	  65883.67762616	      0.00000000	    400.08411797	  19137.31723169	  66606.71744594	   4422.15083218	 411019.36861378
      1.43900000	 115334.86307527	      0.00000000	  62351.00771717	    449.77433769	      0.00000000	  29165.23447514	  68576.55820116	   7468.31157012	 419906.83518255
      1.44000000	 161681.83000933	      1.42604904	  54073.71651608	   1029.63771142	      0.00000000	  19069.96063318	  47870.14883521	   8192.91173829	 415698.06859710
      1.44100000	 103242.55600688	      0.00000000	  64536.99310516	      0.00000000	    278.12323518	  32720.34199314	 100812.57117096	   1082.51616127	 457470.32510514
      1.44200000	 135365.55432026	    183.09553802	  77809.42822389	     56.25599233	     -3.26030420	  25169.52938439	 121418.38513787	    -11.01264445	 454993.61333610
      1.44300000	 137554.24714214	     -1.72694300	  77548.49787326	    953.06374004	      0.00000000	  24513.22927454	  84850.32131572	   3861.10762808	 401086.89642598
      1.44400000	 148460.79013723	     38.23154689	  66980.45560582	    123.00369559	     42.52443182	  23926.76053383	  88489.16506855	   1036.13452755	 439967.57143824
      1.44500000	 137003.61994071	     27.44780338	  68246.36918682	      0.00000000	    540.29099410	  25187.55286002	  62923.08622830	   3996.30179379	 398878.49457296
      1.44600000	 120687.78287895	      0.00000000	  54925.32958096	   1070.23365587	      0.00000000	  27092.46658953	  79824.62717958	   4379.99922374	 453346.86265690
      1.44700000	 107798.32668423	     97.92847146	  51793.74284952	      0.00000000	    443.40051023	  31957.91106800	  49118.71028360	   8691.37824900	 423088.30965293
      1.44800000	 102358.32444964	      0.00000000	  65151.78525653	      0.00000000	     95.82568042	  30308.92371123	  95973.15878677	   2303.62342322	 450054.72340923
      1.44900000	 106657.94893182	     45.59713333	  71876.40696998	   1357.43441340	      0.00000000	  30686.98990760	 103144.62233838	    -11.01264445	 446789.11381986
      1.45000000	 168995.01438332	    149.70710602	  63127.44584528	    208.12399361	      0.00000000	  17129.00434583	  74661.54336668	   5096.92880996	 428503.17879295
      1.45100000	 177639.05809484	     20.25670927	  85229.68232676	    210.32358181	    175.18249979	  16038.49281596	 107344.69503829	     49.83721092	 417605.42245008
      1.45200000	 150529.90449494	     -1.38396405	  64054.60651356	      0.00000000	    767.07806129	  21394.30254217	  60864.89560689	   4768.13204972	 408358.70811696
      1.45300000	  93293.87360014	      0.00000000	  65869.53323851	      0.00000000	    428.64319415	  33026.79299404	  75134.76235103	   5353.63470184	 421231.54422255
      1.45400000	 103002.58298271	      0.00000000	  60590.11968970	    943.54720997	      0.00000000	  31585.65460845	  78531.22386963	   2060.59175228	 442815.85093862
      1.45500000	 146347.83434047	     17.20677677	  66862.31362990	    286.82911924	      0.00000000	  21183.62652739	  99328.93734117	   1996.55612509	 450211.83726066
      1.45600000	 129563.96059606	     20.88115797	  81571.23708555	    315.59023266	      0.00000000	  27338.31009174	 112031.44917361	    -11.01264445	 435276.40526978
      1.45700000	 178357.49875165	     45.96278814	  85041.09551722	    246.60384305	      0.00000000	  14333.17539399	 112110.65196774	    -11.01264445	 427100.48550920
      1.45800000	 159903.64767874	     53.21858256	  77727.62036071	    340.44765506	    413.83420177	  20974.68778627	  91599.87924606	     95.56371263	 418004.51567219
      1.45900000	 141226.54903117	      0.00000000	  53067.45213958	      0.00000000	    405.37457285	  24590.11639578	  43770.22841906	   8449.76144539	 413015.08406315
      1.46000000	 113666.11654281	      0.00000000	  73128.84216506	    298.54743862	      0.00000000	  29256.13447888	  99573.71731344	    -11.01264445	 441239.62074150
      1.46100000	 130446.83290034	     -1.24034606	  50765.33546677	   1078.87648051	      0.00000000	  26975.91133525	  70466.36092633	   3637.61317497	 454006.03719184
      1.46200000	 146044.61850831	     -2.08804852	  54743.83090317	    300.81206460	      0.00000000	  23702.46022406	  78209.15291352	   3645.59703560	 452863.66039051
      1.46300000	 160822.87021744	    225.61732642	  59298.15350696	      0.00000000	    579.31220040	  18798.50230094	  70279.94563147	   6990.29412394	 431025.44936611
      1.46400000	 135716.74954016	      0.00000000	  62214.35889278	      0.00000000	    425.74567901	  23700.36436308	  54949.39562477	   6606.62795857	 402310.38224271
      1.46500000	 105651.43396551	      0.00000000	  54164.52498462	      0.00000000	    317.86603778	  29903.83307906	  71762.81868787	   6078.27911509	 445557.35728750
      1.46600000	 109739.58770243	    232.01550003	  60448.86837808	    889.67918564	      0.00000000	  28652.44800544	  41968.99463655	   7972.42982849	 385778.70065884
      1.46700000	 153643.31012147	      0.00000000	  79297.88988819	      0.00000000	      0.00000000	  21331.66427276	  83270.80924769	   1793.75195117	 395714.84190894
      1.46800000	 123878.40296423	     66.38385921	  87484.46938817	      0.00000000	    513.25692190	  26872.75179145	 104788.97317937	    768.51128629	 404979.26156555
      1.46900000	 135230.01733711	      0.00000000	  65245.44977914	    808.07871738	      0.00000000	  24563.21808488	  55345.13274255	   7863.78122171	 389532.93257608
      1.47000000	 163985.03896224	     -1.02758876	  76381.91492894	    334.66500627	      0.00000000	  16442.41457283	 113031.45600344	    -11.01264445	 447428.89856811
      1.47100000	 164907.33697328	    105.38659077	 101040.22017934	      0.00000000	    873.21363490	  16666.10358029	 115585.29096394	    -11.01264445	 381214.44193803
      1.47200000	 115890.29450728	      0.00000000	  69265.45696203	    366.25926316	      0.00000000	  28164.30612642	  86760.09160873	   3008.69956168	 429775.71406257
      1.47300000	 172227.55315037	     31.18960755	  83328.38202799	     53.45657113	      0.00000000	  15561.63653786	  92481.59737317	   1203.55477002	 397770.01833206
      1.47400000	 150421.45856503	      0.00000000	  67679.41649376	    435.10547825	    225.39964223	  21326.82179800	  55767.10439178	   8914.56071396	 378682.73857463
      1.47500000	 142527.62527459	      0.00000000	  51670.35955691	   1043.77764781	      0.00000000	  24212.88121257	  61773.45627899	   8553.32663095	 438364.88168164
      1.47600000	 152382.15226238	      0.00000000	  54821.66340971	      0.00000000	    573.43697836	  20213.71272696	  73204.24526427	   4575.60449068	 447022.98698539
      1.47700000	 115173.48996048	    153.91525152	  53937.67136063	      0.00000000	     53.89630847	  30165.87798737	  60128.05875017	   6135.40797329	 433940.16771792
      1.47800000	 148494.83257338	      0.00000000	  72538.58239570	     10.25267225	    129.11919832	  20953.52048511	  83128.86055927	   2508.25669231	 416438.45010194
      1.47900000	 102755.83557266	      0.00000000	  70405.98902571	     10.44113728	    146.37888945	  31741.79016092	  86041.07141031	    766.16677886	 429406.36192422
      1.48000000	 148054.59076981	     79.97101779	  88528.46230732	    617.45875444	      0.00000000	  20778.69290272	 113363.97993085	    -11.01264445	 417959.40645490
      1.48100000	 163876.99403016	     57.49191081	  53342.95825928	    377.44808893	      0.00000000	  17346.27723923	  51555.20268455	   5892.72226572	 426484.06740859
      1.48200000	 166454.06539409	    134.30068035	  79038.82867793	      0.00000000	    463.38728614	  17510.02893423	  76438.59616469	   2957.97353512	 382569.06157891
      1.48300000	 158619.80294263	      0.00000000	  81289.25463362	    -10.64862172	    -19.82107425	  17170.80184434	  76935.14709687	   5675.61280911	 368836.90005179
      1.48400000	 175233.48867698	      0.00000000	  64906.48564374	    412.05683798	      0.00000000	  15754.88278968	  54322.25066551	   6307.15374933	 392437.91646064
      1.48500000	 166882.55085750	     80.04754820	  79029.92163015	    413.96551880	    249.07444247	  17628.65282989	 105826.82791803	   1223.75805663	 430788.42400334
      1.48600000	 144455.54490690	     32.03586413	  96110.47280130	    198.71795412	      0.00000000	  23862.74165353	 115915.11947121	    -11.01264445	 399613.10303290
      1.48700000	 185835.78669709	      0.00000000	  63877.51667799	     89.11586619	    142.62983581	  11205.26258896	  59464.49970276	   5057.25465537	 406401.32341804
      1.48800000	 131902.76585129	      0.00000000	  62188.49554859	      0.00000000	    738.97269230	  25090.25225601	  45817.19076074	  10046.61019881	 380593.90431063
      1.48900000	  92342.85728817	      0.00000000	  77309.31110125	      0.00000000	    265.35927016	  33800.98076631	 109844.62023702	     -9.76283968	 441741.81606596
      1.49000000	  98418.52520098	    110.63609365	  63481.98296970	   1297.82232860	      0.00000000	  31847.94195627	  83872.69093428	   4238.65671942	 439415.15727372
      1.49100000	 157119.88550311	     45.43221057	  69911.49306157	      0.00000000	     97.88319175	  20467.08948269	  79799.29590832	   1947.50746144	 420689.47676696
      1.49200000	 123062.42843491	      0.00000000	  94488.59234538	      0.00000000	    180.43480525	  26935.12960934	 121189.18045171	    -11.01264445	 412369.89174682
      1.49300000	 132418.24178947	     -2.22740628	  62163.92977641	   1198.99443748	      0.00000000	  25741.91618352	  88274.48276702	   1264.15457138	 449690.26839388
      1.49400000	 116972.22991141	    176.56249846	  85846.67049521	      0.00000000	    488.84470265	  29636.57615721	  97509.46027701	    -11.01264445	 402643.66522371
      1.49500000	 172950.25349789	     61.38349939	  60892.60383831	   1256.28273951	      0.00000000	  16408.36656311	  46224.11751116	   9115.76690016	 388318.41610265
      1.49600000	 187094.51134806	      0.00000000	  76418.00470404	      0.00000000	    946.47000436	  13598.21459584	  69088.36296705	   5751.25903357	 373763.87758629
      1.49700000	 143035.06118609	    200.96363195	  61485.79489322	    230.83230768	      0.00000000	  20864.11106212	  54002.35974224	   9322.46151542	 398491.36212453
      1.49800000	 196841.28519312	      0.00000000	  95641.06413672	    968.27035473	      0.00000000	  10242.74394835	  99901.55258492	    460.58977648	 364513.85147844
      1.49900000	 113643.09925985	      0.00000000	  43272.87733703	      0.00000000	    539.77267307	  30260.17105143	  48780.99060034	   7183.52963329	 445858.30767147
      1.50000000	 160951.75752642	    193.49234557	  78871.23529302	   1350.13773483	      0.00000000	  18648.44361172	 109002.00742303	    109.97310686	 436752.82867849
      1.50100000	 182532.26171964	      0.00000000	  84853.43859971	      0.00000000	    642.06092681	  14555.56926150	  96387.49585085	    257.68772226	 401398.61153183
      1.50200000	 120791.82069966	     42.22941556	  54587.24046784	      0.00000000	    832.36872272	  28146.07409766	  47035.19040275	   8379.95482503	 412702.12595549
      1.50300000	 130402.25245396	     40.94849117	  81989.07118460	   1283.05984636	      0.00000000	  26235.49204065	  86987.61144497	   1553.82144897	 392594.59684483
      1.50400000	 185571.01140527	     11.58710435	  47906.90722133	    156.71139485	     31.79811958	  13331.00704163	  36744.06809609	   8995.28571127	 418824.17434025
      1.50500000	 170128.08666419	      0.29138329	  72172.50695102	      0.00000000	    278.94990570	  15596.51834359	  54371.84767962	   8053.95588820	 357890.39395096
      1.50600000	 198529.08354556	     41.34579556	  92472.63957203	   1097.21656685	      0.00000000	   8621.38813706	  89367.28180737	    917.95467606	 354589.98519247
      1.50700000	 170478.39985176	      0.00000000	  96111.06494353	      0.00000000	    617.06800216	  16065.85308286	 107229.25256705	    -11.01264445	 384861.23179614
      1.50800000	 151103.17360700	      0.00000000	  70696.38255286	    220.79254958	      0.00000000	  20638.03159541	  93513.89709719	   2904.17904847	 434632.40049021
      1.50900000	 156017.80917439	     72.96953564	  75206.84550518	    443.55374070	    256.26681563	  19254.98116826	 107984.70674713	    199.44129178	 443768.47923493
      1.51000000	 125017.69935584	    176.58092085	  84465.66045265	      0.00000000	    434.52964832	  25363.88072749	  85479.72809082	   2293.06339009	 378649.38039005
      1.51100000	 145595.91467634	      0.00000000	  88567.41216669	    443.63456008	      0.00000000	  21192.35728130	 103590.17487313	    948.25045013	 398931.12982681
      1.51200000	 132400.19869121	      0.00000000	  71976.51511644	    272.63890537	      0.00000000	  26958.87593506	  88734.36505335	   3906.53785751	 424112.42171784
      1.51300000	 162207.24021282	      0.00000000	  52805.05898443	    596.55358182	      0.00000000	  17137.00771169	  57189.13647508	   9224.06849425	 429499.90373363
      1.51400000	 153446.32938971	     86.84768246	  83771.76387082	    279.29497836	    131.62138746	  20666.46170488	 115056.83739310	    -11.01264317	 432738.22469980
      1.51500000	 167186.36509810	    243.13081857	 100175.64150635	      0.00000000	     78.08807450	  17519.21294578	 110066.62796447	     -2.97934297	 368605.78537151
      1.51600000	 177125.85016994	      0.00000000	  80515.86231987	    279.47194563	     69.69145716	  13429.23719900	  74849.29482657	   2295.36177252	 375255.16050956
      1.51700000	 111042.97959861	      0.00000000	  50864.51802070	    119.73436667	    206.34184788	  31323.62535668	  59811.28522608	   6215.80292431	 440829.91142942
      1.51800000	 125721.56889580	    161.85039719	  61752.97611997	      0.00000000	    134.78961028	  27203.52098698	  63862.20803289	   4298.80859454	 420198.82905697
      1.51900000	 110316.40857652	     82.87731221	  73173.47426074	      0.00000000	    418.43976841	  29503.33731292	  73717.81048044	   5033.21227057	 396173.31244159
      1.52000000	 112718.15533948	      0.00000000	  64253.68493130	    835.18793435	      0.00000000	  28558.97610692	  63325.30767074	   7384.95121205	 406598.20516647
      1.52100000	 140870.63226114	    117.21039511	  48659.06349574	   1257.87117968	      0.00000000	  25002.36065761	  54211.16553889	   7654.42941674	 438418.33528739
      1.52200000	 187812.91994474	      0.00000000	  98495.59564028	      0.00000000	    576.73828421	  11765.20966138	 110871.08734418	    -11.01264445	 382432.71719195
      1.52300000	 137517.64604268	      0.00000000	  64976.15131866	      0.00000000	    461.76551434	  22532.14911206	  75759.22110938	   4335.61780828	 425834.74667679
      1.52400000	 156196.62897757	    267.47531063	  63966.32110288	   1134.33986475	      0.00000000	  18015.97325132	  62403.11395184	   4841.63877451	 410564.94577156
      1.52500000	 194880.27521900	      0.00000000	  66452.04553118	    570.93873703	      0.00000000	  10084.19330885	  42189.57904459	   7093.42201694	 363239.15633271
      1.52600000	 150715.17683658	      0.00000000	  54216.29430478	      0.00000000	    204.87972830	  21009.60282804	  64879.05675048	   7163.08944790	 437198.90439387
      1.52700000	 145014.36746806	    204.22735665	  72940.45904675	      0.00000000	    475.02057717	  23254.94277706	  82949.28529471	   3814.41579356	 413164.52757846
      1.52800000	 130368.79607979	      0.00000000	  77099.62963051	    124.55326662	      0.00000000	  24970.28525570	  72075.95837171	   4685.86000004	 378782.53271933
      1.52900000	 159099.10763433	      0.00000000	  72906.82226515	    649.92627088	      0.00000000	  18554.05629637	  69816.93308472	   5865.01986903	 389074.70827459
      1.53000000	 122049.54231900	      0.00000000	  80831.93688670	      0.00000000	    653.88962572	  27551.64671110	 106590.05283821	    796.58203884	 427536.31043386
      1.53100000	 114046.12867863	    138.78291039	  83401.50072825	    160.29480785	    142.81198692	  27693.95995773	 100290.38614906	    -11.01264445	 415901.14760929
      1.53200000	 145881.22274433	     91.51728156	  96713.89988944	   1227.58741427	      0.00000000	  19688.61460963	  95608.01331495	    773.57778167	 348701.04186851
      1.53300000	 189465.11467577	      0.00000000	  89176.68017662	      0.00000000	    -12.50090879	  10990.90508245	  93434.84489596	   2200.48342002	 375082.59459166
      1.53400000	 164444.79552340	     25.64900969	  52795.52980437	    330.81782859	    167.51820699	  17363.35705665	  37993.78783608	   9375.53798204	 404310.07704486
      1.53500000	 169372.46004231	      0.00000000	  74707.63706576	   1108.36316330	      0.00000000	  17467.45498277	  62026.28768883	   4445.13997754	 370807.99277960
      1.53600000	 162869.11838393	    214.21472931	  88026.78580630	      0.00000000	    575.95454350	  18997.19643726	 111851.04342501	    -11.01264445	 418377.37374244
      1.53700000	 152689.12824428	      0.00000000	  91243.72871170	      0.00000000	    393.00313419	  18374.41924647	  86866.59693250	   2321.07044348	 351105.01403055
      1.53800000	 132595.24035271	      0.00000000	  80646.04516953	    442.74286447	      0.00000000	  24201.93892439	 101723.25516812	    -11.01264445	 425787.73713606
      1.53900000	 143540.60937073	    118.55457242	  54704.25579459	   1426.60168722	      0.00000000	  24235.10787556	  38365.30489012	   8860.96425177	 399438.42640518
      1.54000000	 160487.47906048	      0.00000000	  50503.53760048	    181.47951909	      0.00000000	  21146.44233629	  51672.48188941	   6695.76790766	 432656.23591209
      1.54100000	 204290.56745463	     39.91860294	 100303.39168576	      0.00000000	    361.09459612	   6366.65996980	 110483.70282873	    592.25469499	 367165.28349759
      1.54200000	 200922.01842393	      0.00000000	  80315.44563837	    503.20248770	      0.00000000	   6935.81421199	  78467.69909793	   2168.92301428	 382867.81773892
      1.54300000	 201160.67518607	     40.36997281	  69891.56123426	    462.79427916	      0.00000000	   7348.47302921	  51550.07156345	   9365.42462577	 359657.45862921
      1.54400000	 161626.70464140	     34.14625356	  67269.23286356	      0.00000000	    520.15920012	  18665.94163956	  75970.22013844	   3607.85499599	 420687.37312720
      1.54500000	 140195.17665985	     21.96603454	  90387.90408957	      0.00000000	    169.50851982	  23311.30187216	  89365.74879363	   1026.00404556	 363912.07612034
      1.54600000	 170213.86279163	     40.42951433	  61069.17463522	    836.95765631	      0.00000000	  17129.81650083	  48783.87872851	   8790.49057848	 392515.73833402
      1.54700000	 217714.66320084	      0.00000000	  76553.91192743	      0.00000000	    364.97228028	   3241.78915402	  53954.68257558	   6005.64361987	 341388.75606618
      1.54800000	 161650.39605460	      0.00000000	  67915.08305991	      0.00000000	    233.17130216	  18117.47692460	  71079.39967286	   5437.52537540	 409212.88164722
      1.54900000	 155361.17924056	      0.00000000	  96935.95952557	      0.00000000	    423.96213751	  20086.70418509	 118203.12989678	    -11.01264445	 398817.89168019
      1.55000000	 105570.75223693	      0.00000000	  48787.45909366	    190.86455187	      0.00000000	  30549.20968663	  48790.48465231	   6578.63009099	 434197.70034621
      1.55100000	 159884.61229637	    242.49022091	  89659.38068453	    187.08624034	      0.00000000	  18878.59234796	 106377.65903012	    799.13160386	 400303.87449466
      1.55200000	 149353.38146805	     85.91400307	  62755.70804003	    168.50271815	    -11.52753906	  20092.35645532	  38282.22766411	  10280.26384069	 363481.84546433
      1.55300000	 173030.62648133	      0.00000000	 106163.33615331	      0.00000000	    223.64647441	  15277.23957603	 111028.39506841	    -11.01264445	 345722.32529911
      1.55400000	 114393.58664107	      0.00000000	  63295.89105074	    252.18471726	     22.30701087	  27856.93041765	  55142.36356082	   8939.01285868	 394508.61468652
      1.55500000	 160584.41442592	    107.51530426	  80656.10930382	   1268.19065408	      0.00000000	  19677.79169253	  92956.09619981	   1428.54420320	 407178.42231722
      1.55600000	 176619.62747576	    112.55425104	  80003.11478491	      0.00000000	   1030.32548222	  14851.38249559	  74379.62422164	   5036.74912423	 370290.29295424
      1.55700000	 146145.19357702	      0.00000000	  90253.68734905	    794.77328279	      0.00000000	  20568.96731065	 100323.01124484	   1038.21136820	 386526.05948931
      1.55800000	 180688.53117649	      0.00000000	  49899.33868534	    978.63099263	      0.00000000	  13808.01896769	  38344.33492477	   9211.65972951	 414370.95454984
      1.55900000	 184510.96678366	     -1.93565262	  74523.10233583	      0.00000000	    160.55190460	  12757.37484876	  82881.40988503	   3412.04999688	 408621.18298036
      1.56000000	 155586.63000161	     81.49901583	  48421.06783912	      0.00000000	    474.48763995	  20901.48017333	  39945.36000389	   7644.05798663	 423754.91065431
      1.56100000	 179038.06873985	     43.95613184	  79547.13923500	    179.08735402	      0.00000000	  11508.49349031	  59449.16307721	   5082.28703718	 340940.72415135
      1.56200000	 188095.64945585	     47.64764895	 105594.68740815	    761.74492919	    188.68998120	  12184.41375820	 105982.33524260	    464.86208129	 330700.03314621
      1.56300000	 151676.83658886	     61.19152141	 101088.13218510	     65.06249088	      0.00000000	  20286.57688241	 103177.45709475	    -11.01264445	 353861.17209621
      1.56400000	 206841.76125947	      0.00000000	  88705.02143622	     89.38006787	    284.32130912	   5457.43171483	  83284.02458322	   1344.42175474	 358002.42823156
      1.56500000	 130483.96316658	      0.00000000	  60695.55728689	      0.00000000	    196.23363149	  24199.07164892	  45445.09766568	   7980.05168049	 390323.50423636
      1.56600000	 180490.81835093	      0.00000000	  77311.80391220	    958.29918723	      0.00000000	  13913.80311081	  73689.07024620	   3923.27299913	 382465.56742342
      1.56700000	 140413.84834966	    122.68964686	  72910.29720408	      0.00000000	    723.74477440	  23820.34700890	  66028.84876097	   7686.30881906	 378974.06878831
      1.56800000	 184055.08904563	      0.00000000	  75097.50575840	   1482.48249662	      0.00000000	  10941.90149991	  55051.71040679	   7209.97877476	 347430.58249109
      1.56900000	 187690.54868370	      0.00000000	  59659.48160903	    124.98973761	    190.10154857	  13611.11179767	  49072.97466208	   6073.91952911	 403906.06392206
      1.57000000	 195249.16615456	    158.19568694	  99218.58933199	      0.00000000	    104.33013088	   8362.21388312	 109844.95605991	      0.98494883	 372189.27479952
      1.57100000	 221750.46837663	      0.00000000	  98335.19467171	    232.10652535	    207.01849001	   1555.02369144	  95073.39355618	   2286.50750039	 335818.40379082
      1.57200000	 136303.17502578	      0.00000000	  62114.96134372	     -0.11190631	    184.96818640	  23295.00632713	  64615.82430194	   5840.66713309	 417424.55248614
      1.57300000	 161085.99479459	      0.00000000	  65299.02464461	    858.02584925	      0.00000000	  19334.75807177	  74227.67667541	   2956.34423596	 425112.23942254
      1.57400000	 148834.71543471	      0.00000000	  69706.98820883	      0.00000000	    875.01610463	  20701.50410216	  79925.27945077	   2161.83145045	 421055.69141586
      1.57500000	 110049.29098035	      0.00000000	  57970.09030214	   1043.68644559	      0.00000000	  30130.98604666	  63575.87493972	   4219.76555065	 430440.43660240
