PennationAngle
version=1
nRows=1575
nColumns=10
inDegrees=no

This analysis gathers basic information about muscles during a simulation (e.g., forces, tendon lengths, moment arms, etc).
Units are S.I. units (second, meters, Newtons, ...)
If the header above contains a line with 'inDegrees', this indicates whether rotational values are in degrees (yes) or radians (no).

endheader
time	bflh_r	bfsh_r	gasmed_r	glmax2_r	iliacus_r	recfem_r	soleus_r	tibant_r	vasmed_r
      0.00100000	      0.34864426	      0.28331532	      0.29674737	      0.37065601	      0.34502588	      0.38983074	      0.54470743	      0.20904122	      0.77241973
      0.00200000	      0.34864426	      0.25461214	      0.29674737	      0.38277633	      0.34343103	      0.38983074	      0.54470743	      0.20904122	      0.77241973
      0.00300000	      0.34864426	      0.28566289	      0.29674737	      0.38024314	      0.35100752	      0.38983074	      0.54470743	      0.20904122	      0.77241973
      0.00400000	      0.34864426	      0.25801869	      0.29674737	      0.36182872	      0.37411976	      0.38983074	      0.54470743	      0.20904122	      0.77241973
      0.00500000	      0.34864426	      0.27608583	      0.29674737	      0.37982330	      0.34931158	      0.38983074	      0.54470743	      0.20904122	      0.77241973
      0.00600000	      0.34864426	      0.26131923	      0.29674737	      0.34567638	      0.37991229	      0.38983074	      0.54470743	      0.20904122	      0.77241973
      0.00700000	      0.34864426	      0.25943491	      0.29674737	      0.32252965	      0.41542161	      0.38983074	      0.54470743	      0.20904122	      0.77241973
      0.00800000	      0.34864426	      0.26518987	      0.29674737	      0.36101269	      0.37128976	      0.38983074	      0.54470743	      0.20904122	      0.77241973
      0.00900000	      0.34864426	      0.27287810	      0.29674737	      0.38488144	      0.35811094	      0.38983074	      0.54470743	      0.20904122	      0.77241973
      0.01000000	      0.34864426	      0.26343750	      0.29674737	      0.36306022	      0.36183325	      0.38983074	      0.54470743	      0.20904122	      0.77241973
      0.01100000	      0.34864426	      0.25694397	      0.29674737	      0.39065526	      0.32967449	      0.38983074	      0.54470743	      0.20904122	      0.77241973
      0.01200000	      0.34864426	      0.27105888	      0.29674737	      0.32403245	      0.41649525	      0.38983074	      0.54470743	      0.20904122	      0.77241973
      0.01300000	      0.34864426	      0.28203477	      0.29674737	      0.36077319	      0.35641343	      0.38983074	      0.54470743	      0.20904122	      0.77241973
      0.01400000	      0.34864426	      0.26435594	      0.29674737	      0.36705208	      0.36429420	      0.38983074	      0.54470743	      0.20904122	      0.77241973
      0.01500000	      0.34864426	      0.26012565	      0.29674737	      0.32752831	      0.40960722	      0.38983074	      0.54470743	      0.20904122	      0.77241973
      0.01600000	      0.34864426	      0.26635882	      0.29674737	      0.35958888	      0.35997425	      0.38983074	      0.54470743	      0.20904122	      0.77241973
      0.01700000	      0.34864426	      0.25594772	      0.29674737	      0.35523993	      0.38524019	      0.38983074	      0.54470743	      0.20904122	      0.77241973
      0.01800000	      0.34864426	      0.27776055	      0.29674737	      0.39694693	      0.32469754	      0.38983074	      0.54470743	      0.20904122	      0.77241973
      0.01900000	      0.34864426	      0.28014177	      0.29674737	      0.32952492	      0.39749811	      0.38983074	      0.54470743	      0.20904122	      0.77241973
      0.02000000	      0.34864426	      0.26984293	      0.29674737	      0.33344043	      0.40417870	      0.38983074	      0.54470743	      0.20904122	      0.77241973
      0.02100000	      0.34864426	      0.26244261	      0.29674737	      0.34687751	      0.38697804	      0.38983074	      0.54470743	      0.20904122	      0.77241973
      0.02200000	      0.34864426	      0.27494082	      0.29674737	      0.33797923	      0.41959562	      0.38983074	      0.54470743	      0.20904122	      0.77241973
      0.02300000	      0.34864426	      0.26825713	      0.29674737	      0.39212789	      0.34433074	      0.38983074	      0.54470743	      0.20904122	      0.77241973
      0.02400000	      0.34864426	      0.27862743	      0.29674737	      0.35494695	      0.36994548	      0.38983074	      0.54470743	      0.20904122	      0.77241973
      0.02500000	      0.34864426	      0.27203559	      0.29674737	      0.34103121	      0.38664049	      0.38983074	      0.54470743	      0.20904122	      0.77241973
      0.02600000	      0.34864426	      0.27260447	      0.29674737	      0.37787460	      0.34250644	      0.38983074	      0.54470743	      0.20904122	      0.77241973
      0.02700000	      0.34864426	      0.26678781	      0.29674737	      0.36761688	      0.36945147	      0.38983074	      0.54470743	      0.20904122	      0.77241973
      0.02800000	      0.34864426	      0.25916715	      0.29674737	      0.37953664	      0.34130042	      0.38983074	      0.54470743	      0.20904122	      0.77241973
      0.02900000	      0.34864426	      0.27391456	      0.29674737	      0.38112128	      0.36028135	      0.38983074	      0.54470743	      0.20904122	      0.77241973
      0.03000000	      0.34864426	      0.27097409	      0.29674737	      0.32407203	      0.42436494	      0.38983074	      0.54470743	      0.20904122	      0.77241973
      0.03100000	      0.34864426	      0.26564639	      0.29674737	      0.40262610	      0.33590257	      0.38983074	      0.54470743	      0.20904122	      0.77241973
      0.03200000	      0.34864426	      0.28035460	      0.29674737	      0.37959284	      0.35020738	      0.38983074	      0.54470743	      0.20904122	      0.77241973
      0.03300000	      0.34864426	      0.28303503	      0.29674737	      0.35167058	      0.37159382	      0.38983074	      0.54470743	      0.20904122	      0.77241973
      0.03400000	      0.34864426	      0.26390415	      0.29674737	      0.34464121	      0.37609866	      0.38983074	      0.54470743	      0.20904122	      0.77241973
      0.03500000	      0.34864426	      0.25848410	      0.29674737	      0.39007616	      0.33096783	      0.38983074	      0.54470743	      0.20904122	      0.77241973
      0.03600000	      0.34864426	      0.28483603	      0.29674737	      0.33901649	      0.39809915	      0.38983074	      0.54470743	      0.20904122	      0.77241973
      0.03700000	      0.34864426	      0.25620694	      0.29674737	      0.34425086	      0.39603863	      0.38983074	      0.54470743	      0.20904122	      0.77241973
      0.03800000	      0.34864426	      0.28514238	      0.29674737	      0.36744246	      0.35968476	      0.38983074	      0.54470743	      0.20904122	      0.77241973
      0.03900000	      0.34864426	      0.27960019	      0.29674737	      0.36340422	      0.36832770	      0.38983074	      0.54470743	      0.20904122	      0.77241973
      0.04000000	      0.34864426	      0.26943833	      0.29674737	      0.33347459	      0.39824338	      0.38983074	      0.54470743	      0.20904122	      0.77241973
      0.04100000	      0.34864426	      0.26472443	      0.29674737	      0.33007336	      0.40138227	      0.38983074	      0.54470743	      0.20904122	      0.77241973
      0.04200000	      0.34864426	      0.25544827	      0.29674737	      0.34013808	      0.38581587	      0.38983074	      0.54470743	      0.20904122	      0.77241973
      0.04300000	      0.34864426	      0.26299558	      0.29674737	      0.39775361	      0.32308826	      0.38983074	      0.54470743	      0.20904122	      0.77241973
      0.04400000	      0.34864426	      0.26018630	      0.29674737	      0.35102519	      0.36956060	      0.38983074	      0.54470743	      0.20904122	      0.77241973
      0.04500000	      0.34864426	      0.27742193	      0.29674737	      0.36090449	      0.37381535	      0.38983074	      0.54470743	      0.20904122	      0.77241973
      0.04600000	      0.34864426	      0.26128763	      0.29674737	      0.37948832	      0.34355196	      0.38983074	      0.54470743	      0.20904122	      0.77241973
      0.04700000	      0.34864426	      0.27575512	      0.29674737	      0.35712619	      0.37754417	      0.38983074	      0.54470743	      0.20904122	      0.77241973
      0.04800000	      0.34864426	      0.27689876	      0.29674737	      0.34541199	      0.38741568	      0.38983074	      0.54470743	      0.20904122	      0.77241973
      0.04900000	      0.34864426	      0.26902277	      0.29674737	      0.36076177	      0.35785797	      0.38983074	      0.54470743	      0.20904122	      0.77241973
      0.05000000	      0.34864426	      0.25722832	      0.29674737	      0.33406888	      0.39435317	      0.38983074	      0.54470743	      0.20904122	      0.77241973
      0.05100000	      0.34864426	      0.28385995	      0.29674737	      0.35485953	      0.36235960	      0.38983074	      0.54470743	      0.20904122	      0.77241973
      0.05200000	      0.34864426	      0.27051013	      0.29674737	      0.38125971	      0.34929198	      0.38983074	      0.54470743	      0.20904122	      0.77241973
      0.05300000	      0.34864426	      0.26437288	      0.29674737	      0.37631956	      0.34545382	      0.38983074	      0.54470743	      0.20904122	      0.77241973
      0.05400000	      0.34864426	      0.28590974	      0.29674737	      0.36559013	      0.35825864	      0.38983074	      0.54470743	      0.20904122	      0.77241973
      0.05500000	      0.34864426	      0.25648579	      0.29674737	      0.38610788	      0.34347963	      0.38983074	      0.54470743	      0.20904122	      0.77241973
      0.05600000	      0.34864426	      0.25959347	      0.29674737	      0.34996113	      0.39171661	      0.38983074	      0.54470743	      0.20904122	      0.77241973
      0.05700000	      0.34864426	      0.26592906	      0.29674737	      0.33885151	      0.39364288	      0.38983074	      0.54470743	      0.20904122	      0.77241973
      0.05800000	      0.34864426	      0.27795283	      0.29674737	      0.34893282	      0.37343464	      0.38983074	      0.54470743	      0.20904122	      0.77241973
      0.05900000	      0.34864426	      0.25601323	      0.29674737	      0.35899813	      0.36155529	      0.38983074	      0.54470743	      0.20904122	      0.77241973
      0.06000000	      0.34864426	      0.28139024	      0.29674737	      0.36731590	      0.35252954	      0.38983074	      0.54470743	      0.20904122	      0.77241973
      0.06100000	      0.34864426	      0.27350386	      0.29674737	      0.39901412	      0.34055097	      0.38983074	      0.54470743	      0.20904122	      0.77241973
      0.06200000	      0.34864426	      0.26953778	      0.29674737	      0.40013945	      0.31837735	      0.38983074	      0.54470743	      0.20904122	      0.77241973
      0.06300000	      0.34864426	      0.26714479	      0.29674737	      0.40106762	      0.33479217	      0.38983074	      0.54470743	      0.20904122	      0.77241973
      0.06400000	      0.34864426	      0.27149380	      0.29674737	      0.36854220	      0.34831580	      0.38983074	      0.54470743	      0.20904122	      0.77241973
      0.06500000	      0.34864426	      0.26072130	      0.29674737	      0.36542433	      0.36642848	      0.38983074	      0.54470743	      0.20904122	      0.77241973
      0.06600000	      0.34864426	      0.25921491	      0.29674737	      0.34383589	      0.39198587	      0.38983074	      0.54470743	      0.20904122	      0.77241973
      0.06700000	      0.34864426	      0.26218210	      0.29674737	      0.36742397	      0.34781872	      0.38983074	      0.54470743	      0.20904122	      0.77241973
      0.06800000	      0.34864426	      0.27952511	      0.29674737	      0.32988432	      0.40158273	      0.38983074	      0.54470743	      0.20904122	      0.77241973
      0.06900000	      0.34864426	      0.27767412	      0.29674737	      0.33898968	      0.38832898	      0.38983074	      0.54470743	      0.20904122	      0.77241973
      0.07000000	      0.34864426	      0.26811651	      0.29674737	      0.32637408	      0.42166509	      0.38983074	      0.54470743	      0.20904122	      0.77241973
      0.07100000	      0.34864426	      0.27577414	      0.29674737	      0.33578411	      0.40144537	      0.38983074	      0.54470743	      0.20904122	      0.77241973
      0.07200000	      0.34864426	      0.27380320	      0.29674737	      0.35480911	      0.38448381	      0.38983074	      0.54470743	      0.20904122	      0.77241973
      0.07300000	      0.34864426	      0.26334082	      0.29674737	      0.34982225	      0.37956128	      0.38983074	      0.54470743	      0.20904122	      0.77241973
      0.07400000	      0.34864426	      0.25722151	      0.29674737	      0.39992755	      0.34344395	      0.38983074	      0.54470743	      0.20904122	      0.77241973
      0.07500000	      0.34864426	      0.28501054	      0.29674737	      0.33705766	      0.39893293	      0.38983074	      0.54470743	      0.20904122	      0.77241973
      0.07600000	      0.34864426	      0.27165684	      0.29674737	      0.33893146	      0.39643429	      0.38983074	      0.54470743	      0.20904122	      0.77241973
      0.07700000	      0.34864426	      0.26545447	      0.29674737	      0.37702808	      0.34015175	      0.38983074	      0.54470743	      0.20904122	      0.77241973
      0.07800000	      0.34864426	      0.27547062	      0.29674737	      0.37129705	      0.35580655	      0.38983074	      0.54470743	      0.20904122	      0.77241973
      0.07900000	      0.34864426	      0.26116944	      0.29674737	      0.33353638	      0.39838721	      0.38983074	      0.54470743	      0.20904122	      0.77241973
      0.08000000	      0.34864426	      0.26923608	      0.29674737	      0.32770579	      0.41089656	      0.38983074	      0.54470743	      0.20904122	      0.77241973
      0.08100000	      0.34864426	      0.27249914	      0.29674737	      0.34304972	      0.38833965	      0.38983074	      0.54470743	      0.20904122	      0.77241973
      0.08200000	      0.34864426	      0.28563009	      0.29674737	      0.39493933	      0.33188907	      0.38983074	      0.54470743	      0.20904122	      0.77241973
      0.08300000	      0.34864426	      0.26019476	      0.29674737	      0.34537030	      0.37833240	      0.38983074	      0.54470743	      0.20904122	      0.77241973
      0.08400000	      0.34864426	      0.25586390	      0.29674737	      0.40538269	      0.34035685	      0.38983074	      0.54470743	      0.20904122	      0.77241973
      0.08500000	      0.34864426	      0.26214036	      0.29674737	      0.33952441	      0.40650549	      0.38983074	      0.54470743	      0.20904122	      0.77241973
      0.08600000	      0.34864426	      0.25775101	      0.29674737	      0.38613206	      0.34135576	      0.38983074	      0.54470743	      0.20904122	      0.77241973
      0.08700000	      0.34864426	      0.25857864	      0.29674737	      0.37297650	      0.37104568	      0.38983074	      0.54470743	      0.20904122	      0.77241973
      0.08800000	      0.34864426	      0.26424266	      0.29674737	      0.35716571	      0.36367902	      0.38983074	      0.54470743	      0.20904122	      0.77241973
      0.08900000	      0.34864426	      0.26591722	      0.29674737	      0.34571716	      0.37539352	      0.38983074	      0.54470743	      0.20904122	      0.77241973
      0.09000000	      0.34864426	      0.28062567	      0.29674737	      0.37848530	      0.34496475	      0.38983074	      0.54470743	      0.20904122	      0.77241973
      0.09100000	      0.34864426	      0.25955750	      0.29674737	      0.38948800	      0.33250906	      0.38983074	      0.54470743	      0.20904122	      0.77241973
      0.09200000	      0.34864426	      0.28681218	      0.29674737	      0.36444078	      0.36188414	      0.38983074	      0.54470743	      0.20904122	      0.77241973
      0.09300000	      0.34864426	      0.27801528	      0.29674737	      0.38335823	      0.34075098	      0.38983074	      0.54470743	      0.20904122	      0.77241973
      0.09400000	      0.34864426	      0.27868560	      0.29674737	      0.38587755	      0.32984957	      0.38983074	      0.54470743	      0.20904122	      0.77241973
      0.09500000	      0.34864426	      0.28329714	      0.29674737	      0.32596086	      0.40601091	      0.38983074	      0.54470743	      0.20904122	      0.77241973
      0.09600000	      0.34864426	      0.27423882	      0.29674737	      0.35915331	      0.36567895	      0.38983074	      0.54470743	      0.20904122	      0.77241973
      0.09700000	      0.34864426	      0.27678238	      0.29674737	      0.36139820	      0.36696018	      0.38983074	      0.54470743	      0.20904122	      0.77241973
      0.09800000	      0.34864426	      0.26783997	      0.29674737	      0.38394283	      0.35107885	      0.38983074	      0.54470743	      0.20904122	      0.77241973
      0.09900000	      0.34864426	      0.26813990	      0.29674737	      0.34954525	      0.37455499	      0.38983074	      0.54470743	      0.20904122	      0.77241973
      0.10000000	      0.34864426	      0.28482616	      0.29674737	      0.35941121	      0.38313324	      0.38983074	      0.54470743	      0.20904122	      0.77241973
      0.10100000	      0.34864426	      0.27320446	      0.29674737	      0.37274151	      0.34629156	      0.38983074	      0.54470743	      0.20904122	      0.77241973
      0.10200000	      0.34864426	      0.26327990	      0.29674737	      0.33291991	      0.39529234	      0.38983074	      0.54470743	      0.20904122	      0.77241973
      0.10300000	      0.34864426	      0.28394338	      0.29674737	      0.38735533	      0.33147446	      0.38983074	      0.54470743	      0.20904122	      0.77241973
      0.10400000	      0.34864426	      0.28265628	      0.29674737	      0.37983213	      0.35591147	      0.38983074	      0.54470743	      0.20904122	      0.77241973
      0.10500000	      0.34864426	      0.26648193	      0.29674737	      0.34116627	      0.39478009	      0.38983074	      0.54470743	      0.20904122	      0.77241973
      0.10600000	      0.34864426	      0.26872685	      0.29674737	      0.40033085	      0.32718692	      0.38983074	      0.54470743	      0.20904122	      0.77241973
      0.10700000	      0.34864426	      0.28022274	      0.29674737	      0.38959519	      0.33947047	      0.38983074	      0.54470743	      0.20904122	      0.77241973
      0.10800000	      0.34864426	      0.26617808	      0.29674737	      0.37299147	      0.35260381	      0.38983074	      0.54470743	      0.20904122	      0.77241973
      0.10900000	      0.34864426	      0.27737045	      0.29674737	      0.35913841	      0.37504388	      0.38983074	      0.54470743	      0.20904122	      0.77241973
      0.11000000	      0.34864426	      0.25996642	      0.29674737	      0.40422649	      0.32336531	      0.38983074	      0.54470743	      0.20904122	      0.77241973
      0.11100000	      0.34864426	      0.26088562	      0.29674737	      0.35402943	      0.35962827	      0.38983074	      0.54470743	      0.20904122	      0.77241973
      0.11200000	      0.34864426	      0.26242928	      0.29674737	      0.34539196	      0.38946792	      0.38983074	      0.54470743	      0.20904122	      0.77241973
      0.11300000	      0.34864426	      0.28951131	      0.29674737	      0.36929544	      0.36592651	      0.38983074	      0.54470743	      0.20904122	      0.77241973
      0.11400000	      0.34864426	      0.28480070	      0.29674737	      0.38052289	      0.34069010	      0.38983074	      0.54470743	      0.20904122	      0.77241973
      0.11500000	      0.34864426	      0.27208682	      0.29674737	      0.35153439	      0.38353899	      0.38983074	      0.54470743	      0.20904122	      0.77241973
      0.11600000	      0.34864426	      0.26898477	      0.29674737	      0.34076058	      0.39018107	      0.38983074	      0.54470743	      0.20904122	      0.77241973
      0.11700000	      0.34864426	      0.25777525	      0.29674737	      0.35359491	      0.36003818	      0.38983074	      0.54470743	      0.20904122	      0.77241973
      0.11800000	      0.34864426	      0.27904668	      0.29674737	      0.33670275	      0.41362759	      0.38983074	      0.54470743	      0.20904122	      0.77241973
      0.11900000	      0.34864426	      0.26400433	      0.29674737	      0.36892703	      0.35812752	      0.38983074	      0.54470743	      0.20904122	      0.77241973
      0.12000000	      0.34864426	      0.27618505	      0.29674737	      0.33401586	      0.39067777	      0.38983074	      0.54470743	      0.20904122	      0.77241973
      0.12100000	      0.34864426	      0.28664433	      0.29674737	      0.37757256	      0.34994444	      0.38983074	      0.54470743	      0.20904122	      0.77241973
      0.12200000	      0.34864426	      0.25687610	      0.29674737	      0.37196064	      0.36751548	      0.38983074	      0.54470743	      0.20904122	      0.77241973
      0.12300000	      0.34864426	      0.27470076	      0.29674737	      0.39347810	      0.33081868	      0.38983074	      0.54470743	      0.20904122	      0.77241973
      0.12400000	      0.34864426	      0.27059223	      0.29674737	      0.34126771	      0.39772981	      0.38983074	      0.54470743	      0.20904122	      0.77241973
      0.12500000	      0.34864426	      0.25877731	      0.29674737	      0.34726478	      0.38252649	      0.38983074	      0.54470743	      0.20904122	      0.77241973
      0.12600000	      0.34864426	      0.28920549	      0.29674737	      0.38580697	      0.33378554	      0.38983074	      0.54470743	      0.20904122	      0.77241973
      0.12700000	      0.34864426	      0.25888283	      0.29674737	      0.33925650	      0.40587435	      0.38983074	      0.54470743	      0.20904122	      0.77241973
      0.12800000	      0.34864426	      0.26079730	      0.29674737	      0.40331299	      0.33540702	      0.38983074	      0.54470743	      0.20904122	      0.77241973
      0.12900000	      0.34864426	      0.26389442	      0.29674737	      0.38749280	      0.33382238	      0.38983074	      0.54470743	      0.20904122	      0.77241973
      0.13000000	      0.34864426	      0.29055504	      0.29674737	      0.35730649	      0.36487519	      0.38983074	      0.54470743	      0.20904122	      0.77241973
      0.13100000	      0.34864426	      0.28247195	      0.29674737	      0.39945859	      0.32587700	      0.38983074	      0.54470743	      0.20904122	      0.77241973
      0.13200000	      0.34864426	      0.28059300	      0.29674737	      0.34954010	      0.37840882	      0.38983074	      0.54470743	      0.20904122	      0.77241973
      0.13300000	      0.34864426	      0.27524481	      0.29674737	      0.39620371	      0.33096493	      0.38983074	      0.54470743	      0.20904122	      0.77241973
      0.13400000	      0.34864426	      0.27610636	      0.29674737	      0.34014205	      0.38781504	      0.38983074	      0.54470743	      0.20904122	      0.77241973
      0.13500000	      0.34864426	      0.26631764	      0.29674737	      0.35824995	      0.38305700	      0.38983074	      0.54470743	      0.20904122	      0.77241973
      0.13600000	      0.34864426	      0.26035019	      0.29674737	      0.35219242	      0.37711053	      0.38983074	      0.54470743	      0.20904122	      0.77241973
      0.13700000	      0.34864426	      0.28682929	      0.29674737	      0.37709636	      0.35832644	      0.38983074	      0.54470743	      0.20904122	      0.77241973
      0.13800000	      0.34864426	      0.27177297	      0.29674737	      0.35335323	      0.37279650	      0.38983074	      0.54470743	      0.20904122	      0.77241973
      0.13900000	      0.34864426	      0.26600121	      0.29674737	      0.35230155	      0.36936751	      0.38983074	      0.54470743	      0.20904122	      0.77241973
      0.14000000	      0.34864426	      0.27765948	      0.29674737	      0.33005049	      0.40562780	      0.38983074	      0.54470743	      0.20904122	      0.77241973
      0.14100000	      0.34864426	      0.26284792	      0.29674737	      0.40977757	      0.32555038	      0.38983074	      0.54470743	      0.20904122	      0.77241973
      0.14200000	      0.34864426	      0.27348325	      0.29674737	      0.37425976	      0.34675996	      0.38983074	      0.54470743	      0.20904122	      0.77241973
      0.14300000	      0.34864426	      0.26204273	      0.29674737	      0.35296266	      0.40031199	      0.38983074	      0.54470743	      0.20904122	      0.77241973
      0.14400000	      0.34864426	      0.28572977	      0.29674737	      0.36455196	      0.35304905	      0.38983074	      0.54470743	      0.20904122	      0.77241973
      0.14500000	      0.34864426	      0.26782729	      0.29674737	      0.36653494	      0.35958415	      0.38983074	      0.54470743	      0.20904122	      0.77241973
      0.14600000	      0.34864426	      0.27084817	      0.29674737	      0.35756928	      0.36137982	      0.38983074	      0.54470743	      0.20904122	      0.77241973
      0.14700000	      0.34864426	      0.28394336	      0.29674737	      0.34837874	      0.39040777	      0.38983074	      0.54470743	      0.20904122	      0.77241973
      0.14800000	      0.34864426	      0.27944405	      0.29674737	      0.37801389	      0.33858559	      0.38983074	      0.54470743	      0.20904122	      0.77241973
      0.14900000	      0.34864426	      0.26986019	      0.29674737	      0.33873102	      0.38238435	      0.38983074	      0.54470743	      0.20904122	      0.77241973
      0.15000000	      0.34864426	      0.25747113	      0.29674737	      0.38810138	      0.35248807	      0.38983074	      0.54470743	      0.20904122	      0.77241973
      0.15100000	      0.34864426	      0.28546422	      0.29674737	      0.35274055	      0.37946613	      0.38983074	      0.54470743	      0.20904122	      0.77241973
      0.15200000	      0.34864426	      0.29090090	      0.29674737	      0.39806866	      0.34050066	      0.38983074	      0.54470743	      0.20904122	      0.77241973
      0.15300000	      0.34864426	      0.27945387	      0.29674737	      0.37504558	      0.35656968	      0.38983074	      0.54470743	      0.20904122	      0.77241973
      0.15400000	      0.34864426	      0.26124346	      0.29674737	      0.34911575	      0.37251707	      0.38983074	      0.54470743	      0.20904122	      0.77241973
      0.15500000	      0.34864426	      0.25929076	      0.29674737	      0.33071931	      0.39390460	      0.38983074	      0.54470743	      0.20904122	      0.77241973
      0.15600000	      0.34864426	      0.27755995	      0.29674737	      0.40619375	      0.32363064	      0.38983074	      0.54470743	      0.20904122	      0.77241973
      0.15700000	      0.34864426	      0.26309617	      0.29674737	      0.39637413	      0.34070381	      0.38983074	      0.54470743	      0.20904122	      0.77241973
      0.15800000	      0.34864426	      0.26883280	      0.29674737	      0.36726715	      0.35607445	      0.38983074	      0.54470743	      0.20904122	      0.77241973
      0.15900000	      0.34864426	      0.26493943	      0.29674737	      0.37245316	      0.35137380	      0.38983074	      0.54470743	      0.20904122	      0.77241973
      0.16000000	      0.34864426	      0.29159171	      0.29674737	      0.37368276	      0.36422081	      0.38983074	      0.54470743	      0.20904122	      0.77241973
      0.16100000	      0.34864426	      0.27111388	      0.29674737	      0.38551500	      0.34092515	      0.38983074	      0.54470743	      0.20904122	      0.77241973
      0.16200000	      0.34864426	      0.26235759	      0.29674737	      0.33833086	      0.38778833	      0.38983074	      0.54470743	      0.20904122	      0.77241973
      0.16300000	      0.34864426	      0.28769169	      0.29674737	      0.36322543	      0.38423966	      0.38983074	      0.54470743	      0.20904122	      0.77241973
      0.16400000	      0.34864426	      0.27521560	      0.29674737	      0.34872319	      0.37840013	      0.38983074	      0.54470743	      0.20904122	      0.77241973
      0.16500000	      0.34864426	      0.26056423	      0.29674737	      0.38418802	      0.34296043	      0.38983074	      0.54470743	      0.20904122	      0.77241973
      0.16600000	      0.34864426	      0.28382450	      0.29674737	      0.35052774	      0.37756695	      0.38983074	      0.54470743	      0.20904122	      0.77241973
      0.16700000	      0.34864426	      0.26512518	      0.29674737	      0.40503060	      0.31519685	      0.38983074	      0.54470743	      0.20904122	      0.77241973
      0.16800000	      0.34864426	      0.28273012	      0.29674737	      0.38832824	      0.33278415	      0.38983074	      0.54470743	      0.20904122	      0.77241973
      0.16900000	      0.34864426	      0.27362145	      0.29674737	      0.34072804	      0.39354770	      0.38983074	      0.54470743	      0.20904122	      0.77241973
      0.17000000	      0.34864426	      0.26672581	      0.29674737	      0.36136981	      0.36264828	      0.38983074	      0.54470743	      0.20904122	      0.77241973
      0.17100000	      0.34864426	      0.28083917	      0.29674737	      0.38658219	      0.33550430	      0.38983074	      0.54470743	      0.20904122	      0.77241973
      0.17200000	      0.34864426	      0.27249985	      0.29674737	      0.34161404	      0.38532076	      0.38983074	      0.54470743	      0.20904122	      0.77241973
      0.17300000	      0.34864426	      0.27665590	      0.29674737	      0.33451168	      0.39742341	      0.38983074	      0.54470743	      0.20904122	      0.77241973
      0.17400000	      0.34864426	      0.28674037	      0.29674737	      0.35074655	      0.38338364	      0.38983074	      0.54470743	      0.20904122	      0.77241973
      0.17500000	      0.34864426	      0.26799540	      0.29674737	      0.38761404	      0.34510471	      0.38983074	      0.54470743	      0.20904122	      0.77241973
      0.17600000	      0.34864426	      0.28973131	      0.29674737	      0.32945483	      0.40662299	      0.38983074	      0.54470743	      0.20904122	      0.77241973
      0.17700000	      0.34864426	      0.27369607	      0.29674737	      0.34875133	      0.39355632	      0.38983074	      0.54470743	      0.20904122	      0.77241973
      0.17800000	      0.34864426	      0.28539449	      0.29674737	      0.39840176	      0.33546435	      0.38983074	      0.54470743	      0.20904122	      0.77241973
      0.17900000	      0.34864426	      0.28723545	      0.29674737	      0.38762133	      0.33358760	      0.38983074	      0.54470743	      0.20904122	      0.77241973
      0.18000000	      0.34864426	      0.26307077	      0.29674737	      0.39891243	      0.33995940	      0.38983074	      0.54470743	      0.20904122	      0.77241973
      0.18100000	      0.34864426	      0.28300325	      0.29674737	      0.38127677	      0.33896209	      0.38983074	      0.54470743	      0.20904122	      0.77241973
      0.18200000	      0.34864426	      0.27980010	      0.29674737	      0.34798457	      0.38699541	      0.38983074	      0.54470743	      0.20904122	      0.77241973
      0.18300000	      0.34864426	      0.26104158	      0.29674737	      0.36003721	      0.37384126	      0.38983074	      0.54470743	      0.20904122	      0.77241973
      0.18400000	      0.34864426	      0.29259266	      0.29674737	      0.36422040	      0.37173785	      0.38983074	      0.54470743	      0.20904122	      0.77241973
      0.18500000	      0.34864426	      0.27820405	      0.29674737	      0.41017203	      0.32106801	      0.38983074	      0.54470743	      0.20904122	      0.77241973
      0.18600000	      0.34864426	      0.26837742	      0.29674737	      0.40482668	      0.32299926	      0.38983074	      0.54470743	      0.20904122	      0.77241973
      0.18700000	      0.34864426	      0.26524834	      0.29674737	      0.34754981	      0.37465335	      0.38983074	      0.54470743	      0.20904122	      0.77241973
      0.18800000	      0.34864426	      0.27502446	      0.29674737	      0.34215648	      0.39116282	      0.38983074	      0.54470743	      0.20904122	      0.77241973
      0.18900000	      0.34864426	      0.26492187	      0.29674737	      0.36372043	      0.36165084	      0.38983074	      0.54470743	      0.20904122	      0.77241973
      0.19000000	      0.34864426	      0.26661644	      0.29674737	      0.39514424	      0.33210703	      0.38983074	      0.54470743	      0.20904122	      0.77241973
      0.19100000	      0.34864426	      0.29351037	      0.29674737	      0.37296872	      0.35081031	      0.38983074	      0.54470743	      0.20904122	      0.77241973
      0.19200000	      0.34864426	      0.28091144	      0.29674737	      0.36908167	      0.35846305	      0.38983074	      0.54470743	      0.20904122	      0.77241973
      0.19300000	      0.34864426	      0.27652112	      0.29674737	      0.34917208	      0.37308978	      0.38983074	      0.54470743	      0.20904122	      0.77241973
      0.19400000	      0.34864426	      0.26932724	      0.29674737	      0.36830487	      0.35066569	      0.38983074	      0.54470743	      0.20904122	      0.77241973
      0.19500000	      0.34864426	      0.27117976	      0.29674737	      0.34583033	      0.40015816	      0.38983074	      0.54470743	      0.20904122	      0.77241973
      0.19600000	      0.34864426	      0.27212988	      0.29674737	      0.38025396	      0.35945919	      0.38983074	      0.54470743	      0.20904122	      0.77241973
      0.19700000	      0.34864426	      0.28277893	      0.29674737	      0.38589057	      0.33246736	      0.38983074	      0.54470743	      0.20904122	      0.77241973
      0.19800000	      0.34864426	      0.26042531	      0.29674737	      0.38952546	      0.34833589	      0.38983074	      0.54470743	      0.20904122	      0.77241973
      0.19900000	      0.34864426	      0.26261818	      0.29674737	      0.35130551	      0.37058439	      0.38983074	      0.54470743	      0.20904122	      0.77241973
      0.20000000	      0.34864426	      0.28846872	      0.29674737	      0.34007188	      0.37925202	      0.38983074	      0.54470743	      0.20904122	      0.77241973
      0.20100000	      0.34864426	      0.28042985	      0.29674737	      0.34117457	      0.39389492	      0.38983074	      0.54470743	      0.20904122	      0.77241973
      0.20200000	      0.34864426	      0.26242393	      0.29674737	      0.35435754	      0.38408741	      0.38983074	      0.54470743	      0.20904122	      0.77241973
      0.20300000	      0.34864426	      0.28388732	      0.29674737	      0.36669467	      0.36676735	      0.38983074	      0.54470743	      0.20904122	      0.77241973
      0.20400000	      0.34864426	      0.26961131	      0.29674737	      0.39578723	      0.34826984	      0.38983074	      0.54470743	      0.20904122	      0.77241973
      0.20500000	      0.34864426	      0.26492159	      0.29674737	      0.32884972	      0.41068480	      0.38983074	      0.54470743	      0.20904122	      0.77241973
      0.20600000	      0.34864426	      0.29305017	      0.29674737	      0.38298457	      0.33613174	      0.38983074	      0.54470743	      0.20904122	      0.77241973
      0.20700000	      0.34864426	      0.26330878	      0.29674737	      0.36149197	      0.36098195	      0.38983074	      0.54470743	      0.20904122	      0.77241973
      0.20800000	      0.34864426	      0.27292322	      0.29674737	      0.40867103	      0.31978547	      0.38983074	      0.54470743	      0.20904122	      0.77241973
      0.20900000	      0.34864426	      0.27707241	      0.29674737	      0.40525551	      0.34447076	      0.38983074	      0.54470743	      0.20904122	      0.77241973
      0.21000000	      0.34864426	      0.26210905	      0.29674737	      0.39273815	      0.34907028	      0.38983074	      0.54470743	      0.20904122	      0.77241973
      0.21100000	      0.34864426	      0.27485569	      0.29674737	      0.36903344	      0.35564636	      0.38983074	      0.54470743	      0.20904122	      0.77241973
      0.21200000	      0.34864426	      0.27895292	      0.29674737	      0.36166356	      0.37138092	      0.38983074	      0.54470743	      0.20904122	      0.77241973
      0.21300000	      0.34864426	      0.29718561	      0.29674737	      0.39748014	      0.32729791	      0.38983074	      0.54470743	      0.20904122	      0.77241973
      0.21400000	      0.34864426	      0.28336327	      0.29674737	      0.35856199	      0.35766704	      0.38983074	      0.54470743	      0.20904122	      0.77241973
      0.21500000	      0.34864426	      0.26890416	      0.29674737	      0.34309796	      0.38209547	      0.38983074	      0.54470743	      0.20904122	      0.77241973
      0.21600000	      0.34864426	      0.28859272	      0.29674737	      0.34702075	      0.37626066	      0.38983074	      0.54470743	      0.20904122	      0.77241973
      0.21700000	      0.34864426	      0.26794436	      0.29674737	      0.37167775	      0.34918644	      0.38983074	      0.54470743	      0.20904122	      0.77241973
      0.21800000	      0.34864426	      0.29173603	      0.29674737	      0.36220052	      0.37373670	      0.38983074	      0.54470743	      0.20904122	      0.77241973
      0.21900000	      0.34864426	      0.28834939	      0.29674737	      0.34570254	      0.38084025	      0.38983074	      0.54470743	      0.20904122	      0.77241973
      0.22000000	      0.34864426	      0.27320386	      0.29674737	      0.37448509	      0.34629834	      0.38983074	      0.54470743	      0.20904122	      0.77241973
      0.22100000	      0.34864426	      0.26658204	      0.29674737	      0.34671012	      0.36536541	      0.38983074	      0.54470743	      0.20904122	      0.77241973
      0.22200000	      0.34864426	      0.27061513	      0.29674737	      0.40454703	      0.34004098	      0.38983074	      0.54470743	      0.20904122	      0.77241973
      0.22300000	      0.34864426	      0.29473022	      0.29674737	      0.38177176	      0.34789285	      0.38983074	      0.54470743	      0.20904122	      0.77241973
      0.22400000	      0.34864426	      0.27821132	      0.29674737	      0.41390649	      0.32006720	      0.38983074	      0.54470743	      0.20904122	      0.77241973
      0.22500000	      0.34864426	      0.28598147	      0.29674737	      0.34303418	      0.38197512	      0.38983074	      0.54470743	      0.20904122	      0.77241973
      0.22600000	      0.34864426	      0.26455626	      0.29674737	      0.36847167	      0.34281877	      0.38983074	      0.54470743	      0.20904122	      0.77241973
      0.22700000	      0.34864426	      0.27139071	      0.29674737	      0.35868282	      0.39007625	      0.38983074	      0.54470743	      0.20904122	      0.77241973
      0.22800000	      0.34864426	      0.28259388	      0.29674737	      0.37899165	      0.35079928	      0.38983074	      0.54470743	      0.20904122	      0.77241973
      0.22900000	      0.34864426	      0.27920029	      0.29674737	      0.36095996	      0.38084489	      0.38983074	      0.54470743	      0.20904122	      0.77241973
      0.23000000	      0.34864426	      0.27274455	      0.29674737	      0.38135113	      0.34290072	      0.38983074	      0.54470743	      0.20904122	      0.77241973
      0.23100000	      0.34864426	      0.27024887	      0.29674737	      0.35066110	      0.38134743	      0.38983074	      0.54470743	      0.20904122	      0.77241973
      0.23200000	      0.34864426	      0.26344547	      0.29674737	      0.40326814	      0.32967767	      0.38983074	      0.54470743	      0.20904122	      0.77241973
      0.23300000	      0.34864426	      0.29033747	      0.29674737	      0.37454779	      0.35119424	      0.38983074	      0.54470743	      0.20904122	      0.77241973
      0.23400000	      0.34864426	      0.29343867	      0.29674737	      0.36200407	      0.38145396	      0.38983074	      0.54470743	      0.20904122	      0.77241973
      0.23500000	      0.34864426	      0.27517930	      0.29674737	      0.35121876	      0.38015527	      0.38983074	      0.54470743	      0.20904122	      0.77241973
      0.23600000	      0.34864426	      0.28615493	      0.29674737	      0.39626945	      0.32304040	      0.38983074	      0.54470743	      0.20904122	      0.77241973
      0.23700000	      0.34864426	      0.26593805	      0.29674737	      0.38096944	      0.34970517	      0.38983074	      0.54470743	      0.20904122	      0.77241973
      0.23800000	      0.34864426	      0.29605600	      0.29674737	      0.40560060	      0.32501314	      0.38983074	      0.54470743	      0.20904122	      0.77241973
      0.23900000	      0.34864426	      0.29652253	      0.29674737	      0.34484428	      0.39605395	      0.38983074	      0.54470743	      0.20904122	      0.77241973
      0.24000000	      0.34864426	      0.26883457	      0.29674737	      0.33778688	      0.39526240	      0.38983074	      0.54470743	      0.20904122	      0.77241973
      0.24100000	      0.34864426	      0.28897079	      0.29674737	      0.38690168	      0.33412980	      0.38983074	      0.54470743	      0.20904122	      0.77241973
      0.24200000	      0.34864426	      0.27993003	      0.29674737	      0.36862157	      0.34873538	      0.38983074	      0.54470743	      0.20904122	      0.77241973
      0.24300000	      0.34864426	      0.28533845	      0.29674737	      0.37171016	      0.35693326	      0.38983074	      0.54470743	      0.20904122	      0.77241973
      0.24400000	      0.34864426	      0.28096165	      0.29674737	      0.39199174	      0.32503988	      0.38983074	      0.54470743	      0.20904122	      0.77241973
      0.24500000	      0.34864426	      0.26702386	      0.29674737	      0.35245305	      0.37201195	      0.38983074	      0.54470743	      0.20904122	      0.77241973
      0.24600000	      0.34864426	      0.29241912	      0.29674737	      0.35843158	      0.36116878	      0.38983074	      0.54470743	      0.20904122	      0.77241973
      0.24700000	      0.34864426	      0.26760573	      0.29674737	      0.37634542	      0.36562756	      0.38983074	      0.54470743	      0.20904122	      0.77241973
      0.24800000	      0.34864426	      0.27388895	      0.29674737	      0.41653376	      0.32771278	      0.38983074	      0.54470743	      0.20904122	      0.77241973
      0.24900000	      0.34864426	      0.29967645	      0.29674737	      0.40820678	      0.31923093	      0.38983074	      0.54470743	      0.20904122	      0.77241973
      0.25000000	      0.34864426	      0.27740211	      0.29674737	      0.34321552	      0.39254862	      0.38983074	      0.54470743	      0.20904122	      0.77241973
      0.25100000	      0.34864426	      0.26764783	      0.29674737	      0.35105724	      0.36509396	      0.38983074	      0.54470743	      0.20904122	      0.77241973
      0.25200000	      0.34864426	      0.27248212	      0.29674737	      0.36371377	      0.36305995	      0.38983074	      0.54470743	      0.20904122	      0.77241973
      0.25300000	      0.34864426	      0.29091278	      0.29674737	      0.39061701	      0.33640373	      0.38983074	      0.54470743	      0.20904122	      0.77241973
      0.25400000	      0.34864426	      0.29429352	      0.29674737	      0.33619697	      0.39371665	      0.38983074	      0.54470743	      0.20904122	      0.77241973
      0.25500000	      0.34864426	      0.27601200	      0.29674737	      0.34310898	      0.39381853	      0.38983074	      0.54470743	      0.20904122	      0.77241973
      0.25600000	      0.34864426	      0.26570055	      0.29674737	      0.40544177	      0.34238725	      0.38983074	      0.54470743	      0.20904122	      0.77241973
      0.25700000	      0.34864426	      0.27902244	      0.29674737	      0.40912298	      0.32459679	      0.38983074	      0.54470743	      0.20904122	      0.77241973
      0.25800000	      0.34864426	      0.29733915	      0.29674737	      0.34738186	      0.36635812	      0.38983074	      0.54470743	      0.20904122	      0.77241973
      0.25900000	      0.34864426	      0.29991961	      0.29674737	      0.33993108	      0.39551777	      0.38983074	      0.54470743	      0.20904122	      0.77241973
      0.26000000	      0.34864426	      0.28439263	      0.29674737	      0.39856008	      0.32807181	      0.38983074	      0.54470743	      0.20904122	      0.77241973
      0.26100000	      0.34864426	      0.28911890	      0.29674737	      0.37828883	      0.35062512	      0.38983074	      0.54470743	      0.20904122	      0.77241973
      0.26200000	      0.34864426	      0.26451197	      0.29674737	      0.34495245	      0.40552962	      0.38983074	      0.54470743	      0.20904122	      0.77241973
      0.26300000	      0.34864426	      0.26828079	      0.29674737	      0.36748960	      0.35646131	      0.38983074	      0.54470743	      0.20904122	      0.77241973
      0.26400000	      0.34864426	      0.29228522	      0.29674737	      0.34881567	      0.38619895	      0.38983074	      0.54470743	      0.20904122	      0.77241973
      0.26500000	      0.34864426	      0.28103838	      0.29674737	      0.39308527	      0.33283502	      0.38983074	      0.54470743	      0.20904122	      0.77241973
      0.26600000	      0.34864426	      0.28261314	      0.29674737	      0.38152090	      0.34099864	      0.38983074	      0.54470743	      0.20904122	      0.77241973
      0.26700000	      0.34864426	      0.29625501	      0.29674737	      0.39363301	      0.33577597	      0.38983074	      0.54470743	      0.20904122	      0.77241973
      0.26800000	      0.34864426	      0.28795913	      0.29674737	      0.41776128	      0.33285667	      0.38983074	      0.54470743	      0.20904122	      0.77241973
      0.26900000	      0.34864426	      0.27783477	      0.29674737	      0.36255738	      0.36694463	      0.38983074	      0.54470743	      0.20904122	      0.77241973
      0.27000000	      0.34864426	      0.30213501	      0.29674737	      0.38879695	      0.34747381	      0.38983074	      0.54470743	      0.20904122	      0.77241973
      0.27100000	      0.34864426	      0.27142436	      0.29674737	      0.36250755	      0.38022660	      0.38983074	      0.54470743	      0.20904122	      0.77241973
      0.27200000	      0.34864426	      0.27414716	      0.29674737	      0.36984101	      0.36324569	      0.38983074	      0.54470743	      0.20904122	      0.77241973
      0.27300000	      0.34864426	      0.28631220	      0.29674737	      0.37456692	      0.34570077	      0.38983074	      0.54470743	      0.20904122	      0.77241973
      0.27400000	      0.34864426	      0.26974254	      0.29674737	      0.41181234	      0.31916438	      0.38983074	      0.54470743	      0.20904122	      0.77241973
      0.27500000	      0.34864426	      0.27488677	      0.29674737	      0.36833259	      0.35183638	      0.38983074	      0.54470743	      0.20904122	      0.77241973
      0.27600000	      0.34864426	      0.27473470	      0.29674737	      0.36980012	      0.35453329	      0.38983074	      0.54470743	      0.20904122	      0.77241973
      0.27700000	      0.34864426	      0.28438804	      0.29674737	      0.40296424	      0.33912686	      0.38983074	      0.54470743	      0.20904122	      0.77241973
      0.27800000	      0.34864426	      0.30075139	      0.29674737	      0.34461699	      0.38573383	      0.38983074	      0.54470743	      0.20904122	      0.77241973
      0.27900000	      0.34864426	      0.30506886	      0.29674737	      0.39799275	      0.32747294	      0.38983074	      0.54470743	      0.20904122	      0.77241973
      0.28000000	      0.34864426	      0.26843423	      0.29674737	      0.36499268	      0.35799640	      0.38983074	      0.54470743	      0.20904122	      0.77241973
      0.28100000	      0.34864426	      0.29335830	      0.29674737	      0.37263291	      0.36242571	      0.38983074	      0.54470743	      0.20904122	      0.77241973
      0.28200000	      0.34864426	      0.27962805	      0.29674737	      0.34365166	      0.39287396	      0.38983074	      0.54470743	      0.20904122	      0.77241973
      0.28300000	      0.34864426	      0.28330338	      0.29674737	      0.35386101	      0.37805958	      0.38983074	      0.54470743	      0.20904122	      0.77241973
      0.28400000	      0.34864426	      0.27497004	      0.29674737	      0.38886719	      0.33291996	      0.38983074	      0.54470743	      0.20904122	      0.77241973
      0.28500000	      0.34864426	      0.29072710	      0.29674737	      0.37882381	      0.36086062	      0.38983074	      0.54470743	      0.20904122	      0.77241973
      0.28600000	      0.34864426	      0.28150566	      0.29674737	      0.39441874	      0.35505410	      0.38983074	      0.54470743	      0.20904122	      0.77241973
      0.28700000	      0.34864426	      0.26618310	      0.29674737	      0.36150154	      0.36377917	      0.38983074	      0.54470743	      0.20904122	      0.77241973
      0.28800000	      0.34864426	      0.29761343	      0.29674737	      0.34787240	      0.38372040	      0.38983074	      0.54470743	      0.20904122	      0.77241973
      0.28900000	      0.34864426	      0.30282521	      0.29674737	      0.40550399	      0.31970416	      0.38983074	      0.54470743	      0.20904122	      0.77241973
      0.29000000	      0.34864426	      0.27759211	      0.29674737	      0.38019348	      0.35042072	      0.38983074	      0.54470743	      0.20904122	      0.77241973
      0.29100000	      0.34864426	      0.27791710	      0.29674737	      0.39506961	      0.33615183	      0.38983074	      0.54470743	      0.20904122	      0.77241973
      0.29200000	      0.34864426	      0.26740715	      0.29674737	      0.41969804	      0.31373203	      0.38983074	      0.54470743	      0.20904122	      0.77241973
      0.29300000	      0.34864426	      0.27089101	      0.29674737	      0.36580361	      0.36351153	      0.38983074	      0.54470743	      0.20904122	      0.77241973
      0.29400000	      0.34864426	      0.26983130	      0.29674737	      0.40244885	      0.33114269	      0.38983074	      0.54470743	      0.20904122	      0.77241973
      0.29500000	      0.34864426	      0.29028248	      0.29674737	      0.35834835	      0.36372496	      0.38983074	      0.54470743	      0.20904122	      0.77241973
      0.29600000	      0.34864426	      0.28635841	      0.29674737	      0.35465473	      0.37267730	      0.38983074	      0.54470743	      0.20904122	      0.77241973
      0.29700000	      0.34864426	      0.27275652	      0.29674737	      0.41215431	      0.31924121	      0.38983074	      0.54470743	      0.20904122	      0.77241973
      0.29800000	      0.34864426	      0.29456580	      0.29674737	      0.34666322	      0.37526561	      0.38983074	      0.54470743	      0.20904122	      0.77241973
      0.29900000	      0.34864426	      0.28790720	      0.29674737	      0.34620885	      0.38967150	      0.38983074	      0.54470743	      0.20904122	      0.77241973
      0.30000000	      0.34864426	      0.29910149	      0.29674737	      0.37727916	      0.34524897	      0.38983074	      0.54470743	      0.20904122	      0.77241973
      0.30100000	      0.34864426	      0.27391882	      0.29674737	      0.37277238	      0.35849216	      0.38983074	      0.54470743	      0.20904122	      0.77241973
      0.30200000	      0.34864426	      0.27759097	      0.29674737	      0.40223404	      0.32812740	      0.38983074	      0.54470743	      0.20904122	      0.77241973
      0.30300000	      0.34864426	      0.27231178	      0.29674737	      0.38692789	      0.35042044	      0.38983074	      0.54470743	      0.20904122	      0.77241973
      0.30400000	      0.34864426	      0.27150751	      0.29674737	      0.38017042	      0.34017537	      0.38983074	      0.54470743	      0.20904122	      0.77241973
      0.30500000	      0.34864426	      0.30919970	      0.29674737	      0.41019248	      0.33683204	      0.38983074	      0.54470743	      0.20904122	      0.77241973
      0.30600000	      0.34864426	      0.28066995	      0.29674737	      0.35347181	      0.38204050	      0.38983074	      0.54470743	      0.20904122	      0.77241973
      0.30700000	      0.34864426	      0.28576850	      0.29674737	      0.39632996	      0.34231729	      0.38983074	      0.54470743	      0.20904122	      0.77241973
      0.30800000	      0.34864426	      0.26915793	      0.29674737	      0.39704317	      0.32600345	      0.38983074	      0.54470743	      0.20904122	      0.77241973
      0.30900000	      0.34864426	      0.27466195	      0.29674737	      0.40376515	      0.32497655	      0.38983074	      0.54470743	      0.20904122	      0.77241973
      0.31000000	      0.34864426	      0.28777168	      0.29674737	      0.35666829	      0.38213799	      0.38983074	      0.54470743	      0.20904122	      0.77241973
      0.31100000	      0.34864426	      0.28162006	      0.29674737	      0.35967897	      0.35716713	      0.38983074	      0.54470743	      0.20904122	      0.77241973
      0.31200000	      0.34864426	      0.29111483	      0.29674737	      0.36627595	      0.37668368	      0.38983074	      0.54470743	      0.20904122	      0.77241973
      0.31300000	      0.34864426	      0.27989459	      0.29674737	      0.35938608	      0.36196765	      0.38983074	      0.54470743	      0.20904122	      0.77241973
      0.31400000	      0.34864426	      0.28391235	      0.29674737	      0.40460711	      0.32830727	      0.38983074	      0.54470743	      0.20904122	      0.77241973
      0.31500000	      0.34864426	      0.30436095	      0.29674737	      0.40394096	      0.33554478	      0.38983074	      0.54470743	      0.20904122	      0.77241973
      0.31600000	      0.34864426	      0.29246841	      0.29674737	      0.34671281	      0.38816292	      0.38983074	      0.54470743	      0.20904122	      0.77241973
      0.31700000	      0.34864426	      0.29896509	      0.29674737	      0.40865671	      0.31859875	      0.38983074	      0.54470743	      0.20904122	      0.77241973
      0.31800000	      0.34864426	      0.30680906	      0.29674737	      0.35704052	      0.38768822	      0.38983074	      0.54470743	      0.20904122	      0.77241973
      0.31900000	      0.34864426	      0.29926388	      0.29674737	      0.34628140	      0.37677539	      0.38983074	      0.54470743	      0.20904122	      0.77241973
      0.32000000	      0.34864426	      0.29374538	      0.29674737	      0.36644098	      0.36302420	      0.38983074	      0.54470743	      0.20904122	      0.77241973
      0.32100000	      0.34864426	      0.30287212	      0.29674737	      0.38232684	      0.33930682	      0.38983074	      0.54470743	      0.20904122	      0.77241973
      0.32200000	      0.34864426	      0.29659108	      0.29674737	      0.37200254	      0.35450057	      0.38983074	      0.54470743	      0.20904122	      0.77241973
      0.32300000	      0.34864426	      0.28847333	      0.29674737	      0.37674255	      0.35359465	      0.38983074	      0.54470743	      0.20904122	      0.77241973
      0.32400000	      0.34864426	      0.27580350	      0.29674737	      0.33908138	      0.38767159	      0.38983074	      0.54470743	      0.20904122	      0.77241973
      0.32500000	      0.34864426	      0.26877634	      0.29674737	      0.38566555	      0.34025496	      0.38983074	      0.54470743	      0.20904122	      0.77241973
      0.32600000	      0.34864426	      0.29083090	      0.29674737	      0.38833034	      0.33414814	      0.38983074	      0.54470743	      0.20904122	      0.77241973
      0.32700000	      0.34864426	      0.27969276	      0.29674737	      0.38350607	      0.33789252	      0.38983074	      0.54470743	      0.20904122	      0.77241973
      0.32800000	      0.34864426	      0.28263484	      0.29674737	      0.37285221	      0.35211870	      0.38983074	      0.54470743	      0.20904122	      0.77241973
      0.32900000	      0.34864426	      0.30808996	      0.29674737	      0.40960067	      0.34230604	      0.38983074	      0.54470743	      0.20904122	      0.77241973
      0.33000000	      0.34864426	      0.27475398	      0.29674737	      0.40655843	      0.34445773	      0.38983074	      0.54470743	      0.20904122	      0.77241973
      0.33100000	      0.34864426	      0.31004904	      0.29674737	      0.35013948	      0.38922949	      0.38983074	      0.54470743	      0.20904122	      0.77241973
      0.33200000	      0.34864426	      0.29381260	      0.29674737	      0.39400332	      0.34536030	      0.38983074	      0.54470743	      0.20904122	      0.77241973
      0.33300000	      0.34864426	      0.28657780	      0.29674737	      0.38965193	      0.33791138	      0.38983074	      0.54470743	      0.20904122	      0.77241973
      0.33400000	      0.34864426	      0.27074979	      0.29674737	      0.35313140	      0.38374815	      0.38983074	      0.54470743	      0.20904122	      0.77241973
      0.33500000	      0.34864426	      0.28826266	      0.29674737	      0.36188968	      0.36832253	      0.38983074	      0.54470743	      0.20904122	      0.77241973
      0.33600000	      0.34864426	      0.28930107	      0.29674737	      0.41869307	      0.32703405	      0.38983074	      0.54470743	      0.20904122	      0.77241973
      0.33700000	      0.34864426	      0.28230003	      0.29674737	      0.40619320	      0.33776522	      0.38983074	      0.54470743	      0.20904122	      0.77241973
      0.33800000	      0.34864426	      0.29969944	      0.29674737	      0.39935565	      0.33282137	      0.38983074	      0.54470743	      0.20904122	      0.77241973
      0.33900000	      0.34864426	      0.28495351	      0.29674737	      0.37441977	      0.35387253	      0.38983074	      0.54470743	      0.20904122	      0.77241973
      0.34000000	      0.34864426	      0.27698650	      0.29674737	      0.34483524	      0.37218198	      0.38983074	      0.54470743	      0.20904122	      0.77241973
      0.34100000	      0.34864426	      0.29737156	      0.29674737	      0.36046520	      0.35789141	      0.38983074	      0.54470743	      0.20904122	      0.77241973
      0.34200000	      0.34864426	      0.29621758	      0.29674737	      0.37944011	      0.34297271	      0.38983074	      0.54470743	      0.20904122	      0.77241973
      0.34300000	      0.34864426	      0.27140607	      0.29674737	      0.37634083	      0.36849108	      0.38983074	      0.54470743	      0.20904122	      0.77241973
      0.34400000	      0.34864426	      0.27263260	      0.29674737	      0.35883971	      0.36442137	      0.38983074	      0.54470743	      0.20904122	      0.77241973
      0.34500000	      0.34864426	      0.30622990	      0.29674737	      0.41429514	      0.31543686	      0.38983074	      0.54470743	      0.20904122	      0.77241973
      0.34600000	      0.34864426	      0.30221908	      0.29674737	      0.36013799	      0.38627544	      0.38983074	      0.54470743	      0.20904122	      0.77241973
      0.34700000	      0.34864426	      0.30317340	      0.29674737	      0.35235627	      0.36648721	      0.38983074	      0.54470743	      0.20904122	      0.77241973
      0.34800000	      0.34864426	      0.27515935	      0.29674737	      0.36238205	      0.35891095	      0.38983074	      0.54470743	      0.20904122	      0.77241973
      0.34900000	      0.34864426	      0.27819852	      0.29674737	      0.34764324	      0.38894543	      0.38983074	      0.54470743	      0.20904122	      0.77241973
      0.35000000	      0.34864426	      0.31206206	      0.29674737	      0.42595561	      0.31400474	      0.38983074	      0.54470743	      0.20904122	      0.77241973
      0.35100000	      0.34864426	      0.28550744	      0.29674737	      0.37874533	      0.34096548	      0.38983074	      0.54470743	      0.20904122	      0.77241973
      0.35200000	      0.34864426	      0.28318003	      0.29674737	      0.34439150	      0.39738106	      0.38983074	      0.54470743	      0.20904122	      0.77241973
      0.35300000	      0.34864426	      0.27313290	      0.29674737	      0.38777219	      0.34063751	      0.38983074	      0.54470743	      0.20904122	      0.77241973
      0.35400000	      0.34864426	      0.28773687	      0.29674737	      0.41285405	      0.33284773	      0.38983074	      0.54470743	      0.20904122	      0.77241973
      0.35500000	      0.34864426	      0.29660563	      0.29674737	      0.36061723	      0.38932802	      0.38983074	      0.54470743	      0.20904122	      0.77241973
      0.35600000	      0.34864426	      0.29081339	      0.29674737	      0.40828756	      0.33750647	      0.38983074	      0.54470743	      0.20904122	      0.77241973
      0.35700000	      0.34864426	      0.30577831	      0.29674737	      0.38771028	      0.35212606	      0.38983074	      0.54470743	      0.20904122	      0.77241973
      0.35800000	      0.34864426	      0.27894547	      0.29674737	      0.36214108	      0.37063881	      0.38983074	      0.54470743	      0.20904122	      0.77241973
      0.35900000	      0.34864426	      0.27232330	      0.29674737	      0.38700051	      0.33874264	      0.38983074	      0.54470743	      0.20904122	      0.77241973
      0.36000000	      0.34864426	      0.29196529	      0.29674737	      0.41528744	      0.32388922	      0.38983074	      0.54470743	      0.20904122	      0.77241973
      0.36100000	      0.34864426	      0.27596806	      0.29674737	      0.36546172	      0.36061520	      0.38983074	      0.54470743	      0.20904122	      0.77241973
      0.36200000	      0.34864426	      0.27527362	      0.29674737	      0.35243372	      0.39582431	      0.38983074	      0.54470743	      0.20904122	      0.77241973
      0.36300000	      0.34864426	      0.29876929	      0.29674737	      0.35878352	      0.36381379	      0.38983074	      0.54470743	      0.20904122	      0.77241973
      0.36400000	      0.34864426	      0.28927722	      0.29674737	      0.37110931	      0.36549472	      0.38983074	      0.54470743	      0.20904122	      0.77241973
      0.36500000	      0.34864426	      0.30821210	      0.29674737	      0.37077828	      0.35315779	      0.38983074	      0.54470743	      0.20904122	      0.77241973
      0.36600000	      0.34864426	      0.30419287	      0.29674737	      0.39989078	      0.33525367	      0.38983074	      0.54470743	      0.20904122	      0.77241973
      0.36700000	      0.34864426	      0.28468402	      0.29674737	      0.40046313	      0.32385499	      0.38983074	      0.54470743	      0.20904122	      0.77241973
      0.36800000	      0.34864426	      0.28119627	      0.29674737	      0.34989584	      0.37359791	      0.38983074	      0.54470743	      0.20904122	      0.77241973
      0.36900000	      0.34864426	      0.31248781	      0.29674737	      0.40438095	      0.34263259	      0.38983074	      0.54470743	      0.20904122	      0.77241973
      0.37000000	      0.34864426	      0.30148241	      0.29674737	      0.34915337	      0.37327802	      0.38983074	      0.54470743	      0.20904122	      0.77241973
      0.37100000	      0.34864426	      0.31660424	      0.29674737	      0.41450399	      0.34023561	      0.38983074	      0.54470743	      0.20904122	      0.77241973
      0.37200000	      0.34864426	      0.29361896	      0.29674737	      0.34629786	      0.38576103	      0.38983074	      0.54470743	      0.20904122	      0.77241973
      0.37300000	      0.34864426	      0.27773075	      0.29674737	      0.38526918	      0.33158799	      0.38983074	      0.54470743	      0.20904122	      0.77241973
      0.37400000	      0.34864426	      0.29972825	      0.29674737	      0.41745668	      0.31666530	      0.38983074	      0.54470743	      0.20904122	      0.77241973
      0.37500000	      0.34864426	      0.31031243	      0.29674737	      0.41420831	      0.32654984	      0.38983074	      0.54470743	      0.20904122	      0.77241973
      0.37600000	      0.34864426	      0.30712394	      0.29674737	      0.36548373	      0.36535224	      0.38983074	      0.54470743	      0.20904122	      0.77241973
      0.37700000	      0.34864426	      0.29234243	      0.29674737	      0.37545351	      0.35125408	      0.38983074	      0.54470743	      0.20904122	      0.77241973
      0.37800000	      0.34864426	      0.31963624	      0.29674737	      0.35206661	      0.37781983	      0.38983074	      0.54470743	      0.20904122	      0.77241973
      0.37900000	      0.34864426	      0.31402235	      0.29674737	      0.43439088	      0.32378278	      0.38983074	      0.54470743	      0.20904122	      0.77241973
      0.38000000	      0.34864426	      0.28991618	      0.29674737	      0.37445903	      0.35371372	      0.38983074	      0.54470743	      0.20904122	      0.77241973
      0.38100000	      0.34864426	      0.27951052	      0.29674737	      0.36621947	      0.36607303	      0.38983074	      0.54470743	      0.20904122	      0.77241973
      0.38200000	      0.34864426	      0.28606022	      0.29674737	      0.37423051	      0.36764607	      0.38983074	      0.54470743	      0.20904122	      0.77241973
      0.38300000	      0.34864426	      0.31155458	      0.29674737	      0.39406666	      0.33171874	      0.38983074	      0.54470743	      0.20904122	      0.77241973
      0.38400000	      0.34864426	      0.30290292	      0.29674737	      0.40064339	      0.33311229	      0.38983074	      0.54470743	      0.20904122	      0.77241973
      0.38500000	      0.34864426	      0.28138816	      0.29674737	      0.38451648	      0.33774757	      0.38983074	      0.54470743	      0.20904122	      0.77241973
      0.38600000	      0.34864426	      0.29351850	      0.29674737	      0.41204515	      0.32105808	      0.38983074	      0.54470743	      0.20904122	      0.77241973
      0.38700000	      0.34864426	      0.30089567	      0.29674737	      0.42192510	      0.32294427	      0.38983074	      0.54470743	      0.20904122	      0.77241973
      0.38800000	      0.34864426	      0.28479384	      0.29674737	      0.38839493	      0.33936978	      0.38983074	      0.54470743	      0.20904122	      0.77241973
      0.38900000	      0.34864426	      0.29957310	      0.29674737	      0.37536265	      0.36972733	      0.38983074	      0.54470743	      0.20904122	      0.77241973
      0.39000000	      0.34864426	      0.27579641	      0.29674737	      0.37509785	      0.35975659	      0.38983074	      0.54470743	      0.20904122	      0.77241973
      0.39100000	      0.34864426	      0.29546165	      0.29674737	      0.34965144	      0.37834034	      0.38983074	      0.54470743	      0.20904122	      0.77241973
      0.39200000	      0.34864426	      0.28749209	      0.29674737	      0.38527914	      0.33966786	      0.38983074	      0.54470743	      0.20904122	      0.77241973
      0.39300000	      0.34864426	      0.27445610	      0.29674737	      0.36642706	      0.36783990	      0.38983074	      0.54470743	      0.20904122	      0.77241973
      0.39400000	      0.34864426	      0.30944132	      0.29674737	      0.39837977	      0.33014876	      0.38983074	      0.54470743	      0.20904122	      0.77241973
      0.39500000	      0.34864426	      0.28320037	      0.29674737	      0.41925935	      0.32108505	      0.38983074	      0.54470743	      0.20904122	      0.77241973
      0.39600000	      0.34864426	      0.27877490	      0.29674737	      0.36737097	      0.35333833	      0.38983074	      0.54470743	      0.20904122	      0.77241973
      0.39700000	      0.34864426	      0.29672221	      0.29674737	      0.37826134	      0.33994919	      0.38983074	      0.54470743	      0.20904122	      0.77241973
      0.39800000	      0.34864426	      0.31667358	      0.29674737	      0.40258448	      0.32414087	      0.38983074	      0.54470743	      0.20904122	      0.77241973
      0.39900000	      0.34864426	      0.30490933	      0.29674737	      0.35672734	      0.38403738	      0.38983074	      0.54470743	      0.20904122	      0.77241973
      0.40000000	      0.34864426	      0.27666937	      0.29674737	      0.35827999	      0.37782707	      0.38983074	      0.54470743	      0.20904122	      0.77241973
      0.40100000	      0.34864426	      0.32112817	      0.29674737	      0.41728611	      0.32349795	      0.38983074	      0.54470743	      0.20904122	      0.77241973
      0.40200000	      0.34864426	      0.30902349	      0.29674737	      0.38963513	      0.34064927	      0.38983074	      0.54470743	      0.20904122	      0.77241973
      0.40300000	      0.34864426	      0.30736477	      0.29674737	      0.35561541	      0.38173852	      0.38983074	      0.54470743	      0.20904122	      0.77241973
      0.40400000	      0.34864426	      0.29048798	      0.29674737	      0.33996089	      0.39674669	      0.38983074	      0.54470743	      0.20904122	      0.77241973
      0.40500000	      0.34864426	      0.31568408	      0.29674737	      0.36458899	      0.36823230	      0.38983074	      0.54470743	      0.20904122	      0.77241973
      0.40600000	      0.34864426	      0.28817761	      0.29674737	      0.39710189	      0.33308057	      0.38983074	      0.54470743	      0.20904122	      0.77241973
      0.40700000	      0.34864426	      0.27807073	      0.29674737	      0.38837030	      0.33346546	      0.38983074	      0.54470743	      0.20904122	      0.77241973
      0.40800000	      0.34864426	      0.29571972	      0.29674737	      0.36886329	      0.35814136	      0.38983074	      0.54470743	      0.20904122	      0.77241973
      0.40900000	      0.34864426	      0.28350421	      0.29674737	      0.37695223	      0.34429355	      0.38983074	      0.54470743	      0.20904122	      0.77241973
      0.41000000	      0.34864426	      0.29375555	      0.29674737	      0.37939434	      0.34430468	      0.38983074	      0.54470743	      0.20904122	      0.77241973
      0.41100000	      0.34864426	      0.30107463	      0.29674737	      0.39111979	      0.35358027	      0.38983074	      0.54470743	      0.20904122	      0.77241973
      0.41200000	      0.34864426	      0.31056974	      0.29674737	      0.35838971	      0.37406056	      0.38983074	      0.54470743	      0.20904122	      0.77241973
      0.41300000	      0.34864426	      0.28246824	      0.29674737	      0.37993663	      0.34679542	      0.38983074	      0.54470743	      0.20904122	      0.77241973
      0.41400000	      0.34864426	      0.31770401	      0.29674737	      0.43122142	      0.32205958	      0.38983074	      0.54470743	      0.20904122	      0.77241973
      0.41500000	      0.34864426	      0.32301432	      0.29674737	      0.37843161	      0.34862132	      0.38983074	      0.54470743	      0.20904122	      0.77241973
      0.41600000	      0.34864426	      0.27992776	      0.29674737	      0.40942711	      0.31869534	      0.38983074	      0.54470743	      0.20904122	      0.77241973
      0.41700000	      0.34864426	      0.28652716	      0.29674737	      0.38766993	      0.34389544	      0.38983074	      0.54470743	      0.20904122	      0.77241973
      0.41800000	      0.34864426	      0.30467652	      0.29674737	      0.34953983	      0.38719528	      0.38983074	      0.54470743	      0.20904122	      0.77241973
      0.41900000	      0.34864426	      0.28944410	      0.29674737	      0.42642191	      0.31965766	      0.38983074	      0.54470743	      0.20904122	      0.77241973
      0.42000000	      0.34864426	      0.28118913	      0.29674737	      0.38029659	      0.35987473	      0.38983074	      0.54470743	      0.20904122	      0.77241973
      0.42100000	      0.34864426	      0.29267090	      0.29674737	      0.34891442	      0.37927553	      0.38983074	      0.54470743	      0.20904122	      0.77241973
      0.42200000	      0.34864426	      0.30200027	      0.29674737	      0.40027833	      0.33641614	      0.38983074	      0.54470743	      0.20904122	      0.77241973
      0.42300000	      0.34864426	      0.27627346	      0.29674737	      0.37740437	      0.36746386	      0.38983074	      0.54470743	      0.20904122	      0.77241973
      0.42400000	      0.34864426	      0.29855934	      0.29674737	      0.41126720	      0.31852467	      0.38983074	      0.54470743	      0.20904122	      0.77241973
      0.42500000	      0.34864426	      0.31349858	      0.29674737	      0.42087470	      0.33419397	      0.38983074	      0.54470743	      0.20904122	      0.77241973
      0.42600000	      0.34864426	      0.30288900	      0.29674737	      0.40895319	      0.34079225	      0.38983074	      0.54470743	      0.20904122	      0.77241973
      0.42700000	      0.34864426	      0.32205636	      0.29674737	      0.41223639	      0.32982512	      0.38983074	      0.54470743	      0.20904122	      0.77241973
      0.42800000	      0.34864426	      0.30878626	      0.29674737	      0.35118418	      0.39662263	      0.38983074	      0.54470743	      0.20904122	      0.77241973
      0.42900000	      0.34864426	      0.29428997	      0.29674737	      0.40828160	      0.32555305	      0.38983074	      0.54470743	      0.20904122	      0.77241973
      0.43000000	      0.34864426	      0.28218794	      0.29674737	      0.34725200	      0.37449428	      0.38983074	      0.54470743	      0.20904122	      0.77241973
      0.43100000	      0.34864426	      0.28353020	      0.29674737	      0.38944154	      0.34053810	      0.38983074	      0.54470743	      0.20904122	      0.77241973
      0.43200000	      0.34864426	      0.28589694	      0.29674737	      0.41605231	      0.33005110	      0.38983074	      0.54470743	      0.20904122	      0.77241973
      0.43300000	      0.34864426	      0.29833948	      0.29674737	      0.37988355	      0.34811212	      0.38983074	      0.54470743	      0.20904122	      0.77241973
      0.43400000	      0.34864426	      0.30049416	      0.29674737	      0.36657688	      0.35585128	      0.38983074	      0.54470743	      0.20904122	      0.77241973
      0.43500000	      0.34864426	      0.30591320	      0.29674737	      0.35553614	      0.37768532	      0.38983074	      0.54470743	      0.20904122	      0.77241973
      0.43600000	      0.34864426	      0.28923930	      0.29674737	      0.37282433	      0.35369467	      0.38983074	      0.54470743	      0.20904122	      0.77241973
      0.43700000	      0.34864426	      0.31336505	      0.29674737	      0.36810485	      0.35552155	      0.38983074	      0.54470743	      0.20904122	      0.77241973
      0.43800000	      0.34864426	      0.32765516	      0.29674737	      0.38673649	      0.35679386	      0.38983074	      0.54470743	      0.20904122	      0.77241973
      0.43900000	      0.34864426	      0.31934731	      0.29674737	      0.39391227	      0.32921031	      0.38983074	      0.54470743	      0.20904122	      0.77241973
      0.44000000	      0.34864426	      0.32487177	      0.29674737	      0.36650836	      0.36366417	      0.38983074	      0.54470743	      0.20904122	      0.77241973
      0.44100000	      0.34864426	      0.30186265	      0.29674737	      0.38451645	      0.35420673	      0.38983074	      0.54470743	      0.20904122	      0.77241973
      0.44200000	      0.34864426	      0.31430824	      0.29674737	      0.42632987	      0.32965521	      0.38983074	      0.54470743	      0.20904122	      0.77241973
      0.44300000	      0.34864426	      0.31011248	      0.29674737	      0.41782656	      0.32949450	      0.38983074	      0.54470743	      0.20904122	      0.77241973
      0.44400000	      0.34864426	      0.31800973	      0.29674737	      0.42198374	      0.31120567	      0.38983074	      0.54470743	      0.20904122	      0.77241973
      0.44500000	      0.34864426	      0.28518184	      0.29674737	      0.39707090	      0.33680056	      0.38983074	      0.54470743	      0.20904122	      0.77241973
      0.44600000	      0.34864426	      0.28935732	      0.29674737	      0.37277690	      0.35933943	      0.38983074	      0.54470743	      0.20904122	      0.77241973
      0.44700000	      0.34864426	      0.29182773	      0.29674737	      0.42860186	      0.32102712	      0.38983074	      0.54470743	      0.20904122	      0.77241973
      0.44800000	      0.34864426	      0.28058522	      0.29674737	      0.35009573	      0.37745244	      0.38983074	      0.54470743	      0.20904122	      0.77241973
      0.44900000	      0.34864426	      0.29611788	      0.29674737	      0.34969632	      0.37782562	      0.38983074	      0.54470743	      0.20904122	      0.77241973
      0.45000000	      0.34864426	      0.27909640	      0.29674737	      0.40589290	      0.34003829	      0.38983074	      0.54470743	      0.20904122	      0.77241973
      0.45100000	      0.34864426	      0.31761646	      0.29674737	      0.39488193	      0.33485186	      0.38983074	      0.54470743	      0.20904122	      0.77241973
      0.45200000	      0.34864426	      0.31174080	      0.29674737	      0.41594485	      0.33210721	      0.38983074	      0.54470743	      0.20904122	      0.77241973
      0.45300000	      0.34864426	      0.33078565	      0.29674737	      0.38974034	      0.33576539	      0.38983074	      0.54470743	      0.20904122	      0.77241973
      0.45400000	      0.34864426	      0.30458464	      0.29674737	      0.37770783	      0.35034907	      0.38983074	      0.54470743	      0.20904122	      0.77241973
      0.45500000	      0.34864426	      0.29583407	      0.29674737	      0.36689897	      0.36692015	      0.38983074	      0.54470743	      0.20904122	      0.77241973
      0.45600000	      0.34864426	      0.28839843	      0.29674737	      0.36248715	      0.37184030	      0.38983074	      0.54470743	      0.20904122	      0.77241973
      0.45700000	      0.34864426	      0.28495438	      0.29674737	      0.36837469	      0.36504878	      0.38983074	      0.54470743	      0.20904122	      0.77241973
      0.45800000	      0.34864426	      0.31463539	      0.29674737	      0.41328380	      0.32054535	      0.38983074	      0.54470743	      0.20904122	      0.77241973
      0.45900000	      0.34864426	      0.30167637	      0.29674737	      0.35527779	      0.37471406	      0.38983074	      0.54470743	      0.20904122	      0.77241973
      0.46000000	      0.34864426	      0.30951011	      0.29674737	      0.35961952	      0.38962633	      0.38983074	      0.54470743	      0.20904122	      0.77241973
      0.46100000	      0.34864426	      0.32789826	      0.29674737	      0.41975664	      0.33440385	      0.38983074	      0.54470743	      0.20904122	      0.77241973
      0.46200000	      0.34864426	      0.32703054	      0.29674737	      0.37184000	      0.36012451	      0.38983074	      0.54470743	      0.20904122	      0.77241973
      0.46300000	      0.34864426	      0.29115442	      0.29674737	      0.37821538	      0.34748418	      0.38983074	      0.54470743	      0.20904122	      0.77241973
      0.46400000	      0.34864426	      0.28248367	      0.29674737	      0.40283891	      0.32302399	      0.38983074	      0.54470743	      0.20904122	      0.77241973
      0.46500000	      0.34864426	      0.29368053	      0.29674737	      0.40393297	      0.32564027	      0.38983074	      0.54470743	      0.20904122	      0.77241973
      0.46600000	      0.34864426	      0.30779747	      0.29674737	      0.40206125	      0.33699335	      0.38983074	      0.54470743	      0.20904122	      0.77241973
      0.46700000	      0.34864426	      0.28590330	      0.29674737	      0.39986714	      0.33714795	      0.38983074	      0.54470743	      0.20904122	      0.77241973
      0.46800000	      0.34864426	      0.28704327	      0.29674737	      0.44627171	      0.31162266	      0.38983074	      0.54470743	      0.20904122	      0.77241973
      0.46900000	      0.34864426	      0.32437876	      0.29674737	      0.38128368	      0.35354126	      0.38983074	      0.54470743	      0.20904122	      0.77241973
      0.47000000	      0.34864426	      0.32174509	      0.29674737	      0.36384893	      0.38308618	      0.38983074	      0.54470743	      0.20904122	      0.77241973
      0.47100000	      0.34864426	      0.31566235	      0.29674737	      0.40970232	      0.34585322	      0.38983074	      0.54470743	      0.20904122	      0.77241973
      0.47200000	      0.34864426	      0.29853213	      0.29674737	      0.38380704	      0.33813533	      0.38983074	      0.54470743	      0.20904122	      0.77241973
      0.47300000	      0.34864426	      0.29382947	      0.29674737	      0.36506325	      0.35741360	      0.38983074	      0.54470743	      0.20904122	      0.77241973
      0.47400000	      0.34864426	      0.28101078	      0.29674737	      0.42345765	      0.31355507	      0.38983074	      0.54470743	      0.20904122	      0.77241973
      0.47500000	      0.34864426	      0.29957702	      0.29674737	      0.37691149	      0.34657155	      0.38983074	      0.54470743	      0.20904122	      0.77241973
      0.47600000	      0.34864426	      0.29883165	      0.29674737	      0.37304306	      0.34859005	      0.38983074	      0.54470743	      0.20904122	      0.77241973
      0.47700000	      0.34864426	      0.29225684	      0.29674737	      0.36900881	      0.37085201	      0.38983074	      0.54470743	      0.20904122	      0.77241973
      0.47800000	      0.34864426	      0.30523439	      0.29674737	      0.35455050	      0.36712827	      0.38983074	      0.54470743	      0.20904122	      0.77241973
      0.47900000	      0.34864426	      0.31224043	      0.29674737	      0.38342812	      0.36193120	      0.38983074	      0.54470743	      0.20904122	      0.77241973
      0.48000000	      0.34864426	      0.28436374	      0.29674737	      0.41522765	      0.32136677	      0.38983074	      0.54470743	      0.20904122	      0.77241973
      0.48100000	      0.34864426	      0.29298213	      0.29674737	      0.40180052	      0.33776686	      0.38983074	      0.54470743	      0.20904122	      0.77241973
      0.48200000	      0.34864426	      0.33612179	      0.29674737	      0.38795458	      0.35706077	      0.38983074	      0.54470743	      0.20904122	      0.77241973
      0.48300000	      0.34864426	      0.30339627	      0.29674737	      0.39972777	      0.32645131	      0.38983074	      0.54470743	      0.20904122	      0.77241973
      0.48400000	      0.34864426	      0.32433195	      0.29674737	      0.37242254	      0.36215898	      0.38983074	      0.54470743	      0.20904122	      0.77241973
      0.48500000	      0.34864426	      0.28678021	      0.29674737	      0.42114489	      0.31472608	      0.38983074	      0.54470743	      0.20904122	      0.77241973
      0.48600000	      0.34864426	      0.31569373	      0.29674737	      0.36643855	      0.36005692	      0.38983074	      0.54470743	      0.20904122	      0.77241973
      0.48700000	      0.34864426	      0.33113482	      0.29674737	      0.44716982	      0.31865388	      0.38983074	      0.54470743	      0.20904122	      0.77241973
      0.48800000	      0.34864426	      0.31042605	      0.29674737	      0.35741497	      0.39369947	      0.38983074	      0.54470743	      0.20904122	      0.77241973
      0.48900000	      0.34864426	      0.28958129	      0.29674737	      0.38751554	      0.33672307	      0.38983074	      0.54470743	      0.20904122	      0.77241973
      0.49000000	      0.34864426	      0.31597710	      0.29674737	      0.37456254	      0.36150161	      0.38983074	      0.54470743	      0.20904122	      0.77241973
      0.49100000	      0.34864426	      0.29781645	      0.29674737	      0.42229751	      0.32110954	      0.38983074	      0.54470743	      0.20904122	      0.77241973
      0.49200000	      0.34864426	      0.30694745	      0.29674737	      0.35254406	      0.38297847	      0.38983074	      0.54470743	      0.20904122	      0.77241973
      0.49300000	      0.34864426	      0.32043427	      0.29674737	      0.36777586	      0.37422826	      0.38983074	      0.54470743	      0.20904122	      0.77241973
      0.49400000	      0.34864426	      0.28795202	      0.29674737	      0.38720003	      0.33363356	      0.38983074	      0.54470743	      0.20904122	      0.77241973
      0.49500000	      0.34864426	      0.32232975	      0.29674737	      0.41627348	      0.32258622	      0.38983074	      0.54470743	      0.20904122	      0.77241973
      0.49600000	      0.34864426	      0.29542847	      0.29674737	      0.38568320	      0.34628770	      0.38983074	      0.54470743	      0.20904122	      0.77241973
      0.49700000	      0.34864426	      0.32847163	      0.29674737	      0.43443839	      0.32413512	      0.38983074	      0.54470743	      0.20904122	      0.77241973
      0.49800000	      0.34864426	      0.28318714	      0.29674737	      0.42103608	      0.32749499	      0.38983074	      0.54470743	      0.20904122	      0.77241973
      0.49900000	      0.34864426	      0.30093147	      0.29674737	      0.39979395	      0.32664421	      0.38983074	      0.54470743	      0.20904122	      0.77241973
      0.50000000	      0.34864426	      0.32610500	      0.29674737	      0.39581177	      0.34371008	      0.38983074	      0.54470743	      0.20904122	      0.77241973
      0.50100000	      0.34864426	      0.32321356	      0.29674737	      0.36883784	      0.37457281	      0.38983074	      0.54470743	      0.20904122	      0.77241973
      0.50200000	      0.34864426	      0.33657775	      0.29674737	      0.37306710	      0.35675918	      0.38983074	      0.54470743	      0.20904122	      0.77241973
      0.50300000	      0.34864426	      0.31463567	      0.29674737	      0.43373488	      0.31614613	      0.38983074	      0.54470743	      0.20904122	      0.77241973
      0.50400000	      0.34864426	      0.31828663	      0.29674737	      0.36930931	      0.37433926	      0.38983074	      0.54470743	      0.20904122	      0.77241973
      0.50500000	      0.34864426	      0.32108880	      0.29674737	      0.40128446	      0.34075330	      0.38983074	      0.54470743	      0.20904122	      0.77241973
      0.50600000	      0.34864426	      0.30877574	      0.29674737	      0.39500279	      0.33068535	      0.38983074	      0.54470743	      0.20904122	      0.77241973
      0.50700000	      0.34864426	      0.30469026	      0.29674737	      0.36022405	      0.36530221	      0.38983074	      0.54470743	      0.20904122	      0.77241973
      0.50800000	      0.34864426	      0.32968301	      0.29674737	      0.42963948	      0.31304749	      0.38983074	      0.54470743	      0.20904122	      0.77241973
      0.50900000	      0.34864426	      0.33494059	      0.29674737	      0.35627237	      0.36920187	      0.38983074	      0.54470743	      0.20904122	      0.77241973
      0.51000000	      0.34864426	      0.29365617	      0.29674737	      0.42339988	      0.31604566	      0.38983074	      0.54470743	      0.20904122	      0.77241973
      0.51100000	      0.34864426	      0.30263419	      0.29674737	      0.38237405	      0.36767943	      0.38983074	      0.54470743	      0.20904122	      0.77241973
      0.51200000	      0.34864426	      0.33996528	      0.29674737	      0.36612149	      0.36525761	      0.38983074	      0.54470743	      0.20904122	      0.77241973
      0.51300000	      0.34864426	      0.28613654	      0.29674737	      0.42363407	      0.31948650	      0.38983074	      0.54470743	      0.20904122	      0.77241973
      0.51400000	      0.34864426	      0.32536756	      0.29674737	      0.39627872	      0.33112499	      0.38983074	      0.54470743	      0.20904122	      0.77241973
      0.51500000	      0.34864426	      0.29897955	      0.29674737	      0.40017401	      0.34929292	      0.38983074	      0.54470743	      0.20904122	      0.77241973
      0.51600000	      0.34864426	      0.29073204	      0.29674737	      0.40505421	      0.33560404	      0.38983074	      0.54470743	      0.20904122	      0.77241973
      0.51700000	      0.34864426	      0.29960178	      0.29674737	      0.43114869	      0.32452247	      0.38983074	      0.54470743	      0.20904122	      0.77241973
      0.51800000	      0.34864426	      0.28849056	      0.29674737	      0.37707541	      0.36306233	      0.38983074	      0.54470743	      0.20904122	      0.77241973
      0.51900000	      0.34864426	      0.31392172	      0.29674737	      0.38551869	      0.33700737	      0.38983074	      0.54470743	      0.20904122	      0.77241973
      0.52000000	      0.34864426	      0.32850771	      0.29674737	      0.41535309	      0.31513788	      0.38983074	      0.54470743	      0.20904122	      0.77241973
      0.52100000	      0.34864426	      0.29189370	      0.29674737	      0.37097438	      0.36411044	      0.38983074	      0.54470743	      0.20904122	      0.77241973
      0.52200000	      0.34864426	      0.28775899	      0.29674737	      0.37554252	      0.34621590	      0.38983074	      0.54470743	      0.20904122	      0.77241973
      0.52300000	      0.34864426	      0.31141658	      0.29674737	      0.37831549	      0.35541042	      0.38983074	      0.54470743	      0.20904122	      0.77241973
      0.52400000	      0.34864426	      0.30700725	      0.29674737	      0.41208572	      0.32223250	      0.38983074	      0.54470743	      0.20904122	      0.77241973
      0.52500000	      0.34864426	      0.29533768	      0.29674737	      0.39759956	      0.34670597	      0.38983074	      0.54470743	      0.20904122	      0.77241973
      0.52600000	      0.34864426	      0.33601120	      0.29674737	      0.38484776	      0.34995089	      0.38983074	      0.54470743	      0.20904122	      0.77241973
      0.52700000	      0.34864426	      0.34357351	      0.29674737	      0.41990647	      0.31533511	      0.38983074	      0.54470743	      0.20904122	      0.77241973
      0.52800000	      0.34864426	      0.29548569	      0.29674737	      0.39017984	      0.33375620	      0.38983074	      0.54470743	      0.20904122	      0.77241973
      0.52900000	      0.34864426	      0.29287844	      0.29674737	      0.37365351	      0.34553919	      0.38983074	      0.54470743	      0.20904122	      0.77241973
      0.53000000	      0.34864426	      0.28699352	      0.29674737	      0.44793575	      0.30395798	      0.38983074	      0.54470743	      0.20904122	      0.77241973
      0.53100000	      0.34864426	      0.32641721	      0.29674737	      0.36866932	      0.36917525	      0.38983074	      0.54470743	      0.20904122	      0.77241973
      0.53200000	      0.34864426	      0.29930003	      0.29674737	      0.37232182	      0.35997439	      0.38983074	      0.54470743	      0.20904122	      0.77241973
      0.53300000	      0.34864426	      0.32351104	      0.29674737	      0.41869833	      0.31978310	      0.38983074	      0.54470743	      0.20904122	      0.77241973
      0.53400000	      0.34864426	      0.32038100	      0.29674737	      0.39669619	      0.34751114	      0.38983074	      0.54470743	      0.20904122	      0.77241973
      0.53500000	      0.34864426	      0.29621141	      0.29674737	      0.41106573	      0.31752221	      0.38983074	      0.54470743	      0.20904122	      0.77241973
      0.53600000	      0.34864426	      0.31315243	      0.29674737	      0.35878960	      0.36982339	      0.38983074	      0.54470743	      0.20904122	      0.77241973
      0.53700000	      0.34864426	      0.31602880	      0.29674737	      0.39845217	      0.32775908	      0.38983074	      0.54470743	      0.20904122	      0.77241973
      0.53800000	      0.34864426	      0.30108006	      0.29674737	      0.45227015	      0.29919459	      0.38983074	      0.54470743	      0.20904122	      0.77241973
      0.53900000	      0.34864426	      0.32811609	      0.29674737	      0.35125687	      0.38567376	      0.38983074	      0.54470743	      0.20904122	      0.77241973
      0.54000000	      0.34864426	      0.30648964	      0.29674737	      0.43446952	      0.32073997	      0.38983074	      0.54470743	      0.20904122	      0.77241973
      0.54100000	      0.34864426	      0.33983857	      0.29674737	      0.41126476	      0.33876904	      0.38983074	      0.54470743	      0.20904122	      0.77241973
      0.54200000	      0.34864426	      0.30409964	      0.29674737	      0.38004677	      0.36250190	      0.38983074	      0.54470743	      0.20904122	      0.77241973
      0.54300000	      0.34864426	      0.33459441	      0.29674737	      0.41171558	      0.33270088	      0.38983074	      0.54470743	      0.20904122	      0.77241973
      0.54400000	      0.34864426	      0.33266087	      0.29674737	      0.40215696	      0.33434205	      0.38983074	      0.54470743	      0.20904122	      0.77241973
      0.54500000	      0.34864426	      0.31131770	      0.29674737	      0.37377130	      0.36535422	      0.38983074	      0.54470743	      0.20904122	      0.77241973
      0.54600000	      0.34864426	      0.28960735	      0.29674737	      0.39442886	      0.35259227	      0.38983074	      0.54470743	      0.20904122	      0.77241973
      0.54700000	      0.34864426	      0.29168579	      0.29674737	      0.36595010	      0.36881157	      0.38983074	      0.54470743	      0.20904122	      0.77241973
      0.54800000	      0.34864426	      0.30258166	      0.29674737	      0.38631170	      0.35752079	      0.38983074	      0.54470743	      0.20904122	      0.77241973
      0.54900000	      0.34864426	      0.31874329	      0.29674737	      0.37306041	      0.35636693	      0.38983074	      0.54470743	      0.20904122	      0.77241973
      0.55000000	      0.34864426	      0.30999289	      0.29674737	      0.42680056	      0.33425253	      0.38983074	      0.54470743	      0.20904122	      0.77241973
      0.55100000	      0.34864426	      0.29992823	      0.29674737	      0.39157346	      0.33246175	      0.38983074	      0.54470743	      0.20904122	      0.77241973
      0.55200000	      0.34864426	      0.31471789	      0.29674737	      0.44862607	      0.30838236	      0.38983074	      0.54470743	      0.20904122	      0.77241973
      0.55300000	      0.34864426	      0.29609937	      0.29674737	      0.38342464	      0.33613943	      0.38983074	      0.54470743	      0.20904122	      0.77241973
      0.55400000	      0.34864426	      0.30083477	      0.29674737	      0.38826130	      0.34216956	      0.38983074	      0.54470743	      0.20904122	      0.77241973
      0.55500000	      0.34864426	      0.31187239	      0.29674737	      0.37404789	      0.37186660	      0.38983074	      0.54470743	      0.20904122	      0.77241973
      0.55600000	      0.34864426	      0.33749448	      0.29674737	      0.36516565	      0.36162319	      0.38983074	      0.54470743	      0.20904122	      0.77241973
      0.55700000	      0.34864426	      0.32535950	      0.29674737	      0.36746703	      0.37485469	      0.38983074	      0.54470743	      0.20904122	      0.77241973
      0.55800000	      0.34864426	      0.29722137	      0.29674737	      0.43537682	      0.31168854	      0.38983074	      0.54470743	      0.20904122	      0.77241973
      0.55900000	      0.34864426	      0.31039543	      0.29674737	      0.43776966	      0.32345827	      0.38983074	      0.54470743	      0.20904122	      0.77241973
      0.56000000	      0.34864426	      0.29264302	      0.29674737	      0.43205289	      0.32747629	      0.38983074	      0.54470743	      0.20904122	      0.77241973
      0.56100000	      0.34864426	      0.33257657	      0.29674737	      0.42482179	      0.32567389	      0.38983074	      0.54470743	      0.20904122	      0.77241973
      0.56200000	      0.34864426	      0.33493435	      0.29674737	      0.35845372	      0.37510606	      0.38983074	      0.54470743	      0.20904122	      0.77241973
      0.56300000	      0.34864426	      0.34228178	      0.29674737	      0.37351505	      0.34949029	      0.38983074	      0.54470743	      0.20904122	      0.77241973
      0.56400000	      0.34864426	      0.30338395	      0.29674737	      0.40886082	      0.34291188	      0.38983074	      0.54470743	      0.20904122	      0.77241973
      0.56500000	      0.34864426	      0.30570965	      0.29674737	      0.37168616	      0.36301524	      0.38983074	      0.54470743	      0.20904122	      0.77241973
      0.56600000	      0.34864426	      0.30740880	      0.29674737	      0.42043901	      0.31573382	      0.38983074	      0.54470743	      0.20904122	      0.77241973
      0.56700000	      0.34864426	      0.31985092	      0.29674737	      0.40384742	      0.33553068	      0.38983074	      0.54470743	      0.20904122	      0.77241973
      0.56800000	      0.34864426	      0.31631598	      0.29674737	      0.41258358	      0.33091109	      0.38983074	      0.54470743	      0.20904122	      0.77241973
      0.56900000	      0.34864426	      0.34666147	      0.29674737	      0.38241452	      0.35004180	      0.38983074	      0.54470743	      0.20904122	      0.77241973
      0.57000000	      0.34864426	      0.32599294	      0.29674737	      0.37287838	      0.38282469	      0.38983074	      0.54470743	      0.20904122	      0.77241973
      0.57100000	      0.34864426	      0.33087272	      0.29674737	      0.40809208	      0.32409357	      0.38983074	      0.54470743	      0.20904122	      0.77241973
      0.57200000	      0.34864426	      0.32143728	      0.29674737	      0.39136431	      0.35292312	      0.38983074	      0.54470743	      0.20904122	      0.77241973
      0.57300000	      0.34864426	      0.34534003	      0.29674737	      0.41167472	      0.32247664	      0.38983074	      0.54470743	      0.20904122	      0.77241973
      0.57400000	      0.34864426	      0.29118062	      0.29674737	      0.37896016	      0.34502202	      0.38983074	      0.54470743	      0.20904122	      0.77241973
      0.57500000	      0.34864426	      0.29055183	      0.29674737	      0.38729617	      0.34266619	      0.38983074	      0.54470743	      0.20904122	      0.77241973
      0.57600000	      0.34864426	      0.33261323	      0.29674737	      0.40642820	      0.33631475	      0.38983074	      0.54470743	      0.20904122	      0.77241973
      0.57700000	      0.34864426	      0.30118582	      0.29674737	      0.36570568	      0.37046777	      0.38983074	      0.54470743	      0.20904122	      0.77241973
      0.57800000	      0.34864426	      0.31861774	      0.29674737	      0.46327431	      0.30799016	      0.38983074	      0.54470743	      0.20904122	      0.77241973
      0.57900000	      0.34864426	      0.31023331	      0.29674737	      0.40097972	      0.33697355	      0.38983074	      0.54470743	      0.20904122	      0.77241973
      0.58000000	      0.34864426	      0.31971814	      0.29674737	      0.37012978	      0.35806847	      0.38983074	      0.54470743	      0.20904122	      0.77241973
      0.58100000	      0.34864426	      0.34317962	      0.29674737	      0.36400503	      0.38135307	      0.38983074	      0.54470743	      0.20904122	      0.77241973
      0.58200000	      0.34864426	      0.30429052	      0.29674737	      0.39387143	      0.35435747	      0.38983074	      0.54470743	      0.20904122	      0.77241973
      0.58300000	      0.34864426	      0.32170001	      0.29674737	      0.45918943	      0.30679855	      0.38983074	      0.54470743	      0.20904122	      0.77241973
      0.58400000	      0.34864426	      0.34895505	      0.29674737	      0.35948831	      0.37089227	      0.38983074	      0.54470743	      0.20904122	      0.77241973
      0.58500000	      0.34864426	      0.29229575	      0.29674737	      0.35099960	      0.37695446	      0.38983074	      0.54470743	      0.20904122	      0.77241973
      0.58600000	      0.34864426	      0.31198494	      0.29674737	      0.38061809	      0.35525830	      0.38983074	      0.54470743	      0.20904122	      0.77241973
      0.58700000	      0.34864426	      0.30549600	      0.29674737	      0.40660231	      0.34713141	      0.38983074	      0.54470743	      0.20904122	      0.77241973
      0.58800000	      0.34864426	      0.30822250	      0.29674737	      0.42164450	      0.33209676	      0.38983074	      0.54470743	      0.20904122	      0.77241973
      0.58900000	      0.34864426	      0.29976822	      0.29674737	      0.41583847	      0.31838238	      0.38983074	      0.54470743	      0.20904122	      0.77241973
      0.59000000	      0.34864426	      0.29365466	      0.29674737	      0.40397716	      0.31774937	      0.38983074	      0.54470743	      0.20904122	      0.77241973
      0.59100000	      0.34864426	      0.29875447	      0.29674737	      0.42144799	      0.33536367	      0.38983074	      0.54470743	      0.20904122	      0.77241973
      0.59200000	      0.34864426	      0.32519739	      0.29674737	      0.40290937	      0.32122694	      0.38983074	      0.54470743	      0.20904122	      0.77241973
      0.59300000	      0.34864426	      0.33530772	      0.29674737	      0.38168924	      0.35713718	      0.38983074	      0.54470743	      0.20904122	      0.77241973
      0.59400000	      0.34864426	      0.33099338	      0.29674737	      0.40545623	      0.32282285	      0.38983074	      0.54470743	      0.20904122	      0.77241973
      0.59500000	      0.34864426	      0.29550297	      0.29674737	      0.39586037	      0.33328372	      0.38983074	      0.54470743	      0.20904122	      0.77241973
      0.59600000	      0.34864426	      0.32654860	      0.29674737	      0.37459838	      0.35000200	      0.38983074	      0.54470743	      0.20904122	      0.77241973
      0.59700000	      0.34864426	      0.31557523	      0.29674737	      0.40195218	      0.34640182	      0.38983074	      0.54470743	      0.20904122	      0.77241973
      0.59800000	      0.34864426	      0.34396975	      0.29674737	      0.41599623	      0.32457581	      0.38983074	      0.54470743	      0.20904122	      0.77241973
      0.59900000	      0.34864426	      0.35111682	      0.29674737	      0.44769906	      0.30887806	      0.38983074	      0.54470743	      0.20904122	      0.77241973
      0.60000000	      0.34864426	      0.33863707	      0.29674737	      0.38001814	      0.35029293	      0.38983074	      0.54470743	      0.20904122	      0.77241973
      0.60100000	      0.34864426	      0.34364240	      0.29674737	      0.43431730	      0.32116842	      0.38983074	      0.54470743	      0.20904122	      0.77241973
      0.60200000	      0.34864426	      0.34038590	      0.29674737	      0.35245353	      0.37285916	      0.38983074	      0.54470743	      0.20904122	      0.77241973
      0.60300000	      0.34864426	      0.34619694	      0.29674737	      0.38538837	      0.33745495	      0.38983074	      0.54470743	      0.20904122	      0.77241973
      0.60400000	      0.34864426	      0.29571856	      0.29674737	      0.39064622	      0.34030726	      0.38983074	      0.54470743	      0.20904122	      0.77241973
      0.60500000	      0.34864426	      0.30447089	      0.29674737	      0.42015979	      0.33813328	      0.38983074	      0.54470743	      0.20904122	      0.77241973
      0.60600000	      0.34864426	      0.30072064	      0.29674737	      0.44944056	      0.30535840	      0.38983074	      0.54470743	      0.20904122	      0.77241973
      0.60700000	      0.34864426	      0.30723317	      0.29674737	      0.40783458	      0.33548005	      0.38983074	      0.54470743	      0.20904122	      0.77241973
      0.60800000	      0.34864426	      0.29797503	      0.29674737	      0.37855408	      0.34367665	      0.38983074	      0.54470743	      0.20904122	      0.77241973
      0.60900000	      0.34864426	      0.30959587	      0.29674737	      0.38297802	      0.35661499	      0.38983074	      0.54470743	      0.20904122	      0.77241973
      0.61000000	      0.34864426	      0.33253174	      0.29674737	      0.37163500	      0.36274585	      0.38983074	      0.54470743	      0.20904122	      0.77241973
      0.61100000	      0.34864426	      0.29424484	      0.29674737	      0.39116154	      0.34225036	      0.38983074	      0.54470743	      0.20904122	      0.77241973
      0.61200000	      0.34864426	      0.32352894	      0.29674737	      0.41083824	      0.33104715	      0.38983074	      0.54470743	      0.20904122	      0.77241973
      0.61300000	      0.34864426	      0.31598093	      0.29674737	      0.40450284	      0.33846974	      0.38983074	      0.54470743	      0.20904122	      0.77241973
      0.61400000	      0.34864426	      0.31897475	      0.29674737	      0.37957675	      0.35283238	      0.38983074	      0.54470743	      0.20904122	      0.77241973
      0.61500000	      0.34864426	      0.32795178	      0.29674737	      0.38163960	      0.33595297	      0.38983074	      0.54470743	      0.20904122	      0.77241973
      0.61600000	      0.34864426	      0.35315574	      0.29674737	      0.40648891	      0.32508175	      0.38983074	      0.54470743	      0.20904122	      0.77241973
      0.61700000	      0.34864426	      0.31345469	      0.29674737	      0.34581636	      0.38147944	      0.38983074	      0.54470743	      0.20904122	      0.77241973
      0.61800000	      0.34864426	      0.30234524	      0.29674737	      0.37963962	      0.36022337	      0.38983074	      0.54470743	      0.20904122	      0.77241973
      0.61900000	      0.34864426	      0.34734451	      0.29674737	      0.35791046	      0.37588499	      0.38983074	      0.54470743	      0.20904122	      0.77241973
      0.62000000	      0.34864426	      0.31979395	      0.29674737	      0.44044274	      0.31332364	      0.38983074	      0.54470743	      0.20904122	      0.77241973
      0.62100000	      0.34864426	      0.32424185	      0.29674737	      0.43172941	      0.32673221	      0.38983074	      0.54470743	      0.20904122	      0.77241973
      0.62200000	      0.34864426	      0.33135152	      0.29674737	      0.41548003	      0.32068442	      0.38983074	      0.54470743	      0.20904122	      0.77241973
      0.62300000	      0.34864426	      0.35208245	      0.29674737	      0.37498796	      0.35621633	      0.38983074	      0.54470743	      0.20904122	      0.77241973
      0.62400000	      0.34864426	      0.33793537	      0.29674737	      0.44703347	      0.31901028	      0.38983074	      0.54470743	      0.20904122	      0.77241973
      0.62500000	      0.34864426	      0.31176175	      0.29674737	      0.42600084	      0.33285130	      0.38983074	      0.54470743	      0.20904122	      0.77241973
      0.62600000	      0.34864426	      0.30398056	      0.29674737	      0.43653921	      0.31544762	      0.38983074	      0.54470743	      0.20904122	      0.77241973
      0.62700000	      0.34864426	      0.31317650	      0.29674737	      0.36892545	      0.35213492	      0.38983074	      0.54470743	      0.20904122	      0.77241973
      0.62800000	      0.34864426	      0.32212381	      0.29674737	      0.38238896	      0.36799571	      0.38983074	      0.54470743	      0.20904122	      0.77241973
      0.62900000	      0.34864426	      0.34850644	      0.29674737	      0.41466142	      0.33623466	      0.38983074	      0.54470743	      0.20904122	      0.77241973
      0.63000000	      0.34864426	      0.29962019	      0.29674737	      0.38229782	      0.35944483	      0.38983074	      0.54470743	      0.20904122	      0.77241973
      0.63100000	      0.34864426	      0.32986620	      0.29674737	      0.37268347	      0.34752362	      0.38983074	      0.54470743	      0.20904122	      0.77241973
      0.63200000	      0.34864426	      0.35767675	      0.29674737	      0.40468438	      0.34211937	      0.38983074	      0.54470743	      0.20904122	      0.77241973
      0.63300000	      0.34864426	      0.31526779	      0.29674737	      0.36214768	      0.36068852	      0.38983074	      0.54470743	      0.20904122	      0.77241973
      0.63400000	      0.34864426	      0.29751518	      0.29674737	      0.44846921	      0.30967929	      0.38983074	      0.54470743	      0.20904122	      0.77241973
      0.63500000	      0.34864426	      0.34430499	      0.29674737	      0.37053231	      0.36479065	      0.38983074	      0.54470743	      0.20904122	      0.77241973
      0.63600000	      0.34864426	      0.33432217	      0.29674737	      0.41526065	      0.33758216	      0.38983074	      0.54470743	      0.20904122	      0.77241973
      0.63700000	      0.34864426	      0.32621451	      0.29674737	      0.34800784	      0.37446317	      0.38983074	      0.54470743	      0.20904122	      0.77241973
      0.63800000	      0.34864426	      0.30576615	      0.29674737	      0.44038479	      0.30580019	      0.38983074	      0.54470743	      0.20904122	      0.77241973
      0.63900000	      0.34864426	      0.32130360	      0.29674737	      0.39877425	      0.34977497	      0.38983074	      0.54470743	      0.20904122	      0.77241973
      0.64000000	      0.34864426	      0.30881271	      0.29674737	      0.37378875	      0.35578675	      0.38983074	      0.54470743	      0.20904122	      0.77241973
      0.64100000	      0.34864426	      0.33668401	      0.29674737	      0.39957939	      0.33962415	      0.38983074	      0.54470743	      0.20904122	      0.77241973
      0.64200000	      0.34864426	      0.31098067	      0.29674737	      0.38204560	      0.36043749	      0.38983074	      0.54470743	      0.20904122	      0.77241973
      0.64300000	      0.34864426	      0.30340091	      0.29674737	      0.42948659	      0.31504371	      0.38983074	      0.54470743	      0.20904122	      0.77241973
      0.64400000	      0.34864426	      0.29626925	      0.29674737	      0.41548760	      0.32523138	      0.38983074	      0.54470743	      0.20904122	      0.77241973
      0.64500000	      0.34864426	      0.35192202	      0.29674737	      0.39379636	      0.35252126	      0.38983074	      0.54470743	      0.20904122	      0.77241973
      0.64600000	      0.34864426	      0.33122230	      0.29674737	      0.43398388	      0.31927420	      0.38983074	      0.54470743	      0.20904122	      0.77241973
      0.64700000	      0.34864426	      0.31899351	      0.29674737	      0.42183830	      0.31460474	      0.38983074	      0.54470743	      0.20904122	      0.77241973
      0.64800000	      0.34864426	      0.34663722	      0.29674737	      0.43033680	      0.31488915	      0.38983074	      0.54470743	      0.20904122	      0.77241973
      0.64900000	      0.34864426	      0.35570669	      0.29674737	      0.42428097	      0.31623424	      0.38983074	      0.54470743	      0.20904122	      0.77241973
      0.65000000	      0.34864426	      0.34033607	      0.29674737	      0.38240098	      0.34446344	      0.38983074	      0.54470743	      0.20904122	      0.77241973
      0.65100000	      0.34864426	      0.32147887	      0.29674737	      0.45751450	      0.30146608	      0.38983074	      0.54470743	      0.20904122	      0.77241973
      0.65200000	      0.34864426	      0.36042353	      0.29674737	      0.42020324	      0.31217651	      0.38983074	      0.54470743	      0.20904122	      0.77241973
      0.65300000	      0.34864426	      0.30886600	      0.29674737	      0.44712522	      0.32104484	      0.38983074	      0.54470743	      0.20904122	      0.77241973
      0.65400000	      0.34864426	      0.30661689	      0.29674737	      0.44427071	      0.30923355	      0.38983074	      0.54470743	      0.20904122	      0.77241973
      0.65500000	      0.34864426	      0.29799430	      0.29674737	      0.38140172	      0.34721188	      0.38983074	      0.54470743	      0.20904122	      0.77241973
      0.65600000	      0.34864426	      0.31955522	      0.29674737	      0.39769833	      0.34543318	      0.38983074	      0.54470743	      0.20904122	      0.77241973
      0.65700000	      0.34864426	      0.34409658	      0.29674737	      0.39980157	      0.34621151	      0.38983074	      0.54470743	      0.20904122	      0.77241973
      0.65800000	      0.34864426	      0.30571231	      0.29674737	      0.39348321	      0.36160810	      0.38983074	      0.54470743	      0.20904122	      0.77241973
      0.65900000	      0.34864426	      0.35387159	      0.29674737	      0.37949908	      0.35776286	      0.38983074	      0.54470743	      0.20904122	      0.77241973
      0.66000000	      0.34864426	      0.35358377	      0.29674737	      0.41591462	      0.32418325	      0.38983074	      0.54470743	      0.20904122	      0.77241973
      0.66100000	      0.34864426	      0.34125852	      0.29674737	      0.41734302	      0.31769390	      0.38983074	      0.54470743	      0.20904122	      0.77241973
      0.66200000	      0.34864426	      0.30239306	      0.29674737	      0.46399450	      0.30071219	      0.38983074	      0.54470743	      0.20904122	      0.77241973
      0.66300000	      0.34864426	      0.32498206	      0.29674737	      0.37544521	      0.36937442	      0.38983074	      0.54470743	      0.20904122	      0.77241973
      0.66400000	      0.34864426	      0.32794946	      0.29674737	      0.39778809	      0.33856389	      0.38983074	      0.54470743	      0.20904122	      0.77241973
      0.66500000	      0.34864426	      0.33478563	      0.29674737	      0.35954883	      0.36683758	      0.38983074	      0.54470743	      0.20904122	      0.77241973
      0.66600000	      0.34864426	      0.35854557	      0.29674737	      0.40223363	      0.32783666	      0.38983074	      0.54470743	      0.20904122	      0.77241973
      0.66700000	      0.34864426	      0.35053013	      0.29674737	      0.37163295	      0.35630814	      0.38983074	      0.54470743	      0.20904122	      0.77241973
      0.66800000	      0.34864426	      0.31297787	      0.29674737	      0.36073459	      0.37231552	      0.38983074	      0.54470743	      0.20904122	      0.77241973
      0.66900000	      0.34864426	      0.33199422	      0.29674737	      0.39804268	      0.35452954	      0.38983074	      0.54470743	      0.20904122	      0.77241973
      0.67000000	      0.34864426	      0.32255245	      0.29674737	      0.39749407	      0.34133294	      0.38983074	      0.54470743	      0.20904122	      0.77241973
      0.67100000	      0.34864426	      0.31158010	      0.29674737	      0.40724877	      0.33509721	      0.38983074	      0.54470743	      0.20904122	      0.77241973
      0.67200000	      0.34864426	      0.34540832	      0.29674737	      0.39734987	      0.33902850	      0.38983074	      0.54470743	      0.20904122	      0.77241973
      0.67300000	      0.34864426	      0.33691408	      0.29674737	      0.41843207	      0.31381869	      0.38983074	      0.54470743	      0.20904122	      0.77241973
      0.67400000	      0.34864426	      0.30148207	      0.29674737	      0.35680341	      0.36625707	      0.38983074	      0.54470743	      0.20904122	      0.77241973
      0.67500000	      0.34864426	      0.31545780	      0.29674737	      0.41454523	      0.32675516	      0.38983074	      0.54470743	      0.20904122	      0.77241973
      0.67600000	      0.34864426	      0.30411210	      0.29674737	      0.37764137	      0.35373879	      0.38983074	      0.54470743	      0.20904122	      0.77241973
      0.67700000	      0.34864426	      0.32532089	      0.29674737	      0.41671149	      0.31413353	      0.38983074	      0.54470743	      0.20904122	      0.77241973
      0.67800000	      0.34864426	      0.36371395	      0.29674737	      0.40281884	      0.33555310	      0.38983074	      0.54470743	      0.20904122	      0.77241973
      0.67900000	      0.34864426	      0.31441645	      0.29674737	      0.45200846	      0.30484289	      0.38983074	      0.54470743	      0.20904122	      0.77241973
      0.68000000	      0.34864426	      0.31904859	      0.29674737	      0.39809565	      0.34556047	      0.38983074	      0.54470743	      0.20904122	      0.77241973
      0.68100000	      0.34864426	      0.35913597	      0.29674737	      0.36834852	      0.35137910	      0.38983074	      0.54470743	      0.20904122	      0.77241973
      0.68200000	      0.34864426	      0.32214240	      0.29674737	      0.36992982	      0.35275540	      0.38983074	      0.54470743	      0.20904122	      0.77241973
      0.68300000	      0.34864426	      0.32298088	      0.29674737	      0.39488814	      0.34924150	      0.38983074	      0.54470743	      0.20904122	      0.77241973
      0.68400000	      0.34864426	      0.31154321	      0.29674737	      0.36378008	      0.37087151	      0.38983074	      0.54470743	      0.20904122	      0.77241973
      0.68500000	      0.34864426	      0.30114172	      0.29674737	      0.42518217	      0.31637864	      0.38983074	      0.54470743	      0.20904122	      0.77241973
      0.68600000	      0.34864426	      0.30840242	      0.29674737	      0.36430936	      0.36792848	      0.38983074	      0.54470743	      0.20904122	      0.77241973
      0.68700000	      0.34864426	      0.30814256	      0.29674737	      0.41389852	      0.31475416	      0.38983074	      0.54470743	      0.20904122	      0.77241973
      0.68800000	      0.34864426	      0.32853937	      0.29674737	      0.43753844	      0.31918167	      0.38983074	      0.54470743	      0.20904122	      0.77241973
      0.68900000	      0.34864426	      0.34754974	      0.29674737	      0.41408430	      0.34042582	      0.38983074	      0.54470743	      0.20904122	      0.77241973
      0.69000000	      0.34864426	      0.36312100	      0.29674737	      0.39493628	      0.33949511	      0.38983074	      0.54470743	      0.20904122	      0.77241973
      0.69100000	      0.34864426	      0.34930954	      0.29674737	      0.46221544	      0.31490662	      0.38983074	      0.54470743	      0.20904122	      0.77241973
      0.69200000	      0.34864426	      0.34492575	      0.29674737	      0.39729327	      0.34915198	      0.38983074	      0.54470743	      0.20904122	      0.77241973
      0.69300000	      0.34864426	      0.35431879	      0.29674737	      0.39000700	      0.33594024	      0.38983074	      0.54470743	      0.20904122	      0.77241973
      0.69400000	      0.34864426	      0.33974902	      0.29674737	      0.35266179	      0.36917978	      0.38983074	      0.54470743	      0.20904122	      0.77241973
      0.69500000	      0.34864426	      0.33903489	      0.29674737	      0.43855081	      0.31775210	      0.38983074	      0.54470743	      0.20904122	      0.77241973
      0.69600000	      0.34864426	      0.30342264	      0.29674737	      0.39115383	      0.34513910	      0.38983074	      0.54470743	      0.20904122	      0.77241973
      0.69700000	      0.34864426	      0.31746925	      0.29674737	      0.41920585	      0.31718482	      0.38983074	      0.54470743	      0.20904122	      0.77241973
      0.69800000	      0.34864426	      0.33095829	      0.29674737	      0.40958297	      0.33400819	      0.38983074	      0.54470743	      0.20904122	      0.77241973
      0.69900000	      0.34864426	      0.33489989	      0.29674737	      0.39564884	      0.34387092	      0.38983074	      0.54470743	      0.20904122	      0.77241973
      0.70000000	      0.34864426	      0.35113032	      0.29674737	      0.39695272	      0.33072327	      0.38983074	      0.54470743	      0.20904122	      0.77241973
      0.70100000	      0.34864426	      0.31809817	      0.29674737	      0.41627619	      0.32800321	      0.38983074	      0.54470743	      0.20904122	      0.77241973
      0.70200000	      0.34864426	      0.34933530	      0.29674737	      0.41263226	      0.32517947	      0.38983074	      0.54470743	      0.20904122	      0.77241973
      0.70300000	      0.34864426	      0.32460252	      0.29674737	      0.36585173	      0.36903991	      0.38983074	      0.54470743	      0.20904122	      0.77241973
      0.70400000	      0.34864426	      0.33989706	      0.29674737	      0.41379186	      0.34191002	      0.38983074	      0.54470743	      0.20904122	      0.77241973
      0.70500000	      0.34864426	      0.33364266	      0.29674737	      0.41395889	      0.31587573	      0.38983074	      0.54470743	      0.20904122	      0.77241973
      0.70600000	      0.34864426	      0.34815449	      0.29674737	      0.37013492	      0.36346579	      0.38983074	      0.54470743	      0.20904122	      0.77241973
      0.70700000	      0.34864426	      0.30775197	      0.29674737	      0.39207187	      0.34417025	      0.38983074	      0.54470743	      0.20904122	      0.77241973
      0.70800000	      0.34864426	      0.30417405	      0.29674737	      0.41962048	      0.33136913	      0.38983074	      0.54470743	      0.20904122	      0.77241973
      0.70900000	      0.34864426	      0.34280158	      0.29674737	      0.41235846	      0.30738736	      0.38983074	      0.54470743	      0.20904122	      0.77241973
      0.71000000	      0.34864426	      0.33189858	      0.29674737	      0.44067111	      0.32380789	      0.38983074	      0.54470743	      0.20904122	      0.77241973
      0.71100000	      0.34864426	      0.36682919	      0.29674737	      0.45926244	      0.30681380	      0.38983074	      0.54470743	      0.20904122	      0.77241973
      0.71200000	      0.34864426	      0.33856847	      0.29674737	      0.36904712	      0.36082817	      0.38983074	      0.54470743	      0.20904122	      0.77241973
      0.71300000	      0.34864426	      0.31073672	      0.29674737	      0.38064337	      0.35381152	      0.38983074	      0.54470743	      0.20904122	      0.77241973
      0.71400000	      0.34864426	      0.35671949	      0.29674737	      0.35925786	      0.35632101	      0.38983074	      0.54470743	      0.20904122	      0.77241973
      0.71500000	      0.34864426	      0.36197573	      0.29674737	      0.36745199	      0.35679741	      0.38983074	      0.54470743	      0.20904122	      0.77241973
      0.71600000	      0.34864426	      0.35982911	      0.29674737	      0.45833732	      0.29710374	      0.38983074	      0.54470743	      0.20904122	      0.77241973
      0.71700000	      0.34864426	      0.30413762	      0.29674737	      0.41103036	      0.32438969	      0.38983074	      0.54470743	      0.20904122	      0.77241973
      0.71800000	      0.34864426	      0.32626413	      0.29674737	      0.39095923	      0.35546256	      0.38983074	      0.54470743	      0.20904122	      0.77241973
      0.71900000	      0.34864426	      0.36490116	      0.29674737	      0.38842481	      0.34913956	      0.38983074	      0.54470743	      0.20904122	      0.77241973
      0.72000000	      0.34864426	      0.32847389	      0.29674737	      0.38675726	      0.33799512	      0.38983074	      0.54470743	      0.20904122	      0.77241973
      0.72100000	      0.34864426	      0.31680165	      0.29674737	      0.39188525	      0.34012135	      0.38983074	      0.54470743	      0.20904122	      0.77241973
      0.72200000	      0.34864426	      0.35373826	      0.29674737	      0.38519669	      0.33359514	      0.38983074	      0.54470743	      0.20904122	      0.77241973
      0.72300000	      0.34864426	      0.31398069	      0.29674737	      0.45176719	      0.31735133	      0.38983074	      0.54470743	      0.20904122	      0.77241973
      0.72400000	      0.34864426	      0.32181416	      0.29674737	      0.42485622	      0.32585630	      0.38983074	      0.54470743	      0.20904122	      0.77241973
      0.72500000	      0.34864426	      0.31227334	      0.29674737	      0.39218644	      0.34386857	      0.38983074	      0.54470743	      0.20904122	      0.77241973
      0.72600000	      0.34864426	      0.30851779	      0.29674737	      0.40876732	      0.34326651	      0.38983074	      0.54470743	      0.20904122	      0.77241973
      0.72700000	      0.34864426	      0.31227516	      0.29674737	      0.39999001	      0.33428744	      0.38983074	      0.54470743	      0.20904122	      0.77241973
      0.72800000	      0.34864426	      0.36979167	      0.29674737	      0.41518179	      0.30891752	      0.38983074	      0.54470743	      0.20904122	      0.77241973
      0.72900000	      0.34864426	      0.35336073	      0.29674737	      0.42510574	      0.31231295	      0.38983074	      0.54470743	      0.20904122	      0.77241973
      0.73000000	      0.34864426	      0.31995300	      0.29674737	      0.38547833	      0.34140385	      0.38983074	      0.54470743	      0.20904122	      0.77241973
      0.73100000	      0.34864426	      0.33989175	      0.29674737	      0.40436044	      0.33207100	      0.38983074	      0.54470743	      0.20904122	      0.77241973
      0.73200000	      0.34864426	      0.33673055	      0.29674737	      0.41465695	      0.33758384	      0.38983074	      0.54470743	      0.20904122	      0.77241973
      0.73300000	      0.34864426	      0.30918262	      0.29674737	      0.37368929	      0.35302634	      0.38983074	      0.54470743	      0.20904122	      0.77241973
      0.73400000	      0.34864426	      0.32963646	      0.29674737	      0.35551559	      0.37133709	      0.38983074	      0.54470743	      0.20904122	      0.77241973
      0.73500000	      0.34864426	      0.35862337	      0.29674737	      0.42903695	      0.32170658	      0.38983074	      0.54470743	      0.20904122	      0.77241973
      0.73600000	      0.34864426	      0.35073184	      0.29674737	      0.40580988	      0.33668947	      0.38983074	      0.54470743	      0.20904122	      0.77241973
      0.73700000	      0.34864426	      0.35485731	      0.29674737	      0.43679770	      0.31540848	      0.38983074	      0.54470743	      0.20904122	      0.77241973
      0.73800000	      0.34864426	      0.36247335	      0.29674737	      0.42854333	      0.30651527	      0.38983074	      0.54470743	      0.20904122	      0.77241973
      0.73900000	      0.34864426	      0.36408872	      0.29674737	      0.36193342	      0.35176309	      0.38983074	      0.54470743	      0.20904122	      0.77241973
      0.74000000	      0.34864426	      0.31696164	      0.29674737	      0.37044398	      0.35023999	      0.38983074	      0.54470743	      0.20904122	      0.77241973
      0.74100000	      0.34864426	      0.31496421	      0.29674737	      0.36849309	      0.35305273	      0.38983074	      0.54470743	      0.20904122	      0.77241973
      0.74200000	      0.34864426	      0.30454485	      0.29674737	      0.43832247	      0.31971681	      0.38983074	      0.54470743	      0.20904122	      0.77241973
      0.74300000	      0.34864426	      0.33243102	      0.29674737	      0.45741578	      0.30990194	      0.38983074	      0.54470743	      0.20904122	      0.77241973
      0.74400000	      0.34864426	      0.33521659	      0.29674737	      0.39030649	      0.36088431	      0.38983074	      0.54470743	      0.20904122	      0.77241973
      0.74500000	      0.34864426	      0.32292911	      0.29674737	      0.41414142	      0.33028631	      0.38983074	      0.54470743	      0.20904122	      0.77241973
      0.74600000	      0.34864426	      0.34398451	      0.29674737	      0.41823483	      0.32699938	      0.38983074	      0.54470743	      0.20904122	      0.77241973
      0.74700000	      0.34864426	      0.36910652	      0.29674737	      0.39233552	      0.34864143	      0.38983074	      0.54470743	      0.20904122	      0.77241973
      0.74800000	      0.34864426	      0.32569823	      0.29674737	      0.36925784	      0.35408881	      0.38983074	      0.54470743	      0.20904122	      0.77241973
      0.74900000	      0.34864426	      0.34557338	      0.29674737	      0.41857828	      0.32305764	      0.38983074	      0.54470743	      0.20904122	      0.77241973
      0.75000000	      0.34864426	      0.32482735	      0.29674737	      0.37835071	      0.36202690	      0.38983074	      0.54470743	      0.20904122	      0.77241973
      0.75100000	      0.34864426	      0.32532622	      0.29674737	      0.37436712	      0.36645834	      0.38983074	      0.54470743	      0.20904122	      0.77241973
      0.75200000	      0.34864426	      0.36038374	      0.29674737	      0.40085228	      0.34677994	      0.38983074	      0.54470743	      0.20904122	      0.77241973
      0.75300000	      0.34864426	      0.30918828	      0.29674737	      0.40671518	      0.32549954	      0.38983074	      0.54470743	      0.20904122	      0.77241973
      0.75400000	      0.34864426	      0.34942548	      0.29674737	      0.36494228	      0.36020843	      0.38983074	      0.54470743	      0.20904122	      0.77241973
      0.75500000	      0.34864426	      0.35434821	      0.29674737	      0.36070208	      0.35969351	      0.38983074	      0.54470743	      0.20904122	      0.77241973
      0.75600000	      0.34864426	      0.33021743	      0.29674737	      0.42160272	      0.31781746	      0.38983074	      0.54470743	      0.20904122	      0.77241973
      0.75700000	      0.34864426	      0.31716507	      0.29674737	      0.40037023	      0.34370117	      0.38983074	      0.54470743	      0.20904122	      0.77241973
      0.75800000	      0.34864426	      0.34729288	      0.29674737	      0.40410729	      0.32525035	      0.38983074	      0.54470743	      0.20904122	      0.77241973
      0.75900000	      0.34864426	      0.30795877	      0.29674737	      0.37577933	      0.34599786	      0.38983074	      0.54470743	      0.20904122	      0.77241973
      0.76000000	      0.34864426	      0.33874918	      0.29674737	      0.38774374	      0.33819822	      0.38983074	      0.54470743	      0.20904122	      0.77241973
      0.76100000	      0.34864426	      0.36147305	      0.29674737	      0.41716497	      0.32984244	      0.38983074	      0.54470743	      0.20904122	      0.77241973
      0.76200000	      0.34864426	      0.31117563	      0.29674737	      0.40652652	      0.33918733	      0.38983074	      0.54470743	      0.20904122	      0.77241973
      0.76300000	      0.34864426	      0.32017958	      0.29674737	      0.37878041	      0.35341673	      0.38983074	      0.54470743	      0.20904122	      0.77241973
      0.76400000	      0.34864426	      0.36842845	      0.29674737	      0.43283845	      0.31110070	      0.38983074	      0.54470743	      0.20904122	      0.77241973
      0.76500000	      0.34864426	      0.36472404	      0.29674737	      0.42791189	      0.32083390	      0.38983074	      0.54470743	      0.20904122	      0.77241973
      0.76600000	      0.34864426	      0.33562104	      0.29674737	      0.38912269	      0.36000285	      0.38983074	      0.54470743	      0.20904122	      0.77241973
      0.76700000	      0.34864426	      0.33278488	      0.29674737	      0.41494760	      0.30591198	      0.38983074	      0.54470743	      0.20904122	      0.77241973
      0.76800000	      0.34864426	      0.31424033	      0.29674737	      0.43239621	      0.32063976	      0.38983074	      0.54470743	      0.20904122	      0.77241973
      0.76900000	      0.34864426	      0.32603941	      0.29674737	      0.42366098	      0.32115214	      0.38983074	      0.54470743	      0.20904122	      0.77241973
      0.77000000	      0.34864426	      0.34462253	      0.29674737	      0.36939889	      0.37846657	      0.38983074	      0.54470743	      0.20904122	      0.77241973
      0.77100000	      0.34864426	      0.37087324	      0.29674737	      0.41478389	      0.32445942	      0.38983074	      0.54470743	      0.20904122	      0.77241973
      0.77200000	      0.34864426	      0.34063953	      0.29674737	      0.42048491	      0.31447781	      0.38983074	      0.54470743	      0.20904122	      0.77241973
      0.77300000	      0.34864426	      0.32224000	      0.29674737	      0.40147164	      0.33278888	      0.38983074	      0.54470743	      0.20904122	      0.77241973
      0.77400000	      0.34864426	      0.37535549	      0.29674737	      0.38552704	      0.34127964	      0.38983074	      0.54470743	      0.20904122	      0.77241973
      0.77500000	      0.34864426	      0.35720008	      0.29674737	      0.43488770	      0.31134822	      0.38983074	      0.54470743	      0.20904122	      0.77241973
      0.77600000	      0.34864426	      0.31927590	      0.29674737	      0.37724278	      0.35040576	      0.38983074	      0.54470743	      0.20904122	      0.77241973
      0.77700000	      0.34864426	      0.33975486	      0.29674737	      0.47403259	      0.29235774	      0.38983074	      0.54470743	      0.20904122	      0.77241973
      0.77800000	      0.34864426	      0.35145967	      0.29674737	      0.39809937	      0.32339974	      0.38983074	      0.54470743	      0.20904122	      0.77241973
      0.77900000	      0.34864426	      0.34384751	      0.29674737	      0.36468944	      0.37334450	      0.38983074	      0.54470743	      0.20904122	      0.77241973
      0.78000000	      0.34864426	      0.32575712	      0.29674737	      0.43888524	      0.31723881	      0.38983074	      0.54470743	      0.20904122	      0.77241973
      0.78100000	      0.34864426	      0.37039357	      0.29674737	      0.37581766	      0.35560848	      0.38983074	      0.54470743	      0.20904122	      0.77241973
      0.78200000	      0.34864426	      0.36389648	      0.29674737	      0.41328711	      0.31376809	      0.38983074	      0.54470743	      0.20904122	      0.77241973
      0.78300000	      0.34864426	      0.33679155	      0.29674737	      0.41889305	      0.30984211	      0.38983074	      0.54470743	      0.20904122	      0.77241973
      0.78400000	      0.34864426	      0.35997966	      0.29674737	      0.38635375	      0.36146431	      0.38983074	      0.54470743	      0.20904122	      0.77241973
      0.78500000	      0.34864426	      0.33187771	      0.29674737	      0.40920377	      0.33063741	      0.38983074	      0.54470743	      0.20904122	      0.77241973
      0.78600000	      0.34864426	      0.31201299	      0.29674737	      0.40292105	      0.34949349	      0.38983074	      0.54470743	      0.20904122	      0.77241973
      0.78700000	      0.34864426	      0.35367195	      0.29674737	      0.37008140	      0.33878065	      0.38983074	      0.54470743	      0.20904122	      0.77241973
      0.78800000	      0.34864426	      0.34039015	      0.29674737	      0.37694405	      0.37847957	      0.38983074	      0.54470743	      0.20904122	      0.77241973
      0.78900000	      0.34864426	      0.34766689	      0.29674737	      0.37166598	      0.35322027	      0.38983074	      0.54470743	      0.20904122	      0.77241973
      0.79000000	      0.34864426	      0.32959222	      0.29674737	      0.45586076	      0.31586081	      0.38983074	      0.54470743	      0.20904122	      0.77241973
      0.79100000	      0.34864426	      0.37310368	      0.29674737	      0.44336279	      0.31525637	      0.38983074	      0.54470743	      0.20904122	      0.77241973
      0.79200000	      0.34864426	      0.31749941	      0.29674737	      0.39722685	      0.33607589	      0.38983074	      0.54470743	      0.20904122	      0.77241973
      0.79300000	      0.34864426	      0.31399121	      0.29674737	      0.39334394	      0.35040454	      0.38983074	      0.54470743	      0.20904122	      0.77241973
      0.79400000	      0.34864426	      0.30959590	      0.29674737	      0.42633967	      0.31066036	      0.38983074	      0.54470743	      0.20904122	      0.77241973
      0.79500000	      0.34864426	      0.32167207	      0.29674737	      0.37399512	      0.35452333	      0.38983074	      0.54470743	      0.20904122	      0.77241973
      0.79600000	      0.34864426	      0.36961735	      0.29674737	      0.38150502	      0.34352971	      0.38983074	      0.54470743	      0.20904122	      0.77241973
      0.79700000	      0.34864426	      0.36612501	      0.29674737	      0.40796099	      0.32963889	      0.38983074	      0.54470743	      0.20904122	      0.77241973
      0.79800000	      0.34864426	      0.37696133	      0.29674737	      0.44295245	      0.30725536	      0.38983074	      0.54470743	      0.20904122	      0.77241973
      0.79900000	      0.34864426	      0.32598657	      0.29674737	      0.42023276	      0.33390720	      0.38983074	      0.54470743	      0.20904122	      0.77241973
      0.80000000	      0.34864426	      0.35522523	      0.29674737	      0.39134137	      0.33536618	      0.38983074	      0.54470743	      0.20904122	      0.77241973
      0.80100000	      0.34864426	      0.34808624	      0.29674737	      0.38101928	      0.33970723	      0.38983074	      0.54470743	      0.20904122	      0.77241973
      0.80200000	      0.34864426	      0.34445927	      0.29674737	      0.41388703	      0.31872089	      0.38983074	      0.54470743	      0.20904122	      0.77241973
      0.80300000	      0.34864426	      0.31981553	      0.29674737	      0.39922545	      0.33989473	      0.38983074	      0.54470743	      0.20904122	      0.77241973
      0.80400000	      0.34864426	      0.37201588	      0.29674737	      0.39103656	      0.36246750	      0.38983074	      0.54470743	      0.20904122	      0.77241973
      0.80500000	      0.34864426	      0.33188866	      0.29674737	      0.42552304	      0.32275236	      0.38983074	      0.54470743	      0.20904122	      0.77241973
      0.80600000	      0.34864426	      0.35231762	      0.29674737	      0.44676665	      0.30882611	      0.38983074	      0.54470743	      0.20904122	      0.77241973
      0.80700000	      0.34864426	      0.34956334	      0.29674737	      0.36966171	      0.34523851	      0.38983074	      0.54470743	      0.20904122	      0.77241973
      0.80800000	      0.34864426	      0.32696976	      0.29674737	      0.41433502	      0.32522866	      0.38983074	      0.54470743	      0.20904122	      0.77241973
      0.80900000	      0.34864426	      0.37948779	      0.29674737	      0.37734602	      0.36433334	      0.38983074	      0.54470743	      0.20904122	      0.77241973
      0.81000000	      0.34864426	      0.34017622	      0.29674737	      0.36260490	      0.35803636	      0.38983074	      0.54470743	      0.20904122	      0.77241973
      0.81100000	      0.34864426	      0.37373565	      0.29674737	      0.39888980	      0.33203640	      0.38983074	      0.54470743	      0.20904122	      0.77241973
      0.81200000	      0.34864426	      0.36142547	      0.29674737	      0.43990722	      0.32191130	      0.38983074	      0.54470743	      0.20904122	      0.77241973
      0.81300000	      0.34864426	      0.36806814	      0.29674737	      0.44533680	      0.30480596	      0.38983074	      0.54470743	      0.20904122	      0.77241973
      0.81400000	      0.34864426	      0.35704863	      0.29674737	      0.39759572	      0.32346876	      0.38983074	      0.54470743	      0.20904122	      0.77241973
      0.81500000	      0.34864426	      0.31756403	      0.29674737	      0.36245944	      0.35857842	      0.38983074	      0.54470743	      0.20904122	      0.77241973
      0.81600000	      0.34864426	      0.31318539	      0.29674737	      0.38939506	      0.35696950	      0.38983074	      0.54470743	      0.20904122	      0.77241973
      0.81700000	      0.34864426	      0.36586740	      0.29674737	      0.37920046	      0.36717150	      0.38983074	      0.54470743	      0.20904122	      0.77241973
      0.81800000	      0.34864426	      0.32938186	      0.29674737	      0.45916466	      0.30549449	      0.38983074	      0.54470743	      0.20904122	      0.77241973
      0.81900000	      0.34864426	      0.33575817	      0.29674737	      0.39395365	      0.32879786	      0.38983074	      0.54470743	      0.20904122	      0.77241973
      0.82000000	      0.34864426	      0.31554762	      0.29674737	      0.40390586	      0.32744056	      0.38983074	      0.54470743	      0.20904122	      0.77241973
      0.82100000	      0.34864426	      0.36039423	      0.29674737	      0.37325453	      0.36468260	      0.38983074	      0.54470743	      0.20904122	      0.77241973
      0.82200000	      0.34864426	      0.32502764	      0.29674737	      0.40085171	      0.33550722	      0.38983074	      0.54470743	      0.20904122	      0.77241973
      0.82300000	      0.34864426	      0.32291259	      0.29674737	      0.38778614	      0.34449510	      0.38983074	      0.54470743	      0.20904122	      0.77241973
      0.82400000	      0.34864426	      0.33818194	      0.29674737	      0.39535756	      0.32804542	      0.38983074	      0.54470743	      0.20904122	      0.77241973
      0.82500000	      0.34864426	      0.37784150	      0.29674737	      0.46048586	      0.30093660	      0.38983074	      0.54470743	      0.20904122	      0.77241973
      0.82600000	      0.34864426	      0.35028562	      0.29674737	      0.42284066	      0.30727724	      0.38983074	      0.54470743	      0.20904122	      0.77241973
      0.82700000	      0.34864426	      0.33214536	      0.29674737	      0.38393539	      0.35250732	      0.38983074	      0.54470743	      0.20904122	      0.77241973
      0.82800000	      0.34864426	      0.31567052	      0.29674737	      0.42987208	      0.30902288	      0.38983074	      0.54470743	      0.20904122	      0.77241973
      0.82900000	      0.34864426	      0.37998962	      0.29674737	      0.39104993	      0.35656376	      0.38983074	      0.54470743	      0.20904122	      0.77241973
      0.83000000	      0.34864426	      0.32764140	      0.29674737	      0.36203782	      0.36024049	      0.38983074	      0.54470743	      0.20904122	      0.77241973
      0.83100000	      0.34864426	      0.31971199	      0.29674737	      0.37306880	      0.36642061	      0.38983074	      0.54470743	      0.20904122	      0.77241973
      0.83200000	      0.34864426	      0.36021046	      0.29674737	      0.40533694	      0.32034465	      0.38983074	      0.54470743	      0.20904122	      0.77241973
      0.83300000	      0.34864426	      0.36427787	      0.29674737	      0.37063562	      0.35969125	      0.38983074	      0.54470743	      0.20904122	      0.77241973
      0.83400000	      0.34864426	      0.35496796	      0.29674737	      0.36764296	      0.34914484	      0.38983074	      0.54470743	      0.20904122	      0.77241973
      0.83500000	      0.34864426	      0.37350938	      0.29674737	      0.39455832	      0.33171500	      0.38983074	      0.54470743	      0.20904122	      0.77241973
      0.83600000	      0.34864426	      0.35662425	      0.29674737	      0.43668571	      0.31331300	      0.38983074	      0.54470743	      0.20904122	      0.77241973
      0.83700000	      0.34864426	      0.32455975	      0.29674737	      0.42965323	      0.31307956	      0.38983074	      0.54470743	      0.20904122	      0.77241973
      0.83800000	      0.34864426	      0.38291886	      0.29674737	      0.42643989	      0.30778082	      0.38983074	      0.54470743	      0.20904122	      0.77241973
      0.83900000	      0.34864426	      0.34236437	      0.29674737	      0.39356883	      0.34139927	      0.38983074	      0.54470743	      0.20904122	      0.77241973
      0.84000000	      0.34864426	      0.34782620	      0.29674737	      0.38994334	      0.34909431	      0.38983074	      0.54470743	      0.20904122	      0.77241973
      0.84100000	      0.34864426	      0.37137397	      0.29674737	      0.45391615	      0.30802911	      0.38983074	      0.54470743	      0.20904122	      0.77241973
      0.84200000	      0.34864426	      0.33160200	      0.29674737	      0.40263530	      0.32689268	      0.38983074	      0.54470743	      0.20904122	      0.77241973
      0.84300000	      0.34864426	      0.32184632	      0.29674737	      0.43134165	      0.32942050	      0.38983074	      0.54470743	      0.20904122	      0.77241973
      0.84400000	      0.34864426	      0.36785733	      0.29674737	      0.40442008	      0.32788654	      0.38983074	      0.54470743	      0.20904122	      0.77241973
      0.84500000	      0.34864426	      0.31761845	      0.29674737	      0.37440568	      0.36925665	      0.38983074	      0.54470743	      0.20904122	      0.77241973
      0.84600000	      0.34864426	      0.36632290	      0.29674737	      0.42397407	      0.32144470	      0.38983074	      0.54470743	      0.20904122	      0.77241973
      0.84700000	      0.34864426	      0.33586463	      0.29674737	      0.35230190	      0.36916363	      0.38983074	      0.54470743	      0.20904122	      0.77241973
      0.84800000	      0.34864426	      0.37818388	      0.29674737	      0.38385945	      0.34371567	      0.38983074	      0.54470743	      0.20904122	      0.77241973
      0.84900000	      0.34864426	      0.34458727	      0.29674737	      0.42200751	      0.33285606	      0.38983074	      0.54470743	      0.20904122	      0.77241973
      0.85000000	      0.34864426	      0.33874989	      0.29674737	      0.39475935	      0.33419880	      0.38983074	      0.54470743	      0.20904122	      0.77241973
      0.85100000	      0.34864426	      0.33817196	      0.29674737	      0.38295341	      0.35410706	      0.38983074	      0.54470743	      0.20904122	      0.77241973
      0.85200000	      0.34864426	      0.32083737	      0.29674737	      0.38230808	      0.35913707	      0.38983074	      0.54470743	      0.20904122	      0.77241973
      0.85300000	      0.34864426	      0.35956408	      0.29674737	      0.41591059	      0.32097353	      0.38983074	      0.54470743	      0.20904122	      0.77241973
      0.85400000	      0.34864426	      0.36220786	      0.29674737	      0.40732327	      0.32120265	      0.38983074	      0.54470743	      0.20904122	      0.77241973
      0.85500000	      0.34864426	      0.38256792	      0.29674737	      0.35896361	      0.36274272	      0.38983074	      0.54470743	      0.20904122	      0.77241973
      0.85600000	      0.34864426	      0.32466928	      0.29674737	      0.40615238	      0.33750701	      0.38983074	      0.54470743	      0.20904122	      0.77241973
      0.85700000	      0.34864426	      0.38407085	      0.29674737	      0.37346508	      0.36689278	      0.38983074	      0.54470743	      0.20904122	      0.77241973
      0.85800000	      0.34864426	      0.34659162	      0.29674737	      0.40241332	      0.32150183	      0.38983074	      0.54470743	      0.20904122	      0.77241973
      0.85900000	      0.34864426	      0.31798899	      0.29674737	      0.41591325	      0.32409751	      0.38983074	      0.54470743	      0.20904122	      0.77241973
      0.86000000	      0.34864426	      0.34169053	      0.29674737	      0.36941280	      0.35716147	      0.38983074	      0.54470743	      0.20904122	      0.77241973
      0.86100000	      0.34864426	      0.32747104	      0.29674737	      0.42944711	      0.31628462	      0.38983074	      0.54470743	      0.20904122	      0.77241973
      0.86200000	      0.34864426	      0.33738000	      0.29674737	      0.42914419	      0.32854300	      0.38983074	      0.54470743	      0.20904122	      0.77241973
      0.86300000	      0.34864426	      0.36908790	      0.29674737	      0.44527416	      0.30407443	      0.38983074	      0.54470743	      0.20904122	      0.77241973
      0.86400000	      0.34864426	      0.35322682	      0.29674737	      0.35163605	      0.36525733	      0.38983074	      0.54470743	      0.20904122	      0.77241973
      0.86500000	      0.34864426	      0.35694728	      0.29674737	      0.37713519	      0.35866753	      0.38983074	      0.54470743	      0.20904122	      0.77241973
      0.86600000	      0.34864426	      0.32316751	      0.29674737	      0.43296126	      0.30431247	      0.38983074	      0.54470743	      0.20904122	      0.77241973
      0.86700000	      0.34864426	      0.34963463	      0.29674737	      0.38017998	      0.34080419	      0.38983074	      0.54470743	      0.20904122	      0.77241973
      0.86800000	      0.34864426	      0.37949237	      0.29674737	      0.38210872	      0.33875056	      0.38983074	      0.54470743	      0.20904122	      0.77241973
      0.86900000	      0.34864426	      0.33135549	      0.29674737	      0.39419510	      0.34302731	      0.38983074	      0.54470743	      0.20904122	      0.77241973
      0.87000000	      0.34864426	      0.37835338	      0.29674737	      0.39998259	      0.35247182	      0.38983074	      0.54470743	      0.20904122	      0.77241973
      0.87100000	      0.34864426	      0.37116426	      0.29674737	      0.36524188	      0.34954894	      0.38983074	      0.54470743	      0.20904122	      0.77241973
      0.87200000	      0.34864426	      0.36673456	      0.29674737	      0.40477444	      0.32848324	      0.38983074	      0.54470743	      0.20904122	      0.77241973
      0.87300000	      0.34864426	      0.33386965	      0.29674737	      0.39412932	      0.33173954	      0.38983074	      0.54470743	      0.20904122	      0.77241973
      0.87400000	      0.34864426	      0.37504490	      0.29674737	      0.40866067	      0.32618800	      0.38983074	      0.54470743	      0.20904122	      0.77241973
      0.87500000	      0.34864426	      0.34389081	      0.29674737	      0.45195746	      0.30511907	      0.38983074	      0.54470743	      0.20904122	      0.77241973
      0.87600000	      0.34864426	      0.35831384	      0.29674737	      0.38995100	      0.35376099	      0.38983074	      0.54470743	      0.20904122	      0.77241973
      0.87700000	      0.34864426	      0.36685059	      0.29674737	      0.42855682	      0.30960737	      0.38983074	      0.54470743	      0.20904122	      0.77241973
      0.87800000	      0.34864426	      0.32217042	      0.29674737	      0.41964290	      0.33469086	      0.38983074	      0.54470743	      0.20904122	      0.77241973
      0.87900000	      0.34864426	      0.37008705	      0.29674737	      0.39385109	      0.32415292	      0.38983074	      0.54470743	      0.20904122	      0.77241973
      0.88000000	      0.34864426	      0.38364894	      0.29674737	      0.37983796	      0.34700942	      0.38983074	      0.54470743	      0.20904122	      0.77241973
      0.88100000	      0.34864426	      0.35192781	      0.29674737	      0.35618792	      0.36593822	      0.38983074	      0.54470743	      0.20904122	      0.77241973
      0.88200000	      0.34864426	      0.32775735	      0.29674737	      0.39410450	      0.33711638	      0.38983074	      0.54470743	      0.20904122	      0.77241973
      0.88300000	      0.34864426	      0.35382511	      0.29674737	      0.41024597	      0.32462486	      0.38983074	      0.54470743	      0.20904122	      0.77241973
      0.88400000	      0.34864426	      0.36031623	      0.29674737	      0.37783695	      0.34081713	      0.38983074	      0.54470743	      0.20904122	      0.77241973
      0.88500000	      0.34864426	      0.33213714	      0.29674737	      0.36570677	      0.36387962	      0.38983074	      0.54470743	      0.20904122	      0.77241973
      0.88600000	      0.34864426	      0.38074636	      0.29674737	      0.38317206	      0.36529635	      0.38983074	      0.54470743	      0.20904122	      0.77241973
      0.88700000	      0.34864426	      0.32564784	      0.29674737	      0.36983797	      0.34559785	      0.38983074	      0.54470743	      0.20904122	      0.77241973
      0.88800000	      0.34864426	      0.36325853	      0.29674737	      0.43734528	      0.31589145	      0.38983074	      0.54470743	      0.20904122	      0.77241973
      0.88900000	      0.34864426	      0.34127873	      0.29674737	      0.43209398	      0.30525455	      0.38983074	      0.54470743	      0.20904122	      0.77241973
      0.89000000	      0.34864426	      0.33564775	      0.29674737	      0.36978980	      0.35179142	      0.38983074	      0.54470743	      0.20904122	      0.77241973
      0.89100000	      0.34864426	      0.34688443	      0.29674737	      0.36283034	      0.34983421	      0.38983074	      0.54470743	      0.20904122	      0.77241973
      0.89200000	      0.34864426	      0.38726201	      0.29674737	      0.43555201	      0.31827349	      0.38983074	      0.54470743	      0.20904122	      0.77241973
      0.89300000	      0.34864426	      0.37536651	      0.29674737	      0.40426541	      0.32753459	      0.38983074	      0.54470743	      0.20904122	      0.77241973
      0.89400000	      0.34864426	      0.31978528	      0.29674737	      0.36394892	      0.36193670	      0.38983074	      0.54470743	      0.20904122	      0.77241973
      0.89500000	      0.34864426	      0.33879776	      0.29674737	      0.45577179	      0.31727488	      0.38983074	      0.54470743	      0.20904122	      0.77241973
      0.89600000	      0.34864426	      0.34638066	      0.29674737	      0.38857476	      0.33018566	      0.38983074	      0.54470743	      0.20904122	      0.77241973
      0.89700000	      0.34864426	      0.37145467	      0.29674737	      0.40853358	      0.34234229	      0.38983074	      0.54470743	      0.20904122	      0.77241973
      0.89800000	      0.34864426	      0.37806084	      0.29674737	      0.37098112	      0.36275342	      0.38983074	      0.54470743	      0.20904122	      0.77241973
      0.89900000	      0.34864426	      0.33113384	      0.29674737	      0.39955092	      0.32777708	      0.38983074	      0.54470743	      0.20904122	      0.77241973
      0.90000000	      0.34864426	      0.38556949	      0.29674737	      0.46793012	      0.30135241	      0.38983074	      0.54470743	      0.20904122	      0.77241973
      0.90100000	      0.34864426	      0.35471326	      0.29674737	      0.42623053	      0.31734385	      0.38983074	      0.54470743	      0.20904122	      0.77241973
      0.90200000	      0.34864426	      0.36025689	      0.29674737	      0.36407716	      0.34821161	      0.38983074	      0.54470743	      0.20904122	      0.77241973
      0.90300000	      0.34864426	      0.34144015	      0.29674737	      0.36548476	      0.36554824	      0.38983074	      0.54470743	      0.20904122	      0.77241973
      0.90400000	      0.34864426	      0.33200483	      0.29674737	      0.35978857	      0.37862838	      0.38983074	      0.54470743	      0.20904122	      0.77241973
      0.90500000	      0.34864426	      0.37646223	      0.29674737	      0.38712459	      0.36387812	      0.38983074	      0.54470743	      0.20904122	      0.77241973
      0.90600000	      0.34864426	      0.37049891	      0.29674737	      0.38302082	      0.33868602	      0.38983074	      0.54470743	      0.20904122	      0.77241973
      0.90700000	      0.34864426	      0.38847780	      0.29674737	      0.39212963	      0.34073033	      0.38983074	      0.54470743	      0.20904122	      0.77241973
      0.90800000	      0.34864426	      0.38981252	      0.29674737	      0.37321028	      0.36060855	      0.38983074	      0.54470743	      0.20904122	      0.77241973
      0.90900000	      0.34864426	      0.36250921	      0.29674737	      0.38155040	      0.34426715	      0.38983074	      0.54470743	      0.20904122	      0.77241973
      0.91000000	      0.34864426	      0.33774706	      0.29674737	      0.41017604	      0.33038190	      0.38983074	      0.54470743	      0.20904122	      0.77241973
      0.91100000	      0.34864426	      0.32423889	      0.29674737	      0.40824334	      0.32594278	      0.38983074	      0.54470743	      0.20904122	      0.77241973
      0.91200000	      0.34864426	      0.34582270	      0.29674737	      0.44356784	      0.29970350	      0.38983074	      0.54470743	      0.20904122	      0.77241973
      0.91300000	      0.34864426	      0.33676084	      0.29674737	      0.39692284	      0.33233511	      0.38983074	      0.54470743	      0.20904122	      0.77241973
      0.91400000	      0.34864426	      0.38641327	      0.29674737	      0.36966090	      0.36154775	      0.38983074	      0.54470743	      0.20904122	      0.77241973
      0.91500000	      0.34864426	      0.34948699	      0.29674737	      0.40637928	      0.32711382	      0.38983074	      0.54470743	      0.20904122	      0.77241973
      0.91600000	      0.34864426	      0.32325085	      0.29674737	      0.41402400	      0.31800069	      0.38983074	      0.54470743	      0.20904122	      0.77241973
      0.91700000	      0.34864426	      0.38225069	      0.29674737	      0.38758894	      0.33931799	      0.38983074	      0.54470743	      0.20904122	      0.77241973
      0.91800000	      0.34864426	      0.33401921	      0.29674737	      0.42939909	      0.31468641	      0.38983074	      0.54470743	      0.20904122	      0.77241973
      0.91900000	      0.34864426	      0.35055049	      0.29674737	      0.37403680	      0.33470676	      0.38983074	      0.54470743	      0.20904122	      0.77241973
      0.92000000	      0.34864426	      0.37955413	      0.29674737	      0.42568528	      0.31980334	      0.38983074	      0.54470743	      0.20904122	      0.77241973
      0.92100000	      0.34864426	      0.37355580	      0.29674737	      0.39490868	      0.35407531	      0.38983074	      0.54470743	      0.20904122	      0.77241973
      0.92200000	      0.34864426	      0.35703402	      0.29674737	      0.36751442	      0.37209822	      0.38983074	      0.54470743	      0.20904122	      0.77241973
      0.92300000	      0.34864426	      0.36673321	      0.29674737	      0.42954405	      0.30665241	      0.38983074	      0.54470743	      0.20904122	      0.77241973
      0.92400000	      0.34864426	      0.37494234	      0.29674737	      0.39498550	      0.33205643	      0.38983074	      0.54470743	      0.20904122	      0.77241973
      0.92500000	      0.34864426	      0.32848333	      0.29674737	      0.40974857	      0.32148789	      0.38983074	      0.54470743	      0.20904122	      0.77241973
      0.92600000	      0.34864426	      0.36511049	      0.29674737	      0.36778828	      0.36160477	      0.38983074	      0.54470743	      0.20904122	      0.77241973
      0.92700000	      0.34864426	      0.36214144	      0.29674737	      0.41795855	      0.32547435	      0.38983074	      0.54470743	      0.20904122	      0.77241973
      0.92800000	      0.34864426	      0.33774535	      0.29674737	      0.40305876	      0.31311697	      0.38983074	      0.54470743	      0.20904122	      0.77241973
      0.92900000	      0.34864426	      0.34084516	      0.29674737	      0.36947842	      0.37851330	      0.38983074	      0.54470743	      0.20904122	      0.77241973
      0.93000000	      0.34864426	      0.37921552	      0.29674737	      0.38587697	      0.34952674	      0.38983074	      0.54470743	      0.20904122	      0.77241973
      0.93100000	      0.34864426	      0.34685479	      0.29674737	      0.37115087	      0.33365942	      0.38983074	      0.54470743	      0.20904122	      0.77241973
      0.93200000	      0.34864426	      0.33276148	      0.29674737	      0.37265160	      0.34415290	      0.38983074	      0.54470743	      0.20904122	      0.77241973
      0.93300000	      0.34864426	      0.32962521	      0.29674737	      0.42165429	      0.32753761	      0.38983074	      0.54470743	      0.20904122	      0.77241973
      0.93400000	      0.34864426	      0.37220001	      0.29674737	      0.44512770	      0.31939800	      0.38983074	      0.54470743	      0.20904122	      0.77241973
      0.93500000	      0.34864426	      0.33898268	      0.29674737	      0.37743657	      0.34415256	      0.38983074	      0.54470743	      0.20904122	      0.77241973
      0.93600000	      0.34864426	      0.32724944	      0.29674737	      0.37234119	      0.34155814	      0.38983074	      0.54470743	      0.20904122	      0.77241973
      0.93700000	      0.34864426	      0.35198624	      0.29674737	      0.41013095	      0.33099661	      0.38983074	      0.54470743	      0.20904122	      0.77241973
      0.93800000	      0.34864426	      0.35431978	      0.29674737	      0.37019257	      0.34356788	      0.38983074	      0.54470743	      0.20904122	      0.77241973
      0.93900000	      0.34864426	      0.38505059	      0.29674737	      0.44559151	      0.30339614	      0.38983074	      0.54470743	      0.20904122	      0.77241973
      0.94000000	      0.34864426	      0.38735877	      0.29674737	      0.37040544	      0.35154379	      0.38983074	      0.54470743	      0.20904122	      0.77241973
      0.94100000	      0.34864426	      0.35610534	      0.29674737	      0.40532789	      0.33723943	      0.38983074	      0.54470743	      0.20904122	      0.77241973
      0.94200000	      0.34864426	      0.37558968	      0.29674737	      0.37068406	      0.36510346	      0.38983074	      0.54470743	      0.20904122	      0.77241973
      0.94300000	      0.34864426	      0.37015858	      0.29674737	      0.36801503	      0.34101398	      0.38983074	      0.54470743	      0.20904122	      0.77241973
      0.94400000	      0.34864426	      0.36133601	      0.29674737	      0.43252621	      0.31087432	      0.38983074	      0.54470743	      0.20904122	      0.77241973
      0.94500000	      0.34864426	      0.34519268	      0.29674737	      0.40573380	      0.33847215	      0.38983074	      0.54470743	      0.20904122	      0.77241973
      0.94600000	      0.34864426	      0.39030487	      0.29674737	      0.43966723	      0.31862207	      0.38983074	      0.54470743	      0.20904122	      0.77241973
      0.94700000	      0.34864426	      0.32671616	      0.29674737	      0.36489950	      0.36597308	      0.38983074	      0.54470743	      0.20904122	      0.77241973
      0.94800000	      0.34864426	      0.37859228	      0.29674737	      0.37064282	      0.35957595	      0.38983074	      0.54470743	      0.20904122	      0.77241973
      0.94900000	      0.34864426	      0.38276960	      0.29674737	      0.39811573	      0.32273477	      0.38983074	      0.54470743	      0.20904122	      0.77241973
      0.95000000	      0.34864426	      0.39127489	      0.29674737	      0.38651806	      0.35628586	      0.38983074	      0.54470743	      0.20904122	      0.77241973
      0.95100000	      0.34864426	      0.33587942	      0.29674737	      0.40561844	      0.33042809	      0.38983074	      0.54470743	      0.20904122	      0.77241973
      0.95200000	      0.34864426	      0.35348392	      0.29674737	      0.40342797	      0.31070871	      0.38983074	      0.54470743	      0.20904122	      0.77241973
      0.95300000	      0.34864426	      0.33274121	      0.29674737	      0.34474952	      0.37854690	      0.38983074	      0.54470743	      0.20904122	      0.77241973
      0.95400000	      0.34864426	      0.37416025	      0.29674737	      0.38923077	      0.32869666	      0.38983074	      0.54470743	      0.20904122	      0.77241973
      0.95500000	      0.34864426	      0.32747787	      0.29674737	      0.39584567	      0.31718264	      0.38983074	      0.54470743	      0.20904122	      0.77241973
      0.95600000	      0.34864426	      0.37899861	      0.29674737	      0.38047165	      0.34542369	      0.38983074	      0.54470743	      0.20904122	      0.77241973
      0.95700000	      0.34864426	      0.38713607	      0.29674737	      0.38230976	      0.33402719	      0.38983074	      0.54470743	      0.20904122	      0.77241973
      0.95800000	      0.34864426	      0.39256205	      0.29674737	      0.36891574	      0.36715006	      0.38983074	      0.54470743	      0.20904122	      0.77241973
      0.95900000	      0.34864426	      0.39115921	      0.29674737	      0.39837031	      0.33178230	      0.38983074	      0.54470743	      0.20904122	      0.77241973
      0.96000000	      0.34864426	      0.34380557	      0.29674737	      0.43486530	      0.30767800	      0.38983074	      0.54470743	      0.20904122	      0.77241973
      0.96100000	      0.34864426	      0.34685938	      0.29674737	      0.41891230	      0.32389022	      0.38983074	      0.54470743	      0.20904122	      0.77241973
      0.96200000	      0.34864426	      0.37013059	      0.29674737	      0.38656679	      0.34451180	      0.38983074	      0.54470743	      0.20904122	      0.77241973
      0.96300000	      0.34864426	      0.36446653	      0.29674737	      0.35016781	      0.37424140	      0.38983074	      0.54470743	      0.20904122	      0.77241973
      0.96400000	      0.34864426	      0.33897458	      0.29674737	      0.38264943	      0.34576783	      0.38983074	      0.54470743	      0.20904122	      0.77241973
      0.96500000	      0.34864426	      0.34098156	      0.29674737	      0.40652022	      0.33777368	      0.38983074	      0.54470743	      0.20904122	      0.77241973
      0.96600000	      0.34864426	      0.33010240	      0.29674737	      0.39289676	      0.34484239	      0.38983074	      0.54470743	      0.20904122	      0.77241973
      0.96700000	      0.34864426	      0.37217745	      0.29674737	      0.35423312	      0.38166244	      0.38983074	      0.54470743	      0.20904122	      0.77241973
      0.96800000	      0.34864426	      0.35209015	      0.29674737	      0.40520555	      0.31848672	      0.38983074	      0.54470743	      0.20904122	      0.77241973
      0.96900000	      0.34864426	      0.35608030	      0.29674737	      0.40225918	      0.33260397	      0.38983074	      0.54470743	      0.20904122	      0.77241973
      0.97000000	      0.34864426	      0.39457034	      0.29674737	      0.39017319	      0.35644682	      0.38983074	      0.54470743	      0.20904122	      0.77241973
      0.97100000	      0.34864426	      0.36114439	      0.29674737	      0.39103977	      0.34649829	      0.38983074	      0.54470743	      0.20904122	      0.77241973
      0.97200000	      0.34864426	      0.38232409	      0.29674737	      0.35601436	      0.36732191	      0.38983074	      0.54470743	      0.20904122	      0.77241973
      0.97300000	      0.34864426	      0.36513364	      0.29674737	      0.42991732	      0.32545705	      0.38983074	      0.54470743	      0.20904122	      0.77241973
      0.97400000	      0.34864426	      0.38134133	      0.29674737	      0.38665405	      0.35054564	      0.38983074	      0.54470743	      0.20904122	      0.77241973
      0.97500000	      0.34864426	      0.38524122	      0.29674737	      0.42423850	      0.32057327	      0.38983074	      0.54470743	      0.20904122	      0.77241973
      0.97600000	      0.34864426	      0.36095084	      0.29674737	      0.40274962	      0.33443052	      0.38983074	      0.54470743	      0.20904122	      0.77241973
      0.97700000	      0.34864426	      0.37009317	      0.29674737	      0.37671915	      0.35951440	      0.38983074	      0.54470743	      0.20904122	      0.77241973
      0.97800000	      0.34864426	      0.38258946	      0.29674737	      0.40893195	      0.33166089	      0.38983074	      0.54470743	      0.20904122	      0.77241973
      0.97900000	      0.34864426	      0.35002610	      0.29674737	      0.40810443	      0.33148516	      0.38983074	      0.54470743	      0.20904122	      0.77241973
      0.98000000	      0.34864426	      0.36697616	      0.29674737	      0.35997883	      0.37845242	      0.38983074	      0.54470743	      0.20904122	      0.77241973
      0.98100000	      0.34864426	      0.38604984	      0.29674737	      0.41978382	      0.33414180	      0.38983074	      0.54470743	      0.20904122	      0.77241973
      0.98200000	      0.34864426	      0.38984862	      0.29674737	      0.36915702	      0.35074920	      0.38983074	      0.54470743	      0.20904122	      0.77241973
      0.98300000	      0.34864426	      0.37081797	      0.29674737	      0.42411567	      0.32231592	      0.38983074	      0.54470743	      0.20904122	      0.77241973
      0.98400000	      0.34864426	      0.33555851	      0.29674737	      0.42701706	      0.31608960	      0.38983074	      0.54470743	      0.20904122	      0.77241973
      0.98500000	      0.34864426	      0.37810861	      0.29674737	      0.36931421	      0.35669762	      0.38983074	      0.54470743	      0.20904122	      0.77241973
      0.98600000	      0.34864426	      0.37376019	      0.29674737	      0.35988270	      0.36897057	      0.38983074	      0.54470743	      0.20904122	      0.77241973
      0.98700000	      0.34864426	      0.38882531	      0.29674737	      0.37888053	      0.36937708	      0.38983074	      0.54470743	      0.20904122	      0.77241973
      0.98800000	      0.34864426	      0.36333128	      0.29674737	      0.37192987	      0.33789521	      0.38983074	      0.54470743	      0.20904122	      0.77241973
      0.98900000	      0.34864426	      0.34469961	      0.29674737	      0.42360571	      0.32079646	      0.38983074	      0.54470743	      0.20904122	      0.77241973
      0.99000000	      0.34864426	      0.33927852	      0.29674737	      0.40824943	      0.31740720	      0.38983074	      0.54470743	      0.20904122	      0.77241973
      0.99100000	      0.34864426	      0.35852850	      0.29674737	      0.36608593	      0.36706327	      0.38983074	      0.54470743	      0.20904122	      0.77241973
      0.99200000	      0.34864426	      0.34858152	      0.29674737	      0.38805445	      0.32928236	      0.38983074	      0.54470743	      0.20904122	      0.77241973
      0.99300000	      0.34864426	      0.33072908	      0.29674737	      0.36292024	      0.38232081	      0.38983074	      0.54470743	      0.20904122	      0.77241973
      0.99400000	      0.34864426	      0.39406937	      0.29674737	      0.37632551	      0.34818499	      0.38983074	      0.54470743	      0.20904122	      0.77241973
      0.99500000	      0.34864426	      0.37918462	      0.29674737	      0.37578961	      0.34959355	      0.38983074	      0.54470743	      0.20904122	      0.77241973
      0.99600000	      0.34864426	      0.33229339	      0.29674737	      0.39944055	      0.31140106	      0.38983074	      0.54470743	      0.20904122	      0.77241973
      0.99700000	      0.34864426	      0.35554521	      0.29674737	      0.36907467	      0.36282464	      0.38983074	      0.54470743	      0.20904122	      0.77241973
      0.99800000	      0.34864426	      0.34126440	      0.29674737	      0.40960599	      0.31641631	      0.38983074	      0.54470743	      0.20904122	      0.77241973
      0.99900000	      0.34864426	      0.39572589	      0.29674737	      0.37909456	      0.34632815	      0.38983074	      0.54470743	      0.20904122	      0.77241973
      1.00000000	      0.34864426	      0.39127485	      0.29674737	      0.40291089	      0.31593889	      0.38983074	      0.54470743	      0.20904122	      0.77241973
      1.00100000	      0.34864426	      0.34440069	      0.29674737	      0.39011486	      0.32471016	      0.38983074	      0.54470743	      0.20904122	      0.77241973
      1.00200000	      0.34864426	      0.33636081	      0.29674737	      0.37609945	      0.34363731	      0.38983074	      0.54470743	      0.20904122	      0.77241973
      1.00300000	      0.34864426	      0.39001710	      0.29674737	      0.37434980	      0.34361766	      0.38983074	      0.54470743	      0.20904122	      0.77241973
      1.00400000	      0.34864426	      0.39495706	      0.29674737	      0.36123870	      0.36576863	      0.38983074	      0.54470743	      0.20904122	      0.77241973
      1.00500000	      0.34864426	      0.37110474	      0.29674737	      0.37180575	      0.34665334	      0.38983074	      0.54470743	      0.20904122	      0.77241973
      1.00600000	      0.34864426	      0.39443123	      0.29674737	      0.35270547	      0.36849486	      0.38983074	      0.54470743	      0.20904122	      0.77241973
      1.00700000	      0.34864426	      0.34942322	      0.29674737	      0.38869309	      0.34258118	      0.38983074	      0.54470743	      0.20904122	      0.77241973
      1.00800000	      0.34864426	      0.35429776	      0.29674737	      0.41330145	      0.33453318	      0.38983074	      0.54470743	      0.20904122	      0.77241973
      1.00900000	      0.34864426	      0.35925098	      0.29674737	      0.39456179	      0.33212017	      0.38983074	      0.54470743	      0.20904122	      0.77241973
      1.01000000	      0.34864426	      0.37947981	      0.29674737	      0.34339270	      0.38151413	      0.38983074	      0.54470743	      0.20904122	      0.77241973
      1.01100000	      0.34864426	      0.38733207	      0.29674737	      0.41785341	      0.32526593	      0.38983074	      0.54470743	      0.20904122	      0.77241973
      1.01200000	      0.34864426	      0.34011842	      0.29674737	      0.37712007	      0.36035595	      0.38983074	      0.54470743	      0.20904122	      0.77241973
      1.01300000	      0.34864426	      0.34170546	      0.29674737	      0.39539433	      0.31940622	      0.38983074	      0.54470743	      0.20904122	      0.77241973
      1.01400000	      0.34864426	      0.35125757	      0.29674737	      0.42605498	      0.31574940	      0.38983074	      0.54470743	      0.20904122	      0.77241973
      1.01500000	      0.34864426	      0.33471241	      0.29674737	      0.40055821	      0.32808755	      0.38983074	      0.54470743	      0.20904122	      0.77241973
      1.01600000	      0.34864426	      0.38450710	      0.29674737	      0.39735239	      0.35150245	      0.38983074	      0.54470743	      0.20904122	      0.77241973
      1.01700000	      0.34864426	      0.39682881	      0.29674737	      0.36231562	      0.37428778	      0.38983074	      0.54470743	      0.20904122	      0.77241973
      1.01800000	      0.34864426	      0.39268398	      0.29674737	      0.38879553	      0.34951346	      0.38983074	      0.54470743	      0.20904122	      0.77241973
      1.01900000	      0.34864426	      0.36468254	      0.29674737	      0.38790465	      0.33237579	      0.38983074	      0.54470743	      0.20904122	      0.77241973
      1.02000000	      0.34864426	      0.35745499	      0.29674737	      0.36740751	      0.36775768	      0.38983074	      0.54470743	      0.20904122	      0.77241973
      1.02100000	      0.34864426	      0.38280017	      0.29674737	      0.39623760	      0.32669184	      0.38983074	      0.54470743	      0.20904122	      0.77241973
      1.02200000	      0.34864426	      0.37537227	      0.29674737	      0.35120628	      0.36822568	      0.38983074	      0.54470743	      0.20904122	      0.77241973
      1.02300000	      0.34864426	      0.36268530	      0.29674737	      0.42578601	      0.31561411	      0.38983074	      0.54470743	      0.20904122	      0.77241973
      1.02400000	      0.34864426	      0.37759971	      0.29674737	      0.39339888	      0.34029280	      0.38983074	      0.54470743	      0.20904122	      0.77241973
      1.02500000	      0.34864426	      0.36914467	      0.29674737	      0.37354556	      0.36943987	      0.38983074	      0.54470743	      0.20904122	      0.77241973
      1.02600000	      0.34864426	      0.37421425	      0.29674737	      0.39595102	      0.31885355	      0.38983074	      0.54470743	      0.20904122	      0.77241973
      1.02700000	      0.34864426	      0.37582878	      0.29674737	      0.37329637	      0.36329830	      0.38983074	      0.54470743	      0.20904122	      0.77241973
      1.02800000	      0.34864426	      0.34021770	      0.29674737	      0.41662909	      0.32171036	      0.38983074	      0.54470743	      0.20904122	      0.77241973
      1.02900000	      0.34864426	      0.34845305	      0.29674737	      0.36352919	      0.35477434	      0.38983074	      0.54470743	      0.20904122	      0.77241973
      1.03000000	      0.34864426	      0.39456256	      0.29674737	      0.36308938	      0.35857074	      0.38983074	      0.54470743	      0.20904122	      0.77241973
      1.03100000	      0.34864426	      0.38938606	      0.29674737	      0.40018238	      0.33342372	      0.38983074	      0.54470743	      0.20904122	      0.77241973
      1.03200000	      0.34864426	      0.39689726	      0.29674737	      0.44241518	      0.32192360	      0.38983074	      0.54470743	      0.20904122	      0.77241973
      1.03300000	      0.34864426	      0.36362778	      0.29674737	      0.36444223	      0.35493853	      0.38983074	      0.54470743	      0.20904122	      0.77241973
      1.03400000	      0.34864426	      0.38837826	      0.29674737	      0.39000259	      0.34391419	      0.38983074	      0.54470743	      0.20904122	      0.77241973
      1.03500000	      0.34864426	      0.37027393	      0.29674737	      0.38822577	      0.34795276	      0.38983074	      0.54470743	      0.20904122	      0.77241973
      1.03600000	      0.34864426	      0.35933167	      0.29674737	      0.35617478	      0.38231704	      0.38983074	      0.54470743	      0.20904122	      0.77241973
      1.03700000	      0.34864426	      0.35389865	      0.29674737	      0.35596273	      0.37179467	      0.38983074	      0.54470743	      0.20904122	      0.77241973
      1.03800000	      0.34864426	      0.36779430	      0.29674737	      0.36643213	      0.34359500	      0.38983074	      0.54470743	      0.20904122	      0.77241973
      1.03900000	      0.34864426	      0.36626817	      0.29674737	      0.36879131	      0.34857241	      0.38983074	      0.54470743	      0.20904122	      0.77241973
      1.04000000	      0.34864426	      0.34955660	      0.29674737	      0.41779257	      0.31133520	      0.38983074	      0.54470743	      0.20904122	      0.77241973
      1.04100000	      0.34864426	      0.39425303	      0.29674737	      0.38929672	      0.35867087	      0.38983074	      0.54470743	      0.20904122	      0.77241973
      1.04200000	      0.34864426	      0.34318026	      0.29674737	      0.37836730	      0.37138776	      0.38983074	      0.54470743	      0.20904122	      0.77241973
      1.04300000	      0.34864426	      0.35648613	      0.29674737	      0.40879386	      0.32521212	      0.38983074	      0.54470743	      0.20904122	      0.77241973
      1.04400000	      0.34864426	      0.38484839	      0.29674737	      0.35877182	      0.39131584	      0.38983074	      0.54470743	      0.20904122	      0.77241973
      1.04500000	      0.34864426	      0.33470548	      0.29674737	      0.39364302	      0.34156759	      0.38983074	      0.54470743	      0.20904122	      0.77241973
      1.04600000	      0.34864426	      0.38166043	      0.29674737	      0.36525118	      0.35686456	      0.38983074	      0.54470743	      0.20904122	      0.77241973
      1.04700000	      0.34864426	      0.39171774	      0.29674737	      0.41868948	      0.32395053	      0.38983074	      0.54470743	      0.20904122	      0.77241973
      1.04800000	      0.34864426	      0.38073336	      0.29674737	      0.36191704	      0.34027387	      0.38983074	      0.54470743	      0.20904122	      0.77241973
      1.04900000	      0.34864426	      0.39872540	      0.29674737	      0.36186521	      0.36854638	      0.38983074	      0.54470743	      0.20904122	      0.77241973
      1.05000000	      0.34864426	      0.34003626	      0.29674737	      0.40176433	      0.31741170	      0.38983074	      0.54470743	      0.20904122	      0.77241973
      1.05100000	      0.34864426	      0.37321858	      0.29674737	      0.36657852	      0.35118800	      0.38983074	      0.54470743	      0.20904122	      0.77241973
      1.05200000	      0.34864426	      0.36136349	      0.29674737	      0.34408721	      0.38532371	      0.38983074	      0.54470743	      0.20904122	      0.77241973
      1.05300000	      0.34864426	      0.39223065	      0.29674737	      0.40416861	      0.33793274	      0.38983074	      0.54470743	      0.20904122	      0.77241973
      1.05400000	      0.34864426	      0.39513521	      0.29674737	      0.35776982	      0.36449725	      0.38983074	      0.54470743	      0.20904122	      0.77241973
      1.05500000	      0.34864426	      0.39585004	      0.29674737	      0.39015573	      0.33291485	      0.38983074	      0.54470743	      0.20904122	      0.77241973
      1.05600000	      0.34864426	      0.33925811	      0.29674737	      0.35832947	      0.35729063	      0.38983074	      0.54470743	      0.20904122	      0.77241973
      1.05700000	      0.34864426	      0.38113369	      0.29674737	      0.35282151	      0.39546528	      0.38983074	      0.54470743	      0.20904122	      0.77241973
      1.05800000	      0.34864426	      0.38587845	      0.29674737	      0.39087049	      0.31666319	      0.38983074	      0.54470743	      0.20904122	      0.77241973
      1.05900000	      0.34864426	      0.34119643	      0.29674737	      0.39795844	      0.33059581	      0.38983074	      0.54470743	      0.20904122	      0.77241973
      1.06000000	      0.34864426	      0.35985528	      0.29674737	      0.38709098	      0.34162219	      0.38983074	      0.54470743	      0.20904122	      0.77241973
      1.06100000	      0.34864426	      0.38520037	      0.29674737	      0.35551245	      0.36842502	      0.38983074	      0.54470743	      0.20904122	      0.77241973
      1.06200000	      0.34864426	      0.39926821	      0.29674737	      0.38220725	      0.35046696	      0.38983074	      0.54470743	      0.20904122	      0.77241973
      1.06300000	      0.34864426	      0.38857475	      0.29674737	      0.35586655	      0.37827585	      0.38983074	      0.54470743	      0.20904122	      0.77241973
      1.06400000	      0.34864426	      0.39767662	      0.29674737	      0.41115065	      0.34156341	      0.38983074	      0.54470743	      0.20904122	      0.77241973
      1.06500000	      0.34864426	      0.37803774	      0.29674737	      0.35517826	      0.35827982	      0.38983074	      0.54470743	      0.20904122	      0.77241973
      1.06600000	      0.34864426	      0.35108950	      0.29674737	      0.36395057	      0.37195101	      0.38983074	      0.54470743	      0.20904122	      0.77241973
      1.06700000	      0.34864426	      0.34342160	      0.29674737	      0.44312163	      0.32115197	      0.38983074	      0.54470743	      0.20904122	      0.77241973
      1.06800000	      0.34864426	      0.35210487	      0.29674737	      0.40766909	      0.33420626	      0.38983074	      0.54470743	      0.20904122	      0.77241973
      1.06900000	      0.34864426	      0.37109906	      0.29674737	      0.41820882	      0.31875452	      0.38983074	      0.54470743	      0.20904122	      0.77241973
      1.07000000	      0.34864426	      0.35719102	      0.29674737	      0.35560317	      0.38124608	      0.38983074	      0.54470743	      0.20904122	      0.77241973
      1.07100000	      0.34864426	      0.36506294	      0.29674737	      0.42394248	      0.31165978	      0.38983074	      0.54470743	      0.20904122	      0.77241973
      1.07200000	      0.34864426	      0.34559928	      0.29674737	      0.42098806	      0.31947623	      0.38983074	      0.54470743	      0.20904122	      0.77241973
      1.07300000	      0.34864426	      0.37560439	      0.29674737	      0.38720801	      0.34780082	      0.38983074	      0.54470743	      0.20904122	      0.77241973
      1.07400000	      0.34864426	      0.39302486	      0.29674737	      0.35541946	      0.36433327	      0.38983074	      0.54470743	      0.20904122	      0.77241973
      1.07500000	      0.34864426	      0.36796943	      0.29674737	      0.37027758	      0.36700140	      0.38983074	      0.54470743	      0.20904122	      0.77241973
      1.07600000	      0.34864426	      0.38325092	      0.29674737	      0.33684849	      0.39247985	      0.38983074	      0.54470743	      0.20904122	      0.77241973
      1.07700000	      0.34864426	      0.37113606	      0.29674737	      0.41580282	      0.32309631	      0.38983074	      0.54470743	      0.20904122	      0.77241973
      1.07800000	      0.34864426	      0.39651505	      0.29674737	      0.36507279	      0.34852859	      0.38983074	      0.54470743	      0.20904122	      0.77241973
      1.07900000	      0.34864426	      0.33920155	      0.29674737	      0.34071056	      0.38810094	      0.38983074	      0.54470743	      0.20904122	      0.77241973
      1.08000000	      0.34864426	      0.38050947	      0.29674737	      0.37166709	      0.33010814	      0.38983074	      0.54470743	      0.20904122	      0.77241973
      1.08100000	      0.34864426	      0.36484404	      0.29674737	      0.34579295	      0.38248102	      0.38983074	      0.54470743	      0.20904122	      0.77241973
      1.08200000	      0.34864426	      0.38730179	      0.29674737	      0.41414885	      0.32920921	      0.38983074	      0.54470743	      0.20904122	      0.77241973
      1.08300000	      0.34864426	      0.34916032	      0.29674737	      0.38906926	      0.33942495	      0.38983074	      0.54470743	      0.20904122	      0.77241973
      1.08400000	      0.34864426	      0.34537801	      0.29674737	      0.35731596	      0.36756307	      0.38983074	      0.54470743	      0.20904122	      0.77241973
      1.08500000	      0.34864426	      0.37411695	      0.29674737	      0.35666614	      0.36846860	      0.38983074	      0.54470743	      0.20904122	      0.77241973
      1.08600000	      0.34864426	      0.39258117	      0.29674737	      0.41603167	      0.33709699	      0.38983074	      0.54470743	      0.20904122	      0.77241973
      1.08700000	      0.34864426	      0.39393221	      0.29674737	      0.40107606	      0.33837342	      0.38983074	      0.54470743	      0.20904122	      0.77241973
      1.08800000	      0.34864426	      0.36193784	      0.29674737	      0.38499709	      0.34657462	      0.38983074	      0.54470743	      0.20904122	      0.77241973
      1.08900000	      0.34864426	      0.35073677	      0.29674737	      0.34583405	      0.39052960	      0.38983074	      0.54470743	      0.20904122	      0.77241973
      1.09000000	      0.34864426	      0.35445015	      0.29674737	      0.36039954	      0.37144374	      0.38983074	      0.54470743	      0.20904122	      0.77241973
      1.09100000	      0.34864426	      0.37886439	      0.29674737	      0.36906733	      0.35106384	      0.38983074	      0.54470743	      0.20904122	      0.77241973
      1.09200000	      0.34864426	      0.37490142	      0.29674737	      0.40336334	      0.31603303	      0.38983074	      0.54470743	      0.20904122	      0.77241973
      1.09300000	      0.34864426	      0.34378828	      0.29674737	      0.38685969	      0.35705690	      0.38983074	      0.54470743	      0.20904122	      0.77241973
      1.09400000	      0.34864426	      0.39937104	      0.29674737	      0.37956201	      0.37066053	      0.38983074	      0.54470743	      0.20904122	      0.77241973
      1.09500000	      0.34864426	      0.38660238	      0.29674737	      0.40783335	      0.32716268	      0.38983074	      0.54470743	      0.20904122	      0.77241973
      1.09600000	      0.34864426	      0.39918756	      0.29674737	      0.36811190	      0.36196927	      0.38983074	      0.54470743	      0.20904122	      0.77241973
      1.09700000	      0.34864426	      0.39151488	      0.29674737	      0.39585365	      0.33262657	      0.38983074	      0.54470743	      0.20904122	      0.77241973
      1.09800000	      0.34864426	      0.35868602	      0.29674737	      0.38060351	      0.35567353	      0.38983074	      0.54470743	      0.20904122	      0.77241973
      1.09900000	      0.34864426	      0.36657751	      0.29674737	      0.36004373	      0.35482086	      0.38983074	      0.54470743	      0.20904122	      0.77241973
      1.10000000	      0.34864426	      0.39719394	      0.29674737	      0.40460498	      0.32694138	      0.38983074	      0.54470743	      0.20904122	      0.77241973
      1.10100000	      0.34864426	      0.35133609	      0.29674737	      0.35296977	      0.38913590	      0.38983074	      0.54470743	      0.20904122	      0.77241973
      1.10200000	      0.34864426	      0.39296710	      0.29674737	      0.39765950	      0.34685838	      0.38983074	      0.54470743	      0.20904122	      0.77241973
      1.10300000	      0.34864426	      0.36826373	      0.29674737	      0.36066240	      0.38684661	      0.38983074	      0.54470743	      0.20904122	      0.77241973
      1.10400000	      0.34864426	      0.39033580	      0.29674737	      0.37462902	      0.35353864	      0.38983074	      0.54470743	      0.20904122	      0.77241973
      1.10500000	      0.34864426	      0.37621641	      0.29674737	      0.39852330	      0.32745735	      0.38983074	      0.54470743	      0.20904122	      0.77241973
      1.10600000	      0.34864426	      0.37405596	      0.29674737	      0.37725667	      0.36256275	      0.38983074	      0.54470743	      0.20904122	      0.77241973
      1.10700000	      0.34864426	      0.38743327	      0.29674737	      0.36697807	      0.36766531	      0.38983074	      0.54470743	      0.20904122	      0.77241973
      1.10800000	      0.34864426	      0.38578356	      0.29674737	      0.40378454	      0.33145254	      0.38983074	      0.54470743	      0.20904122	      0.77241973
      1.10900000	      0.34864426	      0.39899391	      0.29674737	      0.38775224	      0.32015906	      0.38983074	      0.54470743	      0.20904122	      0.77241973
      1.11000000	      0.34864426	      0.35368972	      0.29674737	      0.36371321	      0.36642567	      0.38983074	      0.54470743	      0.20904122	      0.77241973
      1.11100000	      0.34864426	      0.34312378	      0.29674737	      0.40881701	      0.31862170	      0.38983074	      0.54470743	      0.20904122	      0.77241973
      1.11200000	      0.34864426	      0.39565953	      0.29674737	      0.38258455	      0.34473247	      0.38983074	      0.54470743	      0.20904122	      0.77241973
      1.11300000	      0.34864426	      0.36220782	      0.29674737	      0.33699111	      0.38926643	      0.38983074	      0.54470743	      0.20904122	      0.77241973
      1.11400000	      0.34864426	      0.38237555	      0.29674737	      0.41366959	      0.32119406	      0.38983074	      0.54470743	      0.20904122	      0.77241973
      1.11500000	      0.34864426	      0.37252372	      0.29674737	      0.35510888	      0.37187306	      0.38983074	      0.54470743	      0.20904122	      0.77241973
      1.11600000	      0.34864426	      0.37932867	      0.29674737	      0.38546911	      0.33721073	      0.38983074	      0.54470743	      0.20904122	      0.77241973
      1.11700000	      0.34864426	      0.40015815	      0.29674737	      0.35043003	      0.36823791	      0.38983074	      0.54470743	      0.20904122	      0.77241973
      1.11800000	      0.34864426	      0.39749549	      0.29674737	      0.38448404	      0.36248251	      0.38983074	      0.54470743	      0.20904122	      0.77241973
      1.11900000	      0.34864426	      0.34153784	      0.29674737	      0.40196066	      0.32589031	      0.38983074	      0.54470743	      0.20904122	      0.77241973
      1.12000000	      0.34864426	      0.34635500	      0.29674737	      0.35522842	      0.35879807	      0.38983074	      0.54470743	      0.20904122	      0.77241973
      1.12100000	      0.34864426	      0.39846742	      0.29674737	      0.40390620	      0.34104658	      0.38983074	      0.54470743	      0.20904122	      0.77241973
      1.12200000	      0.34864426	      0.36434985	      0.29674737	      0.36459611	      0.36078234	      0.38983074	      0.54470743	      0.20904122	      0.77241973
      1.12300000	      0.34864426	      0.39193416	      0.29674737	      0.34969779	      0.35682928	      0.38983074	      0.54470743	      0.20904122	      0.77241973
      1.12400000	      0.34864426	      0.36028962	      0.29674737	      0.36424800	      0.37178979	      0.38983074	      0.54470743	      0.20904122	      0.77241973
      1.12500000	      0.34864426	      0.35798750	      0.29674737	      0.34425225	      0.39236643	      0.38983074	      0.54470743	      0.20904122	      0.77241973
      1.12600000	      0.34864426	      0.39646269	      0.29674737	      0.37101653	      0.35122305	      0.38983074	      0.54470743	      0.20904122	      0.77241973
      1.12700000	      0.34864426	      0.35131798	      0.29674737	      0.35926801	      0.37668045	      0.38983074	      0.54470743	      0.20904122	      0.77241973
      1.12800000	      0.34864426	      0.37244892	      0.29674737	      0.37803188	      0.35299037	      0.38983074	      0.54470743	      0.20904122	      0.77241973
      1.12900000	      0.34864426	      0.37435693	      0.29674737	      0.33657719	      0.39745626	      0.38983074	      0.54470743	      0.20904122	      0.77241973
      1.13000000	      0.34864426	      0.34677510	      0.29674737	      0.41506014	      0.31948494	      0.38983074	      0.54470743	      0.20904122	      0.77241973
      1.13100000	      0.34864426	      0.39006534	      0.29674737	      0.33545971	      0.39575080	      0.38983074	      0.54470743	      0.20904122	      0.77241973
      1.13200000	      0.34864426	      0.35692630	      0.29674737	      0.37843493	      0.35743314	      0.38983074	      0.54470743	      0.20904122	      0.77241973
      1.13300000	      0.34864426	      0.39516024	      0.29674737	      0.38558208	      0.33876195	      0.38983074	      0.54470743	      0.20904122	      0.77241973
      1.13400000	      0.34864426	      0.38820433	      0.29674737	      0.36331461	      0.36999549	      0.38983074	      0.54470743	      0.20904122	      0.77241973
      1.13500000	      0.34864426	      0.39206844	      0.29674737	      0.36375687	      0.38739120	      0.38983074	      0.54470743	      0.20904122	      0.77241973
      1.13600000	      0.34864426	      0.37991121	      0.29674737	      0.41005661	      0.31936939	      0.38983074	      0.54470743	      0.20904122	      0.77241973
      1.13700000	      0.34864426	      0.36040120	      0.29674737	      0.34120180	      0.38387909	      0.38983074	      0.54470743	      0.20904122	      0.77241973
      1.13800000	      0.34864426	      0.40041116	      0.29674737	      0.35728272	      0.36642418	      0.38983074	      0.54470743	      0.20904122	      0.77241973
      1.13900000	      0.34864426	      0.37824118	      0.29674737	      0.38452815	      0.34126188	      0.38983074	      0.54470743	      0.20904122	      0.77241973
      1.14000000	      0.34864426	      0.36313259	      0.29674737	      0.35676563	      0.38774010	      0.38983074	      0.54470743	      0.20904122	      0.77241973
      1.14100000	      0.34864426	      0.39820734	      0.29674737	      0.36456373	      0.35468191	      0.38983074	      0.54470743	      0.20904122	      0.77241973
      1.14200000	      0.34864426	      0.39809623	      0.29674737	      0.39014469	      0.33812447	      0.38983074	      0.54470743	      0.20904122	      0.77241973
      1.14300000	      0.34864426	      0.36888890	      0.29674737	      0.36026554	      0.35118198	      0.38983074	      0.54470743	      0.20904122	      0.77241973
      1.14400000	      0.34864426	      0.39957545	      0.29674737	      0.42011125	      0.32877683	      0.38983074	      0.54470743	      0.20904122	      0.77241973
      1.14500000	      0.34864426	      0.35480143	      0.29674737	      0.38047975	      0.37029814	      0.38983074	      0.54470743	      0.20904122	      0.77241973
      1.14600000	      0.34864426	      0.36562113	      0.29674737	      0.37421324	      0.36422502	      0.38983074	      0.54470743	      0.20904122	      0.77241973
      1.14700000	      0.34864426	      0.34385921	      0.29674737	      0.36567474	      0.34611764	      0.38983074	      0.54470743	      0.20904122	      0.77241973
      1.14800000	      0.34864426	      0.34849211	      0.29674737	      0.42764646	      0.31498369	      0.38983074	      0.54470743	      0.20904122	      0.77241973
      1.14900000	      0.34864426	      0.38363021	      0.29674737	      0.33381554	      0.38730573	      0.38983074	      0.54470743	      0.20904122	      0.77241973
      1.15000000	      0.34864426	      0.38597450	      0.29674737	      0.37399133	      0.35871661	      0.38983074	      0.54470743	      0.20904122	      0.77241973
      1.15100000	      0.34864426	      0.34248307	      0.29674737	      0.36679489	      0.36577162	      0.38983074	      0.54470743	      0.20904122	      0.77241973
      1.15200000	      0.34864426	      0.36999718	      0.29674737	      0.34807003	      0.37535027	      0.38983074	      0.54470743	      0.20904122	      0.77241973
      1.15300000	      0.34864426	      0.35365367	      0.29674737	      0.37434251	      0.35060723	      0.38983074	      0.54470743	      0.20904122	      0.77241973
      1.15400000	      0.34864426	      0.36292757	      0.29674737	      0.35015792	      0.37030423	      0.38983074	      0.54470743	      0.20904122	      0.77241973
      1.15500000	      0.34864426	      0.40059400	      0.29674737	      0.40787602	      0.33823065	      0.38983074	      0.54470743	      0.20904122	      0.77241973
      1.15600000	      0.34864426	      0.34910756	      0.29674737	      0.38504097	      0.33809036	      0.38983074	      0.54470743	      0.20904122	      0.77241973
      1.15700000	      0.34864426	      0.38689315	      0.29674737	      0.37145869	      0.35086003	      0.38983074	      0.54470743	      0.20904122	      0.77241973
      1.15800000	      0.34864426	      0.38992676	      0.29674737	      0.36976460	      0.35081066	      0.38983074	      0.54470743	      0.20904122	      0.77241973
      1.15900000	      0.34864426	      0.39517202	      0.29674737	      0.34492013	      0.38038057	      0.38983074	      0.54470743	      0.20904122	      0.77241973
      1.16000000	      0.34864426	      0.36607358	      0.29674737	      0.34169346	      0.41313258	      0.38983074	      0.54470743	      0.20904122	      0.77241973
      1.16100000	      0.34864426	      0.35815151	      0.29674737	      0.36226210	      0.37023492	      0.38983074	      0.54470743	      0.20904122	      0.77241973
      1.16200000	      0.34864426	      0.39911459	      0.29674737	      0.38882094	      0.35939816	      0.38983074	      0.54470743	      0.20904122	      0.77241973
      1.16300000	      0.34864426	      0.35517314	      0.29674737	      0.41036399	      0.32536298	      0.38983074	      0.54470743	      0.20904122	      0.77241973
      1.16400000	      0.34864426	      0.39032504	      0.29674737	      0.34031149	      0.38772406	      0.38983074	      0.54470743	      0.20904122	      0.77241973
      1.16500000	      0.34864426	      0.40006150	      0.29674737	      0.33484557	      0.40774741	      0.38983074	      0.54470743	      0.20904122	      0.77241973
      1.16600000	      0.34864426	      0.39258979	      0.29674737	      0.37475467	      0.37360006	      0.38983074	      0.54470743	      0.20904122	      0.77241973
      1.16700000	      0.34864426	      0.37662877	      0.29674737	      0.39290463	      0.34746810	      0.38983074	      0.54470743	      0.20904122	      0.77241973
      1.16800000	      0.34864426	      0.34796877	      0.29674737	      0.35848069	      0.39417537	      0.38983074	      0.54470743	      0.20904122	      0.77241973
      1.16900000	      0.34864426	      0.36703567	      0.29674737	      0.37050422	      0.36320731	      0.38983074	      0.54470743	      0.20904122	      0.77241973
      1.17000000	      0.34864426	      0.37971571	      0.29674737	      0.37458188	      0.34796334	      0.38983074	      0.54470743	      0.20904122	      0.77241973
      1.17100000	      0.34864426	      0.39689978	      0.29674737	      0.35597626	      0.35449655	      0.38983074	      0.54470743	      0.20904122	      0.77241973
      1.17200000	      0.34864426	      0.37215688	      0.29674737	      0.41302360	      0.31738040	      0.38983074	      0.54470743	      0.20904122	      0.77241973
      1.17300000	      0.34864426	      0.38457244	      0.29674737	      0.34689105	      0.39740885	      0.38983074	      0.54470743	      0.20904122	      0.77241973
      1.17400000	      0.34864426	      0.38092794	      0.29674737	      0.37677450	      0.33181509	      0.38983074	      0.54470743	      0.20904122	      0.77241973
      1.17500000	      0.34864426	      0.39825327	      0.29674737	      0.39956949	      0.32984659	      0.38983074	      0.54470743	      0.20904122	      0.77241973
      1.17600000	      0.34864426	      0.38457629	      0.29674737	      0.37912918	      0.36170196	      0.38983074	      0.54470743	      0.20904122	      0.77241973
      1.17700000	      0.34864426	      0.36782432	      0.29674737	      0.36864929	      0.37012678	      0.38983074	      0.54470743	      0.20904122	      0.77241973
      1.17800000	      0.34864426	      0.38214042	      0.29674737	      0.34292542	      0.39275407	      0.38983074	      0.54470743	      0.20904122	      0.77241973
      1.17900000	      0.34864426	      0.38684816	      0.29674737	      0.38284422	      0.33085835	      0.38983074	      0.54470743	      0.20904122	      0.77241973
      1.18000000	      0.34864426	      0.35268034	      0.29674737	      0.35983585	      0.38414110	      0.38983074	      0.54470743	      0.20904122	      0.77241973
      1.18100000	      0.34864426	      0.40076864	      0.29674737	      0.33470058	      0.38223089	      0.38983074	      0.54470743	      0.20904122	      0.77241973
      1.18200000	      0.34864426	      0.39385148	      0.29674737	      0.36520175	      0.34955102	      0.38983074	      0.54470743	      0.20904122	      0.77241973
      1.18300000	      0.34864426	      0.39741578	      0.29674737	      0.34194331	      0.38725372	      0.38983074	      0.54470743	      0.20904122	      0.77241973
      1.18400000	      0.34864426	      0.37972405	      0.29674737	      0.36266069	      0.34256849	      0.38983074	      0.54470743	      0.20904122	      0.77241973
      1.18500000	      0.34864426	      0.39000456	      0.29674737	      0.39090951	      0.34029234	      0.38983074	      0.54470743	      0.20904122	      0.77241973
      1.18600000	      0.34864426	      0.36241740	      0.29674737	      0.40746308	      0.32358358	      0.38983074	      0.54470743	      0.20904122	      0.77241973
      1.18700000	      0.34864426	      0.34263318	      0.29674737	      0.39445759	      0.35505067	      0.38983074	      0.54470743	      0.20904122	      0.77241973
      1.18800000	      0.34864426	      0.35579694	      0.29674737	      0.38868079	      0.34364312	      0.38983074	      0.54470743	      0.20904122	      0.77241973
      1.18900000	      0.34864426	      0.36409790	      0.29674737	      0.33747943	      0.41202447	      0.38983074	      0.54470743	      0.20904122	      0.77241973
      1.19000000	      0.34864426	      0.37688279	      0.29674737	      0.34142267	      0.39109937	      0.38983074	      0.54470743	      0.20904122	      0.77241973
      1.19100000	      0.34864426	      0.35035486	      0.29674737	      0.34330631	      0.40997369	      0.38983074	      0.54470743	      0.20904122	      0.77241973
      1.19200000	      0.34864426	      0.37281243	      0.29674737	      0.38453835	      0.32988790	      0.38983074	      0.54470743	      0.20904122	      0.77241973
      1.19300000	      0.34864426	      0.39642302	      0.29674737	      0.38733739	      0.36033399	      0.38983074	      0.54470743	      0.20904122	      0.77241973
      1.19400000	      0.34864426	      0.35840685	      0.29674737	      0.35039677	      0.39807334	      0.38983074	      0.54470743	      0.20904122	      0.77241973
      1.19500000	      0.34864426	      0.39557695	      0.29674737	      0.36501161	      0.36344752	      0.38983074	      0.54470743	      0.20904122	      0.77241973
      1.19600000	      0.34864426	      0.34708464	      0.29674737	      0.38833669	      0.35229406	      0.38983074	      0.54470743	      0.20904122	      0.77241973
      1.19700000	      0.34864426	      0.39193197	      0.29674737	      0.41077445	      0.32262950	      0.38983074	      0.54470743	      0.20904122	      0.77241973
      1.19800000	      0.34864426	      0.40034036	      0.29674737	      0.33612976	      0.39797164	      0.38983074	      0.54470743	      0.20904122	      0.77241973
      1.19900000	      0.34864426	      0.39882037	      0.29674737	      0.38524891	      0.34710347	      0.38983074	      0.54470743	      0.20904122	      0.77241973
      1.20000000	      0.34864426	      0.37056220	      0.29674737	      0.35401497	      0.38344469	      0.38983074	      0.54470743	      0.20904122	      0.77241973
      1.20100000	      0.34864426	      0.40065090	      0.29674737	      0.35871224	      0.36397383	      0.38983074	      0.54470743	      0.20904122	      0.77241973
      1.20200000	      0.34864426	      0.38734863	      0.29674737	      0.32782374	      0.41161697	      0.38983074	      0.54470743	      0.20904122	      0.77241973
      1.20300000	      0.34864426	      0.34356908	      0.29674737	      0.34572272	      0.39955503	      0.38983074	      0.54470743	      0.20904122	      0.77241973
      1.20400000	      0.34864426	      0.37749356	      0.29674737	      0.37729044	      0.34160658	      0.38983074	      0.54470743	      0.20904122	      0.77241973
      1.20500000	      0.34864426	      0.39973953	      0.29674737	      0.34388709	      0.41298082	      0.38983074	      0.54470743	      0.20904122	      0.77241973
      1.20600000	      0.34864426	      0.37153995	      0.29674737	      0.36300176	      0.35780248	      0.38983074	      0.54470743	      0.20904122	      0.77241973
      1.20700000	      0.34864426	      0.38912636	      0.29674737	      0.32985454	      0.40844971	      0.38983074	      0.54470743	      0.20904122	      0.77241973
      1.20800000	      0.34864426	      0.36002263	      0.29674737	      0.35060188	      0.35335970	      0.38983074	      0.54470743	      0.20904122	      0.77241973
      1.20900000	      0.34864426	      0.38203632	      0.29674737	      0.38034788	      0.33939505	      0.38983074	      0.54470743	      0.20904122	      0.77241973
      1.21000000	      0.34864426	      0.36799057	      0.29674737	      0.38533682	      0.34270232	      0.38983074	      0.54470743	      0.20904122	      0.77241973
      1.21100000	      0.34864426	      0.39859212	      0.29674737	      0.34009362	      0.39924437	      0.38983074	      0.54470743	      0.20904122	      0.77241973
      1.21200000	      0.34864426	      0.39809476	      0.29674737	      0.36804175	      0.34041544	      0.38983074	      0.54470743	      0.20904122	      0.77241973
      1.21300000	      0.34864426	      0.36073864	      0.29674737	      0.37144909	      0.36467796	      0.38983074	      0.54470743	      0.20904122	      0.77241973
      1.21400000	      0.34864426	      0.39700670	      0.29674737	      0.35592782	      0.36737529	      0.38983074	      0.54470743	      0.20904122	      0.77241973
      1.21500000	      0.34864426	      0.38001707	      0.29674737	      0.36901602	      0.36755815	      0.38983074	      0.54470743	      0.20904122	      0.77241973
      1.21600000	      0.34864426	      0.39441222	      0.29674737	      0.34876021	      0.37822509	      0.38983074	      0.54470743	      0.20904122	      0.77241973
      1.21700000	      0.34864426	      0.35686050	      0.29674737	      0.36556177	      0.34716774	      0.38983074	      0.54470743	      0.20904122	      0.77241973
      1.21800000	      0.34864426	      0.36561318	      0.29674737	      0.36433036	      0.38841730	      0.38983074	      0.54470743	      0.20904122	      0.77241973
      1.21900000	      0.34864426	      0.39062187	      0.29674737	      0.40485171	      0.33855486	      0.38983074	      0.54470743	      0.20904122	      0.77241973
      1.22000000	      0.34864426	      0.35336237	      0.29674737	      0.35747618	      0.39260804	      0.38983074	      0.54470743	      0.20904122	      0.77241973
      1.22100000	      0.34864426	      0.38361370	      0.29674737	      0.39263038	      0.34743065	      0.38983074	      0.54470743	      0.20904122	      0.77241973
      1.22200000	      0.34864426	      0.37292067	      0.29674737	      0.34883980	      0.38549239	      0.38983074	      0.54470743	      0.20904122	      0.77241973
      1.22300000	      0.34864426	      0.34749168	      0.29674737	      0.36005353	      0.37297534	      0.38983074	      0.54470743	      0.20904122	      0.77241973
      1.22400000	      0.34864426	      0.34979033	      0.29674737	      0.40250556	      0.33347170	      0.38983074	      0.54470743	      0.20904122	      0.77241973
      1.22500000	      0.34864426	      0.39392449	      0.29674737	      0.39029037	      0.35623867	      0.38983074	      0.54470743	      0.20904122	      0.77241973
      1.22600000	      0.34864426	      0.39918456	      0.29674737	      0.35476753	      0.37017923	      0.38983074	      0.54470743	      0.20904122	      0.77241973
      1.22700000	      0.34864426	      0.39787498	      0.29674737	      0.37062657	      0.34446434	      0.38983074	      0.54470743	      0.20904122	      0.77241973
      1.22800000	      0.34864426	      0.37486656	      0.29674737	      0.34169547	      0.38812486	      0.38983074	      0.54470743	      0.20904122	      0.77241973
      1.22900000	      0.34864426	      0.38565902	      0.29674737	      0.37825466	      0.35492222	      0.38983074	      0.54470743	      0.20904122	      0.77241973
      1.23000000	      0.34864426	      0.36950038	      0.29674737	      0.40298629	      0.34300333	      0.38983074	      0.54470743	      0.20904122	      0.77241973
      1.23100000	      0.34864426	      0.35949510	      0.29674737	      0.36202250	      0.38105938	      0.38983074	      0.54470743	      0.20904122	      0.77241973
      1.23200000	      0.34864426	      0.38988819	      0.29674737	      0.34906415	      0.37870542	      0.38983074	      0.54470743	      0.20904122	      0.77241973
      1.23300000	      0.34864426	      0.35345123	      0.29674737	      0.37475693	      0.34592628	      0.38983074	      0.54470743	      0.20904122	      0.77241973
      1.23400000	      0.34864426	      0.40048000	      0.29674737	      0.35644169	      0.35259373	      0.38983074	      0.54470743	      0.20904122	      0.77241973
      1.23500000	      0.34864426	      0.39264069	      0.29674737	      0.38567037	      0.34982684	      0.38983074	      0.54470743	      0.20904122	      0.77241973
      1.23600000	      0.34864426	      0.34239744	      0.29674737	      0.32631109	      0.42805464	      0.38983074	      0.54470743	      0.20904122	      0.77241973
      1.23700000	      0.34864426	      0.36390140	      0.29674737	      0.35257150	      0.38241393	      0.38983074	      0.54470743	      0.20904122	      0.77241973
      1.23800000	      0.34864426	      0.36636335	      0.29674737	      0.33048033	      0.40255342	      0.38983074	      0.54470743	      0.20904122	      0.77241973
      1.23900000	      0.34864426	      0.35268477	      0.29674737	      0.33962544	      0.39858148	      0.38983074	      0.54470743	      0.20904122	      0.77241973
      1.24000000	      0.34864426	      0.38085391	      0.29674737	      0.34239922	      0.38653427	      0.38983074	      0.54470743	      0.20904122	      0.77241973
      1.24100000	      0.34864426	      0.37271493	      0.29674737	      0.36675594	      0.38076638	      0.38983074	      0.54470743	      0.20904122	      0.77241973
      1.24200000	      0.34864426	      0.38408540	      0.29674737	      0.34781067	      0.39994921	      0.38983074	      0.54470743	      0.20904122	      0.77241973
      1.24300000	      0.34864426	      0.39976623	      0.29674737	      0.35137853	      0.39702146	      0.38983074	      0.54470743	      0.20904122	      0.77241973
      1.24400000	      0.34864426	      0.34531313	      0.29674737	      0.37724313	      0.35221247	      0.38983074	      0.54470743	      0.20904122	      0.77241973
      1.24500000	      0.34864426	      0.34867504	      0.29674737	      0.38047381	      0.35742227	      0.38983074	      0.54470743	      0.20904122	      0.77241973
      1.24600000	      0.34864426	      0.37785370	      0.29674737	      0.37229835	      0.34310321	      0.38983074	      0.54470743	      0.20904122	      0.77241973
      1.24700000	      0.34864426	      0.39624920	      0.29674737	      0.33672976	      0.40324520	      0.38983074	      0.54470743	      0.20904122	      0.77241973
      1.24800000	      0.34864426	      0.35757428	      0.29674737	      0.35465587	      0.36605195	      0.38983074	      0.54470743	      0.20904122	      0.77241973
      1.24900000	      0.34864426	      0.39453346	      0.29674737	      0.36718641	      0.35616285	      0.38983074	      0.54470743	      0.20904122	      0.77241973
      1.25000000	      0.34864426	      0.38720135	      0.29674737	      0.37417740	      0.35266619	      0.38983074	      0.54470743	      0.20904122	      0.77241973
      1.25100000	      0.34864426	      0.38268343	      0.29674737	      0.38150807	      0.34279860	      0.38983074	      0.54470743	      0.20904122	      0.77241973
      1.25200000	      0.34864426	      0.39516447	      0.29674737	      0.34453848	      0.38948583	      0.38983074	      0.54470743	      0.20904122	      0.77241973
      1.25300000	      0.34864426	      0.38094721	      0.29674737	      0.32725898	      0.41107469	      0.38983074	      0.54470743	      0.20904122	      0.77241973
      1.25400000	      0.34864426	      0.35253103	      0.29674737	      0.33747973	      0.39606656	      0.38983074	      0.54470743	      0.20904122	      0.77241973
      1.25500000	      0.34864426	      0.38686916	      0.29674737	      0.33011640	      0.42059279	      0.38983074	      0.54470743	      0.20904122	      0.77241973
      1.25600000	      0.34864426	      0.35609716	      0.29674737	      0.34725698	      0.40484007	      0.38983074	      0.54470743	      0.20904122	      0.77241973
      1.25700000	      0.34864426	      0.36346508	      0.29674737	      0.35840477	      0.36617829	      0.38983074	      0.54470743	      0.20904122	      0.77241973
      1.25800000	      0.34864426	      0.36508612	      0.29674737	      0.32527571	      0.41671177	      0.38983074	      0.54470743	      0.20904122	      0.77241973
      1.25900000	      0.34864426	      0.39360579	      0.29674737	      0.34754644	      0.38764044	      0.38983074	      0.54470743	      0.20904122	      0.77241973
      1.26000000	      0.34864426	      0.36707655	      0.29674737	      0.37276728	      0.34728396	      0.38983074	      0.54470743	      0.20904122	      0.77241973
      1.26100000	      0.34864426	      0.39977924	      0.29674737	      0.37907588	      0.35877125	      0.38983074	      0.54470743	      0.20904122	      0.77241973
      1.26200000	      0.34864426	      0.39762352	      0.29674737	      0.34853788	      0.39338853	      0.38983074	      0.54470743	      0.20904122	      0.77241973
      1.26300000	      0.34864426	      0.37825877	      0.29674737	      0.37910848	      0.35230335	      0.38983074	      0.54470743	      0.20904122	      0.77241973
      1.26400000	      0.34864426	      0.38436216	      0.29674737	      0.39187370	      0.35124696	      0.38983074	      0.54470743	      0.20904122	      0.77241973
      1.26500000	      0.34864426	      0.37146770	      0.29674737	      0.34662198	      0.38169609	      0.38983074	      0.54470743	      0.20904122	      0.77241973
      1.26600000	      0.34864426	      0.35115855	      0.29674737	      0.38194500	      0.34250159	      0.38983074	      0.54470743	      0.20904122	      0.77241973
      1.26700000	      0.34864426	      0.34509517	      0.29674737	      0.36747208	      0.34159676	      0.38983074	      0.54470743	      0.20904122	      0.77241973
      1.26800000	      0.34864426	      0.39948969	      0.29674737	      0.34261638	      0.39946470	      0.38983074	      0.54470743	      0.20904122	      0.77241973
      1.26900000	      0.34864426	      0.39173603	      0.29674737	      0.35870156	      0.35362666	      0.38983074	      0.54470743	      0.20904122	      0.77241973
      1.27000000	      0.34864426	      0.38834642	      0.29674737	      0.34897009	      0.39660674	      0.38983074	      0.54470743	      0.20904122	      0.77241973
      1.27100000	      0.34864426	      0.34120003	      0.29674737	      0.35925441	      0.37714070	      0.38983074	      0.54470743	      0.20904122	      0.77241973
      1.27200000	      0.34864426	      0.37509007	      0.29674737	      0.36061459	      0.36596321	      0.38983074	      0.54470743	      0.20904122	      0.77241973
      1.27300000	      0.34864426	      0.35928198	      0.29674737	      0.37269784	      0.36509842	      0.38983074	      0.54470743	      0.20904122	      0.77241973
      1.27400000	      0.34864426	      0.39640348	      0.29674737	      0.36509368	      0.36357935	      0.38983074	      0.54470743	      0.20904122	      0.77241973
      1.27500000	      0.34864426	      0.34791858	      0.29674737	      0.36213834	      0.38440989	      0.38983074	      0.54470743	      0.20904122	      0.77241973
      1.27600000	      0.34864426	      0.39616323	      0.29674737	      0.34240793	      0.40508512	      0.38983074	      0.54470743	      0.20904122	      0.77241973
      1.27700000	      0.34864426	      0.35002738	      0.29674737	      0.35617074	      0.34918232	      0.38983074	      0.54470743	      0.20904122	      0.77241973
      1.27800000	      0.34864426	      0.34373980	      0.29674737	      0.33682715	      0.41238085	      0.38983074	      0.54470743	      0.20904122	      0.77241973
      1.27900000	      0.34864426	      0.34797707	      0.29674737	      0.38070480	      0.34891027	      0.38983074	      0.54470743	      0.20904122	      0.77241973
      1.28000000	      0.34864426	      0.39245704	      0.29674737	      0.32534512	      0.42428321	      0.38983074	      0.54470743	      0.20904122	      0.77241973
      1.28100000	      0.34864426	      0.35442532	      0.29674737	      0.38987883	      0.33092140	      0.38983074	      0.54470743	      0.20904122	      0.77241973
      1.28200000	      0.34864426	      0.37858212	      0.29674737	      0.37502700	      0.36315932	      0.38983074	      0.54470743	      0.20904122	      0.77241973
      1.28300000	      0.34864426	      0.39066138	      0.29674737	      0.38734504	      0.33747025	      0.38983074	      0.54470743	      0.20904122	      0.77241973
      1.28400000	      0.34864426	      0.39899866	      0.29674737	      0.38202548	      0.35502922	      0.38983074	      0.54470743	      0.20904122	      0.77241973
      1.28500000	      0.34864426	      0.35949630	      0.29674737	      0.35289631	      0.39544741	      0.38983074	      0.54470743	      0.20904122	      0.77241973
      1.28600000	      0.34864426	      0.38541818	      0.29674737	      0.32883021	      0.42249129	      0.38983074	      0.54470743	      0.20904122	      0.77241973
      1.28700000	      0.34864426	      0.39768849	      0.29674737	      0.32881105	      0.42951469	      0.38983074	      0.54470743	      0.20904122	      0.77241973
      1.28800000	      0.34864426	      0.34056905	      0.29674737	      0.35583752	      0.39113094	      0.38983074	      0.54470743	      0.20904122	      0.77241973
      1.28900000	      0.34864426	      0.36471237	      0.29674737	      0.37316958	      0.34618660	      0.38983074	      0.54470743	      0.20904122	      0.77241973
      1.29000000	      0.34864426	      0.37972497	      0.29674737	      0.35974824	      0.38850575	      0.38983074	      0.54470743	      0.20904122	      0.77241973
      1.29100000	      0.34864426	      0.36993763	      0.29674737	      0.34575032	      0.38322022	      0.38983074	      0.54470743	      0.20904122	      0.77241973
      1.29200000	      0.34864426	      0.36775827	      0.29674737	      0.34876773	      0.38654513	      0.38983074	      0.54470743	      0.20904122	      0.77241973
      1.29300000	      0.34864426	      0.39971786	      0.29674737	      0.35726186	      0.37337939	      0.38983074	      0.54470743	      0.20904122	      0.77241973
      1.29400000	      0.34864426	      0.38749370	      0.29674737	      0.35601236	      0.39248057	      0.38983074	      0.54470743	      0.20904122	      0.77241973
      1.29500000	      0.34864426	      0.39317917	      0.29674737	      0.34281564	      0.38478015	      0.38983074	      0.54470743	      0.20904122	      0.77241973
      1.29600000	      0.34864426	      0.35710845	      0.29674737	      0.32715544	      0.41063189	      0.38983074	      0.54470743	      0.20904122	      0.77241973
      1.29700000	      0.34864426	      0.37443603	      0.29674737	      0.39345366	      0.34069779	      0.38983074	      0.54470743	      0.20904122	      0.77241973
      1.29800000	      0.34864426	      0.37084158	      0.29674737	      0.36148899	      0.38637296	      0.38983074	      0.54470743	      0.20904122	      0.77241973
      1.29900000	      0.34864426	      0.34333490	      0.29674737	      0.34715924	      0.36490678	      0.38983074	      0.54470743	      0.20904122	      0.77241973
      1.30000000	      0.34864426	      0.38304429	      0.29674737	      0.35785744	      0.36904708	      0.38983074	      0.54470743	      0.20904122	      0.77241973
      1.30100000	      0.34864426	      0.35223720	      0.29674737	      0.34083647	      0.41557858	      0.38983074	      0.54470743	      0.20904122	      0.77241973
      1.30200000	      0.34864426	      0.37361665	      0.29674737	      0.36481548	      0.36920117	      0.38983074	      0.54470743	      0.20904122	      0.77241973
      1.30300000	      0.34864426	      0.34289713	      0.29674737	      0.33488003	      0.40760289	      0.38983074	      0.54470743	      0.20904122	      0.77241973
      1.30400000	      0.34864426	      0.37921434	      0.29674737	      0.37754239	      0.36923403	      0.38983074	      0.54470743	      0.20904122	      0.77241973
      1.30500000	      0.34864426	      0.36764963	      0.29674737	      0.35668479	      0.37477464	      0.38983074	      0.54470743	      0.20904122	      0.77241973
      1.30600000	      0.34864426	      0.39239885	      0.29674737	      0.33301536	      0.41311907	      0.38983074	      0.54470743	      0.20904122	      0.77241973
      1.30700000	      0.34864426	      0.38436231	      0.29674737	      0.32837033	      0.42695742	      0.38983074	      0.54470743	      0.20904122	      0.77241973
      1.30800000	      0.34864426	      0.39440978	      0.29674737	      0.33918237	      0.38660827	      0.38983074	      0.54470743	      0.20904122	      0.77241973
      1.30900000	      0.34864426	      0.34760291	      0.29674737	      0.35638310	      0.38013998	      0.38983074	      0.54470743	      0.20904122	      0.77241973
      1.31000000	      0.34864426	      0.38615039	      0.29674737	      0.32429196	      0.41606487	      0.38983074	      0.54470743	      0.20904122	      0.77241973
      1.31100000	      0.34864426	      0.38738728	      0.29674737	      0.37411008	      0.35266145	      0.38983074	      0.54470743	      0.20904122	      0.77241973
      1.31200000	      0.34864426	      0.39799852	      0.29674737	      0.32966530	      0.39783854	      0.38983074	      0.54470743	      0.20904122	      0.77241973
      1.31300000	      0.34864426	      0.36385159	      0.29674737	      0.36950471	      0.37552069	      0.38983074	      0.54470743	      0.20904122	      0.77241973
      1.31400000	      0.34864426	      0.35558037	      0.29674737	      0.35203729	      0.39722170	      0.38983074	      0.54470743	      0.20904122	      0.77241973
      1.31500000	      0.34864426	      0.39694320	      0.29674737	      0.37447209	      0.34459683	      0.38983074	      0.54470743	      0.20904122	      0.77241973
      1.31600000	      0.34864426	      0.35749908	      0.29674737	      0.37181058	      0.36108809	      0.38983074	      0.54470743	      0.20904122	      0.77241973
      1.31700000	      0.34864426	      0.37439117	      0.29674737	      0.33923762	      0.40459852	      0.38983074	      0.54470743	      0.20904122	      0.77241973
      1.31800000	      0.34864426	      0.33933076	      0.29674737	      0.36089617	      0.36046589	      0.38983074	      0.54470743	      0.20904122	      0.77241973
      1.31900000	      0.34864426	      0.37969579	      0.29674737	      0.32671140	      0.41858551	      0.38983074	      0.54470743	      0.20904122	      0.77241973
      1.32000000	      0.34864426	      0.34618308	      0.29674737	      0.33511326	      0.42555844	      0.38983074	      0.54470743	      0.20904122	      0.77241973
      1.32100000	      0.34864426	      0.36065970	      0.29674737	      0.35715198	      0.37224585	      0.38983074	      0.54470743	      0.20904122	      0.77241973
      1.32200000	      0.34864426	      0.37030831	      0.29674737	      0.40455966	      0.33752876	      0.38983074	      0.54470743	      0.20904122	      0.77241973
      1.32300000	      0.34864426	      0.39628544	      0.29674737	      0.35781579	      0.35154199	      0.38983074	      0.54470743	      0.20904122	      0.77241973
      1.32400000	      0.34864426	      0.33725540	      0.29674737	      0.35999681	      0.38730733	      0.38983074	      0.54470743	      0.20904122	      0.77241973
      1.32500000	      0.34864426	      0.38964890	      0.29674737	      0.36898387	      0.34404757	      0.38983074	      0.54470743	      0.20904122	      0.77241973
      1.32600000	      0.34864426	      0.39209984	      0.29674737	      0.34155296	      0.42675081	      0.38983074	      0.54470743	      0.20904122	      0.77241973
      1.32700000	      0.34864426	      0.36650935	      0.29674737	      0.33435937	      0.41121248	      0.38983074	      0.54470743	      0.20904122	      0.77241973
      1.32800000	      0.34864426	      0.37072818	      0.29674737	      0.34406648	      0.42478464	      0.38983074	      0.54470743	      0.20904122	      0.77241973
      1.32900000	      0.34864426	      0.38777094	      0.29674737	      0.38497529	      0.35515988	      0.38983074	      0.54470743	      0.20904122	      0.77241973
      1.33000000	      0.34864426	      0.37454383	      0.29674737	      0.35743433	      0.37832077	      0.38983074	      0.54470743	      0.20904122	      0.77241973
      1.33100000	      0.34864426	      0.39651487	      0.29674737	      0.34996040	      0.37549626	      0.38983074	      0.54470743	      0.20904122	      0.77241973
      1.33200000	      0.34864426	      0.35540571	      0.29674737	      0.38212174	      0.34193632	      0.38983074	      0.54470743	      0.20904122	      0.77241973
      1.33300000	      0.34864426	      0.37648107	      0.29674737	      0.36307905	      0.35454031	      0.38983074	      0.54470743	      0.20904122	      0.77241973
      1.33400000	      0.34864426	      0.36945559	      0.29674737	      0.33756153	      0.42675709	      0.38983074	      0.54470743	      0.20904122	      0.77241973
      1.33500000	      0.34864426	      0.39092613	      0.29674737	      0.31241465	      0.44366368	      0.38983074	      0.54470743	      0.20904122	      0.77241973
      1.33600000	      0.34864426	      0.33899591	      0.29674737	      0.34269706	      0.38646277	      0.38983074	      0.54470743	      0.20904122	      0.77241973
      1.33700000	      0.34864426	      0.38111032	      0.29674737	      0.37355970	      0.36116314	      0.38983074	      0.54470743	      0.20904122	      0.77241973
      1.33800000	      0.34864426	      0.36451027	      0.29674737	      0.35787067	      0.38510152	      0.38983074	      0.54470743	      0.20904122	      0.77241973
      1.33900000	      0.34864426	      0.34428948	      0.29674737	      0.34807130	      0.38941745	      0.38983074	      0.54470743	      0.20904122	      0.77241973
      1.34000000	      0.34864426	      0.35774182	      0.29674737	      0.37161724	      0.37588625	      0.38983074	      0.54470743	      0.20904122	      0.77241973
      1.34100000	      0.34864426	      0.34711466	      0.29674737	      0.37986049	      0.34668384	      0.38983074	      0.54470743	      0.20904122	      0.77241973
      1.34200000	      0.34864426	      0.38384674	      0.29674737	      0.32775722	      0.40981042	      0.38983074	      0.54470743	      0.20904122	      0.77241973
      1.34300000	      0.34864426	      0.33388944	      0.29674737	      0.33742311	      0.41681475	      0.38983074	      0.54470743	      0.20904122	      0.77241973
      1.34400000	      0.34864426	      0.38613750	      0.29674737	      0.35378087	      0.36024843	      0.38983074	      0.54470743	      0.20904122	      0.77241973
      1.34500000	      0.34864426	      0.35937339	      0.29674737	      0.36846049	      0.35298610	      0.38983074	      0.54470743	      0.20904122	      0.77241973
      1.34600000	      0.34864426	      0.33516301	      0.29674737	      0.34229216	      0.41492149	      0.38983074	      0.54470743	      0.20904122	      0.77241973
      1.34700000	      0.34864426	      0.34336120	      0.29674737	      0.36511549	      0.35707235	      0.38983074	      0.54470743	      0.20904122	      0.77241973
      1.34800000	      0.34864426	      0.35148815	      0.29674737	      0.35977237	      0.36005996	      0.38983074	      0.54470743	      0.20904122	      0.77241973
      1.34900000	      0.34864426	      0.39514790	      0.29674737	      0.34369254	      0.39468422	      0.38983074	      0.54470743	      0.20904122	      0.77241973
      1.35000000	      0.34864426	      0.39365543	      0.29674737	      0.33135868	      0.41797475	      0.38983074	      0.54470743	      0.20904122	      0.77241973
      1.35100000	      0.34864426	      0.36579852	      0.29674737	      0.34432288	      0.40933247	      0.38983074	      0.54470743	      0.20904122	      0.77241973
      1.35200000	      0.34864426	      0.39001415	      0.29674737	      0.36531119	      0.35984172	      0.38983074	      0.54470743	      0.20904122	      0.77241973
      1.35300000	      0.34864426	      0.37610034	      0.29674737	      0.36166578	      0.36688231	      0.38983074	      0.54470743	      0.20904122	      0.77241973
      1.35400000	      0.34864426	      0.39422402	      0.29674737	      0.32532882	      0.41634057	      0.38983074	      0.54470743	      0.20904122	      0.77241973
      1.35500000	      0.34864426	      0.33728261	      0.29674737	      0.32253859	      0.42139674	      0.38983074	      0.54470743	      0.20904122	      0.77241973
      1.35600000	      0.34864426	      0.33078194	      0.29674737	      0.33097321	      0.40342807	      0.38983074	      0.54470743	      0.20904122	      0.77241973
      1.35700000	      0.34864426	      0.35816909	      0.29674737	      0.31099509	      0.46668680	      0.38983074	      0.54470743	      0.20904122	      0.77241973
      1.35800000	      0.34864426	      0.38488807	      0.29674737	      0.38296507	      0.35633656	      0.38983074	      0.54470743	      0.20904122	      0.77241973
      1.35900000	      0.34864426	      0.35674598	      0.29674737	      0.36527003	      0.34818669	      0.38983074	      0.54470743	      0.20904122	      0.77241973
      1.36000000	      0.34864426	      0.39283106	      0.29674737	      0.35292768	      0.37396337	      0.38983074	      0.54470743	      0.20904122	      0.77241973
      1.36100000	      0.34864426	      0.33601729	      0.29674737	      0.37449130	      0.36152328	      0.38983074	      0.54470743	      0.20904122	      0.77241973
      1.36200000	      0.34864426	      0.34989580	      0.29674737	      0.32684316	      0.42602491	      0.38983074	      0.54470743	      0.20904122	      0.77241973
      1.36300000	      0.34864426	      0.33302091	      0.29674737	      0.32920197	      0.43713087	      0.38983074	      0.54470743	      0.20904122	      0.77241973
      1.36400000	      0.34864426	      0.34006806	      0.29674737	      0.34660167	      0.40003385	      0.38983074	      0.54470743	      0.20904122	      0.77241973
      1.36500000	      0.34864426	      0.37088832	      0.29674737	      0.35476027	      0.37640021	      0.38983074	      0.54470743	      0.20904122	      0.77241973
      1.36600000	      0.34864426	      0.39103226	      0.29674737	      0.35387351	      0.37554952	      0.38983074	      0.54470743	      0.20904122	      0.77241973
      1.36700000	      0.34864426	      0.38669153	      0.29674737	      0.36777053	      0.36445425	      0.38983074	      0.54470743	      0.20904122	      0.77241973
      1.36800000	      0.34864426	      0.34336628	      0.29674737	      0.36435782	      0.38238438	      0.38983074	      0.54470743	      0.20904122	      0.77241973
      1.36900000	      0.34864426	      0.37244842	      0.29674737	      0.36301403	      0.35539265	      0.38983074	      0.54470743	      0.20904122	      0.77241973
      1.37000000	      0.34864426	      0.34783896	      0.29674737	      0.36875063	      0.37764959	      0.38983074	      0.54470743	      0.20904122	      0.77241973
      1.37100000	      0.34864426	      0.38233100	      0.29674737	      0.31939433	      0.43522257	      0.38983074	      0.54470743	      0.20904122	      0.77241973
      1.37200000	      0.34864426	      0.36096141	      0.29674737	      0.33882955	      0.39303395	      0.38983074	      0.54470743	      0.20904122	      0.77241973
      1.37300000	      0.34864426	      0.38031542	      0.29674737	      0.35560674	      0.38175301	      0.38983074	      0.54470743	      0.20904122	      0.77241973
      1.37400000	      0.34864426	      0.36799412	      0.29674737	      0.33583258	      0.44051613	      0.38983074	      0.54470743	      0.20904122	      0.77241973
      1.37500000	      0.34864426	      0.35291762	      0.29674737	      0.37802446	      0.36318508	      0.38983074	      0.54470743	      0.20904122	      0.77241973
      1.37600000	      0.34864426	      0.39180179	      0.29674737	      0.32387136	      0.44833328	      0.38983074	      0.54470743	      0.20904122	      0.77241973
      1.37700000	      0.34864426	      0.33530337	      0.29674737	      0.36948194	      0.37142069	      0.38983074	      0.54470743	      0.20904122	      0.77241973
      1.37800000	      0.34864426	      0.34479592	      0.29674737	      0.35586004	      0.38906020	      0.38983074	      0.54470743	      0.20904122	      0.77241973
      1.37900000	      0.34864426	      0.36579751	      0.29674737	      0.36948599	      0.34699945	      0.38983074	      0.54470743	      0.20904122	      0.77241973
      1.38000000	      0.34864426	      0.34122702	      0.29674737	      0.34049453	      0.41160592	      0.38983074	      0.54470743	      0.20904122	      0.77241973
      1.38100000	      0.34864426	      0.35704372	      0.29674737	      0.32969901	      0.42136854	      0.38983074	      0.54470743	      0.20904122	      0.77241973
      1.38200000	      0.34864426	      0.38609431	      0.29674737	      0.35605644	      0.37788327	      0.38983074	      0.54470743	      0.20904122	      0.77241973
      1.38300000	      0.34864426	      0.38972229	      0.29674737	      0.35018799	      0.36590106	      0.38983074	      0.54470743	      0.20904122	      0.77241973
      1.38400000	      0.34864426	      0.34019600	      0.29674737	      0.35003965	      0.37481427	      0.38983074	      0.54470743	      0.20904122	      0.77241973
      1.38500000	      0.34864426	      0.32688187	      0.29674737	      0.35573213	      0.37100460	      0.38983074	      0.54470743	      0.20904122	      0.77241973
      1.38600000	      0.34864426	      0.37639111	      0.29674737	      0.33112015	      0.41992659	      0.38983074	      0.54470743	      0.20904122	      0.77241973
      1.38700000	      0.34864426	      0.36283829	      0.29674737	      0.33473426	      0.39760305	      0.38983074	      0.54470743	      0.20904122	      0.77241973
      1.38800000	      0.34864426	      0.32455735	      0.29674737	      0.36077941	      0.38293707	      0.38983074	      0.54470743	      0.20904122	      0.77241973
      1.38900000	      0.34864426	      0.38278100	      0.29674737	      0.38376562	      0.35059249	      0.38983074	      0.54470743	      0.20904122	      0.77241973
      1.39000000	      0.34864426	      0.34894788	      0.29674737	      0.32663340	      0.42595911	      0.38983074	      0.54470743	      0.20904122	      0.77241973
      1.39100000	      0.34864426	      0.36138273	      0.29674737	      0.34697712	      0.37627489	      0.38983074	      0.54470743	      0.20904122	      0.77241973
      1.39200000	      0.34864426	      0.37911956	      0.29674737	      0.35257216	      0.37773571	      0.38983074	      0.54470743	      0.20904122	      0.77241973
      1.39300000	      0.34864426	      0.35222067	      0.29674737	      0.31776420	      0.44000080	      0.38983074	      0.54470743	      0.20904122	      0.77241973
      1.39400000	      0.34864426	      0.37353282	      0.29674737	      0.34338840	      0.39525705	      0.38983074	      0.54470743	      0.20904122	      0.77241973
      1.39500000	      0.34864426	      0.37447537	      0.29674737	      0.38088586	      0.36053763	      0.38983074	      0.54470743	      0.20904122	      0.77241973
      1.39600000	      0.34864426	      0.38890016	      0.29674737	      0.32244367	      0.42262360	      0.38983074	      0.54470743	      0.20904122	      0.77241973
      1.39700000	      0.34864426	      0.35493404	      0.29674737	      0.33836077	      0.42793879	      0.38983074	      0.54470743	      0.20904122	      0.77241973
      1.39800000	      0.34864426	      0.33224704	      0.29674737	      0.33824421	      0.42663543	      0.38983074	      0.54470743	      0.20904122	      0.77241973
      1.39900000	      0.34864426	      0.33154747	      0.29674737	      0.32708520	      0.42686074	      0.38983074	      0.54470743	      0.20904122	      0.77241973
      1.40000000	      0.34864426	      0.36945737	      0.29674737	      0.38016896	      0.35287416	      0.38983074	      0.54470743	      0.20904122	      0.77241973
      1.40100000	      0.34864426	      0.37859125	      0.29674737	      0.31865890	      0.43118034	      0.38983074	      0.54470743	      0.20904122	      0.77241973
      1.40200000	      0.34864426	      0.38571672	      0.29674737	      0.36832911	      0.38080493	      0.38983074	      0.54470743	      0.20904122	      0.77241973
      1.40300000	      0.34864426	      0.32618455	      0.29674737	      0.32855625	      0.42970284	      0.38983074	      0.54470743	      0.20904122	      0.77241973
      1.40400000	      0.34864426	      0.33542603	      0.29674737	      0.36206441	      0.35888394	      0.38983074	      0.54470743	      0.20904122	      0.77241973
      1.40500000	      0.34864426	      0.34077638	      0.29674737	      0.38823532	      0.35384642	      0.38983074	      0.54470743	      0.20904122	      0.77241973
      1.40600000	      0.34864426	      0.34525559	      0.29674737	      0.32667570	      0.40797380	      0.38983074	      0.54470743	      0.20904122	      0.77241973
      1.40700000	      0.34864426	      0.36841941	      0.29674737	      0.34870458	      0.37992294	      0.38983074	      0.54470743	      0.20904122	      0.77241973
      1.40800000	      0.34864426	      0.35732452	      0.29674737	      0.35837424	      0.36768174	      0.38983074	      0.54470743	      0.20904122	      0.77241973
      1.40900000	      0.34864426	      0.32442541	      0.29674737	      0.35459062	      0.36880680	      0.38983074	      0.54470743	      0.20904122	      0.77241973
      1.41000000	      0.34864426	      0.36221855	      0.29674737	      0.32287249	      0.42623276	      0.38983074	      0.54470743	      0.20904122	      0.77241973
      1.41100000	      0.34864426	      0.34210680	      0.29674737	      0.34509449	      0.41273168	      0.38983074	      0.54470743	      0.20904122	      0.77241973
      1.41200000	      0.34864426	      0.32982086	      0.29674737	      0.37582546	      0.35469500	      0.38983074	      0.54470743	      0.20904122	      0.77241973
      1.41300000	      0.34864426	      0.37529280	      0.29674737	      0.32608053	      0.41960580	      0.38983074	      0.54470743	      0.20904122	      0.77241973
      1.41400000	      0.34864426	      0.38900461	      0.29674737	      0.34537253	      0.42019705	      0.38983074	      0.54470743	      0.20904122	      0.77241973
      1.41500000	      0.34864426	      0.33020756	      0.29674737	      0.33661554	      0.40183614	      0.38983074	      0.54470743	      0.20904122	      0.77241973
      1.41600000	      0.34864426	      0.34773864	      0.29674737	      0.34020789	      0.42015741	      0.38983074	      0.54470743	      0.20904122	      0.77241973
      1.41700000	      0.34864426	      0.38130766	      0.29674737	      0.35322097	      0.38780001	      0.38983074	      0.54470743	      0.20904122	      0.77241973
      1.41800000	      0.34864426	      0.37143995	      0.29674737	      0.35635143	      0.36186513	      0.38983074	      0.54470743	      0.20904122	      0.77241973
      1.41900000	      0.34864426	      0.36389870	      0.29674737	      0.32276547	      0.44104499	      0.38983074	      0.54470743	      0.20904122	      0.77241973
      1.42000000	      0.34864426	      0.38479226	      0.29674737	      0.34383180	      0.40087195	      0.38983074	      0.54470743	      0.20904122	      0.77241973
      1.42100000	      0.34864426	      0.32167476	      0.29674737	      0.35777780	      0.38131106	      0.38983074	      0.54470743	      0.20904122	      0.77241973
      1.42200000	      0.34864426	      0.35628686	      0.29674737	      0.34900655	      0.38264427	      0.38983074	      0.54470743	      0.20904122	      0.77241973
      1.42300000	      0.34864426	      0.35315259	      0.29674737	      0.32864922	      0.43183517	      0.38983074	      0.54470743	      0.20904122	      0.77241973
      1.42400000	      0.34864426	      0.33776850	      0.29674737	      0.35230003	      0.37752068	      0.38983074	      0.54470743	      0.20904122	      0.77241973
      1.42500000	      0.34864426	      0.36964353	      0.29674737	      0.31302958	      0.45029604	      0.38983074	      0.54470743	      0.20904122	      0.77241973
      1.42600000	      0.34864426	      0.33546316	      0.29674737	      0.34868161	      0.40886846	      0.38983074	      0.54470743	      0.20904122	      0.77241973
      1.42700000	      0.34864426	      0.35481638	      0.29674737	      0.37664364	      0.35469231	      0.38983074	      0.54470743	      0.20904122	      0.77241973
      1.42800000	      0.34864426	      0.35349199	      0.29674737	      0.32483245	      0.41920566	      0.38983074	      0.54470743	      0.20904122	      0.77241973
      1.42900000	      0.34864426	      0.31892514	      0.29674737	      0.32562062	      0.42072046	      0.38983074	      0.54470743	      0.20904122	      0.77241973
      1.43000000	      0.34864426	      0.31980029	      0.29674737	      0.33086829	      0.41659748	      0.38983074	      0.54470743	      0.20904122	      0.77241973
      1.43100000	      0.34864426	      0.35847126	      0.29674737	      0.32864069	      0.43072439	      0.38983074	      0.54470743	      0.20904122	      0.77241973
      1.43200000	      0.34864426	      0.34706361	      0.29674737	      0.33970557	      0.40844162	      0.38983074	      0.54470743	      0.20904122	      0.77241973
      1.43300000	      0.34864426	      0.37070486	      0.29674737	      0.34526368	      0.41255425	      0.38983074	      0.54470743	      0.20904122	      0.77241973
      1.43400000	      0.34864426	      0.38312365	      0.29674737	      0.35180712	      0.37841081	      0.38983074	      0.54470743	      0.20904122	      0.77241973
      1.43500000	      0.34864426	      0.32861177	      0.29674737	      0.31969908	      0.44274705	      0.38983074	      0.54470743	      0.20904122	      0.77241973
      1.43600000	      0.34864426	      0.31514974	      0.29674737	      0.34093333	      0.38312204	      0.38983074	      0.54470743	      0.20904122	      0.77241973
      1.43700000	      0.34864426	      0.36358851	      0.29674737	      0.35497229	      0.36209966	      0.38983074	      0.54470743	      0.20904122	      0.77241973
      1.43800000	      0.34864426	      0.33250258	      0.29674737	      0.34177127	      0.40506118	      0.38983074	      0.54470743	      0.20904122	      0.77241973
      1.43900000	      0.34864426	      0.33989909	      0.29674737	      0.37474408	      0.36214190	      0.38983074	      0.54470743	      0.20904122	      0.77241973
      1.44000000	      0.34864426	      0.33627746	      0.29674737	      0.32536833	      0.43308565	      0.38983074	      0.54470743	      0.20904122	      0.77241973
      1.44100000	      0.34864426	      0.38127896	      0.29674737	      0.34138857	      0.38855160	      0.38983074	      0.54470743	      0.20904122	      0.77241973
      1.44200000	      0.34864426	      0.37846978	      0.29674737	      0.34874571	      0.41088853	      0.38983074	      0.54470743	      0.20904122	      0.77241973
      1.44300000	      0.34864426	      0.32525927	      0.29674737	      0.33724256	      0.39548842	      0.38983074	      0.54470743	      0.20904122	      0.77241973
      1.44400000	      0.34864426	      0.36016779	      0.29674737	      0.30944422	      0.45613907	      0.38983074	      0.54470743	      0.20904122	      0.77241973
      1.44500000	      0.34864426	      0.32377589	      0.29674737	      0.35484943	      0.38147147	      0.38983074	      0.54470743	      0.20904122	      0.77241973
      1.44600000	      0.34864426	      0.37653081	      0.29674737	      0.35575852	      0.38641061	      0.38983074	      0.54470743	      0.20904122	      0.77241973
      1.44700000	      0.34864426	      0.34278965	      0.29674737	      0.33956240	      0.37768858	      0.38983074	      0.54470743	      0.20904122	      0.77241973
      1.44800000	      0.34864426	      0.37252212	      0.29674737	      0.38085305	      0.35760442	      0.38983074	      0.54470743	      0.20904122	      0.77241973
      1.44900000	      0.34864426	      0.36842939	      0.29674737	      0.35105595	      0.37704967	      0.38983074	      0.54470743	      0.20904122	      0.77241973
      1.45000000	      0.34864426	      0.34797005	      0.29674737	      0.32247115	      0.45003295	      0.38983074	      0.54470743	      0.20904122	      0.77241973
      1.45100000	      0.34864426	      0.33789096	      0.29674737	      0.32827300	      0.45484575	      0.38983074	      0.54470743	      0.20904122	      0.77241973
      1.45200000	      0.34864426	      0.33046464	      0.29674737	      0.33464814	      0.41021984	      0.38983074	      0.54470743	      0.20904122	      0.77241973
      1.45300000	      0.34864426	      0.34108664	      0.29674737	      0.36927954	      0.34993933	      0.38983074	      0.54470743	      0.20904122	      0.77241973
      1.45400000	      0.34864426	      0.36351768	      0.29674737	      0.35355537	      0.37213537	      0.38983074	      0.54470743	      0.20904122	      0.77241973
      1.45500000	      0.34864426	      0.37271667	      0.29674737	      0.33099319	      0.41933610	      0.38983074	      0.54470743	      0.20904122	      0.77241973
      1.45600000	      0.34864426	      0.35494895	      0.29674737	      0.32956363	      0.40983761	      0.38983074	      0.54470743	      0.20904122	      0.77241973
      1.45700000	      0.34864426	      0.34659659	      0.29674737	      0.33520407	      0.44749940	      0.38983074	      0.54470743	      0.20904122	      0.77241973
      1.45800000	      0.34864426	      0.33823431	      0.29674737	      0.32057209	      0.44220011	      0.38983074	      0.54470743	      0.20904122	      0.77241973
      1.45900000	      0.34864426	      0.33408198	      0.29674737	      0.33686782	      0.40391431	      0.38983074	      0.54470743	      0.20904122	      0.77241973
      1.46000000	      0.34864426	      0.36164579	      0.29674737	      0.34774557	      0.38197338	      0.38983074	      0.54470743	      0.20904122	      0.77241973
      1.46100000	      0.34864426	      0.37731308	      0.29674737	      0.32555005	      0.42514432	      0.38983074	      0.54470743	      0.20904122	      0.77241973
      1.46200000	      0.34864426	      0.37595255	      0.29674737	      0.30985341	      0.46121895	      0.38983074	      0.54470743	      0.20904122	      0.77241973
      1.46300000	      0.34864426	      0.35049921	      0.29674737	      0.32839171	      0.43429108	      0.38983074	      0.54470743	      0.20904122	      0.77241973
      1.46400000	      0.34864426	      0.32609984	      0.29674737	      0.35511754	      0.37947209	      0.38983074	      0.54470743	      0.20904122	      0.77241973
      1.46500000	      0.34864426	      0.36687862	      0.29674737	      0.37270673	      0.36187551	      0.38983074	      0.54470743	      0.20904122	      0.77241973
      1.46600000	      0.34864426	      0.31576799	      0.29674737	      0.36708657	      0.35114742	      0.38983074	      0.54470743	      0.20904122	      0.77241973
      1.46700000	      0.34864426	      0.32172299	      0.29674737	      0.33760579	      0.40753606	      0.38983074	      0.54470743	      0.20904122	      0.77241973
      1.46800000	      0.34864426	      0.32798180	      0.29674737	      0.35798925	      0.37182494	      0.38983074	      0.54470743	      0.20904122	      0.77241973
      1.46900000	      0.34864426	      0.31793614	      0.29674737	      0.34196111	      0.38619356	      0.38983074	      0.54470743	      0.20904122	      0.77241973
      1.47000000	      0.34864426	      0.36923706	      0.29674737	      0.32837840	      0.43340224	      0.38983074	      0.54470743	      0.20904122	      0.77241973
      1.47100000	      0.34864426	      0.31325270	      0.29674737	      0.34365771	      0.40274325	      0.38983074	      0.54470743	      0.20904122	      0.77241973
      1.47200000	      0.34864426	      0.34923627	      0.29674737	      0.37540945	      0.36454499	      0.38983074	      0.54470743	      0.20904122	      0.77241973
      1.47300000	      0.34864426	      0.32304718	      0.29674737	      0.34619669	      0.41618360	      0.38983074	      0.54470743	      0.20904122	      0.77241973
      1.47400000	      0.34864426	      0.31191048	      0.29674737	      0.35670583	      0.38490888	      0.38983074	      0.54470743	      0.20904122	      0.77241973
      1.47500000	      0.34864426	      0.35834530	      0.29674737	      0.31947917	      0.43356104	      0.38983074	      0.54470743	      0.20904122	      0.77241973
      1.47600000	      0.34864426	      0.36872487	      0.29674737	      0.32980866	      0.42947449	      0.38983074	      0.54470743	      0.20904122	      0.77241973
      1.47700000	      0.34864426	      0.35352349	      0.29674737	      0.34148856	      0.38714235	      0.38983074	      0.54470743	      0.20904122	      0.77241973
      1.47800000	      0.34864426	      0.33689845	      0.29674737	      0.35217475	      0.39606961	      0.38983074	      0.54470743	      0.20904122	      0.77241973
      1.47900000	      0.34864426	      0.34886673	      0.29674737	      0.35302044	      0.36803589	      0.38983074	      0.54470743	      0.20904122	      0.77241973
      1.48000000	      0.34864426	      0.33819540	      0.29674737	      0.34150363	      0.39946996	      0.38983074	      0.54470743	      0.20904122	      0.77241973
      1.48100000	      0.34864426	      0.34600019	      0.29674737	      0.32507195	      0.43021631	      0.38983074	      0.54470743	      0.20904122	      0.77241973
      1.48200000	      0.34864426	      0.31398605	      0.29674737	      0.33199771	      0.41818726	      0.38983074	      0.54470743	      0.20904122	      0.77241973
      1.48300000	      0.34864426	      0.30700919	      0.29674737	      0.35483994	      0.38456557	      0.38983074	      0.54470743	      0.20904122	      0.77241973
      1.48400000	      0.34864426	      0.31968041	      0.29674737	      0.33859947	      0.42616286	      0.38983074	      0.54470743	      0.20904122	      0.77241973
      1.48500000	      0.34864426	      0.35025817	      0.29674737	      0.33801456	      0.43618764	      0.38983074	      0.54470743	      0.20904122	      0.77241973
      1.48600000	      0.34864426	      0.32426459	      0.29674737	      0.33004500	      0.40736749	      0.38983074	      0.54470743	      0.20904122	      0.77241973
      1.48700000	      0.34864426	      0.32901260	      0.29674737	      0.32902047	      0.43577026	      0.38983074	      0.54470743	      0.20904122	      0.77241973
      1.48800000	      0.34864426	      0.31292034	      0.29674737	      0.34442813	      0.37936509	      0.38983074	      0.54470743	      0.20904122	      0.77241973
      1.48900000	      0.34864426	      0.36223729	      0.29674737	      0.36577436	      0.35862397	      0.38983074	      0.54470743	      0.20904122	      0.77241973
      1.49000000	      0.34864426	      0.35953474	      0.29674737	      0.37131119	      0.35706351	      0.38983074	      0.54470743	      0.20904122	      0.77241973
      1.49100000	      0.34864426	      0.34059784	      0.29674737	      0.32442543	      0.43306940	      0.38983074	      0.54470743	      0.20904122	      0.77241973
      1.49200000	      0.34864426	      0.33356649	      0.29674737	      0.36691895	      0.36859756	      0.38983074	      0.54470743	      0.20904122	      0.77241973
      1.49300000	      0.34864426	      0.37206982	      0.29674737	      0.32448339	      0.42172777	      0.38983074	      0.54470743	      0.20904122	      0.77241973
      1.49400000	      0.34864426	      0.32633119	      0.29674737	      0.33900471	      0.37773473	      0.38983074	      0.54470743	      0.20904122	      0.77241973
      1.49500000	      0.34864426	      0.31722443	      0.29674737	      0.34656019	      0.41630406	      0.38983074	      0.54470743	      0.20904122	      0.77241973
      1.49600000	      0.34864426	      0.30940233	      0.29674737	      0.30781562	      0.46875537	      0.38983074	      0.54470743	      0.20904122	      0.77241973
      1.49700000	      0.34864426	      0.32352021	      0.29674737	      0.35960042	      0.37548373	      0.38983074	      0.54470743	      0.20904122	      0.77241973
      1.49800000	      0.34864426	      0.30499404	      0.29674737	      0.30955920	      0.47143884	      0.38983074	      0.54470743	      0.20904122	      0.77241973
      1.49900000	      0.34864426	      0.36725542	      0.29674737	      0.34421564	      0.38922259	      0.38983074	      0.54470743	      0.20904122	      0.77241973
      1.50000000	      0.34864426	      0.35655427	      0.29674737	      0.32226448	      0.44179997	      0.38983074	      0.54470743	      0.20904122	      0.77241973
      1.50100000	      0.34864426	      0.32547214	      0.29674737	      0.32332544	      0.45564399	      0.38983074	      0.54470743	      0.20904122	      0.77241973
      1.50200000	      0.34864426	      0.33383134	      0.29674737	      0.35678836	      0.37320590	      0.38983074	      0.54470743	      0.20904122	      0.77241973
      1.50300000	      0.34864426	      0.31977622	      0.29674737	      0.35392712	      0.37521250	      0.38983074	      0.54470743	      0.20904122	      0.77241973
      1.50400000	      0.34864426	      0.33894586	      0.29674737	      0.31887757	      0.47254957	      0.38983074	      0.54470743	      0.20904122	      0.77241973
      1.50500000	      0.34864426	      0.30203790	      0.29674737	      0.34476524	      0.40216926	      0.38983074	      0.54470743	      0.20904122	      0.77241973
      1.50600000	      0.34864426	      0.30061700	      0.29674737	      0.31391213	      0.45578755	      0.38983074	      0.54470743	      0.20904122	      0.77241973
      1.50700000	      0.34864426	      0.31525210	      0.29674737	      0.33035184	      0.42185572	      0.38983074	      0.54470743	      0.20904122	      0.77241973
      1.50800000	      0.34864426	      0.35425877	      0.29674737	      0.34490672	      0.41208668	      0.38983074	      0.54470743	      0.20904122	      0.77241973
      1.50900000	      0.34864426	      0.36467065	      0.29674737	      0.33154437	      0.42916827	      0.38983074	      0.54470743	      0.20904122	      0.77241973
      1.51000000	      0.34864426	      0.31189303	      0.29674737	      0.35424847	      0.36570549	      0.38983074	      0.54470743	      0.20904122	      0.77241973
      1.51100000	      0.34864426	      0.32381075	      0.29674737	      0.35658928	      0.38425893	      0.38983074	      0.54470743	      0.20904122	      0.77241973
      1.51200000	      0.34864426	      0.34374488	      0.29674737	      0.33181791	      0.40512465	      0.38983074	      0.54470743	      0.20904122	      0.77241973
      1.51300000	      0.34864426	      0.34896016	      0.29674737	      0.34120616	      0.41613058	      0.38983074	      0.54470743	      0.20904122	      0.77241973
      1.51400000	      0.34864426	      0.35226261	      0.29674737	      0.31940233	      0.43542018	      0.38983074	      0.54470743	      0.20904122	      0.77241973
      1.51500000	      0.34864426	      0.30689956	      0.29674737	      0.33275979	      0.41441598	      0.38983074	      0.54470743	      0.20904122	      0.77241973
      1.51600000	      0.34864426	      0.31014939	      0.29674737	      0.34095881	      0.41225462	      0.38983074	      0.54470743	      0.20904122	      0.77241973
      1.51700000	      0.34864426	      0.36116660	      0.29674737	      0.33677723	      0.39037521	      0.38983074	      0.54470743	      0.20904122	      0.77241973
      1.51800000	      0.34864426	      0.34015883	      0.29674737	      0.34478624	      0.38715693	      0.38983074	      0.54470743	      0.20904122	      0.77241973
      1.51900000	      0.34864426	      0.32201543	      0.29674737	      0.35952145	      0.35936103	      0.38983074	      0.54470743	      0.20904122	      0.77241973
      1.52000000	      0.34864426	      0.32915690	      0.29674737	      0.35661108	      0.36248451	      0.38983074	      0.54470743	      0.20904122	      0.77241973
      1.52100000	      0.34864426	      0.35840539	      0.29674737	      0.31690347	      0.43576096	      0.38983074	      0.54470743	      0.20904122	      0.77241973
      1.52200000	      0.34864426	      0.31391174	      0.29674737	      0.31164524	      0.45603278	      0.38983074	      0.54470743	      0.20904122	      0.77241973
      1.52300000	      0.34864426	      0.34537659	      0.29674737	      0.35556096	      0.38216890	      0.38983074	      0.54470743	      0.20904122	      0.77241973
      1.52400000	      0.34864426	      0.33214912	      0.29674737	      0.35092252	      0.39381376	      0.38983074	      0.54470743	      0.20904122	      0.77241973
      1.52500000	      0.34864426	      0.30441343	      0.29674737	      0.31857602	      0.45307384	      0.38983074	      0.54470743	      0.20904122	      0.77241973
      1.52600000	      0.34864426	      0.35704579	      0.29674737	      0.32666852	      0.42641129	      0.38983074	      0.54470743	      0.20904122	      0.77241973
      1.52700000	      0.34864426	      0.33420206	      0.29674737	      0.33306369	      0.41012645	      0.38983074	      0.54470743	      0.20904122	      0.77241973
      1.52800000	      0.34864426	      0.31196270	      0.29674737	      0.35312410	      0.37194054	      0.38983074	      0.54470743	      0.20904122	      0.77241973
      1.52900000	      0.34864426	      0.31766643	      0.29674737	      0.32364543	      0.41655316	      0.38983074	      0.54470743	      0.20904122	      0.77241973
      1.53000000	      0.34864426	      0.34702088	      0.29674737	      0.34852875	      0.38333915	      0.38983074	      0.54470743	      0.20904122	      0.77241973
      1.53100000	      0.34864426	      0.33644713	      0.29674737	      0.37416511	      0.35591807	      0.38983074	      0.54470743	      0.20904122	      0.77241973
      1.53200000	      0.34864426	      0.29815725	      0.29674737	      0.34770180	      0.37481044	      0.38983074	      0.54470743	      0.20904122	      0.77241973
      1.53300000	      0.34864426	      0.31006236	      0.29674737	      0.32942048	      0.43667978	      0.38983074	      0.54470743	      0.20904122	      0.77241973
      1.53400000	      0.34864426	      0.32750356	      0.29674737	      0.34902705	      0.40885420	      0.38983074	      0.54470743	      0.20904122	      0.77241973
      1.53500000	      0.34864426	      0.30795343	      0.29674737	      0.31985036	      0.43064519	      0.38983074	      0.54470743	      0.20904122	      0.77241973
      1.53600000	      0.34864426	      0.33855692	      0.29674737	      0.32038663	      0.44172496	      0.38983074	      0.54470743	      0.20904122	      0.77241973
      1.53700000	      0.34864426	      0.29915028	      0.29674737	      0.35701892	      0.37632136	      0.38983074	      0.54470743	      0.20904122	      0.77241973
      1.53800000	      0.34864426	      0.34533162	      0.29674737	      0.35241563	      0.38337666	      0.38983074	      0.54470743	      0.20904122	      0.77241973
      1.53900000	      0.34864426	      0.32414796	      0.29674737	      0.32569579	      0.41035043	      0.38983074	      0.54470743	      0.20904122	      0.77241973
      1.54000000	      0.34864426	      0.35217731	      0.29674737	      0.30513900	      0.47332008	      0.38983074	      0.54470743	      0.20904122	      0.77241973
      1.54100000	      0.34864426	      0.30622122	      0.29674737	      0.32968115	      0.44382970	      0.38983074	      0.54470743	      0.20904122	      0.77241973
      1.54200000	      0.34864426	      0.31414925	      0.29674737	      0.32130517	      0.44270721	      0.38983074	      0.54470743	      0.20904122	      0.77241973
      1.54300000	      0.34864426	      0.30281230	      0.29674737	      0.32034419	      0.44678773	      0.38983074	      0.54470743	      0.20904122	      0.77241973
      1.54400000	      0.34864426	      0.34059595	      0.29674737	      0.31853494	      0.43851260	      0.38983074	      0.54470743	      0.20904122	      0.77241973
      1.54500000	      0.34864426	      0.30471920	      0.29674737	      0.34108480	      0.38308728	      0.38983074	      0.54470743	      0.20904122	      0.77241973
      1.54600000	      0.34864426	      0.31972798	      0.29674737	      0.32818297	      0.43039069	      0.38983074	      0.54470743	      0.20904122	      0.77241973
      1.54700000	      0.34864426	      0.29522336	      0.29674737	      0.32195389	      0.46339851	      0.38983074	      0.54470743	      0.20904122	      0.77241973
      1.54800000	      0.34864426	      0.33111068	      0.29674737	      0.34590780	      0.41015397	      0.38983074	      0.54470743	      0.20904122	      0.77241973
      1.54900000	      0.34864426	      0.32373578	      0.29674737	      0.34934732	      0.40025947	      0.38983074	      0.54470743	      0.20904122	      0.77241973
      1.55000000	      0.34864426	      0.35379625	      0.29674737	      0.36502442	      0.36352700	      0.38983074	      0.54470743	      0.20904122	      0.77241973
      1.55100000	      0.34864426	      0.32472840	      0.29674737	      0.34665003	      0.40618715	      0.38983074	      0.54470743	      0.20904122	      0.77241973
      1.55200000	      0.34864426	      0.30452352	      0.29674737	      0.35217397	      0.38148385	      0.38983074	      0.54470743	      0.20904122	      0.77241973
      1.55300000	      0.34864426	      0.29694668	      0.29674737	      0.34053282	      0.40542893	      0.38983074	      0.54470743	      0.20904122	      0.77241973
      1.55400000	      0.34864426	      0.32096153	      0.29674737	      0.36212690	      0.35808856	      0.38983074	      0.54470743	      0.20904122	      0.77241973
      1.55500000	      0.34864426	      0.32958441	      0.29674737	      0.31512683	      0.44063337	      0.38983074	      0.54470743	      0.20904122	      0.77241973
      1.55600000	      0.34864426	      0.30770379	      0.29674737	      0.33758749	      0.41898804	      0.38983074	      0.54470743	      0.20904122	      0.77241973
      1.55700000	      0.34864426	      0.31619219	      0.29674737	      0.37054645	      0.37386546	      0.38983074	      0.54470743	      0.20904122	      0.77241973
      1.55800000	      0.34864426	      0.33518090	      0.29674737	      0.31808131	      0.45619611	      0.38983074	      0.54470743	      0.20904122	      0.77241973
      1.55900000	      0.34864426	      0.33066234	      0.29674737	      0.32879686	      0.44828302	      0.38983074	      0.54470743	      0.20904122	      0.77241973
      1.56000000	      0.34864426	      0.34341017	      0.29674737	      0.32458738	      0.43312929	      0.38983074	      0.54470743	      0.20904122	      0.77241973
      1.56100000	      0.34864426	      0.29504782	      0.29674737	      0.34593690	      0.39663971	      0.38983074	      0.54470743	      0.20904122	      0.77241973
      1.56200000	      0.34864426	      0.29117715	      0.29674737	      0.32074184	      0.43490369	      0.38983074	      0.54470743	      0.20904122	      0.77241973
      1.56300000	      0.34864426	      0.30030750	      0.29674737	      0.33364802	      0.39519673	      0.38983074	      0.54470743	      0.20904122	      0.77241973
      1.56400000	      0.34864426	      0.30208670	      0.29674737	      0.31755796	      0.44854580	      0.38983074	      0.54470743	      0.20904122	      0.77241973
      1.56500000	      0.34864426	      0.31840489	      0.29674737	      0.35435130	      0.37062892	      0.38983074	      0.54470743	      0.20904122	      0.77241973
      1.56600000	      0.34864426	      0.31392964	      0.29674737	      0.32029042	      0.44213457	      0.38983074	      0.54470743	      0.20904122	      0.77241973
      1.56700000	      0.34864426	      0.31206309	      0.29674737	      0.33141291	      0.39519323	      0.38983074	      0.54470743	      0.20904122	      0.77241973
      1.56800000	      0.34864426	      0.29763831	      0.29674737	      0.32847396	      0.41564795	      0.38983074	      0.54470743	      0.20904122	      0.77241973
      1.56900000	      0.34864426	      0.32721691	      0.29674737	      0.30538708	      0.48983708	      0.38983074	      0.54470743	      0.20904122	      0.77241973
      1.57000000	      0.34864426	      0.30862540	      0.29674737	      0.33320684	      0.42923939	      0.38983074	      0.54470743	      0.20904122	      0.77241973
      1.57100000	      0.34864426	      0.29307726	      0.29674737	      0.32349326	      0.45284459	      0.38983074	      0.54470743	      0.20904122	      0.77241973
      1.57200000	      0.34864426	      0.33773602	      0.29674737	      0.34409473	      0.38627822	      0.38983074	      0.54470743	      0.20904122	      0.77241973
      1.57300000	      0.34864426	      0.34468817	      0.29674737	      0.31415915	      0.44930710	      0.38983074	      0.54470743	      0.20904122	      0.77241973
      1.57400000	      0.34864426	      0.34092763	      0.29674737	      0.33870107	      0.40341000	      0.38983074	      0.54470743	      0.20904122	      0.77241973
      1.57500000	      0.34864426	      0.34990558	      0.29674737	      0.35165072	      0.37391969	      0.38983074	      0.54470743	      0.20904122	      0.77241973
